90s,Age,Born,Comp,CrdR,CrdY,Gls,Ast,MP_playing_time,Min_playing_time,Nation,PK,Pos,Starts_playing_time,PKatt_shooting,Player,Squad,position_group,tm_player_id,market_value_in_eur,log_market_value,age_precise
11.5,36.0,1987.0,fr Ligue 1,0,2,0,0,16,1033,ma MAR,0,DF,11,0,Yunis Abdelhamid,Saint-Étienne,DEF,199704.0,400000.0,12.899222326086994,37.2621492128679
31.6,24.0,1999.0,fr Ligue 1,0,4,6,1,32,2842,dz ALG,3,"MF,FW",32,4,Himad Abdelli,Angers,MID,592979.0,7000000.0,15.76142084987672,25.125256673511295
9.5,25.0,1999.0,fr Ligue 1,0,2,0,0,12,855,eg EGY,0,DF,10,0,Mohamed Abdelmoneim,Nice,DEF,566025.0,4000000.0,15.201805169084134,25.916495550992472
15.5,30.0,1993.0,fr Ligue 1,0,2,5,2,25,1393,tn TUN,0,"DF,MF",17,0,Ali Abdi,Nice,DEF,211474.0,3000000.0,14.914123179965662,31.033538672142367
30.8,21.0,2003.0,fr Ligue 1,0,3,9,2,34,2768,fr FRA,1,FW,33,1,Matthis Abline,Nantes,FWD,659543.0,18000000.0,16.705882371415992,21.765913757700204
12.1,24.0,2000.0,fr Ligue 1,0,1,1,1,19,1090,br BRA,0,DF,12,0,Abner,Lyon,DEF,646402.0,7000000.0,15.76142084987672,24.59958932238193
21.1,24.0,2000.0,fr Ligue 1,0,4,7,2,26,1901,ma MAR,1,"MF,FW",22,2,Zakaria Aboukhlal,Toulouse,MID,393238.0,12000000.0,16.300417291085605,24.870636550308006
27.4,25.0,1999.0,es La Liga,0,13,0,1,29,2463,ma MAR,0,DF,29,0,Abdel Abqar,Alavés,DEF,559979.0,7500000.0,15.830413711839864,25.815195071868583
13.1,26.0,1997.0,it Serie A,0,1,3,4,28,1183,eng ENG,1,FW,12,2,Tammy Abraham,Milan,FWD,331726.0,15000000.0,16.52356082573315,27.249828884325805
19.0,36.0,1988.0,it Serie A,0,0,0,1,23,1710,it ITA,0,DF,20,0,Francesco Acerbi,Inter,DEF,131075.0,3000000.0,14.914123179965662,36.89253935660506
11.9,24.0,2000.0,fr Ligue 1,0,2,3,1,15,1075,ng NGA,0,FW,13,0,Akor Adams,Montpellier,FWD,607034.0,5000000.0,15.424948670398354,24.92539356605065
29.5,28.0,1996.0,it Serie A,0,2,9,3,36,2652,sct SCO,0,FW,30,1,Che Adams,Torino,FWD,346779.0,15000000.0,16.52356082573315,28.470910335386723
21.8,25.0,1999.0,eng Premier League,0,7,0,3,28,1965,us USA,0,MF,21,0,Tyler Adams,Bournemouth,MID,332705.0,18000000.0,16.705882371415992,25.880903490759753
17.2,23.0,2001.0,de Bundesliga,1,5,2,2,25,1545,at AUT,0,FW,19,0,Junior Adamu,Freiburg,FWD,452477.0,5000000.0,15.424948670398354,23.572895277207394
15.7,26.0,1997.0,eng Premier League,0,4,1,1,22,1409,eng ENG,0,DF,15,0,Tosin Adarabioyo,Chelsea,DEF,258878.0,20000000.0,16.811242881518265,27.27173169062286
15.9,22.0,2002.0,de Bundesliga,0,4,7,6,25,1433,de GER,0,"FW,MF",17,0,Karim Adeyemi,Dortmund,FWD,496094.0,45000000.0,17.622173069956816,22.954140999315538
12.2,22.0,2002.0,eng Premier League,0,0,2,2,29,1097,ci CIV,0,"FW,MF",12,0,Simon Adingra,Brighton,FWD,658536.0,28000000.0,17.147715103853763,23.000684462696782
8.5,24.0,2000.0,de Bundesliga,0,3,2,0,20,766,ma MAR,0,"MF,FW",6,0,Amine Adli,Leverkusen,MID,532776.0,18000000.0,16.705882371415992,24.646132785763175
13.5,24.0,2000.0,it Serie A,1,3,4,6,25,1219,fr FRA,0,MF,14,0,Yacine Adli,Fiorentina,MID,395236.0,11000000.0,16.213405921671733,24.427104722792606
8.0,27.0,1997.0,it Serie A,0,2,0,0,14,724,ch SUI,0,MF,9,0,Michel Aebischer,Bologna,MID,237658.0,7500000.0,15.830413711839864,27.98631074606434
15.7,27.0,1997.0,eng Premier League,0,3,1,0,16,1410,ci CIV,0,DF,16,0,Emmanuel Agbadou,Wolves,DEF,683895.0,20000000.0,16.811242881518265,27.54277891854894
14.0,27.0,1997.0,fr Ligue 1,0,3,0,0,14,1260,ci CIV,0,DF,14,0,Emmanuel Agbadou,Reims,DEF,683895.0,20000000.0,16.811242881518265,27.54277891854894
3.3,18.0,2005.0,fr Ligue 1,0,1,1,0,8,300,se SWE,0,"FW,MF",1,0,Jeremy Agbonifo,Lens,FWD,1057820.0,5000000.0,15.424948670398354,19.189596167008897
13.4,23.0,2000.0,es La Liga,1,1,0,0,14,1206,es ESP,0,GK,14,0,Julen Agirrezabala,Athletic Club,GK,625014.0,15000000.0,16.52356082573315,24.016427104722794
23.5,22.0,2002.0,es La Liga,1,5,1,3,35,2114,fr FRA,0,MF,24,0,Lucien Agoume,Sevilla,MID,569384.0,8000000.0,15.894952224644102,22.89390828199863
19.5,24.0,1999.0,de Bundesliga,0,1,3,0,22,1751,ng NGA,0,DF,21,0,Felix Agu,Werder Bremen,DEF,393512.0,8000000.0,15.894952224644102,25.26488706365503
19.6,28.0,1996.0,es La Liga,0,5,0,0,21,1760,ma MAR,0,DF,21,0,Nayef Aguerd,Real Sociedad,DEF,361914.0,18000000.0,16.705882371415992,28.758384668035593
12.5,31.0,1993.0,fr Ligue 1,0,4,1,2,16,1124,fr FRA,0,"DF,MF",13,0,Ruben Aguilar,Lens,DEF,203746.0,3500000.0,15.068273812173887,31.685147159479808
3.0,16.0,2008.0,it Serie A,0,0,0,0,6,270,it ITA,0,"DF,MF",3,0,Honest Ahanor,Genoa,DEF,1077175.0,5000000.0,15.424948670398354,16.856947296372347
21.8,30.0,1994.0,fr Ligue 1,0,7,2,0,26,1959,ci CIV,0,MF,26,0,Jean-Eudes Aholou,Angers,MID,178313.0,800000.0,13.592368256649284,30.78713210130048
6.5,28.0,1995.0,es La Liga,0,0,0,0,8,583,gh GHA,0,DF,6,0,Joseph Aidoo,Valladolid,DEF,358250.0,1200000.0,13.997832948091215,29.259411362080765
33.3,27.0,1996.0,eng Premier League,0,5,2,1,35,2995,ng NGA,0,DF,35,0,Ola Aina,Nott'ham Forest,DEF,236490.0,22000000.0,16.906553056777135,28.23271731690623
34.5,23.0,2001.0,eng Premier League,1,7,4,7,37,3109,dz ALG,0,DF,37,0,Rayan Aït-Nouri,Wolves,DEF,578391.0,35000000.0,17.370858648025116,23.572895277207394
16.0,26.0,1998.0,eng Premier League,0,5,0,0,24,1438,no NOR,0,DF,17,0,Kristoffer Ajer,Brentford,DEF,328658.0,18000000.0,16.705882371415992,26.71047227926078
27.7,30.0,1994.0,fr Ligue 1,0,5,13,2,31,2495,fr FRA,0,FW,29,1,Ludovic Ajorque,Brest,FWD,283994.0,4000000.0,15.201805169084134,30.850102669404517
22.4,29.0,1995.0,eng Premier League,0,3,0,0,26,2014,ch SUI,0,DF,23,0,Manuel Akanji,Manchester City,DEF,284730.0,28000000.0,17.147715103853763,29.456536618754278
5.6,20.0,2003.0,fr Ligue 1,0,2,0,0,9,500,ro ROU,0,DF,6,0,Ümit Akdag,Toulouse,DEF,958647.0,600000.0,13.304686600863562,21.240246406570844
7.5,29.0,1995.0,eng Premier League,0,0,0,0,10,678,nl NED,0,DF,8,0,Nathan Aké,Manchester City,DEF,177476.0,25000000.0,17.034386422832473,29.869952087611225
6.5,20.0,2004.0,es La Liga,0,1,1,0,11,584,ma MAR,0,"MF,FW",7,0,Ilias Akhomach,Villarreal,MID,709969.0,15000000.0,16.52356082573315,20.711841204654345
28.0,26.0,1997.0,fr Ligue 1,0,5,2,3,30,2523,es ESP,0,DF,29,0,Sergio Akieme,Reims,DEF,355627.0,7000000.0,15.76142084987672,27.044490075290895
26.7,22.0,2002.0,fr Ligue 1,0,2,5,10,32,2406,fr FRA,1,"FW,MF",27,1,Maghnes Akliouche,Monaco,FWD,745200.0,45000000.0,17.622173069956816,22.850102669404517
27.6,22.0,2001.0,fr Ligue 1,0,7,0,1,31,2486,ci CIV,0,DF,29,0,Clément Akpa,Auxerre,DEF,806793.0,5000000.0,15.424948670398354,23.104722792607802
10.7,31.0,1992.0,it Serie A,0,4,0,0,14,966,ci CIV,0,MF,12,0,Jean-Daniel Akpa-Akpro,Monza,MID,170481.0,500000.0,13.122365377402328,32.224503764544835
24.7,29.0,1995.0,de Bundesliga,0,3,0,0,32,2220,ng NGA,0,DF,23,0,Kevin Akpoguma,Hoffenheim,DEF,160241.0,2500000.0,14.731801689838349,29.7056810403833
7.1,28.0,1995.0,fr Ligue 1,0,0,3,1,14,639,eng ENG,1,FW,6,2,Chuba Akpom,Lille,FWD,197642.0,7000000.0,15.76142084987672,29.232032854209447
3.5,32.0,1992.0,es La Liga,0,1,0,0,7,317,at AUT,0,DF,4,0,David Alaba,Real Madrid,DEF,59016.0,6000000.0,15.607270193858982,32.52292950034223
13.2,38.0,1985.0,es La Liga,0,5,0,0,15,1188,es ESP,0,DF,14,0,Raúl Albiol,Villarreal,DEF,15452.0,1000000.0,13.815511557963774,39.3264887063655
8.5,21.0,2002.0,eng Premier League,0,4,2,3,15,764,ar ARG,0,"FW,MF",7,0,Carlos Alcaraz,Everton,FWD,748319.0,14000000.0,16.454567959008102,22.088980150581794
33.0,27.0,1996.0,es La Liga,0,8,1,0,34,2971,py PAR,0,DF,34,0,Omar Alderete,Getafe,DEF,353032.0,8000000.0,15.894952224644102,28.016427104722794
5.0,26.0,1998.0,es La Liga,0,1,0,0,10,452,es ESP,0,"MF,FW",5,0,Carles Aleñá,Getafe,MID,284854.0,2500000.0,14.731801689838349,26.989733059548254
12.1,26.0,1998.0,es La Liga,0,1,0,2,14,1090,es ESP,0,"MF,FW",13,0,Carles Aleñá,Alavés,MID,284854.0,2500000.0,14.731801689838349,26.989733059548254
26.3,25.0,1998.0,eng Premier League,0,5,3,6,33,2365,eng ENG,0,DF,28,0,Trent Alexander-Arnold,Liverpool,DEF,314353.0,75000000.0,18.132998684833918,26.236824093086927
18.0,20.0,2004.0,fr Ligue 1,0,2,3,4,27,1621,fr FRA,0,"FW,MF",21,0,Mohamed Ali Cho,Nice,FWD,670847.0,15000000.0,16.52356082573315,20.95277207392197
27.9,31.0,1992.0,eng Premier League,0,0,0,0,28,2508,br BRA,0,GK,28,0,Alisson,Liverpool,GK,105470.0,20000000.0,16.811242881518265,32.24914442162902
19.4,29.0,1995.0,fr Ligue 1,0,3,1,3,28,1750,ga GAB,0,FW,23,0,Jim Allevinah,Angers,FWD,646733.0,1500000.0,14.220976332738882,29.845311430527037
10.6,23.0,2001.0,fr Ligue 1,0,3,1,4,16,951,ar ARG,0,"MF,FW",9,0,Thiago Almada,Lyon,MID,576028.0,25000000.0,17.034386422832473,23.685147159479808
12.4,25.0,1999.0,it Serie A,0,5,1,1,29,1112,se SWE,0,"FW,MF",10,0,Pontus Almqvist,Parma,FWD,300532.0,2500000.0,14.731801689838349,25.481177275838466
29.4,33.0,1990.0,es La Liga,2,10,3,0,31,2647,es ESP,3,DF,29,3,Marcos Alonso,Celta Vigo,DEF,112515.0,1500000.0,14.220976332738882,34.012320328542096
8.4,25.0,1998.0,it Serie A,0,2,0,0,12,753,it ITA,0,DF,8,0,Giorgio Altare,Venezia,DEF,354909.0,1000000.0,13.815511557963774,26.39835728952772
18.1,23.0,2001.0,es La Liga,0,6,0,0,22,1630,es ESP,0,"DF,FW",19,0,Adrià Altimira,Leganés,DEF,466807.0,2000000.0,14.508658238524095,23.76454483230664
21.9,22.0,2001.0,es La Liga,0,4,0,1,32,1972,es ESP,0,MF,22,0,Sergi Altimira,Betis,MID,466801.0,15000000.0,16.52356082573315,23.353867214236825
19.7,26.0,1997.0,eng Premier League,1,9,0,1,28,1772,mx MEX,0,MF,20,0,Edson Álvarez,West Ham,MID,401356.0,25000000.0,17.034386422832473,27.189596167008897
17.5,21.0,2003.0,es La Liga,0,6,4,3,26,1572,es ESP,0,"MF,DF",16,0,Hugo Álvarez,Celta Vigo,MID,892929.0,7500000.0,15.830413711839864,21.503080082135522
27.9,24.0,2000.0,es La Liga,0,5,17,4,37,2509,ar ARG,4,FW,30,4,Julián Álvarez,Atlético Madrid,FWD,576024.0,100000000.0,18.420680753952364,24.919917864476385
19.8,29.0,1995.0,es La Liga,0,4,1,0,21,1781,es ESP,0,DF,20,0,Yeray Álvarez,Athletic Club,DEF,255488.0,7000000.0,15.76142084987672,29.93839835728953
15.3,27.0,1996.0,es La Liga,0,6,3,1,24,1376,ma MAR,1,MF,18,1,Selim Amallah,Valladolid,MID,377219.0,1600000.0,14.285514812209815,28.128678986995208
3.8,17.0,2007.0,eng Premier League,0,0,0,0,5,346,eng ENG,0,DF,4,0,Harry Amass,Manchester Utd,DEF,1011738.0,5000000.0,15.424948670398354,17.79876796714579
8.8,30.0,1994.0,fr Ligue 1,0,2,0,0,11,790,fr FRA,0,DF,8,0,Jordan Amavi,Brest,DEF,241229.0,1200000.0,13.997832948091215,30.817248459958932
24.1,26.0,1998.0,fr Ligue 1,0,5,1,0,30,2165,fr FRA,0,DF,23,0,Kelvin Amian,Nantes,DEF,344072.0,2500000.0,14.731801689838349,26.89664613278576
27.5,27.0,1996.0,de Bundesliga,2,9,7,5,30,2473,de GER,2,MF,30,2,Nadiem Amiri,Mainz 05,MID,232454.0,20000000.0,16.811242881518265,28.18069815195072
3.6,18.0,2006.0,fr Ligue 1,0,0,2,0,9,320,eng ENG,0,"DF,MF",3,0,Samuel Amo-Ameyaw,Strasbourg,DEF,933900.0,4000000.0,15.201805169084134,18.458590006844627
9.5,18.0,2006.0,fr Ligue 1,0,2,0,0,17,859,fr FRA,0,MF,9,0,Mathis Amougou,Saint-Étienne,MID,1010854.0,10000000.0,16.118095750958314,18.954140999315538
27.4,24.0,2000.0,de Bundesliga,0,6,10,9,31,2467,dz ALG,2,FW,29,2,Mohamed Amoura,Wolfsburg,FWD,746910.0,32000000.0,17.281246492014,24.648870636550306
28.7,28.0,1996.0,eng Premier League,1,6,0,0,29,2583,dk DEN,0,DF,29,0,Joachim Andersen,Fulham,DEF,260827.0,27000000.0,17.11134746100564,28.588637919233403
30.3,21.0,2002.0,eng Premier League,0,10,2,6,37,2728,eng ENG,0,MF,33,0,Elliot Anderson,Nott'ham Forest,MID,567576.0,32000000.0,17.281246492014,22.154688569472963
27.5,23.0,2001.0,eng Premier League,0,7,0,0,33,2472,br BRA,0,MF,31,0,André,Wolves,MID,800176.0,28000000.0,17.147715103853763,23.463381245722108
29.9,33.0,1990.0,fr Ligue 1,0,12,0,3,30,2692,fr FRA,0,MF,30,0,Benjamin André,Lille,MID,84301.0,5000000.0,15.424948670398354,34.41478439425051
13.2,27.0,1996.0,es La Liga,0,5,1,2,22,1188,br BRA,0,FW,14,0,Marcos André,Valladolid,FWD,481084.0,1000000.0,13.815511557963774,28.199863107460644
17.8,29.0,1994.0,de Bundesliga,0,7,2,2,23,1598,de GER,0,"MF,DF",19,0,Robert Andrich,Leverkusen,MID,159088.0,9000000.0,16.012735246411598,30.27789185489391
35.3,27.0,1997.0,it Serie A,0,1,2,1,38,3177,es ESP,0,DF,36,0,Angeliño,Roma,DEF,277179.0,20000000.0,16.811242881518265,27.991786447638603
12.4,22.0,2001.0,it Serie A,0,3,2,3,22,1114,eng ENG,0,MF,14,0,Faustino Anjorin,Empoli,MID,433181.0,6000000.0,15.607270193858982,23.107460643394933
21.7,28.0,1996.0,de Bundesliga,0,4,2,2,26,1949,de GER,0,DF,22,0,Waldemar Anton,Dortmund,DEF,193004.0,18000000.0,16.705882371415992,28.451745379876797
9.3,34.0,1990.0,eng Premier League,0,1,1,1,14,836,jm JAM,0,FW,11,0,Michail Antonio,West Ham,FWD,104124.0,700000.0,13.45883704259595,34.76522929500342
11.4,21.0,2002.0,es La Liga,0,3,0,1,26,1022,es ESP,0,"FW,MF",13,0,Antoniu,Espanyol,FWD,610336.0,350000.0,12.765691290604371,24.711841204654345
15.1,24.0,2000.0,es La Liga,1,2,5,2,17,1362,br BRA,0,FW,15,0,Antony,Betis,FWD,602105.0,35000000.0,17.370858648025116,24.854209445585216
19.1,29.0,1995.0,es La Liga,0,7,2,0,26,1720,ma MAR,0,"MF,FW",21,0,Anuar,Valladolid,MID,327126.0,900000.0,13.710151153416941,29.963039014373717
23.6,32.0,1992.0,fr Ligue 1,0,2,0,1,29,2128,fr FRA,0,DF,22,0,Dennis Appiah,Saint-Étienne,DEF,111038.0,800000.0,13.592368256649284,32.563997262149215
29.6,28.0,1995.0,es La Liga,0,10,10,0,35,2661,uy URU,3,MF,31,3,Mauro Arambarri,Getafe,MID,290249.0,12000000.0,16.300417291085605,29.256673511293634
27.3,22.0,2002.0,es La Liga,0,8,1,1,35,2460,ve VEN,0,DF,28,0,Jon Aramburu,Real Sociedad,DEF,661145.0,15000000.0,16.52356082573315,22.444900752908968
5.5,22.0,2001.0,eng Premier League,0,2,0,0,12,497,mx MEX,0,DF,7,0,Julian Araujo,Bournemouth,DEF,513970.0,10000000.0,16.118095750958314,23.38672142368241
8.4,25.0,1999.0,es La Liga,0,3,1,1,12,754,uy URU,0,DF,11,0,Ronald Araújo,Barcelona,DEF,480267.0,35000000.0,17.370858648025116,25.82340862422998
16.0,23.0,2001.0,eng Premier League,0,0,2,0,35,1441,eng ENG,0,FW,13,1,Cameron Archer,Southampton,FWD,533662.0,12000000.0,16.300417291085605,23.06365503080082
22.7,28.0,1996.0,fr Ligue 1,0,3,0,1,28,2047,ht HAI,0,DF,25,0,Carlens Arcus,Angers,DEF,371686.0,1800000.0,14.403297778421795,28.511978097193705
25.1,31.0,1993.0,eng Premier League,0,0,0,0,26,2260,fr FRA,0,GK,25,0,Alphonse Areola,West Ham,GK,120629.0,9000000.0,16.012735246411598,31.84394250513347
34.2,25.0,1999.0,es La Liga,0,9,0,3,36,3079,es ESP,0,DF,35,0,Jesús Areso,Osasuna,DEF,488626.0,12000000.0,16.300417291085605,25.503080082135522
22.4,28.0,1996.0,eng Premier League,0,1,3,0,32,2013,ng NGA,0,"MF,DF",21,0,Joe Aribo,Southampton,MID,468198.0,6000000.0,15.607270193858982,28.449007529089666
13.9,27.0,1997.0,eng Premier League,0,4,2,2,20,1248,eng ENG,0,"FW,MF",15,1,Adam Armstrong,Southampton,FWD,250426.0,12000000.0,16.300417291085605,27.890485968514717
19.5,21.0,2003.0,fr Ligue 1,0,3,5,3,25,1755,is ISL,0,"MF,FW",21,0,Hákon Arnar Haraldsson,Lille,MID,652275.0,18000000.0,16.705882371415992,21.730321697467488
5.9,35.0,1989.0,it Serie A,0,1,4,2,17,527,at AUT,0,FW,5,0,Marko Arnautović,Inter,FWD,41384.0,3000000.0,14.914123179965662,35.70431211498973
26.2,30.0,1994.0,de Bundesliga,1,7,3,5,28,2356,de GER,0,MF,27,0,Maximilian Arnold,Wolfsburg,MID,117674.0,5000000.0,15.424948670398354,30.600958247775495
31.0,29.0,1994.0,eng Premier League,0,3,0,0,31,2790,es ESP,0,GK,31,0,Kepa Arrizabalaga,Bournemouth,GK,192279.0,10000000.0,16.118095750958314,30.247775496235455
8.4,21.0,2003.0,de Bundesliga,0,1,0,1,20,752,br BRA,0,DF,7,0,Arthur,Leverkusen,DEF,977464.0,7000000.0,15.76142084987672,21.796030116358658
11.7,29.0,1994.0,es La Liga,0,0,2,1,21,1054,jp JPN,0,"FW,MF",13,0,Takuma Asano,Mallorca,FWD,245744.0,2500000.0,14.731801689838349,30.143737166324435
18.6,21.0,2003.0,es La Liga,0,3,0,1,23,1670,es ESP,0,DF,18,0,Raúl Asencio,Real Madrid,DEF,935245.0,40000000.0,17.50439003707821,21.883641341546884
8.3,28.0,1996.0,eng Premier League,0,2,3,1,13,743,es ESP,0,MF,9,2,Marco Asensio,Aston Villa,MID,296622.0,20000000.0,16.811242881518265,28.947296372347708
6.9,28.0,1996.0,fr Ligue 1,0,0,2,4,12,618,es ESP,0,"FW,MF",8,0,Marco Asensio,Paris S-G,FWD,296622.0,20000000.0,16.811242881518265,28.947296372347708
10.9,22.0,2002.0,it Serie A,0,4,2,2,21,980,al ALB,2,MF,10,2,Kristjan Asllani,Inter,MID,543771.0,13000000.0,16.380459992348886,22.817248459958932
19.4,36.0,1987.0,es La Liga,1,6,10,5,30,1745,es ESP,5,"FW,MF",19,6,Iago Aspas,Celta Vigo,FWD,72047.0,2000000.0,14.508658238524095,37.42094455852156
15.6,20.0,2003.0,es La Liga,0,2,3,1,27,1405,co COL,0,"FW,MF",15,0,Yaser Asprilla,Girona,FWD,857818.0,15000000.0,16.52356082573315,21.11978097193703
26.2,24.0,2000.0,fr Ligue 1,0,9,3,4,32,2357,tg TOG,0,"DF,MF",27,0,Lorenz Assignon,Rennes,DEF,711969.0,9000000.0,16.012735246411598,24.528405201916495
31.7,18.0,2005.0,fr Ligue 1,0,7,1,0,34,2854,fr FRA,0,MF,33,0,Valentin Atangana Edoa,Reims,MID,923759.0,10000000.0,16.118095750958314,19.353867214236825
13.9,21.0,2003.0,it Serie A,0,5,0,1,27,1251,fr FRA,0,"MF,FW",12,0,Arthur Atta,Udinese,MID,855308.0,8000000.0,15.894952224644102,21.965776865160848
25.6,22.0,2002.0,de Bundesliga,0,2,0,0,26,2307,de GER,0,GK,26,0,Noah Atubolu,Freiburg,GK,526845.0,18000000.0,16.705882371415992,22.60643394934976
8.0,27.0,1997.0,it Serie A,0,0,0,0,8,720,id IDN,0,GK,8,0,Emil Audero,Como,GK,256339.0,3200000.0,14.978661680269907,27.953456536618756
30.1,29.0,1994.0,it Serie A,0,3,0,7,38,2713,it ITA,0,DF,30,0,Tommaso Augello,Cagliari,DEF,284595.0,1800000.0,14.403297778421795,30.340862422997947
18.1,25.0,1999.0,it Serie A,0,1,3,2,28,1625,br BRA,0,DF,15,0,Carlos Augusto,Inter,DEF,585982.0,26000000.0,17.073607134447293,25.984941820670773
4.6,26.0,1997.0,eng Premier League,0,0,1,0,26,416,ng NGA,0,FW,3,0,Taiwo Awoniyi,Nott'ham Forest,FWD,295313.0,16000000.0,16.588099342704055,27.38945927446954
21.8,20.0,2003.0,eng Premier League,0,3,2,1,34,1965,se SWE,0,MF,22,0,Yasin Ayari,Brighton,MID,667287.0,22000000.0,16.906553056777135,21.240246406570844
6.4,27.0,1997.0,fr Ligue 1,0,0,2,0,26,575,fr FRA,0,FW,4,0,Florian Ayé,Auxerre,FWD,372713.0,1200000.0,13.997832948091215,27.95071868583162
16.1,34.0,1989.0,fr Ligue 1,0,2,4,1,27,1453,gh GHA,0,FW,15,0,André Ayew,Le Havre,FWD,45403.0,600000.0,13.304686600863562,35.04175222450377
18.2,32.0,1991.0,eng Premier League,0,5,5,0,30,1638,gh GHA,1,"FW,MF",19,1,Jordan Ayew,Leicester City,FWD,108354.0,2500000.0,14.731801689838349,33.308692676249144
17.6,23.0,2001.0,fr Ligue 1,0,4,8,1,24,1588,fr FRA,3,MF,17,3,Neil El Aynaoui,Lens,MID,901019.0,15000000.0,16.52356082573315,23.50171115674196
9.7,18.0,2006.0,es La Liga,0,1,0,0,13,876,ma MAR,0,DF,10,0,Adam Aznou,Valladolid,DEF,938146.0,4000000.0,15.201805169084134,18.584531143052704
9.7,34.0,1989.0,es La Liga,0,1,1,0,14,875,es ESP,0,DF,10,0,César Azpilicueta,Atlético Madrid,DEF,57500.0,1500000.0,14.220976332738882,35.34565366187543
4.7,30.0,1994.0,it Serie A,0,2,0,0,6,426,br BRA,0,DF,5,0,Paulo Azzi,Cagliari,DEF,310527.0,800000.0,13.592368256649284,30.466803559206024
13.2,24.0,2000.0,fr Ligue 1,0,2,4,2,30,1186,ga GAB,0,"MF,FW",11,0,Shavy Babicka,Toulouse,MID,916920.0,2500000.0,14.731801689838349,24.58590006844627
29.8,24.0,2000.0,es La Liga,1,7,1,1,32,2686,fr FRA,0,DF,31,0,Loïc Bade,Sevilla,DEF,730581.0,25000000.0,17.034386422832473,24.725530458590008
16.4,35.0,1989.0,it Serie A,0,2,1,0,23,1472,hr CRO,0,MF,21,0,Milan Badelj,Genoa,MID,40633.0,800000.0,13.592368256649284,35.84941820670773
3.7,23.0,2001.0,eng Premier League,0,0,0,0,5,334,fr FRA,0,DF,3,0,Benoît Badiashile,Chelsea,DEF,463603.0,22000000.0,16.906553056777135,23.770020533880903
28.8,23.0,2001.0,es La Liga,0,9,7,9,32,2595,es ESP,0,"MF,FW",30,1,Alex Baena,Villarreal,MID,548111.0,55000000.0,17.822843761378564,23.45242984257358
9.6,18.0,2006.0,es La Liga,0,1,0,0,12,864,sl SLE,0,DF,10,0,Juma Bah,Valladolid,DEF,1121298.0,6000000.0,15.607270193858982,18.72689938398357
7.6,18.0,2006.0,fr Ligue 1,0,2,0,0,10,686,sl SLE,0,DF,8,0,Juma Bah,Lens,DEF,1121298.0,6000000.0,15.607270193858982,18.72689938398357
12.7,26.0,1997.0,eng Premier League,0,3,1,2,24,1139,jm JAM,0,"FW,MF",14,0,Leon Bailey,Aston Villa,FWD,387626.0,28000000.0,17.147715103853763,27.397672826830938
6.9,30.0,1994.0,es La Liga,1,2,0,0,12,617,ci CIV,0,DF,8,0,Eric Bailly,Villarreal,DEF,286384.0,2000000.0,14.508658238524095,30.72416153319644
10.4,24.0,1999.0,fr Ligue 1,0,1,2,1,29,939,ca CAN,0,FW,11,0,Theo Bair,Auxerre,FWD,501709.0,1800000.0,14.403297778421795,25.349760438056126
10.8,19.0,2004.0,es La Liga,0,4,1,0,14,969,es ESP,0,"MF,DF",12,0,Stefan Bajcetic,Las Palmas,MID,864799.0,9000000.0,16.012735246411598,20.194387405886378
7.9,33.0,1991.0,es La Liga,0,4,2,2,25,710,cd COD,0,FW,6,0,Cédric Bakambu,Betis,FWD,127048.0,1500000.0,14.220976332738882,33.72758384668035
12.7,24.0,2000.0,fr Ligue 1,1,3,3,2,24,1139,nl NED,0,"FW,DF",14,0,Mitchel Bakker,Lille,FWD,361065.0,7000000.0,15.76142084987672,24.53388090349076
13.0,26.0,1998.0,de Bundesliga,0,2,2,1,15,1170,de GER,0,"FW,MF",14,0,Ridle Baku,Wolfsburg,FWD,327251.0,9000000.0,16.012735246411598,26.73511293634497
14.2,26.0,1998.0,de Bundesliga,0,1,2,3,19,1275,de GER,0,"DF,MF",15,0,Ridle Baku,RB Leipzig,DEF,327251.0,9000000.0,16.012735246411598,26.73511293634497
27.7,21.0,2002.0,fr Ligue 1,0,4,6,8,30,2497,fr FRA,0,"MF,DF",29,0,Dilane Bakwa,Strasbourg,MID,540664.0,25000000.0,17.034386422832473,22.351813826146476
9.2,21.0,2003.0,it Serie A,0,2,1,1,31,832,it ITA,0,"MF,FW",5,0,Tommaso Baldanzi,Roma,MID,641537.0,12000000.0,16.300417291085605,21.779603011635867
25.4,20.0,2003.0,es La Liga,0,2,0,4,32,2284,es ESP,0,DF,26,0,Alejandro Balde,Barcelona,DEF,636688.0,60000000.0,17.909855136853043,21.207392197125255
7.1,29.0,1995.0,it Serie A,0,2,2,0,11,638,sn SEN,0,FW,8,0,Keita Baldé,Monza,FWD,238752.0,900000.0,13.710151153416941,29.82067077344285
29.6,20.0,2004.0,eng Premier League,1,8,3,1,34,2661,cm CMR,0,MF,31,0,Carlos Baleba,Brighton,MID,973085.0,40000000.0,17.50439003707821,20.996577686516083
25.3,25.0,1999.0,fr Ligue 1,1,9,0,0,27,2273,ar ARG,0,DF,27,0,Leonardo Balerdi,Marseille,DEF,575998.0,20000000.0,16.811242881518265,25.932922655715263
13.3,32.0,1992.0,es La Liga,0,3,0,0,25,1200,al ALB,0,DF,12,0,Iván Balliu,Rayo Vallecano,DEF,85295.0,1400000.0,14.151983508870947,33.002053388090346
6.5,27.0,1997.0,fr Ligue 1,0,0,0,0,10,589,sn SEN,0,"DF,MF",9,0,Fodé Ballo-Touré,Le Havre,DEF,296422.0,1200000.0,13.997832948091215,27.994524298425734
22.8,22.0,2002.0,it Serie A,0,5,0,1,29,2053,hu HUN,0,DF,23,0,Botond Balogh,Parma,DEF,543727.0,2400000.0,14.690979711984754,22.573579739904176
6.8,23.0,2001.0,fr Ligue 1,0,0,4,0,13,615,us USA,0,FW,7,0,Folarin Balogun,Monaco,FWD,503770.0,18000000.0,16.705882371415992,23.498973305954827
16.8,34.0,1990.0,fr Ligue 1,0,2,0,0,19,1510,ci CIV,0,DF,16,0,Abdoulaye Bamba,Angers,DEF,62351.0,300000.0,12.611541086966115,34.68856947296372
9.0,28.0,1996.0,es La Liga,0,1,0,1,12,811,ci CIV,0,"FW,MF",10,0,Jonathan Bamba,Celta Vigo,FWD,292818.0,3500000.0,15.068273812173887,28.76933607118412
6.8,23.0,2001.0,it Serie A,0,1,0,1,15,610,zm ZAM,0,"FW,MF",6,0,Lameck Banda,Lecce,FWD,545538.0,4500000.0,15.319588176962746,23.923340177960302
16.7,30.0,1993.0,it Serie A,0,3,0,0,20,1507,it ITA,0,DF,19,0,Mattia Bani,Genoa,DEF,176139.0,2500000.0,14.731801689838349,31.06091718001369
3.1,17.0,2006.0,de Bundesliga,0,2,0,0,8,278,us USA,0,DF,2,0,Noahkai Banks,Augsburg,DEF,923945.0,6000000.0,15.607270193858982,18.086242299794662
4.8,30.0,1993.0,it Serie A,0,0,0,0,7,431,it ITA,0,DF,5,0,Federico Barba,Como,DEF,165873.0,500000.0,13.122365377402328,31.3347022587269
3.2,20.0,2004.0,es La Liga,0,0,0,0,7,288,ar ARG,0,"DF,FW",3,0,Valentín Barco,Sevilla,DEF,849410.0,12000000.0,16.300417291085605,20.4435318275154
12.9,20.0,2004.0,fr Ligue 1,0,2,0,2,14,1157,ar ARG,0,"MF,DF",14,0,Valentín Barco,Strasbourg,MID,849410.0,12000000.0,16.300417291085605,20.4435318275154
24.2,21.0,2002.0,fr Ligue 1,0,2,14,10,34,2181,fr FRA,0,FW,27,0,Bradley Barcola,Paris S-G,FWD,708265.0,70000000.0,18.064005814299346,22.33264887063655
21.5,23.0,2000.0,fr Ligue 1,2,4,2,1,24,1938,fr FRA,0,"DF,MF",22,0,Melvin Bard,Nice,DEF,532775.0,15000000.0,16.52356082573315,24.1533196440794
27.3,27.0,1997.0,it Serie A,0,4,3,6,32,2456,it ITA,0,MF,28,0,Nicolò Barella,Inter,MID,255942.0,75000000.0,18.132998684833918,27.89869952087611
3.5,27.0,1997.0,es La Liga,0,3,0,1,15,315,es ESP,0,"FW,MF",3,0,Kike Barja,Osasuna,FWD,298575.0,1500000.0,14.220976332738882,27.753593429158112
6.5,30.0,1993.0,eng Premier League,0,3,3,1,20,581,eng ENG,0,MF,3,0,Ross Barkley,Aston Villa,MID,131978.0,6000000.0,15.607270193858982,31.07460643394935
19.5,26.0,1997.0,eng Premier League,0,0,9,4,33,1755,eng ENG,0,FW,17,0,Harvey Barnes,Newcastle Utd,FWD,398065.0,35000000.0,17.370858648025116,27.06365503080082
24.3,23.0,2001.0,es La Liga,0,6,1,2,30,2191,ar ARG,0,MF,26,0,Enzo Barrenechea,Valencia,MID,671915.0,10000000.0,16.118095750958314,23.613963039014372
14.0,22.0,2001.0,es La Liga,0,6,1,3,30,1263,es ESP,0,"MF,FW",14,0,Ander Barrenetxea,Real Sociedad,MID,616369.0,15000000.0,16.52356082573315,23.014373716632445
25.9,21.0,2003.0,es La Liga,1,4,1,4,31,2330,es ESP,0,MF,28,0,Pablo Barrios,Atlético Madrid,MID,775605.0,55000000.0,17.822843761378564,21.54962354551677
25.8,21.0,2002.0,es La Liga,0,4,11,4,35,2323,fr FRA,1,FW,25,1,Thierno Barry,Villarreal,FWD,937941.0,20000000.0,16.811242881518265,22.198494182067076
23.3,33.0,1991.0,es La Liga,0,2,2,1,25,2099,es ESP,0,DF,23,0,Marc Bartra,Betis,DEF,99922.0,1000000.0,13.815511557963774,33.96303901437371
38.0,27.0,1996.0,it Serie A,0,3,2,0,38,3420,it ITA,0,DF,38,0,Federico Baschirotto,Lecce,DEF,351955.0,3600000.0,15.096444681204078,28.281998631074607
34.2,24.0,1999.0,eng Premier League,0,7,1,0,35,3074,ng NGA,0,DF,34,0,Calvin Bassey,Fulham,DEF,461883.0,25000000.0,17.034386422832473,25.00479123887748
25.9,25.0,1999.0,it Serie A,1,6,1,5,32,2333,it ITA,0,DF,30,0,Alessandro Bastoni,Inter,DEF,315853.0,80000000.0,18.197537205138154,25.72210814510609
32.0,28.0,1996.0,es La Liga,0,6,0,0,32,2880,ar ARG,0,GK,32,0,Augusto Batalla,Rayo Vallecano,GK,275218.0,6000000.0,15.607270193858982,28.673511293634498
3.3,30.0,1993.0,de Bundesliga,0,2,3,0,10,300,be BEL,0,FW,3,0,Michy Batshuayi,Eint Frankfurt,FWD,179184.0,4000000.0,15.201805169084134,31.249828884325805
22.4,28.0,1996.0,fr Ligue 1,1,3,1,0,25,2016,cd COD,0,DF,22,0,Dylan Batubinsika,Saint-Étienne,DEF,289432.0,1200000.0,13.997832948091215,28.878850102669404
7.3,24.0,2000.0,de Bundesliga,0,1,0,0,11,658,de GER,0,DF,8,0,Maximilian Bauer,Augsburg,DEF,388363.0,2000000.0,14.508658238524095,24.895277207392198
28.0,34.0,1990.0,de Bundesliga,0,1,0,0,28,2520,de GER,0,GK,28,0,Oliver Baumann,Hoffenheim,GK,55089.0,3000000.0,14.914123179965662,34.5845311430527
17.9,24.0,1999.0,de Bundesliga,0,5,2,1,31,1610,at AUT,0,MF,18,0,Christoph Baumgartner,RB Leipzig,MID,324278.0,12000000.0,16.300417291085605,25.420944558521562
4.0,26.0,1998.0,eng Premier League,0,0,0,0,4,360,tr TUR,0,GK,4,0,Altay Bayındır,Manchester Utd,GK,336077.0,8000000.0,15.894952224644102,26.718685831622178
17.8,27.0,1997.0,de Bundesliga,0,1,4,1,32,1598,de GER,0,"MF,FW",18,0,Adrian Beck,Heidenheim,MID,273669.0,2000000.0,14.508658238524095,27.564681724845997
11.1,29.0,1995.0,es La Liga,1,1,2,1,22,995,sr SUR,0,"FW,MF",11,0,Sheraldo Becker,Real Sociedad,FWD,188888.0,2500000.0,14.731801689838349,29.894592744695416
27.2,27.0,1997.0,de Bundesliga,0,2,0,2,30,2445,de GER,0,DF,28,0,Timo Becker,Holstein Kiel,DEF,282349.0,1500000.0,14.220976332738882,27.772758384668034
28.1,28.0,1996.0,eng Premier League,0,7,2,0,30,2531,pl POL,0,DF,30,0,Jan Bednarek,Southampton,DEF,243028.0,9000000.0,16.012735246411598,28.722792607802873
15.8,27.0,1997.0,es La Liga,0,5,2,2,26,1421,nl NED,0,MF,16,0,Donny van de Beek,Girona,MID,288255.0,5000000.0,15.424948670398354,27.707049965776864
17.7,21.0,2002.0,de Bundesliga,0,2,8,5,29,1591,de GER,0,"FW,MF",17,0,Maximilian Beier,Dortmund,FWD,578392.0,25000000.0,17.034386422832473,22.209445585215605
18.4,20.0,2004.0,it Serie A,1,6,0,2,22,1658,ma MAR,0,MF,17,0,Reda Belahyane,Hellas Verona,MID,982855.0,10000000.0,16.118095750958314,20.58590006844627
19.9,30.0,1994.0,fr Ligue 1,0,1,0,1,22,1792,dz ALG,0,MF,21,0,Haris Belkebla,Angers,MID,138055.0,2000000.0,14.508658238524095,30.926762491444215
16.9,22.0,2002.0,fr Ligue 1,0,4,1,1,29,1523,fr FRA,0,MF,16,0,Yassin Belkhdim,Angers,MID,807688.0,1000000.0,13.815511557963774,22.88021902806297
16.0,32.0,1991.0,de Bundesliga,0,4,0,1,18,1436,de GER,0,DF,15,0,Stefan Bell,Mainz 05,DEF,82350.0,800000.0,13.592368256649284,33.35797399041752
3.7,22.0,2001.0,eng Premier League,0,0,0,0,4,331,de GER,0,DF,2,0,Armel Bella Kotchap,Southampton,DEF,467563.0,9000000.0,16.012735246411598,23.058179329226558
26.7,24.0,2000.0,it Serie A,0,3,0,9,34,2402,it ITA,0,DF,27,0,Raoul Bellanova,Atalanta,DEF,357992.0,24000000.0,16.993564429978885,24.62696783025325
18.6,26.0,1998.0,eng Premier League,0,3,2,7,35,1677,fr FRA,0,"MF,FW",20,0,Jean-Ricner Bellegarde,Wolves,MID,450050.0,18000000.0,16.705882371415992,26.5160848733744
6.4,29.0,1995.0,es La Liga,0,1,0,2,9,580,es ESP,0,DF,6,0,Héctor Bellerín,Betis,DEF,191217.0,2000000.0,14.508658238524095,29.790554414784395
27.6,21.0,2003.0,es La Liga,1,5,9,8,31,2488,eng ENG,1,MF,29,2,Jude Bellingham,Real Madrid,MID,581678.0,180000000.0,19.00846741441004,21.51129363449692
6.6,30.0,1993.0,it Serie A,0,1,2,0,18,593,it ITA,0,FW,7,0,Andrea Belotti,Como,FWD,167727.0,2000000.0,14.508658238524095,31.033538672142367
26.9,25.0,1999.0,es La Liga,0,3,2,1,34,2421,es ESP,0,MF,29,0,Fran Beltrán,Celta Vigo,MID,423444.0,8000000.0,15.894952224644102,25.911019849418206
20.7,23.0,2001.0,it Serie A,0,6,5,4,32,1864,ar ARG,2,"FW,MF",20,3,Lucas Beltrán,Fiorentina,FWD,628366.0,18000000.0,16.705882371415992,23.761806981519506
19.4,19.0,2005.0,fr Ligue 1,0,0,6,3,33,1750,ma MAR,2,"MF,FW",19,2,Eliesse Ben Seghir,Monaco,MID,810895.0,28000000.0,17.147715103853763,19.874058863791923
6.5,26.0,1997.0,de Bundesliga,0,4,2,1,23,589,sk SVK,0,"MF,FW",3,0,László Bénes,Union Berlin,MID,243188.0,3000000.0,14.914123179965662,27.312799452429843
3.3,26.0,1997.0,it Serie A,0,2,0,0,6,300,dz ALG,0,MF,4,0,Ismaël Bennacer,Milan,MID,351816.0,15000000.0,16.52356082573315,27.085557837097877
7.2,26.0,1997.0,fr Ligue 1,0,2,0,2,12,646,dz ALG,0,MF,8,0,Ismaël Bennacer,Marseille,MID,351816.0,15000000.0,16.52356082573315,27.085557837097877
8.2,28.0,1995.0,fr Ligue 1,0,0,1,3,13,735,dz ALG,0,"FW,MF",9,0,Saïd Benrahma,Lyon,FWD,290532.0,10000000.0,16.118095750958314,29.39630390143737
22.5,29.0,1995.0,de Bundesliga,0,6,1,6,31,2022,dz ALG,0,DF,23,0,Ramy Bensebaini,Dortmund,DEF,284732.0,7000000.0,15.76142084987672,29.713894592744694
3.7,29.0,1994.0,fr Ligue 1,0,0,1,0,10,329,dz ALG,0,MF,3,0,Nabil Bentaleb,Lille,MID,245537.0,6000000.0,15.607270193858982,30.105407255304584
18.3,27.0,1997.0,eng Premier League,0,9,2,0,26,1645,uy URU,0,MF,21,0,Rodrigo Bentancur,Tottenham,MID,354362.0,30000000.0,17.216707972959764,27.520876112251884
22.3,20.0,2003.0,fr Ligue 1,0,6,1,0,25,2011,br BRA,0,DF,22,0,Lucas Beraldo,Paris S-G,DEF,872171.0,25000000.0,17.034386422832473,21.10609171800137
22.7,34.0,1990.0,es La Liga,0,5,0,2,30,2044,es ESP,0,DF,22,0,Yuri Berchiche,Athletic Club,DEF,61812.0,1400000.0,14.151983508870947,34.8911704312115
26.0,29.0,1995.0,es La Liga,0,5,6,7,36,2339,es ESP,0,"FW,MF",28,1,Álex Berenguer,Athletic Club,FWD,338425.0,9000000.0,16.012735246411598,29.49760438056126
24.7,26.0,1998.0,eng Premier League,0,6,0,0,31,2224,no NOR,0,MF,26,0,Sander Berge,Fulham,MID,333014.0,25000000.0,17.034386422832473,26.88021902806297
13.5,18.0,2006.0,eng Premier League,0,3,0,1,27,1212,se SWE,0,MF,11,0,Lucas Bergvall,Tottenham,MID,866246.0,38000000.0,17.453096744006448,18.913073237508556
8.0,20.0,2003.0,it Serie A,0,5,0,1,17,716,al ALB,0,MF,7,0,Medon Berisha,Lecce,MID,583046.0,1500000.0,14.220976332738882,21.19917864476386
3.7,26.0,1998.0,de Bundesliga,0,1,1,1,11,333,de GER,0,"FW,MF",3,0,Mergim Berisha,Hoffenheim,FWD,307924.0,3500000.0,15.068273812173887,26.64476386036961
16.1,23.0,2001.0,it Serie A,0,1,1,1,21,1453,es ESP,0,MF,18,0,Adrian Bernabe,Parma,MID,466802.0,15000000.0,16.52356082573315,23.603011635865844
19.8,29.0,1995.0,de Bundesliga,0,5,0,0,21,1782,br BRA,0,DF,19,0,Bernardo,Bochum,DEF,364258.0,5500000.0,15.520258832020865,29.637234770704996
7.8,31.0,1993.0,es La Liga,0,0,0,1,14,699,es ESP,0,"MF,DF",9,0,Juan Bernat,Getafe,MID,126719.0,2000000.0,14.508658238524095,31.838466803559207
8.5,26.0,1998.0,fr Ligue 1,1,4,0,0,11,763,fr FRA,0,DF,9,0,Maxime Bernauer,Saint-Étienne,DEF,324819.0,2000000.0,14.508658238524095,26.50513347022587
6.6,25.0,1999.0,it Serie A,0,2,1,0,14,594,fr FRA,0,MF,7,0,Antoine Bernede,Hellas Verona,MID,395512.0,2500000.0,14.731801689838349,25.60438056125941
14.0,25.0,1998.0,de Bundesliga,0,3,7,2,19,1263,se SWE,0,"FW,MF",15,0,Alexander Bernhardsson,Holstein Kiel,FWD,633454.0,3000000.0,14.914123179965662,26.316221765913756
28.5,28.0,1995.0,de Bundesliga,0,11,5,2,30,2565,sk SVK,0,MF,29,1,Matúš Bero,Bochum,MID,204047.0,3000000.0,14.914123179965662,29.322381930184804
11.8,25.0,1999.0,es La Liga,1,8,0,0,19,1063,es ESP,0,DF,11,0,Juan Berrocal,Getafe,DEF,461843.0,1500000.0,14.220976332738882,25.905544147843944
4.0,26.0,1998.0,fr Ligue 1,0,0,0,0,4,360,cd COD,0,GK,4,0,Dimitry Bertaud,Montpellier,GK,371816.0,1200000.0,13.997832948091215,26.573579739904176
17.0,26.0,1998.0,eng Premier League,0,2,8,0,30,1534,gw GNB,0,FW,15,0,Beto,Everton,FWD,595809.0,22000000.0,16.906553056777135,26.91854893908282
33.5,25.0,1998.0,it Serie A,0,1,0,1,35,3012,nl NED,0,DF,33,0,Sam Beukema,Bologna,DEF,433984.0,28000000.0,17.147715103853763,26.12457221081451
28.9,21.0,2002.0,it Serie A,0,9,1,0,34,2600,it ITA,0,MF,29,0,Alessandro Bianco,Monza,MID,602124.0,5000000.0,15.424948670398354,22.253251197809718
13.6,21.0,2003.0,fr Ligue 1,0,0,13,2,16,1228,dk DEN,1,FW,16,2,Mika Biereth,Monaco,FWD,565821.0,30000000.0,17.216707972959764,21.897330595482547
32.9,25.0,1999.0,it Serie A,1,13,1,0,34,2963,si SVN,0,DF,34,0,Jaka Bijol,Udinese,DEF,371851.0,18000000.0,16.705882371415992,25.905544147843944
4.0,22.0,2001.0,de Bundesliga,0,0,2,1,12,356,ml MLI,0,"FW,MF",3,0,El Bilal Touré,Stuttgart,FWD,649016.0,15000000.0,16.52356082573315,23.247091033538673
12.9,31.0,1992.0,it Serie A,0,0,0,0,15,1158,it ITA,0,DF,13,0,Cristiano Biraghi,Torino,DEF,124555.0,1800000.0,14.403297778421795,32.33401779603012
4.8,31.0,1992.0,it Serie A,0,1,1,0,8,433,it ITA,0,DF,5,0,Cristiano Biraghi,Fiorentina,DEF,124555.0,1800000.0,14.403297778421795,32.33401779603012
16.3,25.0,1999.0,it Serie A,0,2,3,0,21,1468,it ITA,0,"DF,MF",18,0,Samuele Birindelli,Monza,DEF,461019.0,2800000.0,14.845130332288226,25.456536618754278
28.4,19.0,2005.0,de Bundesliga,0,5,5,2,31,2559,de GER,0,"MF,FW",30,0,Tom Bischof,Hoffenheim,MID,822959.0,30000000.0,17.216707972959764,19.512662559890487
15.6,27.0,1996.0,eng Premier League,0,7,2,0,28,1408,ml MLI,0,MF,16,0,Yves Bissouma,Tottenham,MID,410425.0,25000000.0,17.034386422832473,28.33949349760438
10.9,30.0,1993.0,de Bundesliga,0,3,2,1,27,982,de GER,0,MF,10,0,Leonardo Bittencourt,Werder Bremen,MID,93844.0,1500000.0,14.220976332738882,31.0362765229295
14.8,19.0,2005.0,fr Ligue 1,0,2,1,0,17,1336,fr FRA,0,DF,15,0,Emmanuel Biumla,Angers,DEF,1071956.0,4000000.0,15.201805169084134,19.652292950034223
32.0,33.0,1991.0,fr Ligue 1,0,4,0,0,32,2880,nl NED,0,GK,32,0,Marco Bizot,Brest,GK,124884.0,3000000.0,14.914123179965662,33.81519507186858
30.3,24.0,2000.0,es La Liga,1,11,0,1,35,2727,es ESP,0,MF,32,0,Antonio Blanco,Alavés,MID,495621.0,10000000.0,16.118095750958314,24.4435318275154
25.5,26.0,1997.0,fr Ligue 1,0,6,6,8,29,2293,fr FRA,0,"MF,FW",26,0,Ludovic Blas,Rennes,MID,288225.0,18000000.0,16.705882371415992,27.003422313483917
30.9,34.0,1990.0,es La Liga,0,2,0,2,34,2780,nl NED,0,DF,31,0,Daley Blind,Girona,DEF,12282.0,1500000.0,14.220976332738882,34.81724845995893
11.6,23.0,2001.0,de Bundesliga,0,2,9,1,19,1042,nl NED,1,FW,11,1,Myron Boadu,Bochum,FWD,412932.0,7000000.0,15.76142084987672,23.964407939767284
8.1,23.0,2000.0,fr Ligue 1,0,5,3,0,17,733,gh GHA,0,"FW,MF",8,0,Augustine Boakye,Saint-Étienne,FWD,579263.0,2500000.0,14.731801689838349,24.161533196440793
6.6,23.0,2000.0,de Bundesliga,0,1,0,2,13,593,fr FRA,0,DF,6,0,Sacha Boey,Bayern Munich,DEF,475413.0,18000000.0,16.705882371415992,24.301163586584533
11.7,27.0,1997.0,fr Ligue 1,0,0,1,2,21,1054,ci CIV,0,"MF,FW",12,0,Jeremie Boga,Nice,MID,216569.0,10000000.0,16.118095750958314,27.994524298425734
5.3,20.0,2004.0,eng Premier League,0,2,0,0,8,476,nl NED,0,"DF,MF",5,0,Lamare Bogarde,Aston Villa,DEF,645686.0,6000000.0,15.607270193858982,20.99110198494182
12.2,22.0,2002.0,es La Liga,0,3,0,0,18,1101,es ESP,0,"DF,FW",13,0,Adama Boiro,Athletic Club,DEF,710671.0,2500000.0,14.731801689838349,22.529774127310063
24.4,24.0,2000.0,fr Ligue 1,1,3,0,0,27,2192,ca CAN,0,DF,25,0,Moïse Bombito,Nice,DEF,1089202.0,10000000.0,16.118095750958314,24.758384668035593
18.0,20.0,2003.0,it Serie A,1,5,0,0,20,1618,fr FRA,0,MF,19,0,Warren Bondo,Monza,MID,659516.0,10000000.0,16.118095750958314,21.297741273100616
11.2,23.0,2000.0,de Bundesliga,0,2,8,1,19,1008,ng NGA,0,FW,12,1,Victor Boniface,Leverkusen,FWD,656681.0,40000000.0,17.50439003707821,24.024640657084188
28.1,20.0,2003.0,it Serie A,0,2,6,4,37,2529,fr FRA,2,FW,30,3,Ange-Yoan Bonny,Parma,FWD,827734.0,20000000.0,16.811242881518265,21.188227241615333
8.8,25.0,1999.0,de Bundesliga,0,2,2,1,15,788,be BEL,0,DF,8,0,Sebastiaan Bornauw,Wolfsburg,DEF,338629.0,6000000.0,15.607270193858982,25.782340862423
4.6,24.0,2000.0,eng Premier League,0,1,0,0,8,412,nl NED,0,DF,6,0,Sven Botman,Newcastle Utd,DEF,361093.0,42000000.0,17.553180200057167,24.971937029431896
12.8,16.0,2007.0,fr Ligue 1,0,2,0,1,24,1151,fr FRA,0,MF,11,0,Ayyoub Bouaddi,Lille,MID,1097139.0,28000000.0,17.147715103853763,17.251197809719372
12.2,19.0,2004.0,fr Ligue 1,0,2,3,3,26,1099,dz ALG,1,"MF,FW",11,1,Badredine Bouanani,Nice,MID,707242.0,7000000.0,15.76142084987672,20.06570841889117
19.7,22.0,2001.0,fr Ligue 1,0,6,1,0,25,1772,ma MAR,0,MF,20,0,Benjamin Bouchouari,Saint-Étienne,MID,783094.0,5000000.0,15.424948670398354,23.134839151266256
27.1,24.0,1999.0,fr Ligue 1,0,9,2,3,29,2435,dz ALG,0,MF,27,0,Hicham Boudaoui,Nice,MID,560593.0,15000000.0,16.52356082573315,25.27583846680356
18.3,25.0,1999.0,de Bundesliga,0,1,2,0,25,1646,ma MAR,0,MF,19,0,Carlo Boukhalfa,St. Pauli,MID,329373.0,2000000.0,14.508658238524095,25.66735112936345
9.3,22.0,2002.0,it Serie A,0,3,1,2,11,836,it ITA,0,"MF,FW",10,0,Edoardo Bove,Fiorentina,MID,562049.0,5000000.0,15.424948670398354,22.63107460643395
33.0,27.0,1996.0,eng Premier League,0,1,13,8,34,2973,eng ENG,1,"FW,MF",34,1,Jarrod Bowen,West Ham,FWD,314875.0,40000000.0,17.50439003707821,28.032854209445585
33.2,22.0,2001.0,es La Liga,0,5,2,0,34,2987,cm CMR,0,DF,33,0,Enzo Boyomo,Osasuna,DEF,541555.0,20000000.0,16.811242881518265,23.236139630390145
3.0,22.0,2001.0,es La Liga,0,0,0,0,3,270,cm CMR,0,DF,3,0,Enzo Boyomo,Valladolid,DEF,541555.0,20000000.0,16.811242881518265,23.236139630390145
21.5,24.0,1999.0,it Serie A,0,6,1,0,28,1933,hr CRO,0,DF,24,0,Domagoj Bradarić,Hellas Verona,DEF,357796.0,4000000.0,15.201805169084134,25.062286105407257
8.4,21.0,2003.0,eng Premier League,0,4,0,2,19,754,nir NIR,0,DF,7,0,Conor Bradley,Liverpool,DEF,624258.0,30000000.0,17.216707972959764,21.4839151266256
25.6,28.0,1996.0,de Bundesliga,0,1,5,10,30,2303,de GER,0,MF,28,0,Julian Brandt,Dortmund,MID,187492.0,25000000.0,17.034386422832473,28.66803559206023
27.9,22.0,2002.0,eng Premier League,0,4,0,1,30,2511,eng ENG,0,DF,28,0,Jarrad Branthwaite,Everton,DEF,661053.0,50000000.0,17.72753358339242,22.5160848733744
18.0,32.0,1992.0,es La Liga,0,4,1,2,30,1617,rs SRB,0,MF,15,0,Darko Brašanac,Leganés,MID,95641.0,500000.0,13.122365377402328,32.8870636550308
8.7,24.0,1999.0,fr Ligue 1,0,3,0,0,12,779,fr FRA,0,DF,9,0,Lilian Brassier,Marseille,DEF,485960.0,10000000.0,16.118095750958314,25.166324435318277
13.7,24.0,1999.0,fr Ligue 1,0,1,1,1,14,1234,fr FRA,0,DF,14,0,Lilian Brassier,Rennes,DEF,485960.0,10000000.0,16.118095750958314,25.166324435318277
3.0,22.0,2002.0,it Serie A,1,3,0,0,8,268,at AUT,0,MF,3,0,Matthias Braunöder,Como,MID,488052.0,1400000.0,14.151983508870947,22.767967145790553
7.6,19.0,2005.0,it Serie A,0,3,2,1,29,682,es ESP,0,"FW,MF",4,0,Iker Bravo,Udinese,FWD,741292.0,3000000.0,14.914123179965662,19.967145790554415
11.9,26.0,1997.0,eng Premier League,0,0,0,1,17,1075,eng ENG,0,DF,13,0,James Bree,Southampton,DEF,324223.0,2500000.0,14.731801689838349,27.058179329226558
4.3,24.0,2000.0,it Serie A,0,0,1,2,9,386,br BRA,0,"MF,FW",5,0,Brenner,Udinese,MID,412366.0,4000000.0,15.201805169084134,24.960985626283367
11.0,24.0,2000.0,it Serie A,0,1,4,2,29,991,it ITA,0,MF,9,0,Marco Brescianini,Atalanta,MID,459128.0,8000000.0,15.894952224644102,24.95003422313484
3.9,23.0,2000.0,de Bundesliga,0,0,2,0,13,350,de GER,1,"FW,MF",2,1,Maximilian Breunig,Heidenheim,FWD,584254.0,1500000.0,14.220976332738882,24.383299110198493
7.8,26.0,1998.0,eng Premier League,0,1,2,0,18,702,wls WAL,0,"MF,FW",7,0,Nathan Broadhead,Ipswich Town,MID,344009.0,4500000.0,15.319588176962746,26.743326488706366
3.7,22.0,2001.0,eng Premier League,0,1,0,0,10,334,al ALB,0,FW,4,0,Armando Broja,Everton,FWD,571743.0,12000000.0,16.300417291085605,23.310061601642712
10.7,27.0,1997.0,eng Premier League,0,3,2,0,29,960,wls WAL,0,"FW,MF",9,0,David Brooks,Bournemouth,FWD,277033.0,10000000.0,16.118095750958314,27.485284052019164
4.0,25.0,1999.0,it Serie A,0,0,0,0,6,362,se SWE,0,DF,3,0,Arvid Brorsson,Monza,DEF,381706.0,600000.0,13.304686600863562,25.65366187542779
15.4,23.0,2000.0,de Bundesliga,0,1,1,3,33,1390,de GER,0,"FW,MF",15,0,Moritz Broschinski,Bochum,FWD,406973.0,2000000.0,14.508658238524095,24.27378507871321
21.6,21.0,2003.0,de Bundesliga,0,2,3,6,26,1947,de GER,0,"DF,MF",22,0,Nathaniel Brown,Eint Frankfurt,DEF,691892.0,22000000.0,16.906553056777135,21.54688569472964
4.4,25.0,1998.0,de Bundesliga,0,0,2,2,12,400,dk DEN,0,"FW,MF",3,0,Jacob Bruun Larsen,Hoffenheim,FWD,293281.0,5000000.0,15.424948670398354,26.286105407255306
4.6,25.0,1998.0,de Bundesliga,0,1,1,0,15,414,dk DEN,0,"MF,FW",3,0,Jacob Bruun Larsen,Stuttgart,MID,293281.0,5000000.0,15.424948670398354,26.286105407255306
4.6,25.0,1999.0,es La Liga,0,2,1,2,13,416,ca CAN,0,MF,4,0,Tajon Buchanan,Villarreal,MID,638793.0,6000000.0,15.607270193858982,25.897330595482547
32.8,33.0,1991.0,es La Liga,0,4,21,4,38,2952,hr CRO,8,FW,34,8,Ante Budimir,Osasuna,FWD,46413.0,5000000.0,15.424948670398354,33.44832306639288
18.7,25.0,1998.0,eng Premier League,0,2,0,0,29,1687,uy URU,0,DF,18,0,Santiago Bueno,Wolves,DEF,438001.0,10000000.0,16.118095750958314,26.146475017111566
19.2,31.0,1993.0,de Bundesliga,0,4,7,2,25,1729,de GER,0,"FW,DF",22,0,Marius Bülter,Hoffenheim,FWD,116088.0,2500000.0,14.731801689838349,31.761806981519506
16.9,19.0,2004.0,eng Premier League,0,8,5,2,31,1523,ar ARG,0,"FW,MF",14,0,Facundo Buonanotte,Leicester City,FWD,983989.0,20000000.0,16.811242881518265,20.024640657084188
21.4,25.0,1999.0,it Serie A,0,2,1,0,22,1924,it ITA,0,DF,22,0,Alessandro Buongiorno,Napoli,DEF,386446.0,50000000.0,17.72753358339242,25.574264202600958
17.1,28.0,1995.0,eng Premier League,0,0,0,2,18,1541,au AUS,0,DF,16,0,Cameron Burgess,Ipswich Town,DEF,255788.0,2000000.0,14.508658238524095,29.19917864476386
23.4,24.0,2000.0,de Bundesliga,0,0,18,2,29,2109,de GER,2,FW,28,2,Jonathan Burkardt,Mainz 05,FWD,333647.0,35000000.0,17.370858648025116,24.476386036960985
10.1,27.0,1997.0,de Bundesliga,0,4,5,0,25,908,sct SCO,0,FW,9,0,Oliver Burke,Werder Bremen,FWD,341317.0,3000000.0,14.914123179965662,27.737166324435318
37.0,32.0,1992.0,eng Premier League,0,11,1,1,37,3330,eng ENG,0,DF,37,0,Dan Burn,Newcastle Utd,DEF,134270.0,6000000.0,15.607270193858982,32.648870636550306
15.5,29.0,1994.0,de Bundesliga,0,1,0,1,23,1396,de GER,0,"DF,MF",15,0,Marnon Busch,Heidenheim,DEF,117478.0,1200000.0,13.997832948091215,30.067077344284737
28.0,22.0,2002.0,it Serie A,0,4,2,0,33,2518,us USA,0,MF,28,0,Gianluca Busio,Venezia,MID,504209.0,6000000.0,15.607270193858982,22.598220396988363
21.9,27.0,1997.0,fr Ligue 1,0,5,0,1,27,1970,pt POR,0,DF,24,0,Aurélio Buta,Reims,DEF,258039.0,5000000.0,15.424948670398354,27.890485968514717
18.5,29.0,1995.0,it Serie A,0,0,0,0,19,1666,fr FRA,0,GK,18,0,Jean Butez,Como,GK,290537.0,3500000.0,15.068273812173887,29.568788501026695
34.0,24.0,1999.0,fr Ligue 1,0,0,0,0,34,3060,pl POL,0,GK,34,0,Marcin Bułka,Nice,GK,465955.0,20000000.0,16.811242881518265,25.245722108145106
11.2,34.0,1990.0,fr Ligue 1,0,1,1,2,23,1011,fr FRA,0,"FW,MF",12,0,Rémy Cabella,Lille,FWD,113707.0,2500000.0,14.731801689838349,34.81998631074607
31.9,33.0,1991.0,es La Liga,1,4,4,2,33,2869,uy URU,0,DF,32,0,Leandro Cabrera,Espanyol,DEF,102423.0,1000000.0,13.815511557963774,33.544147843942504
24.8,23.0,2000.0,it Serie A,0,6,2,4,33,2230,nz NZL,0,"MF,DF",24,0,Liberato Cacace,Empoli,MID,469211.0,3000000.0,14.914123179965662,24.262833675564682
29.8,27.0,1997.0,de Bundesliga,0,6,1,7,33,2684,fr FRA,0,DF,33,0,Anthony Caci,Mainz 05,DEF,453016.0,12000000.0,16.300417291085605,27.50444900752909
8.1,27.0,1997.0,fr Ligue 1,1,3,1,0,15,732,fr FRA,0,"MF,FW",9,0,Mathieu Cafaro,Saint-Étienne,MID,399383.0,2500000.0,14.731801689838349,27.772758384668034
37.2,22.0,2001.0,eng Premier League,0,11,1,2,38,3351,ec ECU,0,"MF,DF",38,0,Moisés Caicedo,Chelsea,MID,687626.0,90000000.0,18.31532023940565,23.16495550992471
7.0,33.0,1991.0,eng Premier League,1,3,2,0,25,628,sct SCO,0,MF,3,0,Tom Cairney,Fulham,MID,123275.0,1500000.0,14.220976332738882,33.949349760438054
21.8,24.0,1999.0,eng Premier League,0,2,1,1,30,1959,se SWE,0,MF,25,0,Jens Cajuste,Ipswich Town,MID,468066.0,12000000.0,16.300417291085605,25.39630390143737
7.0,27.0,1996.0,it Serie A,0,3,0,1,11,632,it ITA,0,DF,7,0,Davide Calabria,Bologna,DEF,262523.0,4500000.0,15.319588176962746,28.071184120465436
3.5,27.0,1996.0,it Serie A,0,0,0,0,7,316,it ITA,0,DF,4,0,Davide Calabria,Milan,DEF,262523.0,4500000.0,15.319588176962746,28.071184120465436
10.9,22.0,2002.0,eng Premier League,0,4,2,1,19,983,it ITA,0,DF,11,0,Riccardo Calafiori,Arsenal,DEF,502821.0,35000000.0,17.370858648025116,22.622861054072555
9.7,33.0,1991.0,it Serie A,0,5,0,0,14,876,it ITA,0,DF,10,0,Luca Caldirola,Monza,DEF,88680.0,700000.0,13.45883704259595,33.91649555099247
7.9,28.0,1995.0,es La Liga,0,1,1,0,21,715,es ESP,0,"DF,MF",6,0,Fernando Calero,Espanyol,DEF,357884.0,1500000.0,14.220976332738882,29.300479123887747
17.6,27.0,1996.0,fr Ligue 1,0,8,1,0,19,1584,hr CRO,0,DF,17,0,Duje Ćaleta-Car,Lyon,DEF,238266.0,7000000.0,15.76142084987672,28.290212183436
20.9,30.0,1994.0,it Serie A,0,5,5,6,28,1879,tr TUR,3,MF,25,4,Hakan Çalhanoğlu,Inter,MID,126414.0,30000000.0,17.216707972959764,30.89664613278576
17.9,27.0,1997.0,eng Premier League,0,2,3,1,26,1609,eng ENG,0,FW,19,0,Dominic Calvert-Lewin,Everton,FWD,306024.0,16000000.0,16.588099342704055,27.797399041752225
5.0,22.0,2002.0,it Serie A,0,3,0,0,21,447,ci CIV,0,"MF,FW",1,0,Drissa Camara,Parma,MID,614742.0,1500000.0,14.220976332738882,22.869267624914443
22.8,20.0,2004.0,fr Ligue 1,1,10,2,7,29,2054,sn SEN,0,MF,25,0,Lamine Camara,Monaco,MID,918969.0,22000000.0,16.906553056777135,21.00205338809035
29.5,26.0,1998.0,fr Ligue 1,0,5,5,3,34,2659,fr FRA,0,"MF,FW",31,0,Mahdi Camara,Brest,MID,324795.0,9000000.0,16.012735246411598,26.507871321013006
12.2,21.0,2002.0,es La Liga,0,2,1,2,19,1102,fr FRA,0,"MF,DF",11,0,Eduardo Camavinga,Real Madrid,MID,640428.0,60000000.0,17.909855136853043,22.143737166324435
6.9,23.0,2000.0,it Serie A,0,0,1,3,18,620,it ITA,0,FW,4,0,Nicolò Cambiaghi,Bologna,FWD,459151.0,8500000.0,15.955576839107596,24.01095140314853
24.7,24.0,2000.0,it Serie A,0,4,2,3,33,2221,it ITA,0,"DF,FW",25,0,Andrea Cambiaso,Juventus,DEF,459658.0,35000000.0,17.370858648025116,24.865160848733744
12.6,23.0,2001.0,es La Liga,0,2,3,2,23,1134,es ESP,0,FW,14,0,Sergio Camello,Rayo Vallecano,FWD,505674.0,3000000.0,14.914123179965662,23.890485968514717
13.2,31.0,1993.0,es La Liga,0,5,0,3,25,1189,es ESP,0,MF,15,0,José Campaña,Las Palmas,MID,120095.0,900000.0,13.710151153416941,31.589322381930184
23.4,30.0,1994.0,de Bundesliga,1,4,3,0,31,2105,de GER,2,"DF,MF",23,2,Emre Can,Dortmund,DEF,119296.0,7000000.0,15.76142084987672,30.97056810403833
15.8,22.0,2002.0,it Serie A,1,2,3,0,27,1424,it ITA,0,"FW,MF",19,0,Matteo Cancellieri,Parma,FWD,550106.0,4500000.0,15.319588176962746,22.885694729637233
17.0,26.0,1998.0,it Serie A,0,4,1,1,17,1530,gw GNB,0,DF,17,0,Fali Candé,Venezia,DEF,520530.0,2500000.0,14.731801689838349,26.937713894592743
11.2,24.0,2000.0,it Serie A,0,2,0,1,14,1008,it ITA,0,DF,12,0,Antonio Candela,Venezia,DEF,392881.0,1800000.0,14.403297778421795,24.681724845995895
10.1,24.0,2000.0,es La Liga,0,1,0,0,12,906,it ITA,0,DF,12,0,Antonio Candela,Valladolid,DEF,392881.0,1800000.0,14.403297778421795,24.681724845995895
4.1,27.0,1997.0,es La Liga,0,3,0,1,17,370,es ESP,0,"MF,FW",2,0,Sergi Canós,Valencia,MID,251845.0,2500000.0,14.731801689838349,27.912388774811774
12.3,18.0,2006.0,fr Ligue 1,0,2,0,0,18,1106,fr FRA,0,"DF,MF",12,0,Jaydee Canvot,Toulouse,DEF,1006411.0,4000000.0,15.201805169084134,18.428473648186174
5.4,37.0,1987.0,fr Ligue 1,0,4,0,0,16,483,fr FRA,0,MF,3,0,Pierrick Capelle,Angers,MID,214532.0,200000.0,12.206077645517674,37.71663244353183
18.3,31.0,1993.0,it Serie A,0,3,3,2,34,1651,it ITA,2,"MF,FW",18,2,Gianluca Caprari,Monza,MID,146752.0,4000000.0,15.201805169084134,31.42505133470226
18.0,22.0,2001.0,it Serie A,0,0,0,0,18,1620,it ITA,0,GK,18,0,Elia Caprile,Cagliari,GK,421873.0,9000000.0,16.012735246411598,23.353867214236825
3.6,22.0,2001.0,it Serie A,0,0,0,0,4,325,it ITA,0,GK,3,0,Elia Caprile,Napoli,GK,421873.0,9000000.0,16.012735246411598,23.353867214236825
12.1,24.0,2000.0,it Serie A,0,4,2,3,18,1087,fr FRA,0,MF,15,0,Maxence Caqueret,Como,MID,395237.0,16000000.0,16.588099342704055,24.878850102669404
6.4,24.0,2000.0,fr Ligue 1,0,1,0,0,9,573,fr FRA,0,MF,6,0,Maxence Caqueret,Lyon,MID,395237.0,16000000.0,16.588099342704055,24.878850102669404
24.3,23.0,2001.0,it Serie A,0,5,0,1,26,2191,it ITA,0,DF,25,0,Andrea Carboni,Monza,DEF,481834.0,2800000.0,14.845130332288226,23.906913073237508
6.0,27.0,1997.0,es La Liga,0,0,0,0,6,540,es ESP,0,GK,6,0,Dani Cárdenas,Rayo Vallecano,GK,397676.0,1800000.0,14.403297778421795,27.76454483230664
6.7,26.0,1997.0,es La Liga,0,1,1,1,16,606,fr FRA,0,"FW,MF",5,0,Irvin Cardona,Espanyol,FWD,342226.0,2500000.0,14.731801689838349,27.40041067761807
11.8,26.0,1997.0,fr Ligue 1,0,2,5,3,15,1063,fr FRA,0,FW,13,1,Irvin Cardona,Saint-Étienne,FWD,342226.0,2500000.0,14.731801689838349,27.40041067761807
32.7,25.0,1999.0,es La Liga,0,11,1,7,35,2945,es ESP,0,DF,34,0,Sergi Cardona,Villarreal,DEF,678406.0,10000000.0,16.118095750958314,25.48665297741273
23.8,22.0,2001.0,es La Liga,0,4,3,1,28,2144,us USA,0,MF,24,0,Johnny Cardoso,Betis,MID,689505.0,25000000.0,17.034386422832473,23.28268309377139
4.6,32.0,1992.0,fr Ligue 1,0,0,0,0,5,417,se SWE,0,GK,4,0,Patrik Carlgren,Nantes,GK,190280.0,600000.0,13.304686600863562,32.982888432580424
9.2,31.0,1993.0,eng Premier League,0,1,0,0,10,830,br BRA,0,DF,8,0,Diego Carlos,Aston Villa,DEF,329145.0,9500000.0,16.066802461833923,31.800136892539356
34.0,24.0,2000.0,it Serie A,0,1,0,0,34,3060,it ITA,0,GK,34,0,Marco Carnesecchi,Atalanta,GK,459763.0,25000000.0,17.034386422832473,24.503764544832308
18.4,23.0,2000.0,es La Liga,0,1,0,4,23,1656,es ESP,0,"MF,DF",19,0,Sergio Carreira,Celta Vigo,MID,545647.0,4000000.0,15.201805169084134,24.21902806297057
6.8,32.0,1992.0,es La Liga,0,1,1,0,8,609,es ESP,0,DF,7,0,Dani Carvajal,Real Madrid,DEF,138927.0,8000000.0,15.894952224644102,32.97467488021903
5.1,21.0,2002.0,eng Premier League,0,1,2,1,19,455,pt POR,0,"FW,MF",3,0,Fabio Carvalho,Brentford,FWD,559263.0,14000000.0,16.454567959008102,22.340862422997947
5.4,32.0,1992.0,es La Liga,0,1,0,0,14,484,pt POR,0,MF,6,0,William Carvalho,Betis,MID,100131.0,1500000.0,14.220976332738882,32.73648186173853
11.3,21.0,2003.0,it Serie A,0,1,1,1,15,1017,it ITA,0,MF,13,0,Cesare Casadei,Torino,MID,622380.0,15000000.0,16.52356082573315,21.976728268309376
17.9,20.0,2003.0,es La Liga,1,4,1,3,23,1611,es ESP,0,MF,20,0,Marc Casado,Barcelona,MID,636695.0,30000000.0,17.216707972959764,21.300479123887747
10.0,26.0,1998.0,it Serie A,0,1,0,1,15,900,it ITA,0,DF,9,0,Nicolò Casale,Bologna,DEF,389837.0,6000000.0,15.607270193858982,26.88021902806297
16.6,32.0,1992.0,eng Premier League,0,5,1,0,24,1494,br BRA,0,MF,18,0,Casemiro,Manchester Utd,MID,16306.0,10000000.0,16.118095750958314,32.85694729637235
23.0,26.0,1997.0,eng Premier League,0,7,1,1,27,2070,pl POL,0,DF,24,0,Matty Cash,Aston Villa,DEF,425334.0,25000000.0,17.034386422832473,27.4031485284052
22.2,22.0,2001.0,fr Ligue 1,0,5,4,4,27,1997,fr FRA,0,"FW,MF",23,0,Josué Casimir,Le Havre,FWD,763182.0,4000000.0,15.201805169084134,23.27173169062286
30.0,24.0,2000.0,fr Ligue 1,0,11,1,3,32,2696,ve VEN,0,MF,31,0,Cristian Cásseres Jr.,Toulouse,MID,467632.0,6000000.0,15.607270193858982,24.95003422313484
18.3,28.0,1995.0,eng Premier League,0,1,0,1,24,1649,be BEL,0,DF,17,0,Timothy Castagne,Fulham,DEF,262226.0,13000000.0,16.380459992348886,29.075975359342916
29.1,29.0,1995.0,fr Ligue 1,1,5,0,0,30,2620,cm CMR,0,"DF,MF",30,0,Jean-Charles Castelletto,Nantes,DEF,182875.0,3500000.0,15.068273812173887,29.932922655715263
25.5,19.0,2004.0,it Serie A,0,7,8,4,36,2294,ar ARG,0,FW,27,1,Santiago Castro,Bologna,FWD,849520.0,35000000.0,17.370858648025116,20.28747433264887
6.6,27.0,1997.0,it Serie A,0,0,0,0,12,596,it ITA,0,MF,7,0,Gaetano Castrovilli,Monza,MID,303116.0,1500000.0,14.220976332738882,27.871321013004792
19.0,29.0,1994.0,it Serie A,0,1,3,0,24,1712,it ITA,0,MF,22,0,Danilo Cataldi,Fiorentina,MID,199733.0,3500000.0,15.068273812173887,30.406570841889117
13.5,27.0,1996.0,es La Liga,0,4,0,0,23,1215,es ESP,0,MF,15,0,Dani Ceballos,Real Madrid,MID,319745.0,10000000.0,16.118095750958314,28.40246406570842
25.1,27.0,1997.0,it Serie A,0,5,0,2,31,2256,tr TUR,0,DF,27,0,Zeki Çelik,Roma,DEF,251075.0,6000000.0,15.607270193858982,27.871321013004792
3.0,30.0,1994.0,es La Liga,0,1,0,0,7,273,ar ARG,0,"FW,MF",4,0,Franco Cervi,Celta Vigo,FWD,341110.0,800000.0,13.592368256649284,30.60369609856263
12.6,19.0,2005.0,de Bundesliga,1,2,0,0,21,1130,fr FRA,0,DF,13,0,El Chadaille Bitshiabu,RB Leipzig,DEF,787912.0,18000000.0,16.705882371415992,19.630390143737166
11.3,21.0,2002.0,de Bundesliga,0,2,1,3,26,1013,dz ALG,0,"MF,FW",10,0,Fares Chaïbi,Eint Frankfurt,MID,855015.0,9000000.0,16.012735246411598,22.094455852156056
11.8,25.0,1999.0,eng Premier League,0,1,3,0,12,1060,eng ENG,0,DF,12,0,Trevoh Chalobah,Crystal Palace,DEF,346314.0,25000000.0,17.034386422832473,25.49486652977413
10.1,25.0,1999.0,eng Premier League,0,2,0,1,13,910,eng ENG,0,DF,11,0,Trevoh Chalobah,Chelsea,DEF,346314.0,25000000.0,17.034386422832473,25.49486652977413
9.5,27.0,1997.0,eng Premier League,0,2,1,1,22,857,eng ENG,0,"MF,FW",10,0,Conor Chaplin,Ipswich Town,MID,349503.0,6000000.0,15.607270193858982,27.874058863791923
26.8,29.0,1994.0,fr Ligue 1,0,6,1,0,27,2416,fr FRA,0,DF,27,0,Brendan Chardonnet,Brest,DEF,250779.0,6000000.0,15.607270193858982,30.028747433264886
3.0,25.0,1999.0,it Serie A,0,1,1,2,10,271,cg CGO,0,FW,0,0,Gabriel Charpentier,Parma,FWD,660342.0,1300000.0,14.077875591662238,25.6290212183436
8.2,20.0,2004.0,de Bundesliga,0,1,0,0,12,734,jp JPN,0,DF,7,0,Anrie Chase,Stuttgart,DEF,948537.0,3000000.0,14.914123179965662,20.774811772758383
28.7,26.0,1998.0,es La Liga,0,3,0,1,34,2585,es ESP,0,"DF,FW",28,0,Pep Chavarría,Rayo Vallecano,DEF,596122.0,5000000.0,15.424948670398354,26.729637234770706
24.3,23.0,2001.0,de Bundesliga,0,8,1,0,26,2185,br BRA,0,DF,24,0,Arthur Chaves,Hoffenheim,DEF,875332.0,5000000.0,15.424948670398354,23.923340177960302
6.6,22.0,2002.0,fr Ligue 1,0,1,1,0,10,596,ec ECU,0,"DF,MF",7,0,Jhoanner Chávez,Lens,DEF,713787.0,3500000.0,15.068273812173887,22.688569472963724
7.1,26.0,1998.0,es La Liga,0,3,1,1,22,640,ma MAR,0,FW,5,0,Walid Cheddira,Espanyol,FWD,521407.0,2500000.0,14.731801689838349,26.94318959616701
3.6,17.0,2006.0,fr Ligue 1,0,0,0,0,7,324,fr FRA,0,FW,3,0,Sidiki Cherif,Angers,FWD,986288.0,800000.0,13.592368256649284,18.04791238877481
22.7,20.0,2003.0,fr Ligue 1,0,3,8,11,30,2041,fr FRA,0,"FW,MF",22,0,Rayan Cherki,Lyon,FWD,607223.0,45000000.0,17.622173069956816,21.377138945927445
34.0,22.0,2001.0,fr Ligue 1,0,0,0,0,34,3060,fr FRA,0,GK,34,0,Lucas Chevalier,Lille,GK,463600.0,30000000.0,17.216707972959764,23.15400410677618
4.2,19.0,2005.0,de Bundesliga,0,0,1,0,16,379,it ITA,0,DF,3,0,Fabio Chiarodia,Gladbach,DEF,724104.0,2000000.0,14.508658238524095,19.575633127994525
3.4,26.0,1998.0,es La Liga,0,0,0,1,14,302,ar ARG,0,"MF,DF",2,0,Julián Chicco,Leganés,MID,401583.0,500000.0,13.122365377402328,26.967830253251197
26.1,27.0,1997.0,fr Ligue 1,0,6,0,2,30,2348,es ESP,0,MF,28,0,Pedro Chirivella,Nantes,MID,242273.0,5000000.0,15.424948670398354,27.61122518822724
21.0,22.0,2001.0,fr Ligue 1,0,5,1,0,26,1892,fr FRA,0,MF,23,0,Joris Chotard,Montpellier,MID,624037.0,6000000.0,15.607270193858982,23.27173169062286
23.5,29.0,1995.0,eng Premier League,0,9,2,3,29,2117,sct SCO,0,MF,27,0,Ryan Christie,Bournemouth,MID,188077.0,10000000.0,16.118095750958314,29.859000684462696
10.3,25.0,1999.0,it Serie A,0,0,3,2,26,925,ng NGA,0,"FW,MF",9,0,Samuel Chukwueze,Milan,FWD,401922.0,10000000.0,16.118095750958314,25.61533196440794
25.9,35.0,1989.0,es La Liga,0,1,0,0,27,2335,nl NED,0,GK,27,0,Jasper Cillessen,Las Palmas,GK,146227.0,800000.0,13.592368256649284,35.696098562628336
6.0,20.0,2003.0,it Serie A,0,1,0,0,6,540,au AUS,0,DF,6,0,Alessandro Circati,Parma,DEF,867137.0,8000000.0,15.894952224644102,21.229295003422312
23.8,30.0,1994.0,es La Liga,0,12,4,1,33,2140,sn SEN,0,"MF,DF",25,0,Pathé Ciss,Rayo Vallecano,MID,525578.0,2000000.0,14.508658238524095,30.798083504449007
12.5,20.0,2004.0,fr Ligue 1,0,4,1,0,14,1121,fr FRA,0,MF,14,0,Djaoui Cissé,Rennes,MID,931160.0,8000000.0,15.894952224644102,20.919917864476385
12.3,29.0,1995.0,it Serie A,0,1,1,1,21,1111,it ITA,0,"MF,DF",12,0,Patrick Ciurria,Monza,MID,255838.0,1500000.0,14.220976332738882,29.894592744695416
4.2,23.0,2001.0,eng Premier League,1,3,0,0,7,379,eng ENG,0,DF,4,0,Harry Clarke,Ipswich Town,DEF,528892.0,4500000.0,15.319588176962746,23.835728952772072
13.1,23.0,2000.0,eng Premier League,0,2,0,4,32,1181,eng ENG,0,"FW,MF",12,0,Jack Clarke,Ipswich Town,FWD,559794.0,15000000.0,16.52356082573315,24.10677618069815
23.4,26.0,1998.0,de Bundesliga,0,4,9,2,28,2109,fr FRA,0,"MF,FW",25,0,Alexis Claude-Maurice,Augsburg,MID,384593.0,12000000.0,16.300417291085605,26.573579739904176
25.6,31.0,1992.0,fr Ligue 1,0,7,3,8,28,2303,fr FRA,0,"DF,MF",27,0,Jonathan Clauss,Nice,DEF,175639.0,5000000.0,15.424948670398354,32.26830937713895
5.4,33.0,1991.0,eng Premier League,0,1,0,0,13,483,eng ENG,0,"DF,MF",5,0,Nathaniel Clyne,Crystal Palace,DEF,85177.0,1000000.0,13.815511557963774,33.74401095140315
19.0,31.0,1993.0,eng Premier League,0,3,1,0,22,1714,eng ENG,0,DF,19,0,Conor Coady,Leicester City,DEF,128901.0,2200000.0,14.603968372873895,31.849418206707735
10.6,28.0,1996.0,fr Ligue 1,2,3,0,1,20,951,fr FRA,0,DF,10,0,Marcus Coco,Nantes,DEF,353365.0,1200000.0,13.997832948091215,28.522929500342233
31.6,25.0,1999.0,it Serie A,0,10,2,0,32,2845,gq EQG,0,DF,32,0,Saúl Coco,Torino,DEF,588426.0,10000000.0,16.118095750958314,25.894592744695416
38.0,23.0,2001.0,eng Premier League,0,5,2,3,38,3420,ie IRL,0,DF,38,0,Nathan Collins,Brentford,DEF,469050.0,28000000.0,17.147715103853763,23.67419575633128
16.5,20.0,2004.0,de Bundesliga,0,4,1,1,24,1489,de GER,0,DF,15,0,Nnamdi Collins,Eint Frankfurt,DEF,684315.0,10000000.0,16.118095750958314,20.97741273100616
24.8,22.0,2002.0,it Serie A,1,5,6,2,37,2233,it ITA,1,"FW,MF",26,1,Lorenzo Colombo,Empoli,FWD,487843.0,5000000.0,15.424948670398354,22.819986310746064
15.9,25.0,1999.0,it Serie A,0,1,2,1,24,1432,it ITA,0,"FW,MF",17,0,Andrea Colpani,Fiorentina,FWD,392959.0,9500000.0,16.066802461833923,25.645448323066393
35.0,21.0,2003.0,eng Premier League,0,9,2,1,35,3149,eng ENG,0,DF,35,0,Levi Colwill,Chelsea,DEF,614258.0,55000000.0,17.822843761378564,21.848049281314168
14.2,28.0,1996.0,de Bundesliga,0,0,5,4,28,1282,fr FRA,0,FW,14,0,Kingsley Coman,Bayern Munich,FWD,243714.0,30000000.0,17.216707972959764,28.553045859000683
19.8,26.0,1998.0,es La Liga,0,6,0,0,25,1779,ch SUI,0,"DF,MF",21,0,Eray Cömert,Valladolid,DEF,298583.0,2000000.0,14.508658238524095,26.90759753593429
28.4,27.0,1996.0,es La Liga,0,7,4,2,35,2560,es ESP,0,MF,30,0,Santi Comesaña,Villarreal,MID,380598.0,8000000.0,15.894952224644102,28.240930869267626
23.4,19.0,2005.0,it Serie A,0,5,1,0,32,2110,it ITA,0,DF,23,0,Pietro Comuzzo,Fiorentina,DEF,746712.0,25000000.0,17.034386422832473,19.863107460643395
14.9,21.0,2002.0,it Serie A,1,5,3,3,26,1340,pt POR,0,"FW,MF",12,0,Francisco Conceição,Juventus,FWD,487474.0,28000000.0,17.147715103853763,22.050650239561943
21.8,25.0,1998.0,es La Liga,0,2,0,1,22,1962,es ESP,0,GK,22,0,Diego Conde,Villarreal,GK,341713.0,7500000.0,15.830413711839864,26.17932922655715
9.4,26.0,1998.0,es La Liga,0,8,1,0,22,847,ar ARG,0,"FW,MF",9,0,Tomás Conechny,Alavés,FWD,401571.0,1800000.0,14.403297778421795,26.759753593429156
9.9,28.0,1996.0,de Bundesliga,0,2,1,1,29,892,de GER,0,"FW,MF",4,0,Sirlord Conteh,Heidenheim,FWD,307183.0,1500000.0,14.220976332738882,28.48186173853525
33.1,27.0,1997.0,eng Premier League,1,8,1,3,36,2978,eng ENG,0,"MF,DF",32,0,Lewis Cook,Bournemouth,MID,249089.0,15000000.0,16.52356082573315,27.90965092402464
32.5,20.0,2003.0,it Serie A,0,10,2,0,34,2927,it ITA,0,DF,33,0,Diego Coppola,Hellas Verona,DEF,660860.0,10000000.0,16.118095750958314,21.013004791238878
15.8,26.0,1997.0,fr Ligue 1,2,9,0,0,21,1420,ca CAN,0,DF,17,0,Derek Cornelius,Marseille,DEF,328609.0,5000000.0,15.424948670398354,27.10198494182067
6.4,27.0,1996.0,fr Ligue 1,0,2,0,0,11,576,fr FRA,0,DF,7,0,Pierre Cornud,Saint-Étienne,DEF,536156.0,800000.0,13.592368256649284,28.05475701574264
8.9,29.0,1995.0,es La Liga,1,3,4,1,31,805,ar ARG,0,"FW,MF",3,0,Ángel Correa,Atlético Madrid,FWD,266807.0,10000000.0,16.118095750958314,29.817932922655714
8.1,29.0,1994.0,it Serie A,0,3,2,2,19,731,ar ARG,0,"FW,MF",6,0,Joaquín Correa,Inter,FWD,227081.0,3000000.0,14.914123179965662,30.38740588637919
8.5,25.0,1999.0,es La Liga,0,1,0,0,11,768,pt POR,0,DF,9,0,Thierry Correia,Valencia,DEF,367466.0,3000000.0,14.914123179965662,25.817932922655714
4.0,20.0,2003.0,it Serie A,0,3,0,1,9,357,pt POR,0,DF,3,0,Alberto costa,Juventus,DEF,877139.0,10000000.0,16.118095750958314,21.259411362080765
11.2,22.0,2002.0,es La Liga,0,4,1,1,19,1006,es ESP,0,"MF,FW",12,0,Coba da Costa,Getafe,MID,1033005.0,3000000.0,14.914123179965662,22.43668720054757
22.3,31.0,1993.0,de Bundesliga,0,0,0,1,25,2006,de GER,0,DF,25,0,Danny da Costa,Mainz 05,DEF,85906.0,1500000.0,14.220976332738882,31.471594798083505
28.7,23.0,2001.0,es La Liga,0,3,2,1,32,2587,cv CPV,0,DF,28,0,Logan Costa,Villarreal,DEF,484988.0,18000000.0,16.705882371415992,23.753593429158112
29.4,23.0,2000.0,es La Liga,1,10,0,2,32,2649,pt POR,0,MF,31,0,Samu Costa,Mallorca,MID,657430.0,15000000.0,16.52356082573315,24.095824777549623
11.9,31.0,1992.0,eng Premier League,0,5,0,0,22,1067,cz CZE,0,DF,11,0,Vladimír Coufal,West Ham,DEF,157672.0,5000000.0,15.424948670398354,32.36139630390144
29.6,28.0,1996.0,it Serie A,0,3,1,0,38,2667,ml MLI,0,MF,30,0,Lassana Coulibaly,Lecce,MID,386552.0,2500000.0,14.731801689838349,28.72826830937714
4.9,20.0,2003.0,fr Ligue 1,0,1,0,0,7,438,fr FRA,0,DF,5,0,Soumaïla Coulibaly,Brest,DEF,659513.0,8000000.0,15.894952224644102,21.218343600273784
16.5,23.0,2001.0,fr Ligue 1,2,4,3,0,25,1485,fr FRA,0,"FW,MF",17,0,Tanguy Coulibaly,Montpellier,FWD,618425.0,1500000.0,14.220976332738882,23.86858316221766
12.0,25.0,1999.0,it Serie A,1,1,0,1,14,1084,ml MLI,0,DF,12,0,Woyo Coulibaly,Parma,DEF,592975.0,2000000.0,14.508658238524095,25.60438056125941
3.4,17.0,2007.0,fr Ligue 1,0,0,0,0,8,309,fr FRA,0,"MF,DF",3,0,Marius Courcoul,Angers,MID,1075575.0,300000.0,12.611541086966115,18.001368925393567
30.0,32.0,1992.0,es La Liga,0,1,0,0,30,2700,be BEL,0,GK,30,0,Thibaut Courtois,Real Madrid,GK,108390.0,20000000.0,16.811242881518265,32.643394934976044
9.9,22.0,2002.0,de Bundesliga,0,5,0,0,21,895,br BRA,0,"DF,FW",8,0,Yan Couto,Dortmund,DEF,627228.0,20000000.0,16.811242881518265,22.581793292265573
22.8,25.0,1999.0,fr Ligue 1,1,3,1,0,27,2051,fr FRA,0,"DF,MF",23,0,Nicolas Cozza,Nantes,DEF,485965.0,3500000.0,15.068273812173887,25.982203969883642
9.2,34.0,1989.0,eng Premier League,0,3,0,0,18,824,eng ENG,0,DF,10,0,Aaron Cresswell,West Ham,DEF,92571.0,500000.0,13.122365377402328,35.04722792607803
28.8,21.0,2002.0,fr Ligue 1,0,5,3,1,31,2592,eng ENG,0,DF,29,0,Charlie Cresswell,Toulouse,DEF,597659.0,10000000.0,16.118095750958314,22.376454483230663
22.7,29.0,1995.0,it Serie A,0,8,4,2,30,2045,it ITA,0,MF,23,0,Bryan Cristante,Roma,MID,199248.0,7000000.0,15.76142084987672,29.83436002737851
25.1,24.0,2000.0,es La Liga,0,2,5,4,34,2257,es ESP,0,"FW,MF",26,0,Juan Cruz,Leganés,FWD,585700.0,5000000.0,15.424948670398354,24.687200547570157
9.2,36.0,1988.0,it Serie A,0,3,0,2,23,832,co COL,0,"DF,MF",7,0,Juan Cuadrado,Atalanta,DEF,91970.0,1000000.0,13.815511557963774,36.602327173169066
29.1,17.0,2007.0,es La Liga,0,3,0,3,35,2618,es ESP,0,DF,29,0,Pau Cubarsí,Barcelona,DEF,962110.0,80000000.0,18.197537205138154,17.94387405886379
33.2,26.0,1998.0,eng Premier League,1,10,5,1,36,2988,es ESP,0,DF,33,0,Marc Cucurella,Chelsea,DEF,284857.0,35000000.0,17.370858648025116,26.4476386036961
3.9,24.0,1999.0,eng Premier League,0,0,0,0,8,351,es ESP,0,DF,4,0,Jorge Cuenca,Fulham,DEF,494880.0,5000000.0,15.424948670398354,25.125256673511295
28.9,25.0,1999.0,eng Premier League,0,4,15,6,33,2597,br BRA,0,"MF,FW",29,0,Matheus Cunha,Wolves,MID,517894.0,60000000.0,17.909855136853043,25.60164271047228
22.7,26.0,1998.0,it Serie A,0,1,7,4,33,2047,it ITA,0,FW,23,1,Patrick Cutrone,Como,FWD,265078.0,6000000.0,15.607270193858982,26.99520876112252
9.2,23.0,2000.0,de Bundesliga,1,5,2,0,28,831,cz CZE,0,FW,7,0,Tomáš Čvančara,Gladbach,FWD,544148.0,3000000.0,14.914123179965662,24.386036960985628
12.2,35.0,1988.0,it Serie A,1,2,0,1,20,1095,it ITA,0,DF,12,0,Danilo D'Ambrosio,Monza,DEF,55769.0,700000.0,13.45883704259595,36.31211498973306
29.0,23.0,2001.0,it Serie A,0,4,3,2,36,2613,fr FRA,0,MF,30,0,Lucas Da Cunha,Como,MID,495667.0,10000000.0,16.118095750958314,23.564681724845997
19.0,26.0,1998.0,de Bundesliga,0,0,0,0,19,1710,de GER,0,GK,19,0,Finn Dahmen,Augsburg,GK,251299.0,9000000.0,16.012735246411598,26.767967145790553
9.0,30.0,1994.0,de Bundesliga,0,0,0,0,9,810,de GER,0,GK,9,0,Thomas Dähne,Holstein Kiel,GK,115979.0,400000.0,12.899222326086994,30.99247091033539
4.0,28.0,1996.0,de Bundesliga,0,2,1,1,9,364,de GER,0,MF,3,0,Mahmoud Dahoud,Eint Frankfurt,MID,191422.0,3500000.0,15.068273812173887,29.00205338809035
4.8,22.0,2002.0,de Bundesliga,1,0,0,0,7,432,be BEL,0,DF,6,0,Ameen Al-Dakhil,Stuttgart,DEF,620598.0,7500000.0,15.830413711839864,22.82546201232033
12.8,23.0,2000.0,it Serie A,0,1,3,2,31,1154,nl NED,0,FW,11,0,Thijs Dallinga,Bologna,FWD,538964.0,12000000.0,16.300417291085605,24.413415468856947
31.3,25.0,1999.0,eng Premier League,0,5,0,3,33,2814,pt POR,0,DF,31,0,Diogo Dalot,Manchester Utd,DEF,357147.0,30000000.0,17.216707972959764,25.793292265571527
32.3,24.0,2000.0,eng Premier League,0,2,2,10,38,2911,dk DEN,0,"MF,FW",34,0,Mikkel Damsgaard,Brentford,MID,540941.0,28000000.0,17.147715103853763,24.49828884325804
11.2,23.0,2001.0,it Serie A,0,0,0,0,18,1004,at AUT,0,DF,9,0,Flavius Daniliuc,Hellas Verona,DEF,322655.0,2700000.0,14.80876270134486,23.682409308692677
3.1,23.0,2001.0,eng Premier League,0,0,0,0,8,275,br BRA,0,"MF,FW",5,0,Danilo,Nott'ham Forest,MID,808509.0,28000000.0,17.147715103853763,23.67693360711841
6.5,33.0,1991.0,it Serie A,0,2,0,1,12,581,br BRA,0,DF,6,0,Danilo,Juventus,DEF,145707.0,3500000.0,15.068273812173887,33.46748802190281
14.8,27.0,1997.0,es La Liga,0,2,2,0,25,1335,nl NED,0,"FW,MF",15,0,Arnaut Danjuma,Girona,FWD,355861.0,4000000.0,15.201805169084134,27.917864476386036
16.2,20.0,2004.0,fr Ligue 1,0,1,0,0,22,1460,fr FRA,0,MF,16,0,Kévin Danois,Auxerre,MID,743496.0,8000000.0,15.894952224644102,20.511978097193705
9.4,25.0,1998.0,eng Premier League,0,0,0,0,10,842,at AUT,0,DF,9,0,Kevin Danso,Tottenham,DEF,263236.0,25000000.0,17.034386422832473,26.286105407255306
12.0,25.0,1998.0,fr Ligue 1,0,3,0,0,12,1080,at AUT,0,DF,12,0,Kevin Danso,Lens,DEF,263236.0,25000000.0,17.034386422832473,26.286105407255306
21.8,40.0,1983.0,fr Ligue 1,1,5,0,0,25,1964,br BRA,0,DF,21,0,Dante,Nice,DEF,16136.0,500000.0,13.122365377402328,41.20739219712526
14.5,18.0,2006.0,de Bundesliga,0,0,1,1,21,1304,hu HUN,0,MF,16,0,Bence Dárdai,Wolfsburg,MID,789252.0,12000000.0,16.300417291085605,18.937713894592743
30.5,30.0,1993.0,es La Liga,0,4,2,6,38,2744,es ESP,0,"MF,FW",34,0,Sergi Darder,Mallorca,MID,142021.0,4000000.0,15.201805169084134,31.028062970568104
19.8,34.0,1989.0,it Serie A,0,3,3,2,29,1781,it ITA,0,DF,20,0,Matteo Darmian,Inter,DEF,54906.0,2500000.0,14.731801689838349,35.082819986310746
4.6,25.0,1998.0,de Bundesliga,0,0,1,1,14,412,de GER,0,"MF,FW",3,1,Lukas Daschner,Bochum,MID,334213.0,900000.0,13.710151153416941,26.253251197809718
28.4,24.0,2000.0,fr Ligue 1,0,4,16,5,32,2554,ca CAN,6,FW,28,7,Jonathan David,Lille,FWD,533738.0,45000000.0,17.622173069956816,24.966461327857633
17.3,23.0,2000.0,de Bundesliga,0,0,1,2,19,1560,ca CAN,0,DF,17,0,Alphonso Davies,Bayern Munich,DEF,424204.0,50000000.0,17.72753358339242,24.164271047227928
14.8,31.0,1993.0,eng Premier League,0,5,0,0,17,1331,wls WAL,0,DF,14,0,Ben Davies,Tottenham,DEF,192765.0,6000000.0,15.607270193858982,31.690622861054074
11.8,26.0,1998.0,it Serie A,0,2,2,1,23,1066,eng ENG,0,FW,10,0,Keinan Davis,Udinese,FWD,412660.0,3400000.0,15.039286283703994,26.882956878850102
30.5,24.0,2000.0,eng Premier League,1,5,1,2,33,2743,eng ENG,0,DF,32,0,Leif Davis,Ipswich Town,DEF,596446.0,22000000.0,16.906553056777135,25.00479123887748
30.9,23.0,2001.0,fr Ligue 1,0,3,9,8,33,2778,ge GEO,2,"FW,MF",32,2,Zuriko Davitashvili,Saint-Étienne,FWD,427572.0,10000000.0,16.118095750958314,23.876796714579054
20.5,29.0,1995.0,it Serie A,1,7,0,0,26,1845,pl POL,0,"DF,MF",24,0,Paweł Dawidowicz,Hellas Verona,DEF,248732.0,2500000.0,14.731801689838349,29.620807665982205
10.8,34.0,1990.0,eng Premier League,0,2,0,0,15,971,eng ENG,0,DF,10,0,Craig Dawson,Wolves,DEF,121477.0,1500000.0,14.220976332738882,34.65845311430527
18.9,33.0,1991.0,eng Premier League,0,2,4,7,28,1702,be BEL,0,"MF,FW",19,0,Kevin De Bruyne,Manchester City,MID,88755.0,20000000.0,16.811242881518265,33.51403148528405
8.3,31.0,1993.0,eng Premier League,0,2,1,2,23,744,jm JAM,0,FW,9,0,Bobby De Cordova-Reid,Leicester City,FWD,186186.0,2500000.0,14.731801689838349,31.912388774811774
23.0,23.0,2001.0,it Serie A,0,1,7,7,36,2070,be BEL,0,"MF,FW",25,0,Charles De Ketelaere,Atalanta,MID,435772.0,35000000.0,17.370858648025116,23.813826146475016
23.4,30.0,1994.0,es La Liga,0,7,3,5,34,2106,ar ARG,0,MF,23,0,Rodrigo De Paul,Atlético Madrid,MID,255901.0,25000000.0,17.034386422832473,30.60917180013689
8.5,31.0,1992.0,it Serie A,0,0,1,0,16,769,it ITA,0,DF,7,0,Mattia De Sciglio,Empoli,DEF,88682.0,1000000.0,13.815511557963774,32.199863107460644
11.8,36.0,1988.0,it Serie A,0,1,1,0,18,1060,it ITA,0,DF,13,0,Lorenzo De Silvestri,Bologna,DEF,33571.0,800000.0,13.592368256649284,36.610540725530456
23.7,22.0,2002.0,it Serie A,0,6,3,0,25,2135,be BEL,0,DF,23,0,Koni De Winter,Genoa,DEF,490384.0,22000000.0,16.906553056777135,22.55715263518138
3.5,21.0,2002.0,fr Ligue 1,0,1,0,1,10,314,ba BIH,0,DF,2,0,Amar Dedić,Marseille,DEF,519184.0,12000000.0,16.300417291085605,22.373716632443532
15.9,28.0,1995.0,it Serie A,0,6,2,1,29,1432,it ITA,0,MF,16,0,Alessandro Deiola,Cagliari,MID,235931.0,1600000.0,14.285514812209815,29.420944558521562
14.0,28.0,1996.0,fr Ligue 1,0,0,6,4,26,1259,fr FRA,3,FW,14,4,Romain Del Castillo,Brest,FWD,353399.0,7000000.0,15.76142084987672,28.761122518822724
28.8,21.0,2003.0,eng Premier League,0,12,12,2,37,2593,eng ENG,2,FW,32,2,Liam Delap,Ipswich Town,FWD,610849.0,40000000.0,17.50439003707821,21.897330595482547
10.5,23.0,2001.0,it Serie A,0,0,3,1,20,947,ng NGA,0,"MF,FW",12,0,Fisayo Dele-Bashiru,Lazio,MID,530742.0,7500000.0,15.830413711839864,23.901437371663246
6.7,32.0,1991.0,fr Ligue 1,0,1,0,0,9,607,dz ALG,0,FW,8,0,Andy Delort,Montpellier,FWD,122797.0,1500000.0,14.220976332738882,33.23203285420944
4.3,20.0,2004.0,it Serie A,1,4,1,0,15,388,fr FRA,0,DF,4,0,Ali Dembélé,Torino,DEF,1004344.0,300000.0,12.611541086966115,20.99110198494182
19.2,27.0,1997.0,fr Ligue 1,0,1,21,6,29,1730,fr FRA,1,FW,20,1,Ousmane Dembélé,Paris S-G,FWD,288230.0,90000000.0,18.31532023940565,27.633127994524298
20.6,26.0,1998.0,de Bundesliga,0,2,15,1,34,1855,ba BIH,0,FW,20,2,Ermedin Demirović,Stuttgart,FWD,335457.0,22000000.0,16.906553056777135,26.77344284736482
28.7,22.0,2001.0,eng Premier League,0,3,0,0,31,2586,nl NED,0,DF,29,0,Sepp van den Berg,Brentford,DEF,541231.0,22000000.0,16.906553056777135,23.033538672142367
18.0,30.0,1994.0,fr Ligue 1,0,2,0,0,18,1620,fr FRA,0,GK,18,0,Arthur Desmas,Le Havre,GK,379869.0,2500000.0,14.731801689838349,30.7378507871321
5.6,20.0,2003.0,eng Premier League,0,1,1,1,23,507,nir NIR,0,MF,4,0,Justin Devenny,Crystal Palace,MID,747009.0,6000000.0,15.607270193858982,21.22655715263518
33.0,27.0,1997.0,it Serie A,0,0,0,0,33,2970,it ITA,0,GK,33,0,Michele Di Gregorio,Juventus,GK,301238.0,18000000.0,16.705882371415992,27.433264887063654
37.0,30.0,1993.0,it Serie A,0,6,3,2,37,3330,it ITA,0,DF,37,0,Giovanni Di Lorenzo,Napoli,DEF,169880.0,12000000.0,16.300417291085605,31.411362080766597
24.2,27.0,1996.0,it Serie A,0,2,9,3,35,2177,sn SEN,0,"MF,FW",27,0,Boulaye Dia,Lazio,MID,626913.0,15000000.0,16.52356082573315,28.125941136208077
7.3,27.0,1996.0,es La Liga,0,0,2,0,13,653,gn GUI,0,DF,7,0,Mouctar Diakhaby,Valencia,DEF,346289.0,2000000.0,14.508658238524095,28.035592060232716
9.5,18.0,2005.0,fr Ligue 1,0,2,2,1,28,858,fr FRA,0,"FW,MF",5,0,Mamadou Diakhon,Reims,FWD,1054839.0,3000000.0,14.914123179965662,19.277207392197127
30.7,23.0,2001.0,fr Ligue 1,1,8,4,1,31,2766,fr FRA,0,DF,31,0,Bafodé Diakité,Lille,DEF,463605.0,28000000.0,17.147715103853763,23.98631074606434
18.1,20.0,2003.0,fr Ligue 1,0,6,4,1,26,1628,ci CIV,0,FW,20,1,Oumar Diakité,Reims,FWD,847279.0,6000000.0,15.607270193858982,21.034907597535934
21.1,22.0,2002.0,eng Premier League,0,5,8,6,26,1901,ci CIV,0,"MF,FW",20,0,Amad Diallo,Manchester Utd,MID,536835.0,45000000.0,17.622173069956816,22.477754962354553
13.9,18.0,2005.0,it Serie A,0,2,8,1,15,1252,sn SEN,0,"FW,MF",14,0,Assane Diao,Como,FWD,1061282.0,30000000.0,17.216707972959764,19.318275154004105
3.1,18.0,2005.0,es La Liga,0,0,1,2,10,277,sn SEN,0,FW,2,0,Assane Diao,Betis,FWD,1061282.0,30000000.0,17.216707972959764,19.318275154004105
26.1,20.0,2004.0,fr Ligue 1,0,6,4,5,30,2352,sn SEN,2,"MF,FW",27,2,Habib Diarra,Strasbourg,MID,876631.0,20000000.0,16.811242881518265,20.996577686516083
20.7,23.0,2000.0,es La Liga,0,6,0,0,26,1866,ml MLI,0,DF,20,0,Moussa Diarra,Alavés,DEF,694509.0,1800000.0,14.403297778421795,24.142368240930868
25.2,27.0,1997.0,eng Premier League,0,4,0,0,27,2271,pt POR,0,DF,25,0,Rúben Dias,Manchester City,DEF,258004.0,65000000.0,17.989897843244528,27.63586584531143
5.6,25.0,1999.0,fr Ligue 1,0,3,0,0,19,508,sn SEN,0,"DF,FW",3,0,Krépin Diatta,Monaco,DEF,490426.0,7000000.0,15.76142084987672,25.8507871321013
6.5,19.0,2005.0,fr Ligue 1,0,0,0,1,15,582,fr FRA,0,MF,6,0,Mahamadou Diawara,Le Havre,MID,1053147.0,2000000.0,14.508658238524095,19.871321013004792
15.4,24.0,1999.0,es La Liga,0,0,4,2,31,1385,ma MAR,0,"FW,MF",16,0,Brahim Díaz,Real Madrid,FWD,314678.0,40000000.0,17.50439003707821,25.415468856947296
26.7,27.0,1997.0,eng Premier League,0,2,13,5,36,2399,co COL,0,FW,28,0,Luis Díaz,Liverpool,FWD,480692.0,70000000.0,18.064005814299346,27.967145790554415
13.5,26.0,1998.0,es La Liga,0,2,3,0,26,1211,es ESP,0,MF,12,1,Pedro Díaz,Rayo Vallecano,MID,653363.0,400000.0,12.899222326086994,26.699520876112253
20.8,18.0,2006.0,eng Premier League,0,6,2,0,33,1874,eng ENG,0,"FW,MF",20,0,Tyler Dibling,Southampton,FWD,866655.0,25000000.0,17.034386422832473,18.872005475701574
5.9,24.0,2000.0,fr Ligue 1,0,1,3,0,18,532,sn SEN,1,FW,5,1,Bamba Dieng,Angers,FWD,822458.0,3000000.0,14.914123179965662,24.777549623545518
16.3,30.0,1994.0,de Bundesliga,0,1,2,1,21,1463,eng ENG,0,DF,16,0,Eric Dier,Bayern Munich,DEF,175722.0,8000000.0,15.894952224644102,30.962354551676935
26.1,31.0,1993.0,eng Premier League,0,4,0,4,32,2351,fr FRA,0,DF,28,0,Lucas Digne,Aston Villa,DEF,126664.0,10000000.0,16.118095750958314,31.45242984257358
23.8,26.0,1997.0,it Serie A,0,3,4,7,32,2140,it ITA,0,"DF,FW",28,0,Federico Dimarco,Inter,DEF,198116.0,50000000.0,17.72753358339242,27.143052703627653
4.0,30.0,1993.0,es La Liga,0,1,0,0,4,360,mk MKD,0,GK,4,0,Stole Dimitrievski,Valencia,GK,165467.0,2500000.0,14.731801689838349,31.019849418206707
3.3,23.0,2000.0,de Bundesliga,0,0,0,1,7,293,fr FRA,0,"MF,FW",3,0,Junior Dina Ebimbe,Eint Frankfurt,MID,536482.0,6000000.0,15.607270193858982,24.112251882272417
13.3,22.0,2001.0,de Bundesliga,0,1,0,3,23,1196,de GER,0,"MF,FW",13,0,Eren Dinkçi,Freiburg,MID,645774.0,8000000.0,15.894952224644102,23.052703627652292
21.6,23.0,2001.0,fr Ligue 1,0,6,3,2,23,1945,ci CIV,0,DF,22,0,Sinaly Diomande,Auxerre,DEF,702441.0,5000000.0,15.424948670398354,23.731690622861056
6.1,17.0,2006.0,es La Liga,0,1,2,1,10,545,ci CIV,0,"MF,FW",6,0,Yan Diomandé,Leganés,MID,1390649.0,1500000.0,14.220976332738882,18.132785763175907
14.9,27.0,1997.0,eng Premier League,0,2,0,0,21,1339,fr FRA,0,DF,15,0,Issa Diop,Fulham,DEF,272622.0,14000000.0,16.454567959008102,27.978097193702943
11.8,24.0,2000.0,fr Ligue 1,0,3,6,4,28,1064,fr FRA,0,"MF,FW",8,0,Sofiane Diop,Nice,MID,569389.0,10000000.0,16.118095750958314,24.56399726214921
24.7,21.0,2003.0,fr Ligue 1,0,2,1,2,34,2225,fr FRA,0,MF,27,0,Andy Diouf,Lens,MID,711976.0,15000000.0,16.52356082573315,21.6290212183436
34.0,24.0,1999.0,fr Ligue 1,0,1,0,0,34,3060,sn SEN,0,GK,34,0,Yehvann Diouf,Reims,GK,448632.0,12000000.0,16.300417291085605,25.127994524298426
7.4,26.0,1997.0,fr Ligue 1,0,1,0,0,17,663,sn SEN,0,MF,7,0,Assane Dioussé,Auxerre,MID,287635.0,700000.0,13.45883704259595,27.28268309377139
5.4,26.0,1998.0,eng Premier League,0,2,0,0,7,490,fr FRA,0,DF,5,0,Axel Disasi,Aston Villa,DEF,386047.0,22000000.0,16.906553056777135,26.811772758384667
4.0,26.0,1998.0,eng Premier League,0,1,1,0,6,364,fr FRA,0,DF,4,0,Axel Disasi,Chelsea,DEF,386047.0,22000000.0,16.906553056777135,26.811772758384667
7.3,24.0,1999.0,es La Liga,0,2,1,0,17,659,es ESP,0,FW,7,0,Álvaro djaló,Athletic Club,FWD,671649.0,5000000.0,15.424948670398354,25.37987679671458
29.3,31.0,1993.0,it Serie A,0,6,1,2,34,2640,al ALB,0,DF,32,0,Berat Djimsiti,Atalanta,DEF,165513.0,6000000.0,15.607270193858982,31.865845311430526
32.0,32.0,1992.0,es La Liga,0,0,0,0,32,2880,rs SRB,0,GK,32,0,Marko Dmitrović,Leganés,GK,94308.0,800000.0,13.592368256649284,32.93908281998631
31.8,26.0,1998.0,de Bundesliga,0,2,10,7,34,2862,jp JPN,0,"FW,MF",33,0,Ritsu Doan,Freiburg,FWD,358504.0,25000000.0,17.034386422832473,26.546201232032853
33.6,25.0,1998.0,it Serie A,0,8,0,4,34,3025,br BRA,0,DF,34,0,Dodô,Fiorentina,DEF,401529.0,24000000.0,16.993564429978885,26.12457221081451
34.0,26.0,1998.0,de Bundesliga,0,4,1,1,34,3060,nl NED,0,DF,34,0,Danilho Doekhi,Union Berlin,DEF,387047.0,13000000.0,16.380459992348886,26.507871321013006
23.4,32.0,1992.0,eng Premier League,0,6,2,1,30,2109,ie IRL,0,DF,25,0,Matt Doherty,Wolves,DEF,171679.0,2000000.0,14.508658238524095,32.96098562628337
16.8,22.0,2002.0,eng Premier League,0,1,3,6,29,1516,be BEL,0,"FW,MF",16,0,Jeremy Doku,Manchester City,FWD,486049.0,50000000.0,17.72753358339242,22.600958247775495
3.4,18.0,2006.0,es La Liga,0,0,0,0,10,303,es ESP,0,"FW,MF",3,0,Marc Domenech,Mallorca,FWD,1296876.0,1000000.0,13.815511557963774,18.086242299794662
14.2,20.0,2003.0,it Serie A,0,0,3,2,24,1281,ar ARG,0,FW,16,0,Benjamín Domínguez,Bologna,FWD,961022.0,15000000.0,16.52356082573315,21.286789869952088
13.1,23.0,2001.0,es La Liga,0,1,0,0,19,1181,es ESP,0,DF,13,0,Carlos Dominguez,Celta Vigo,DEF,636093.0,3000000.0,14.914123179965662,23.887748117727583
21.8,26.0,1998.0,eng Premier League,0,9,0,1,34,1963,ar ARG,0,"MF,FW",23,0,Nicolás Domínguez,Nott'ham Forest,MID,497291.0,18000000.0,16.705882371415992,26.51334702258727
23.2,25.0,1999.0,fr Ligue 1,0,2,0,0,24,2091,it ITA,0,GK,24,0,Gianluigi Donnarumma,Paris S-G,GK,315858.0,40000000.0,17.50439003707821,25.8507871321013
9.4,19.0,2004.0,eng Premier League,1,3,0,0,12,842,dk DEN,0,DF,10,0,Patrick Dorgu,Manchester Utd,DEF,926952.0,25000000.0,17.034386422832473,20.18343600273785
20.4,19.0,2004.0,it Serie A,1,2,3,1,21,1840,dk DEN,0,"DF,FW",21,0,Patrick Dorgu,Lecce,DEF,926952.0,25000000.0,17.034386422832473,20.18343600273785
14.8,26.0,1998.0,de Bundesliga,1,5,2,2,22,1335,de GER,0,MF,19,0,Niklas Dorsch,Heidenheim,MID,251302.0,3500000.0,15.068273812173887,26.962354551676935
20.3,25.0,1998.0,it Serie A,1,1,0,2,23,1825,it ITA,0,DF,20,0,Alberto Dossena,Como,DEF,385394.0,8000000.0,15.894952224644102,26.220396988364133
28.5,31.0,1993.0,eng Premier League,1,5,3,2,33,2564,ml MLI,0,MF,31,0,Abdoulaye Doucouré,Everton,MID,127187.0,7000000.0,15.76142084987672,32.0
5.0,24.0,2000.0,eng Premier League,0,1,0,0,13,452,ml MLI,0,MF,4,0,Cheick Doucouré,Crystal Palace,MID,543387.0,25000000.0,17.034386422832473,24.982888432580424
19.2,19.0,2005.0,fr Ligue 1,0,1,6,6,31,1730,fr FRA,0,"FW,MF",18,0,Désiré Doué,Paris S-G,FWD,914562.0,90000000.0,18.31532023940565,19.581108829568787
30.2,21.0,2002.0,fr Ligue 1,0,7,1,2,32,2717,ci CIV,0,DF,30,0,Guela Doué,Strasbourg,DEF,711980.0,18000000.0,16.705882371415992,22.209445585215605
29.3,21.0,2003.0,fr Ligue 1,0,7,1,1,31,2639,fr FRA,0,"DF,MF",31,0,Ismaël Doukouré,Strasbourg,DEF,786436.0,18000000.0,16.705882371415992,21.44284736481862
14.7,21.0,2003.0,fr Ligue 1,0,1,3,2,30,1322,ml MLI,0,"MF,FW",13,0,Kamory Doumbia,Brest,MID,671594.0,4000000.0,15.201805169084134,21.869952087611225
6.4,24.0,1999.0,it Serie A,0,1,2,2,13,580,gr GRE,0,FW,6,0,Anastasios Douvikas,Como,FWD,523318.0,10000000.0,16.118095750958314,25.418206707734427
7.8,24.0,1999.0,es La Liga,0,2,3,1,20,700,gr GRE,0,FW,6,0,Anastasios Douvikas,Celta Vigo,FWD,523318.0,10000000.0,16.118095750958314,25.418206707734427
26.9,27.0,1997.0,it Serie A,0,0,12,2,32,2418,ua UKR,2,FW,27,2,Artem Dovbyk,Roma,FWD,343537.0,30000000.0,17.216707972959764,27.531827515400412
23.9,25.0,1999.0,eng Premier League,0,12,1,0,27,2151,eng ENG,0,MF,25,0,Flynn Downes,Southampton,MID,506189.0,13000000.0,16.380459992348886,25.949349760438057
5.4,22.0,2001.0,eng Premier League,0,1,0,1,24,488,eng ENG,0,MF,3,0,Tommy Doyle,Wolves,MID,433183.0,10000000.0,16.118095750958314,23.208761122518823
13.9,22.0,2002.0,eng Premier League,0,1,0,0,16,1252,ro ROU,0,DF,14,0,Radu Drăgușin,Tottenham,DEF,568559.0,25000000.0,17.034386422832473,22.910335386721425
21.0,31.0,1993.0,de Bundesliga,0,2,0,0,21,1890,de GER,0,GK,21,0,Patrick Drewes,Bochum,GK,94192.0,500000.0,13.122365377402328,31.906913073237508
4.0,19.0,2005.0,de Bundesliga,0,2,0,0,8,357,de GER,0,DF,5,0,Tim Drexler,Hoffenheim,DEF,822958.0,3000000.0,14.914123179965662,19.824777549623544
20.7,29.0,1995.0,es La Liga,2,4,1,0,22,1859,pt POR,0,DF,21,0,Domingos Duarte,Getafe,DEF,257376.0,800000.0,13.592368256649284,29.815195071868583
10.0,35.0,1989.0,eng Premier League,0,0,0,0,10,900,sk SVK,0,GK,10,0,Martin Dúbravka,Newcastle Utd,GK,74960.0,1000000.0,13.815511557963774,35.96167008898015
26.9,30.0,1994.0,de Bundesliga,0,3,8,8,32,2418,de GER,1,FW,30,2,Marvin Ducksch,Werder Bremen,FWD,125103.0,6000000.0,15.607270193858982,30.822724161533195
26.6,29.0,1994.0,it Serie A,1,12,1,3,28,2395,sk SVK,0,MF,27,0,Ondrej Duda,Hellas Verona,MID,232418.0,3500000.0,15.068273812173887,30.075290896646134
20.7,28.0,1996.0,it Serie A,0,4,7,2,28,1865,nl NED,0,"DF,FW",19,0,Denzel Dumfries,Inter,DEF,321528.0,35000000.0,17.370858648025116,28.706365503080082
10.6,31.0,1993.0,it Serie A,0,2,0,0,16,957,gh GHA,0,MF,12,0,Alfred Duncan,Venezia,MID,184894.0,4000000.0,15.201805169084134,31.813826146475016
23.1,32.0,1991.0,eng Premier League,0,5,0,0,25,2083,eng ENG,0,DF,23,0,Lewis Dunk,Brighton,DEF,148153.0,6000000.0,15.607270193858982,33.11430527036276
15.5,23.0,2001.0,es La Liga,0,3,4,4,27,1394,es ESP,0,"FW,MF",15,0,Pablo Durán,Celta Vigo,FWD,905997.0,3500000.0,15.068273812173887,23.60574948665298
3.1,18.0,2006.0,de Bundesliga,0,3,0,0,12,283,be BEL,0,"FW,MF",2,0,Julien Duranville,Dortmund,FWD,819215.0,8500000.0,15.955576839107596,18.661190965092402
24.1,24.0,1999.0,es La Liga,0,5,11,2,31,2166,es ESP,1,FW,25,1,Hugo Duro,Valencia,FWD,573775.0,14000000.0,16.454567959008102,25.144421629021217
6.0,27.0,1997.0,fr Ligue 1,0,2,0,0,9,537,ht HAI,0,DF,7,0,Jean-Kevin Duverne,Nantes,DEF,344864.0,2500000.0,14.731801689838349,27.474332648870636
15.7,30.0,1993.0,it Serie A,0,2,6,3,24,1417,ar ARG,3,"FW,MF",16,3,Paulo Dybala,Roma,FWD,206050.0,8000000.0,15.894952224644102,31.129363449691994
4.1,28.0,1995.0,de Bundesliga,1,2,0,0,16,373,pl POL,0,"DF,MF",2,0,Adam Dźwigała,St. Pauli,DEF,236966.0,600000.0,13.304686600863562,29.270362765229294
29.9,26.0,1998.0,fr Ligue 1,0,6,2,2,32,2689,no NOR,0,"DF,MF",31,0,Aron Dønnum,Toulouse,DEF,476836.0,4000000.0,15.201805169084134,26.702258726899384
25.8,30.0,1993.0,eng Premier League,0,4,0,4,26,2320,br BRA,0,GK,26,0,Ederson,Manchester City,GK,238223.0,20000000.0,16.811242881518265,31.37577002053388
32.0,25.0,1999.0,it Serie A,1,5,4,1,37,2881,br BRA,0,MF,32,0,Éderson,Atalanta,MID,607854.0,50000000.0,17.72753358339242,25.489390828199863
20.6,26.0,1998.0,de Bundesliga,0,3,3,4,27,1853,de GER,1,FW,22,2,Johannes Eggestein,St. Pauli,FWD,251303.0,2500000.0,14.731801689838349,26.652977412731005
31.6,27.0,1996.0,de Bundesliga,0,4,2,0,33,2845,de GER,0,MF,33,0,Maximilian Eggestein,Freiburg,MID,190284.0,10000000.0,16.118095750958314,28.06570841889117
27.8,29.0,1995.0,it Serie A,0,5,0,1,33,2498,nl NED,0,DF,30,0,Kingsley Ehizibue,Udinese,DEF,272812.0,2400000.0,14.690979711984754,29.607118412046542
10.7,26.0,1998.0,es La Liga,0,0,2,1,25,966,ng NGA,0,FW,9,0,Chidera Ejuke,Sevilla,FWD,500067.0,4000000.0,15.201805169084134,26.99794661190965
8.5,17.0,2006.0,it Serie A,0,1,1,1,24,769,it ITA,0,"FW,MF",6,0,Jeff Ekhator,Genoa,FWD,934878.0,5000000.0,15.424948670398354,18.140999315537304
28.5,22.0,2002.0,de Bundesliga,0,1,15,8,33,2563,fr FRA,1,FW,31,3,Hugo Ekitike,Eint Frankfurt,FWD,709726.0,75000000.0,18.132998684833918,22.535249828884325
21.0,24.0,2000.0,it Serie A,0,2,3,2,34,1892,nl NED,0,MF,20,0,Jurgen Ekkelenkamp,Udinese,MID,361068.0,7000000.0,15.76142084987672,24.7419575633128
7.7,20.0,2003.0,fr Ligue 1,0,1,0,0,18,697,ga GAB,0,"DF,FW",7,0,Jacques Ekomie,Angers,DEF,970279.0,800000.0,13.592368256649284,21.371663244353183
6.2,30.0,1994.0,it Serie A,0,1,1,3,18,555,gh GHA,0,FW,3,0,Caleb Ekuban,Genoa,FWD,199953.0,1300000.0,14.077875591662238,30.77891854893908
27.8,22.0,2002.0,eng Premier League,0,1,6,11,38,2501,se SWE,0,"FW,MF",31,0,Anthony Elanga,Nott'ham Forest,FWD,583189.0,42000000.0,17.553180200057167,22.68309377138946
27.4,22.0,2002.0,it Serie A,0,2,2,2,36,2470,is ISL,0,"DF,MF",29,0,Mikael Ellertsson,Venezia,DEF,566615.0,3400000.0,15.039286283703994,22.811772758384667
4.1,21.0,2003.0,eng Premier League,0,1,1,2,18,371,eng ENG,0,MF,2,0,Harvey Elliott,Liverpool,MID,565822.0,30000000.0,17.216707972959764,21.746748802190282
11.3,24.0,1999.0,it Serie A,0,0,4,0,13,1021,mk MKD,0,"FW,MF",12,0,Elif Elmas,Torino,FWD,400489.0,14000000.0,16.454567959008102,25.27310061601643
16.2,30.0,1994.0,es La Liga,1,2,0,0,22,1457,es ESP,0,DF,16,0,Aritz Elustondo,Real Sociedad,DEF,229804.0,3000000.0,14.914123179965662,30.765229295003422
23.7,27.0,1996.0,de Bundesliga,0,1,1,1,25,2135,ch SUI,0,DF,25,0,Nico Elvedi,Gladbach,DEF,192635.0,8000000.0,15.894952224644102,28.254620123203285
17.9,32.0,1992.0,es La Liga,0,4,1,1,35,1607,es ESP,0,"FW,MF",18,0,Adri Embarba,Rayo Vallecano,FWD,288318.0,1200000.0,13.997832948091215,32.65434633812457
20.5,27.0,1997.0,fr Ligue 1,0,5,6,4,29,1841,ch SUI,0,"FW,MF",19,0,Breel Embolo,Monaco,FWD,237662.0,12000000.0,16.300417291085605,27.87953456536619
15.3,25.0,1999.0,it Serie A,0,5,0,0,17,1377,br BRA,0,DF,16,0,Emerson,Milan,DEF,687347.0,800000.0,13.592368256649284,25.43463381245722
9.7,20.0,2004.0,eng Premier League,0,3,2,3,13,869,py PAR,0,"MF,FW",12,0,Julio Enciso,Ipswich Town,MID,660867.0,22000000.0,16.906553056777135,20.941820670773442
3.3,20.0,2004.0,eng Premier League,0,0,0,0,12,294,py PAR,0,"MF,FW",2,0,Julio Enciso,Brighton,MID,660867.0,22000000.0,16.906553056777135,20.941820670773442
3.0,31.0,1993.0,eng Premier League,0,0,0,0,20,273,jp JPN,0,"MF,DF",1,0,Wataru Endo,Liverpool,MID,146310.0,8000000.0,15.894952224644102,31.89322381930185
4.0,18.0,2006.0,es La Liga,0,1,1,0,22,363,br BRA,0,FW,3,0,Endrick,Real Madrid,FWD,971570.0,35000000.0,17.370858648025116,18.45037645448323
12.9,23.0,2001.0,it Serie A,0,4,1,1,26,1164,de GER,0,"MF,DF",11,0,Yannik Engelhardt,Como,MID,405670.0,6000000.0,15.607270193858982,23.89869952087611
11.8,32.0,1992.0,eng Premier League,0,4,1,2,23,1061,dk DEN,1,MF,11,1,Christian Eriksen,Manchester Utd,MID,69633.0,4000000.0,15.201805169084134,32.88158795345654
3.7,26.0,1998.0,it Serie A,0,0,0,0,8,334,hr CRO,0,DF,5,0,Martin Erlic,Bologna,DEF,357003.0,4000000.0,15.201805169084134,26.937713894592743
9.2,29.0,1995.0,de Bundesliga,0,2,1,0,10,832,de GER,0,DF,10,0,Patrick Erras,Holstein Kiel,DEF,193859.0,800000.0,13.592368256649284,29.946611909650922
9.3,32.0,1992.0,es La Liga,0,4,0,1,16,833,uy URU,0,DF,9,0,Alfonso Espino,Rayo Vallecano,DEF,311044.0,1200000.0,13.997832948091215,32.99110198494182
25.9,22.0,2002.0,it Serie A,0,1,8,0,33,2331,it ITA,1,"FW,MF",27,2,Sebastiano Esposito,Empoli,FWD,538918.0,8500000.0,15.955576839107596,22.50239561943874
18.2,26.0,1998.0,de Bundesliga,2,4,7,2,30,1636,cd COD,0,FW,21,0,Samuel Essende,Augsburg,FWD,395522.0,4500000.0,15.319588176962746,26.940451745379878
21.5,19.0,2005.0,es La Liga,2,11,1,0,27,1938,pt POR,0,MF,25,0,Dario Essugo,Las Palmas,MID,670717.0,20000000.0,16.811242881518265,19.802874743326488
7.3,28.0,1995.0,it Serie A,0,3,0,0,14,657,ar ARG,0,MF,7,0,Nahuel Estévez,Parma,MID,552472.0,2000000.0,14.508658238524095,29.13347022587269
26.7,26.0,1998.0,eng Premier League,0,5,1,1,30,2402,ec ECU,0,DF,26,0,Pervis Estupiñán,Brighton,DEF,349599.0,30000000.0,17.216707972959764,26.94592744695414
25.8,24.0,1999.0,eng Premier League,1,1,10,1,31,2319,br BRA,0,FW,28,1,Evanilson,Bournemouth,FWD,711337.0,35000000.0,17.370858648025116,25.240246406570844
3.5,36.0,1988.0,eng Premier League,0,1,0,0,7,315,nir NIR,0,DF,3,0,Jonny Evans,Manchester Utd,DEF,42412.0,2000000.0,14.508658238524095,36.99657768651608
11.6,27.0,1996.0,es La Liga,0,3,0,2,19,1045,es ESP,0,MF,12,0,Edu Expósito,Espanyol,MID,506248.0,3000000.0,14.914123179965662,28.418891170431213
28.8,26.0,1998.0,eng Premier League,0,1,8,8,34,2588,eng ENG,1,"MF,FW",31,2,Eberechi Eze,Crystal Palace,MID,479999.0,55000000.0,17.822843761378564,26.510609171800137
22.0,22.0,2001.0,es La Liga,0,2,2,2,32,1984,ma MAR,0,"FW,MF",23,1,Abde Ezzalzouli,Betis,FWD,724520.0,12000000.0,16.300417291085605,23.041752224503764
11.4,21.0,2003.0,it Serie A,0,2,3,1,30,1023,it ITA,0,MF,9,0,Giovanni Fabbian,Bologna,MID,633668.0,12000000.0,16.300417291085605,21.965776865160848
12.9,39.0,1985.0,eng Premier League,0,2,0,0,14,1160,pl POL,0,GK,13,0,Łukasz Fabiański,West Ham,GK,29692.0,500000.0,13.122365377402328,39.70704996577687
18.3,22.0,2001.0,it Serie A,1,2,1,3,28,1644,gm GAM,0,"FW,DF",20,0,Alieu Fadera,Como,FWD,749552.0,4500000.0,15.319588176962746,23.16221765913758
31.3,26.0,1998.0,eng Premier League,0,4,1,0,34,2815,be BEL,0,DF,30,0,Wout Faes,Leicester City,DEF,292808.0,15000000.0,16.52356082573315,26.748802190280628
10.7,23.0,2001.0,it Serie A,0,0,1,2,15,962,it ITA,0,MF,10,0,Nicolò Fagioli,Fiorentina,MID,432090.0,18000000.0,16.705882371415992,23.88501026694045
6.3,23.0,2001.0,it Serie A,0,4,0,0,17,571,it ITA,0,MF,5,0,Nicolò Fagioli,Juventus,MID,432090.0,18000000.0,16.705882371415992,23.88501026694045
10.0,26.0,1998.0,fr Ligue 1,0,2,3,2,20,899,fr FRA,1,"MF,FW",10,1,Romain Faivre,Brest,MID,555076.0,6000000.0,15.607270193858982,26.469541409993155
38.0,29.0,1995.0,it Serie A,0,2,0,0,38,3420,it ITA,0,GK,38,0,Wladimiro Falcone,Lecce,GK,238537.0,3500000.0,15.068273812173887,29.724845995893222
11.4,20.0,2004.0,fr Ligue 1,0,5,0,0,20,1028,fr FRA,0,"MF,FW",10,0,Khalil Fayad,Montpellier,MID,782630.0,5000000.0,15.424948670398354,20.56399726214921
15.4,21.0,2003.0,it Serie A,1,1,4,1,20,1383,it ITA,0,MF,16,0,Jacopo Fazzini,Empoli,MID,691482.0,10000000.0,16.118095750958314,21.79876796714579
10.3,23.0,2001.0,it Serie A,0,1,0,3,20,925,it ITA,0,"MF,FW",9,0,Mattia Felici,Cagliari,MID,600041.0,2800000.0,14.845130332288226,23.709787816564
4.1,24.0,1999.0,eng Premier League,0,2,1,1,12,369,pt POR,0,"FW,MF",3,0,João Félix,Chelsea,FWD,462250.0,20000000.0,16.811242881518265,25.144421629021217
8.4,24.0,1999.0,it Serie A,0,3,2,0,15,760,pt POR,0,MF,8,0,João Félix,Milan,MID,462250.0,20000000.0,16.811242881518265,25.144421629021217
24.7,33.0,1991.0,es La Liga,0,7,0,1,28,2227,es ESP,0,DF,27,0,Kiko Femenía,Villarreal,DEF,76467.0,900000.0,13.710151153416941,33.91375770020534
10.9,24.0,1999.0,it Serie A,0,0,1,1,16,983,sct SCO,1,MF,10,1,Lewis Ferguson,Bologna,MID,428563.0,28000000.0,17.147715103853763,25.357973990417523
33.5,29.0,1994.0,eng Premier League,2,5,8,10,36,3018,pt POR,3,MF,35,3,Bruno Fernandes,Manchester Utd,MID,240306.0,50000000.0,17.72753358339242,30.316221765913756
12.3,28.0,1996.0,fr Ligue 1,0,1,0,1,19,1105,ch SUI,0,"MF,DF",12,0,Edimilson Fernandes,Brest,MID,247555.0,3000000.0,14.914123179965662,28.71457905544148
32.3,20.0,2004.0,eng Premier League,0,8,2,4,36,2909,pt POR,0,MF,34,0,Mateus Fernandes,Southampton,MID,880245.0,15000000.0,16.52356082573315,20.479123887748116
32.7,23.0,2001.0,eng Premier League,0,8,6,7,36,2947,ar ARG,0,MF,32,0,Enzo Fernández,Chelsea,MID,648195.0,75000000.0,18.132998684833918,23.956194387405887
16.6,22.0,2002.0,es La Liga,0,1,6,0,19,1497,es ESP,0,FW,18,0,Roberto Férnandez,Espanyol,FWD,720518.0,6000000.0,15.607270193858982,22.49965776865161
3.4,24.0,1999.0,es La Liga,0,1,2,0,18,309,es ESP,0,"MF,FW",1,0,Valery Fernández,Mallorca,MID,331496.0,2000000.0,14.508658238524095,25.1088295687885
11.8,19.0,2005.0,fr Ligue 1,0,4,4,2,22,1065,be BEL,0,"FW,MF",12,0,Matias Fernandez-Pardo,Lille,FWD,724129.0,15000000.0,16.52356082573315,19.90965092402464
6.0,28.0,1996.0,es La Liga,0,0,0,0,6,540,pt POR,0,GK,6,0,André Ferreira,Valladolid,GK,290346.0,700000.0,13.45883704259595,28.594113620807665
19.7,32.0,1992.0,fr Ligue 1,1,6,0,2,25,1773,fr FRA,0,MF,21,0,Jordan Ferri,Montpellier,MID,118284.0,2000000.0,14.508658238524095,32.80766598220397
5.5,21.0,2002.0,it Serie A,1,3,2,0,10,492,cz CZE,0,FW,6,0,Daniel Fila,Venezia,FWD,666268.0,3000000.0,14.914123179965662,22.365503080082135
25.5,23.0,2000.0,de Bundesliga,0,7,1,0,32,2297,de GER,0,DF,29,0,Kilian Fischer,Wolfsburg,DEF,435796.0,6000000.0,15.607270193858982,24.2217659137577
36.4,31.0,1993.0,eng Premier League,0,1,0,2,37,3275,nl NED,0,GK,37,0,Mark Flekken,Brentford,GK,125714.0,10000000.0,16.118095750958314,31.55373032169747
19.7,24.0,2000.0,eng Premier League,0,2,7,2,28,1777,eng ENG,0,"MF,FW",20,0,Phil Foden,Manchester City,MID,406635.0,100000000.0,18.420680753952364,24.5968514715948
17.7,19.0,2005.0,fr Ligue 1,0,2,5,4,29,1589,be BEL,0,FW,16,0,Malick Fofana,Lyon,FWD,743386.0,30000000.0,17.216707972959764,19.756331279945243
9.4,29.0,1995.0,fr Ligue 1,0,3,1,1,16,844,ci CIV,0,MF,9,0,Seko Fofana,Rennes,MID,182893.0,10000000.0,16.118095750958314,29.65639972621492
13.0,23.0,2000.0,eng Premier League,0,7,0,0,14,1172,fr FRA,0,DF,14,0,Wesley Fofana,Chelsea,DEF,475411.0,25000000.0,17.034386422832473,24.041067761806982
33.0,23.0,2000.0,fr Ligue 1,0,4,0,0,33,2970,ci CIV,0,GK,33,0,Yahia Fofana,Angers,GK,418651.0,7000000.0,15.76142084987672,24.36413415468857
27.8,25.0,1999.0,it Serie A,0,5,1,6,35,2504,fr FRA,0,MF,29,0,Youssouf Fofana,Milan,MID,569598.0,30000000.0,17.216707972959764,25.976728268309376
20.4,28.0,1996.0,de Bundesliga,0,3,0,1,27,1832,de GER,0,DF,22,0,Jonas Föhrenbach,Heidenheim,DEF,192169.0,1500000.0,14.220976332738882,28.933607118412045
7.2,26.0,1998.0,it Serie A,0,5,0,0,14,650,it ITA,0,"FW,MF",6,0,Michael Folorunsho,Fiorentina,FWD,377042.0,6000000.0,15.607270193858982,26.899383983572896
20.3,28.0,1996.0,es La Liga,0,2,2,0,26,1827,es ESP,0,"MF,FW",22,0,Pablo Fornals,Betis,MID,357885.0,6000000.0,15.607270193858982,28.859685147159478
7.0,36.0,1988.0,eng Premier League,0,0,0,0,7,630,eng ENG,0,GK,7,0,Fraser Forster,Tottenham,GK,52570.0,1000000.0,13.815511557963774,36.79397672826831
6.5,17.0,2006.0,es La Liga,0,2,0,0,17,585,es ESP,0,DF,5,0,Héctor Fort,Barcelona,DEF,937955.0,10000000.0,16.118095750958314,18.417522245037645
25.5,31.0,1993.0,es La Liga,0,6,0,1,32,2299,fr FRA,0,DF,25,0,Dimitri Foulquier,Valencia,DEF,170472.0,1500000.0,14.220976332738882,31.7782340862423
16.9,26.0,1998.0,es La Liga,0,4,1,0,19,1517,ar ARG,0,DF,17,0,Juan Foyth,Villarreal,DEF,480763.0,15000000.0,16.52356082573315,26.97056810403833
13.0,21.0,2002.0,es La Liga,0,2,0,0,18,1173,es ESP,0,DF,13,0,Alejandro Francés,Girona,DEF,632896.0,2000000.0,14.508658238524095,22.420260095824776
15.4,29.0,1995.0,fr Ligue 1,0,3,4,2,18,1387,pl POL,2,DF,16,2,Przemysław Frankowski,Lens,DEF,239743.0,7000000.0,15.76142084987672,29.724845995893222
3.4,30.0,1994.0,eng Premier League,1,0,0,0,8,306,sct SCO,0,"FW,DF",4,0,Ryan Fraser,Southampton,FWD,146795.0,2000000.0,14.508658238524095,30.85284052019165
12.9,24.0,1999.0,it Serie A,0,1,5,1,27,1158,it ITA,0,MF,9,0,Davide Frattesi,Inter,MID,394300.0,35000000.0,17.370858648025116,25.27857631759069
34.5,23.0,2001.0,it Serie A,0,5,2,0,35,3103,dk DEN,0,MF,35,0,Morten Frendrup,Genoa,MID,503871.0,20000000.0,16.811242881518265,23.737166324435318
6.1,26.0,1998.0,it Serie A,0,0,0,0,11,549,dk DEN,0,DF,5,0,Martin Frese,Hellas Verona,DEF,488785.0,2000000.0,14.508658238524095,26.99247091033539
35.6,32.0,1992.0,it Serie A,0,6,1,2,37,3204,ch SUI,0,MF,37,0,Remo Freuler,Bologna,MID,148252.0,5000000.0,15.424948670398354,32.714579055441476
24.0,26.0,1998.0,de Bundesliga,2,10,0,0,26,2161,at AUT,0,DF,25,0,Marco Friedl,Werder Bremen,DEF,156990.0,12000000.0,16.300417291085605,26.798083504449007
11.0,28.0,1995.0,de Bundesliga,0,0,0,1,22,989,de GER,0,DF,9,0,Marvin Friedrich,Gladbach,DEF,196231.0,3500000.0,15.068273812173887,29.05407255304586
25.7,23.0,2000.0,de Bundesliga,0,4,5,5,33,2314,nl NED,0,"DF,MF",25,0,Jeremie Frimpong,Leverkusen,DEF,484547.0,50000000.0,17.72753358339242,24.060232717316907
27.7,27.0,1997.0,es La Liga,1,3,6,3,36,2495,es ESP,0,"FW,MF",30,0,Jorge de Frutos,Rayo Vallecano,FWD,455181.0,4000000.0,15.201805169084134,27.863107460643395
22.0,26.0,1998.0,de Bundesliga,0,1,2,3,33,1981,de GER,0,"MF,FW",23,0,Chris Führich,Stuttgart,MID,272278.0,15000000.0,16.52356082573315,26.978781656399725
11.6,27.0,1996.0,fr Ligue 1,0,3,1,1,23,1045,fr FRA,0,"MF,FW",11,0,Angelo Fulgini,Lens,MID,250013.0,5000000.0,15.424948670398354,28.366872005475702
8.8,31.0,1993.0,eng Premier League,0,2,3,2,18,790,de GER,0,FW,6,0,Niclas Füllkrug,West Ham,FWD,75489.0,10000000.0,16.118095750958314,31.89322381930185
11.1,26.0,1997.0,es La Liga,0,2,2,1,28,1003,es ESP,0,"FW,MF",8,0,Manuel Fuster,Las Palmas,FWD,511021.0,1500000.0,14.220976332738882,27.195071868583163
23.9,24.0,1999.0,it Serie A,0,4,2,0,26,2152,it ITA,0,DF,24,0,Matteo Gabbia,Milan,DEF,323167.0,14000000.0,16.454567959008102,25.19917864476386
11.2,24.0,2000.0,it Serie A,0,0,2,4,28,1009,it ITA,0,"MF,FW",8,0,Gianluca Gaetano,Cagliari,MID,358008.0,4000000.0,15.201805169084134,24.659822039698838
21.5,25.0,1999.0,eng Premier League,0,5,10,4,35,1935,nl NED,0,FW,23,0,Cody Gakpo,Liverpool,FWD,434675.0,70000000.0,18.064005814299346,25.65639972621492
19.8,29.0,1994.0,es La Liga,0,8,0,3,25,1784,es ESP,0,DF,21,0,Javi Galán,Atlético Madrid,DEF,448628.0,4000000.0,15.201805169084134,30.119096509240247
16.4,30.0,1993.0,es La Liga,0,5,0,4,26,1477,es ESP,0,MF,18,0,Iñigo Ruiz de Galarreta,Athletic Club,MID,126751.0,3000000.0,14.914123179965662,31.405886379192335
18.1,24.0,2000.0,es La Liga,0,2,3,3,32,1633,eng ENG,0,MF,19,0,Conor Gallagher,Atlético Madrid,MID,488362.0,40000000.0,17.50439003707821,24.903490759753595
29.0,24.0,2000.0,it Serie A,1,3,0,2,31,2609,it ITA,0,DF,31,0,Antonino Gallo,Lecce,DEF,392516.0,4300000.0,15.274125813221904,24.99110198494182
7.5,24.0,1999.0,es La Liga,0,2,0,0,10,678,my MAS,0,DF,7,0,Facundo Garcés,Alavés,DEF,533354.0,2000000.0,14.508658238524095,25.32511978097194
16.2,27.0,1997.0,de Bundesliga,0,3,3,4,28,1455,es ESP,0,MF,17,0,Aleix García,Leverkusen,MID,261504.0,20000000.0,16.811242881518265,27.512662559890487
28.4,31.0,1992.0,es La Liga,0,4,4,5,36,2559,es ESP,0,"FW,MF",28,0,Álvaro García,Rayo Vallecano,FWD,257062.0,2000000.0,14.508658238524095,32.18069815195072
3.5,21.0,2003.0,eng Premier League,0,0,0,0,7,318,es ESP,0,"DF,MF",5,0,Andrés García,Aston Villa,DEF,1063329.0,7000000.0,15.76142084987672,21.900068446269678
17.4,23.0,2001.0,es La Liga,0,4,2,3,29,1566,es ESP,0,"DF,MF",14,0,Eric García,Barcelona,DEF,466794.0,18000000.0,16.705882371415992,23.978097193702943
24.1,24.0,1999.0,es La Liga,0,0,0,2,31,2171,es ESP,0,DF,24,0,Fran Garcia,Real Madrid,DEF,341264.0,18000000.0,16.705882371415992,25.385352498288842
38.0,23.0,2001.0,es La Liga,0,2,0,0,38,3420,es ESP,0,GK,38,0,Joan García,Espanyol,GK,561613.0,25000000.0,17.034386422832473,23.66324435318275
26.8,31.0,1993.0,es La Liga,0,2,5,5,36,2413,es ESP,0,"FW,MF",30,0,Rubén García,Osasuna,FWD,213260.0,2000000.0,14.508658238524095,31.468856947296374
10.3,28.0,1996.0,fr Ligue 1,0,2,2,2,20,930,ch SUI,0,DF,10,0,Ulisses Garcia,Marseille,DEF,192616.0,5000000.0,15.424948670398354,28.974674880219027
24.4,20.0,2004.0,eng Premier League,0,3,6,2,36,2199,ar ARG,0,"MF,FW",23,0,Alejandro Garnacho,Manchester Utd,MID,811779.0,45000000.0,17.622173069956816,20.503764544832308
17.7,23.0,2001.0,eng Premier League,0,5,0,1,21,1594,eng ENG,0,"MF,DF",17,0,James Garner,Everton,MID,505219.0,18000000.0,16.705882371415992,23.805612594113622
10.5,19.0,2005.0,es La Liga,0,1,0,0,15,947,es ESP,0,DF,9,0,Yarek Gasiorowski,Valencia,DEF,895334.0,7500000.0,15.830413711839864,19.969883641341546
24.4,26.0,1998.0,it Serie A,0,2,1,0,30,2195,it ITA,0,DF,26,0,Federico Gatti,Juventus,DEF,509022.0,24000000.0,16.993564429978885,26.524298425735797
12.1,19.0,2004.0,es La Liga,0,4,1,1,26,1085,es ESP,0,"MF,FW",14,0,Gavi,Barcelona,MID,646740.0,60000000.0,17.909855136853043,20.407939767282684
35.5,32.0,1992.0,es La Liga,0,4,0,0,36,3195,ar ARG,0,GK,36,0,Paulo Gazzaniga,Girona,GK,195488.0,2500000.0,14.731801689838349,32.99931553730322
12.5,23.0,2000.0,fr Ligue 1,0,2,0,1,13,1125,ci CIV,0,"DF,MF",13,0,Mory Gbane,Reims,DEF,717585.0,4000000.0,15.201805169084134,24.019164955509925
25.9,23.0,2001.0,fr Ligue 1,0,2,5,4,31,2333,fr FRA,0,"MF,FW",27,0,Yann Gboho,Toulouse,MID,463613.0,8000000.0,15.894952224644102,23.964407939767284
34.0,33.0,1990.0,it Serie A,0,1,0,1,34,3060,es ESP,0,GK,34,0,David de Gea,Fiorentina,GK,59377.0,5000000.0,15.424948670398354,34.15195071868583
17.3,24.0,2000.0,de Bundesliga,0,2,1,0,24,1557,nl NED,0,DF,17,0,Lutsharel Geertruida,RB Leipzig,DEF,420210.0,20000000.0,16.811242881518265,24.45722108145106
8.2,26.0,1998.0,de Bundesliga,0,4,0,0,20,734,de GER,0,"MF,FW",7,0,Dennis Geiger,Hoffenheim,MID,251309.0,2000000.0,14.508658238524095,26.562628336755647
15.7,24.0,2000.0,de Bundesliga,0,1,1,1,22,1414,fr FRA,0,DF,14,0,Valentin Gendrey,Hoffenheim,DEF,569387.0,7000000.0,15.76142084987672,24.531143052703626
16.9,30.0,1994.0,de Bundesliga,1,5,1,1,29,1518,de GER,0,"MF,DF",15,0,Yannick Gerhardt,Wolfsburg,MID,119277.0,2500000.0,14.731801689838349,30.806297056810404
14.2,23.0,2001.0,de Bundesliga,0,2,1,2,19,1282,de GER,0,DF,13,0,Max Geschwill,Holstein Kiel,DEF,471890.0,1500000.0,14.220976332738882,23.488021902806295
22.5,21.0,2003.0,it Serie A,1,7,0,0,24,2029,it ITA,0,DF,21,0,Daniele Ghilardi,Hellas Verona,DEF,701819.0,5000000.0,15.424948670398354,21.987679671457904
9.8,30.0,1993.0,it Serie A,0,4,1,0,15,878,ar ARG,0,DF,11,0,Lautaro Gianetti,Udinese,DEF,225963.0,2000000.0,14.508658238524095,31.134839151266256
29.4,28.0,1995.0,de Bundesliga,0,8,1,4,31,2650,gr GRE,0,DF,31,0,Dimitris Giannoulis,Augsburg,DEF,295630.0,3000000.0,14.914123179965662,29.21013004791239
31.1,24.0,2000.0,eng Premier League,1,11,7,8,34,2803,eng ENG,0,MF,34,0,Morgan Gibbs-White,Nott'ham Forest,MID,429014.0,50000000.0,17.72753358339242,24.930869267624914
7.6,30.0,1993.0,it Serie A,0,2,2,0,15,683,fr FRA,0,DF,7,0,Samuel Gigot,Lazio,DEF,276896.0,3000000.0,14.914123179965662,31.222450376454482
21.1,22.0,2002.0,de Bundesliga,0,5,5,1,31,1895,ba BIH,0,MF,23,0,Armin Gigovic,Holstein Kiel,MID,651269.0,3000000.0,14.914123179965662,22.740588637919235
19.1,23.0,2001.0,es La Liga,0,4,3,3,25,1721,es ESP,0,"FW,MF",21,0,Bryan Gil,Girona,FWD,537382.0,15000000.0,16.52356082573315,23.887748117727583
30.5,23.0,2000.0,it Serie A,0,8,1,0,32,2741,es ESP,0,DF,31,0,Mario Gila,Lazio,DEF,618341.0,30000000.0,17.216707972959764,24.34223134839151
13.1,23.0,2001.0,it Serie A,0,0,0,1,26,1177,sct SCO,0,MF,13,0,Billy Gilmour,Napoli,MID,423744.0,20000000.0,16.811242881518265,23.55920602327173
29.7,27.0,1997.0,de Bundesliga,0,9,0,0,32,2671,de GER,0,DF,32,0,Benedikt Gimber,Heidenheim,DEF,227084.0,3000000.0,14.914123179965662,27.865845311430526
7.4,23.0,2001.0,it Serie A,1,3,5,2,14,669,mx MEX,0,FW,7,1,Santiago Giménez,Milan,FWD,552955.0,30000000.0,17.216707972959764,23.707049965776864
15.9,20.0,2004.0,it Serie A,0,5,3,1,30,1430,lt LTU,0,MF,15,0,Gvidas Gineitis,Torino,MID,798929.0,6000000.0,15.607270193858982,20.71457905544148
28.5,30.0,1994.0,de Bundesliga,0,5,2,1,32,2561,de GER,0,DF,28,0,Matthias Ginter,Freiburg,DEF,124502.0,7000000.0,15.76142084987672,30.951403148528406
19.7,19.0,2004.0,de Bundesliga,0,4,8,3,32,1776,eng ENG,0,"FW,MF",21,0,Jamie Gittens,Dortmund,FWD,670882.0,50000000.0,17.72753358339242,20.399726214921287
13.8,29.0,1995.0,de Bundesliga,0,0,7,5,27,1242,de GER,0,"FW,MF",13,1,Serge Gnabry,Bayern Munich,FWD,159471.0,22000000.0,16.906553056777135,29.470225872689937
28.2,20.0,2004.0,it Serie A,1,3,0,1,33,2539,ge GEO,0,DF,29,0,Saba Goglichidze,Empoli,DEF,906160.0,8000000.0,15.894952224644102,20.520191649555098
28.1,30.0,1993.0,it Serie A,1,12,1,0,32,2532,it ITA,0,DF,28,0,Edoardo Goldaniga,Como,DEF,242940.0,3000000.0,14.914123179965662,31.16495550992471
7.0,29.0,1995.0,it Serie A,0,1,0,0,7,630,it ITA,0,GK,7,0,Pierluigi Gollini,Genoa,GK,244192.0,1000000.0,13.815511557963774,29.793292265571527
12.8,28.0,1996.0,fr Ligue 1,0,1,3,0,19,1153,ru RUS,0,"MF,FW",13,0,Aleksandr Golovin,Monaco,MID,263918.0,20000000.0,16.811242881518265,28.591375770020534
14.2,31.0,1993.0,fr Ligue 1,0,3,0,0,20,1276,pt POR,0,MF,16,0,André Gomes,Lille,MID,221025.0,6000000.0,15.607270193858982,31.42505133470226
8.2,23.0,2000.0,fr Ligue 1,0,1,1,1,14,736,eng ENG,0,MF,10,1,Angel Gomes,Lille,MID,392770.0,20000000.0,16.811242881518265,24.33675564681725
33.0,23.0,2001.0,eng Premier League,1,11,3,1,36,2974,br BRA,0,MF,35,0,João Gomes,Wolves,MID,735570.0,40000000.0,17.50439003707821,23.88501026694045
9.0,21.0,2003.0,eng Premier League,0,0,2,0,25,810,pt POR,0,"DF,FW",7,0,Rodrigo Gomes,Wolves,DEF,667121.0,15000000.0,16.52356082573315,21.489390828199863
5.7,21.0,2003.0,eng Premier League,0,0,1,0,16,516,py PAR,0,MF,4,0,Diego Gómez,Brighton,MID,996897.0,14000000.0,16.454567959008102,21.76865160848734
5.8,27.0,1997.0,eng Premier League,0,1,0,0,9,519,eng ENG,0,DF,6,0,Joe Gomez,Liverpool,DEF,256178.0,20000000.0,16.811242881518265,27.61122518822724
8.8,30.0,1994.0,es La Liga,0,1,0,0,26,796,es ESP,0,"MF,FW",6,0,Moi Gómez,Osasuna,MID,175449.0,2000000.0,14.508658238524095,30.527036276522928
7.4,32.0,1992.0,es La Liga,0,1,0,0,12,664,es ESP,0,DF,6,0,Sergi Gómez,Espanyol,DEF,92947.0,600000.0,13.304686600863562,32.76386036960986
30.4,23.0,2000.0,es La Liga,0,4,2,5,37,2738,es ESP,0,"MF,DF",31,0,Sergio Gómez,Real Sociedad,MID,366930.0,20000000.0,16.811242881518265,24.32580424366872
14.3,21.0,2003.0,es La Liga,0,1,1,3,32,1284,es ESP,0,"MF,FW",14,0,Unai Gómez,Athletic Club,MID,834752.0,6000000.0,15.607270193858982,21.607118412046542
8.4,22.0,2002.0,eng Premier League,0,3,1,0,11,760,es ESP,0,MF,9,0,Nicolás González,Manchester City,MID,466805.0,40000000.0,17.50439003707821,22.99520876112252
19.4,26.0,1998.0,it Serie A,0,3,3,2,26,1750,ar ARG,0,"FW,MF",23,0,Nicolás González,Juventus,FWD,486031.0,24000000.0,16.993564429978885,26.740588637919235
27.0,23.0,2001.0,eng Premier League,0,2,6,5,34,2434,eng ENG,1,"FW,MF",28,2,Anthony Gordon,Newcastle Utd,FWD,503733.0,65000000.0,17.989897843244528,23.852156057494867
14.7,29.0,1995.0,de Bundesliga,0,2,4,1,26,1325,de GER,0,"MF,DF",13,0,Leon Goretzka,Bayern Munich,MID,153084.0,22000000.0,16.906553056777135,29.90280629705681
16.0,33.0,1990.0,fr Ligue 1,0,2,0,0,16,1440,fr FRA,0,GK,16,0,Mathieu Gorgelin,Le Havre,GK,60543.0,300000.0,12.611541086966115,34.40930869267625
16.5,27.0,1996.0,es La Liga,0,5,0,2,20,1485,es ESP,0,DF,17,0,Andoni Gorosabel,Athletic Club,DEF,289255.0,5000000.0,15.424948670398354,28.410677618069816
27.0,30.0,1994.0,it Serie A,0,6,5,5,31,2434,de GER,0,DF,28,0,Robin Gosens,Fiorentina,DEF,273132.0,8000000.0,15.894952224644102,30.494182067077343
17.1,32.0,1992.0,de Bundesliga,0,1,3,2,24,1542,de GER,0,"MF,FW",18,0,Mario Götze,Eint Frankfurt,MID,74842.0,4000000.0,15.201805169084134,32.580424366872
11.6,24.0,2000.0,fr Ligue 1,0,0,10,3,14,1048,dz ALG,0,"FW,MF",12,0,Amine Gouiri,Marseille,FWD,418659.0,30000000.0,17.216707972959764,24.876112251882272
11.5,24.0,2000.0,fr Ligue 1,0,2,3,2,19,1037,dz ALG,0,"MF,FW",11,0,Amine Gouiri,Rennes,MID,418659.0,30000000.0,17.216707972959764,24.876112251882272
32.7,33.0,1991.0,de Bundesliga,0,9,1,4,33,2944,nl NED,0,DF,33,1,Jeffrey Gouweleeuw,Augsburg,DEF,106405.0,1500000.0,14.220976332738882,33.48117727583847
28.7,25.0,1999.0,de Bundesliga,0,2,0,0,29,2585,pl POL,0,GK,29,0,Kamil Grabara,Wolfsburg,GK,346551.0,14000000.0,16.454567959008102,25.982203969883642
23.5,31.0,1992.0,fr Ligue 1,0,4,0,0,25,2112,fr FRA,0,DF,24,0,Jonathan Gradit,Lens,DEF,126557.0,4000000.0,15.201805169084134,32.10403832991102
6.3,23.0,2000.0,es La Liga,0,0,0,0,10,569,es ESP,0,MF,7,0,José Gragera,Espanyol,MID,557147.0,2000000.0,14.508658238524095,24.635181382614647
24.5,29.0,1995.0,it Serie A,0,8,1,0,28,2203,it ITA,0,MF,27,0,Alberto Grassi,Empoli,MID,197473.0,1800000.0,14.403297778421795,29.82340862422998
35.1,22.0,2002.0,eng Premier League,1,6,0,4,37,3160,nl NED,0,MF,37,0,Ryan Gravenberch,Liverpool,MID,478573.0,75000000.0,18.132998684833918,22.63107460643395
19.5,18.0,2006.0,eng Premier League,0,1,0,0,28,1751,eng ENG,0,"DF,MF",19,0,Archie Gray,Tottenham,DEF,922693.0,38000000.0,17.453096744006448,18.809034907597535
8.0,28.0,1995.0,eng Premier League,0,3,1,1,20,721,eng ENG,0,"FW,MF",7,0,Jack Grealish,Manchester City,FWD,203460.0,28000000.0,17.147715103853763,29.311430527036276
24.5,23.0,2000.0,eng Premier League,0,5,1,0,25,2205,eng ENG,0,DF,25,0,Jacob Greaves,Ipswich Town,DEF,693095.0,18000000.0,16.705882371415992,24.303901437371664
31.2,22.0,2001.0,fr Ligue 1,0,3,21,5,34,2804,eng ENG,7,"FW,MF",32,9,Mason Greenwood,Marseille,FWD,532826.0,40000000.0,17.50439003707821,23.252566735112936
7.1,30.0,1994.0,de Bundesliga,0,2,2,1,20,639,at AUT,0,FW,5,0,Michael Gregoritsch,Freiburg,FWD,120205.0,3000000.0,14.914123179965662,30.70773442847365
31.0,27.0,1997.0,es La Liga,0,1,0,0,31,2790,sk SVK,0,GK,31,0,Dominik Greif,Mallorca,GK,316884.0,6000000.0,15.607270193858982,27.73990417522245
27.4,33.0,1991.0,es La Liga,0,2,8,7,38,2469,fr FRA,1,"FW,MF",29,2,Antoine Griezmann,Atlético Madrid,FWD,125781.0,18000000.0,16.705882371415992,33.78507871321013
27.0,31.0,1993.0,de Bundesliga,0,2,8,11,34,2432,it ITA,0,"FW,MF",31,3,Vincenzo Grifo,Freiburg,FWD,185077.0,6000000.0,15.607270193858982,31.737166324435318
6.9,28.0,1995.0,es La Liga,0,1,0,0,13,623,at AUT,0,MF,7,0,Florian Grillitsch,Valladolid,MID,195736.0,2000000.0,14.508658238524095,29.404517453798768
6.7,28.0,1995.0,de Bundesliga,0,1,0,0,8,601,at AUT,0,MF,8,0,Florian Grillitsch,Hoffenheim,MID,195736.0,2000000.0,14.508658238524095,29.404517453798768
25.9,33.0,1991.0,de Bundesliga,1,5,0,9,30,2327,de GER,0,"MF,DF",28,0,Pascal Groß,Dortmund,MID,82873.0,5000000.0,15.424948670398354,33.549623545516766
7.6,20.0,2004.0,eng Premier League,0,0,1,4,21,687,de GER,0,"MF,FW",8,0,Brajan Gruda,Brighton,MID,700106.0,25000000.0,17.034386422832473,20.588637919233403
13.1,26.0,1998.0,de Bundesliga,0,1,6,1,30,1181,at AUT,0,"FW,MF",13,0,Marco Grüll,Werder Bremen,FWD,391766.0,4000000.0,15.201805169084134,26.491444216290212
9.0,23.0,2001.0,fr Ligue 1,0,1,2,1,16,813,dk DEN,0,"MF,FW",9,0,Albert Grønbaek,Rennes,MID,503866.0,11000000.0,16.213405921671733,23.61122518822724
34.0,37.0,1987.0,es La Liga,0,0,0,0,34,3060,es ESP,0,GK,34,0,Vicente Guaita,Celta Vigo,GK,64399.0,700000.0,13.45883704259595,37.97672826830938
4.0,33.0,1991.0,es La Liga,0,1,0,0,16,362,es ESP,0,FW,1,0,Sergi Guardiola,Rayo Vallecano,FWD,256429.0,800000.0,13.592368256649284,33.596167008898014
27.7,32.0,1991.0,es La Liga,0,6,1,1,31,2493,rs SRB,1,"MF,DF",27,1,Nemanja Gudelj,Sevilla,MID,74294.0,3000000.0,14.914123179965662,33.12799452429842
19.8,25.0,1999.0,fr Ligue 1,0,3,2,0,30,1785,se SWE,0,DF,20,0,Gabriel Gudmundsson,Lille,DEF,362108.0,7000000.0,15.76142084987672,25.678302532511978
11.1,27.0,1996.0,eng Premier League,0,1,2,4,29,995,pt POR,0,"MF,FW",10,0,Gonçalo Guedes,Wolves,MID,225122.0,11000000.0,16.213405921671733,28.09034907597536
34.0,24.0,2000.0,eng Premier League,1,9,3,2,34,3059,eng ENG,0,DF,34,0,Marc Guéhi,Crystal Palace,DEF,392757.0,45000000.0,17.622173069956816,24.470910335386723
36.3,25.0,1999.0,it Serie A,0,7,1,3,37,3270,fr FRA,0,MF,37,0,Mattéo Guendouzi,Lazio,MID,465830.0,32000000.0,17.281246492014,25.71937029431896
28.7,21.0,2003.0,es La Liga,0,5,3,3,36,2581,es ESP,0,MF,31,0,Javier Guerra,Valencia,MID,834764.0,25000000.0,17.034386422832473,21.639972621492127
17.5,30.0,1993.0,de Bundesliga,0,2,4,4,23,1572,pt POR,0,"DF,MF",19,0,Raphaël Guerreiro,Bayern Munich,DEF,170986.0,8000000.0,15.894952224644102,31.028062970568104
28.5,23.0,2001.0,fr Ligue 1,0,2,12,8,33,2565,ci CIV,0,"FW,MF",30,0,Evann Guessand,Nice,FWD,500689.0,25000000.0,17.034386422832473,23.50444900752909
21.6,27.0,1997.0,es La Liga,0,3,0,1,33,1947,es ESP,0,MF,20,0,Ander Guevara,Alavés,MID,465967.0,3500000.0,15.068273812173887,27.488021902806295
24.7,25.0,1999.0,es La Liga,2,6,4,0,34,2224,sn SEN,0,MF,26,0,Pape Gueye,Villarreal,MID,485963.0,15000000.0,16.52356082573315,25.93839835728953
20.1,26.0,1998.0,de Bundesliga,0,6,6,2,25,1807,gn GUI,0,"FW,MF",21,0,Morgan Guilavogui,St. Pauli,FWD,691786.0,4000000.0,15.201805169084134,26.8145106091718
27.1,29.0,1994.0,it Serie A,2,3,0,1,31,2435,fr FRA,0,DF,31,0,Frederic Guilbert,Lecce,DEF,354352.0,2500000.0,14.731801689838349,30.023271731690624
4.0,24.0,2000.0,es La Liga,0,2,0,0,12,364,es ESP,0,MF,4,0,Hugo Guillamón,Valencia,MID,495629.0,2500000.0,14.731801689838349,24.919917864476385
36.3,26.0,1997.0,eng Premier League,0,7,5,6,38,3271,br BRA,0,MF,38,0,Bruno Guimarães,Newcastle Utd,MID,520624.0,80000000.0,18.197537205138154,27.12662559890486
28.9,28.0,1996.0,de Bundesliga,0,4,21,4,30,2598,gn GUI,3,FW,29,4,Serhou Guirassy,Dortmund,FWD,270541.0,45000000.0,17.622173069956816,28.80766598220397
29.2,34.0,1990.0,de Bundesliga,0,0,0,0,30,2631,hu HUN,0,GK,30,0,Péter Gulácsi,RB Leipzig,GK,57071.0,2000000.0,14.508658238524095,34.65845311430527
13.9,19.0,2005.0,es La Liga,0,1,3,4,28,1250,tr TUR,0,"MF,FW",14,0,Arda Güler,Real Madrid,MID,861410.0,45000000.0,17.622173069956816,19.849418206707735
9.4,29.0,1994.0,es La Liga,0,4,0,1,22,849,es ESP,0,MF,7,0,Gerard Gumbau,Rayo Vallecano,MID,268670.0,1500000.0,14.220976332738882,30.039698836413415
3.0,26.0,1998.0,de Bundesliga,0,2,0,0,7,271,pl POL,0,DF,2,0,Robert Gumny,Augsburg,DEF,353826.0,1500000.0,14.220976332738882,26.579055441478438
24.7,33.0,1990.0,eng Premier League,0,1,1,6,33,2223,de GER,0,MF,25,0,İlkay Gündoğan,Manchester City,MID,53622.0,5000000.0,15.424948670398354,34.19028062970568
25.7,31.0,1993.0,de Bundesliga,0,0,2,2,29,2314,de GER,0,DF,27,0,Christian Günter,Freiburg,DEF,93707.0,3500000.0,15.068273812173887,31.84120465434634
23.1,29.0,1995.0,es La Liga,0,6,3,1,33,2080,es ESP,1,"MF,FW",27,1,Jon Guridi,Alavés,MID,289257.0,3000000.0,14.914123179965662,29.842573579739906
20.4,27.0,1996.0,es La Liga,0,2,7,2,36,1840,es ESP,0,FW,21,0,Gorka Guruzeta,Athletic Club,FWD,340205.0,9000000.0,16.012735246411598,28.303901437371664
20.7,21.0,2003.0,eng Premier League,0,4,0,1,32,1862,fr FRA,0,DF,19,0,Malo Gusto,Chelsea,DEF,620322.0,35000000.0,17.370858648025116,21.623545516769337
27.3,23.0,2001.0,es La Liga,0,4,1,5,29,2458,es ESP,0,"DF,MF",29,0,Miguel Gutiérrez,Girona,DEF,525299.0,20000000.0,16.811242881518265,23.433264887063654
14.1,27.0,1997.0,it Serie A,0,2,6,1,24,1273,is ISL,2,"FW,MF",16,2,Albert Guðmundsson,Fiorentina,FWD,305947.0,18000000.0,16.705882371415992,27.548254620123203
36.4,22.0,2002.0,eng Premier League,0,2,5,0,37,3277,hr CRO,0,DF,36,0,Joško Gvardiol,Manchester City,DEF,475959.0,75000000.0,18.132998684833918,22.940451745379878
35.7,30.0,1994.0,it Serie A,0,5,2,1,37,3217,gh GHA,0,"DF,FW",37,0,Emmanuel Gyasi,Empoli,DEF,241076.0,1400000.0,14.151983508870947,30.973305954825463
30.4,24.0,2000.0,eng Premier League,0,2,22,3,31,2736,no NOR,3,FW,31,4,Erling Haaland,Manchester City,FWD,418560.0,180000000.0,19.00846741441004,24.449007529089666
3.2,28.0,1996.0,it Serie A,0,1,0,0,10,287,ch SUI,0,MF,2,0,Nicolas Haas,Empoli,MID,192638.0,700000.0,13.45883704259595,28.941820670773442
18.8,30.0,1994.0,de Bundesliga,0,1,0,0,28,1696,de GER,0,"MF,DF",21,0,Janik Haberer,Union Berlin,MID,177779.0,2500000.0,14.731801689838349,30.751540041067763
24.1,25.0,1998.0,de Bundesliga,0,4,4,7,33,2172,de GER,0,"FW,MF",27,0,Robin Hack,Gladbach,FWD,284010.0,12000000.0,16.300417291085605,26.349075975359344
9.6,28.0,1995.0,es La Liga,1,1,4,0,25,862,ma MAR,0,"FW,MF",10,0,Munir El Haddadi,Leganés,FWD,223725.0,2500000.0,14.731801689838349,29.336071184120467
14.7,26.0,1998.0,de Bundesliga,0,7,0,1,28,1320,ml MLI,0,MF,16,0,Amadou Haidara,RB Leipzig,MID,402008.0,16000000.0,16.588099342704055,26.91854893908282
18.6,31.0,1992.0,fr Ligue 1,2,3,0,0,22,1678,ml MLI,0,DF,20,0,Massadio Haïdara,Brest,DEF,170929.0,1500000.0,14.220976332738882,32.082135523613964
13.4,22.0,2002.0,it Serie A,0,4,2,0,25,1206,fr FRA,0,"DF,FW",10,0,Antoine Hainaut,Parma,DEF,917375.0,1000000.0,13.815511557963774,22.869267624914443
5.0,19.0,2005.0,it Serie A,0,4,1,2,15,453,tn TUN,0,MF,3,0,Mohamed Haj,Parma,MID,343974.0,1500000.0,14.220976332738882,28.914442162902123
23.0,25.0,1998.0,fr Ligue 1,0,4,4,6,25,2066,ma MAR,0,DF,24,0,Achraf Hakimi,Paris S-G,DEF,398073.0,80000000.0,18.197537205138154,26.16016427104723
24.3,19.0,2004.0,eng Premier League,0,3,0,4,27,2189,eng ENG,0,DF,24,0,Lewis Hall,Newcastle Utd,DEF,670858.0,32000000.0,17.281246492014,20.314852840520192
4.5,30.0,1994.0,es La Liga,0,0,0,0,8,404,ci CIV,0,FW,5,0,Sébastien Haller,Leganés,FWD,181375.0,3000000.0,14.914123179965662,30.529774127310063
14.3,27.0,1997.0,de Bundesliga,1,4,1,1,22,1284,no NOR,0,DF,12,0,Andreas Hanche-Olsen,Mainz 05,DEF,370683.0,6000000.0,15.607270193858982,27.956194387405887
29.7,34.0,1990.0,fr Ligue 1,0,2,1,2,33,2672,dz ALG,0,DF,31,0,Florent Hanin,Angers,DEF,111811.0,300000.0,12.611541086966115,34.90759753593429
15.2,31.0,1993.0,it Serie A,0,3,1,1,25,1369,sr SUR,0,DF,14,0,Ridgeciano Haps,Venezia,DEF,228444.0,900000.0,13.710151153416941,31.5564681724846
5.8,27.0,1997.0,fr Ligue 1,1,1,2,4,13,519,ma MAR,0,MF,8,0,Amine Harit,Marseille,MID,372711.0,8000000.0,15.894952224644102,27.540041067761805
23.1,27.0,1996.0,eng Premier League,0,0,1,0,34,2076,eng ENG,0,FW,24,0,Jack Harrison,Everton,FWD,417346.0,14000000.0,16.454567959008102,28.11498973305955
5.1,26.0,1998.0,it Serie A,0,1,1,2,10,463,nl NED,0,"MF,FW",5,0,Abdou Harroui,Hellas Verona,MID,416386.0,1800000.0,14.403297778421795,26.967830253251197
31.4,22.0,2002.0,eng Premier League,0,9,1,0,34,2825,eng ENG,0,DF,32,0,Taylor Harwood-Bellis,Southampton,DEF,503977.0,22000000.0,16.906553056777135,22.921286789869953
18.7,30.0,1994.0,fr Ligue 1,0,3,0,0,26,1684,nl NED,0,DF,18,0,Hans Hateboer,Rennes,DEF,275303.0,2500000.0,14.731801689838349,30.978781656399725
5.5,26.0,1998.0,fr Ligue 1,0,0,0,0,6,498,no NOR,0,GK,5,0,Kjetil Haug,Toulouse,GK,328770.0,600000.0,13.304686600863562,26.55715263518138
20.8,25.0,1999.0,eng Premier League,0,5,9,3,23,1875,de GER,0,"FW,MF",21,0,Kai Havertz,Arsenal,FWD,309400.0,65000000.0,17.989897843244528,25.560574948665298
32.9,24.0,2000.0,eng Premier League,1,8,1,1,34,2958,nl NED,0,DF,33,0,Jan Paul van Hecke,Brighton,DEF,576314.0,32000000.0,17.281246492014,24.566735112936346
7.3,28.0,1996.0,eng Premier League,0,0,2,0,21,661,kr KOR,0,"MF,FW",5,0,Hwang Hee-chan,Wolves,MID,292246.0,12000000.0,16.300417291085605,28.933607118412045
38.0,27.0,1997.0,eng Premier League,0,3,0,0,38,3420,eng ENG,0,GK,38,0,Dean Henderson,Crystal Palace,GK,258919.0,20000000.0,16.811242881518265,27.808350444900753
26.0,28.0,1996.0,it Serie A,0,10,0,4,36,2337,sct SCO,0,MF,27,0,Liam Henderson,Empoli,MID,328429.0,100000.0,11.51293546492023,28.358658453114305
12.8,23.0,2001.0,de Bundesliga,0,3,0,1,25,1154,nl NED,0,DF,10,0,Ramon Hendriks,Stuttgart,DEF,436064.0,5000000.0,15.424948670398354,23.457905544147845
10.4,27.0,1997.0,de Bundesliga,0,3,0,2,15,935,de GER,0,DF,10,0,Benjamin Henrichs,RB Leipzig,DEF,202591.0,15000000.0,16.52356082573315,27.854893908281998
29.0,22.0,2001.0,fr Ligue 1,0,0,7,7,33,2613,br BRA,0,"DF,FW",29,0,Luis Henrique,Marseille,DEF,691316.0,25000000.0,17.034386422832473,23.04996577686516
26.5,24.0,2000.0,eng Premier League,0,1,0,0,27,2385,dk DEN,0,GK,27,0,Mads Hermansen,Leicester City,GK,400536.0,15000000.0,16.52356082573315,24.476386036960985
3.3,29.0,1995.0,de Bundesliga,0,0,0,0,4,293,es ESP,0,DF,3,0,Mario Hermoso,Leverkusen,DEF,281769.0,7000000.0,15.76142084987672,29.541409993155373
26.5,26.0,1998.0,es La Liga,0,6,2,1,31,2389,es ESP,0,DF,27,0,Javi Hernández,Leganés,DEF,422466.0,2500000.0,14.731801689838349,26.6694045174538
11.4,35.0,1989.0,es La Liga,0,1,0,0,14,1025,es ESP,0,DF,11,0,Aridane Hernández,Rayo Vallecano,DEF,82503.0,800000.0,13.592368256649284,35.7782340862423
9.7,28.0,1996.0,fr Ligue 1,0,2,0,0,16,877,fr FRA,0,DF,10,0,Lucas Hernández,Paris S-G,DEF,281963.0,25000000.0,17.034386422832473,28.88158795345654
30.0,26.0,1997.0,it Serie A,1,4,4,3,33,2696,fr FRA,0,DF,30,1,Theo Hernández,Milan,DEF,339808.0,35000000.0,17.370858648025116,27.238877481177276
14.7,30.0,1994.0,it Serie A,0,7,3,3,25,1327,br BRA,3,MF,15,3,Hernani,Parma,MID,181768.0,1600000.0,14.285514812209815,30.767967145790553
15.2,23.0,2001.0,es La Liga,0,3,1,0,18,1366,es ESP,0,DF,15,0,Jorge Herrando,Osasuna,DEF,555500.0,4000000.0,15.201805169084134,23.84120465434634
3.0,34.0,1989.0,es La Liga,0,2,0,0,8,273,es ESP,0,MF,2,1,Ander Herrera,Athletic Club,MID,99343.0,800000.0,13.592368256649284,35.383983572895275
37.0,31.0,1993.0,es La Liga,0,5,0,0,37,3330,es ESP,0,GK,37,0,Sergio Herrera,Osasuna,GK,248738.0,3000000.0,14.914123179965662,31.575633127994525
25.1,26.0,1998.0,es La Liga,1,10,4,3,29,2257,ve VEN,0,MF,27,0,Yangel Herrera,Girona,MID,378293.0,15000000.0,16.52356082573315,26.98425735797399
14.6,21.0,2003.0,es La Liga,0,1,0,0,19,1315,es ESP,0,DF,15,0,Juan Herzog,Las Palmas,DEF,1146029.0,1000000.0,13.815511557963774,20.637919233401778
23.4,32.0,1992.0,eng Premier League,0,1,7,9,30,2110,kr KOR,1,FW,24,2,Son Heung-min,Tottenham,FWD,91845.0,20000000.0,16.811242881518265,32.48459958932238
25.9,25.0,1999.0,it Serie A,0,10,0,0,30,2327,se SWE,0,DF,27,0,Isak Hien,Atalanta,DEF,503075.0,30000000.0,17.216707972959764,25.968514715947983
35.0,20.0,2003.0,es La Liga,0,11,0,2,36,3153,ma MAR,0,DF,36,0,Omar El Hilali,Espanyol,DEF,822331.0,15000000.0,16.52356082573315,21.305954825462013
5.0,22.0,2002.0,eng Premier League,0,1,0,1,10,448,eng ENG,0,DF,6,0,James Hill,Bournemouth,DEF,611793.0,3000000.0,14.914123179965662,22.976043805612594
29.7,22.0,2002.0,de Bundesliga,0,8,2,2,32,2670,ec ECU,0,DF,28,0,Piero Hincapié,Leverkusen,DEF,659813.0,50000000.0,17.72753358339242,22.978781656399725
20.5,19.0,2005.0,eng Premier League,0,5,5,2,26,1842,eng ENG,0,"MF,DF",22,0,Jack Hinshelwood,Brighton,MID,867688.0,24000000.0,16.993564429978885,19.72621492128679
7.3,25.0,1999.0,eng Premier League,0,3,3,1,26,661,sct SCO,0,FW,5,0,George Hirst,Ipswich Town,FWD,420808.0,4000000.0,15.201805169084134,25.87816563997262
20.8,22.0,2002.0,de Bundesliga,0,2,8,4,27,1871,cz CZE,0,"FW,MF",22,0,Adam Hložek,Hoffenheim,FWD,552057.0,18000000.0,16.705882371415992,22.439425051334702
23.6,22.0,2002.0,fr Ligue 1,1,4,1,2,30,2124,nl NED,0,DF,26,0,Ki-Jana Hoever,Auxerre,DEF,485583.0,5000000.0,15.424948670398354,22.954140999315538
8.8,34.0,1990.0,de Bundesliga,0,3,0,0,20,794,de GER,0,MF,7,0,Nicolas Höfler,Freiburg,MID,55099.0,500000.0,13.122365377402328,34.81724845995893
4.0,32.0,1992.0,de Bundesliga,0,1,2,1,11,356,de GER,0,"MF,DF",4,0,Jonas Hofmann,Leverkusen,MID,7161.0,2000000.0,14.508658238524095,32.46817248459959
25.3,31.0,1993.0,de Bundesliga,0,4,3,3,32,2277,de GER,0,FW,27,0,Philipp Hofmann,Bochum,FWD,119037.0,1000000.0,13.815511557963774,31.759069130732374
20.7,30.0,1994.0,de Bundesliga,0,3,6,4,31,1867,de GER,0,"FW,MF",21,1,Lucas Höler,Freiburg,FWD,248999.0,3000000.0,14.914123179965662,30.480492813141684
28.2,23.0,2001.0,de Bundesliga,0,3,9,1,34,2540,de GER,0,"FW,MF",30,0,Benedict Hollerbach,Union Berlin,FWD,453870.0,12000000.0,16.300417291085605,23.627652292950035
12.6,24.0,2000.0,it Serie A,0,3,1,1,21,1137,se SWE,0,DF,12,0,Emil Holm,Bologna,DEF,496745.0,8000000.0,15.894952224644102,24.637919233401778
13.8,33.0,1990.0,de Bundesliga,1,1,0,1,25,1238,de GER,0,MF,13,0,Lewis Holtby,Holstein Kiel,MID,55508.0,500000.0,13.122365377402328,34.288843258042434
12.6,29.0,1995.0,de Bundesliga,0,2,2,1,23,1136,ph PHI,0,"DF,FW",12,0,Gerrit Holtmann,Bochum,DEF,190289.0,700000.0,13.45883704259595,29.7741273100616
16.0,27.0,1996.0,de Bundesliga,0,0,4,7,19,1439,fr FRA,0,FW,18,0,Franck Honorat,Gladbach,FWD,229006.0,12000000.0,16.300417291085605,28.39151266255989
13.1,27.0,1996.0,de Bundesliga,0,1,5,1,22,1181,at AUT,0,"FW,DF",12,0,Mathias Honsak,Heidenheim,FWD,283497.0,2000000.0,14.508658238524095,28.032854209445585
13.0,31.0,1993.0,de Bundesliga,0,2,0,0,13,1170,de GER,0,GK,13,0,Timo Horn,Bochum,GK,84938.0,800000.0,13.592368256649284,31.641341546885695
29.0,34.0,1989.0,de Bundesliga,0,1,0,0,29,2610,fi FIN,0,GK,29,0,Lukáš Hrádecký,Leverkusen,GK,48015.0,2000000.0,14.508658238524095,35.1047227926078
24.4,23.0,2000.0,eng Premier League,0,2,5,2,31,2194,eng ENG,0,"FW,MF",25,0,Callum Hudson-Odoi,Nott'ham Forest,FWD,392768.0,25000000.0,17.034386422832473,24.150581793292265
23.4,29.0,1995.0,eng Premier League,0,11,0,3,33,2108,eng ENG,0,MF,24,0,Will Hughes,Crystal Palace,MID,207014.0,7000000.0,15.76142084987672,29.711156741957563
27.0,19.0,2005.0,eng Premier League,0,10,3,2,32,2427,es ESP,0,DF,26,0,Dean Huijsen,Bournemouth,DEF,890290.0,60000000.0,17.909855136853043,19.718001368925393
10.2,35.0,1988.0,it Serie A,0,1,0,0,14,915,de GER,0,DF,11,0,Mats Hummels,Roma,DEF,39728.0,2000000.0,14.508658238524095,36.04380561259411
28.7,20.0,2003.0,eng Premier League,0,5,3,2,31,2583,eng ENG,0,"MF,FW",30,0,Omari Hutchinson,Ipswich Town,MID,741238.0,22000000.0,16.906553056777135,21.17453798767967
4.7,30.0,1994.0,it Serie A,1,2,0,3,11,424,al ALB,0,DF,4,0,Elseid Hysaj,Lazio,DEF,200056.0,1500000.0,14.220976332738882,30.913073237508556
5.9,25.0,1999.0,de Bundesliga,0,0,0,1,23,530,kr KOR,0,MF,4,0,Hong Hyunseok,Mainz 05,MID,562948.0,3500000.0,15.068273812173887,25.54688569472964
8.0,19.0,2005.0,de Bundesliga,0,0,1,0,20,722,dk DEN,0,MF,7,0,Oscar Højlund,Eint Frankfurt,MID,846310.0,7500000.0,15.830413711839864,19.991786447638603
22.3,21.0,2003.0,eng Premier League,0,2,4,0,32,2004,dk DEN,0,FW,23,0,Rasmus Højlund,Manchester Utd,FWD,610442.0,35000000.0,17.370858648025116,21.908281998631075
14.4,25.0,1998.0,es La Liga,0,4,1,1,28,1294,es ESP,0,MF,13,0,Pablo Ibáñez,Osasuna,MID,785353.0,2000000.0,14.508658238524095,26.28336755646817
3.2,19.0,2005.0,es La Liga,0,0,1,1,14,284,be BEL,0,"FW,MF",3,0,Stanis Idumbo,Sevilla,FWD,743387.0,2500000.0,14.731801689838349,19.509924709103355
34.7,24.0,2000.0,it Serie A,0,5,1,0,35,3127,id IDN,0,DF,35,0,Jay Idzes,Venezia,DEF,546926.0,7500000.0,15.830413711839864,24.583162217659137
21.7,31.0,1993.0,es La Liga,0,2,11,3,37,1952,es ESP,0,FW,24,0,Borja Iglesias,Celta Vigo,FWD,278359.0,3000000.0,14.914123179965662,31.956194387405887
4.4,27.0,1996.0,es La Liga,0,0,0,0,9,400,ng NGA,0,FW,5,0,Kelechi Iheanacho,Sevilla,FWD,295330.0,4500000.0,15.319588176962746,28.246406570841888
6.0,26.0,1998.0,it Serie A,0,1,2,0,13,540,fr FRA,0,FW,5,0,Jonathan Ikone,Como,FWD,324690.0,7000000.0,15.76142084987672,26.6694045174538
3.7,26.0,1998.0,it Serie A,0,0,0,0,14,334,fr FRA,0,"FW,MF",1,0,Jonathan Ikone,Fiorentina,FWD,324690.0,7000000.0,15.76142084987672,26.6694045174538
8.0,17.0,2006.0,fr Ligue 1,0,0,3,2,23,717,ng NGA,0,FW,6,0,George Ilenikhena,Monaco,FWD,1004834.0,15000000.0,16.52356082573315,18.379192334017795
10.4,24.0,2000.0,de Bundesliga,0,1,7,0,16,937,rs SRB,1,FW,11,1,Andrej Ilic,Union Berlin,FWD,583699.0,4000000.0,15.201805169084134,24.747433264887064
10.2,23.0,2001.0,it Serie A,0,4,1,0,19,920,rs SRB,0,MF,9,0,Ivan Ilić,Torino,MID,470794.0,16000000.0,16.588099342704055,23.794661190965094
3.2,32.0,1992.0,eng Premier League,0,0,1,2,15,284,eng ENG,0,"FW,MF",1,0,Danny Ings,West Ham,FWD,134294.0,6000000.0,15.607270193858982,32.4435318275154
4.3,33.0,1991.0,it Serie A,0,2,0,0,10,387,it ITA,0,"DF,FW",3,0,Alessio Iovine,Como,DEF,330472.0,400000.0,12.899222326086994,33.91649555099247
6.4,21.0,2003.0,eng Premier League,0,4,0,1,18,574,eng ENG,0,MF,5,0,Tim Iroegbunam,Everton,MID,696589.0,9000000.0,16.012735246411598,21.508555783709788
29.0,31.0,1993.0,de Bundesliga,0,2,0,6,29,2610,au AUS,0,MF,29,0,Jackson Irvine,St. Pauli,MID,192557.0,2000000.0,14.508658238524095,31.822039698836413
30.6,24.0,1999.0,eng Premier League,0,1,23,6,34,2756,se SWE,4,FW,34,4,Alexander Isak,Newcastle Utd,FWD,349066.0,120000000.0,18.603002309079653,25.281314168377822
24.6,23.0,2001.0,it Serie A,0,5,4,2,37,2210,dk DEN,0,FW,29,0,Gustav Isaksen,Lazio,FWD,462823.0,20000000.0,16.811242881518265,23.704312114989733
17.2,32.0,1992.0,es La Liga,0,5,9,8,22,1547,es ESP,5,MF,17,6,Isco,Betis,MID,85288.0,6000000.0,15.607270193858982,32.69815195071869
10.0,34.0,1990.0,fr Ligue 1,0,4,0,1,16,904,br BRA,0,DF,10,0,Ismaily,Lille,DEF,124028.0,1200000.0,13.997832948091215,34.97330595482546
27.9,27.0,1996.0,it Serie A,0,3,0,0,29,2508,al ALB,0,DF,29,0,Ardian Ismajli,Empoli,DEF,435228.0,6000000.0,15.607270193858982,28.254620123203285
31.0,27.0,1997.0,de Bundesliga,0,5,3,0,31,2790,jp JPN,0,DF,31,0,Ko Itakura,Gladbach,DEF,355816.0,12000000.0,16.300417291085605,27.928815879534564
29.9,31.0,1993.0,fr Ligue 1,0,1,4,3,33,2690,jp JPN,0,"FW,MF",31,0,Junya Ito,Reims,FWD,348791.0,6000000.0,15.607270193858982,31.81656399726215
18.4,22.0,2001.0,de Bundesliga,0,5,0,0,23,1657,rs SRB,0,DF,18,0,Marko Ivezić,Holstein Kiel,DEF,706024.0,2000000.0,14.508658238524095,23.082819986310746
33.1,28.0,1996.0,eng Premier League,0,1,9,6,38,2981,ng NGA,0,"FW,MF",35,0,Alex Iwobi,Fulham,FWD,242631.0,28000000.0,17.147715103853763,28.6652977412731
27.1,32.0,1992.0,it Serie A,0,12,1,1,30,2435,it ITA,0,DF,28,0,Armando Izzo,Monza,DEF,32113.0,1500000.0,14.220976332738882,32.83504449007529
24.7,23.0,2001.0,eng Premier League,1,7,10,5,30,2220,sn SEN,0,FW,28,0,Nicolas Jackson,Chelsea,FWD,776890.0,50000000.0,17.72753358339242,23.534565366187543
10.3,19.0,2005.0,fr Ligue 1,0,0,0,1,11,927,fr FRA,0,DF,11,0,Jérémy Jacquet,Rennes,DEF,1004301.0,10000000.0,16.118095750958314,19.471594798083505
29.4,31.0,1992.0,de Bundesliga,0,4,7,6,33,2650,kr KOR,0,MF,31,0,Lee Jae-sung,Mainz 05,MID,314398.0,2500000.0,14.731801689838349,32.394250513347025
25.6,27.0,1997.0,de Bundesliga,0,2,0,1,31,2306,hr CRO,0,MF,27,0,Kristijan Jakić,Augsburg,MID,374954.0,6500000.0,15.687312888712007,27.63586584531143
13.1,20.0,2004.0,fr Ligue 1,0,4,0,1,23,1178,wls WAL,0,MF,14,0,Jordan James,Rennes,MID,667517.0,8000000.0,15.894952224644102,20.501026694045173
11.8,24.0,1999.0,eng Premier League,0,1,1,1,19,1063,eng ENG,0,"DF,MF",12,0,Reece James,Chelsea,DEF,472423.0,30000000.0,17.216707972959764,25.06776180698152
25.0,26.0,1998.0,eng Premier League,0,3,1,3,32,2254,de GER,0,MF,27,0,Vitaly Janelt,Brentford,MID,270171.0,20000000.0,16.811242881518265,26.647501711156742
6.6,29.0,1995.0,es La Liga,0,5,2,1,18,598,be BEL,0,"MF,FW",5,0,Adnan Januzaj,Las Palmas,MID,177847.0,1200000.0,13.997832948091215,29.905544147843944
24.9,20.0,2003.0,es La Liga,1,4,2,1,34,2244,es ESP,0,MF,25,0,Mikel Jauregizar,Athletic Club,MID,938729.0,30000000.0,17.216707972959764,21.136208076659823
4.3,21.0,2002.0,de Bundesliga,0,2,0,2,13,386,sk SVK,0,"DF,MF",4,0,Dominik Javorček,Holstein Kiel,DEF,610608.0,550000.0,13.217675375388819,22.16563997262149
15.4,24.0,2000.0,it Serie A,0,0,0,0,19,1388,fr FRA,0,DF,16,0,Gaby Jean,Lecce,DEF,805886.0,2000000.0,14.508658238524095,24.867898699520875
8.7,18.0,2006.0,de Bundesliga,0,2,0,0,12,780,de GER,0,DF,9,0,Finn Jeltsch,Stuttgart,DEF,924117.0,20000000.0,16.811242881518265,18.46132785763176
8.5,26.0,1997.0,de Bundesliga,0,0,0,0,20,763,fi FIN,0,MF,9,0,Fredrik Jensen,Augsburg,MID,249157.0,3500000.0,15.068273812173887,27.312799452429843
9.6,28.0,1996.0,eng Premier League,0,2,0,2,24,862,dk DEN,0,MF,8,0,Mathias Jensen,Brentford,MID,319859.0,14000000.0,16.454567959008102,29.00205338809035
17.8,25.0,1999.0,de Bundesliga,0,4,0,0,19,1600,de GER,0,DF,18,0,Moritz Jenz,Mainz 05,DEF,460245.0,5000000.0,15.424948670398354,25.675564681724847
6.8,27.0,1997.0,eng Premier League,0,4,3,0,17,608,br BRA,0,FW,6,0,Gabriel Jesus,Arsenal,FWD,363205.0,32000000.0,17.281246492014,27.748117727583846
11.9,33.0,1991.0,it Serie A,0,2,0,1,15,1074,br BRA,0,DF,12,0,Juan Jesus,Napoli,DEF,121985.0,1500000.0,14.220976332738882,33.56331279945243
27.7,33.0,1991.0,eng Premier League,0,4,12,3,38,2494,mx MEX,3,FW,30,3,Raúl Jiménez,Fulham,FWD,206040.0,5000000.0,15.424948670398354,33.661875427789184
21.6,22.0,2001.0,eng Premier League,1,4,10,6,27,1948,br BRA,5,"FW,MF",23,5,João Pedro,Brighton,FWD,626724.0,50000000.0,17.72753358339242,23.266255989048595
26.6,27.0,1996.0,eng Premier League,0,10,4,3,29,2393,br BRA,0,"MF,FW",29,0,Joelinton,Newcastle Utd,MID,333241.0,35000000.0,17.370858648025116,28.383299110198493
12.8,23.0,2000.0,it Serie A,0,0,0,4,21,1156,is ISL,0,MF,13,0,Þórir Jóhann Helgason,Lecce,MID,488996.0,3000000.0,14.914123179965662,24.26009582477755
6.3,30.0,1994.0,de Bundesliga,1,0,0,0,10,568,se SWE,0,DF,7,0,Carl Johansson,Holstein Kiel,DEF,225043.0,500000.0,13.122365377402328,30.611909650924023
15.0,24.0,2000.0,eng Premier League,1,5,1,2,23,1354,eng ENG,0,"DF,FW",14,0,Ben Johnson,Ipswich Town,DEF,468002.0,8000000.0,15.894952224644102,24.93908281998631
24.2,23.0,2001.0,eng Premier League,0,5,11,3,33,2177,wls WAL,0,FW,24,0,Brennan Johnson,Tottenham,FWD,470607.0,40000000.0,17.50439003707821,23.61122518822724
3.0,34.0,1990.0,fr Ligue 1,0,0,0,0,3,270,se SWE,0,GK,3,0,Karl-Johan Johnsson,Strasbourg,GK,112822.0,300000.0,12.611541086966115,34.926762491444215
7.0,31.0,1993.0,eng Premier League,0,0,0,0,7,630,eng ENG,0,GK,7,0,Sam Johnstone,Wolves,GK,110864.0,6000000.0,15.607270193858982,31.772758384668034
19.0,23.0,2001.0,eng Premier League,1,3,3,3,33,1712,eng ENG,0,"MF,DF",19,0,Curtis Jones,Liverpool,MID,433188.0,45000000.0,17.622173069956816,23.920602327173167
12.7,27.0,1997.0,es La Liga,0,3,2,2,26,1143,nl NED,0,MF,9,0,Frenkie de Jong,Barcelona,MID,326330.0,45000000.0,17.622173069956816,27.641341546885695
15.7,30.0,1994.0,es La Liga,0,4,5,2,25,1414,es ESP,3,MF,15,4,Joan Jordán,Alavés,MID,263727.0,2500000.0,14.731801689838349,30.491444216290212
7.8,32.0,1991.0,eng Premier League,0,5,0,0,15,704,it ITA,0,MF,9,0,Jorginho,Arsenal,MID,102017.0,6000000.0,15.607270193858982,33.034907597535934
7.8,31.0,1993.0,it Serie A,0,0,0,0,8,703,fi FIN,0,GK,7,0,Jesse Joronen,Venezia,GK,131758.0,500000.0,13.122365377402328,31.783709787816566
3.7,25.0,1999.0,fr Ligue 1,0,0,1,0,9,334,pt POR,0,"FW,MF",3,0,Jota,Rennes,FWD,329812.0,8000000.0,15.894952224644102,25.760438056125942
13.3,27.0,1996.0,eng Premier League,0,2,6,3,26,1196,pt POR,0,FW,14,0,Diogo Jota,Liverpool,FWD,340950.0,40000000.0,17.50439003707821,28.076659822039698
10.5,21.0,2003.0,fr Ligue 1,0,1,0,2,26,943,fr FRA,0,"MF,FW",9,0,Antoine Joujou,Le Havre,MID,1028162.0,2000000.0,14.508658238524095,21.809719370294317
6.2,26.0,1997.0,it Serie A,0,1,2,0,15,557,rs SRB,0,"FW,MF",6,0,Luka Jović,Milan,FWD,257462.0,4500000.0,15.319588176962746,27.025325119780973
7.7,31.0,1993.0,es La Liga,0,2,0,0,13,696,es ESP,0,"FW,MF",8,0,Juanmi,Getafe,FWD,126737.0,2000000.0,14.508658238524095,31.619438740588638
8.1,33.0,1991.0,es La Liga,0,2,0,0,12,727,es ESP,0,DF,8,0,Juanpe,Girona,DEF,115333.0,600000.0,13.304686600863562,33.67556468172484
29.3,30.0,1993.0,fr Ligue 1,0,7,6,0,30,2640,br BRA,3,DF,30,4,Jubal,Auxerre,DEF,149928.0,2500000.0,14.731801689838349,31.342915811088297
21.1,32.0,1991.0,de Bundesliga,0,1,0,0,28,1898,de GER,0,DF,20,0,Anthony Jung,Werder Bremen,DEF,58995.0,1000000.0,13.815511557963774,33.163586584531146
25.0,24.0,2000.0,es La Liga,1,8,11,8,30,2253,br BRA,2,FW,24,3,Vinicius Júnior,Real Madrid,FWD,371998.0,170000000.0,18.951309000896888,24.473648186173854
12.9,28.0,1995.0,de Bundesliga,0,4,0,1,17,1159,hr CRO,0,"DF,MF",13,0,Josip Juranović,Union Berlin,DEF,362977.0,4000000.0,15.201805169084134,29.37987679671458
6.9,23.0,2000.0,de Bundesliga,0,0,0,1,14,619,cz CZE,0,DF,6,0,David Jurásek,Hoffenheim,DEF,500054.0,5000000.0,15.424948670398354,24.40246406570842
19.2,27.0,1996.0,es La Liga,1,7,0,0,26,1729,hr CRO,0,MF,19,0,Stanko Jurić,Valladolid,MID,388125.0,1200000.0,13.997832948091215,28.37782340862423
32.4,26.0,1998.0,eng Premier League,0,6,2,2,36,2912,eng ENG,0,DF,34,0,James Justin,Leicester City,DEF,413220.0,13000000.0,16.380459992348886,26.855578370978783
6.0,22.0,2002.0,eng Premier League,0,0,0,0,6,540,dk DEN,0,GK,6,0,Filip Jørgensen,Chelsea,GK,585323.0,18000000.0,16.705882371415992,22.713210130047912
5.0,22.0,2001.0,it Serie A,0,1,0,0,15,452,fr FRA,0,MF,2,0,Mohamed Kaba,Lecce,MID,911328.0,2000000.0,14.508658238524095,23.1813826146475
12.9,33.0,1991.0,it Serie A,0,0,2,0,16,1161,be BEL,0,DF,12,0,Christian Kabasele,Udinese,DEF,81512.0,700000.0,13.45883704259595,33.85352498288843
3.4,23.0,2001.0,de Bundesliga,0,0,0,0,9,308,bf BFA,0,"DF,FW",3,0,Issa Kaboré,Werder Bremen,DEF,649452.0,4000000.0,15.201805169084134,23.641341546885695
17.5,32.0,1992.0,de Bundesliga,0,6,2,0,24,1576,cz CZE,0,DF,18,0,Pavel Kadeřábek,Hoffenheim,DEF,143798.0,1700000.0,14.346139397261565,32.68720054757016
5.7,28.0,1996.0,fr Ligue 1,0,1,1,2,12,512,zw ZIM,0,"MF,FW",6,0,Tino Kadewere,Nantes,MID,384060.0,2500000.0,14.731801689838349,28.99110198494182
4.3,24.0,1999.0,eng Premier League,0,1,1,0,6,385,tr TUR,0,"DF,MF",5,0,Ferdi Kadioglu,Brighton,DEF,369316.0,25000000.0,17.034386422832473,25.23750855578371
28.6,22.0,2002.0,fr Ligue 1,0,2,17,3,33,2578,fr FRA,5,"FW,MF",31,8,Arnaud Kalimuendo,Rennes,FWD,585959.0,22000000.0,16.906553056777135,22.94866529774127
26.0,24.0,2000.0,it Serie A,1,2,1,0,29,2337,fr FRA,0,DF,25,0,Pierre Kalulu,Juventus,DEF,585949.0,28000000.0,17.147715103853763,24.57494866529774
17.4,27.0,1996.0,eng Premier League,1,4,0,0,34,1564,jp JPN,0,MF,15,0,Daichi Kamada,Crystal Palace,MID,356141.0,12000000.0,16.300417291085605,28.407939767282684
11.4,23.0,2000.0,fr Ligue 1,0,3,1,1,24,1022,no NOR,0,"DF,MF",11,0,Waren Kamanzi,Toulouse,DEF,794758.0,2000000.0,14.508658238524095,24.139630390143736
19.2,24.0,1999.0,eng Premier League,0,2,1,0,26,1726,fr FRA,0,MF,20,0,Boubacar Kamara,Aston Villa,MID,394327.0,40000000.0,17.50439003707821,25.1088295687885
7.4,28.0,1995.0,fr Ligue 1,0,0,0,1,13,662,fi FIN,0,MF,8,0,Glen Kamara,Rennes,MID,242632.0,5000000.0,15.424948670398354,29.180013689253936
22.2,30.0,1994.0,it Serie A,1,8,1,4,30,2001,ci CIV,0,DF,25,0,Hassane Kamara,Udinese,DEF,290017.0,3500000.0,15.068273812173887,30.82819986310746
12.4,19.0,2004.0,es La Liga,1,1,0,0,19,1117,fr FRA,0,DF,12,0,Willy Kambwala,Villarreal,DEF,780630.0,4000000.0,15.201805169084134,20.35318275154004
12.6,22.0,2002.0,de Bundesliga,0,2,0,2,22,1130,pl POL,0,"DF,MF",12,0,Jakub Kamiński,Wolfsburg,DEF,407098.0,5000000.0,15.424948670398354,22.576317590691307
17.7,33.0,1990.0,de Bundesliga,0,5,1,0,26,1593,si SVN,0,MF,18,0,Kevin Kampl,RB Leipzig,MID,53418.0,3500000.0,15.068273812173887,34.23134839151266
26.5,31.0,1993.0,de Bundesliga,0,5,26,9,31,2381,eng ENG,9,FW,28,9,Harry Kane,Bayern Munich,FWD,132098.0,75000000.0,18.132998684833918,31.430527036276523
18.5,23.0,2001.0,fr Ligue 1,0,1,6,6,30,1663,kr KOR,0,"FW,MF",19,0,Lee Kang-in,Paris S-G,FWD,557149.0,25000000.0,17.034386422832473,23.865845311430526
11.6,26.0,1998.0,it Serie A,0,2,0,1,29,1046,fr FRA,0,"MF,FW",10,0,Yann Karamoh,Torino,MID,324804.0,1800000.0,14.403297778421795,26.48596851471595
29.1,27.0,1996.0,de Bundesliga,1,10,2,4,32,2618,tr TUR,0,MF,31,0,Atakan Karazor,Stuttgart,MID,232320.0,12000000.0,16.300417291085605,28.21902806297057
3.3,26.0,1998.0,it Serie A,0,1,1,0,7,298,se SWE,0,FW,3,0,Jesper Karlsson,Bologna,FWD,367992.0,4000000.0,15.201805169084134,26.439425051334702
5.5,26.0,1998.0,it Serie A,0,2,1,0,13,495,se SWE,1,FW,6,1,Jesper Karlsson,Lecce,FWD,367992.0,4000000.0,15.201805169084134,26.439425051334702
35.4,29.0,1995.0,it Serie A,0,9,0,3,37,3186,se SWE,0,MF,36,0,Jesper Karlström,Udinese,MID,222855.0,4000000.0,15.201805169084134,29.533196440793976
9.7,26.0,1998.0,it Serie A,0,4,1,1,27,872,cy CYP,0,"MF,FW",8,0,Grigoris Kastanos,Hellas Verona,MID,298635.0,1500000.0,14.220976332738882,26.921286789869953
4.1,23.0,2001.0,de Bundesliga,0,2,0,0,9,372,dk DEN,0,FW,3,0,Mikkel Kaufmann,Heidenheim,FWD,545332.0,1200000.0,13.997832948091215,23.994524298425734
5.9,20.0,2004.0,eng Premier League,0,2,0,1,12,528,it ITA,0,DF,6,0,Michael Kayode,Brentford,DEF,823486.0,18000000.0,16.705882371415992,20.479123887748116
29.1,24.0,2000.0,it Serie A,0,5,17,3,31,2615,it ITA,1,FW,30,2,Moise Kean,Fiorentina,FWD,364135.0,50000000.0,17.72753358339242,24.843258042436688
11.7,31.0,1993.0,eng Premier League,0,5,3,0,14,1049,eng ENG,0,DF,11,0,Michael Keane,Everton,DEF,118534.0,5000000.0,15.424948670398354,31.972621492128678
23.3,22.0,2002.0,fr Ligue 1,0,4,2,0,31,2096,ma MAR,0,"MF,FW",25,0,Yassine Kechta,Le Havre,MID,667967.0,5000000.0,15.424948670398354,22.850102669404517
26.5,27.0,1996.0,fr Ligue 1,0,1,4,0,27,2383,de GER,0,DF,27,0,Thilo Kehrer,Monaco,DEF,228948.0,20000000.0,16.811242881518265,28.279260780287473
20.3,22.0,2002.0,it Serie A,1,6,0,2,30,1826,be BEL,0,MF,24,0,Mandela Keita,Parma,MID,707844.0,12000000.0,16.300417291085605,22.647501711156742
3.0,24.0,2000.0,de Bundesliga,0,1,0,0,11,270,de GER,0,MF,2,0,Yannik Keitel,Stuttgart,MID,342039.0,3500000.0,15.068273812173887,24.878850102669404
10.0,25.0,1998.0,eng Premier League,0,0,0,0,10,900,ie IRL,0,GK,10,0,Caoimhín Kelleher,Liverpool,GK,340918.0,20000000.0,16.811242881518265,26.10814510609172
3.4,25.0,1998.0,eng Premier League,0,2,0,1,10,303,eng ENG,0,DF,4,0,Lloyd Kelly,Newcastle Utd,DEF,480116.0,16000000.0,16.588099342704055,26.239561943874058
11.3,25.0,1998.0,it Serie A,0,1,0,0,12,1013,eng ENG,0,DF,11,0,Lloyd Kelly,Juventus,DEF,480116.0,16000000.0,16.588099342704055,26.239561943874058
10.2,19.0,2004.0,de Bundesliga,0,3,1,0,15,922,de GER,0,MF,11,0,Aljoscha Kemlein,Union Berlin,MID,692737.0,7000000.0,15.76142084987672,20.416153319644078
29.1,29.0,1995.0,it Serie A,1,6,0,0,31,2615,de GER,0,DF,30,0,Marc-Oliver Kempf,Como,DEF,160938.0,3000000.0,14.914123179965662,29.927446954141
8.7,22.0,2002.0,de Bundesliga,0,4,2,0,23,783,de GER,0,"MF,DF",7,0,Luca Kerber,Heidenheim,MID,809498.0,1500000.0,14.220976332738882,22.8145106091718
37.1,20.0,2003.0,eng Premier League,0,4,2,5,38,3336,hu HUN,0,DF,38,0,Milos Kerkez,Bournemouth,DEF,730861.0,45000000.0,17.622173069956816,21.152635181382614
24.2,20.0,2004.0,eng Premier League,0,4,2,3,32,2182,ma MAR,0,"MF,FW",27,0,Bilal El Khannouss,Leicester City,MID,654982.0,28000000.0,17.147715103853763,20.646132785763175
12.4,33.0,1991.0,fr Ligue 1,0,4,1,1,30,1118,tn TUN,0,"FW,MF",10,0,Wahbi Khazri,Montpellier,FWD,103565.0,1000000.0,13.815511557963774,33.89733059548254
30.3,30.0,1994.0,de Bundesliga,0,7,1,1,32,2723,de GER,0,MF,31,0,Rani Khedira,Union Berlin,MID,124410.0,2500000.0,14.731801689838349,30.92950034223135
5.6,20.0,2004.0,eng Premier League,0,1,0,0,6,503,uz UZB,0,DF,6,0,Abdukodir Khusanov,Manchester City,DEF,763079.0,35000000.0,17.370858648025116,20.840520191649556
10.8,20.0,2004.0,fr Ligue 1,1,2,0,0,13,975,uz UZB,0,DF,11,0,Abdukodir Khusanov,Lens,DEF,763079.0,35000000.0,17.370858648025116,20.840520191649556
31.6,29.0,1995.0,de Bundesliga,0,4,3,7,33,2847,de GER,0,MF,32,0,Joshua Kimmich,Bayern Munich,MID,161056.0,45000000.0,17.622173069956816,29.897330595482547
18.6,32.0,1992.0,fr Ligue 1,0,2,6,3,28,1673,no NOR,0,"FW,MF",21,0,Joshua King,Toulouse,FWD,91059.0,1800000.0,14.403297778421795,32.9637234770705
6.0,21.0,2003.0,eng Premier League,0,0,0,0,6,540,cz CZE,0,GK,6,0,Antonín Kinský,Tottenham,GK,725912.0,15000000.0,16.52356082573315,21.806981519507186
12.5,24.0,2000.0,eng Premier League,0,1,1,0,17,1122,pl POL,0,DF,10,0,Jakub Kiwior,Arsenal,DEF,425918.0,28000000.0,17.147715103853763,24.878850102669404
30.4,28.0,1995.0,de Bundesliga,1,5,16,7,31,2737,de GER,1,FW,31,2,Tim Kleindienst,Gladbach,FWD,193033.0,17000000.0,16.648723960844016,29.338809034907598
20.4,28.0,1996.0,de Bundesliga,0,5,1,0,28,1838,de GER,0,DF,20,0,Lukas Klostermann,RB Leipzig,DEF,215599.0,8000000.0,15.894952224644102,28.580424366872005
26.0,25.0,1999.0,eng Premier League,0,8,12,6,34,2340,nl NED,6,MF,29,6,Justin Kluivert,Bournemouth,MID,330659.0,35000000.0,17.370858648025116,25.661875427789184
17.7,22.0,2002.0,de Bundesliga,0,3,4,5,30,1597,de GER,0,"MF,DF",18,0,Ansgar Knauff,Eint Frankfurt,MID,429874.0,15000000.0,16.52356082573315,22.976043805612594
20.6,23.0,2001.0,de Bundesliga,0,7,0,1,31,1850,no NOR,0,MF,22,0,Magnus Knudsen,Holstein Kiel,MID,651735.0,2500000.0,14.731801689838349,23.548254620123203
32.0,26.0,1997.0,de Bundesliga,0,1,0,0,32,2880,ch SUI,0,GK,32,0,Gregor Kobel,Dortmund,GK,257814.0,40000000.0,17.50439003707821,27.071868583162217
28.7,28.0,1996.0,de Bundesliga,0,3,3,0,30,2586,de GER,0,DF,30,0,Robin Koch,Eint Frankfurt,DEF,328784.0,18000000.0,16.705882371415992,28.459958932238195
5.0,27.0,1996.0,fr Ligue 1,0,2,0,0,5,450,bf BFA,0,GK,5,0,Hervé Koffi,Lens,GK,415383.0,1200000.0,13.997832948091215,28.210814510609172
7.7,25.0,1999.0,it Serie A,0,1,1,1,14,695,dk DEN,0,MF,7,0,Magnus Kofod Andersen,Venezia,MID,488784.0,1000000.0,13.815511557963774,25.648186173853524
14.9,25.0,1999.0,de Bundesliga,0,2,2,2,27,1343,de GER,0,"DF,FW",14,0,Derrick Köhn,Werder Bremen,DEF,391780.0,5000000.0,15.424948670398354,25.908281998631075
19.0,26.0,1998.0,fr Ligue 1,0,1,0,0,19,1710,ch SUI,0,GK,19,0,Philipp Köhn,Monaco,GK,251322.0,5000000.0,15.424948670398354,26.751540041067763
25.5,30.0,1994.0,de Bundesliga,1,11,2,0,28,2295,de GER,0,"DF,MF",28,0,Dominik Kohr,Mainz 05,DEF,118847.0,3500000.0,15.068273812173887,30.91854893908282
21.4,32.0,1992.0,es La Liga,0,4,1,1,32,1926,es ESP,0,MF,20,0,Koke,Atlético Madrid,MID,74229.0,8000000.0,15.894952224644102,32.982888432580424
21.1,31.0,1993.0,it Serie A,0,7,0,2,23,1903,ba BIH,0,DF,23,0,Sead Kolašinac,Atalanta,DEF,94005.0,7000000.0,15.76142084987672,31.534565366187543
12.9,25.0,1998.0,it Serie A,0,0,8,1,16,1160,fr FRA,1,FW,13,1,Randal Kolo Muani,Juventus,FWD,487969.0,30000000.0,17.216707972959764,26.075290896646134
4.0,25.0,1998.0,fr Ligue 1,0,0,2,1,10,358,fr FRA,1,FW,2,1,Randal Kolo Muani,Paris S-G,FWD,487969.0,30000000.0,17.216707972959764,26.075290896646134
14.5,27.0,1996.0,de Bundesliga,0,3,0,0,19,1307,hr CRO,0,DF,17,0,Marco Komenda,Holstein Kiel,DEF,335631.0,800000.0,13.592368256649284,28.098562628336754
7.3,19.0,2005.0,de Bundesliga,0,1,2,1,20,654,de GER,0,MF,5,0,Mert Kömür,Augsburg,MID,777005.0,5000000.0,15.424948670398354,19.460643394934976
28.4,25.0,1999.0,eng Premier League,0,5,1,2,31,2560,fr FRA,0,DF,30,0,Ibrahima Konaté,Liverpool,DEF,357119.0,60000000.0,17.909855136853043,25.607118412046542
22.4,31.0,1993.0,fr Ligue 1,0,1,0,0,25,2020,cf CTA,0,"DF,MF",22,0,Geoffrey Kondogbia,Marseille,DEF,127189.0,7000000.0,15.76142084987672,31.876796714579054
14.4,19.0,2005.0,fr Ligue 1,1,3,0,0,24,1293,ml MLI,0,MF,17,0,Amadou Koné,Reims,MID,1178474.0,4000000.0,15.201805169084134,19.63586584531143
4.0,22.0,2002.0,fr Ligue 1,0,0,0,0,8,360,ca CAN,0,"MF,FW",3,0,Ismaël Koné,Marseille,MID,921655.0,9000000.0,16.012735246411598,22.546201232032853
5.2,22.0,2002.0,fr Ligue 1,0,1,2,1,13,469,ca CAN,0,MF,4,0,Ismaël Koné,Rennes,MID,921655.0,9000000.0,16.012735246411598,22.546201232032853
28.6,23.0,2001.0,it Serie A,0,6,2,1,34,2572,fr FRA,0,MF,31,0,Manu Koné,Roma,MID,624690.0,40000000.0,17.50439003707821,23.627652292950035
32.6,26.0,1997.0,eng Premier League,0,1,2,0,34,2936,eng ENG,0,DF,33,0,Ezri Konsa,Aston Villa,DEF,413403.0,35000000.0,17.370858648025116,27.19233401779603
22.2,26.0,1998.0,it Serie A,0,3,3,3,28,1994,nl NED,0,"MF,FW",23,0,Teun Koopmeiners,Juventus,MID,360518.0,35000000.0,17.370858648025116,26.84188911704312
12.5,23.0,2001.0,it Serie A,0,1,0,0,18,1125,ci CIV,0,DF,12,0,Odilon Kossounou,Atalanta,DEF,644771.0,25000000.0,17.034386422832473,23.991786447638603
6.9,26.0,1997.0,it Serie A,0,1,0,1,18,622,ci CIV,0,"FW,MF",5,0,Christian Kouamé,Fiorentina,FWD,337725.0,4000000.0,15.201805169084134,27.071868583162217
5.6,26.0,1997.0,it Serie A,0,0,1,0,8,507,ci CIV,0,"FW,MF",5,0,Christian Kouamé,Empoli,FWD,337725.0,4000000.0,15.201805169084134,27.071868583162217
8.3,24.0,1999.0,de Bundesliga,0,1,0,0,21,748,de GER,0,DF,4,0,Henri Koudossou,Augsburg,DEF,515624.0,2000000.0,14.508658238524095,25.3305954825462
27.4,20.0,2003.0,de Bundesliga,0,4,0,2,30,2468,gr GRE,0,DF,28,0,Konstantinos Koulierakis,Wolfsburg,DEF,669380.0,25000000.0,17.034386422832473,21.09514031485284
28.9,25.0,1998.0,es La Liga,0,4,2,3,32,2605,fr FRA,0,DF,29,0,Jules Koundé,Barcelona,DEF,411975.0,65000000.0,17.989897843244528,26.138261464750173
24.4,30.0,1994.0,eng Premier League,1,5,6,2,31,2198,hr CRO,0,MF,25,0,Mateo Kovačić,Manchester City,MID,51471.0,20000000.0,16.811242881518265,30.65845311430527
5.0,24.0,2000.0,de Bundesliga,0,0,0,0,5,450,cz CZE,0,GK,5,0,Matej Kovar,Leverkusen,GK,550829.0,5000000.0,15.424948670398354,24.62696783025325
9.8,24.0,2000.0,fr Ligue 1,0,0,4,0,15,885,cf CTA,0,FW,12,0,Goduine Koyalipou,Lens,FWD,525140.0,2500000.0,14.731801689838349,24.878850102669404
3.8,29.0,1994.0,eng Premier League,0,2,0,0,12,342,se SWE,0,DF,2,0,Emil Krafth,Newcastle Utd,DEF,184528.0,2000000.0,14.508658238524095,30.417522245037645
30.2,26.0,1998.0,es La Liga,0,1,0,1,37,2714,cz CZE,0,MF,29,0,Alex Král,Espanyol,MID,337333.0,6000000.0,15.607270193858982,26.622861054072555
30.7,33.0,1991.0,de Bundesliga,0,4,11,8,32,2767,hr CRO,3,"MF,FW",32,3,Andrej Kramarić,Hoffenheim,MID,46580.0,4000000.0,15.201805169084134,33.53867214236824
13.5,21.0,2003.0,de Bundesliga,0,1,1,2,16,1217,de GER,0,"DF,MF",15,0,Frans Krätzig,Heidenheim,DEF,604320.0,3500000.0,15.068273812173887,21.965776865160848
12.0,23.0,2001.0,de Bundesliga,0,2,0,0,14,1077,de GER,0,MF,13,0,Tom Krauß,Bochum,MID,405687.0,4000000.0,15.201805169084134,23.529089664613277
27.1,25.0,1999.0,es La Liga,0,9,2,0,28,2440,cz CZE,0,DF,27,0,Ladislav Krejčí,Girona,DEF,345911.0,12000000.0,16.300417291085605,25.702943189596166
27.9,27.0,1997.0,de Bundesliga,0,4,5,3,30,2513,dk DEN,0,DF,28,0,Rasmus Kristensen,Eint Frankfurt,DEF,369684.0,14000000.0,16.454567959008102,27.477070499657767
19.5,22.0,2002.0,it Serie A,0,5,1,0,24,1754,dk DEN,0,DF,19,0,Thomas Kristensen,Udinese,DEF,698259.0,6000000.0,15.607270193858982,22.95687885010267
34.0,24.0,2000.0,it Serie A,0,6,11,5,37,3057,me MNE,2,FW,37,3,Nikola Krstović,Lecce,FWD,434433.0,15000000.0,16.52356082573315,24.7419575633128
20.5,31.0,1992.0,de Bundesliga,0,5,5,1,28,1842,de GER,0,DF,22,0,Lukas Kübler,Freiburg,DEF,93604.0,1500000.0,14.220976332738882,32.33949349760438
26.4,23.0,2001.0,es La Liga,0,5,5,0,36,2372,jp JPN,0,"MF,FW",27,0,Takefusa Kubo,Real Sociedad,MID,405398.0,30000000.0,17.216707972959764,23.578370978781656
28.8,23.0,2000.0,eng Premier League,1,2,5,3,32,2590,gh GHA,0,"FW,MF",31,0,Mohammed Kudus,West Ham,FWD,543499.0,45000000.0,17.622173069956816,24.416153319644078
26.5,24.0,2000.0,eng Premier League,0,3,7,4,32,2389,se SWE,0,"MF,FW",27,0,Dejan Kulusevski,Tottenham,MID,431755.0,50000000.0,17.72753358339242,24.687200547570157
10.6,19.0,2005.0,fr Ligue 1,0,2,0,0,14,951,fr FRA,0,DF,12,0,Sael Kumbedi,Lyon,DEF,951579.0,7000000.0,15.76142084987672,19.770020533880903
33.0,24.0,2000.0,es La Liga,0,9,3,0,35,2972,al ALB,0,DF,34,0,Marash Kumbulla,Espanyol,DEF,371371.0,7500000.0,15.830413711839864,24.89801505817933
6.3,31.0,1993.0,fr Ligue 1,0,1,1,0,12,567,ru RUS,0,MF,6,0,Daler Kuzyaev,Le Havre,MID,279570.0,3500000.0,15.068273812173887,31.96167008898015
13.1,23.0,2001.0,it Serie A,0,1,5,3,17,1178,ge GEO,1,"FW,MF",15,1,Khvicha Kvaratskhelia,Napoli,FWD,502670.0,90000000.0,18.31532023940565,23.88501026694045
10.2,23.0,2001.0,fr Ligue 1,0,0,4,3,14,916,ge GEO,0,FW,11,0,Khvicha Kvaratskhelia,Paris S-G,FWD,502670.0,90000000.0,18.31532023940565,23.88501026694045
31.6,28.0,1996.0,it Serie A,0,5,2,4,34,2845,gr GRE,0,DF,33,0,Giorgos Kyriakopoulos,Monza,DEF,311178.0,2500000.0,14.731801689838349,28.906228610540726
7.1,21.0,2003.0,fr Ligue 1,0,5,2,1,14,637,gp GLP,0,"FW,MF",6,0,Rémy Labeau Lascary,Lens,FWD,917778.0,2000000.0,14.508658238524095,21.83436002737851
20.3,30.0,1994.0,fr Ligue 1,0,1,11,4,28,1829,fr FRA,4,FW,20,4,Gaëtan Laborde,Nice,FWD,181378.0,10000000.0,16.118095750958314,30.666666666666668
15.0,24.0,1999.0,de Bundesliga,0,0,0,0,15,1350,hr CRO,0,GK,15,0,Nediljko Labrović,Augsburg,GK,610190.0,2500000.0,14.731801689838349,25.229295003422312
22.8,33.0,1991.0,fr Ligue 1,0,5,15,2,30,2051,fr FRA,5,FW,24,6,Alexandre Lacazette,Lyon,FWD,93720.0,6000000.0,15.607270193858982,33.59890485968515
34.6,24.0,2000.0,eng Premier League,0,5,1,1,35,3116,fr FRA,0,DF,35,0,Maxence Lacroix,Crystal Palace,DEF,434224.0,25000000.0,17.034386422832473,24.739219712525667
12.0,25.0,1999.0,fr Ligue 1,0,1,0,0,12,1080,fr FRA,0,GK,12,0,Alban Lafont,Nantes,GK,357117.0,3000000.0,14.914123179965662,25.94113620807666
6.5,20.0,2004.0,es La Liga,0,2,0,1,8,583,es ESP,0,DF,7,0,Yoel Lago,Celta Vigo,DEF,939374.0,1000000.0,13.815511557963774,20.772073921971252
18.9,27.0,1997.0,de Bundesliga,0,8,2,2,29,1699,at AUT,0,DF,19,0,Konrad Laimer,Bayern Munich,DEF,223967.0,25000000.0,17.034386422832473,27.600273785078713
8.4,31.0,1992.0,de Bundesliga,0,2,1,0,21,757,at AUT,0,DF,6,0,Stefan Lainer,Gladbach,DEF,85791.0,1200000.0,13.997832948091215,32.34770704996578
29.8,32.0,1991.0,fr Ligue 1,0,5,3,2,30,2686,mg MAD,3,DF,29,3,Kenny Lala,Brest,DEF,174196.0,2000000.0,14.508658238524095,33.24845995893224
4.0,36.0,1988.0,eng Premier League,0,4,0,2,14,361,eng ENG,0,MF,5,0,Adam Lallana,Southampton,MID,43530.0,750000.0,13.527829818844937,36.64613278576318
9.6,23.0,2000.0,eng Premier League,0,0,2,2,15,860,gh GHA,0,DF,10,0,Tariq Lamptey,Brighton,DEF,504148.0,11000000.0,16.213405921671733,24.254620123203285
3.4,34.0,1990.0,it Serie A,0,1,0,0,12,310,pe PER,0,"FW,MF",1,0,Gianluca Lapadula,Cagliari,FWD,130394.0,750000.0,13.527829818844937,34.899383983572896
19.6,29.0,1995.0,es La Liga,0,4,7,2,32,1764,ca CAN,1,FW,21,1,Cyle Larin,Mallorca,FWD,343463.0,3500000.0,15.068273812173887,29.711156741957563
34.0,27.0,1997.0,fr Ligue 1,0,5,0,0,34,3060,fr FRA,0,GK,34,0,Gautier Larsonneur,Saint-Étienne,GK,357047.0,3000000.0,14.914123179965662,27.854893908281998
26.6,20.0,2004.0,de Bundesliga,0,2,3,1,33,2393,se SWE,0,MF,28,0,Hugo Larsson,Eint Frankfurt,MID,931838.0,40000000.0,17.50439003707821,20.514715947980836
15.5,23.0,2001.0,es La Liga,1,6,3,0,28,1398,es ESP,0,FW,14,0,Juanmi Latasa,Valladolid,FWD,623521.0,2000000.0,14.508658238524095,23.7782340862423
6.9,26.0,1997.0,es La Liga,1,1,0,0,14,621,es ESP,0,DF,7,0,Toni Lato,Mallorca,DEF,320271.0,1800000.0,14.403297778421795,27.1129363449692
8.9,20.0,2004.0,eng Premier League,0,4,0,1,16,797,be BEL,0,MF,11,0,Roméo Lavia,Chelsea,MID,628451.0,40000000.0,17.50439003707821,20.98836413415469
25.6,28.0,1996.0,it Serie A,0,6,0,6,33,2307,at AUT,0,"DF,FW",26,0,Valentino Lazaro,Torino,DEF,186368.0,4500000.0,15.319588176962746,28.774811772758383
16.2,33.0,1990.0,it Serie A,0,0,2,3,27,1459,rs SRB,1,"DF,MF",17,1,Darko Lazović,Hellas Verona,DEF,70411.0,1500000.0,14.220976332738882,34.29705681040383
15.6,30.0,1993.0,it Serie A,0,3,0,1,25,1406,it ITA,0,DF,16,0,Manuel Lazzari,Lazio,DEF,331401.0,3500000.0,15.068273812173887,31.091033538672143
15.3,26.0,1997.0,fr Ligue 1,0,3,0,1,16,1378,fr FRA,0,DF,15,0,Julien Le Cardinal,Brest,DEF,794349.0,1500000.0,14.220976332738882,27.41409993155373
3.5,24.0,2000.0,it Serie A,0,1,0,0,6,318,fr FRA,0,MF,4,0,Enzo Le Fée,Roma,MID,633992.0,18000000.0,16.705882371415992,24.91170431211499
23.9,27.0,1996.0,es La Liga,0,8,1,0,27,2151,es ESP,0,DF,24,0,Robin Le Normand,Atlético Madrid,DEF,351809.0,40000000.0,17.50439003707821,28.139630390143736
29.0,31.0,1993.0,it Serie A,0,1,0,0,29,2610,it ITA,0,GK,29,0,Nicola Leali,Genoa,GK,136111.0,1500000.0,14.220976332738882,31.871321013004792
25.8,25.0,1999.0,it Serie A,0,5,8,8,34,2323,pt POR,0,FW,25,0,Rafael Leão,Milan,FWD,357164.0,70000000.0,18.064005814299346,25.56331279945243
30.0,33.0,1991.0,fr Ligue 1,0,0,0,0,30,2700,fr FRA,0,GK,30,0,Benjamin Lecomte,Montpellier,GK,127181.0,1500000.0,14.220976332738882,33.686516084873375
17.0,31.0,1993.0,fr Ligue 1,0,7,2,2,20,1526,fr FRA,0,MF,17,0,Pierre Lees-Melou,Brest,MID,377393.0,6000000.0,15.607270193858982,31.60574948665298
34.0,30.0,1993.0,fr Ligue 1,0,3,0,1,34,3060,fr FRA,0,DF,34,0,Jordan Lefort,Angers,DEF,192492.0,1500000.0,14.220976332738882,31.397672826830938
28.3,25.0,1999.0,de Bundesliga,0,3,1,2,30,2546,pt POR,0,DF,29,0,Diogo Leite,Union Berlin,DEF,357156.0,17000000.0,16.648723960844016,25.94113620807666
7.5,26.0,1998.0,de Bundesliga,0,2,1,0,14,674,de GER,0,DF,6,0,Maxim Leitsch,Mainz 05,DEF,334207.0,1500000.0,14.220976332738882,26.625598904859686
36.9,33.0,1991.0,es La Liga,0,8,2,3,37,3325,fr FRA,0,DF,37,0,Florian Lejeune,Rayo Vallecano,DEF,127108.0,2500000.0,14.731801689838349,33.620807665982205
4.1,20.0,2004.0,it Serie A,0,0,0,0,7,367,rs SRB,0,DF,3,0,Stefan Lekovic,Monza,DEF,797572.0,1700000.0,14.346139397261565,20.980150581793293
8.6,31.0,1993.0,es La Liga,0,1,0,0,16,773,es ESP,0,DF,8,0,Iñigo Lekue,Athletic Club,DEF,255501.0,2000000.0,14.508658238524095,31.66324435318275
19.8,20.0,2003.0,fr Ligue 1,0,2,4,3,27,1779,fr FRA,0,"MF,FW",20,0,Félix Lemaréchal,Strasbourg,MID,659518.0,10000000.0,16.118095750958314,21.404517453798768
15.2,30.0,1993.0,eng Premier League,0,4,1,3,17,1364,ga GAB,0,"MF,DF",15,0,Mario Lemina,Wolves,MID,170934.0,7500000.0,15.830413711839864,31.3347022587269
21.9,29.0,1995.0,es La Liga,0,9,2,1,23,1972,fr FRA,0,DF,23,0,Clément Lenglet,Atlético Madrid,DEF,182904.0,7500000.0,15.830413711839864,29.544147843942504
38.0,32.0,1992.0,eng Premier League,0,5,0,1,38,3420,de GER,0,GK,38,0,Bernd Leno,Fulham,GK,72476.0,10000000.0,16.118095750958314,32.82956878850103
32.0,31.0,1992.0,fr Ligue 1,0,4,0,2,32,2880,gf GUF,0,GK,32,0,Donovan Léon,Auxerre,GK,170911.0,1000000.0,13.815511557963774,32.16153319644079
13.3,17.0,2006.0,it Serie A,1,3,1,0,17,1199,it ITA,0,DF,14,0,Giovanni Leoni,Parma,DEF,1086619.0,18000000.0,16.705882371415992,18.031485284052017
18.1,24.0,2000.0,fr Ligue 1,0,2,9,0,28,1629,fr FRA,0,FW,18,0,Esteban Lepaul,Angers,FWD,461607.0,7000000.0,15.76142084987672,24.706365503080082
22.8,21.0,2002.0,fr Ligue 1,0,3,2,1,29,2048,fr FRA,0,MF,23,0,Johann Lepenant,Nantes,MID,585973.0,6000000.0,15.607270193858982,22.195756331279945
25.3,29.0,1994.0,eng Premier League,0,9,0,1,33,2274,co COL,0,"MF,DF",26,0,Jefferson Lerma,Crystal Palace,MID,262980.0,10000000.0,16.118095750958314,30.187542778918548
9.1,18.0,2006.0,fr Ligue 1,0,1,2,1,16,816,fr FRA,0,"MF,DF",8,0,Louis Leroux,Nantes,MID,1119456.0,4000000.0,15.201805169084134,18.940451745379878
29.6,35.0,1988.0,es La Liga,0,1,27,2,34,2667,pl POL,3,FW,32,4,Robert Lewandowski,Barcelona,FWD,38253.0,12000000.0,16.300417291085605,36.36413415468857
18.5,23.0,2001.0,de Bundesliga,0,4,2,2,27,1663,de GER,0,"MF,FW",22,0,Jamie Leweling,Stuttgart,MID,518505.0,20000000.0,16.811242881518265,23.8466803559206
21.0,19.0,2004.0,eng Premier League,1,5,1,2,28,1893,eng ENG,0,"DF,MF",21,0,Rico Lewis,Manchester City,DEF,701057.0,40000000.0,17.50439003707821,20.112251882272417
34.4,23.0,2001.0,eng Premier League,0,7,1,3,38,3093,eng ENG,0,"DF,FW",36,0,Keane Lewis-Potter,Brentford,DEF,644401.0,23000000.0,16.951004817371683,23.857631759069132
15.2,17.0,2006.0,eng Premier League,2,3,1,0,23,1369,eng ENG,0,DF,15,0,Myles Lewis-Skelly,Arsenal,DEF,890721.0,45000000.0,17.622173069956816,18.26694045174538
30.8,28.0,1996.0,de Bundesliga,0,5,1,0,32,2770,at AUT,0,DF,31,0,Philipp Lienhart,Freiburg,DEF,225657.0,12000000.0,16.300417291085605,28.476386036960985
23.6,24.0,1999.0,eng Premier League,0,3,2,0,29,2123,nl NED,0,DF,25,0,Matthijs de Ligt,Manchester Utd,DEF,326031.0,38000000.0,17.453096744006448,25.39082819986311
7.8,30.0,1994.0,eng Premier League,0,1,0,0,16,704,se SWE,0,DF,6,0,Victor Lindelöf,Manchester Utd,DEF,184573.0,8000000.0,15.894952224644102,30.46132785763176
13.8,24.0,2000.0,eng Premier League,0,2,0,1,25,1239,dk DEN,0,FW,15,0,Jesper Lindstrøm,Everton,FWD,513245.0,18000000.0,16.705882371415992,24.840520191649556
17.1,29.0,1995.0,it Serie A,0,6,1,0,28,1540,pl POL,0,MF,18,0,Karol Linetty,Torino,MID,225873.0,1800000.0,14.403297778421795,29.913757700205338
17.2,24.0,1999.0,es La Liga,0,3,3,4,31,1552,br BRA,0,"MF,DF",21,0,Samuel Lino,Atlético Madrid,MID,694928.0,22000000.0,16.906553056777135,25.026694045174537
7.6,26.0,1997.0,fr Ligue 1,1,1,1,2,19,680,es ESP,0,DF,5,0,Pol Lirola,Marseille,DEF,298975.0,4000000.0,15.201805169084134,27.38672142368241
10.4,23.0,2001.0,it Serie A,1,2,1,1,29,940,cv CPV,0,"FW,MF",8,0,Dailon Livramento,Hellas Verona,FWD,676411.0,800000.0,13.592368256649284,23.66324435318275
31.6,21.0,2002.0,eng Premier League,0,1,0,1,37,2840,eng ENG,0,DF,32,0,Valentino Livramento,Newcastle Utd,DEF,503981.0,40000000.0,17.50439003707821,22.138261464750173
3.1,22.0,2002.0,de Bundesliga,0,1,1,1,13,281,hr CRO,0,"FW,MF",1,0,Marin Ljubicic,Union Berlin,FWD,838236.0,4000000.0,15.201805169084134,22.84188911704312
28.0,30.0,1993.0,es La Liga,0,4,2,0,30,2519,es ESP,0,DF,29,0,Diego Llorente,Betis,DEF,246291.0,6000000.0,15.607270193858982,31.378507871321013
27.9,29.0,1995.0,es La Liga,1,0,2,4,33,2513,es ESP,0,"DF,MF",28,0,Marcos Llorente,Atlético Madrid,DEF,282411.0,25000000.0,17.034386422832473,29.921971252566735
30.8,29.0,1995.0,fr Ligue 1,0,5,2,1,31,2768,fr FRA,0,DF,31,0,Gautier Lloris,Le Havre,DEF,249636.0,3000000.0,14.914123179965662,29.45927446954141
16.2,28.0,1996.0,es La Liga,0,4,8,3,25,1457,ar ARG,2,"MF,FW",15,3,Giovani Lo Celso,Betis,MID,348795.0,15000000.0,16.52356082573315,28.73100616016427
29.3,29.0,1994.0,it Serie A,0,3,0,1,32,2636,sk SVK,0,MF,31,0,Stanislav Lobotka,Napoli,MID,192735.0,25000000.0,17.034386422832473,30.102669404517453
31.4,26.0,1998.0,it Serie A,0,9,2,2,36,2822,it ITA,1,MF,34,1,Manuel Locatelli,Juventus,MID,265088.0,30000000.0,17.216707972959764,26.981519507186857
11.5,28.0,1996.0,it Serie A,0,3,0,0,19,1037,eng ENG,0,MF,10,0,Ruben Loftus-Cheek,Milan,MID,202886.0,10000000.0,16.118095750958314,28.941820670773442
7.6,23.0,2000.0,es La Liga,0,3,0,0,17,684,fr FRA,0,MF,7,0,Enzo Loiodice,Las Palmas,MID,581781.0,1200000.0,13.997832948091215,24.095824777549623
8.9,26.0,1997.0,eng Premier League,0,2,0,0,25,798,eng ENG,0,MF,8,0,Sean Longstaff,Newcastle Utd,MID,346707.0,20000000.0,16.811242881518265,27.173169062286107
25.0,26.0,1997.0,it Serie A,0,4,15,5,31,2247,ng NGA,1,"MF,FW",28,1,Ademola Lookman,Atalanta,MID,406040.0,60000000.0,17.909855136853043,27.200547570157426
17.4,33.0,1990.0,fr Ligue 1,0,2,0,0,18,1563,pt POR,0,GK,18,0,Anthony Lopes,Nantes,GK,60561.0,1200000.0,13.997832948091215,34.25325119780972
27.0,34.0,1989.0,es La Liga,0,4,1,1,29,2429,es ESP,0,DF,27,0,David López,Girona,DEF,129444.0,1000000.0,13.815511557963774,35.23066392881588
30.4,22.0,2002.0,es La Liga,0,3,8,5,38,2737,es ESP,0,"MF,FW",35,0,Diego López,Valencia,MID,617081.0,15000000.0,16.52356082573315,22.639288158795345
7.5,,,es La Liga,0,2,2,0,17,671,es ESP,0,"FW,MF",7,0,Fer López,Celta Vigo,FWD,1064471.0,5000000.0,15.424948670398354,20.607802874743328
13.9,21.0,2003.0,es La Liga,1,4,6,5,28,1252,es ESP,0,"MF,FW",12,0,Fermin López,Barcelona,MID,636703.0,50000000.0,17.72753358339242,21.645448323066393
21.5,22.0,2002.0,es La Liga,0,4,0,0,29,1936,es ESP,0,DF,21,0,Javi López,Real Sociedad,DEF,568158.0,7500000.0,15.830413711839864,22.77344284736482
4.4,24.0,2000.0,es La Liga,0,0,0,1,13,396,es ESP,0,MF,3,0,Roberto López,Leganés,MID,569866.0,1000000.0,13.815511557963774,24.689938398357288
19.0,28.0,1995.0,es La Liga,1,9,3,1,32,1707,es ESP,0,MF,23,0,Unai López,Rayo Vallecano,MID,192009.0,2500000.0,14.731801689838349,29.17453798767967
4.0,22.0,2001.0,es La Liga,0,2,1,0,12,358,es ESP,0,"FW,MF",4,0,Iker Losada,Celta Vigo,FWD,632741.0,1500000.0,14.220976332738882,23.419575633127995
3.7,22.0,2001.0,es La Liga,0,0,0,0,10,336,es ESP,0,"MF,FW",3,0,Iker Losada,Betis,MID,632741.0,1500000.0,14.220976332738882,23.419575633127995
12.6,38.0,1986.0,de Bundesliga,0,1,0,0,21,1137,fr FRA,0,MF,13,0,Anthony Losilla,Bochum,MID,111266.0,500000.0,13.122365377402328,38.8145106091718
8.6,21.0,2003.0,fr Ligue 1,0,1,1,0,22,775,fr FRA,0,"DF,MF",7,0,Tom Louchet,Nice,DEF,750904.0,2500000.0,14.731801689838349,21.66461327857632
25.6,26.0,1998.0,it Serie A,0,5,2,3,36,2308,si SVN,0,MF,31,0,Sandi Lovrić,Udinese,MID,268429.0,8500000.0,15.955576839107596,26.765229295003422
21.6,24.0,1999.0,es La Liga,0,12,0,1,30,1943,es ESP,0,MF,27,0,Pol Lozano,Espanyol,MID,412045.0,5000000.0,15.424948670398354,25.240246406570844
26.1,23.0,2000.0,it Serie A,0,10,12,1,33,2353,it ITA,1,FW,27,1,Lorenzo Lucca,Udinese,FWD,572265.0,22000000.0,16.906553056777135,24.309377138945926
29.0,26.0,1998.0,it Serie A,1,8,0,1,32,2614,co COL,0,DF,29,0,Jhon Lucumí,Bologna,DEF,413565.0,22000000.0,16.906553056777135,26.518822724161534
12.0,34.0,1990.0,it Serie A,0,3,1,0,18,1081,ar ARG,0,DF,10,0,José Luis Palomino,Cagliari,DEF,125020.0,700000.0,13.45883704259595,34.98973305954826
5.9,26.0,1998.0,it Serie A,0,2,0,0,19,529,br BRA,0,MF,3,0,Douglas Luiz,Juventus,MID,447661.0,30000000.0,17.216707972959764,26.650239561943874
31.6,31.0,1993.0,it Serie A,0,4,14,10,36,2843,be BEL,3,FW,35,4,Romelu Lukaku,Napoli,FWD,96341.0,22000000.0,16.906553056777135,31.638603696098563
17.5,21.0,2002.0,de Bundesliga,0,2,0,0,23,1577,fr FRA,0,DF,18,0,Castello Lukeba,RB Leipzig,DEF,618472.0,40000000.0,17.50439003707821,22.04243668720055
34.4,26.0,1997.0,es La Liga,1,3,11,2,38,3092,be BEL,1,FW,36,1,Dodi Lukebakio,Sevilla,FWD,303259.0,20000000.0,16.811242881518265,27.27173169062286
26.0,27.0,1996.0,eng Premier League,0,12,0,2,30,2344,rs SRB,0,MF,28,0,Saša Lukić,Fulham,MID,245056.0,14000000.0,16.454567959008102,28.386036960985628
3.0,29.0,1995.0,eng Premier League,0,0,0,0,3,270,eng ENG,0,GK,3,0,Joe Lumley,Southampton,GK,336367.0,500000.0,13.122365377402328,29.87816563997262
7.0,25.0,1999.0,es La Liga,0,0,0,1,7,630,ua UKR,0,GK,7,0,Andriy Lunin,Real Madrid,GK,404839.0,18000000.0,16.705882371415992,25.88911704312115
36.0,27.0,1996.0,it Serie A,0,4,1,3,36,3240,it ITA,0,DF,36,0,Sebastiano Luperto,Cagliari,DEF,278531.0,4000000.0,15.201805169084134,28.320328542094455
17.8,22.0,2002.0,it Serie A,0,2,2,2,26,1606,ao ANG,0,"FW,MF",19,0,Zito Luvumbo,Cagliari,FWD,666547.0,5000000.0,15.424948670398354,22.817248459958932
11.6,30.0,1993.0,it Serie A,0,3,0,4,17,1048,gr GRE,0,DF,12,0,Charalambos Lykogiannis,Bologna,DEF,136514.0,1500000.0,14.220976332738882,31.195071868583163
30.4,25.0,1999.0,de Bundesliga,0,9,0,1,32,2733,be BEL,0,MF,32,0,Senne Lynen,Werder Bremen,MID,338668.0,9000000.0,16.012735246411598,25.867214236824093
4.0,18.0,2005.0,fr Ligue 1,0,1,1,1,12,361,ma MAR,0,"FW,MF",2,0,Othmane Maamma,Montpellier,FWD,1081219.0,300000.0,12.611541086966115,19.238877481177276
12.7,22.0,2002.0,eng Premier League,0,2,1,2,29,1139,nl NED,0,DF,10,0,Ian Maatsen,Aston Villa,DEF,485585.0,28000000.0,17.147715103853763,22.8145106091718
28.9,25.0,1998.0,eng Premier League,0,6,5,5,35,2599,ar ARG,0,MF,30,0,Alexis Mac Allister,Liverpool,MID,534033.0,100000000.0,18.420680753952364,26.023271731690624
20.1,30.0,1993.0,fr Ligue 1,2,7,1,4,27,1805,co COL,0,"DF,MF",20,0,Deiver Machado,Lens,DEF,332560.0,3000000.0,14.914123179965662,31.33196440793977
21.7,24.0,1999.0,de Bundesliga,0,2,11,2,32,1953,jp JPN,2,"FW,MF",23,2,Shuto Machino,Holstein Kiel,FWD,550580.0,5000000.0,15.424948670398354,25.256673511293634
7.1,31.0,1993.0,es La Liga,0,0,0,1,18,639,ve VEN,0,"MF,FW",7,0,Darwin Machís,Valladolid,MID,211251.0,600000.0,13.304686600863562,31.89869952087611
8.8,25.0,1998.0,fr Ligue 1,0,4,0,0,12,790,fr FRA,0,DF,10,0,Yvann Macon,Saint-Étienne,DEF,580747.0,1800000.0,14.403297778421795,26.253251197809718
20.1,27.0,1996.0,eng Premier League,0,6,9,7,31,1809,eng ENG,0,MF,21,0,James Maddison,Tottenham,MID,294057.0,42000000.0,17.553180200057167,28.10677618069815
22.6,22.0,2002.0,eng Premier League,0,3,7,3,32,2033,eng ENG,0,FW,27,0,Noni Madueke,Chelsea,FWD,503987.0,40000000.0,17.50439003707821,22.8145106091718
26.3,27.0,1997.0,es La Liga,0,7,0,2,30,2368,es ESP,0,DF,28,0,Pablo Maffeo,Mallorca,DEF,251876.0,5000000.0,15.424948670398354,27.474332648870636
11.4,20.0,2003.0,fr Ligue 1,1,5,0,1,21,1025,fr FRA,0,MF,12,0,Soungoutou Magassa,Monaco,MID,745181.0,12000000.0,16.300417291085605,21.234770704996578
11.8,28.0,1995.0,it Serie A,0,2,1,0,17,1065,it ITA,0,DF,11,0,Giangiacomo Magnani,Hellas Verona,DEF,310458.0,3000000.0,14.914123179965662,29.245722108145106
25.8,26.0,1998.0,fr Ligue 1,0,5,1,0,32,2323,fr FRA,0,MF,27,0,Hugo Magnetti,Brest,MID,474662.0,6000000.0,15.607270193858982,26.5927446954141
16.8,24.0,1999.0,fr Ligue 1,1,5,5,1,31,1516,cm CMR,0,"FW,MF",17,0,Frank Magri,Toulouse,FWD,807689.0,3000000.0,14.914123179965662,25.32785763175907
19.5,31.0,1993.0,eng Premier League,0,7,1,0,27,1758,eng ENG,0,DF,19,0,Harry Maguire,Manchester Utd,DEF,177907.0,13000000.0,16.380459992348886,31.82751540041068
10.4,25.0,1999.0,de Bundesliga,1,0,0,0,28,938,de GER,0,MF,7,0,Arne Maier,Augsburg,MID,296397.0,4000000.0,15.201805169084134,25.982203969883642
36.6,29.0,1995.0,it Serie A,0,1,0,0,37,3294,fr FRA,0,GK,37,0,Mike Maignan,Milan,GK,182906.0,25000000.0,17.034386422832473,29.50034223134839
34.0,29.0,1994.0,de Bundesliga,0,3,1,1,34,3060,de GER,0,DF,34,0,Patrick Mainka,Heidenheim,DEF,133731.0,3000000.0,14.914123179965662,30.154688569472963
18.3,19.0,2005.0,eng Premier League,0,5,0,0,25,1651,eng ENG,0,MF,19,0,Kobbie Mainoo,Manchester Utd,MID,820374.0,50000000.0,17.72753358339242,19.704312114989733
22.1,26.0,1997.0,fr Ligue 1,0,1,1,4,32,1985,eng ENG,0,DF,20,0,Ainsley Maitland-Niles,Lyon,DEF,285845.0,12000000.0,16.300417291085605,27.342915811088297
15.0,24.0,1999.0,fr Ligue 1,0,1,0,0,15,1350,pl POL,0,GK,15,0,Radosław Majecki,Monaco,GK,346546.0,6000000.0,15.607270193858982,25.127994524298426
3.4,26.0,1998.0,de Bundesliga,0,1,2,1,9,304,hr CRO,1,MF,3,1,Lovro Majer,Wolfsburg,MID,387106.0,17000000.0,16.648723960844016,26.95687885010267
8.3,22.0,2001.0,de Bundesliga,0,1,0,0,19,745,fr FRA,0,DF,7,0,Jordy Makengo,Freiburg,DEF,815078.0,6000000.0,15.607270193858982,23.41409993155373
23.9,26.0,1998.0,it Serie A,1,4,0,3,33,2150,cg CGO,0,MF,27,0,Antoine Makoumbou,Cagliari,MID,460651.0,3500000.0,15.068273812173887,26.458590006844627
6.5,32.0,1991.0,fr Ligue 1,0,2,0,0,7,581,rs SRB,0,DF,7,0,Nikola Maksimović,Montpellier,DEF,124715.0,450000.0,13.017005083966255,33.10335386721424
5.0,23.0,2001.0,de Bundesliga,0,1,1,1,10,454,ar ARG,0,DF,5,0,Julián Malatini,Werder Bremen,DEF,830108.0,2500000.0,14.731801689838349,23.589322381930184
14.5,22.0,2001.0,it Serie A,0,5,3,0,20,1306,it ITA,0,"MF,FW",16,0,Daniel Maldini,Monza,MID,539134.0,10000000.0,16.118095750958314,23.225188227241617
16.8,25.0,1998.0,it Serie A,1,5,0,1,22,1510,ma MAR,0,MF,17,0,Youssef Maleh,Empoli,MID,324377.0,3200000.0,14.978661680269907,26.362765229295004
3.4,25.0,1999.0,eng Premier League,0,0,3,0,14,305,nl NED,0,FW,2,0,Donyell Malen,Aston Villa,FWD,326029.0,25000000.0,17.034386422832473,25.95208761122519
6.8,25.0,1999.0,de Bundesliga,0,1,3,0,14,614,nl NED,0,"FW,MF",6,0,Donyell Malen,Dortmund,FWD,326029.0,25000000.0,17.034386422832473,25.95208761122519
4.3,31.0,1993.0,it Serie A,0,2,0,2,9,383,ua UKR,0,"MF,FW",4,0,Ruslan Malinovskyi,Genoa,MID,207877.0,2500000.0,14.731801689838349,31.66324435318275
8.4,24.0,1999.0,de Bundesliga,0,1,0,0,11,760,us USA,0,MF,10,0,Lennard Maloney,Heidenheim,MID,392710.0,3500000.0,15.068273812173887,25.234770704996578
34.0,23.0,2000.0,es La Liga,0,2,0,0,34,3060,ge GEO,0,GK,34,0,Giorgi Mamardashvili,Valencia,GK,502676.0,30000000.0,17.216707972959764,24.257357973990416
22.2,25.0,1998.0,it Serie A,0,0,4,4,33,1995,ro ROU,0,"FW,MF",23,0,Dennis Man,Parma,FWD,397486.0,10000000.0,16.118095750958314,26.351813826146476
34.9,28.0,1996.0,it Serie A,0,8,2,0,37,3143,it ITA,0,DF,36,0,Gianluca Mancini,Roma,DEF,256448.0,15000000.0,16.52356082573315,28.709103353867214
16.5,39.0,1985.0,fr Ligue 1,0,0,0,0,18,1486,fr FRA,0,GK,17,0,Steve Mandanda,Rennes,GK,23951.0,500000.0,13.122365377402328,39.76454483230664
9.0,22.0,2001.0,it Serie A,0,0,0,0,9,810,gr GRE,0,GK,9,0,Christos Mandas,Lazio,GK,481675.0,10000000.0,16.118095750958314,23.290896646132786
10.5,30.0,1994.0,es La Liga,0,4,0,0,19,941,mz MOZ,0,DF,10,0,Reinildo Mandava,Atlético Madrid,DEF,240692.0,5000000.0,15.424948670398354,30.94592744695414
19.3,32.0,1991.0,fr Ligue 1,0,3,0,0,24,1733,dz ALG,0,DF,20,0,Aïssa Mandi,Lille,DEF,80293.0,1200000.0,13.997832948091215,33.19644079397673
20.6,27.0,1997.0,it Serie A,0,7,4,2,28,1856,it ITA,1,MF,22,1,Rolando Mandragora,Fiorentina,MID,308279.0,12000000.0,16.300417291085605,27.509924709103355
14.0,26.0,1998.0,eng Premier League,0,2,1,0,19,1261,be BEL,0,MF,14,0,Orel Mangala,Everton,MID,289592.0,18000000.0,16.705882371415992,26.792607802874745
16.2,28.0,1996.0,eng Premier League,0,2,0,1,24,1462,ie IRL,0,"DF,MF",18,0,Ryan Manning,Southampton,DEF,262300.0,3000000.0,14.914123179965662,28.550308008213552
5.7,30.0,1994.0,es La Liga,0,1,0,0,10,515,es ESP,0,DF,7,0,Javier Manquillo,Celta Vigo,DEF,162029.0,1800000.0,14.403297778421795,30.661190965092402
3.7,18.0,2005.0,de Bundesliga,0,2,2,1,11,335,ch SUI,0,"FW,MF",4,0,Johan Manzambi,Freiburg,FWD,927353.0,8000000.0,15.894952224644102,19.21697467488022
8.5,22.0,2002.0,fr Ligue 1,0,2,1,1,25,768,fr FRA,0,"FW,MF",7,0,Sekou Mara,Strasbourg,FWD,557612.0,5000000.0,15.424948670398354,22.425735797399042
3.9,21.0,2002.0,it Serie A,0,2,0,0,8,354,it ITA,0,DF,5,0,Alessandro Marcandalli,Venezia,DEF,818448.0,2000000.0,14.508658238524095,22.187542778918548
6.1,28.0,1996.0,es La Liga,1,6,0,0,12,552,br BRA,0,DF,6,0,Marcão,Sevilla,DEF,439022.0,2000000.0,14.508658238524095,28.57494866529774
17.4,35.0,1989.0,es La Liga,0,0,0,4,26,1564,es ESP,0,DF,17,0,Óscar de Marcos,Athletic Club,DEF,96718.0,1500000.0,14.220976332738882,35.71800136892539
18.1,30.0,1993.0,it Serie A,1,4,0,0,19,1628,es ESP,0,DF,19,0,Pablo Marí,Monza,DEF,210178.0,3500000.0,15.068273812173887,31.33744010951403
12.2,30.0,1993.0,it Serie A,0,2,0,0,13,1098,es ESP,0,DF,12,0,Pablo Marí,Fiorentina,DEF,210178.0,3500000.0,15.068273812173887,31.33744010951403
22.2,29.0,1995.0,es La Liga,0,5,0,1,27,1999,uy URU,0,DF,20,0,José María Giménez,Atlético Madrid,DEF,250845.0,20000000.0,16.811242881518265,29.949349760438057
11.9,20.0,2004.0,it Serie A,1,0,0,0,18,1069,it ITA,0,DF,12,0,Luca Marianucci,Empoli,DEF,814446.0,7500000.0,15.830413711839864,20.4435318275154
4.0,29.0,1995.0,it Serie A,0,0,0,0,10,356,hr CRO,0,FW,4,0,Mirko Marić,Venezia,FWD,215649.0,700000.0,13.45883704259595,29.631759069130734
13.8,21.0,2003.0,es La Liga,0,3,1,2,23,1239,es ESP,0,MF,14,0,Pablo Marín,Real Sociedad,MID,907813.0,8000000.0,15.894952224644102,21.50034223134839
15.6,28.0,1996.0,it Serie A,0,4,3,2,33,1406,ro ROU,2,MF,13,2,Răzvan Marin,Cagliari,MID,295183.0,3500000.0,15.068273812173887,28.61054072553046
26.0,30.0,1994.0,it Serie A,1,4,1,1,28,2340,cl CHI,0,DF,27,0,Guillermo Maripán,Torino,DEF,249730.0,4000000.0,15.201805169084134,30.65845311430527
26.7,23.0,2001.0,es La Liga,0,5,0,1,30,2399,es ESP,0,DF,27,0,Mika Mármol,Las Palmas,DEF,617060.0,15000000.0,16.52356082573315,23.50171115674196
13.1,25.0,1999.0,eng Premier League,0,0,7,0,16,1175,eg EGY,0,"FW,MF",14,0,Omar Marmoush,Manchester City,FWD,445939.0,75000000.0,18.132998684833918,25.900068446269678
16.1,25.0,1999.0,de Bundesliga,0,2,15,9,17,1448,eg EGY,2,FW,17,2,Omar Marmoush,Eint Frankfurt,FWD,445939.0,75000000.0,18.132998684833918,25.900068446269678
19.2,30.0,1994.0,fr Ligue 1,0,3,2,0,22,1725,br BRA,0,DF,19,0,Marquinhos,Paris S-G,DEF,181767.0,35000000.0,17.370858648025116,30.636550308008214
34.3,27.0,1997.0,it Serie A,0,5,0,8,36,3085,es ESP,0,DF,35,0,Aarón Martín,Genoa,DEF,251878.0,6500000.0,15.687312888712007,27.696098562628336
14.8,22.0,2002.0,es La Liga,0,3,2,2,26,1333,es ESP,0,"FW,MF",16,0,Carlos Martín,Alavés,FWD,618813.0,2800000.0,14.845130332288226,22.69678302532512
11.5,22.0,2002.0,es La Liga,0,2,1,3,28,1038,es ESP,0,DF,11,0,Gerard Martín,Barcelona,DEF,705395.0,12000000.0,16.300417291085605,22.847364818617386
22.7,25.0,1999.0,es La Liga,0,1,1,1,32,2039,es ESP,0,MF,24,0,Iván Martín,Girona,MID,341278.0,6000000.0,15.607270193858982,25.880903490759753
10.0,18.0,2006.0,es La Liga,0,2,0,1,13,904,es ESP,0,DF,6,0,Jon Martin,Real Sociedad,DEF,1018938.0,8000000.0,15.894952224644102,18.694045174537987
5.5,34.0,1990.0,fr Ligue 1,0,2,1,0,17,496,fr FRA,0,MF,5,0,Jonas Martin,Brest,MID,127142.0,600000.0,13.304686600863562,34.732375085557834
19.4,20.0,2004.0,es La Liga,3,8,0,1,30,1748,es ESP,0,MF,20,0,Mario Martín,Valladolid,MID,948273.0,1500000.0,14.220976332738882,20.826830937713893
25.4,23.0,2001.0,eng Premier League,0,1,8,4,33,2290,br BRA,0,"FW,MF",25,0,Gabriel Martinelli,Arsenal,FWD,655488.0,55000000.0,17.822843761378564,23.540041067761805
29.2,21.0,2003.0,es La Liga,0,3,2,2,32,2624,es ESP,0,"DF,MF",30,0,Arnau Martinez,Girona,DEF,826224.0,10000000.0,16.118095750958314,21.689253935660506
35.5,31.0,1992.0,eng Premier League,1,5,0,0,37,3194,ar ARG,0,GK,37,0,Emiliano Martínez,Aston Villa,GK,111873.0,20000000.0,16.811242881518265,32.33127994524298
27.7,33.0,1991.0,es La Liga,0,5,0,4,28,2490,es ESP,0,DF,28,0,Iñigo Martínez,Barcelona,DEF,158863.0,5000000.0,15.424948670398354,33.6290212183436
5.0,26.0,1998.0,it Serie A,0,0,0,0,5,450,es ESP,0,GK,5,0,Josep Martinez,Inter,GK,388516.0,12000000.0,16.300417291085605,26.600958247775495
27.5,26.0,1997.0,it Serie A,0,1,12,3,30,2474,ar ARG,0,FW,30,0,Lautaro Martínez,Inter,FWD,406625.0,95000000.0,18.36938746009113,27.362080766598222
19.5,26.0,1998.0,eng Premier League,0,7,2,1,20,1751,ar ARG,0,DF,20,0,Lisandro Martínez,Manchester Utd,DEF,480762.0,40000000.0,17.50439003707821,26.954140999315538
3.9,28.0,1996.0,it Serie A,0,1,1,0,8,351,ar ARG,0,DF,4,0,Lucas Martínez Quarta,Fiorentina,DEF,373373.0,7000000.0,15.76142084987672,28.646132785763175
11.2,27.0,1997.0,es La Liga,0,1,4,0,28,1012,es ESP,0,FW,9,0,Toni Martínez,Alavés,FWD,302371.0,2500000.0,14.731801689838349,27.50718685831622
26.0,31.0,1992.0,it Serie A,0,1,4,0,35,2337,me MNE,0,DF,26,0,Adam Marušić,Lazio,DEF,239802.0,3500000.0,15.068273812173887,32.20807665982204
22.1,31.0,1993.0,es La Liga,1,5,1,0,32,1992,gq EQG,0,MF,21,0,Omar Mascarell,Mallorca,MID,142031.0,900000.0,13.710151153416941,31.912388774811774
21.3,30.0,1994.0,it Serie A,0,5,1,2,28,1919,ma MAR,0,DF,20,0,Adam Masina,Torino,DEF,286949.0,1500000.0,14.220976332738882,30.99794661190965
17.1,23.0,2001.0,it Serie A,0,3,1,0,26,1538,it ITA,0,MF,16,0,Patrizio Masini,Genoa,MID,459665.0,6000000.0,15.607270193858982,23.928815879534564
11.7,30.0,1994.0,de Bundesliga,0,1,2,1,14,1055,gr GRE,0,"FW,MF",12,0,Giorgos Masouras,Bochum,FWD,329517.0,2000000.0,14.508658238524095,31.000684462696782
10.1,25.0,1998.0,de Bundesliga,0,2,1,1,16,910,rs SRB,0,DF,10,0,Erhan Mašović,Bochum,DEF,343959.0,2000000.0,14.508658238524095,26.11088295687885
11.6,23.0,2001.0,fr Ligue 1,0,5,0,0,17,1046,fr FRA,0,MF,11,0,Han-Noah Massengo,Auxerre,MID,536508.0,5000000.0,15.424948670398354,23.488021902806295
26.3,31.0,1992.0,fr Ligue 1,0,6,0,4,29,2370,ao ANG,0,DF,27,0,Clinton Mata,Lyon,DEF,187718.0,3500000.0,15.068273812173887,32.15058179329227
7.3,35.0,1988.0,es La Liga,0,9,0,0,30,656,es ESP,0,"FW,MF",4,0,Jaime Mata,Las Palmas,FWD,227961.0,900000.0,13.710151153416941,36.18891170431211
3.5,21.0,2003.0,de Bundesliga,0,0,1,0,16,312,hr CRO,0,FW,2,0,Igor Matanovic,Eint Frankfurt,FWD,605268.0,5000000.0,15.424948670398354,21.75770020533881
21.3,21.0,2002.0,eng Premier League,0,6,3,2,36,1913,sn SEN,0,MF,22,0,Pape Matar Sarr,Tottenham,MID,568693.0,32000000.0,17.281246492014,22.299794661190965
29.4,27.0,1997.0,eng Premier League,0,2,14,2,37,2648,fr FRA,2,FW,33,2,Jean-Philippe Mateta,Crystal Palace,FWD,420002.0,30000000.0,17.216707972959764,27.512662559890487
22.3,35.0,1988.0,fr Ligue 1,0,1,0,1,29,2010,rs SRB,0,MF,25,0,Nemanja Matić,Lyon,MID,74683.0,2000000.0,14.508658238524095,36.41889117043121
28.3,22.0,2002.0,de Bundesliga,0,4,1,1,30,2551,fr FRA,0,DF,28,0,Chrislain Matsima,Augsburg,DEF,569383.0,22000000.0,16.906553056777135,22.633812457221083
10.2,19.0,2005.0,de Bundesliga,0,3,2,3,24,921,fr FRA,0,"MF,FW",10,0,Jean Mattéo Bahoya,Eint Frankfurt,MID,939964.0,17000000.0,16.648723960844016,19.655030800821354
10.0,19.0,2004.0,it Serie A,0,2,0,0,13,900,uy URU,0,DF,9,0,Alan Matturro,Genoa,DEF,861981.0,7000000.0,15.76142084987672,20.22450376454483
23.1,26.0,1998.0,fr Ligue 1,0,3,1,3,29,2078,nl NED,0,MF,23,0,Azor Matusiwa,Rennes,MID,315145.0,8000000.0,15.894952224644102,26.680355920602327
11.6,27.0,1996.0,fr Ligue 1,1,3,4,4,22,1042,fr FRA,0,FW,13,0,Neal Maupay,Marseille,FWD,217115.0,8000000.0,15.894952224644102,28.383299110198493
17.9,26.0,1998.0,eng Premier League,0,2,4,1,30,1615,eng ENG,0,FW,16,0,Stephy Mavididi,Leicester City,FWD,340328.0,10000000.0,16.118095750958314,26.590006844626966
22.7,26.0,1997.0,eng Premier League,1,6,0,0,33,2045,gr GRE,0,DF,21,0,Konstantinos Mavropanos,West Ham,DEF,415912.0,17000000.0,16.648723960844016,27.058179329226558
16.7,19.0,2005.0,fr Ligue 1,0,3,0,0,22,1501,fr FRA,0,DF,17,0,Christian Mawissa,Monaco,DEF,1005240.0,15000000.0,16.52356082573315,19.707049965776864
12.4,27.0,1997.0,es La Liga,0,0,5,1,24,1114,es ESP,1,FW,7,1,Borja Mayoral,Getafe,FWD,298976.0,7500000.0,15.830413711839864,27.742642026009584
9.0,18.0,2006.0,fr Ligue 1,0,1,2,2,20,808,fr FRA,0,MF,8,0,Senny Mayulu,Paris S-G,MID,903693.0,15000000.0,16.52356082573315,18.628336755646817
31.5,26.0,1997.0,eng Premier League,0,3,0,1,37,2838,ma MAR,0,DF,34,0,Noussair Mazraoui,Manchester Utd,DEF,340456.0,25000000.0,17.034386422832473,27.132101300479125
3.7,28.0,1995.0,it Serie A,0,1,1,1,11,335,it ITA,0,MF,3,0,Luca Mazzitelli,Como,MID,226025.0,1500000.0,14.220976332738882,29.130732375085557
7.8,29.0,1995.0,it Serie A,0,3,0,0,20,702,it ITA,0,"DF,FW",7,0,Pasquale Mazzocchi,Napoli,DEF,250153.0,2500000.0,14.731801689838349,29.43463381245722
7.9,20.0,2004.0,it Serie A,0,1,3,3,23,709,be BEL,0,FW,7,0,Samuel Mbangula,Juventus,FWD,654991.0,14000000.0,16.454567959008102,20.960985626283367
32.3,25.0,1998.0,es La Liga,1,3,31,3,34,2907,fr FRA,7,FW,34,9,Kylian Mbappé,Real Madrid,FWD,342229.0,180000000.0,19.00846741441004,26.034223134839152
3.8,16.0,2008.0,fr Ligue 1,0,0,1,1,9,340,fr FRA,0,"FW,MF",4,0,Ibrahim Mbaye,Paris S-G,FWD,1185888.0,3000000.0,14.914123179965662,16.93908281998631
37.9,24.0,1999.0,eng Premier League,0,3,20,7,38,3414,cm CMR,5,FW,38,6,Bryan Mbeumo,Brentford,FWD,413039.0,55000000.0,17.822843761378564,25.404517453798768
3.9,21.0,2002.0,eng Premier League,0,1,3,0,15,349,eng ENG,0,"MF,FW",3,0,James Mcatee,Manchester City,MID,583199.0,20000000.0,16.811242881518265,22.206707734428473
9.5,22.0,2001.0,eng Premier League,0,3,1,1,18,852,ie IRL,0,FW,9,0,Kasey McAteer,Leicester City,FWD,621193.0,2000000.0,14.508658238524095,23.110198494182068
20.4,28.0,1996.0,es La Liga,0,3,3,6,34,1837,sct SCO,0,FW,20,0,Oliver McBurnie,Las Palmas,FWD,298477.0,2500000.0,14.731801689838349,28.577686516084874
5.0,34.0,1989.0,eng Premier League,0,0,0,0,5,450,eng ENG,0,GK,5,0,Alex McCarthy,Southampton,GK,95976.0,350000.0,12.765691290604371,35.08008213552361
24.7,29.0,1994.0,eng Premier League,0,7,1,4,34,2223,sct SCO,0,"MF,FW",27,0,John McGinn,Aston Villa,MID,193116.0,16000000.0,16.588099342704055,30.206707734428473
27.4,27.0,1996.0,es La Liga,1,5,0,0,29,2466,sct SCO,0,DF,28,0,Scott McKenna,Las Palmas,DEF,255906.0,4000000.0,15.201805169084134,28.136892539356605
25.7,25.0,1998.0,it Serie A,0,3,2,4,32,2310,us USA,0,"MF,DF",27,0,Weston McKennie,Juventus,MID,332697.0,22000000.0,16.906553056777135,26.34633812457221
27.7,25.0,1999.0,fr Ligue 1,1,1,1,1,30,2496,us USA,0,DF,29,0,Mark McKenzie,Toulouse,DEF,429259.0,6000000.0,15.607270193858982,25.8507871321013
15.2,24.0,1999.0,eng Premier League,0,1,4,6,21,1371,eng ENG,0,"MF,FW",15,0,Dwight McNeil,Everton,MID,584769.0,25000000.0,17.034386422832473,25.111567419575632
32.6,27.0,1996.0,it Serie A,0,3,12,4,34,2938,sct SCO,0,MF,33,0,Scott McTominay,Napoli,MID,315969.0,50000000.0,17.72753358339242,28.06570841889117
17.8,25.0,1998.0,de Bundesliga,0,2,1,0,23,1603,hr CRO,0,DF,17,0,Jakov Medić,Bochum,DEF,488755.0,2000000.0,14.508658238524095,26.31895961670089
28.3,25.0,1999.0,fr Ligue 1,1,15,0,1,29,2543,ar ARG,0,DF,29,0,Facundo Medina,Lens,DEF,474800.0,25000000.0,17.034386422832473,25.598904859685145
4.7,22.0,2001.0,fr Ligue 1,1,2,0,0,7,424,ci CIV,0,DF,6,0,Bamo Meïté,Montpellier,DEF,807165.0,4000000.0,15.201805169084134,23.080082135523615
6.0,16.0,2007.0,fr Ligue 1,0,0,2,0,12,544,fr FRA,0,FW,5,0,Mohamed Meité,Rennes,FWD,895402.0,1200000.0,13.997832948091215,22.77344284736482
10.5,27.0,1996.0,es La Liga,0,2,0,0,15,941,br BRA,0,MF,10,0,Arthur Melo,Girona,MID,362842.0,5000000.0,15.424948670398354,28.38877481177276
18.6,22.0,2002.0,fr Ligue 1,0,3,1,3,24,1676,pt POR,0,DF,19,0,Nuno Mendes,Paris S-G,DEF,616341.0,70000000.0,18.064005814299346,22.537987679671456
17.0,27.0,1997.0,es La Liga,0,4,3,2,27,1531,es ESP,0,MF,19,0,Brais Méndez,Real Sociedad,MID,309110.0,22000000.0,16.906553056777135,27.983572895277206
9.2,20.0,2004.0,fr Ligue 1,0,2,0,0,18,825,sn SEN,0,DF,8,0,Antoine Mendy,Nice,DEF,891998.0,2500000.0,14.731801689838349,20.59958932238193
11.2,29.0,1995.0,es La Liga,1,1,0,1,14,1005,fr FRA,0,DF,12,0,Ferland Mendy,Real Madrid,DEF,291417.0,14000000.0,16.454567959008102,29.568788501026695
6.5,32.0,1992.0,fr Ligue 1,0,2,0,1,10,588,sn SEN,0,MF,7,0,Nampalys Mendy,Lens,MID,111051.0,1800000.0,14.403297778421795,32.525667351129364
25.3,26.0,1998.0,fr Ligue 1,0,2,0,1,29,2280,gh GHA,0,DF,26,0,Gideon Mensah,Auxerre,DEF,397171.0,4000000.0,15.201805169084134,26.458590006844627
33.4,27.0,1997.0,it Serie A,0,0,0,0,34,3005,it ITA,0,GK,34,0,Alex Meret,Napoli,GK,240414.0,18000000.0,16.705882371415992,27.78097193702943
17.6,28.0,1996.0,eng Premier League,1,4,7,2,28,1586,es ESP,0,"MF,FW",17,0,Mikel Merino,Arsenal,MID,338424.0,35000000.0,17.370858648025116,28.528405201916495
17.7,22.0,2002.0,fr Ligue 1,0,1,1,3,27,1589,fr FRA,0,DF,21,0,Quentin Merlin,Marseille,DEF,557613.0,15000000.0,16.52356082573315,22.63107460643395
4.6,25.0,1999.0,es La Liga,0,1,0,0,14,418,es ESP,0,MF,2,0,Víctor Meseguer,Valladolid,MID,658269.0,1500000.0,14.220976332738882,25.56605065023956
5.1,21.0,2003.0,fr Ligue 1,0,0,0,1,13,456,fr FRA,0,DF,5,0,Rafik Messali,Toulouse,DEF,883865.0,800000.0,13.592368256649284,21.68104038329911
9.4,33.0,1991.0,it Serie A,0,1,1,1,17,847,br BRA,0,"MF,FW",8,1,Junior Messias,Genoa,MID,449151.0,1500000.0,14.220976332738882,33.63997262149213
4.0,24.0,1999.0,de Bundesliga,1,2,0,0,10,358,au AUS,0,"MF,FW",3,0,Connor Metcalfe,St. Pauli,MID,522223.0,2500000.0,14.731801689838349,25.15811088295688
10.0,31.0,1993.0,de Bundesliga,0,1,0,0,10,900,ee EST,0,DF,10,0,Karol Mets,St. Pauli,DEF,139304.0,1300000.0,14.077875591662238,31.630390143737166
21.4,32.0,1991.0,fr Ligue 1,0,5,2,0,30,1928,be BEL,0,DF,21,0,Thomas Meunier,Lille,DEF,100986.0,2000000.0,14.508658238524095,33.30595482546201
14.3,24.0,2000.0,it Serie A,0,2,0,3,21,1288,ro ROU,0,"FW,MF",16,0,Valentin Mihaila,Parma,FWD,535469.0,3000000.0,14.914123179965662,24.914442162902123
16.1,23.0,2000.0,fr Ligue 1,0,2,11,6,34,1449,ge GEO,3,FW,13,4,Georges Mikautadze,Lyon,FWD,729814.0,22000000.0,16.906553056777135,24.16974674880219
37.0,26.0,1997.0,eng Premier League,0,4,5,2,37,3330,rs SRB,0,DF,37,0,Nikola Milenković,Nott'ham Forest,DEF,413507.0,35000000.0,17.370858648025116,27.222450376454482
3.5,18.0,2006.0,eng Premier League,0,0,1,0,14,313,eng ENG,0,MF,1,0,Lewis Miley,Newcastle Utd,MID,922769.0,22000000.0,16.906553056777135,18.67214236824093
37.0,27.0,1997.0,it Serie A,0,3,0,0,37,3330,rs SRB,0,GK,37,0,Vanja Milinković-Savić,Torino,GK,257474.0,16000000.0,16.588099342704055,27.863107460643395
10.4,26.0,1998.0,es La Liga,0,2,1,1,12,938,br BRA,0,DF,11,0,Éder Militão,Real Madrid,DEF,401530.0,30000000.0,17.216707972959764,26.954140999315538
31.9,29.0,1994.0,es La Liga,0,6,1,4,33,2875,es ESP,1,MF,32,1,Luis Milla,Getafe,MID,281989.0,3500000.0,15.068273812173887,30.236824093086927
5.1,31.0,1992.0,es La Liga,0,3,3,0,20,456,es ESP,0,"MF,FW",1,0,Pere Milla,Espanyol,MID,225593.0,1200000.0,13.997832948091215,32.27378507871321
20.5,22.0,2002.0,de Bundesliga,0,9,6,5,29,1843,fr FRA,0,"MF,FW",22,1,Enzo Millot,Stuttgart,MID,569366.0,35000000.0,17.370858648025116,22.46132785763176
25.4,27.0,1996.0,de Bundesliga,0,2,2,0,27,2283,kr KOR,0,DF,27,0,Kim Min-jae,Bayern Munich,DEF,503482.0,40000000.0,17.50439003707821,28.128678986995208
28.5,29.0,1994.0,it Serie A,1,6,1,0,31,2569,co COL,0,DF,31,0,Yerry Mina,Cagliari,DEF,289446.0,3000000.0,14.914123179965662,30.275154004106778
24.8,29.0,1995.0,fr Ligue 1,0,4,6,3,31,2231,jp JPN,0,"MF,FW",27,0,Takumi Minamino,Monaco,MID,165793.0,15000000.0,16.52356082573315,29.960301163586585
7.9,20.0,2004.0,fr Ligue 1,0,0,1,0,10,715,fr FRA,0,DF,8,0,Lucas Mincarelli,Montpellier,DEF,982393.0,1000000.0,13.815511557963774,20.99110198494182
12.4,31.0,1993.0,eng Premier League,0,1,0,0,14,1120,eng ENG,0,DF,12,0,Tyrone Mings,Aston Villa,DEF,253677.0,5000000.0,15.424948670398354,31.805612594113622
30.3,25.0,1999.0,es La Liga,1,6,4,6,34,2729,es ESP,0,"MF,DF",31,0,Óscar Mingueza,Celta Vigo,MID,331505.0,20000000.0,16.811242881518265,25.639972621492127
20.4,20.0,2004.0,eng Premier League,0,6,6,4,32,1838,gm GAM,0,"FW,MF",20,0,Yankuba Minteh,Brighton,FWD,1012534.0,30000000.0,17.216707972959764,20.44626967830253
9.7,25.0,1999.0,es La Liga,0,0,2,1,17,869,mk MKD,0,FW,12,0,Bojan Miovski,Girona,FWD,476219.0,2500000.0,14.731801689838349,25.52498288843258
8.4,27.0,1997.0,es La Liga,0,4,1,2,20,753,es ESP,0,"FW,MF",5,0,Rafa Mir,Valencia,FWD,361254.0,800000.0,13.592368256649284,27.540041067761805
25.3,24.0,2000.0,it Serie A,1,4,0,6,31,2277,es ESP,0,DF,25,0,Juan Miranda,Bologna,DEF,341227.0,15000000.0,16.52356082573315,24.95277207392197
18.6,20.0,2003.0,it Serie A,0,2,3,3,25,1677,it ITA,0,"MF,FW",22,0,Fabio Miretti,Genoa,MID,571607.0,14000000.0,16.454567959008102,21.415468856947296
34.4,24.0,1999.0,eng Premier League,0,2,0,5,37,3092,eng ENG,0,DF,37,0,Tyrick Mitchell,Crystal Palace,DEF,730893.0,25000000.0,17.034386422832473,25.336071184120467
28.9,27.0,1997.0,eng Premier League,0,1,10,4,36,2603,jp JPN,0,"FW,MF",28,0,Kaoru Mitoma,Brighton,FWD,504849.0,40000000.0,17.50439003707821,27.619438740588638
27.4,27.0,1997.0,de Bundesliga,0,5,1,7,31,2469,de GER,0,DF,28,0,Maximilian Mittelstädt,Stuttgart,DEF,282660.0,20000000.0,16.811242881518265,27.79192334017796
5.2,27.0,1997.0,de Bundesliga,1,0,1,0,15,464,jp JPN,0,"FW,MF",6,0,Koji Miyoshi,Bochum,FWD,295060.0,1500000.0,14.220976332738882,27.770020533880903
25.9,35.0,1989.0,it Serie A,0,4,1,4,31,2328,am ARM,0,MF,29,0,Henrikh Mkhitaryan,Inter,MID,55735.0,4000000.0,15.201805169084134,35.945242984257355
6.8,24.0,1999.0,it Serie A,0,1,0,1,20,608,ao ANG,0,"DF,MF",4,0,Rui Modesto,Udinese,DEF,671799.0,2000000.0,14.508658238524095,25.23750855578371
20.3,38.0,1985.0,es La Liga,0,7,2,6,35,1827,hr CRO,0,MF,17,0,Luka Modrić,Real Madrid,MID,27992.0,4000000.0,15.201805169084134,39.31279945242984
5.0,,,de Bundesliga,0,2,0,0,12,451,de GER,0,FW,5,0,Max Moerstedt,Hoffenheim,FWD,923595.0,7000000.0,15.76142084987672,18.962354551676935
13.9,26.0,1997.0,fr Ligue 1,0,3,5,0,30,1252,eg EGY,0,FW,11,0,Mostafa Mohamed,Nantes,FWD,462348.0,5000000.0,15.424948670398354,27.093771389459274
30.6,31.0,1992.0,es La Liga,0,5,1,2,36,2755,co COL,0,DF,30,0,Johan Mojica,Mallorca,DEF,262939.0,2000000.0,14.508658238524095,32.36413415468857
30.2,20.0,2003.0,es La Liga,0,5,6,1,35,2714,es ESP,0,"FW,MF",32,0,Alberto Moleiro,Las Palmas,FWD,733576.0,25000000.0,17.034386422832473,21.256673511293634
17.7,26.0,1998.0,es La Liga,0,1,0,3,30,1590,ar ARG,0,DF,17,0,Nahuel Molina,Atlético Madrid,DEF,424042.0,20000000.0,16.811242881518265,26.740588637919235
23.3,26.0,1998.0,es La Liga,0,8,0,0,32,2099,es ESP,0,MF,26,0,Jon Moncayola,Osasuna,MID,552425.0,7000000.0,15.76142084987672,26.639288158795345
36.0,28.0,1996.0,it Serie A,0,0,0,0,36,3240,it ITA,0,GK,36,0,Lorenzo Montipò,Hellas Verona,GK,241923.0,2000000.0,14.508658238524095,28.865160848733744
4.1,16.0,2007.0,eng Premier League,0,0,0,1,10,366,eng ENG,0,FW,3,0,Mikey Moore,Tottenham,FWD,1011147.0,18000000.0,16.705882371415992,17.39356605065024
12.2,31.0,1992.0,it Serie A,0,5,5,0,16,1099,es ESP,0,"FW,MF",13,0,Álvaro Morata,Milan,FWD,128223.0,11000000.0,16.213405921671733,32.19164955509925
10.1,23.0,2001.0,eng Premier League,0,5,0,0,26,907,br BRA,0,DF,6,0,Morato,Nott'ham Forest,DEF,673492.0,14000000.0,16.454567959008102,23.50718685831622
28.5,19.0,2004.0,fr Ligue 1,1,4,2,7,32,2568,pt POR,0,"DF,MF",29,0,Diego Moreira,Strasbourg,DEF,655006.0,18000000.0,16.705882371415992,20.40520191649555
19.2,32.0,1992.0,it Serie A,0,4,0,0,24,1727,es ESP,0,DF,21,0,Alberto Moreno,Como,DEF,207917.0,1500000.0,14.220976332738882,32.492813141683776
10.6,31.0,1993.0,eng Premier League,0,2,0,1,15,955,es ESP,0,"DF,MF",11,0,Álex Moreno,Nott'ham Forest,DEF,193098.0,7000000.0,15.76142084987672,31.567419575633128
8.0,32.0,1992.0,es La Liga,0,0,3,2,17,721,es ESP,3,FW,6,3,Gerard Moreno,Villarreal,FWD,177467.0,4000000.0,15.201805169084134,32.73648186173853
22.5,27.0,1996.0,it Serie A,0,5,3,2,31,2021,es ESP,0,"FW,MF",23,0,Tete Morente,Lecce,FWD,339816.0,2000000.0,14.508658238524095,28.076659822039698
8.2,24.0,2000.0,es La Liga,0,1,0,0,16,741,es ESP,0,DF,8,0,Mateu Morey,Mallorca,DEF,388513.0,800000.0,13.592368256649284,24.83504449007529
23.7,21.0,2003.0,es La Liga,1,9,1,1,33,2132,gn GUI,0,MF,22,0,Ilaix Moriba,Celta Vigo,MID,617074.0,6000000.0,15.607270193858982,21.95208761122519
14.9,25.0,1999.0,es La Liga,0,7,0,0,23,1338,es ESP,0,MF,15,0,Manu Morlanes,Mallorca,MID,335225.0,2500000.0,14.731801689838349,25.971252566735114
13.4,26.0,1998.0,it Serie A,0,1,0,2,22,1208,hr CRO,0,MF,15,0,Nikola Moro,Bologna,MID,316934.0,4500000.0,15.319588176962746,26.809034907597535
26.0,21.0,2002.0,es La Liga,0,2,4,5,33,2341,es ESP,0,"MF,FW",26,0,Raúl Moro,Valladolid,MID,624942.0,7500000.0,15.830413711839864,22.075290896646134
30.6,32.0,1991.0,eng Premier League,0,10,1,1,33,2751,eg EGY,0,MF,31,0,Sam Morsy,Ipswich Town,MID,123551.0,500000.0,13.122365377402328,33.31143052703628
36.9,20.0,2004.0,es La Liga,0,6,1,0,37,3319,es ESP,0,DF,37,0,Cristhian Mosquera,Valencia,DEF,646750.0,30000000.0,17.216707972959764,20.514715947980836
15.3,24.0,1999.0,it Serie A,0,4,5,1,35,1375,co COL,0,FW,12,0,Daniel Mosquera,Hellas Verona,FWD,651569.0,1500000.0,14.220976332738882,25.201916495550993
4.9,23.0,2001.0,eng Premier League,0,2,0,0,5,441,co COL,0,DF,5,0,Yerson Mosquera,Wolves,DEF,716276.0,8000000.0,15.894952224644102,23.668720054757017
23.4,26.0,1998.0,it Serie A,0,3,5,2,31,2104,pt POR,0,"FW,MF",24,0,Dany Mota,Monza,FWD,347253.0,5000000.0,15.424948670398354,26.6694045174538
3.9,29.0,1994.0,de Bundesliga,0,2,1,0,16,347,bj BEN,0,"FW,MF",1,0,Steve Mounié,Augsburg,FWD,238639.0,2000000.0,14.508658238524095,30.258726899383984
6.9,25.0,1999.0,eng Premier League,0,3,1,0,17,622,eng ENG,0,MF,8,0,Mason Mount,Manchester Utd,MID,346483.0,28000000.0,17.147715103853763,25.976728268309376
20.5,22.0,2002.0,es La Liga,0,7,0,1,25,1849,uy URU,0,DF,20,0,Santiago Mouriño,Alavés,DEF,953901.0,3000000.0,14.914123179965662,22.882956878850102
11.6,22.0,2002.0,fr Ligue 1,0,2,0,1,24,1045,fr FRA,0,MF,12,0,Louis Mouton,Saint-Étienne,MID,904662.0,700000.0,13.45883704259595,22.581793292265573
13.2,19.0,2004.0,fr Ligue 1,0,4,0,1,22,1190,cd COD,0,MF,14,0,Ngal'Ayel Mukau,Lille,MID,1016015.0,15000000.0,16.52356082573315,20.161533196440793
10.0,26.0,1997.0,de Bundesliga,0,4,1,0,15,899,fr FRA,0,DF,10,0,Nordi Mukiele,Leverkusen,DEF,348026.0,10000000.0,16.118095750958314,27.16769336071184
8.4,26.0,1997.0,de Bundesliga,0,0,0,0,9,753,de GER,0,GK,8,0,Florian Müller,Freiburg,GK,284769.0,1200000.0,13.997832948091215,27.134839151266256
32.7,33.0,1991.0,de Bundesliga,0,0,0,0,33,2939,de GER,0,GK,33,0,Kevin Müller,Heidenheim,GK,43824.0,700000.0,13.45883704259595,33.80150581793292
5.3,31.0,1993.0,de Bundesliga,0,0,0,0,6,475,de GER,0,GK,5,0,Marius Müller,Wolfsburg,GK,118161.0,1500000.0,14.220976332738882,31.474332648870636
13.6,34.0,1989.0,de Bundesliga,0,3,1,4,30,1225,de GER,0,"MF,FW",12,0,Thomas Müller,Bayern Munich,MID,58358.0,6000000.0,15.607270193858982,35.30184804928131
22.4,26.0,1998.0,es La Liga,1,6,2,1,24,2017,gh GHA,0,DF,24,0,Abdul Mumin,Rayo Vallecano,DEF,451801.0,5000000.0,15.424948670398354,26.573579739904176
12.0,28.0,1996.0,eng Premier League,0,0,2,1,14,1078,zw ZIM,0,"MF,FW",12,0,Marshall Munetsi,Wolves,MID,414908.0,15000000.0,16.52356082573315,28.528405201916495
18.8,28.0,1996.0,fr Ligue 1,0,5,4,2,19,1692,zw ZIM,0,MF,19,0,Marshall Munetsi,Reims,MID,414908.0,15000000.0,16.52356082573315,28.528405201916495
10.7,23.0,2001.0,eng Premier League,0,1,8,1,31,964,br BRA,0,FW,8,0,Rodrigo Muniz,Fulham,FWD,735571.0,20000000.0,16.811242881518265,23.66324435318275
12.2,26.0,1997.0,es La Liga,0,5,0,0,21,1098,es ESP,0,DF,13,0,Aihen Muñoz,Real Sociedad,DEF,517842.0,4000000.0,15.201805169084134,27.378507871321013
15.7,30.0,1994.0,es La Liga,0,3,3,0,21,1415,es ESP,0,DF,18,0,Álex Muñoz,Las Palmas,DEF,243760.0,1000000.0,13.815511557963774,30.425735797399042
35.9,28.0,1996.0,eng Premier League,0,10,4,5,37,3228,co COL,0,DF,37,0,Daniel Muñoz,Crystal Palace,DEF,493003.0,25000000.0,17.034386422832473,28.602327173169062
6.8,21.0,2002.0,es La Liga,0,2,0,1,23,610,es ESP,0,MF,4,0,Iker Muñoz,Osasuna,MID,710677.0,3000000.0,14.914123179965662,22.324435318275153
28.8,29.0,1995.0,es La Liga,0,5,1,3,35,2588,es ESP,0,"MF,DF",28,0,Javier Muñoz,Las Palmas,MID,282421.0,2000000.0,14.508658238524095,29.842573579739906
18.0,25.0,1998.0,eng Premier League,0,1,0,0,18,1620,xk KVX,0,GK,18,0,Arijanet Muric,Ipswich Town,GK,371021.0,5000000.0,15.424948670398354,26.151950718685832
35.4,22.0,2002.0,eng Premier League,0,6,2,0,36,3188,br BRA,0,DF,36,0,Murillo,Nott'ham Forest,DEF,1005649.0,55000000.0,17.822843761378564,22.496919917864478
22.9,30.0,1994.0,es La Liga,2,1,7,2,29,2058,xk KVX,2,FW,24,3,Vedat Muriqi,Mallorca,FWD,256267.0,5000000.0,15.424948670398354,30.691307323750856
26.2,29.0,1995.0,eng Premier League,0,4,8,12,35,2360,eng ENG,0,FW,31,0,Jacob Murphy,Newcastle Utd,FWD,199527.0,16000000.0,16.588099342704055,29.853524982888434
17.5,21.0,2002.0,it Serie A,0,5,0,2,29,1571,us USA,0,"MF,FW",19,0,Yunus Musah,Milan,MID,503991.0,20000000.0,16.811242881518265,22.091718001368925
20.0,21.0,2003.0,de Bundesliga,0,3,12,2,25,1798,de GER,0,MF,21,0,Jamal Musiala,Bayern Munich,MID,580195.0,140000000.0,18.757152987716434,21.848049281314168
4.3,28.0,1996.0,fr Ligue 1,0,0,1,1,10,386,ly LBY,0,MF,3,0,Almoatasem Al Musrati,Monaco,MID,377641.0,8000000.0,15.894952224644102,28.739219712525667
10.6,21.0,2003.0,fr Ligue 1,1,1,1,2,11,952,fr FRA,0,MF,11,0,Junior Mwanga,Le Havre,MID,1011200.0,6000000.0,15.607270193858982,21.645448323066393
3.3,21.0,2003.0,fr Ligue 1,0,0,0,0,8,296,fr FRA,0,MF,2,0,Junior Mwanga,Strasbourg,MID,1011200.0,6000000.0,15.607270193858982,21.645448323066393
29.0,30.0,1994.0,de Bundesliga,0,7,1,4,32,2607,at AUT,0,DF,32,0,Phillipp Mwene,Mainz 05,DEF,127573.0,1800000.0,14.403297778421795,30.924024640657084
34.2,25.0,1999.0,eng Premier League,0,4,1,2,35,3082,ua UKR,0,DF,35,0,Vitaliy Mykolenko,Everton,DEF,404842.0,28000000.0,17.147715103853763,25.596167008898014
24.3,27.0,1997.0,de Bundesliga,0,6,3,4,28,2188,dk DEN,0,DF,25,0,Joakim Mæhle,Wolfsburg,DEF,369674.0,14000000.0,16.454567959008102,27.619438740588638
3.4,23.0,2000.0,it Serie A,0,0,0,0,11,306,ci CIV,0,"FW,MF",2,0,Konan N'dri,Lecce,FWD,649490.0,1400000.0,14.151983508870947,24.18069815195072
14.5,25.0,1999.0,de Bundesliga,1,3,0,0,22,1308,fr FRA,0,DF,16,0,Stanley N'Soki,Hoffenheim,DEF,371141.0,2500000.0,14.731801689838349,25.73305954825462
25.6,25.0,1999.0,fr Ligue 1,0,1,1,2,26,2306,fr FRA,0,DF,25,0,Mickael Nade,Saint-Étienne,DEF,494586.0,2000000.0,14.508658238524095,25.831622176591377
4.3,20.0,2003.0,fr Ligue 1,0,2,1,0,15,383,ma MAR,0,MF,5,0,Bilal Nadir,Marseille,MID,659520.0,5000000.0,15.424948670398354,21.09514031485284
4.8,19.0,2005.0,fr Ligue 1,0,1,2,0,12,430,cm CMR,0,DF,4,0,Mahamadou Nagida,Rennes,DEF,1176345.0,800000.0,13.592368256649284,19.512662559890487
29.4,24.0,2000.0,fr Ligue 1,0,5,11,2,32,2649,jp JPN,0,"FW,MF",31,0,Keito Nakamura,Reims,FWD,405397.0,8000000.0,15.894952224644102,24.42984257357974
23.4,22.0,2002.0,fr Ligue 1,0,1,6,4,31,2107,se SWE,0,"MF,FW",26,0,Sebastian Nanasi,Strasbourg,MID,579928.0,18000000.0,16.705882371415992,22.63107460643395
23.4,31.0,1993.0,es La Liga,0,3,1,0,26,2110,rs SRB,0,DF,24,0,Matija Nastasić,Leganés,DEF,143559.0,1500000.0,14.220976332738882,31.76454483230664
24.2,23.0,2001.0,es La Liga,1,5,1,1,31,2175,br BRA,0,DF,23,0,Natan,Betis,DEF,735568.0,9000000.0,16.012735246411598,23.901437371663246
10.2,19.0,2005.0,es La Liga,0,1,0,0,17,916,es ESP,0,DF,8,0,Pau Navarro,Villarreal,DEF,1061336.0,3000000.0,14.914123179965662,19.68788501026694
14.2,22.0,2002.0,es La Liga,0,3,1,0,23,1278,es ESP,0,"MF,FW",15,0,Roberto Navarro,Mallorca,MID,563137.0,6000000.0,15.607270193858982,22.72416153319644
4.7,38.0,1985.0,es La Liga,0,0,1,0,15,424,es ESP,0,"FW,MF",3,0,Jesús Navas,Sevilla,FWD,15956.0,2500000.0,14.731801689838349,39.1129363449692
21.5,25.0,1998.0,fr Ligue 1,0,5,3,0,23,1932,bi BDI,0,DF,22,0,Youssouf Ndayishimiye,Nice,DEF,674612.0,12000000.0,16.300417291085605,26.182067077344286
27.0,24.0,2000.0,eng Premier League,0,3,9,0,33,2430,sn SEN,2,FW,29,2,Iliman Ndiaye,Everton,FWD,623570.0,22000000.0,16.906553056777135,24.824093086926762
4.9,19.0,2005.0,fr Ligue 1,0,0,0,0,15,441,fr FRA,0,FW,4,0,Junior Ndiaye,Montpellier,FWD,986262.0,50000.0,10.819798284210286,19.761806981519506
11.8,22.0,2001.0,fr Ligue 1,0,2,1,0,27,1061,sn SEN,0,MF,11,0,Rassoul Ndiaye,Le Havre,MID,662242.0,2000000.0,14.508658238524095,23.058179329226558
25.8,27.0,1996.0,eng Premier League,0,8,0,5,28,2324,ng NGA,0,MF,28,0,Wilfred Ndidi,Leicester City,MID,274839.0,15000000.0,16.52356082573315,28.043805612594113
12.6,27.0,1996.0,fr Ligue 1,0,2,1,2,18,1131,fr FRA,0,MF,12,0,Tanguy Ndombele,Nice,MID,450936.0,7000000.0,15.76142084987672,28.01095140314853
4.5,20.0,2004.0,it Serie A,0,1,0,0,9,406,it ITA,0,"MF,DF",4,0,Cher Ndour,Fiorentina,MID,651005.0,5000000.0,15.424948670398354,20.432580424366872
23.8,23.0,2000.0,it Serie A,0,4,8,4,30,2143,ch SUI,2,FW,26,2,Dan Ndoye,Bologna,FWD,365108.0,35000000.0,17.370858648025116,24.186173853524984
26.1,21.0,2002.0,de Bundesliga,1,5,10,4,31,2345,de GER,0,MF,26,0,Paul Nebel,Mainz 05,MID,503160.0,24000000.0,16.993564429978885,22.22861054072553
5.3,18.0,2005.0,de Bundesliga,0,1,0,0,10,479,rs SRB,0,DF,6,0,Kosta Nedeljković,RB Leipzig,DEF,848682.0,10000000.0,16.118095750958314,19.044490075290895
27.3,33.0,1991.0,fr Ligue 1,0,4,0,0,31,2459,hu HUN,0,"DF,FW",28,0,Loïc Nego,Le Havre,DEF,122840.0,700000.0,13.45883704259595,33.96303901437371
5.4,24.0,1999.0,eng Premier League,0,1,1,1,11,487,eng ENG,0,FW,5,0,Reiss Nelson,Fulham,FWD,340325.0,16000000.0,16.588099342704055,25.062286105407257
23.7,23.0,2001.0,de Bundesliga,0,3,0,1,24,2137,at AUT,0,DF,24,0,David Nemeth,St. Pauli,DEF,451906.0,4000000.0,15.201805169084134,23.79192334017796
14.3,27.0,1997.0,it Serie A,0,1,2,4,28,1283,br BRA,0,FW,13,0,David Neres,Napoli,FWD,469822.0,30000000.0,17.216707972959764,27.83299110198494
25.2,24.0,2000.0,eng Premier League,0,8,4,6,35,2269,pt POR,0,FW,24,0,Pedro Neto,Chelsea,FWD,487465.0,50000000.0,17.72753358339242,24.815879534565365
10.8,21.0,2003.0,de Bundesliga,0,2,0,2,24,969,de GER,0,DF,8,0,Luca Netz,Gladbach,DEF,524285.0,6000000.0,15.607270193858982,21.634496919917865
22.0,38.0,1986.0,de Bundesliga,0,0,0,0,22,1980,de GER,0,GK,22,0,Manuel Neuer,Bayern Munich,GK,17259.0,4000000.0,15.201805169084134,38.76796714579056
4.2,27.0,1997.0,de Bundesliga,0,1,0,1,18,382,de GER,0,MF,2,0,Florian Neuhaus,Gladbach,MID,278332.0,3500000.0,15.068273812173887,27.797399041752225
20.5,19.0,2004.0,fr Ligue 1,0,1,3,8,29,1844,pt POR,0,"MF,DF",22,0,João Neves,Paris S-G,MID,670681.0,80000000.0,18.197537205138154,20.262833675564682
25.7,27.0,1997.0,es La Liga,0,14,1,1,30,2312,cm CMR,0,MF,27,0,Yvan Neyou,Leganés,MID,469669.0,3000000.0,14.914123179965662,27.994524298425734
3.2,19.0,2005.0,fr Ligue 1,0,0,0,0,8,289,fr FRA,0,FW,2,0,Steve Ngoura,Le Havre,FWD,923838.0,800000.0,13.592368256649284,19.857631759069132
30.3,28.0,1996.0,fr Ligue 1,0,2,0,0,31,2726,sn SEN,0,DF,30,0,Moussa Niakhate,Lyon,DEF,291200.0,15000000.0,16.52356082573315,28.8186173853525
5.8,22.0,2002.0,es La Liga,1,3,0,0,6,518,fr FRA,0,DF,6,0,Tanguy Nianzou,Sevilla,DEF,538996.0,1500000.0,14.220976332738882,22.570841889117045
6.9,27.0,1997.0,fr Ligue 1,0,0,0,1,7,623,dk DEN,0,DF,7,0,Rasmus Nicolaisen,Toulouse,DEF,283227.0,4500000.0,15.319588176962746,27.797399041752225
18.2,26.0,1997.0,de Bundesliga,0,0,0,0,19,1639,de GER,0,GK,19,0,Moritz Nicolas,Gladbach,GK,284270.0,5000000.0,15.424948670398354,27.197809719370294
31.8,24.0,2000.0,it Serie A,1,7,4,2,35,2861,it ITA,0,MF,33,0,Hans Nicolussi Caviglia,Venezia,MID,430280.0,8500000.0,15.955576839107596,24.539356605065024
17.3,29.0,1994.0,es La Liga,1,8,1,6,24,1553,es ESP,0,MF,17,0,Saúl Ñíguez,Sevilla,MID,148928.0,3000000.0,14.914123179965662,30.11362080766598
9.5,24.0,1999.0,es La Liga,0,2,0,0,13,858,hu HUN,0,"MF,DF",9,0,Tamás Nikitscher,Valladolid,MID,633056.0,1000000.0,13.815511557963774,25.163586584531142
10.6,23.0,2000.0,de Bundesliga,0,1,3,2,26,952,de GER,0,"FW,MF",10,0,Justin Njinmah,Werder Bremen,FWD,596153.0,7000000.0,15.76142084987672,24.128678986995208
11.5,25.0,1999.0,eng Premier League,1,6,3,1,29,1034,eng ENG,0,"FW,MF",9,0,Eddie Nketiah,Crystal Palace,FWD,340324.0,18000000.0,16.705882371415992,25.593429158110883
4.2,23.0,2000.0,de Bundesliga,0,1,0,0,12,382,fr FRA,0,"DF,MF",4,0,Niels Nkounkou,Eint Frankfurt,DEF,591193.0,3500000.0,15.068273812173887,24.16700889801506
10.2,26.0,1997.0,eng Premier League,0,2,3,2,27,921,fr FRA,0,FW,9,0,Christopher Nkunku,Chelsea,FWD,344381.0,35000000.0,17.370858648025116,27.132101300479125
16.8,23.0,2000.0,de Bundesliga,0,3,4,1,26,1509,de GER,0,MF,19,0,Felix Nmecha,Dortmund,MID,406640.0,28000000.0,17.147715103853763,24.227241615331966
5.2,25.0,1998.0,de Bundesliga,0,1,3,0,19,467,de GER,0,"FW,MF",3,0,Lukas Nmecha,Wolfsburg,FWD,314288.0,3000000.0,14.914123179965662,26.050650239561943
13.0,26.0,1998.0,fr Ligue 1,0,2,4,1,16,1166,fr FRA,1,FW,14,2,Arnaud Nordin,Montpellier,FWD,324811.0,5000000.0,15.424948670398354,26.543463381245722
8.0,20.0,2004.0,it Serie A,0,0,0,0,14,719,eng ENG,0,"DF,FW",8,0,Brooke Norton-Cuffy,Genoa,DEF,728733.0,3500000.0,15.068273812173887,20.971937029431896
9.6,25.0,1999.0,it Serie A,0,2,2,2,30,861,nl NED,0,"FW,MF",8,0,Tijjani Noslin,Lazio,FWD,457736.0,7500000.0,15.830413711839864,25.489390828199863
12.5,26.0,1997.0,es La Liga,0,6,3,0,24,1129,ao ANG,0,FW,16,0,Randy Nteka,Rayo Vallecano,FWD,560483.0,1500000.0,14.220976332738882,27.071868583162217
11.7,20.0,2003.0,fr Ligue 1,0,2,3,1,23,1052,gh GHA,0,"FW,MF",13,0,Ernest Nuamah,Lyon,FWD,955070.0,15000000.0,16.52356082573315,21.169062286105408
34.0,27.0,1996.0,de Bundesliga,0,0,0,1,34,3060,de GER,0,GK,34,0,Alexander Nübel,Stuttgart,GK,195778.0,12000000.0,16.300417291085605,28.254620123203285
18.6,25.0,1998.0,eng Premier League,0,4,1,6,26,1674,pt POR,0,"DF,MF",19,0,Matheus Nunes,Manchester City,DEF,601883.0,35000000.0,17.370858648025116,26.349075975359344
12.6,25.0,1999.0,eng Premier League,0,8,5,2,30,1133,uy URU,0,FW,8,0,Darwin Núñez,Liverpool,FWD,546543.0,45000000.0,17.622173069956816,25.52498288843258
7.2,27.0,1997.0,es La Liga,0,4,0,0,10,645,es ESP,0,DF,7,0,Unai Núñez,Athletic Club,DEF,338285.0,3000000.0,14.914123179965662,27.920602327173167
17.3,19.0,2005.0,de Bundesliga,0,0,3,3,25,1558,no NOR,0,"MF,DF",16,0,Antonio Nusa,RB Leipzig,MID,894914.0,28000000.0,17.147715103853763,19.709787816564
9.9,17.0,2007.0,eng Premier League,0,1,4,2,26,895,eng ENG,0,"FW,MF",11,0,Ethan Nwaneri,Arsenal,FWD,890719.0,55000000.0,17.822843761378564,17.78507871321013
29.7,33.0,1990.0,es La Liga,0,2,0,0,30,2673,no NOR,0,GK,30,0,Ørjan Nyland,Sevilla,GK,73517.0,900000.0,13.710151153416941,34.31074606433949
9.9,36.0,1988.0,es La Liga,0,4,1,2,20,887,cm CMR,0,"DF,MF",10,0,Allan Nyom,Getafe,DEF,111508.0,300000.0,12.611541086966115,36.64613278576318
18.8,18.0,2005.0,fr Ligue 1,0,11,1,0,27,1689,cg CGO,0,MF,20,0,Rabby Nzingoula,Montpellier,MID,1068110.0,2500000.0,14.731801689838349,19.10198494182067
16.2,27.0,1996.0,fr Ligue 1,1,3,6,1,21,1460,ao ANG,0,FW,16,0,M'Bala Nzola,Lens,FWD,354814.0,6000000.0,15.607270193858982,28.372347707049965
31.3,30.0,1994.0,eng Premier League,1,8,5,4,34,2819,dk DEN,0,MF,34,0,Christian Nørgaard,Brentford,MID,148367.0,11000000.0,16.213405921671733,30.8145106091718
17.5,23.0,2001.0,eng Premier League,0,5,2,0,20,1571,ie IRL,0,DF,17,0,Jake O'Brien,Everton,DEF,711544.0,18000000.0,16.705882371415992,23.633127994524298
10.4,23.0,2000.0,eng Premier League,0,1,2,2,21,938,dk DEN,1,MF,11,1,Matt O'Riley,Brighton,MID,406634.0,22000000.0,16.906553056777135,24.112251882272417
34.7,25.0,1999.0,eng Premier League,0,6,0,2,35,3122,ie IRL,0,DF,35,0,Dara O'Shea,Ipswich Town,DEF,401320.0,14000000.0,16.454567959008102,25.831622176591377
12.0,21.0,2002.0,it Serie A,0,4,1,1,21,1077,sk SVK,0,DF,13,0,Adam Obert,Cagliari,DEF,568333.0,3000000.0,14.914123179965662,22.360027378507873
36.0,31.0,1993.0,es La Liga,0,0,0,0,36,3240,si SVN,0,GK,36,0,Jan Oblak,Atlético Madrid,GK,121483.0,20000000.0,16.811242881518265,31.983572895277206
21.7,25.0,1999.0,it Serie A,0,1,6,1,29,1952,dk DEN,0,"MF,FW",24,0,Jens Odgaard,Bologna,MID,345590.0,12000000.0,16.300417291085605,25.75770020533881
9.4,19.0,2004.0,eng Premier League,0,0,1,0,16,850,fr FRA,0,"FW,MF",9,0,Wilson Odobert,Tottenham,FWD,743498.0,20000000.0,16.811242881518265,20.093086926762492
24.6,20.0,2003.0,de Bundesliga,0,0,0,2,29,2213,de GER,0,DF,26,0,Tim Oermann,Bochum,DEF,696164.0,5000000.0,15.424948670398354,21.240246406570844
4.6,20.0,2003.0,fr Ligue 1,0,5,1,0,17,416,ng NGA,0,"MF,FW",1,0,Hamzat Ojediran,Lens,MID,718312.0,1800000.0,14.403297778421795,21.13347022587269
4.6,24.0,2000.0,it Serie A,0,0,1,0,11,414,ch SUI,0,FW,5,0,Noah Okafor,Milan,FWD,346890.0,13000000.0,16.380459992348886,24.607802874743328
12.5,23.0,2001.0,eng Premier League,0,4,1,0,19,1125,it ITA,0,DF,12,0,Caleb Okoli,Leicester City,DEF,461833.0,8000000.0,15.894952224644102,23.471594798083505
25.0,24.0,1999.0,it Serie A,0,1,0,0,25,2250,ng NGA,0,GK,25,0,Maduka Okoye,Udinese,GK,340353.0,7500000.0,15.830413711839864,25.347022587268995
18.8,27.0,1997.0,fr Ligue 1,1,5,1,0,22,1695,ke KEN,0,DF,20,0,Joseph Okumu,Reims,DEF,453376.0,9000000.0,16.012735246411598,27.603011635865844
3.3,21.0,2003.0,fr Ligue 1,0,0,0,2,10,299,be BEL,0,"MF,FW",3,0,Kazeem Olaigbe,Rennes,MID,565406.0,5000000.0,15.424948670398354,21.998631074606433
5.9,21.0,2002.0,fr Ligue 1,0,0,0,0,13,528,nz NZL,0,"FW,MF",4,0,Ben Old,Saint-Étienne,FWD,617021.0,700000.0,13.45883704259595,22.38740588637919
7.4,24.0,2000.0,de Bundesliga,0,1,0,1,13,670,de GER,0,MF,7,0,Finn Ole Becker,Hoffenheim,MID,334999.0,2000000.0,14.508658238524095,24.566735112936346
25.9,22.0,2001.0,de Bundesliga,0,3,12,15,34,2334,fr FRA,0,"FW,MF",28,0,Michael Olise,Bayern Munich,FWD,566723.0,100000000.0,18.420680753952364,23.055441478439427
21.0,24.0,2000.0,es La Liga,0,6,0,1,21,1890,br BRA,0,DF,21,0,Lucas Oliveira Rosa,Valladolid,DEF,592373.0,1400000.0,14.151983508870947,28.914442162902123
26.3,26.0,1997.0,it Serie A,0,4,0,2,32,2370,uy URU,0,DF,26,0,Mathías Olivera,Napoli,DEF,376514.0,20000000.0,16.811242881518265,27.170431211498972
13.5,26.0,1998.0,es La Liga,0,1,10,3,25,1212,es ESP,2,"MF,FW",13,2,Dani Olmo,Barcelona,MID,293385.0,60000000.0,17.909855136853043,26.65571526351814
20.0,22.0,2002.0,fr Ligue 1,0,1,0,0,22,1799,ch SUI,0,DF,21,0,Becir Omeragic,Montpellier,DEF,507344.0,4500000.0,15.319588176962746,22.94866529774127
10.9,30.0,1994.0,de Bundesliga,1,0,0,0,12,978,ch SUI,0,GK,11,0,Jonas Omlin,Gladbach,GK,247915.0,2500000.0,14.731801689838349,30.976043805612594
6.0,22.0,2002.0,fr Ligue 1,1,5,0,0,10,539,ie IRL,0,DF,6,0,Andrew Omobamidele,Strasbourg,DEF,621993.0,8000000.0,15.894952224644102,22.527036276522928
10.6,28.0,1995.0,fr Ligue 1,1,1,4,1,31,957,jp JPN,0,"MF,FW",9,0,Ado Onaiwu,Auxerre,MID,308133.0,1500000.0,14.220976332738882,29.149897330595483
18.0,22.0,2001.0,eng Premier League,0,4,3,0,26,1617,be BEL,0,MF,20,0,Amadou Onana,Aston Villa,MID,485706.0,50000000.0,17.72753358339242,23.378507871321013
34.0,28.0,1996.0,eng Premier League,0,0,0,0,34,3060,cm CMR,0,GK,34,0,André Onana,Manchester Utd,GK,234509.0,25000000.0,17.034386422832473,28.750171115674195
3.4,24.0,2000.0,it Serie A,0,1,0,0,9,304,cm CMR,0,MF,2,0,Jean Onana,Genoa,MID,656441.0,1800000.0,14.403297778421795,24.982888432580424
4.7,21.0,2002.0,it Serie A,0,0,5,0,12,422,se SWE,0,"MF,FW",3,0,Jacob Ondrejka,Parma,MID,663237.0,8000000.0,15.894952224644102,22.33264887063655
11.7,30.0,1994.0,eng Premier League,0,4,4,1,25,1050,ng NGA,0,FW,11,0,Paul Onuachu,Southampton,FWD,272855.0,6000000.0,15.607270193858982,30.598220396988363
28.7,26.0,1998.0,de Bundesliga,0,8,0,1,31,2586,ng NGA,0,MF,30,0,Frank Onyeka,Augsburg,MID,421637.0,7000000.0,15.76142084987672,27.000684462696782
27.3,24.0,2000.0,de Bundesliga,1,5,9,5,33,2453,be BEL,0,"FW,MF",28,1,Loïs Openda,RB Leipzig,FWD,368887.0,50000000.0,17.72753358339242,24.876112251882272
13.0,27.0,1997.0,fr Ligue 1,1,2,0,2,13,1169,ci CIV,0,"DF,FW",13,0,Christopher Operi,Le Havre,DEF,469976.0,3800000.0,15.150511887854474,27.67693360711841
3.0,21.0,2002.0,fr Ligue 1,0,0,0,0,9,273,no NOR,0,DF,2,0,Fredrik Oppegard,Auxerre,DEF,539665.0,600000.0,13.304686600863562,22.403832991101986
7.6,22.0,2002.0,de Bundesliga,0,2,4,0,13,687,ng NGA,0,FW,7,0,Gift Orban,Hoffenheim,FWD,1018259.0,10000000.0,16.118095750958314,22.46132785763176
24.7,31.0,1992.0,de Bundesliga,2,4,5,0,25,2222,hu HUN,0,DF,25,0,Willi Orban,RB Leipzig,DEF,93740.0,8000000.0,15.894952224644102,32.16153319644079
20.7,32.0,1992.0,de Bundesliga,0,6,0,0,22,1861,ua UKR,0,DF,21,0,Ivan Ordets,Bochum,DEF,118850.0,1000000.0,13.815511557963774,32.48459958932238
25.7,21.0,2002.0,it Serie A,0,3,3,3,37,2315,it ITA,0,"FW,MF",29,0,Gaetano Oristanio,Venezia,FWD,613393.0,6000000.0,15.607270193858982,22.261464750171115
33.0,22.0,2001.0,es La Liga,0,8,5,4,37,2966,es ESP,1,MF,35,1,Aimar Oroz,Osasuna,MID,634131.0,15000000.0,16.52356082573315,23.096509240246405
20.9,27.0,1997.0,it Serie A,0,2,15,4,30,1878,it ITA,3,FW,23,3,Riccardo Orsolini,Bologna,FWD,368482.0,25000000.0,17.034386422832473,27.93702943189596
12.2,31.0,1992.0,eng Premier League,0,1,0,0,13,1100,de GER,0,GK,12,0,Stefan Ortega,Manchester City,GK,85941.0,8000000.0,15.894952224644102,32.153319644079396
3.9,20.0,2004.0,es La Liga,0,0,0,1,5,353,es ESP,0,DF,4,0,Ángel Ortíz,Betis,DEF,933908.0,2500000.0,14.731801689838349,20.438056125941138
18.4,25.0,1998.0,fr Ligue 1,1,1,1,0,20,1654,ng NGA,0,DF,20,0,Gabriel Osho,Auxerre,DEF,364409.0,3000000.0,14.914123179965662,26.38466803559206
25.2,24.0,2000.0,de Bundesliga,1,6,1,0,30,2267,de GER,0,MF,27,0,Patrick Osterhage,Freiburg,MID,443331.0,10000000.0,16.118095750958314,24.917180013689254
22.3,22.0,2002.0,eng Premier League,0,3,7,4,32,2005,bf BFA,0,FW,21,0,Dango Ouattara,Bournemouth,FWD,823231.0,28000000.0,17.147715103853763,22.888432580424368
4.3,19.0,2004.0,fr Ligue 1,0,2,0,1,12,391,fr FRA,0,"DF,FW",5,0,Kassoum Ouattara,Monaco,DEF,947360.0,7000000.0,15.76142084987672,20.216290212183434
3.3,27.0,1996.0,it Serie A,0,1,0,0,11,299,fr FRA,0,"MF,FW",3,0,Remi Oudin,Lecce,MID,399543.0,3500000.0,15.068273812173887,28.12046543463381
5.4,23.0,2001.0,es La Liga,0,0,0,0,6,487,gq EQG,0,GK,5,0,Jesús Owono,Alavés,GK,631693.0,1000000.0,13.815511557963774,23.838466803559207
26.0,26.0,1997.0,fr Ligue 1,0,7,1,3,28,2344,gh GHA,0,MF,28,0,Elisha Owusu,Auxerre,MID,395695.0,3000000.0,14.914123179965662,27.15126625598905
25.0,27.0,1997.0,es La Liga,1,4,9,3,35,2250,es ESP,4,FW,28,4,Mikel Oyarzabal,Real Sociedad,FWD,351478.0,25000000.0,17.034386422832473,27.698836413415467
3.9,26.0,1998.0,de Bundesliga,0,0,0,0,11,353,tr TUR,0,MF,3,0,Salih Özcan,Wolfsburg,MID,244940.0,4000000.0,15.201805169084134,26.973305954825463
4.3,26.0,1998.0,de Bundesliga,0,0,0,0,11,391,tr TUR,0,MF,3,0,Salih Özcan,Dortmund,MID,244940.0,4000000.0,15.201805169084134,26.973305954825463
8.4,23.0,2000.0,es La Liga,0,1,0,0,11,757,tr TUR,0,DF,8,0,Cenk Özkacar,Valladolid,DEF,615350.0,1200000.0,13.997832948091215,24.238193018480494
5.9,19.0,2005.0,eng Premier League,0,0,2,0,9,528,eng ENG,0,DF,6,0,Nico O’Reilly,Manchester City,DEF,743413.0,18000000.0,16.705882371415992,19.783709787816566
9.5,23.0,2001.0,es La Liga,0,3,0,0,14,854,es ESP,0,DF,9,0,Jon Pacheco,Real Sociedad,DEF,580560.0,6000000.0,15.607270193858982,23.980835044490075
23.7,22.0,2001.0,fr Ligue 1,0,2,0,1,28,2132,ec ECU,0,DF,23,0,Willian Pacho,Paris S-G,DEF,661171.0,65000000.0,17.989897843244528,23.211498973305954
3.6,20.0,2003.0,es La Liga,0,0,0,0,5,321,es ESP,0,GK,3,0,Alex Padilla,Athletic Club,GK,834483.0,3000000.0,14.914123179965662,21.336071184120467
12.8,25.0,1998.0,de Bundesliga,0,2,1,6,24,1155,ar ARG,0,MF,11,0,Exequiel Palacios,Leverkusen,MID,401578.0,40000000.0,17.50439003707821,26.24229979466119
5.0,21.0,2003.0,it Serie A,0,2,0,0,8,446,ar ARG,0,DF,5,0,Tomás Palacios,Monza,DEF,993645.0,4000000.0,15.201805169084134,21.68104038329911
7.5,29.0,1995.0,de Bundesliga,1,2,0,0,17,673,pt POR,0,MF,6,0,João Palhinha,Bayern Munich,MID,257455.0,30000000.0,17.216707972959764,29.4839151266256
22.4,36.0,1987.0,fr Ligue 1,0,9,0,2,26,2017,fr FRA,0,DF,23,0,Nicolas Pallois,Nantes,DEF,139279.0,400000.0,12.899222326086994,37.28678986995209
35.5,22.0,2002.0,eng Premier League,0,7,15,8,37,3191,eng ENG,4,"MF,FW",36,5,Cole Palmer,Chelsea,MID,568177.0,120000000.0,18.603002309079653,22.65845311430527
3.0,19.0,2004.0,de Bundesliga,0,1,0,0,14,267,de GER,0,MF,2,0,Mats Pannewig,Bochum,MID,796221.0,1000000.0,13.815511557963774,20.177960301163587
26.4,26.0,1997.0,eng Premier League,0,10,4,0,33,2380,br BRA,2,"MF,FW",27,2,Lucas Paquetá,West Ham,MID,444523.0,28000000.0,17.147715103853763,27.34839151266256
20.1,24.0,2000.0,es La Liga,1,4,3,0,23,1812,es ESP,0,DF,21,0,Aitor Paredes,Athletic Club,DEF,591916.0,22000000.0,16.906553056777135,24.67624914442163
15.3,30.0,1994.0,it Serie A,0,4,3,1,22,1373,ar ARG,2,MF,15,2,Leandro Paredes,Roma,MID,166237.0,5000000.0,15.424948670398354,30.510609171800137
25.3,35.0,1989.0,es La Liga,0,8,3,3,36,2273,es ESP,1,MF,26,2,Daniel Parejo,Villarreal,MID,59561.0,1500000.0,14.220976332738882,35.71252566735113
11.7,23.0,2000.0,it Serie A,0,3,2,0,25,1049,it ITA,0,"DF,MF",11,0,Fabiano Parisi,Fiorentina,DEF,547985.0,6000000.0,15.607270193858982,24.145106091718002
31.1,31.0,1993.0,eng Premier League,0,4,4,2,35,2797,gh GHA,0,"MF,DF",31,0,Thomas Partey,Arsenal,MID,230784.0,14000000.0,16.454567959008102,31.55373032169747
21.9,29.0,1995.0,it Serie A,0,1,3,4,34,1967,hr CRO,0,MF,23,1,Mario Pašalić,Atalanta,MID,205938.0,10000000.0,16.118095750958314,29.894592744695416
25.9,26.0,1998.0,de Bundesliga,0,4,1,6,31,2334,de GER,0,"DF,MF",30,0,Felix Passlack,Bochum,DEF,274461.0,2000000.0,14.508658238524095,26.595482546201232
6.7,31.0,1993.0,it Serie A,0,2,1,0,10,607,es ESP,0,DF,5,0,Patric,Lazio,DEF,126729.0,2500000.0,14.731801689838349,31.709787816564
3.0,36.0,1988.0,it Serie A,0,0,0,0,3,270,pt POR,0,GK,3,0,Rui Patrício,Atalanta,GK,45026.0,800000.0,13.592368256649284,36.878850102669404
3.9,22.0,2001.0,eng Premier League,0,1,0,1,10,347,sct SCO,0,DF,3,0,Nathan Patterson,Everton,DEF,424015.0,15000000.0,16.52356082573315,23.211498973305954
17.6,28.0,1996.0,it Serie A,0,4,0,1,23,1584,fr FRA,0,DF,18,0,Benjamin Pavard,Inter,DEF,353366.0,25000000.0,17.034386422832473,28.763860369609855
16.1,20.0,2004.0,de Bundesliga,0,2,1,0,21,1451,de GER,0,MF,18,0,Aleksandar Pavlovic,Bayern Munich,MID,792380.0,55000000.0,17.822843761378564,20.6652977412731
20.7,23.0,2001.0,it Serie A,1,3,2,1,24,1864,rs SRB,0,DF,21,0,Strahinja Pavlović,Milan,DEF,574671.0,18000000.0,16.705882371415992,23.60848733744011
4.9,35.0,1988.0,it Serie A,0,5,2,0,26,445,it ITA,0,"FW,MF",1,0,Leonardo Pavoletti,Cagliari,FWD,64793.0,700000.0,13.45883704259595,36.09856262833676
15.3,25.0,1998.0,it Serie A,0,5,1,1,25,1381,ar ARG,0,MF,16,0,Martín Payero,Udinese,MID,555820.0,5500000.0,15.520258832020865,26.308008213552363
5.0,20.0,2003.0,fr Ligue 1,0,0,0,0,9,447,fr FRA,0,"FW,MF",4,0,Nicolas Pays,Montpellier,FWD,1093482.0,700000.0,13.45883704259595,21.489390828199863
29.9,19.0,2004.0,it Serie A,0,6,6,8,35,2687,ar ARG,0,"MF,FW",30,1,Nicolás Paz,Como,MID,991132.0,1000000.0,13.815511557963774,22.21218343600274
15.1,24.0,2000.0,it Serie A,0,3,0,0,29,1362,no NOR,0,DF,15,0,Marcus Pedersen,Torino,DEF,583404.0,3000000.0,14.914123179965662,24.462696783025326
5.1,28.0,1996.0,es La Liga,0,0,0,2,12,460,es ESP,0,"DF,MF",4,0,Alfonso Pedraza,Villarreal,DEF,356197.0,2500000.0,14.731801689838349,28.73100616016427
32.0,21.0,2002.0,es La Liga,0,3,4,5,37,2879,es ESP,0,MF,35,0,Pedri,Barcelona,MID,683840.0,140000000.0,18.757152987716434,22.102669404517453
25.5,26.0,1998.0,es La Liga,0,7,1,1,31,2298,es ESP,0,DF,27,0,Adrià Pedrosa,Sevilla,DEF,501418.0,7000000.0,15.76142084987672,26.639288158795345
4.6,23.0,2001.0,it Serie A,0,2,3,0,11,414,it ITA,0,FW,5,0,Pietro Pellegri,Empoli,FWD,364133.0,3000000.0,14.914123179965662,23.794661190965094
18.1,28.0,1996.0,it Serie A,0,4,2,1,25,1626,it ITA,1,MF,20,1,Lorenzo Pellegrini,Roma,MID,286297.0,9000000.0,16.012735246411598,28.536618754277892
11.9,25.0,1999.0,it Serie A,0,5,0,4,22,1067,it ITA,0,DF,10,0,Luca Pellegrini,Lazio,DEF,346567.0,3000000.0,14.914123179965662,25.82340862422998
8.2,23.0,2001.0,it Serie A,0,2,3,1,13,737,ar ARG,0,FW,8,0,Mateo Pellegrino,Parma,FWD,856530.0,6000000.0,15.607270193858982,23.195071868583163
12.4,21.0,2002.0,fr Ligue 1,0,3,1,0,20,1113,fr FRA,0,DF,12,0,Timothee Pembele,Le Havre,DEF,538998.0,2500000.0,14.731801689838349,22.313483915126625
15.5,25.0,1999.0,es La Liga,0,1,0,0,16,1396,es ESP,0,GK,15,0,Iñaki Peña,Barcelona,GK,283170.0,8000000.0,15.894952224644102,25.83709787816564
8.6,33.0,1991.0,es La Liga,0,1,0,0,25,775,es ESP,0,"FW,DF",7,0,Rubén Peña,Osasuna,FWD,238868.0,1200000.0,13.997832948091215,33.45927446954141
16.7,29.0,1995.0,es La Liga,0,3,3,6,28,1500,ci CIV,0,"FW,MF",15,0,Nicolas Pépé,Villarreal,FWD,343052.0,6000000.0,15.607270193858982,29.596167008898014
22.4,28.0,1996.0,eng Premier League,0,7,2,4,33,2013,br BRA,0,MF,25,1,Andreas Pereira,Fulham,MID,203394.0,18000000.0,16.705882371415992,29.00205338809035
17.5,27.0,1996.0,fr Ligue 1,0,4,2,7,29,1571,pt POR,0,"FW,MF",18,0,Mathias Pereira Lage,Brest,FWD,424072.0,2500000.0,14.731801689838349,28.087611225188226
29.6,26.0,1998.0,it Serie A,0,10,1,3,35,2665,pt POR,0,DF,32,0,Pedro Pereira,Monza,DEF,314965.0,1500000.0,14.220976332738882,26.94318959616701
4.3,30.0,1993.0,eng Premier League,0,1,0,0,10,388,pt POR,0,DF,4,0,Ricardo Pereira,Leicester City,DEF,215876.0,4500000.0,15.319588176962746,31.238877481177276
3.0,24.0,2000.0,de Bundesliga,0,1,0,0,3,270,il ISR,0,GK,3,0,Daniel Peretz,Bayern Munich,GK,468539.0,3000000.0,14.914123179965662,24.479123887748116
21.9,31.0,1993.0,es La Liga,0,4,19,2,30,1970,es ESP,0,FW,22,0,Ayoze Pérez,Villarreal,FWD,246968.0,10000000.0,16.118095750958314,31.42778918548939
15.9,26.0,1998.0,es La Liga,0,2,3,0,27,1431,es ESP,0,"MF,FW",15,0,Carles Pérez,Getafe,MID,282810.0,2000000.0,14.508658238524095,26.874743326488705
6.3,21.0,2002.0,es La Liga,0,1,0,0,26,570,es ESP,0,"FW,MF",4,0,Francisco Perez,Valencia,FWD,600956.0,500000.0,13.122365377402328,24.079397672826833
12.4,27.0,1997.0,it Serie A,0,4,1,0,16,1114,es ESP,0,MF,13,0,Kike Pérez,Venezia,MID,527698.0,2800000.0,14.845130332288226,27.87953456536619
13.2,27.0,1997.0,es La Liga,0,6,2,0,19,1191,es ESP,0,MF,14,0,Kike Pérez,Valladolid,MID,527698.0,2800000.0,14.845130332288226,27.87953456536619
28.4,29.0,1995.0,es La Liga,0,2,0,0,30,2558,es ESP,0,DF,28,0,Luis Pérez,Valladolid,DEF,358115.0,1400000.0,14.151983508870947,29.908281998631075
5.0,31.0,1992.0,it Serie A,0,0,0,0,5,450,it ITA,0,GK,5,0,Mattia Perin,Juventus,GK,110923.0,2500000.0,14.731801689838349,32.14236824093087
22.2,26.0,1997.0,es La Liga,1,8,2,2,28,2002,fr FRA,0,DF,22,0,Romain Perraud,Betis,DEF,318523.0,5000000.0,15.424948670398354,27.277207392197127
33.0,26.0,1997.0,fr Ligue 1,0,1,0,0,33,2970,br BRA,0,GK,33,0,Lucas Perri,Lyon,GK,352041.0,10000000.0,16.118095750958314,27.06091718001369
29.9,28.0,1996.0,fr Ligue 1,0,2,10,11,34,2691,fr FRA,0,"MF,FW",31,0,Gaëtan Perrin,Auxerre,MID,353404.0,8000000.0,15.894952224644102,28.569472963723477
20.6,21.0,2003.0,it Serie A,0,6,0,3,26,1857,ar ARG,0,MF,20,0,Máximo Perrone,Como,MID,668547.0,12000000.0,16.300417291085605,21.984941820670773
9.5,27.0,1997.0,it Serie A,0,2,0,0,11,854,it ITA,0,MF,10,0,Matteo Pessina,Monza,MID,332179.0,6000000.0,15.607270193858982,27.698836413415467
3.7,29.0,1995.0,it Serie A,0,1,0,0,13,335,it ITA,0,FW,2,0,Andrea Petagna,Monza,FWD,199258.0,1000000.0,13.815511557963774,29.508555783709788
29.3,27.0,1997.0,fr Ligue 1,0,4,0,3,31,2634,fr FRA,0,DF,29,0,Léo Pétrot,Saint-Étienne,DEF,412829.0,900000.0,13.710151153416941,27.71526351813826
32.0,26.0,1997.0,it Serie A,0,7,0,3,35,2878,it ITA,0,"DF,FW",34,0,Giuseppe Pezzella,Empoli,DEF,336960.0,2500000.0,14.731801689838349,27.091033538672143
6.0,23.0,2000.0,de Bundesliga,0,0,0,0,6,540,de GER,0,GK,6,0,Luca Philipp,Hoffenheim,GK,432671.0,750000.0,13.527829818844937,24.093086926762492
13.7,28.0,1995.0,eng Premier League,1,6,0,0,19,1237,eng ENG,0,MF,14,0,Kalvin Phillips,Ipswich Town,MID,351749.0,12000000.0,16.300417291085605,29.084188911704313
34.7,23.0,2001.0,it Serie A,0,6,10,1,37,3127,it ITA,1,FW,37,1,Roberto Piccoli,Cagliari,FWD,432092.0,12000000.0,16.300417291085605,23.928815879534564
8.7,27.0,1997.0,de Bundesliga,0,1,1,2,18,785,at AUT,0,FW,7,0,Benedikt Pichler,Holstein Kiel,FWD,331362.0,1500000.0,14.220976332738882,27.45242984257358
38.0,30.0,1994.0,eng Premier League,0,7,0,1,38,3420,eng ENG,0,GK,38,0,Jordan Pickford,Everton,GK,130164.0,18000000.0,16.705882371415992,30.822724161533195
16.6,26.0,1998.0,de Bundesliga,0,3,0,0,23,1498,de GER,0,DF,16,0,Amos Pieper,Werder Bremen,DEF,334221.0,3500000.0,15.068273812173887,26.95687885010267
24.5,24.0,1999.0,de Bundesliga,0,7,7,4,31,2206,de GER,3,"FW,MF",26,3,Marvin Pieringer,Heidenheim,FWD,471055.0,5500000.0,15.520258832020865,25.245722108145106
21.5,23.0,2001.0,it Serie A,1,6,4,2,36,1937,ar ARG,0,FW,22,0,Santiago Pierotti,Lecce,FWD,674806.0,4000000.0,15.201805169084134,23.748117727583846
31.7,25.0,1999.0,it Serie A,0,4,10,1,36,2850,it ITA,0,FW,33,1,Andrea Pinamonti,Genoa,FWD,315865.0,15000000.0,16.52356082573315,25.623545516769337
21.3,31.0,1993.0,eng Premier League,0,2,2,0,22,1913,jm JAM,0,DF,21,0,Ethan Pinnock,Brentford,DEF,442248.0,7000000.0,15.76142084987672,31.59479808350445
21.5,21.0,2002.0,es La Liga,0,11,4,7,34,1934,es ESP,0,"MF,FW",25,0,Yeremi Pino,Villarreal,MID,568157.0,30000000.0,17.216707972959764,22.20123203285421
13.6,19.0,2004.0,it Serie A,0,7,2,1,28,1227,it ITA,0,MF,11,0,Niccolò Pisilli,Roma,MID,813137.0,13000000.0,16.380459992348886,20.27378507871321
8.2,22.0,2001.0,it Serie A,0,0,0,0,9,736,it ITA,0,GK,8,0,Semuel Pizzignacco,Monza,GK,537171.0,800000.0,13.592368256649284,23.3347022587269
21.1,31.0,1993.0,de Bundesliga,0,3,11,4,30,1902,fr FRA,1,"MF,FW",24,1,Alassane Pléa,Gladbach,MID,167329.0,5000000.0,15.424948670398354,31.813826146475016
13.1,25.0,1999.0,it Serie A,2,6,2,2,21,1178,it ITA,0,MF,13,0,Tommaso Pobega,Bologna,MID,392538.0,9000000.0,16.012735246411598,25.467488021902806
31.2,30.0,1993.0,it Serie A,0,3,3,4,37,2804,it ITA,0,"FW,MF",34,0,Matteo Politano,Napoli,FWD,165895.0,10000000.0,16.118095750958314,31.41409993155373
14.4,26.0,1997.0,it Serie A,1,3,0,0,19,1292,hr CRO,0,DF,14,0,Marin Pongračić,Fiorentina,DEF,282144.0,10000000.0,16.118095750958314,27.307323750855577
28.0,32.0,1992.0,eng Premier League,0,2,0,0,28,2520,eng ENG,0,GK,28,0,Nick Pope,Newcastle Utd,GK,192080.0,8000000.0,15.894952224644102,32.70362765229295
29.0,24.0,1999.0,eng Premier League,0,5,2,6,33,2610,es ESP,0,DF,28,0,Pedro Porro,Tottenham,DEF,553875.0,38000000.0,17.453096744006448,25.30321697467488
8.7,32.0,1992.0,es La Liga,0,4,1,2,27,779,es ESP,0,"FW,MF",6,0,Portu,Girona,FWD,99353.0,1800000.0,14.403297778421795,32.616016427104725
7.9,27.0,1997.0,it Serie A,0,1,0,0,14,714,at AUT,0,DF,7,0,Stefan Posch,Bologna,DEF,223974.0,8000000.0,15.894952224644102,27.63586584531143
4.3,27.0,1997.0,it Serie A,0,0,0,0,5,387,at AUT,0,DF,4,0,Stefan Posch,Atalanta,DEF,223974.0,8000000.0,15.894952224644102,27.63586584531143
4.2,30.0,1994.0,de Bundesliga,0,1,2,0,22,378,dk DEN,0,"FW,MF",2,0,Yussuf Poulsen,RB Leipzig,FWD,157635.0,5000000.0,15.424948670398354,30.548939082819988
19.1,23.0,2001.0,es La Liga,0,7,1,0,30,1715,es ESP,0,MF,21,0,Beñat Prados,Athletic Club,MID,625047.0,18000000.0,16.705882371415992,23.89596167008898
17.4,23.0,2001.0,de Bundesliga,0,1,0,1,23,1566,at AUT,0,DF,19,0,Alexander Prass,Hoffenheim,DEF,434116.0,5000000.0,15.424948670398354,23.603011635865844
6.3,20.0,2003.0,it Serie A,0,1,0,0,12,570,it ITA,0,MF,8,0,Matteo Prati,Cagliari,MID,876298.0,6000000.0,15.607270193858982,21.013004791238878
5.1,31.0,1992.0,es La Liga,0,4,2,0,24,456,es ESP,1,"FW,MF",3,1,Abdón Prats,Mallorca,FWD,177452.0,1200000.0,13.997832948091215,32.068446269678304
29.0,30.0,1994.0,it Serie A,0,0,0,0,29,2610,it ITA,0,GK,29,0,Ivan Provedel,Lazio,GK,197929.0,3000000.0,14.914123179965662,30.795345653661876
33.0,26.0,1998.0,es La Liga,0,8,12,4,35,2974,es ESP,5,"FW,MF",35,5,Javi Puado,Espanyol,FWD,408471.0,10000000.0,16.118095750958314,26.60643394934976
4.4,25.0,1999.0,de Bundesliga,0,0,0,1,10,396,pl POL,0,DF,5,0,Tymoteusz Puchacz,Holstein Kiel,DEF,361575.0,1500000.0,14.220976332738882,25.94113620807666
27.5,25.0,1998.0,it Serie A,0,1,11,9,34,2478,us USA,3,"FW,MF",29,4,Christian Pulisic,Milan,FWD,315779.0,50000000.0,17.72753358339242,26.288843258042437
5.5,21.0,2003.0,eng Premier League,0,2,0,0,13,495,eng ENG,0,DF,4,0,Jarell Quansah,Liverpool,DEF,632349.0,20000000.0,16.811242881518265,21.924709103353866
19.4,20.0,2003.0,de Bundesliga,0,8,2,2,27,1747,at AUT,0,DF,17,0,Leopold Querfeld,Union Berlin,DEF,597432.0,13000000.0,16.380459992348886,21.034907597535934
20.9,28.0,1995.0,es La Liga,0,6,8,6,29,1879,es ESP,4,"FW,MF",24,5,Dani Raba,Leganés,FWD,413262.0,2500000.0,14.731801689838349,29.177275838466805
27.6,29.0,1995.0,fr Ligue 1,0,4,9,4,29,2485,fr FRA,0,MF,27,0,Adrien Rabiot,Marseille,MID,182913.0,25000000.0,17.034386422832473,29.749486652977414
15.0,27.0,1997.0,it Serie A,0,1,0,0,15,1350,ro ROU,0,GK,15,0,Ionuț Radu,Venezia,GK,303657.0,2500000.0,14.731801689838349,27.59753593429158
11.8,25.0,1999.0,it Serie A,0,4,0,0,18,1058,tn TUN,0,MF,14,0,Hamza Rafia,Lecce,MID,418571.0,1700000.0,14.346139397261565,25.752224503764545
35.6,32.0,1991.0,es La Liga,1,7,2,0,36,3207,es ESP,0,DF,36,0,Antonio Raillo,Mallorca,DEF,278296.0,1800000.0,14.403297778421795,33.23477070499658
20.1,28.0,1996.0,it Serie A,0,4,1,1,29,1807,al ALB,0,MF,21,0,Ylber Ramadani,Lecce,MID,442703.0,1800000.0,14.403297778421795,28.722792607802873
5.3,29.0,1995.0,es La Liga,1,2,0,0,19,478,es ESP,0,"DF,FW",2,0,Benito Ramírez,Las Palmas,DEF,282672.0,600000.0,13.304686600863562,29.478439425051334
22.6,29.0,1995.0,es La Liga,0,6,9,3,31,2034,es ESP,1,"FW,MF",25,1,Sandro Ramírez,Las Palmas,FWD,199369.0,1500000.0,14.220976332738882,29.4839151266256
11.8,23.0,2001.0,fr Ligue 1,0,1,10,3,22,1066,pt POR,2,FW,12,3,Gonçalo Ramos,Paris S-G,FWD,550550.0,40000000.0,17.50439003707821,23.534565366187543
30.0,26.0,1998.0,eng Premier League,0,2,0,0,30,2700,eng ENG,0,GK,30,0,Aaron Ramsdale,Southampton,GK,427568.0,16000000.0,16.588099342704055,26.636550308008214
18.0,23.0,2001.0,eng Premier League,1,4,1,3,29,1623,eng ENG,0,"FW,MF",19,0,Jacob Ramsey,Aston Villa,FWD,503749.0,32000000.0,17.281246492014,23.59753593429158
33.1,25.0,1999.0,it Serie A,0,7,0,3,35,2981,it ITA,0,DF,34,0,Luca Ranieri,Fiorentina,DEF,346561.0,12000000.0,16.300417291085605,25.694729637234772
14.6,24.0,2000.0,fr Ligue 1,2,1,0,3,29,1318,fr FRA,0,"DF,FW",14,0,Lilian Raolisoa,Angers,DEF,829874.0,800000.0,13.592368256649284,24.54483230663929
31.5,27.0,1996.0,es La Liga,0,4,18,9,36,2839,br BRA,2,"FW,MF",32,2,Raphinha,Barcelona,FWD,411295.0,90000000.0,18.31532023940565,28.04928131416838
10.9,26.0,1997.0,eng Premier League,0,2,4,1,15,978,eng ENG,0,"FW,MF",12,0,Marcus Rashford,Manchester Utd,FWD,258923.0,50000000.0,17.72753358339242,27.170431211498972
4.9,26.0,1997.0,eng Premier League,0,0,2,2,10,444,eng ENG,1,FW,4,1,Marcus Rashford,Aston Villa,FWD,258923.0,50000000.0,17.72753358339242,27.170431211498972
12.3,24.0,2000.0,it Serie A,0,1,6,1,26,1103,it ITA,0,"FW,MF",11,0,Giacomo Raspadori,Napoli,FWD,405885.0,25000000.0,17.034386422832473,24.870636550308006
34.1,26.0,1998.0,es La Liga,0,5,2,3,35,3065,ro ROU,0,DF,34,0,Andrei Ratiu,Rayo Vallecano,DEF,527966.0,12000000.0,16.300417291085605,26.535249828884325
8.3,23.0,2000.0,es La Liga,0,1,4,0,32,750,es ESP,0,"FW,MF",5,0,Raúl,Osasuna,FWD,520093.0,100000.0,11.51293546492023,27.430527036276523
19.8,26.0,1998.0,de Bundesliga,0,5,1,5,22,1783,de GER,0,DF,21,0,David Raum,RB Leipzig,DEF,318204.0,20000000.0,16.811242881518265,26.69678302532512
11.7,24.0,1999.0,it Serie A,0,0,0,0,12,1056,it ITA,0,GK,11,0,Federico Ravaglia,Bologna,GK,390304.0,1500000.0,14.220976332738882,25.141683778234086
8.0,27.0,1997.0,fr Ligue 1,0,3,1,0,13,724,mg MAD,0,"MF,DF",7,0,Rayan Raveloson,Auxerre,MID,344576.0,2000000.0,14.508658238524095,27.958932238193018
38.0,28.0,1995.0,eng Premier League,0,3,0,0,38,3420,es ESP,0,GK,38,0,David Raya,Arsenal,GK,262749.0,40000000.0,17.50439003707821,29.297741273100616
8.8,30.0,1993.0,it Serie A,2,3,1,0,27,788,hr CRO,0,"FW,MF",7,0,Ante Rebić,Lecce,FWD,187587.0,1000000.0,13.815511557963774,31.279945242984258
34.8,26.0,1998.0,it Serie A,1,2,10,4,37,3128,nl NED,0,MF,36,0,Tijjani Reijnders,Milan,MID,460939.0,60000000.0,17.909855136853043,26.428473648186174
11.5,41.0,1982.0,it Serie A,1,0,0,0,12,1034,es ESP,0,GK,12,0,Pepe Reina,Como,GK,7825.0,600000.0,13.304686600863562,42.338124572210816
20.3,22.0,2002.0,de Bundesliga,0,1,2,1,27,1830,de GER,0,MF,21,0,Rocco Reitz,Gladbach,MID,467434.0,15000000.0,16.52356082573315,22.595482546201232
26.9,24.0,2000.0,de Bundesliga,0,11,0,1,32,2417,de GER,0,MF,26,0,Nicolai Remberg,Holstein Kiel,MID,592534.0,3000000.0,14.914123179965662,24.536618754277892
36.0,29.0,1995.0,es La Liga,0,0,0,0,36,3240,es ESP,0,GK,36,0,Álex Remiro,Real Sociedad,GK,212862.0,18000000.0,16.705882371415992,29.776865160848732
5.2,21.0,2003.0,it Serie A,0,0,0,1,14,469,nl NED,0,DF,5,0,Devyne Rensch,Roma,DEF,557407.0,10000000.0,16.118095750958314,21.95482546201232
28.3,19.0,2005.0,fr Ligue 1,0,2,0,1,29,2543,fr FRA,0,GK,29,0,Guillaume Restes,Toulouse,GK,912902.0,20000000.0,16.811242881518265,19.811088295687885
26.5,25.0,1999.0,it Serie A,0,3,25,8,36,2383,it ITA,4,FW,32,5,Mateo Retegui,Atalanta,FWD,554903.0,45000000.0,17.622173069956816,25.678302532511978
19.8,26.0,1997.0,de Bundesliga,0,8,1,1,27,1785,xk KVX,0,MF,22,0,Elvis Rexhbeçaj,Augsburg,MID,280575.0,3500000.0,15.068273812173887,27.16769336071184
31.4,22.0,2001.0,it Serie A,1,8,1,1,34,2825,it ITA,0,MF,34,0,Samuele Ricci,Torino,MID,467992.0,30000000.0,17.216707972959764,23.364818617385353
31.4,25.0,1999.0,eng Premier League,1,7,4,7,35,2825,eng ENG,0,MF,33,0,Declan Rice,Arsenal,MID,357662.0,120000000.0,18.603002309079653,25.965776865160848
21.4,24.0,2000.0,eng Premier League,1,4,1,0,24,1922,us USA,0,DF,22,0,Chris Richards,Crystal Palace,DEF,578539.0,14000000.0,16.454567959008102,24.763860369609855
11.4,22.0,2002.0,it Serie A,0,6,1,1,26,1024,ma MAR,0,MF,10,0,Amir Richardson,Fiorentina,MID,893675.0,8500000.0,15.955576839107596,22.937713894592743
5.6,27.0,1997.0,eng Premier League,0,2,4,1,15,504,br BRA,0,FW,4,0,Richarlison,Tottenham,FWD,378710.0,20000000.0,16.811242881518265,27.64681724845996
31.3,31.0,1993.0,es La Liga,1,9,0,3,33,2819,es ESP,0,DF,32,0,Diego Rico,Getafe,DEF,249513.0,1200000.0,13.997832948091215,31.854893908281998
9.6,22.0,2002.0,de Bundesliga,0,1,1,3,21,867,ch SUI,0,"MF,FW",8,0,Fabian Rieder,Stuttgart,MID,507341.0,6000000.0,15.607270193858982,22.874743326488705
31.5,30.0,1993.0,es La Liga,0,6,5,3,36,2831,es ESP,2,"MF,FW",33,2,Luis Rioja,Valencia,MID,278837.0,2000000.0,14.508658238524095,31.211498973305954
5.7,24.0,2000.0,es La Liga,0,0,0,1,16,516,es ESP,0,"MF,DF",4,0,Rodrigo Riquelme,Atlético Madrid,MID,461617.0,12000000.0,16.300417291085605,24.750171115674195
4.8,28.0,1995.0,es La Liga,0,1,0,1,10,429,rs SRB,0,"DF,MF",6,0,Mihailo Ristić,Celta Vigo,DEF,271455.0,900000.0,13.710151153416941,29.17180013689254
10.2,26.0,1998.0,de Bundesliga,0,1,1,0,21,922,de GER,0,"DF,MF",11,0,Lars Ritzka,St. Pauli,DEF,333903.0,1000000.0,13.815511557963774,26.65571526351814
7.7,32.0,1992.0,it Serie A,0,4,0,1,13,696,es ESP,0,MF,8,0,Sergi Roberto,Como,MID,85370.0,1500000.0,14.220976332738882,32.90075290896646
27.6,30.0,1994.0,eng Premier League,1,3,0,1,33,2482,sct SCO,0,DF,29,0,Andrew Robertson,Liverpool,DEF,234803.0,18000000.0,16.705882371415992,30.811772758384667
35.2,26.0,1997.0,eng Premier League,0,8,0,10,36,3167,us USA,0,DF,35,0,Antonee Robinson,Fulham,DEF,349701.0,35000000.0,17.370858648025116,27.40041067761807
10.1,27.0,1996.0,es La Liga,0,4,2,2,14,906,es ESP,0,MF,11,0,Marc Roca,Betis,MID,336869.0,6000000.0,15.607270193858982,28.098562628336754
9.5,20.0,2004.0,es La Liga,0,6,2,0,22,852,uy URU,0,FW,7,0,Álvaro Rodríguez,Getafe,FWD,948275.0,2500000.0,14.731801689838349,20.468172484599588
10.3,21.0,2003.0,es La Liga,0,3,0,0,17,927,es ESP,0,MF,10,0,Damián Rodríguez,Celta Vigo,MID,715628.0,500000.0,13.122365377402328,21.796030116358658
24.0,36.0,1988.0,es La Liga,0,5,4,7,37,2162,es ESP,0,"MF,FW",26,0,Dani Rodríguez,Mallorca,MID,139435.0,800000.0,13.592368256649284,36.57221081451061
12.8,30.0,1994.0,eng Premier League,0,6,0,1,23,1149,ar ARG,0,MF,16,0,Guido Rodríguez,West Ham,MID,342385.0,10000000.0,16.118095750958314,30.72416153319644
27.9,21.0,2003.0,es La Liga,0,7,3,2,36,2514,es ESP,0,DF,26,0,Javi Rodríguez,Celta Vigo,DEF,1076815.0,15000000.0,16.52356082573315,21.516769336071185
12.3,18.0,2005.0,es La Liga,0,0,2,0,21,1111,es ESP,0,FW,15,0,Jesus Rodríguez,Betis,FWD,1190411.0,30000000.0,17.216707972959764,19.1129363449692
19.5,28.0,1996.0,es La Liga,0,2,0,3,21,1758,es ESP,0,MF,21,0,Kirian Rodríguez,Las Palmas,MID,566574.0,1000000.0,13.815511557963774,28.826830937713893
14.2,31.0,1992.0,es La Liga,0,0,0,1,18,1274,ch SUI,0,DF,15,0,Ricardo Rodríguez,Betis,DEF,86784.0,2000000.0,14.508658238524095,32.35318275154004
21.4,23.0,2001.0,es La Liga,0,0,6,5,30,1928,br BRA,0,"FW,MF",22,0,Rodrygo,Real Madrid,FWD,412363.0,90000000.0,18.31532023940565,23.978097193702943
12.2,25.0,1999.0,eng Premier League,0,2,0,2,19,1101,dk DEN,0,DF,11,0,Mads Roerslev,Brentford,DEF,391005.0,6000000.0,15.607270193858982,25.52498288843258
3.3,25.0,1999.0,de Bundesliga,0,0,0,0,7,298,dk DEN,0,DF,2,0,Mads Roerslev,Wolfsburg,DEF,391005.0,6000000.0,15.607270193858982,25.52498288843258
34.6,22.0,2002.0,eng Premier League,0,10,8,10,37,3114,eng ENG,0,"FW,MF",37,0,Morgan Rogers,Aston Villa,FWD,503743.0,55000000.0,17.822843761378564,22.43668720054757
10.7,22.0,2002.0,de Bundesliga,0,2,0,1,19,965,de GER,0,"MF,FW",11,0,Merlin Röhl,Freiburg,MID,608832.0,12000000.0,16.300417291085605,22.494182067077343
29.7,29.0,1995.0,it Serie A,2,4,2,0,32,2672,it ITA,0,DF,31,0,Alessio Romagnoli,Lazio,DEF,197747.0,7000000.0,15.76142084987672,29.971252566735114
7.0,24.0,2000.0,es La Liga,0,0,0,0,7,630,es ESP,0,GK,7,0,Leo Román,Mallorca,GK,562742.0,5000000.0,15.424948670398354,24.490075290896645
28.4,22.0,2001.0,es La Liga,0,7,2,1,34,2554,es ESP,0,DF,28,0,Carlos Romero,Espanyol,DEF,709372.0,5000000.0,15.424948670398354,23.175906913073238
15.7,26.0,1998.0,eng Premier League,0,3,1,0,18,1416,ar ARG,0,DF,18,0,Cristian Romero,Tottenham,DEF,355915.0,50000000.0,17.72753358339242,26.68309377138946
24.0,24.0,2000.0,es La Liga,1,10,4,2,31,2156,es ESP,0,FW,26,1,Isaac Romero,Sevilla,FWD,687609.0,6000000.0,15.607270193858982,24.62422997946612
15.1,32.0,1991.0,es La Liga,0,5,0,0,25,1356,es ESP,0,MF,17,0,Oriol Romeu,Girona,MID,66100.0,1200000.0,13.997832948091215,33.27310061601643
17.4,29.0,1994.0,fr Ligue 1,0,5,3,1,25,1562,fr FRA,0,"MF,DF",17,0,Valentin Rongier,Marseille,MID,332889.0,9000000.0,16.012735246411598,30.069815195071868
34.0,33.0,1991.0,it Serie A,0,5,4,4,36,3058,nl NED,0,"MF,DF",34,0,Marten de Roon,Atalanta,MID,133179.0,5000000.0,15.424948670398354,33.76317590691308
13.7,19.0,2005.0,es La Liga,0,4,4,0,22,1235,br BRA,0,FW,14,0,Vitor Roque,Betis,FWD,943837.0,20000000.0,16.811242881518265,19.84120465434634
19.7,27.0,1997.0,fr Ligue 1,1,6,3,1,29,1775,do DOM,1,"MF,DF",21,1,Pablo Rosario,Nice,MID,370791.0,8000000.0,15.894952224644102,27.983572895277206
19.3,22.0,2002.0,de Bundesliga,0,3,2,2,26,1734,de GER,0,DF,21,0,Lasse Rosenboom,Holstein Kiel,DEF,512352.0,1500000.0,14.220976332738882,22.951403148528406
13.9,21.0,2003.0,de Bundesliga,0,2,1,0,25,1249,de GER,0,DF,13,0,Max Rosenfelder,Freiburg,DEF,599419.0,8000000.0,15.894952224644102,21.89185489390828
28.8,27.0,1996.0,es La Liga,0,8,1,2,32,2595,fr FRA,0,DF,28,0,Valentin Rosier,Leganés,DEF,441170.0,3000000.0,14.914123179965662,28.369609856262834
18.6,19.0,2004.0,de Bundesliga,1,4,3,3,26,1670,de GER,0,"DF,MF",19,0,Tom Rothe,Union Berlin,DEF,798043.0,10000000.0,16.118095750958314,20.175222450376456
10.8,23.0,2001.0,fr Ligue 1,0,3,0,0,11,972,fr FRA,0,DF,11,0,Anthony Rouault,Rennes,DEF,690799.0,10000000.0,16.118095750958314,23.59479808350445
13.5,23.0,2001.0,de Bundesliga,0,1,1,0,18,1212,fr FRA,0,DF,14,0,Anthony Rouault,Stuttgart,DEF,690799.0,10000000.0,16.118095750958314,23.59479808350445
30.2,22.0,2001.0,it Serie A,0,13,0,3,33,2718,it ITA,0,MF,31,0,Nicolò Rovella,Lazio,MID,525704.0,30000000.0,17.216707972959764,23.077344284736483
37.8,30.0,1994.0,it Serie A,0,2,1,3,38,3406,xk KVX,0,DF,38,0,Amir Rrahmani,Napoli,DEF,257732.0,12000000.0,16.300417291085605,30.85284052019165
25.5,31.0,1993.0,es La Liga,0,3,0,0,29,2291,de GER,0,DF,26,0,Antonio Rüdiger,Real Madrid,DEF,86202.0,20000000.0,16.811242881518265,31.83299110198494
19.5,22.0,2002.0,it Serie A,0,2,0,3,30,1751,it ITA,0,DF,19,0,Matteo Ruggeri,Atalanta,DEF,616631.0,16000000.0,16.588099342704055,22.477754962354553
14.6,28.0,1996.0,es La Liga,0,5,1,3,29,1313,es ESP,0,"DF,FW",13,0,Aitor Ruibal,Betis,DEF,378139.0,3500000.0,15.068273812173887,28.78028747433265
15.0,24.0,2000.0,es La Liga,0,3,4,0,23,1346,es ESP,1,FW,17,2,Abel Ruiz,Girona,FWD,340376.0,4000000.0,15.201805169084134,24.928131416837783
34.0,32.0,1992.0,fr Ligue 1,0,1,0,0,34,3060,ar ARG,0,GK,34,0,Gerónimo Rulli,Marseille,GK,229604.0,8000000.0,15.894952224644102,32.61875427789185
18.4,22.0,2002.0,eng Premier League,0,2,5,3,28,1656,fr FRA,0,"MF,FW",19,0,Georginio Rutter,Brighton,MID,538977.0,32000000.0,17.281246492014,22.702258726899384
14.0,32.0,1992.0,fr Ligue 1,0,0,0,0,14,1260,au AUS,0,GK,14,0,Mathew Ryan,Lens,GK,128969.0,2500000.0,14.731801689838349,32.733744010951405
25.1,26.0,1997.0,de Bundesliga,1,6,2,3,29,2259,no NOR,0,DF,27,0,Julian Ryerson,Dortmund,DEF,370789.0,20000000.0,16.811242881518265,27.123887748117728
28.0,31.0,1992.0,de Bundesliga,0,2,0,0,28,2520,dk DEN,0,GK,28,0,Frederik Rønnow,Union Berlin,GK,107775.0,3000000.0,14.914123179965662,32.41067761806981
29.0,31.0,1993.0,eng Premier League,0,2,0,0,29,2609,pt POR,0,GK,29,0,José Sá,Wolves,GK,249994.0,7000000.0,15.76142084987672,31.956194387405887
17.6,31.0,1993.0,es La Liga,0,1,0,1,22,1581,sn SEN,0,DF,20,0,Youssouf Sabaly,Betis,DEF,135492.0,2500000.0,14.731801689838349,31.82751540041068
7.3,26.0,1997.0,fr Ligue 1,0,1,0,0,15,653,us USA,0,"FW,MF",7,0,Emmanuel Sabbi,Le Havre,FWD,381187.0,1500000.0,14.220976332738882,27.02258726899384
22.9,31.0,1993.0,it Serie A,0,3,0,2,34,2058,it ITA,0,DF,23,0,Stefano Sabelli,Genoa,DEF,167491.0,1400000.0,14.151983508870947,31.967145790554415
18.0,30.0,1994.0,de Bundesliga,0,3,1,0,26,1616,at AUT,0,MF,18,0,Marcel Sabitzer,Dortmund,MID,106987.0,8000000.0,15.894952224644102,30.795345653661876
13.7,29.0,1995.0,fr Ligue 1,0,1,0,1,16,1233,ml MLI,0,DF,14,0,Falaye Sacko,Montpellier,DEF,364857.0,4000000.0,15.201805169084134,29.672826830937716
9.2,27.0,1997.0,es La Liga,0,4,5,0,16,825,ng NGA,0,FW,9,0,Umar Sadiq,Valencia,FWD,337715.0,5000000.0,15.424948670398354,27.912388774811774
15.4,25.0,1999.0,it Serie A,0,4,7,3,22,1389,be BEL,0,"DF,FW",17,0,Alexis Saelemaekers,Roma,DEF,381950.0,17000000.0,16.648723960844016,25.516769336071185
9.8,25.0,1999.0,fr Ligue 1,0,0,0,0,10,879,ru RUS,0,GK,9,0,Matvei Safonov,Paris S-G,GK,318470.0,20000000.0,16.811242881518265,25.8507871321013
23.8,25.0,1999.0,fr Ligue 1,0,10,2,0,27,2141,ml MLI,0,DF,24,0,Modibo Sagnan,Montpellier,DEF,524925.0,3000000.0,14.914123179965662,25.71937029431896
14.4,23.0,2001.0,fr Ligue 1,0,1,3,3,30,1293,ma MAR,0,"FW,MF",10,0,Osame Sahraoui,Lille,FWD,580657.0,12000000.0,16.300417291085605,23.55920602327173
10.1,29.0,1995.0,fr Ligue 1,0,4,3,0,24,905,fr FRA,0,FW,11,0,Wesley Saïd,Lens,FWD,182916.0,3000000.0,14.914123179965662,29.7056810403833
11.3,25.0,1998.0,fr Ligue 1,0,3,1,0,16,1018,fr FRA,0,DF,11,0,Théo Sainte-Luce,Montpellier,DEF,537127.0,1000000.0,13.815511557963774,26.20123203285421
19.2,22.0,2001.0,eng Premier League,0,3,6,10,25,1729,eng ENG,1,"FW,MF",20,1,Bukayo Saka,Arsenal,FWD,433177.0,150000000.0,18.826145858727198,23.32375085557837
4.0,22.0,2001.0,fr Ligue 1,0,0,1,1,12,358,ma MAR,0,FW,4,0,Ibrahim Salah,Brest,FWD,928323.0,3000000.0,14.914123179965662,23.340177960301162
37.5,32.0,1992.0,eng Premier League,0,1,29,18,38,3371,eg EGY,9,FW,38,9,Mohamed Salah,Liverpool,FWD,148455.0,50000000.0,17.72753358339242,32.54757015742642
4.1,24.0,2000.0,fr Ligue 1,0,0,0,0,17,373,fr FRA,0,FW,2,0,Amine Salama,Reims,FWD,980576.0,1500000.0,14.220976332738882,24.45722108145106
24.9,22.0,2002.0,es La Liga,0,6,3,2,31,2238,es ESP,0,DF,25,0,Kike Salas,Sevilla,DEF,766583.0,8000000.0,15.894952224644102,22.694045174537987
25.7,27.0,1996.0,de Bundesliga,0,4,2,1,30,2314,gr GRE,0,"MF,DF",26,0,Manolis Saliakas,St. Pauli,MID,242661.0,3000000.0,14.914123179965662,28.303901437371664
33.8,23.0,2001.0,eng Premier League,1,2,2,0,35,3039,fr FRA,0,DF,35,0,William Saliba,Arsenal,DEF,495666.0,80000000.0,18.197537205138154,23.77549623545517
11.4,25.0,1999.0,fr Ligue 1,0,2,1,0,15,1023,gh GHA,0,DF,11,0,Mohammed Salisu,Monaco,DEF,563963.0,12000000.0,16.300417291085605,25.711156741957563
8.9,31.0,1992.0,fr Ligue 1,0,3,0,0,13,797,gf GUF,0,DF,9,0,Yoann Salmier,Le Havre,DEF,351843.0,1500000.0,14.220976332738882,32.11225188227242
13.0,22.0,2002.0,it Serie A,0,3,2,1,31,1169,rs SRB,0,MF,7,0,Lazar Samardzic,Atalanta,MID,528833.0,17000000.0,16.648723960844016,22.85284052019165
3.2,28.0,1996.0,de Bundesliga,0,0,0,0,8,290,ml MLI,0,MF,6,0,Diadie Samassékou,Hoffenheim,MID,315604.0,1000000.0,13.815511557963774,28.974674880219027
17.0,30.0,1994.0,fr Ligue 1,0,3,0,0,17,1529,fr FRA,0,GK,17,0,Brice Samba,Rennes,GK,191056.0,12000000.0,16.300417291085605,30.688569472963724
15.0,30.0,1994.0,fr Ligue 1,0,1,0,0,15,1350,fr FRA,0,GK,15,0,Brice Samba,Lens,GK,191056.0,12000000.0,16.300417291085605,30.688569472963724
16.3,24.0,1999.0,es La Liga,0,4,0,2,22,1471,be BEL,0,MF,16,0,Albert Sambi Lokonga,Sevilla,MID,381967.0,8000000.0,15.894952224644102,25.196440793976727
4.3,27.0,1996.0,it Serie A,0,0,0,0,17,387,fr FRA,0,"DF,FW",2,0,Junior Sambia,Empoli,DEF,335147.0,2000000.0,14.508658238524095,28.317590691307323
14.6,28.0,1996.0,it Serie A,0,2,2,1,26,1318,py PAR,0,FW,16,1,Antonio Sanabria,Torino,FWD,234523.0,2800000.0,14.845130332288226,28.829568788501028
18.0,24.0,2000.0,es La Liga,0,2,15,1,29,1620,es ESP,3,MF,19,3,Oihan Sancet,Athletic Club,MID,571020.0,60000000.0,17.909855136853043,24.687200547570157
4.9,35.0,1988.0,it Serie A,0,0,0,0,13,437,cl CHI,0,FW,6,0,Alexis Sánchez,Udinese,FWD,40433.0,1500000.0,14.220976332738882,36.035592060232716
15.5,27.0,1997.0,es La Liga,0,3,0,0,33,1395,es ESP,0,"MF,DF",12,0,Antonio Sánchez,Mallorca,MID,513031.0,2500000.0,14.731801689838349,27.696098562628336
15.6,31.0,1992.0,es La Liga,0,4,2,1,32,1404,es ESP,0,"MF,FW",11,0,Iván Sánchez,Valladolid,MID,221311.0,600000.0,13.304686600863562,32.27378507871321
22.5,27.0,1997.0,es La Liga,0,6,2,0,25,2026,es ESP,0,DF,25,0,Javi Sánchez,Valladolid,DEF,340853.0,1500000.0,14.220976332738882,27.802874743326488
19.1,20.0,2003.0,es La Liga,1,6,4,4,32,1722,es ESP,0,"MF,DF",18,0,Juanlu Sánchez,Sevilla,MID,676042.0,12000000.0,16.300417291085605,21.38261464750171
29.3,23.0,2000.0,es La Liga,1,6,1,0,33,2634,es ESP,0,DF,30,0,Manu Sánchez,Alavés,DEF,618809.0,6000000.0,15.607270193858982,24.355920602327174
32.0,26.0,1997.0,eng Premier League,0,5,0,0,32,2880,es ESP,0,GK,32,0,Robert Sánchez,Chelsea,GK,403151.0,20000000.0,16.811242881518265,27.121149897330596
19.6,24.0,2000.0,eng Premier League,0,2,3,4,31,1764,eng ENG,0,FW,19,0,Jadon Sancho,Chelsea,FWD,401173.0,28000000.0,17.147715103853763,24.772073921971252
15.6,26.0,1998.0,de Bundesliga,0,2,1,0,27,1400,de GER,0,MF,16,0,Philipp Sander,Gladbach,MID,388409.0,4000000.0,15.201805169084134,26.861054072553046
5.0,24.0,2000.0,de Bundesliga,0,1,0,0,7,453,us USA,0,"MF,DF",5,0,James Sands,St. Pauli,MID,393321.0,3000000.0,14.914123179965662,24.490075290896645
18.2,28.0,1996.0,de Bundesliga,0,2,11,5,30,1637,de GER,0,FW,17,0,Leroy Sané,Bayern Munich,FWD,192565.0,32000000.0,17.281246492014,28.974674880219027
13.8,22.0,2002.0,fr Ligue 1,1,4,3,0,16,1244,sn SEN,0,DF,16,0,Arouna Sangante,Le Havre,DEF,768380.0,8000000.0,15.894952224644102,22.72416153319644
6.6,26.0,1997.0,eng Premier League,0,3,0,1,13,590,ci CIV,0,MF,7,0,Ibrahim Sangaré,Nott'ham Forest,MID,375885.0,24000000.0,16.993564429978885,27.082819986310746
12.9,18.0,2006.0,fr Ligue 1,0,3,0,2,26,1158,fr FRA,0,"DF,MF",10,0,Nhoa Sangui,Reims,DEF,955281.0,2500000.0,14.731801689838349,18.844626967830255
8.4,23.0,2001.0,es La Liga,0,0,1,1,16,754,ma MAR,0,FW,7,0,Maroan Sannadi,Athletic Club,FWD,1054934.0,10000000.0,16.118095750958314,23.915126625598905
33.8,23.0,2000.0,de Bundesliga,0,3,0,0,34,3043,jp JPN,0,MF,34,0,Kaishu Sano,Mainz 05,MID,643574.0,20000000.0,16.811242881518265,24.005475701574266
10.3,29.0,1995.0,fr Ligue 1,0,1,0,0,13,927,fr FRA,0,MF,11,0,Baptiste Santamaria,Nice,MID,285323.0,7000000.0,15.76142084987672,29.817932922655714
5.4,29.0,1995.0,fr Ligue 1,0,1,0,1,10,482,fr FRA,0,MF,5,0,Baptiste Santamaria,Rennes,MID,285323.0,7000000.0,15.76142084987672,29.817932922655714
31.7,20.0,2004.0,fr Ligue 1,0,8,10,3,32,2855,br BRA,0,MF,32,0,Andrey Santos,Strasbourg,MID,743600.0,35000000.0,17.370858648025116,20.6652977412731
8.5,21.0,2003.0,de Bundesliga,0,0,0,0,9,765,br BRA,0,GK,8,0,Kauã Santos,Eint Frankfurt,GK,997861.0,2500000.0,14.731801689838349,21.727583846680357
4.5,22.0,2002.0,fr Ligue 1,0,1,0,0,7,404,pt POR,0,DF,4,0,Tiago Santos,Lille,DEF,816580.0,15000000.0,16.52356082573315,22.444900752908968
9.0,32.0,1992.0,eng Premier League,0,3,3,2,23,814,es ESP,0,"MF,FW",7,0,Pablo Sarabia,Wolves,MID,74230.0,5000000.0,15.424948670398354,32.643394934976044
21.2,23.0,2001.0,it Serie A,0,1,4,1,32,1907,se SWE,0,FW,25,0,Amin Sarr,Hellas Verona,FWD,748382.0,5000000.0,15.424948670398354,23.811088295687885
30.1,26.0,1998.0,eng Premier League,0,4,8,6,38,2711,sn SEN,0,MF,30,0,Ismaila Sarr,Crystal Palace,MID,410225.0,25000000.0,17.034386422832473,26.850102669404517
15.4,25.0,1999.0,fr Ligue 1,0,0,0,0,21,1385,fr FRA,0,DF,15,0,Malang Sarr,Lens,DEF,344596.0,5000000.0,15.424948670398354,25.94113620807666
26.3,18.0,2005.0,fr Ligue 1,0,4,0,1,27,2365,fr FRA,0,DF,27,0,Mamadou Sarr,Strasbourg,DEF,910905.0,20000000.0,16.811242881518265,19.342915811088297
12.0,22.0,2002.0,it Serie A,0,1,0,0,12,1080,ro ROU,0,GK,12,0,Razvan Sava,Udinese,GK,568617.0,2500000.0,14.731801689838349,22.532511978097194
26.3,32.0,1991.0,fr Ligue 1,1,4,2,5,31,2363,fr FRA,2,MF,27,2,Téji Savanier,Montpellier,MID,127156.0,9000000.0,16.012735246411598,33.02943189596167
19.6,20.0,2004.0,eng Premier League,0,3,1,8,29,1766,br BRA,0,"FW,MF",21,0,Sávio,Manchester City,FWD,607093.0,200000.0,12.206077645517674,29.60438056125941
19.2,21.0,2003.0,it Serie A,0,5,2,1,28,1724,it ITA,0,DF,19,0,Nicolò Savona,Juventus,DEF,708072.0,12000000.0,16.300417291085605,21.790554414784395
28.6,21.0,2002.0,de Bundesliga,0,6,0,0,32,2578,us USA,0,DF,30,0,Joe Scally,Gladbach,DEF,504153.0,10000000.0,16.118095750958314,22.0041067761807
3.0,20.0,2003.0,it Serie A,0,2,0,0,6,272,it ITA,0,DF,4,0,Giorgio Scalvini,Atalanta,DEF,571604.0,35000000.0,17.370858648025116,21.059548254620122
7.4,18.0,2005.0,eng Premier League,0,1,0,0,15,665,eng ENG,0,"DF,FW",7,0,Oliver Scarles,West Ham,DEF,922563.0,8000000.0,15.894952224644102,19.055441478439427
25.5,22.0,2001.0,eng Premier League,0,3,11,2,38,2293,de GER,0,FW,26,0,Kevin Schade,Brentford,FWD,473050.0,30000000.0,17.216707972959764,23.096509240246405
17.0,25.0,1999.0,de Bundesliga,0,3,1,1,26,1534,hu HUN,0,MF,17,0,András Schäfer,Union Berlin,MID,454863.0,5000000.0,15.424948670398354,25.72210814510609
32.6,32.0,1991.0,eng Premier League,1,9,4,0,34,2934,ch SUI,0,DF,33,0,Fabian Schär,Newcastle Utd,DEF,135343.0,7000000.0,15.76142084987672,33.034907597535934
18.7,28.0,1996.0,de Bundesliga,0,4,21,0,31,1684,cz CZE,1,FW,19,1,Patrik Schick,Leverkusen,FWD,242086.0,27000000.0,17.11134746100564,28.93908281998631
12.5,21.0,2002.0,it Serie A,0,2,0,0,16,1122,be BEL,0,DF,12,0,Joël Schingtienne,Venezia,DEF,707809.0,2000000.0,14.508658238524095,22.38466803559206
14.4,27.0,1997.0,de Bundesliga,1,4,3,1,18,1297,de GER,0,DF,15,0,Keven Schlotterbeck,Augsburg,DEF,413843.0,6000000.0,15.607270193858982,27.679671457905545
22.0,24.0,1999.0,de Bundesliga,2,7,0,4,23,1982,de GER,0,DF,23,0,Nico Schlotterbeck,Dortmund,DEF,388198.0,40000000.0,17.50439003707821,25.086926762491444
31.5,24.0,2000.0,de Bundesliga,0,4,5,4,32,2834,at AUT,1,MF,32,1,Romano Schmid,Werder Bremen,MID,346853.0,17000000.0,16.648723960844016,24.930869267624914
29.8,25.0,1999.0,de Bundesliga,0,8,4,3,33,2681,de GER,0,MF,32,0,Jan Schöppner,Heidenheim,MID,581357.0,4000000.0,15.201805169084134,25.557837097878167
6.0,32.0,1992.0,de Bundesliga,0,0,0,0,6,540,de GER,0,GK,6,0,Alexander Schwolow,Union Berlin,GK,93763.0,500000.0,13.122365377402328,32.58316221765914
12.8,25.0,1998.0,de Bundesliga,0,1,3,3,25,1153,br BRA,0,"FW,MF",13,0,Léo Scienza,Heidenheim,FWD,804219.0,3000000.0,14.914123179965662,26.302532511978097
8.4,20.0,2003.0,eng Premier League,0,3,0,0,20,755,eng ENG,0,MF,8,0,Alex Scott,Bournemouth,MID,855256.0,20000000.0,16.811242881518265,21.366187542778917
13.0,28.0,1996.0,it Serie A,0,0,0,0,13,1170,it ITA,0,GK,13,0,Simone Scuffet,Cagliari,GK,238993.0,2000000.0,14.508658238524095,28.588637919233403
6.6,32.0,1991.0,es La Liga,1,1,0,0,9,594,rs SRB,0,DF,7,0,Aleksandar Sedlar,Alavés,DEF,237499.0,300000.0,12.611541086966115,33.054072553045856
8.9,24.0,2000.0,fr Ligue 1,0,4,0,0,11,803,gh GHA,0,DF,10,0,Alidu Seidu,Rennes,DEF,798404.0,9000000.0,16.012735246411598,24.577686516084874
23.2,23.0,2001.0,de Bundesliga,0,2,0,0,30,2084,at AUT,0,"MF,DF",20,0,Nicolas Seiwald,RB Leipzig,MID,404950.0,18000000.0,16.705882371415992,23.66324435318275
9.9,21.0,2002.0,fr Ligue 1,0,1,0,0,15,887,jp JPN,0,DF,9,0,Hiroki Sekine,Reims,DEF,1137808.0,1200000.0,13.997832948091215,22.392881587953458
38.0,32.0,1992.0,eng Premier League,0,4,0,0,38,3420,be BEL,0,GK,38,0,Matz Sels,Nott'ham Forest,GK,127202.0,7000000.0,15.76142084987672,32.84873374401095
32.1,30.0,1993.0,eng Premier League,0,8,0,4,34,2886,pt POR,0,DF,32,0,Nélson Semedo,Wolves,DEF,231572.0,9000000.0,16.012735246411598,31.12662559890486
35.6,24.0,2000.0,eng Premier League,0,9,11,5,37,3203,gh GHA,0,FW,36,0,Antoine Semenyo,Bournemouth,FWD,583255.0,40000000.0,17.50439003707821,24.985626283367555
12.3,27.0,1997.0,eng Premier League,0,5,0,0,17,1106,ar ARG,0,DF,13,0,Marcos Senesi,Bournemouth,DEF,469781.0,22000000.0,16.906553056777135,27.64681724845996
3.0,28.0,1995.0,it Serie A,0,0,1,0,12,274,it ITA,1,MF,2,1,Stefano Sensi,Monza,MID,216179.0,1000000.0,13.815511557963774,29.409993155373034
15.3,27.0,1997.0,it Serie A,1,4,2,1,22,1376,de GER,0,MF,16,0,Suat Serdar,Hellas Verona,MID,261905.0,4500000.0,15.319588176962746,27.72621492128679
26.4,21.0,2003.0,de Bundesliga,1,2,13,5,33,2380,si SVN,2,"FW,MF",30,2,Benjamin Šeško,RB Leipzig,FWD,627442.0,70000000.0,18.064005814299346,21.590691307323752
6.4,24.0,2000.0,eng Premier League,0,1,4,2,16,580,eng ENG,0,"FW,DF",7,0,Ryan Sessegnon,Fulham,FWD,392775.0,15000000.0,16.52356082573315,24.62422997946612
12.2,31.0,1992.0,it Serie A,0,2,3,4,31,1098,it ITA,0,"DF,MF",12,0,Stephan El Shaarawy,Roma,DEF,94529.0,3500000.0,15.068273812173887,32.18069815195072
3.9,29.0,1995.0,eng Premier League,0,1,0,0,7,349,eng ENG,0,DF,4,0,Luke Shaw,Manchester Utd,DEF,183288.0,12000000.0,16.300417291085605,29.475701574264203
6.9,26.0,1997.0,it Serie A,0,0,0,0,7,621,al ALB,0,GK,7,0,Alen Sherri,Cagliari,GK,304144.0,1000000.0,13.815511557963774,27.04722792607803
12.2,29.0,1995.0,it Serie A,0,1,4,4,27,1097,uz UZB,0,"FW,MF",11,0,Eldor Shomurodov,Roma,FWD,358166.0,5000000.0,15.424948670398354,29.51129363449692
23.3,32.0,1992.0,fr Ligue 1,0,1,0,3,28,2101,fr FRA,0,DF,24,0,Djibril Sidibé,Toulouse,DEF,161869.0,1000000.0,13.815511557963774,32.427104722792606
8.5,21.0,2003.0,de Bundesliga,0,2,2,2,27,762,de GER,0,"FW,MF",5,0,Armindo Sieb,Mainz 05,FWD,569033.0,3000000.0,14.914123179965662,21.872689938398356
26.7,28.0,1995.0,fr Ligue 1,0,4,5,1,29,2402,ch SUI,2,MF,27,2,Vincent Sierro,Toulouse,MID,280387.0,4000000.0,15.201805169084134,29.234770704996578
13.1,24.0,2000.0,de Bundesliga,0,4,0,0,16,1182,de GER,0,DF,14,0,Tim Siersleben,Heidenheim,DEF,337092.0,2000000.0,14.508658238524095,24.815879534565365
8.9,22.0,2002.0,de Bundesliga,0,2,2,0,21,801,fr FRA,0,DF,8,0,Kiliann Sildillia,Freiburg,DEF,548348.0,10000000.0,16.118095750958314,22.63107460643395
4.2,28.0,1995.0,de Bundesliga,0,1,1,0,7,375,pt POR,1,FW,4,2,André Silva,Werder Bremen,FWD,198008.0,4000000.0,15.201805169084134,29.155373032169745
29.7,29.0,1994.0,eng Premier League,0,7,4,4,33,2670,pt POR,0,"MF,FW",29,0,Bernardo Silva,Manchester City,MID,241641.0,38000000.0,17.453096744006448,30.39561943874059
20.7,22.0,2002.0,es La Liga,0,7,10,3,24,1866,pt POR,2,FW,22,3,Fábio Silva,Las Palmas,FWD,505653.0,20000000.0,16.811242881518265,22.455852156057496
9.5,24.0,1999.0,eng Premier League,0,5,3,1,31,854,pt POR,0,"FW,MF",5,0,Jota Silva,Nott'ham Forest,FWD,663244.0,15000000.0,16.52356082573315,25.420944558521562
15.0,30.0,1994.0,es La Liga,0,1,0,0,15,1350,pt POR,0,GK,15,0,Rui Silva,Betis,GK,234811.0,7000000.0,15.76142084987672,30.899383983572896
5.0,33.0,1991.0,it Serie A,0,0,0,0,5,450,it ITA,0,GK,5,0,Marco Silvestri,Empoli,GK,85528.0,500000.0,13.122365377402328,33.83709787816564
13.8,23.0,2001.0,fr Ligue 1,0,2,7,2,27,1238,sn SEN,0,"FW,MF",14,0,Abdallah Sima,Brest,FWD,776798.0,9000000.0,16.012735246411598,23.54277891854894
4.7,29.0,1995.0,it Serie A,0,1,1,1,30,419,ar ARG,0,FW,1,0,Giovanni Simeone,Napoli,FWD,282388.0,5000000.0,15.424948670398354,29.49486652977413
21.4,21.0,2002.0,es La Liga,0,4,2,6,33,1926,ar ARG,0,MF,26,0,Giuliano Simeone,Atlético Madrid,MID,742201.0,35000000.0,17.370858648025116,22.039698836413415
29.0,29.0,1995.0,fr Ligue 1,0,2,8,10,32,2609,ng NGA,4,"FW,MF",31,4,Moses Simon,Nantes,FWD,274862.0,12000000.0,16.300417291085605,29.475701574264203
21.0,27.0,1997.0,es La Liga,0,0,0,0,21,1890,es ESP,0,GK,21,0,Unai Simón,Athletic Club,GK,262396.0,28000000.0,17.147715103853763,27.55920602327173
23.9,21.0,2003.0,de Bundesliga,0,5,10,6,25,2150,nl NED,0,MF,25,0,Xavi Simons,RB Leipzig,MID,566931.0,70000000.0,18.064005814299346,21.700205338809035
13.9,27.0,1997.0,de Bundesliga,0,3,2,2,26,1250,lu LUX,0,"FW,MF",14,0,Danel Sinani,St. Pauli,FWD,346499.0,1500000.0,14.220976332738882,27.742642026009584
25.5,24.0,1999.0,fr Ligue 1,0,5,5,8,34,2299,ml MLI,1,"FW,MF",25,1,Lassine Sinayoko,Auxerre,FWD,569140.0,4000000.0,15.201805169084134,25.06776180698152
23.3,23.0,2000.0,fr Ligue 1,0,4,1,2,27,2096,ci CIV,0,DF,23,0,Wilfried Singo,Monaco,DEF,648779.0,25000000.0,17.034386422832473,24.019164955509925
29.0,26.0,1997.0,de Bundesliga,1,11,2,1,32,2610,ml MLI,0,MF,30,0,Ibrahima Sissoko,Bochum,MID,372712.0,6000000.0,15.607270193858982,27.1813826146475
31.2,27.0,1996.0,es La Liga,1,6,0,0,32,2810,es ESP,0,GK,32,0,Antonio Sivera,Alavés,GK,298197.0,6000000.0,15.607270193858982,28.39151266255989
12.9,27.0,1996.0,de Bundesliga,0,1,0,2,33,1164,de GER,0,"FW,MF",11,0,Tim Skarke,Union Berlin,FWD,287920.0,2000000.0,14.508658238524095,28.317590691307323
24.8,29.0,1995.0,de Bundesliga,0,6,1,2,30,2231,tn TUN,0,MF,26,0,Ellyes Skhiri,Eint Frankfurt,MID,290587.0,7500000.0,15.830413711839864,29.648186173853524
12.5,23.0,2000.0,eng Premier League,0,8,0,0,24,1129,eng ENG,0,MF,10,0,Oliver Skipp,Leicester City,MID,406638.0,10000000.0,16.118095750958314,24.292950034223136
5.9,24.0,1999.0,de Bundesliga,0,0,1,1,12,535,dk DEN,0,"FW,MF",4,0,Andreas Skov Olsen,Wolfsburg,FWD,432982.0,14000000.0,16.454567959008102,25.010266940451746
9.5,28.0,1996.0,de Bundesliga,0,1,2,2,15,852,dk DEN,1,"DF,MF",11,1,Robert Skov,Union Berlin,DEF,270393.0,4000000.0,15.201805169084134,28.618754277891856
4.2,29.0,1995.0,fr Ligue 1,0,1,0,0,5,382,sk SVK,0,DF,4,0,Milan Škriniar,Paris S-G,DEF,204069.0,15000000.0,16.52356082573315,29.88911704312115
7.7,24.0,2000.0,eng Premier League,0,1,1,0,18,690,ie IRL,0,MF,6,0,William Smallbone,Southampton,MID,444211.0,6000000.0,15.607270193858982,24.862422997946613
17.7,33.0,1991.0,eng Premier League,0,7,0,0,25,1590,eng ENG,0,DF,19,0,Adam Smith,Bournemouth,DEF,61841.0,750000.0,13.527829818844937,33.67830253251198
31.4,27.0,1997.0,de Bundesliga,0,7,1,1,32,2827,se SWE,0,"DF,MF",32,0,Eric Smith,St. Pauli,DEF,292534.0,5000000.0,15.424948670398354,27.980835044490075
22.7,24.0,2000.0,eng Premier League,0,3,6,3,34,2043,eng ENG,0,MF,25,0,Emile Smith Rowe,Fulham,MID,392765.0,30000000.0,17.216707972959764,24.42984257357974
7.0,23.0,2000.0,it Serie A,0,2,0,0,9,630,hr CRO,0,DF,7,0,Ivan Smolčić,Como,DEF,571271.0,1800000.0,14.403297778421795,24.3750855578371
33.2,23.0,2001.0,it Serie A,0,6,4,0,37,2989,ch SUI,0,MF,36,0,Simon Sohm,Parma,MID,507486.0,5000000.0,15.424948670398354,23.72621492128679
11.4,25.0,1999.0,es La Liga,0,4,0,1,19,1029,es ESP,0,"MF,FW",13,0,Alex Sola,Getafe,MID,434990.0,2500000.0,14.731801689838349,25.56605065023956
24.5,26.0,1997.0,eng Premier League,0,0,9,3,27,2201,eng ENG,1,FW,25,1,Dominic Solanke,Tottenham,FWD,258889.0,40000000.0,17.50439003707821,27.299110198494184
8.4,25.0,1998.0,it Serie A,0,2,0,0,21,760,no NOR,0,"MF,FW",8,0,Ola Solbakken,Empoli,MID,431811.0,2300000.0,14.648420115681892,26.31895961670089
15.7,27.0,1997.0,eng Premier League,0,6,1,1,31,1409,es ESP,0,"MF,FW",14,0,Carlos Soler,West Ham,MID,372246.0,18000000.0,16.705882371415992,27.99726214921287
18.6,24.0,2000.0,it Serie A,1,3,1,2,19,1672,fr FRA,0,DF,19,0,Oumar Solet,Udinese,DEF,463665.0,18000000.0,16.705882371415992,24.90075290896646
5.9,19.0,2004.0,es La Liga,0,3,1,0,19,535,co COL,0,MF,3,0,Jhon Solis,Girona,MID,742521.0,2500000.0,14.731801689838349,20.246406570841888
32.0,35.0,1988.0,it Serie A,0,0,0,0,32,2880,ch SUI,0,GK,32,0,Yann Sommer,Inter,GK,42205.0,4000000.0,15.201805169084134,36.04106776180698
38.0,31.0,1993.0,es La Liga,0,2,0,0,38,3420,es ESP,0,GK,38,0,David Soria,Getafe,GK,226012.0,3000000.0,14.914123179965662,31.745379876796715
6.0,26.0,1997.0,es La Liga,1,1,0,0,6,540,es ESP,0,GK,6,0,Juan Soriano,Leganés,GK,251892.0,1000000.0,13.815511557963774,27.359342915811087
13.1,26.0,1998.0,it Serie A,0,0,0,0,19,1181,hr CRO,0,DF,14,0,Borna Sosa,Torino,DEF,293194.0,4500000.0,15.319588176962746,26.94592744695414
3.3,24.0,1999.0,eng Premier League,0,1,1,0,19,295,py PAR,0,"FW,MF",1,0,Ramón Sosa,Nott'ham Forest,FWD,745191.0,12000000.0,16.300417291085605,25.338809034907598
13.9,20.0,2003.0,es La Liga,0,5,0,0,24,1254,es ESP,0,MF,15,0,Hugo Sotelo,Celta Vigo,MID,892221.0,4000000.0,15.201805169084134,21.037645448323065
19.9,33.0,1990.0,fr Ligue 1,1,2,1,1,31,1794,fr FRA,0,"FW,MF",22,0,Florian Sotoca,Lens,FWD,354726.0,2000000.0,14.508658238524095,34.18754277891855
9.3,25.0,1999.0,it Serie A,0,1,1,1,18,833,it ITA,0,"FW,MF",8,0,Riccardo Sottil,Fiorentina,FWD,386455.0,5000000.0,15.424948670398354,25.582477754962355
28.5,29.0,1995.0,eng Premier League,0,8,9,1,35,2567,cz CZE,0,MF,30,0,Tomáš Souček,West Ham,MID,283628.0,18000000.0,16.705882371415992,29.845311430527037
19.8,21.0,2003.0,it Serie A,0,3,5,5,27,1781,ar ARG,0,"MF,DF",22,0,Matìas Soulé,Roma,MID,668951.0,30000000.0,17.216707972959764,21.71663244353183
24.1,25.0,1999.0,eng Premier League,0,8,0,0,31,2171,fr FRA,0,MF,25,0,Boubakary Soumaré,Leicester City,MID,344605.0,14000000.0,16.454567959008102,25.845311430527037
21.1,23.0,2000.0,fr Ligue 1,0,0,5,4,29,1902,sn SEN,0,"FW,MF",21,0,Issa Soumaré,Le Havre,FWD,568698.0,2000000.0,14.508658238524095,24.227241615331966
22.9,27.0,1997.0,es La Liga,0,5,2,1,30,2062,ch SUI,0,MF,24,0,Djibril Sow,Sevilla,MID,212723.0,7500000.0,15.830413711839864,27.901437371663246
11.3,22.0,2002.0,fr Ligue 1,0,2,0,1,12,1018,gn GUI,0,DF,11,0,Saidou Sow,Strasbourg,DEF,807128.0,6000000.0,15.607270193858982,22.496919917864478
8.9,22.0,2002.0,fr Ligue 1,0,1,1,0,9,799,gn GUI,0,DF,9,0,Saidou Sow,Nantes,DEF,807128.0,6000000.0,15.607270193858982,22.496919917864478
19.9,23.0,2000.0,eng Premier League,1,4,1,2,25,1792,eng ENG,0,DF,19,0,Djed Spence,Tottenham,DEF,483348.0,20000000.0,16.811242881518265,24.396988364134156
16.9,31.0,1993.0,it Serie A,0,1,1,1,27,1517,it ITA,0,"DF,FW",17,0,Leonardo Spinazzola,Napoli,DEF,118689.0,3500000.0,15.068273812173887,31.772758384668034
28.7,25.0,1998.0,de Bundesliga,0,8,1,2,30,2585,de GER,0,"MF,DF",29,0,Anton Stach,Hoffenheim,MID,344069.0,14000000.0,16.454567959008102,26.130047912388775
24.5,27.0,1996.0,de Bundesliga,0,10,10,5,28,2204,dk DEN,0,MF,26,0,Jens Stage,Werder Bremen,MID,289835.0,14000000.0,16.454567959008102,28.147843942505133
9.7,24.0,2000.0,de Bundesliga,0,0,0,2,14,876,hr CRO,0,DF,9,0,Josip Stanišić,Bayern Munich,DEF,483046.0,32000000.0,17.281246492014,24.750171115674195
15.2,22.0,2002.0,it Serie A,0,1,0,0,16,1367,rs SRB,0,GK,16,0,Filip Stankovic,Venezia,GK,552223.0,6000000.0,15.607270193858982,22.850102669404517
25.2,29.0,1995.0,es La Liga,0,5,1,0,28,2270,se SWE,0,DF,26,0,Carl Starfelt,Celta Vigo,DEF,258987.0,6000000.0,15.607270193858982,29.587953456536617
23.4,29.0,1995.0,de Bundesliga,1,6,0,1,26,2106,de GER,0,DF,25,0,Niklas Stark,Werder Bremen,DEF,162434.0,4000000.0,15.201805169084134,29.71937029431896
21.0,19.0,2004.0,fr Ligue 1,0,4,12,4,28,1887,be BEL,0,FW,23,0,Lucas Stassin,Saint-Étienne,FWD,655012.0,18000000.0,16.705882371415992,20.09034907597536
3.2,28.0,1996.0,de Bundesliga,0,0,0,0,10,290,de GER,0,DF,4,0,Pascal Stenzel,Stuttgart,DEF,195246.0,2000000.0,14.508658238524095,28.78576317590691
15.4,30.0,1994.0,eng Premier League,2,2,1,0,19,1389,eng ENG,0,DF,17,0,Jack Stephens,Southampton,DEF,163744.0,1500000.0,14.220976332738882,30.92950034223135
9.5,22.0,2002.0,de Bundesliga,1,0,1,2,12,852,ch SUI,0,DF,11,0,Leonidas Stergiou,Stuttgart,DEF,507345.0,5000000.0,15.424948670398354,22.833675564681723
5.5,29.0,1994.0,eng Premier League,0,1,0,2,17,499,eng ENG,0,"FW,MF",7,0,Raheem Sterling,Arsenal,FWD,134425.0,10000000.0,16.118095750958314,30.067077344284737
4.3,28.0,1996.0,eng Premier League,0,1,1,0,12,389,sct SCO,0,FW,4,0,Ross Stewart,Southampton,FWD,447995.0,4000000.0,15.201805169084134,28.476386036960985
30.5,23.0,2001.0,de Bundesliga,0,6,1,8,32,2741,de GER,0,MF,31,0,Angelo Stiller,Stuttgart,MID,443710.0,45000000.0,17.622173069956816,23.745379876796715
17.2,30.0,1993.0,de Bundesliga,0,3,3,3,31,1551,at AUT,2,MF,16,2,Kevin Stöger,Gladbach,MID,106872.0,3500000.0,15.068273812173887,31.34839151266256
6.1,30.0,1994.0,eng Premier League,0,1,2,0,11,548,eng ENG,0,"DF,MF",6,0,John Stones,Manchester City,DEF,186590.0,25000000.0,17.034386422832473,30.598220396988363
28.7,24.0,2000.0,eng Premier League,0,4,14,4,35,2587,no NOR,0,FW,30,0,Jørgen Strand Larsen,Wolves,FWD,429983.0,30000000.0,17.216707972959764,24.903490759753595
29.1,27.0,1997.0,it Serie A,0,5,6,4,37,2619,br BRA,0,"FW,MF",32,0,Gabriel Strefezza,Como,FWD,457673.0,6000000.0,15.607270193858982,27.707049965776864
12.0,37.0,1986.0,es La Liga,0,4,11,2,32,1078,uy URU,3,FW,6,3,Cristhian Stuani,Girona,FWD,59323.0,1000000.0,13.815511557963774,38.223134839151264
27.3,31.0,1993.0,es La Liga,0,12,0,0,30,2460,es ESP,0,DF,30,0,Álex Suárez,Las Palmas,DEF,510396.0,1200000.0,13.997832948091215,31.79192334017796
6.8,30.0,1994.0,es La Liga,0,0,1,1,21,608,es ESP,0,MF,7,0,Denis Suárez,Villarreal,MID,165007.0,1200000.0,13.997832948091215,30.986995208761122
24.0,26.0,1997.0,fr Ligue 1,0,0,0,6,30,2163,cl CHI,0,DF,23,0,Gabriel Suazo,Toulouse,DEF,385105.0,4000000.0,15.201805169084134,27.397672826830938
19.9,21.0,2002.0,es La Liga,0,4,1,1,29,1792,hr CRO,0,MF,21,0,Luka Sučić,Real Sociedad,MID,502722.0,15000000.0,16.52356082573315,22.316221765913756
17.3,24.0,2000.0,eng Premier League,0,4,1,1,30,1557,jp JPN,0,"DF,MF",16,0,Yukinari Sugawara,Southampton,DEF,405385.0,11000000.0,16.213405921671733,24.511978097193705
11.7,28.0,1995.0,de Bundesliga,0,1,0,0,15,1053,de GER,0,DF,12,0,Niklas Süle,Dortmund,DEF,166601.0,8000000.0,15.894952224644102,29.3305954825462
3.1,21.0,2003.0,it Serie A,0,1,2,0,9,283,gh GHA,0,MF,3,0,Ibrahim Sulemana,Atalanta,MID,982267.0,7000000.0,15.76142084987672,21.61533196440794
15.6,22.0,2002.0,eng Premier League,0,2,1,1,26,1402,gh GHA,0,"FW,MF",17,0,Kamaldeen Sulemana,Southampton,FWD,746695.0,13000000.0,16.380459992348886,22.87748117727584
8.7,22.0,2001.0,eng Premier League,0,2,1,1,19,786,nl NED,0,"FW,MF",7,0,Crysencio Summerville,West Ham,FWD,474701.0,22000000.0,16.906553056777135,23.173169062286107
23.1,22.0,2002.0,it Serie A,1,7,0,1,31,2080,sk SVK,0,"MF,FW",27,0,Tomáš Suslov,Hellas Verona,MID,540333.0,6000000.0,15.607270193858982,22.570841889117045
6.7,30.0,1993.0,es La Liga,0,3,0,2,16,606,es ESP,0,"FW,MF",4,0,Suso,Sevilla,FWD,111961.0,4000000.0,15.201805169084134,31.11841204654346
36.8,21.0,2002.0,it Serie A,1,2,0,0,37,3314,jp JPN,0,GK,37,0,Zion Suzuki,Parma,GK,432298.0,20000000.0,16.811242881518265,22.365503080082135
13.5,25.0,1999.0,de Bundesliga,0,4,3,1,20,1219,se SWE,0,MF,14,0,Mattias Svanberg,Wolfsburg,MID,342405.0,12000000.0,16.300417291085605,25.99041752224504
8.7,22.0,2002.0,de Bundesliga,0,0,1,3,12,781,se SWE,0,"DF,FW",8,0,Daniel Svensson,Dortmund,DEF,579287.0,12000000.0,16.300417291085605,22.885694729637233
38.0,24.0,1999.0,it Serie A,0,1,0,0,38,3420,rs SRB,0,GK,38,0,Mile Svilar,Roma,GK,338670.0,25000000.0,17.034386422832473,25.349760438056126
15.0,20.0,2004.0,es La Liga,0,1,4,5,32,1348,se SWE,0,"FW,MF",15,0,Williot Swedberg,Celta Vigo,FWD,764859.0,5000000.0,15.424948670398354,20.917180013689254
10.6,21.0,2002.0,fr Ligue 1,1,2,1,0,21,950,ci CIV,0,DF,10,0,Abakar Sylla,Strasbourg,DEF,962555.0,10000000.0,16.118095750958314,22.02053388090349
12.8,30.0,1994.0,fr Ligue 1,0,2,1,0,19,1156,gn GUI,0,DF,15,0,Issiaga Sylla,Montpellier,DEF,220878.0,1500000.0,14.220976332738882,31.000684462696782
17.6,30.0,1994.0,es La Liga,0,5,5,1,29,1583,sn SEN,4,"FW,MF",17,4,Mamadou Sylla,Valladolid,FWD,166683.0,1200000.0,13.997832948091215,30.78713210130048
15.0,34.0,1990.0,es La Liga,0,0,0,0,15,1350,pl POL,0,GK,15,0,Wojciech Szczęsny,Barcelona,GK,44058.0,1000000.0,13.815511557963774,34.70773442847365
11.0,28.0,1995.0,eng Premier League,0,2,4,0,20,992,ie IRL,0,"FW,MF",13,0,Sammie Szmodics,Ipswich Town,FWD,292139.0,10000000.0,16.118095750958314,29.27310061601643
27.7,23.0,2000.0,eng Premier League,0,6,6,6,36,2491,hu HUN,0,MF,29,0,Dominik Szoboszlai,Liverpool,MID,451276.0,80000000.0,18.197537205138154,24.186173853524984
17.4,28.0,1995.0,es La Liga,0,4,20,2,35,1566,no NOR,1,FW,15,1,Alexander Sørloth,Atlético Madrid,FWD,238407.0,25000000.0,17.034386422832473,29.075975359342916
9.1,30.0,1994.0,de Bundesliga,0,0,3,1,22,821,ba BIH,0,FW,6,0,Haris Tabakovic,Hoffenheim,FWD,203123.0,2500000.0,14.731801689838349,30.535249828884325
21.1,31.0,1992.0,fr Ligue 1,0,7,3,1,24,1902,ar ARG,0,DF,22,0,Nicolás Tagliafico,Lyon,DEF,131225.0,6000000.0,15.607270193858982,32.336755646817245
33.0,28.0,1996.0,de Bundesliga,0,3,3,0,33,2970,de GER,0,DF,33,0,Jonathan Tah,Leverkusen,DEF,196357.0,30000000.0,17.216707972959764,28.889801505817932
7.2,30.0,1994.0,it Serie A,0,3,0,0,20,649,cm CMR,0,"MF,DF",9,0,Adrien Tameze,Torino,MID,157507.0,2000000.0,14.508658238524095,30.90759753593429
26.9,29.0,1995.0,es La Liga,0,8,1,0,34,2424,pe PER,0,"MF,DF",28,0,Renato Tapia,Leganés,MID,277137.0,2000000.0,14.508658238524095,29.43189596167009
27.9,25.0,1999.0,de Bundesliga,0,4,0,0,29,2507,bf BFA,0,DF,29,0,Edmond Tapsoba,Leverkusen,DEF,564545.0,35000000.0,17.370858648025116,25.913757700205338
13.9,32.0,1992.0,fr Ligue 1,0,0,2,4,24,1252,fr FRA,0,MF,13,0,Florian Tardieu,Saint-Étienne,MID,212804.0,600000.0,13.304686600863562,32.695414099931554
9.0,32.0,1992.0,it Serie A,0,1,1,2,25,807,ir IRN,1,FW,7,1,Mehdi Taremi,Inter,FWD,307058.0,3500000.0,15.068273812173887,32.45722108145106
11.0,22.0,2002.0,fr Ligue 1,0,0,0,0,14,990,ma MAR,0,MF,12,0,Oussama Targhalline,Le Havre,MID,667965.0,4000000.0,15.201805169084134,22.62012320328542
32.5,31.0,1992.0,eng Premier League,0,6,1,1,33,2922,eng ENG,0,DF,33,0,James Tarkowski,Everton,DEF,173504.0,9000000.0,16.012735246411598,32.11772758384668
33.6,22.0,2002.0,es La Liga,0,7,2,0,34,3026,es ESP,0,DF,34,0,César Tárrega,Valencia,DEF,707274.0,10000000.0,16.118095750958314,22.847364818617386
18.7,24.0,2000.0,it Serie A,1,4,0,8,23,1686,pt POR,0,DF,22,0,Nuno Tavares,Lazio,DEF,535955.0,25000000.0,17.034386422832473,24.933607118412045
21.5,25.0,1999.0,eng Premier League,0,6,3,5,29,1939,eng ENG,0,"FW,MF",20,0,Marcus Tavernier,Bournemouth,FWD,399434.0,18000000.0,16.705882371415992,25.782340862423
4.0,30.0,1993.0,eng Premier League,0,1,0,0,8,356,eng ENG,0,DF,3,0,Charlie Taylor,Southampton,DEF,195633.0,2200000.0,14.603968372873895,31.288158795345655
9.6,26.0,1998.0,eng Premier League,0,4,1,0,32,860,ie IRL,0,MF,4,0,Jack Taylor,Ipswich Town,MID,458178.0,3000000.0,14.914123179965662,26.527036276522928
7.3,20.0,2003.0,it Serie A,1,4,1,0,24,660,fr FRA,0,"FW,MF",6,0,Loum Tchaouna,Lazio,FWD,607226.0,10000000.0,16.118095750958314,21.31690622861054
35.2,22.0,2001.0,it Serie A,1,7,2,3,36,3167,cm CMR,0,"DF,MF",36,0,Jackson Tchatchoua,Hellas Verona,DEF,848509.0,8000000.0,15.894952224644102,23.299110198494184
21.1,21.0,2002.0,fr Ligue 1,0,3,0,0,27,1899,cm CMR,0,DF,21,0,Enzo Tchato,Montpellier,DEF,842338.0,2500000.0,14.731801689838349,22.10814510609172
29.9,24.0,2000.0,es La Liga,0,5,0,0,32,2689,fr FRA,0,"DF,MF",31,0,Aurélien Tchouaméni,Real Madrid,DEF,413112.0,75000000.0,18.132998684833918,24.930869267624914
13.8,28.0,1996.0,es La Liga,0,2,1,4,28,1238,es ESP,0,"MF,DF",13,0,Álvaro Tejero,Espanyol,MID,290273.0,1800000.0,14.403297778421795,28.451745379876797
10.1,19.0,2005.0,eng Premier League,0,2,2,1,13,911,fr FRA,1,FW,11,1,Mathys Tel,Tottenham,FWD,801734.0,35000000.0,17.370858648025116,19.682409308692677
15.1,25.0,1999.0,de Bundesliga,0,1,2,4,27,1359,ng NGA,0,"MF,FW",17,0,Nathan Tella,Leverkusen,MID,340322.0,15000000.0,16.52356082573315,25.49486652977413
32.5,28.0,1996.0,es La Liga,0,11,2,1,34,2922,ar ARG,0,DF,33,0,Nahuel Tenaglia,Alavés,DEF,533568.0,3000000.0,14.914123179965662,28.862422997946613
16.9,24.0,2000.0,it Serie A,0,2,6,1,25,1517,dk DEN,1,FW,20,1,Casper Tengstedt,Hellas Verona,FWD,464598.0,6000000.0,15.607270193858982,24.58590006844627
7.5,32.0,1992.0,es La Liga,0,0,0,0,8,674,de GER,0,GK,8,0,Marc-André ter Stegen,Barcelona,GK,74857.0,12000000.0,16.300417291085605,32.6735112936345
6.0,21.0,2003.0,it Serie A,0,3,0,0,13,539,it ITA,0,"DF,MF",6,0,Filippo Terracciano,Milan,DEF,631007.0,3200000.0,14.978661680269907,21.897330595482547
3.0,34.0,1990.0,it Serie A,0,0,0,0,3,270,it ITA,0,GK,3,0,Pietro Terracciano,Fiorentina,GK,96254.0,1000000.0,13.815511557963774,34.81998631074607
13.5,23.0,2000.0,es La Liga,0,1,4,1,15,1219,es ESP,0,"MF,FW",15,0,Ramón Terrats,Getafe,MID,783396.0,4000000.0,15.201805169084134,24.205338809034906
6.5,27.0,1997.0,de Bundesliga,0,1,2,1,15,584,fr FRA,0,"MF,FW",7,0,Martin Terrier,Leverkusen,MID,442891.0,17000000.0,16.648723960844016,27.83025325119781
13.7,22.0,2001.0,fr Ligue 1,0,3,1,0,25,1234,us USA,0,MF,13,0,Tanner Tessmann,Lyon,MID,670096.0,6000000.0,15.607270193858982,23.27173169062286
19.7,28.0,1995.0,eng Premier League,0,5,0,2,22,1774,nl NED,0,DF,21,0,Kenny Tete,Fulham,DEF,206746.0,13000000.0,16.380459992348886,29.232032854209447
8.3,30.0,1993.0,fr Ligue 1,0,1,1,0,17,750,mt MLT,1,MF,9,1,Teddy Teuma,Reims,MID,409153.0,3000000.0,14.914123179965662,31.255304585900067
6.3,24.0,1999.0,fr Ligue 1,1,2,1,0,16,569,nl NED,0,DF,8,0,Jordan Teze,Monaco,DEF,364245.0,9000000.0,16.012735246411598,25.256673511293634
21.7,31.0,1993.0,it Serie A,0,0,8,3,25,1956,fr FRA,1,"FW,MF",24,3,Florian Thauvin,Udinese,FWD,184892.0,5000000.0,15.424948670398354,31.9315537303217
30.0,24.0,2000.0,de Bundesliga,1,6,0,0,31,2704,be BEL,0,DF,31,0,Arthur Theate,Eint Frankfurt,DEF,368891.0,24000000.0,16.993564429978885,24.605065023956193
20.1,22.0,2001.0,it Serie A,0,2,0,0,22,1806,de GER,0,DF,19,0,Malick Thiaw,Milan,DEF,521964.0,18000000.0,16.705882371415992,23.40041067761807
12.3,23.0,2001.0,eng Premier League,0,3,0,0,14,1110,eng ENG,0,DF,13,0,Luke Thomas,Leicester City,DEF,505194.0,6000000.0,15.607270193858982,23.561943874058862
14.7,24.0,1999.0,fr Ligue 1,0,3,1,3,25,1321,wls WAL,0,"FW,MF",15,0,Sorba Thomas,Nantes,FWD,475416.0,3500000.0,15.068273812173887,25.935660506502394
29.1,30.0,1993.0,fr Ligue 1,0,7,3,7,33,2615,fr FRA,0,MF,31,0,Adrien Thomasson,Lens,MID,215977.0,5000000.0,15.424948670398354,31.06091718001369
21.1,28.0,1996.0,it Serie A,0,6,0,1,30,1898,no NOR,0,"MF,FW",22,0,Morten Thorsby,Genoa,MID,226524.0,3000000.0,14.914123179965662,28.659822039698838
25.8,23.0,2001.0,it Serie A,0,5,4,5,35,2326,fr FRA,0,MF,26,0,Khéphren Thuram,Juventus,MID,463618.0,40000000.0,17.50439003707821,23.770020533880903
24.4,26.0,1997.0,it Serie A,0,1,14,4,31,2200,fr FRA,0,FW,26,0,Marcus Thuram,Inter,FWD,318528.0,75000000.0,18.132998684833918,27.405886379192335
33.6,27.0,1997.0,eng Premier League,0,4,3,7,36,3026,be BEL,0,MF,35,1,Youri Tielemans,Aston Villa,MID,249565.0,38000000.0,17.453096744006448,27.655030800821354
18.7,27.0,1997.0,de Bundesliga,0,4,7,2,34,1686,de GER,1,FW,19,1,Phillip Tietz,Augsburg,FWD,288340.0,5000000.0,15.424948670398354,27.482546201232033
26.9,23.0,2001.0,eng Premier League,0,7,1,3,30,2417,nl NED,0,DF,27,0,Jurriën Timber,Arsenal,DEF,420243.0,55000000.0,17.822843761378564,23.54277891854894
20.3,24.0,1999.0,eng Premier League,0,3,0,0,27,1825,fr FRA,0,DF,20,0,Jean-Clair Todibo,West Ham,DEF,605184.0,25000000.0,17.034386422832473,25.00752908966461
4.2,19.0,2004.0,de Bundesliga,0,3,0,1,12,375,de GER,0,"MF,FW",3,0,Umut Tohumcu,Hoffenheim,MID,569031.0,6000000.0,15.607270193858982,20.39151266255989
25.9,29.0,1994.0,fr Ligue 1,0,4,7,4,32,2329,fr FRA,0,MF,27,0,Corentin Tolisso,Lyon,MID,190393.0,12000000.0,16.300417291085605,30.414784394250514
8.2,22.0,2002.0,de Bundesliga,0,0,0,2,11,737,us USA,0,"DF,MF",9,0,John Tolkin,Holstein Kiel,DEF,683812.0,2500000.0,14.731801689838349,22.42299794661191
5.2,33.0,1990.0,it Serie A,0,1,0,0,11,468,it ITA,0,DF,2,0,Rafael Tolói,Atalanta,DEF,72441.0,1400000.0,14.151983508870947,34.22861054072553
20.9,22.0,2002.0,de Bundesliga,0,7,6,1,32,1884,pt POR,0,"FW,MF",23,0,Tiago Tomás,Wolfsburg,FWD,616344.0,12000000.0,16.300417291085605,22.546201232032853
17.7,26.0,1997.0,it Serie A,1,4,0,1,22,1593,eng ENG,0,DF,19,0,Fikayo Tomori,Milan,DEF,303254.0,20000000.0,16.811242881518265,27.0362765229295
29.2,24.0,2000.0,eng Premier League,0,5,4,2,36,2630,it ITA,0,MF,28,0,Sandro Tonali,Newcastle Utd,MID,397033.0,60000000.0,17.909855136853043,24.65160848733744
3.4,21.0,2003.0,es La Liga,0,0,3,1,10,310,es ESP,0,"MF,FW",4,0,Pablo Torre,Barcelona,MID,720038.0,6000000.0,15.607270193858982,21.749486652977414
12.3,24.0,2000.0,es La Liga,1,1,10,6,27,1106,es ESP,0,"FW,MF",12,0,Ferrán Torres,Barcelona,FWD,398184.0,40000000.0,17.50439003707821,24.840520191649556
22.4,27.0,1997.0,eng Premier League,0,2,0,0,24,2020,es ESP,0,DF,23,0,Pau Torres,Aston Villa,DEF,399776.0,32000000.0,17.281246492014,27.958932238193018
32.9,30.0,1994.0,es La Liga,0,10,3,0,35,2957,es ESP,0,MF,35,0,Lucas Torró,Osasuna,MID,213670.0,3000000.0,14.914123179965662,30.455852156057496
25.8,30.0,1994.0,fr Ligue 1,0,5,10,1,28,2324,gn GUI,8,MF,26,9,Abdoulaye Touré,Le Havre,MID,181382.0,3000000.0,14.914123179965662,30.833675564681723
6.8,18.0,2006.0,de Bundesliga,0,1,0,3,13,609,ci CIV,0,"FW,MF",7,0,Bazoumana Touré,Hoffenheim,FWD,1067904.0,9000000.0,16.012735246411598,18.836413415468858
3.3,32.0,1992.0,fr Ligue 1,0,2,0,0,8,300,ml MLI,0,"MF,DF",2,0,Birama Touré,Montpellier,MID,229853.0,800000.0,13.592368256649284,32.57221081451061
6.2,27.0,1997.0,de Bundesliga,0,2,0,1,15,561,fr FRA,0,MF,6,0,Lucas Tousart,Union Berlin,MID,353948.0,2500000.0,14.731801689838349,27.67693360711841
3.7,31.0,1993.0,eng Premier League,0,1,0,1,6,335,eng ENG,0,DF,3,0,Conor Townsend,Ipswich Town,DEF,146509.0,800000.0,13.592368256649284,31.83025325119781
19.7,28.0,1996.0,eng Premier League,0,3,2,7,36,1772,es ESP,0,"FW,MF",18,0,Adama Traoré,Fulham,FWD,204103.0,9000000.0,16.012735246411598,28.93634496919918
7.8,32.0,1992.0,es La Liga,0,2,0,1,11,700,ml MLI,0,DF,9,0,Hamari Traoré,Real Sociedad,DEF,297070.0,2000000.0,14.508658238524095,32.930869267624914
29.1,26.0,1998.0,de Bundesliga,0,7,0,1,30,2616,de GER,0,DF,30,0,Omar Traoré,Heidenheim,DEF,388294.0,4000000.0,15.201805169084134,26.90759753593429
25.5,34.0,1990.0,de Bundesliga,0,0,0,0,26,2295,de GER,0,GK,26,0,Kevin Trapp,Eint Frankfurt,GK,45672.0,2500000.0,14.731801689838349,34.48596851471595
5.0,25.0,1999.0,eng Premier League,0,0,0,0,5,450,ie IRL,0,GK,5,0,Mark Travers,Bournemouth,GK,357658.0,4000000.0,15.201805169084134,25.626283367556468
5.5,36.0,1988.0,es La Liga,0,1,1,0,19,496,ar ARG,0,MF,6,0,Óscar Trejo,Rayo Vallecano,MID,30321.0,500000.0,13.122365377402328,36.68446269678302
32.0,23.0,2000.0,de Bundesliga,0,2,0,2,33,2881,de GER,0,"MF,DF",33,0,Philipp Treu,St. Pauli,MID,335993.0,5000000.0,15.424948670398354,24.079397672826833
19.3,37.0,1987.0,de Bundesliga,0,5,0,3,26,1740,at AUT,0,"DF,MF",20,0,Christopher Trimmel,Union Berlin,DEF,75921.0,600000.0,13.304686600863562,37.85352498288843
14.5,33.0,1990.0,eng Premier League,0,1,0,3,25,1309,eng ENG,0,DF,14,0,Kieran Trippier,Newcastle Utd,DEF,95810.0,4000000.0,15.201805169084134,34.286105407255306
28.3,29.0,1994.0,eng Premier League,1,4,8,7,38,2546,be BEL,0,FW,28,0,Leandro Trossard,Arsenal,FWD,144028.0,22000000.0,16.906553056777135,30.078028747433265
30.6,22.0,2001.0,fr Ligue 1,0,3,2,2,33,2752,fr FRA,0,"DF,MF",31,0,Adrien Truffert,Rennes,DEF,654539.0,15000000.0,16.52356082573315,23.11567419575633
21.3,26.0,1997.0,es La Liga,0,1,2,5,27,1913,ua UKR,0,"FW,MF",23,0,Viktor Tsyhankov,Girona,FWD,264372.0,18000000.0,16.705882371415992,27.129363449691994
19.0,26.0,1997.0,eng Premier League,1,5,0,1,22,1710,cd COD,0,DF,20,0,Axel Tuanzebe,Ipswich Town,DEF,342046.0,5000000.0,15.424948670398354,27.132101300479125
29.7,22.0,2001.0,it Serie A,0,1,0,0,30,2676,it ITA,0,GK,30,0,Stefano Turati,Monza,GK,543666.0,6500000.0,15.687312888712007,23.32375085557837
10.5,22.0,2002.0,es La Liga,0,4,0,0,21,942,es ESP,0,MF,11,0,Beñat Turrientes,Real Sociedad,MID,634431.0,10000000.0,16.118095750958314,22.91854893908282
25.3,25.0,1999.0,de Bundesliga,0,8,2,1,30,2274,br BRA,0,"DF,MF",26,0,Tuta,Eint Frankfurt,DEF,546213.0,15000000.0,16.52356082573315,25.49760438056126
27.6,21.0,2003.0,es La Liga,2,8,4,6,33,2486,ng NGA,0,"FW,MF",30,0,Christantus Uche,Getafe,FWD,1124005.0,15000000.0,16.52356082573315,21.623545516769337
21.4,21.0,2002.0,eng Premier League,0,2,0,1,25,1924,it ITA,0,DF,24,0,Destiny Udogie,Tottenham,DEF,556385.0,40000000.0,17.50439003707821,22.094455852156056
18.4,20.0,2004.0,eng Premier League,0,7,1,1,26,1655,fr FRA,0,MF,18,0,Lesley Ugochukwu,Southampton,MID,711999.0,18000000.0,16.705882371415992,20.76933607118412
21.1,20.0,2004.0,de Bundesliga,0,4,1,2,26,1903,de GER,0,DF,24,0,Lukas Ullrich,Gladbach,DEF,787151.0,8000000.0,15.894952224644102,20.79671457905544
3.8,27.0,1997.0,eng Premier League,0,2,2,1,17,345,tr TUR,0,"FW,MF",2,0,Enes Ünal,Bournemouth,FWD,251106.0,10000000.0,16.118095750958314,27.64681724845996
19.2,28.0,1996.0,de Bundesliga,0,4,9,3,27,1726,de GER,0,"FW,MF",20,0,Deniz Undav,Stuttgart,FWD,339314.0,20000000.0,16.811242881518265,28.45448323066393
19.5,25.0,1998.0,de Bundesliga,0,6,2,0,20,1759,fr FRA,0,DF,20,0,Dayot Upamecano,Bayern Munich,DEF,344695.0,50000000.0,17.72753358339242,26.182067077344286
5.6,19.0,2004.0,it Serie A,0,1,0,0,8,500,pl POL,0,MF,6,0,Kacper Urbanski,Monza,MID,699442.0,6000000.0,15.607270193858982,20.317590691307323
8.0,20.0,2003.0,de Bundesliga,0,0,0,0,8,720,de GER,0,GK,8,0,Jonas Urbig,Bayern Munich,GK,607720.0,12000000.0,16.300417291085605,21.401779603011637
7.5,18.0,2005.0,de Bundesliga,0,1,4,1,20,675,tr TUR,0,"MF,FW",6,0,Can Uzun,Eint Frankfurt,MID,816585.0,18000000.0,16.705882371415992,19.140314852840522
20.4,23.0,2000.0,de Bundesliga,0,4,1,1,26,1834,de GER,0,"DF,MF",19,0,Josha Vagnoman,Stuttgart,DEF,448258.0,10000000.0,16.118095750958314,24.057494866529773
17.3,25.0,1999.0,it Serie A,1,6,1,0,20,1556,ar ARG,0,DF,18,0,Lautaro Valenti,Parma,DEF,625202.0,1500000.0,14.220976332738882,25.965776865160848
20.4,29.0,1994.0,es La Liga,0,5,0,0,34,1835,es ESP,0,MF,18,0,Óscar Valentín,Rayo Vallecano,MID,517753.0,2500000.0,14.731801689838349,30.368240930869266
12.5,23.0,2001.0,it Serie A,1,5,0,0,14,1129,ar ARG,0,DF,13,0,Nicolás Valentini,Hellas Verona,DEF,860992.0,6000000.0,15.607270193858982,23.73990417522245
31.9,25.0,1998.0,it Serie A,0,1,2,6,35,2873,it ITA,1,DF,34,1,Emanuele Valeri,Parma,DEF,445126.0,3000000.0,14.914123179965662,26.069815195071868
30.7,28.0,1995.0,es La Liga,0,4,3,0,31,2763,sk SVK,0,DF,31,0,Martin Valjent,Mallorca,DEF,277384.0,6000000.0,15.607270193858982,29.059548254620122
11.4,20.0,2004.0,it Serie A,0,2,0,0,15,1030,es ESP,0,DF,12,0,Álex Valle,Como,DEF,709957.0,6000000.0,15.607270193858982,20.687200547570157
33.7,26.0,1998.0,es La Liga,0,4,6,4,36,3032,uy URU,0,"MF,DF",34,0,Federico Valverde,Real Madrid,MID,369081.0,130000000.0,18.683045016112164,26.4476386036961
14.0,22.0,2002.0,it Serie A,0,3,0,1,20,1257,be BEL,0,DF,14,0,Ignace Van Der Brempt,Como,DEF,490423.0,4000000.0,15.201805169084134,22.754277891854894
9.7,26.0,1998.0,de Bundesliga,1,4,1,0,13,872,be BEL,0,"DF,MF",11,0,Siebe Van Der Heyden,St. Pauli,DEF,400131.0,2500000.0,14.731801689838349,26.5927446954141
37.0,33.0,1991.0,eng Premier League,0,5,3,1,37,3330,nl NED,0,DF,37,0,Virgil van Dijk,Liverpool,DEF,139208.0,23000000.0,16.951004817371683,33.48665297741273
22.9,23.0,2001.0,fr Ligue 1,1,6,1,3,29,2064,br BRA,0,DF,23,0,Vanderson,Monaco,DEF,789082.0,20000000.0,16.811242881518265,23.531827515400412
4.8,22.0,2002.0,de Bundesliga,0,0,0,0,6,429,be BEL,0,GK,4,0,Maarten Vandevoordt,RB Leipzig,GK,486046.0,8000000.0,15.894952224644102,22.847364818617386
31.4,37.0,1987.0,eng Premier League,0,5,9,4,35,2823,eng ENG,1,FW,35,2,Jamie Vardy,Leicester City,FWD,197838.0,1000000.0,13.815511557963774,37.973990417522245
7.5,25.0,1998.0,es La Liga,0,0,2,1,11,671,ch SUI,0,"FW,MF",9,0,Ruben Vargas,Sevilla,FWD,345886.0,7000000.0,15.76142084987672,26.409308692676248
3.4,25.0,1998.0,de Bundesliga,0,3,0,0,8,305,ch SUI,0,"MF,FW",3,0,Ruben Vargas,Augsburg,MID,345886.0,7000000.0,15.76142084987672,26.409308692676248
33.0,28.0,1995.0,de Bundesliga,1,2,0,0,33,2969,ba BIH,0,GK,33,0,Nikola Vasilj,St. Pauli,GK,248454.0,3500000.0,15.068273812173887,29.084188911704313
32.0,26.0,1998.0,it Serie A,0,2,0,0,32,2880,co COL,0,GK,32,0,Devis Vásquez,Empoli,GK,495722.0,2000000.0,14.508658238524095,26.642026009582477
33.8,25.0,1998.0,it Serie A,0,9,3,0,36,3041,mx MEX,0,DF,34,0,Johan Vásquez,Genoa,DEF,532937.0,14000000.0,16.454567959008102,26.195756331279945
27.3,28.0,1996.0,de Bundesliga,0,4,2,0,29,2461,sk SVK,0,DF,27,0,Denis Vavro,Wolfsburg,DEF,239962.0,7000000.0,15.76142084987672,28.72826830937714
10.2,21.0,2003.0,es La Liga,0,3,0,0,19,919,es ESP,0,DF,10,0,Jesus Vazquez,Valencia,DEF,623024.0,3000000.0,14.914123179965662,21.998631074606433
24.3,33.0,1991.0,es La Liga,0,4,1,5,32,2189,es ESP,0,DF,25,0,Lucas Vázquez,Real Madrid,DEF,221316.0,3000000.0,14.914123179965662,33.50581793292265
9.7,32.0,1991.0,it Serie A,0,7,2,3,20,877,uy URU,0,MF,7,0,Matías Vecino,Lazio,MID,143812.0,2000000.0,14.508658238524095,33.35797399041752
4.2,21.0,2002.0,it Serie A,0,0,0,0,13,374,pt POR,0,DF,2,0,Danilo Veiga,Lecce,DEF,728485.0,1000000.0,13.815511557963774,22.269678302532512
12.1,21.0,2003.0,it Serie A,0,2,0,1,13,1093,pt POR,0,DF,12,0,Renato Veiga,Juventus,DEF,805714.0,25000000.0,17.034386422832473,21.429158110882955
12.5,20.0,2003.0,es La Liga,0,3,1,0,27,1127,ar ARG,0,FW,10,0,Alejo Véliz,Espanyol,FWD,888493.0,2500000.0,14.731801689838349,21.286789869952088
11.4,28.0,1995.0,de Bundesliga,0,1,0,1,14,1029,rs SRB,0,DF,11,0,Miloš Veljković,Werder Bremen,DEF,202228.0,3000000.0,14.914123179965662,29.267624914442163
18.9,32.0,1992.0,eng Premier League,0,5,0,0,21,1697,nl NED,0,DF,19,0,Joël Veltman,Brighton,DEF,111195.0,4000000.0,15.201805169084134,32.9637234770705
11.3,23.0,2001.0,eng Premier League,0,4,0,2,13,1015,nl NED,0,DF,12,0,Micky van de Ven,Tottenham,DEF,557459.0,50000000.0,17.72753358339242,23.704312114989733
4.0,21.0,2003.0,de Bundesliga,0,1,0,0,15,364,at AUT,0,"DF,MF",2,0,Nikolas Veratschnig,Mainz 05,DEF,601143.0,1500000.0,14.220976332738882,21.93839835728953
36.0,21.0,2002.0,eng Premier League,0,5,0,1,36,3240,nl NED,0,GK,36,0,Bart Verbruggen,Brighton,GK,565093.0,30000000.0,17.216707972959764,22.373716632443532
17.3,31.0,1993.0,fr Ligue 1,0,3,2,0,27,1553,fr FRA,0,MF,19,0,Jordan Veretout,Lyon,MID,164771.0,4000000.0,15.201805169084134,31.838466803559207
17.5,19.0,2005.0,de Bundesliga,0,7,0,2,28,1572,be BEL,0,MF,18,0,Arthur Vermeeren,RB Leipzig,MID,926694.0,22000000.0,16.906553056777135,19.89869952087611
8.0,23.0,2001.0,de Bundesliga,0,2,1,0,17,718,be BEL,0,"MF,FW",7,0,Yorbe Vertessen,Union Berlin,MID,409517.0,6000000.0,15.607270193858982,23.980835044490075
11.0,31.0,1993.0,es La Liga,0,1,0,0,25,988,es ESP,0,MF,10,1,Mikel Vesga,Athletic Club,MID,300168.0,2500000.0,14.731801689838349,31.734428473648187
15.5,31.0,1992.0,eng Premier League,0,5,0,0,18,1391,dk DEN,0,DF,16,0,Jannik Vestergaard,Leicester City,DEF,99331.0,2000000.0,14.508658238524095,32.41341546885695
24.0,27.0,1996.0,eng Premier League,0,1,0,0,24,2160,it ITA,0,GK,24,0,Guglielmo Vicario,Tottenham,GK,286047.0,32000000.0,17.281246492014,28.23545516769336
34.4,25.0,1999.0,es La Liga,0,3,5,5,37,3092,es ESP,1,"FW,MF",35,1,Carlos Vicente,Alavés,FWD,540536.0,4000000.0,15.201805169084134,25.694729637234772
3.5,22.0,2001.0,es La Liga,0,2,2,1,21,319,es ESP,0,FW,2,0,Pau Victor,Barcelona,FWD,707572.0,4000000.0,15.201805169084134,23.09924709103354
4.0,25.0,1999.0,es La Liga,0,0,0,0,4,360,es ESP,0,GK,4,0,Fran Vieites,Betis,GK,551182.0,500000.0,13.122365377402328,25.65639972621492
5.2,20.0,2004.0,it Serie A,0,0,0,0,17,470,it ITA,0,MF,3,0,Samuele Vignato,Monza,MID,650966.0,2200000.0,14.603968372873895,20.854209445585216
3.7,26.0,1997.0,es La Liga,0,2,1,1,16,333,es ESP,1,FW,2,1,Asier Villalibre,Alavés,FWD,251897.0,2500000.0,14.731801689838349,27.255304585900067
4.0,27.0,1997.0,es La Liga,0,0,0,0,4,360,es ESP,0,GK,4,0,Iván Villar,Celta Vigo,GK,297194.0,900000.0,13.710151153416941,27.482546201232033
14.1,34.0,1989.0,it Serie A,0,2,3,1,27,1267,it ITA,0,"FW,MF",18,0,Nicolas Viola,Cagliari,FWD,85393.0,1000000.0,13.815511557963774,35.22245037645448
28.6,22.0,2002.0,it Serie A,0,3,1,0,30,2572,it ITA,0,DF,30,0,Mattia Viti,Empoli,DEF,493702.0,5000000.0,15.424948670398354,22.937713894592743
14.8,24.0,2000.0,it Serie A,0,2,2,3,25,1328,pt POR,0,"FW,MF",16,0,Vitinha,Genoa,FWD,586853.0,8000000.0,15.894952224644102,24.799452429842574
22.7,24.0,2000.0,fr Ligue 1,0,1,5,1,29,2042,pt POR,2,MF,20,2,Vitinha,Paris S-G,MID,586853.0,8000000.0,15.894952224644102,24.799452429842574
29.0,25.0,1999.0,es La Liga,0,3,4,0,32,2608,es ESP,0,DF,28,0,Daniel Vivian,Athletic Club,DEF,524000.0,40000000.0,17.50439003707821,25.49486652977413
19.8,24.0,2000.0,it Serie A,0,3,10,4,29,1784,rs SRB,4,FW,21,4,Dušan Vlahović,Juventus,FWD,357498.0,35000000.0,17.370858648025116,24.928131416837783
23.5,26.0,1997.0,it Serie A,0,0,5,4,30,2117,hr CRO,2,"MF,FW",23,2,Nikola Vlašić,Torino,MID,293200.0,8000000.0,15.894952224644102,27.24435318275154
7.9,25.0,1998.0,it Serie A,0,3,2,0,12,715,it ITA,0,DF,8,0,Alessandro Vogliacco,Genoa,DEF,330208.0,2800000.0,14.845130332288226,26.299794661190965
8.6,25.0,1998.0,it Serie A,0,2,0,0,10,772,it ITA,0,DF,10,0,Alessandro Vogliacco,Parma,DEF,330208.0,2800000.0,14.845130332288226,26.299794661190965
15.2,32.0,1991.0,de Bundesliga,0,6,1,0,18,1367,de GER,1,DF,16,1,Kevin Vogt,Union Berlin,DEF,84435.0,1000000.0,13.815511557963774,33.275838466803556
12.3,29.0,1995.0,it Serie A,0,4,0,0,17,1105,xk KVX,0,DF,12,0,Mërgim Vojvoda,Torino,DEF,336125.0,3000000.0,14.914123179965662,29.916495550992472
8.0,29.0,1995.0,it Serie A,0,2,1,2,11,717,xk KVX,0,DF,8,0,Mërgim Vojvoda,Como,DEF,336125.0,3000000.0,14.914123179965662,29.916495550992472
6.2,21.0,2002.0,de Bundesliga,0,1,0,0,14,556,be BEL,0,MF,6,0,Aster Vranckx,Wolfsburg,MID,503881.0,7000000.0,15.76142084987672,22.245037645448324
18.2,32.0,1992.0,it Serie A,0,2,3,0,25,1636,nl NED,0,DF,17,0,Stefan de Vrij,Inter,DEF,111196.0,5000000.0,15.424948670398354,32.90622861054072
3.9,29.0,1995.0,fr Ligue 1,0,1,0,0,10,347,sn SEN,0,"FW,MF",2,0,Ibrahima Wadji,Saint-Étienne,FWD,364232.0,700000.0,13.45883704259595,29.661875427789184
6.4,21.0,2003.0,fr Ligue 1,0,1,3,1,13,574,fr FRA,1,FW,7,1,Elye Wahi,Marseille,FWD,659542.0,22000000.0,16.906553056777135,21.998631074606433
33.0,30.0,1994.0,de Bundesliga,0,1,0,0,33,2970,de GER,0,DF,33,0,Hauke Wahl,St. Pauli,DEF,154147.0,1500000.0,14.220976332738882,30.715947980835043
10.8,34.0,1990.0,eng Premier League,0,3,0,0,15,970,eng ENG,0,DF,9,0,Kyle Walker,Manchester City,DEF,95424.0,4000000.0,15.201805169084134,34.59822039698837
7.3,34.0,1990.0,it Serie A,0,1,0,0,11,659,eng ENG,0,DF,7,0,Kyle Walker,Milan,DEF,95424.0,4000000.0,15.201805169084134,34.59822039698837
32.4,27.0,1997.0,eng Premier League,0,5,0,2,33,2918,eng ENG,0,DF,33,0,Kyle Walker-Peters,Southampton,DEF,341051.0,15000000.0,16.52356082573315,27.720739219712527
18.5,24.0,2000.0,it Serie A,0,6,0,0,29,1661,pl POL,0,DF,20,0,Sebastian Walukiewicz,Torino,DEF,345458.0,4500000.0,15.319588176962746,24.7419575633128
35.0,26.0,1997.0,eng Premier League,0,1,2,5,36,3154,eng ENG,0,DF,35,0,Aaron Wan-Bissaka,West Ham,DEF,477758.0,24000000.0,16.993564429978885,27.09924709103354
19.7,18.0,2005.0,de Bundesliga,0,2,3,2,29,1771,de GER,1,"MF,FW",20,1,Paul Wanner,Heidenheim,MID,900909.0,18000000.0,16.705882371415992,19.025325119780973
11.5,29.0,1994.0,eng Premier League,0,2,1,1,15,1039,eng ENG,0,MF,12,0,James Ward-Prowse,West Ham,MID,181579.0,8000000.0,15.894952224644102,30.168377823408623
4.4,29.0,1994.0,eng Premier League,1,2,0,1,9,400,eng ENG,0,MF,5,0,James Ward-Prowse,Nott'ham Forest,MID,181579.0,8000000.0,15.894952224644102,30.168377823408623
28.9,28.0,1995.0,eng Premier League,0,2,16,8,38,2598,eng ENG,2,FW,31,2,Ollie Watkins,Aston Villa,FWD,324358.0,40000000.0,17.50439003707821,29.00752908966461
18.2,24.0,2000.0,it Serie A,0,4,5,2,30,1638,us USA,0,"DF,FW",18,0,Timothy Weah,Juventus,DEF,370846.0,17000000.0,16.648723960844016,24.859685147159478
9.9,29.0,1995.0,eng Premier League,0,1,0,0,14,887,eng ENG,0,DF,11,0,Adam Webster,Brighton,DEF,212847.0,11000000.0,16.213405921671733,29.99315537303217
32.0,28.0,1995.0,de Bundesliga,0,8,0,2,33,2881,de GER,0,MF,33,0,Julian Weigl,Gladbach,MID,196792.0,6000000.0,15.607270193858982,29.31690622861054
25.0,25.0,1999.0,de Bundesliga,0,4,0,0,25,2250,de GER,0,GK,25,0,Timon Weiner,Holstein Kiel,GK,296428.0,1000000.0,13.815511557963774,25.95482546201232
7.8,19.0,2005.0,de Bundesliga,0,2,3,2,23,704,de GER,0,"FW,MF",7,0,Nelson Weiper,Mainz 05,FWD,796213.0,10000000.0,16.118095750958314,19.794661190965094
31.9,30.0,1994.0,de Bundesliga,1,9,5,9,32,2868,de GER,0,"DF,MF",32,0,Mitchell Weiser,Werder Bremen,DEF,119211.0,5000000.0,15.424948670398354,30.699520876112253
12.9,22.0,2001.0,de Bundesliga,0,0,1,0,19,1160,de GER,0,"FW,MF",13,0,Noah Weißhaupt,St. Pauli,FWD,392163.0,5000000.0,15.424948670398354,23.28268309377139
23.5,33.0,1990.0,eng Premier League,0,5,10,4,30,2115,eng ENG,1,FW,24,1,Danny Welbeck,Brighton,FWD,67063.0,5000000.0,15.424948670398354,34.09993155373032
5.4,23.0,2001.0,eng Premier League,0,1,0,0,10,482,br BRA,0,DF,6,0,Welington,Southampton,DEF,729264.0,3000000.0,14.914123179965662,23.865845311430526
5.7,28.0,1996.0,eng Premier League,0,0,0,3,18,516,de GER,0,"FW,MF",4,0,Timo Werner,Tottenham,FWD,170527.0,7000000.0,15.76142084987672,28.824093086926762
14.6,20.0,2004.0,eng Premier League,0,2,0,2,20,1318,eng ENG,0,MF,16,0,Adam Wharton,Crystal Palace,MID,744149.0,45000000.0,17.622173069956816,20.903490759753595
13.3,26.0,1997.0,eng Premier League,0,2,0,2,17,1198,eng ENG,0,DF,13,0,Ben White,Arsenal,DEF,335721.0,45000000.0,17.622173069956816,27.23340177960301
5.6,31.0,1993.0,de Bundesliga,0,3,0,1,27,504,ch SUI,0,DF,3,0,Silvan Widmer,Mainz 05,DEF,168989.0,1200000.0,13.997832948091215,31.82751540041068
11.3,24.0,1999.0,eng Premier League,0,6,1,3,25,1015,nl NED,0,"DF,MF",10,0,Mats Wieffer,Brighton,DEF,415381.0,25000000.0,17.034386422832473,25.127994524298426
3.0,19.0,2004.0,fr Ligue 1,0,1,0,1,6,266,us USA,0,"DF,MF",3,0,Caleb Wiley,Strasbourg,DEF,746833.0,8000000.0,15.894952224644102,20.027378507871322
29.5,30.0,1994.0,es La Liga,0,1,6,8,35,2652,gh GHA,0,FW,29,0,Iñaki Williams,Athletic Club,FWD,255508.0,15000000.0,16.52356082573315,30.548939082819988
28.8,23.0,2001.0,eng Premier League,0,7,1,3,35,2594,wls WAL,0,DF,28,0,Neco Williams,Nott'ham Forest,DEF,503680.0,20000000.0,16.811242881518265,23.720739219712527
22.2,22.0,2002.0,es La Liga,0,1,5,5,29,1996,es ESP,0,FW,22,0,Nico Williams,Athletic Club,FWD,709187.0,70000000.0,18.064005814299346,22.47501711156742
12.1,24.0,1999.0,eng Premier League,0,4,0,2,32,1086,eng ENG,0,"MF,FW",11,0,Joe Willock,Newcastle Utd,MID,340329.0,22000000.0,16.906553056777135,25.36892539356605
4.1,32.0,1992.0,eng Premier League,0,1,0,0,18,370,eng ENG,0,FW,2,0,Callum Wilson,Newcastle Utd,FWD,123682.0,8000000.0,15.894952224644102,32.84599589322382
12.9,27.0,1997.0,eng Premier League,0,2,6,1,25,1162,wls WAL,0,"FW,MF",12,0,Harry Wilson,Fulham,FWD,279455.0,15000000.0,16.52356082573315,27.78097193702943
19.7,23.0,2001.0,de Bundesliga,1,5,3,4,29,1770,at AUT,0,"MF,FW",22,0,Patrick Wimmer,Wolfsburg,MID,533295.0,15000000.0,16.52356082573315,23.592060232717316
21.8,25.0,1999.0,de Bundesliga,0,2,9,3,31,1966,dk DEN,1,"FW,MF",21,2,Jonas Wind,Wolfsburg,FWD,391004.0,12000000.0,16.300417291085605,25.900068446269678
17.1,28.0,1996.0,eng Premier League,0,4,0,2,22,1538,eng ENG,0,MF,17,0,Harry Winks,Leicester City,MID,249126.0,9000000.0,16.012735246411598,28.914442162902123
26.1,21.0,2003.0,de Bundesliga,0,3,10,12,31,2351,de GER,2,"MF,FW",25,4,Florian Wirtz,Leverkusen,MID,598577.0,140000000.0,18.757152987716434,21.66735112936345
32.4,27.0,1996.0,eng Premier League,0,5,19,4,35,2919,cd COD,0,FW,34,0,Yoane Wissa,Brentford,FWD,388165.0,32000000.0,17.281246492014,28.32854209445585
12.8,26.0,1998.0,de Bundesliga,0,1,2,1,28,1153,nl NED,0,"MF,FW",11,0,Dani de Wit,Bochum,MID,340459.0,2500000.0,14.731801689838349,26.926762491444215
9.5,35.0,1989.0,es La Liga,0,1,0,1,14,852,be BEL,0,DF,9,0,Axel Witsel,Atlético Madrid,DEF,35047.0,2000000.0,14.508658238524095,35.969883641341546
30.1,28.0,1995.0,de Bundesliga,0,8,0,0,33,2706,de GER,0,DF,32,0,Maximilian Wittek,Bochum,DEF,196793.0,1500000.0,14.220976332738882,29.366187542778917
23.8,29.0,1995.0,de Bundesliga,0,2,1,3,32,2144,de GER,0,DF,28,0,Marius Wolf,Augsburg,DEF,193900.0,3000000.0,14.914123179965662,29.60164271047228
18.0,22.0,2002.0,de Bundesliga,1,5,12,2,28,1622,de GER,2,"FW,MF",17,3,Nick Woltemade,Stuttgart,FWD,455661.0,30000000.0,17.216707972959764,22.88021902806297
14.0,24.0,1999.0,de Bundesliga,0,2,3,2,23,1263,kr KOR,0,"MF,FW",17,0,Jeong Woo-yeong,Union Berlin,MID,297583.0,4000000.0,15.201805169084134,25.284052019164957
32.9,32.0,1991.0,eng Premier League,0,1,20,3,36,2959,nz NZL,3,FW,35,3,Chris Wood,Nott'ham Forest,FWD,108725.0,10000000.0,16.118095750958314,33.07049965776865
16.2,22.0,2001.0,fr Ligue 1,1,6,0,0,20,1456,cm CMR,0,DF,17,0,Christopher Wooh,Rennes,DEF,572326.0,6000000.0,15.607270193858982,23.288158795345655
13.2,25.0,1998.0,eng Premier League,0,2,0,0,15,1187,eng ENG,0,DF,12,0,Luke Woolfenden,Ipswich Town,DEF,527425.0,2000000.0,14.508658238524095,26.198494182067076
32.1,31.0,1992.0,de Bundesliga,0,3,2,7,33,2888,ch SUI,0,MF,33,0,Granit Xhaka,Leverkusen,MID,111455.0,12000000.0,16.300417291085605,32.26283367556468
31.7,17.0,2007.0,es La Liga,0,3,9,13,35,2856,es ESP,0,FW,31,0,Lamine Yamal,Barcelona,FWD,937958.0,200000000.0,19.11382792951231,17.472963723477072
3.5,22.0,2002.0,de Bundesliga,0,2,0,0,8,313,tr TUR,0,"FW,MF",3,0,Erencan Yardimci,Hoffenheim,FWD,618898.0,2500000.0,14.731801689838349,22.90759753593429
16.1,20.0,2004.0,eng Premier League,0,6,0,0,31,1450,ua UKR,0,MF,15,0,Yehor Yarmoliuk,Brentford,MID,717411.0,15000000.0,16.52356082573315,20.83778234086242
21.3,26.0,1997.0,eng Premier League,0,10,2,1,35,1915,eng ENG,0,MF,18,0,Ryan Yates,Nott'ham Forest,MID,425902.0,12000000.0,16.300417291085605,27.1129363449692
12.0,22.0,2002.0,es La Liga,0,7,1,0,22,1083,tr TUR,0,FW,14,0,Bertuğ Yıldırım,Getafe,FWD,672803.0,2000000.0,14.508658238524095,22.47501711156742
26.7,19.0,2005.0,it Serie A,1,2,7,4,35,2402,tr TUR,0,"FW,MF",28,0,Kenan Yıldız,Juventus,FWD,845654.0,50000000.0,17.72753358339242,19.66324435318275
12.9,18.0,2005.0,eng Premier League,0,5,0,0,21,1165,fr FRA,0,DF,12,0,Leny Yoro,Manchester Utd,DEF,923831.0,55000000.0,17.822843761378564,19.134839151266256
20.8,39.0,1985.0,eng Premier League,1,7,1,3,32,1875,eng ENG,0,DF,19,0,Ashley Young,Everton,DEF,14086.0,500000.0,13.122365377402328,39.48254620123203
25.8,22.0,2002.0,fr Ligue 1,1,4,0,0,28,2320,fr FRA,0,DF,26,0,Etienne Youte Kinkoue,Le Havre,DEF,639712.0,7000000.0,15.76142084987672,22.965092402464066
34.5,21.0,2002.0,eng Premier League,1,4,0,1,36,3109,ua UKR,0,DF,35,0,Illia Zabarnyi,Bournemouth,DEF,659089.0,42000000.0,17.553180200057167,22.33538672142368
29.8,29.0,1995.0,it Serie A,0,10,8,6,34,2686,it ITA,2,FW,33,2,Mattia Zaccagni,Lazio,FWD,283735.0,20000000.0,16.811242881518265,29.54688569472964
22.8,18.0,2006.0,fr Ligue 1,0,3,1,2,29,2050,fr FRA,0,"MF,DF",23,0,Warren Zaïre-Emery,Paris S-G,MID,810092.0,55000000.0,17.822843761378564,18.819986310746064
23.8,27.0,1996.0,fr Ligue 1,0,5,6,4,26,2144,ch SUI,2,MF,24,2,Denis Zakaria,Monaco,MID,334526.0,30000000.0,17.216707972959764,28.11498973305955
5.9,22.0,2002.0,it Serie A,0,0,0,0,12,533,pl POL,0,"DF,FW",4,0,Nicola Zalewski,Roma,DEF,550108.0,12000000.0,16.300417291085605,22.940451745379878
4.8,22.0,2002.0,it Serie A,0,4,1,1,11,435,pl POL,0,"DF,MF",4,0,Nicola Zalewski,Inter,DEF,550108.0,12000000.0,16.300417291085605,22.940451745379878
3.8,25.0,1999.0,it Serie A,1,2,0,0,9,343,it ITA,0,FW,4,0,Nicolò Zaniolo,Fiorentina,FWD,392085.0,12000000.0,16.300417291085605,25.503080082135522
4.0,25.0,1999.0,it Serie A,0,4,2,2,14,356,it ITA,0,"FW,MF",0,0,Nicolò Zaniolo,Atalanta,FWD,392085.0,12000000.0,16.300417291085605,25.503080082135522
19.0,23.0,2000.0,it Serie A,0,3,1,0,31,1711,it ITA,0,"FW,DF",19,0,Alessandro Zanoli,Genoa,FWD,397225.0,6000000.0,15.607270193858982,24.246406570841888
6.5,33.0,1991.0,it Serie A,0,1,3,0,7,587,co COL,0,FW,7,0,Duván Zapata,Torino,FWD,73794.0,3500000.0,15.068273812173887,33.75496235455168
34.0,24.0,1999.0,it Serie A,0,4,2,0,37,3060,it ITA,0,DF,35,0,Gabriele Zappa,Cagliari,DEF,392569.0,4000000.0,15.201805169084134,25.02943189596167
23.0,32.0,1992.0,it Serie A,0,3,4,2,30,2067,it ITA,0,DF,26,0,Davide Zappacosta,Atalanta,DEF,173859.0,5000000.0,15.424948670398354,32.558521560574945
20.4,23.0,2001.0,es La Liga,0,4,1,6,27,1836,es ESP,0,"FW,MF",22,0,Bryan Zaragoza,Osasuna,FWD,713644.0,12000000.0,16.300417291085605,23.312799452429843
15.6,23.0,2000.0,fr Ligue 1,1,3,2,2,28,1405,ma MAR,0,"FW,MF",16,0,Anass Zaroury,Lens,FWD,491296.0,8000000.0,15.894952224644102,24.150581793292265
10.0,25.0,1999.0,it Serie A,0,0,1,0,22,896,es ESP,0,MF,9,0,Oier Zarraga,Udinese,MID,524010.0,2000000.0,14.508658238524095,25.99315537303217
17.1,24.0,2000.0,de Bundesliga,0,5,2,0,18,1541,si SVN,0,DF,18,0,David Zec,Holstein Kiel,DEF,469709.0,2500000.0,14.731801689838349,24.99110198494182
15.7,24.0,1999.0,it Serie A,0,2,1,2,23,1415,zw ZIM,0,DF,13,0,Jordan Zemura,Udinese,DEF,633530.0,4500000.0,15.319588176962746,25.13347022587269
32.0,29.0,1994.0,de Bundesliga,0,3,0,0,32,2880,de GER,0,GK,32,0,Robin Zentner,Mainz 05,GK,160963.0,4000000.0,15.201805169084134,30.17932922655715
16.9,25.0,1999.0,it Serie A,0,4,1,1,18,1518,it ITA,0,DF,17,0,Alessio Zerbin,Venezia,DEF,433584.0,4000000.0,15.201805169084134,25.83436002737851
4.4,19.0,2005.0,it Serie A,0,0,0,1,8,395,it ITA,0,MF,4,0,Kevin Zeroli,Monza,MID,883349.0,2000000.0,14.508658238524095,19.972621492128678
13.6,26.0,1998.0,de Bundesliga,1,7,0,2,15,1221,ch SUI,0,DF,15,0,Cedric Zesiger,Augsburg,DEF,382478.0,7000000.0,15.76142084987672,26.524298425735797
5.8,26.0,1998.0,de Bundesliga,0,4,0,0,7,522,ch SUI,0,DF,5,0,Cedric Zesiger,Wolfsburg,DEF,382478.0,7000000.0,15.76142084987672,26.524298425735797
34.0,29.0,1995.0,de Bundesliga,0,2,0,0,34,3060,de GER,0,GK,34,0,Michael Zetterer,Werder Bremen,GK,196813.0,4500000.0,15.319588176962746,29.475701574264203
16.8,19.0,2005.0,fr Ligue 1,0,6,0,0,18,1512,fr FRA,0,DF,17,0,Nathan Zeze,Nantes,DEF,923832.0,15000000.0,16.52356082573315,19.540041067761805
10.9,25.0,1999.0,fr Ligue 1,0,1,4,1,12,978,xk KVX,0,"FW,MF",12,0,Edon Zhegrova,Lille,FWD,496857.0,25000000.0,17.034386422832473,25.75770020533881
10.9,30.0,1994.0,it Serie A,0,0,2,2,26,980,pl POL,2,MF,8,2,Piotr Zieliński,Inter,MID,181136.0,10000000.0,16.118095750958314,30.62012320328542
5.9,27.0,1996.0,eng Premier League,0,1,0,1,15,527,ua UKR,0,"DF,MF",5,0,Oleksandr Zinchenko,Arsenal,DEF,203853.0,20000000.0,16.811242881518265,28.046543463381244
15.6,23.0,2001.0,eng Premier League,0,2,3,1,32,1402,nl NED,0,"FW,MF",14,0,Joshua Zirkzee,Manchester Utd,FWD,435648.0,30000000.0,17.216707972959764,23.613963039014372
10.6,30.0,1994.0,de Bundesliga,0,0,2,3,15,958,ge GEO,0,FW,10,0,Budu Zivzivadze,Heidenheim,FWD,187097.0,2000000.0,14.508658238524095,30.8145106091718
7.1,19.0,2005.0,fr Ligue 1,0,2,0,0,13,638,ci CIV,0,DF,7,0,Luck Zogbé,Brest,DEF,1144999.0,2500000.0,14.731801689838349,19.77549623545517
30.1,25.0,1999.0,it Serie A,0,2,6,2,35,2713,it ITA,0,"DF,MF",33,0,Nadir Zortea,Cagliari,DEF,392966.0,5000000.0,15.424948670398354,25.53867214236824
10.8,30.0,1994.0,fr Ligue 1,0,3,0,2,17,976,dz ALG,0,"DF,FW",9,0,Yanis Zouaoui,Le Havre,DEF,691841.0,800000.0,13.592368256649284,26.680355920602327
25.2,27.0,1997.0,es La Liga,1,6,0,0,28,2269,es ESP,0,DF,27,0,Igor Zubeldia,Real Sociedad,DEF,355628.0,12000000.0,16.300417291085605,27.759069130732374
32.9,25.0,1999.0,es La Liga,0,6,2,1,36,2962,es ESP,0,MF,33,0,Martín Zubimendi,Real Sociedad,MID,423440.0,60000000.0,17.909855136853043,25.913757700205338
25.8,25.0,1998.0,eng Premier League,0,4,3,8,30,2325,no NOR,1,MF,26,1,Martin Ødegaard,Arsenal,MID,316264.0,85000000.0,18.258161826219297,26.04243668720055
