Player,Nation,Pos,Squad,Comp,Age,Born,MP_playing_time,Starts_playing_time,Min_playing_time,90s,Gls,Ast,G+A,G-PK,PK,PKatt_shooting,CrdY,CrdR,xG,npxG,xAG,npxG+xAG,PrgC,PrgP,PrgR,G+A-PK,xG+xAG,Sh_shooting,SoT,SoT%,Sh/90,SoT/90,G/Sh,G/SoT,Dist,FK_shooting,npxG/Sh,G-xG,np:G-xG,Cmp_passing_types,Att_passing_types,Cmp%_passing,TotDist_passing,PrgDist_passing,xA,A-xAG,KP,1/3_passing,PPA,CrsPA,Live_passing_types,Dead,FK_passing_types,TB,Sw,Crs,TI,CK_passing_types,In,Out,Str,Off_passing_types,Blocks_passing_types,SCA,SCA90,PassLive,PassDead,TO,Sh_gca,Fld_gca,Def,GCA,GCA90,Tkl,TklW,Def 3rd_defense,Mid 3rd_defense,Att 3rd_defense,Att_defense,Tkl%,Lost_defense,Blocks_defense,Sh_defense,Pass,Int,Tkl+Int,Clr,Err,Touches,Def Pen,Def 3rd_possession,Mid 3rd_possession,Att 3rd_possession,Att Pen,Live_possession,Att_possession,Succ,Succ%,Tkld,Tkld%,Carries,TotDist_possession,PrgDist_possession,1/3_possession,CPA,Mis,Dis,Rec,Mn/MP,Min%,Mn/Start,Compl,Subs,Mn/Sub,unSub,PPM,onG,onGA,+/-,+/-90,On-Off,onxG,onxGA,xG+/-,xG+/-90,2CrdY,Fls,Fld_misc,Off_misc,PKwon,PKcon,OG_misc,Recov,Won,Lost_misc,Won%,position_group,tm_player_id,match_method,player_id,date,market_value_in_eur,player_id_tm,date_of_birth,country_of_citizenship,contract_expiration_date,height_in_cm,foot,age_precise,contract_months_remaining,log_market_value,age_squared,career_stage,league_de Bundesliga,league_eng Premier League,league_es La Liga,league_fr Ligue 1,league_it Serie A,nation_code,confederation,confed_AFC,confed_CAF,confed_CONCACAF,confed_CONMEBOL,confed_OFC,confed_UEFA
Yunis Abdelhamid,ma MAR,DF,Saint-Étienne,fr Ligue 1,36.0,1987.0,16,11,1033,11.5,0,0,0,0,0,0,2,0,0.2,0.2,0.1,0.4,4,22,3,0.0,0.03,2,1,50.0,0.17,0.09,0.0,0.0,10.8,0,0.12,-0.2,-0.2,438,505,86.7,7952,2404,0.3,-0.1,2,28,0,0,461,42,20,0,0,0,3,0,0,0,0,2,1,6,0.55,5,1,0,0,0,0,0,0.0,17,11,15,2,0,16,62.5,6,26,18,8,14,31,57,1,641,127,414,215,14,7,641,7,3,42.9,4,57.1,322,1732,837,1,0,8,3,393,65,33.8,85.0,9,5,19.0,17,0.94,5,31,-26,-2.27,-1.73,8.0,26.4,-18.4,-1.67,0,16,6,0,0,0,0,42,19,10,65.5,DEF,199704.0,exact,199704.0,2025-06-03,400000.0,199704,1987-09-28,Morocco,2026-06-30,190.0,left,37.2621492128679,17.904073587385017,12.899222326086994,1388.4677639620315,Declining,False,False,False,True,False,MAR,CAF,False,True,False,False,False,False
Mohamed Abdelmoneim,eg EGY,DF,Nice,fr Ligue 1,25.0,1999.0,12,10,855,9.5,0,0,0,0,0,0,2,0,0.0,0.0,0.0,0.0,6,52,5,0.0,0.0,0,0,,0.0,0.0,,,,0,,0.0,0.0,471,521,90.4,8299,2620,0.2,0.0,0,41,1,0,493,28,21,0,7,2,5,0,0,0,0,0,2,8,0.84,8,0,0,0,0,0,0,0.0,21,14,12,6,3,22,59.1,9,11,5,6,15,36,56,1,635,70,260,331,46,3,635,4,1,25.0,2,50.0,342,1427,822,4,0,4,3,386,71,27.9,83.0,8,2,12.0,12,1.92,15,14,1,0.11,-0.87,16.5,11.5,5.0,0.53,0,9,10,0,0,0,0,50,31,19,62.0,DEF,566025.0,fuzzy_verified,566025.0,2025-06-03,4000000.0,566025,1999-02-01,Egypt,2028-06-30,184.0,right,25.916495550992472,41.9185282522996,15.201805169084134,671.6647416446126,Developing,False,False,False,True,False,EGY,CAF,False,True,False,False,False,False
Ali Abdi,tn TUN,"DF,MF",Nice,fr Ligue 1,30.0,1993.0,25,17,1393,15.5,5,2,7,5,0,0,2,0,4.3,4.3,1.9,6.2,35,42,101,0.45,0.4,29,11,37.9,1.87,0.71,0.17,0.45,16.9,1,0.17,0.7,0.7,502,678,74.0,7914,2701,1.7,0.1,20,19,21,7,551,122,12,0,2,51,110,0,0,0,0,5,22,45,2.91,33,3,4,4,0,1,3,0.19,43,25,18,14,11,43,65.1,15,20,6,14,20,63,37,0,886,51,230,349,315,50,886,29,12,41.4,16,55.2,391,1880,1003,15,9,32,14,481,56,45.5,77.0,6,8,10.0,1,1.8,26,16,10,0.65,-0.16,26.2,18.0,8.3,0.54,0,27,14,5,0,0,0,72,22,14,61.1,DEF,211474.0,exact,211474.0,2025-06-03,3000000.0,211474,1993-12-20,Tunisia,2027-06-30,177.0,left,31.033538672142367,29.894875164257556,14.914123179965662,963.0805225153558,Declining,False,False,False,True,False,TUN,CAF,False,True,False,False,False,False
Abner,br BRA,DF,Lyon,fr Ligue 1,24.0,2000.0,19,12,1090,12.1,1,1,2,1,0,0,1,0,0.6,0.6,1.1,1.7,31,66,55,0.17,0.14,7,3,42.9,0.58,0.25,0.14,0.33,17.7,0,0.08,0.4,0.4,568,675,84.1,8355,3494,2.3,-0.1,11,45,11,2,576,97,9,1,5,31,82,6,6,0,0,2,19,25,2.06,21,3,0,1,0,0,1,0.08,29,20,12,10,7,32,65.6,11,15,2,13,5,34,41,0,791,40,207,361,225,22,791,12,6,50.0,6,50.0,426,1926,1239,16,5,14,8,513,57,35.6,83.0,6,7,14.0,13,1.84,18,15,3,0.25,-0.48,21.3,15.5,5.8,0.48,0,16,4,0,0,0,0,45,7,9,43.8,DEF,646402.0,exact,646402.0,2025-06-03,7000000.0,646402,2000-05-27,Brazil,2029-06-30,181.0,left,24.59958932238193,53.90932982917214,15.76142084987672,605.1397948298471,Developing,False,False,False,True,False,BRA,CONMEBOL,False,False,False,True,False,False
Abdel Abqar,ma MAR,DF,Alavés,es La Liga,25.0,1999.0,29,29,2463,27.4,0,1,1,0,0,0,13,0,0.9,0.9,0.3,1.2,16,79,4,0.04,0.04,12,1,8.3,0.44,0.04,0.0,0.0,8.0,0,0.08,-0.9,-0.9,719,939,76.6,16039,5771,0.4,0.7,8,67,10,2,888,48,40,1,17,5,7,0,0,0,0,3,6,25,0.91,20,0,0,2,1,2,3,0.11,36,23,24,11,1,34,58.8,14,28,18,10,39,75,146,1,1251,160,659,545,58,25,1251,4,3,75.0,1,25.0,632,3531,2013,7,0,18,3,650,85,72.0,85.0,24,0,,0,1.03,30,41,-11,-0.4,-0.5,32.0,33.4,-1.4,-0.05,0,47,31,2,1,2,0,87,40,35,53.3,DEF,559979.0,exact,559979.0,2025-06-09,7500000.0,559979,1999-03-10,Morocco,2028-06-30,188.0,right,25.815195071868583,41.9185282522996,15.830413711839864,666.424296598628,Developing,False,False,True,False,False,MAR,CAF,False,True,False,False,False,False
Francesco Acerbi,it ITA,DF,Inter,it Serie A,36.0,1988.0,23,20,1710,19.0,0,1,1,0,0,0,0,0,0.4,0.4,0.6,1.0,19,62,22,0.05,0.05,5,1,20.0,0.26,0.05,0.0,0.0,11.5,0,0.08,-0.4,-0.4,1200,1297,92.5,22280,6158,1.4,0.4,9,59,8,5,1256,39,24,0,2,10,8,0,0,0,0,2,5,20,1.05,20,0,0,0,0,0,1,0.05,23,19,16,7,0,17,64.7,6,22,16,6,26,49,81,0,1484,139,648,733,108,20,1484,4,3,75.0,1,25.0,915,4177,2128,20,1,7,2,1101,74,50.0,83.0,18,3,17.0,7,2.04,31,21,10,0.53,-1.26,30.3,23.1,7.3,0.38,0,11,18,2,0,0,0,62,61,30,67.0,DEF,131075.0,exact,131075.0,2025-06-17,3000000.0,131075,1988-02-10,Italy,2026-06-30,192.0,left,36.89253935660506,17.904073587385017,14.914123179965662,1361.0594601786536,Declining,False,False,False,False,True,ITA,UEFA,False,False,False,False,False,True
Tosin Adarabioyo,eng ENG,DF,Chelsea,eng Premier League,26.0,1997.0,22,15,1409,15.7,1,1,2,1,0,0,4,0,0.9,0.9,0.2,1.2,5,42,1,0.13,0.07,13,2,15.4,0.83,0.13,0.08,0.5,12.5,0,0.07,0.1,0.1,1079,1184,91.1,19805,7144,0.2,0.8,1,62,1,0,1142,39,23,2,3,0,4,0,0,0,0,3,3,15,0.96,8,0,0,6,0,1,1,0.06,17,13,11,6,0,12,66.7,4,9,7,2,11,28,80,0,1330,175,630,674,27,14,1330,6,4,66.7,1,16.7,777,3207,1809,2,0,4,0,1000,64,41.2,84.0,13,7,20.0,16,1.86,28,14,14,0.89,0.58,30.8,19.3,11.5,0.74,0,8,9,1,0,0,0,41,42,28,60.0,DEF,258878.0,exact,258878.0,2025-05-30,20000000.0,258878,1997-09-24,England,2028-06-30,197.0,right,27.27173169062286,41.9185282522996,16.811242881518265,743.7473494053232,Peak,False,True,False,False,False,ENG,UEFA,False,False,False,False,False,True
Emmanuel Agbadou,ci CIV,DF,Wolves,eng Premier League,27.0,1997.0,16,16,1410,15.7,1,0,1,1,0,0,3,0,0.8,0.8,0.2,1.1,6,31,2,0.06,0.07,7,2,28.6,0.45,0.13,0.14,0.5,27.6,1,0.12,0.2,0.2,855,1001,85.4,17344,6203,0.3,-0.2,4,40,1,0,955,43,28,1,11,2,0,0,0,0,0,3,5,17,1.09,15,2,0,0,0,0,3,0.19,30,19,21,9,0,20,65.0,7,19,13,6,12,42,90,0,1172,190,649,504,28,7,1172,13,10,76.9,2,15.4,758,3670,1752,4,0,6,4,796,88,41.2,88.0,15,0,,0,1.44,20,22,-2,-0.13,0.45,19.1,22.8,-3.6,-0.23,0,7,4,1,0,0,0,83,26,20,56.5,DEF,683895.0,exact,683895.0,2025-05-30,20000000.0,683895,1997-06-17,Cote d'Ivoire,2030-06-30,185.0,right,27.54277891854894,65.90013140604468,16.811242881518265,758.604670556064,Peak,False,True,False,False,False,CIV,CAF,False,True,False,False,False,False
Emmanuel Agbadou,ci CIV,DF,Reims,fr Ligue 1,27.0,1997.0,14,14,1260,14.0,0,0,0,0,0,0,3,0,0.5,0.5,0.3,0.8,10,77,0,0.0,0.06,15,3,20.0,1.07,0.21,0.0,0.0,28.8,1,0.04,-0.5,-0.5,810,922,87.9,16521,6962,0.3,-0.3,8,71,4,1,842,77,37,3,22,1,4,0,0,0,0,3,4,21,1.5,19,0,1,1,0,0,1,0.07,25,17,19,3,3,26,73.1,7,22,13,9,19,44,64,1,1080,178,565,474,45,4,1080,12,9,75.0,3,25.0,621,3413,1974,9,0,9,6,701,90,41.2,90.0,14,0,,0,1.36,19,17,2,0.14,0.94,18.0,21.0,-3.0,-0.22,0,13,6,0,0,0,0,85,18,11,62.1,DEF,683895.0,exact,683895.0,2025-05-30,20000000.0,683895,1997-06-17,Cote d'Ivoire,2030-06-30,185.0,right,27.54277891854894,65.90013140604468,16.811242881518265,758.604670556064,Peak,False,False,False,True,False,CIV,CAF,False,True,False,False,False,False
Felix Agu,ng NGA,DF,Werder Bremen,de Bundesliga,24.0,1999.0,22,21,1751,19.5,3,0,3,3,0,0,1,0,1.4,1.4,1.8,3.2,33,43,105,0.15,0.17,9,4,44.4,0.46,0.21,0.33,0.75,13.3,0,0.15,1.6,1.6,655,822,79.7,10350,3456,2.5,-1.8,20,36,22,12,667,153,6,0,3,49,147,0,0,0,0,2,26,35,1.8,30,1,2,0,2,0,1,0.05,30,14,12,14,4,23,52.2,11,27,9,18,21,51,48,0,1045,48,315,465,270,37,1045,35,9,25.7,19,54.3,545,2589,1278,12,8,33,12,605,80,57.2,82.0,9,1,30.0,2,1.64,30,31,-1,-0.05,0.09,29.0,24.8,4.2,0.22,0,11,43,4,0,0,1,67,21,30,41.2,DEF,393512.0,exact,393512.0,2025-06-05,8000000.0,393512,1999-09-27,Nigeria,2027-06-30,180.0,right,25.26488706365503,29.894875164257556,15.894952224644102,638.3145183392434,Developing,True,False,False,False,False,NGA,CAF,False,True,False,False,False,False
Nayef Aguerd,ma MAR,DF,Real Sociedad,es La Liga,28.0,1996.0,21,21,1760,19.6,0,0,0,0,0,0,5,0,2.4,2.4,0.1,2.5,26,75,1,0.0,0.13,15,5,33.3,0.77,0.26,0.0,0.0,11.5,0,0.16,-2.4,-2.4,1213,1389,87.3,23636,8366,0.3,-0.1,5,87,3,1,1330,53,38,0,34,2,3,0,0,0,0,6,10,16,0.82,13,1,0,2,0,0,1,0.05,30,24,17,12,1,18,66.7,6,21,15,6,13,43,91,0,1594,132,729,815,53,16,1594,10,5,50.0,2,20.0,1019,6113,3798,18,0,7,3,1138,84,51.5,84.0,17,0,,3,1.48,18,15,3,0.15,0.91,25.9,18.8,7.0,0.36,0,11,19,0,0,1,0,73,61,32,65.6,DEF,361914.0,exact,361914.0,2025-06-09,18000000.0,361914,1996-03-30,Morocco,2030-06-30,190.0,left,28.758384668035593,65.90013140604468,16.705882371415992,827.0446887147046,Peak,False,False,True,False,False,MAR,CAF,False,True,False,False,False,False
Ruben Aguilar,fr FRA,"DF,MF",Lens,fr Ligue 1,31.0,1993.0,16,13,1124,12.5,1,2,3,1,0,0,4,0,0.8,0.8,1.9,2.7,32,74,101,0.24,0.21,11,3,27.3,0.88,0.24,0.09,0.33,16.0,0,0.07,0.2,0.2,677,843,80.3,9523,4115,1.4,0.1,11,44,21,6,706,132,10,2,4,47,122,0,0,0,0,5,29,26,2.08,24,0,0,2,0,0,5,0.4,34,18,17,12,5,39,61.5,15,25,3,22,13,47,23,0,996,27,253,430,320,30,996,21,9,42.9,9,42.9,518,2371,1309,21,5,19,6,612,70,36.7,84.0,5,3,12.0,3,1.69,17,12,5,0.4,0.49,17.3,15.8,1.5,0.12,0,14,15,5,0,0,0,79,10,16,38.5,DEF,203746.0,exact,203746.0,2025-06-03,3500000.0,203746,1993-04-26,France,2028-06-30,172.0,right,31.685147159479808,41.9185282522996,15.068273812173887,1003.9485505178914,Declining,False,False,False,True,False,FRA,UEFA,False,False,False,False,False,True
Honest Ahanor,it ITA,"DF,MF",Genoa,it Serie A,16.0,2008.0,6,3,270,3.0,0,0,0,0,0,0,0,0,0.5,0.5,0.1,0.6,3,3,7,0.0,0.21,3,1,33.3,1.0,0.33,0.0,0.0,10.5,0,0.17,-0.5,-0.5,51,76,67.1,868,299,0.1,-0.1,2,0,0,0,64,12,1,0,0,4,10,1,1,0,0,0,3,5,1.67,3,0,0,0,1,1,0,0.0,7,5,2,3,2,10,70.0,3,4,0,4,1,8,9,0,106,8,27,43,38,7,106,1,0,0.0,0,0.0,52,282,119,1,0,7,2,50,45,7.9,70.0,0,3,20.0,11,0.67,2,7,-5,-1.67,-1.47,2.7,5.0,-2.4,-0.79,0,2,8,0,0,0,0,14,5,3,62.5,DEF,1077175.0,exact,1077175.0,2025-06-17,5000000.0,1077175,2008-02-23,Italy,2028-06-30,184.0,left,16.856947296372347,41.9185282522996,15.424948670398354,284.15667215267496,Emerging,False,False,False,False,True,ITA,UEFA,False,False,False,False,False,True
Joseph Aidoo,gh GHA,DF,Valladolid,es La Liga,28.0,1995.0,8,6,583,6.5,0,0,0,0,0,0,0,0,0.0,0.0,0.0,0.0,1,14,0,0.0,0.01,1,0,0.0,0.15,0.0,0.0,,10.3,0,0.04,0.0,0.0,337,378,89.2,7044,2518,0.1,0.0,0,9,2,0,363,15,9,0,2,0,1,0,0,0,0,0,3,1,0.15,1,0,0,0,0,0,0,0.0,5,5,3,2,0,3,66.7,1,8,4,4,5,10,26,1,431,61,265,168,2,1,431,1,1,100.0,0,0.0,259,1248,678,0,0,0,1,320,73,17.0,78.0,4,2,57.0,1,0.0,6,25,-19,-2.93,-1.51,5.4,15.3,-9.9,-1.53,0,4,2,0,0,0,0,25,9,8,52.9,DEF,358250.0,exact,358250.0,2025-06-09,1200000.0,358250,1995-09-29,Ghana,2026-06-30,181.0,right,29.259411362080765,17.904073587385017,13.997832948091215,856.113153255461,Peak,False,False,True,False,False,GHA,CAF,False,True,False,False,False,False
Ola Aina,ng NGA,DF,Nott'ham Forest,eng Premier League,27.0,1996.0,35,35,2995,33.3,2,1,3,2,0,0,5,0,0.6,0.6,1.4,2.1,67,107,67,0.09,0.06,11,2,18.2,0.33,0.06,0.18,1.0,26.1,0,0.06,1.4,1.4,994,1352,73.5,15371,6297,2.2,-0.4,16,85,23,11,1071,279,15,0,4,59,264,0,0,0,0,2,46,62,1.86,49,5,3,1,3,1,4,0.12,55,42,39,15,1,64,56.3,28,34,12,22,33,88,115,4,1708,156,613,717,409,22,1708,72,33,45.8,27,37.5,749,4798,2787,46,10,44,22,822,86,87.6,86.0,28,0,,0,1.77,55,39,16,0.48,1.33,41.2,39.4,1.9,0.06,0,23,35,2,0,1,0,190,13,19,40.6,DEF,236490.0,exact,236490.0,2025-05-30,22000000.0,236490,1996-10-08,Nigeria,2028-06-30,184.0,right,28.23271731690623,41.9185282522996,16.906553056777135,797.0863270963368,Peak,False,True,False,False,False,NGA,CAF,False,True,False,False,False,False
Rayan Aït-Nouri,dz ALG,DF,Wolves,eng Premier League,23.0,2001.0,37,37,3109,34.5,4,7,11,4,0,0,7,1,2.7,2.7,5.5,8.2,89,108,176,0.32,0.24,36,10,27.8,1.04,0.29,0.11,0.4,14.9,0,0.08,1.3,1.3,1449,1721,84.2,19837,5926,4.0,1.5,46,77,30,10,1397,320,44,3,4,94,246,30,24,1,0,4,42,91,2.63,56,15,8,7,4,1,12,0.35,89,57,52,28,9,70,61.4,27,42,6,36,26,115,75,2,2148,96,577,916,685,96,2148,137,63,46.0,56,40.9,1129,6166,3205,62,28,52,47,1321,84,90.9,84.0,18,0,,0,1.05,46,67,-21,-0.61,-2.34,38.7,52.6,-13.9,-0.4,1,30,46,6,0,0,0,145,22,30,42.3,DEF,578391.0,exact,578391.0,2025-05-30,35000000.0,578391,2001-06-06,Algeria,2030-06-30,180.0,left,23.572895277207394,65.90013140604468,17.370858648025116,555.6813917501867,Developing,False,True,False,False,False,ALG,CAF,False,True,False,False,False,False
Kristoffer Ajer,no NOR,DF,Brentford,eng Premier League,26.0,1998.0,24,17,1438,16.0,0,0,0,0,0,0,5,0,1.0,1.0,1.2,2.2,27,56,44,0.0,0.14,9,3,33.3,0.56,0.19,0.0,0.0,9.5,0,0.11,-1.0,-1.0,504,644,78.3,7868,2831,0.5,-1.2,8,44,7,4,570,73,2,0,3,14,71,0,0,0,0,1,18,18,1.13,15,0,1,2,0,0,2,0.13,26,18,14,11,1,27,51.9,13,17,4,13,12,38,50,0,795,53,265,368,168,38,795,16,7,43.8,8,50.0,387,2098,1180,11,2,15,12,491,60,42.0,79.0,5,7,14.0,2,1.33,20,25,-5,-0.31,-0.95,20.8,21.5,-0.7,-0.04,0,13,6,2,0,0,0,42,27,23,54.0,DEF,328658.0,exact,328658.0,2025-05-30,18000000.0,328658,1998-04-17,Norway,2030-06-30,198.0,right,26.71047227926078,65.90013140604468,16.705882371415992,713.4493293811586,Peak,False,True,False,False,False,NOR,UEFA,False,False,False,False,False,True
Manuel Akanji,ch SUI,DF,Manchester City,eng Premier League,29.0,1995.0,26,23,2014,22.4,0,0,0,0,0,0,3,0,1.6,1.6,0.4,1.9,46,158,7,0.0,0.09,15,2,13.3,0.67,0.09,0.0,0.0,14.7,0,0.1,-1.6,-1.6,1632,1744,93.6,27046,7578,1.3,-0.4,9,177,11,2,1707,36,18,4,10,11,10,0,0,0,0,1,6,37,1.65,37,0,0,0,0,0,3,0.13,19,12,12,4,3,17,64.7,6,11,8,3,9,28,64,3,1881,119,559,920,405,19,1881,2,2,100.0,0,0.0,1254,6953,4234,64,0,5,5,1483,77,58.9,86.0,20,3,12.0,2,2.04,46,28,18,0.8,0.16,43.7,29.1,14.6,0.65,0,17,9,0,0,0,0,103,30,33,47.6,DEF,284730.0,exact,284730.0,2025-05-30,28000000.0,284730,1995-07-19,Switzerland,2028-06-30,188.0,right,29.456536618754278,41.9185282522996,17.147715103853763,867.6875495720117,Peak,False,True,False,False,False,SUI,UEFA,False,False,False,False,False,True
Ümit Akdag,ro ROU,DF,Toulouse,fr Ligue 1,20.0,2003.0,9,6,500,5.6,0,0,0,0,0,0,2,0,0.1,0.1,0.1,0.1,4,29,9,0.0,0.03,2,0,0.0,0.36,0.0,0.0,,24.3,0,0.04,-0.1,-0.1,274,348,78.7,4648,1667,0.1,-0.1,2,18,1,0,317,31,8,1,3,3,20,0,0,0,0,0,9,5,0.9,5,0,0,0,0,0,0,0.0,8,4,3,4,1,12,41.7,7,10,8,2,11,19,19,0,400,29,145,232,27,1,400,1,1,100.0,0,0.0,217,947,452,3,0,1,0,240,56,16.3,72.0,0,3,22.0,22,0.89,1,9,-8,-1.44,-1.76,8.5,8.3,0.3,0.05,0,8,1,0,0,0,0,24,18,7,72.0,DEF,958647.0,exact_accent_stripped,958647.0,2025-06-03,600000.0,958647,2003-10-06,Romania,2028-06-30,192.0,left,21.240246406570844,41.9185282522996,13.304686600863562,451.14806741184566,Emerging,False,False,False,True,False,ROU,UEFA,False,False,False,False,False,True
Nathan Aké,nl NED,DF,Manchester City,eng Premier League,29.0,1995.0,10,8,678,7.5,0,0,0,0,0,0,0,0,0.2,0.2,0.0,0.2,12,50,2,0.0,0.03,3,0,0.0,0.4,0.0,0.0,,10.0,0,0.07,-0.2,-0.2,509,542,93.9,8321,2950,0.2,0.0,1,42,1,0,514,26,13,0,0,1,7,0,0,0,0,2,3,8,1.06,8,0,0,0,0,0,0,0.0,9,7,7,2,0,6,66.7,2,7,2,5,3,12,22,1,596,51,205,331,61,5,596,1,1,100.0,0,0.0,403,2244,1501,12,1,4,3,449,68,19.8,79.0,2,2,24.0,9,1.4,11,11,0,0.0,-0.92,12.6,13.5,-0.9,-0.12,0,2,0,0,0,0,0,24,13,10,56.5,DEF,177476.0,exact,177476.0,2025-05-30,25000000.0,177476,1995-02-18,Netherlands,2027-06-30,180.0,left,29.869952087611225,29.894875164257556,17.034386422832473,892.2140377161902,Peak,False,True,False,False,False,NED,UEFA,False,False,False,False,False,True
Sergio Akieme,es ESP,DF,Reims,fr Ligue 1,26.0,1997.0,30,29,2523,28.0,2,3,5,2,0,0,5,0,1.5,1.5,2.5,4.0,55,86,97,0.18,0.14,26,7,26.9,0.93,0.25,0.08,0.29,20.1,1,0.06,0.5,0.5,929,1147,81.0,13641,4062,2.5,0.5,21,42,20,12,952,190,25,0,1,94,152,11,9,0,0,5,19,37,1.32,29,4,0,2,2,0,3,0.11,34,23,30,3,1,36,61.1,14,26,9,17,17,51,97,4,1436,100,524,548,377,34,1436,31,13,41.9,17,54.8,710,4339,2357,36,5,31,19,817,84,82.5,87.0,23,1,13.0,0,0.8,24,39,-15,-0.54,-0.7,30.9,49.4,-18.5,-0.66,0,25,21,1,0,0,0,109,19,26,42.2,DEF,355627.0,exact,355627.0,2024-06-03,7000000.0,355627,1997-12-16,Spain,2028-06-30,175.0,left,27.044490075290895,41.9185282522996,15.76142084987672,731.4044434325077,Peak,False,False,False,True,False,ESP,UEFA,False,False,False,False,False,True
Clément Akpa,ci CIV,DF,Auxerre,fr Ligue 1,22.0,2001.0,31,29,2486,27.6,0,1,1,0,0,0,7,0,0.3,0.3,0.9,1.2,27,74,24,0.04,0.04,6,1,16.7,0.22,0.04,0.0,0.0,15.1,0,0.05,-0.3,-0.3,998,1209,82.5,19673,7381,0.9,0.1,8,74,10,5,1105,101,56,0,40,25,40,2,1,1,0,3,20,22,0.8,15,3,0,0,2,2,4,0.14,55,34,36,12,7,46,67.4,15,38,14,24,42,97,141,2,1532,171,797,636,117,10,1532,23,8,34.8,11,47.8,895,4510,2340,20,1,9,4,929,80,81.2,83.0,19,2,34.0,1,1.29,38,40,-2,-0.07,0.08,32.3,46.3,-14.1,-0.51,0,15,35,0,0,1,0,116,38,31,55.1,DEF,806793.0,exact,806793.0,2025-06-03,5000000.0,806793,2001-11-24,Cote d'Ivoire,2028-06-30,181.0,left,23.104722792607802,41.9185282522996,15.424948670398354,533.8282153232504,Developing,False,False,False,True,False,CIV,CAF,False,True,False,False,False,False
Kevin Akpoguma,ng NGA,DF,Hoffenheim,de Bundesliga,29.0,1995.0,32,23,2220,24.7,0,0,0,0,0,0,3,0,0.1,0.1,0.3,0.4,14,98,16,0.0,0.02,5,1,20.0,0.2,0.04,0.0,0.0,31.0,0,0.02,-0.1,-0.1,1193,1369,87.1,21274,7664,0.6,-0.3,7,101,10,0,1280,85,43,1,5,12,14,0,0,0,0,4,10,27,1.09,25,1,0,0,1,0,1,0.04,54,27,36,12,6,46,65.2,16,65,37,28,29,83,115,1,1692,227,759,830,115,5,1692,15,8,53.3,6,40.0,892,3929,1772,15,0,11,9,1025,69,72.5,86.0,21,9,26.0,2,0.97,31,48,-17,-0.69,-0.15,30.9,44.7,-13.8,-0.56,0,25,23,1,0,4,0,107,48,47,50.5,DEF,160241.0,exact,160241.0,2025-06-05,2500000.0,160241,1995-04-19,Nigeria,2026-06-30,192.0,right,29.7056810403833,17.904073587385017,14.731801689838349,882.4274860729879,Peak,True,False,False,False,False,NGA,CAF,False,True,False,False,False,False
David Alaba,at AUT,DF,Real Madrid,es La Liga,32.0,1992.0,7,4,317,3.5,0,0,0,0,0,0,1,0,0.0,0.0,0.1,0.1,2,7,4,0.0,0.02,0,0,,0.0,0.0,,,,0,,0.0,0.0,206,228,90.4,3522,1456,0.1,-0.1,1,11,1,0,214,13,4,0,2,3,2,0,0,0,0,1,2,2,0.57,2,0,0,0,0,0,0,0.0,1,0,1,0,0,0,,0,5,5,0,6,7,7,0,247,36,137,100,11,2,247,0,0,,0,,180,934,482,1,0,1,0,199,45,9.3,66.0,1,3,17.0,5,2.14,6,4,2,0.57,-0.53,7.1,4.2,2.9,0.82,0,2,0,0,0,0,0,8,4,1,80.0,DEF,59016.0,exact,59016.0,2025-06-09,6000000.0,59016,1992-06-24,Austria,2026-06-30,180.0,left,32.52292950034223,17.904073587385017,15.607270193858982,1057.7409432842308,Declining,False,False,True,False,False,AUT,UEFA,False,False,False,False,False,True
Raúl Albiol,es ESP,DF,Villarreal,es La Liga,38.0,1985.0,15,14,1188,13.2,0,0,0,0,0,0,5,0,0.1,0.1,0.0,0.1,3,34,0,0.0,0.01,2,0,0.0,0.15,0.0,0.0,,9.6,0,0.05,-0.1,-0.1,727,813,89.4,14582,6006,0.1,0.0,0,26,1,0,778,33,25,1,4,0,0,0,0,0,0,2,3,5,0.38,4,0,0,1,0,0,3,0.23,10,9,9,1,0,10,60.0,4,10,9,1,6,16,69,1,915,157,533,369,14,3,915,0,0,,0,,514,2346,1226,1,0,3,1,652,79,34.7,84.0,12,1,6.0,13,1.73,26,20,6,0.45,-0.11,22.3,13.8,8.5,0.64,0,11,6,0,0,2,1,44,29,14,67.4,DEF,15452.0,exact,15452.0,2025-06-09,1000000.0,15452,1985-09-04,Spain,2026-06-30,190.0,right,39.3264887063655,17.904073587385017,13.815511557963774,1546.5727139718933,Declining,False,False,True,False,False,ESP,UEFA,False,False,False,False,False,True
Omar Alderete,py PAR,DF,Getafe,es La Liga,27.0,1996.0,34,34,2971,33.0,1,0,1,1,0,0,8,0,1.7,1.7,0.9,2.6,25,112,7,0.03,0.08,38,10,26.3,1.15,0.3,0.03,0.1,21.9,7,0.04,-0.7,-0.7,724,1106,65.5,16992,7859,0.9,-0.9,11,132,15,2,1026,67,61,3,29,6,0,0,0,0,0,13,14,37,1.12,28,1,1,5,1,1,4,0.12,43,29,30,11,2,30,66.7,10,38,22,16,40,83,241,1,1585,192,681,796,122,39,1585,28,18,64.3,10,35.7,633,4014,2546,20,2,30,9,658,87,86.9,87.0,27,0,,0,1.21,32,35,-3,-0.09,0.31,33.5,40.5,-7.0,-0.21,0,33,12,8,1,4,0,115,101,51,66.4,DEF,353032.0,exact,353032.0,2025-06-09,8000000.0,353032,1996-12-26,Paraguay,2029-06-30,190.0,left,28.016427104722794,53.90932982917214,15.894952224644102,784.920187714246,Peak,False,False,True,False,False,PAR,CONMEBOL,False,False,False,True,False,False
Trent Alexander-Arnold,eng ENG,DF,Liverpool,eng Premier League,25.0,1998.0,33,28,2365,26.3,3,6,9,3,0,0,5,0,1.9,1.9,7.3,9.2,51,232,94,0.34,0.35,45,8,17.8,1.71,0.3,0.07,0.38,23.6,3,0.04,1.1,1.1,1448,1971,73.5,27901,11363,7.4,-1.3,52,207,65,20,1651,310,63,12,32,153,192,55,34,12,1,10,36,98,3.73,74,15,5,4,0,0,10,0.38,72,50,44,19,9,105,46.7,56,26,9,17,31,103,55,4,2252,88,593,1013,660,44,2252,37,17,45.9,17,45.9,1183,5353,2860,36,9,19,15,1436,72,69.2,79.0,12,5,29.0,1,2.27,67,25,42,1.6,1.34,58.6,21.7,36.9,1.4,0,11,9,1,0,0,0,132,3,13,18.8,DEF,314353.0,exact,314353.0,2025-05-30,75000000.0,314353,1998-10-07,England,2031-06-30,180.0,right,26.236824093086927,77.8909329829172,18.132998684833918,688.3709384915867,Peak,False,True,False,False,False,ENG,UEFA,False,False,False,False,False,True
Marcos Alonso,es ESP,DF,Celta Vigo,es La Liga,33.0,1990.0,31,29,2647,29.4,3,0,3,0,3,3,10,2,4.0,1.6,1.3,2.9,64,215,49,0.0,0.18,31,10,32.3,1.05,0.34,0.0,0.0,20.3,7,0.05,-1.0,-1.6,2139,2397,89.2,38937,14018,2.0,-1.3,21,226,21,6,2236,158,81,2,25,42,54,15,10,3,0,3,24,46,1.56,38,3,1,3,0,1,6,0.2,35,21,19,13,3,44,56.8,19,22,7,15,34,69,126,4,2683,211,1022,1399,298,35,2680,25,16,64.0,8,32.0,1733,10524,6481,48,2,20,9,1901,85,77.4,88.0,25,2,51.0,0,1.48,41,39,2,0.07,0.07,42.5,28.4,14.1,0.48,1,31,28,2,0,1,0,176,70,42,62.5,DEF,112515.0,exact,112515.0,2025-06-09,1500000.0,112515,1990-12-28,Spain,2026-06-30,188.0,left,34.012320328542096,17.904073587385017,14.220976332738882,1156.837934131358,Declining,False,False,True,False,False,ESP,UEFA,False,False,False,False,False,True
Giorgio Altare,it ITA,DF,Venezia,it Serie A,25.0,1998.0,12,8,753,8.4,0,0,0,0,0,0,2,0,0.2,0.2,0.1,0.3,4,20,5,0.0,0.04,3,1,33.3,0.36,0.12,0.0,0.0,15.2,0,0.05,-0.2,-0.2,283,389,72.8,5113,1998,0.2,-0.1,1,15,2,1,319,68,13,0,2,7,55,0,0,0,0,2,2,5,0.6,3,0,1,0,0,1,0,0.0,13,12,8,3,2,15,53.3,7,21,11,10,17,30,49,0,505,60,235,216,57,6,505,6,5,83.3,1,16.7,235,990,404,10,0,5,5,252,63,22.0,80.0,5,4,29.0,4,0.92,9,12,-3,-0.36,0.35,6.5,13.4,-6.9,-0.83,0,10,2,0,0,0,1,27,19,17,52.8,DEF,354909.0,exact,354909.0,2025-06-02,1000000.0,354909,1998-08-09,Italy,2026-06-30,190.0,right,26.39835728952772,17.904073587385017,13.815511557963774,696.8732675855613,Peak,False,False,False,False,True,ITA,UEFA,False,False,False,False,False,True
Adrià Altimira,es ESP,"DF,FW",Leganés,es La Liga,23.0,2001.0,22,19,1630,18.1,0,0,0,0,0,0,6,0,0.3,0.3,0.5,0.8,23,42,69,0.0,0.04,7,2,28.6,0.39,0.11,0.0,0.0,24.1,0,0.04,-0.3,-0.3,483,615,78.5,7731,2148,0.7,-0.5,11,34,10,2,516,97,4,2,3,28,93,0,0,0,0,2,11,21,1.16,14,1,1,0,5,0,1,0.06,41,24,26,12,3,40,60.0,16,15,6,9,15,56,54,2,826,57,248,380,209,8,826,31,10,32.3,12,38.7,370,1917,1049,23,4,28,7,432,74,47.7,79.0,11,3,43.0,14,1.18,17,26,-9,-0.5,-0.09,15.6,25.5,-9.9,-0.55,0,27,28,3,0,1,0,71,12,19,38.7,DEF,466807.0,exact,466807.0,2024-06-07,2000000.0,466807,2001-03-28,Spain,2028-06-30,170.0,right,23.76454483230664,41.9185282522996,14.508658238524095,564.7535910867123,Developing,False,False,True,False,False,ESP,UEFA,False,False,False,False,False,True
Yeray Álvarez,es ESP,DF,Athletic Club,es La Liga,29.0,1995.0,21,20,1781,19.8,1,0,1,1,0,0,4,0,0.5,0.5,0.2,0.7,19,105,0,0.05,0.04,9,2,22.2,0.45,0.1,0.11,0.5,15.5,0,0.05,0.5,0.5,994,1182,84.1,20211,7016,0.4,-0.2,4,80,3,2,1126,52,40,1,16,3,2,0,0,0,0,4,13,18,0.91,15,0,0,0,0,3,2,0.1,25,13,14,9,2,22,68.2,7,10,6,4,34,59,129,1,1425,100,554,825,55,14,1425,9,6,66.7,3,33.3,792,4934,3165,8,0,11,7,903,85,52.1,89.0,19,1,2.0,9,1.9,20,11,9,0.45,-0.42,25.1,15.9,9.2,0.46,0,15,15,0,0,0,0,83,49,42,53.8,DEF,255488.0,exact,255488.0,2025-06-09,7000000.0,255488,1995-01-24,Spain,2028-06-30,182.0,right,29.93839835728953,41.9185282522996,15.76142084987672,896.3076961997564,Peak,False,False,True,False,False,ESP,UEFA,False,False,False,False,False,True
Harry Amass,eng ENG,DF,Manchester Utd,eng Premier League,17.0,2007.0,5,4,346,3.8,0,0,0,0,0,0,0,0,0.1,0.1,0.0,0.1,9,7,23,0.0,0.02,3,0,0.0,0.78,0.0,0.0,,21.7,0,0.02,-0.1,-0.1,149,181,82.3,1920,387,0.1,0.0,1,5,0,0,150,31,2,0,0,9,29,0,0,0,0,0,3,8,2.08,7,0,0,1,0,0,0,0.0,6,2,5,1,0,8,25.0,6,11,1,10,2,8,11,0,250,13,82,88,84,5,250,8,3,37.5,4,50.0,132,705,376,6,2,18,5,124,69,10.1,81.0,3,1,22.0,8,0.6,5,9,-4,-1.04,-0.86,5.4,6.3,-0.9,-0.24,0,2,4,1,0,0,0,26,7,6,53.8,DEF,1011738.0,exact,1011738.0,2025-05-30,5000000.0,1011738,2007-03-16,England,2026-06-30,181.0,left,17.79876796714579,17.904073587385017,15.424948670398354,316.796141148295,Emerging,False,True,False,False,False,ENG,UEFA,False,False,False,False,False,True
Jordan Amavi,fr FRA,DF,Brest,fr Ligue 1,30.0,1994.0,11,8,790,8.8,0,0,0,0,0,0,2,0,0.3,0.3,0.2,0.4,22,36,21,0.0,0.05,8,3,37.5,0.91,0.34,0.0,0.0,25.0,1,0.03,-0.3,-0.3,386,526,73.4,6269,2275,0.4,-0.2,6,28,6,1,428,96,9,0,2,15,87,0,0,0,0,2,13,14,1.59,13,0,0,1,0,0,1,0.11,24,17,10,11,3,21,71.4,6,10,2,8,7,31,18,0,615,20,186,304,131,4,615,13,7,53.8,6,46.2,309,1558,936,18,1,9,5,361,72,25.8,87.0,4,3,33.0,9,1.18,8,18,-10,-1.14,-1.26,10.0,16.6,-6.6,-0.75,0,15,6,0,0,2,0,35,15,6,71.4,DEF,241229.0,exact,241229.0,2024-06-03,1200000.0,241229,1994-03-09,France,,176.0,left,30.817248459958932,,13.997832948091215,949.7028026428412,Declining,False,False,False,True,False,FRA,UEFA,False,False,False,False,False,True
Kelvin Amian,fr FRA,DF,Nantes,fr Ligue 1,26.0,1998.0,30,23,2165,24.1,1,0,1,1,0,0,5,0,1.0,1.0,0.8,1.8,32,73,77,0.04,0.08,7,4,57.1,0.29,0.17,0.14,0.25,14.9,0,0.14,0.0,0.0,738,921,80.1,11821,5145,1.8,-0.8,13,60,24,12,719,200,14,4,1,37,184,0,0,0,0,2,24,38,1.58,26,7,1,1,2,1,1,0.04,55,31,40,14,1,35,82.9,6,18,11,7,13,68,85,0,1153,81,374,523,267,21,1153,22,13,59.1,8,36.4,544,2412,1208,27,1,20,12,637,72,70.8,87.0,18,7,23.0,3,1.07,26,36,-10,-0.42,-0.11,25.0,41.3,-16.3,-0.68,0,23,11,1,0,0,0,54,21,21,50.0,DEF,344072.0,exact,344072.0,2025-06-03,2500000.0,344072,1998-02-08,France,2028-06-30,180.0,right,26.89664613278576,41.9185282522996,14.731801689838349,723.4295731922992,Peak,False,False,False,True,False,FRA,UEFA,False,False,False,False,False,True
Samuel Amo-Ameyaw,eng ENG,"DF,MF",Strasbourg,fr Ligue 1,18.0,2006.0,9,3,320,3.6,2,0,2,2,0,0,0,0,0.7,0.7,0.6,1.3,11,12,18,0.56,0.35,9,7,77.8,2.53,1.97,0.22,0.29,17.0,0,0.08,1.3,1.3,106,123,86.2,1579,280,0.9,-0.6,5,4,5,0,116,7,1,1,0,6,3,3,1,0,0,0,3,14,3.93,9,1,2,2,0,0,1,0.28,5,3,3,2,0,9,22.2,7,3,0,3,3,8,2,0,165,2,29,72,68,10,165,12,5,41.7,4,33.3,94,698,300,10,4,7,2,113,36,10.5,76.0,0,6,15.0,5,1.89,7,6,1,0.28,-0.08,4.2,6.7,-2.4,-0.69,0,3,5,1,0,0,0,14,0,7,0.0,DEF,933900.0,exact,933900.0,2025-06-03,4000000.0,933900,2006-07-18,England,2029-06-30,174.0,left,18.458590006844627,53.90932982917214,15.201805169084134,340.71954504078434,Emerging,False,False,False,True,False,ENG,UEFA,False,False,False,False,False,True
Joachim Andersen,dk DEN,DF,Fulham,eng Premier League,28.0,1996.0,29,29,2583,28.7,0,0,0,0,0,0,6,1,1.0,1.0,0.5,1.5,16,112,2,0.0,0.05,19,4,21.1,0.66,0.14,0.0,0.0,15.1,0,0.05,-1.0,-1.0,1654,2000,82.7,36471,14436,0.5,-0.5,4,196,6,3,1891,102,81,0,35,12,9,0,0,0,0,7,8,35,1.23,27,1,0,7,0,0,2,0.07,27,18,20,6,1,24,62.5,9,37,28,9,34,61,188,1,2336,340,1233,1013,102,22,2336,6,4,66.7,0,0.0,1350,6505,3435,14,1,6,3,1621,89,75.5,89.0,28,0,,2,1.45,43,42,1,0.03,0.14,39.5,35.8,3.7,0.13,0,18,19,0,0,1,1,122,70,39,64.2,DEF,260827.0,exact,260827.0,2025-05-30,27000000.0,260827,1996-05-31,Denmark,2029-06-30,192.0,right,28.588637919233403,53.90932982917214,17.11134746100564,817.31021807703,Peak,False,True,False,False,False,DEN,UEFA,False,False,False,False,False,True
Angeliño,es ESP,DF,Roma,it Serie A,27.0,1997.0,38,36,3177,35.3,2,1,3,2,0,0,1,0,1.4,1.4,3.7,5.1,66,172,172,0.08,0.15,24,6,25.0,0.68,0.17,0.08,0.33,20.0,0,0.06,0.6,0.6,1544,1969,78.4,28294,9958,4.0,-2.7,50,135,58,22,1669,294,49,3,18,116,233,11,3,8,0,6,25,89,2.52,68,14,2,1,4,0,7,0.2,46,24,20,24,2,34,50.0,17,33,9,24,28,74,98,0,2266,102,640,1041,602,47,2266,27,11,40.7,11,40.7,1202,5724,3048,52,11,27,9,1476,84,92.9,87.0,32,2,20.0,0,1.82,52,32,20,0.57,0.2,49.2,38.4,10.8,0.31,0,32,33,5,1,0,0,101,30,27,52.6,DEF,277179.0,exact,277179.0,2025-06-17,20000000.0,277179,1997-01-04,Spain,2028-06-30,171.0,left,27.991786447638603,41.9185282522996,16.811242881518265,783.5401085302042,Peak,False,False,False,False,True,ESP,UEFA,False,False,False,False,False,True
Waldemar Anton,de GER,DF,Dortmund,de Bundesliga,28.0,1996.0,26,22,1949,21.7,2,2,4,2,0,0,4,0,1.7,1.7,0.8,2.5,32,117,28,0.18,0.11,19,3,15.8,0.88,0.14,0.11,0.67,13.5,0,0.09,0.3,0.3,1664,1841,90.4,30553,9607,1.8,1.2,6,124,6,3,1763,78,33,2,6,24,37,0,0,0,0,0,18,41,1.9,32,0,6,2,0,1,5,0.23,34,21,18,10,6,23,73.9,6,33,16,17,30,64,112,1,2126,189,793,1162,179,32,2126,24,20,83.3,2,8.3,1386,6989,3497,28,0,21,9,1542,75,63.7,85.0,19,4,22.0,3,1.77,50,31,19,0.88,0.8,40.4,28.0,12.4,0.57,0,20,20,1,0,0,1,122,46,27,63.0,DEF,193004.0,exact,193004.0,2025-06-05,18000000.0,193004,1996-07-20,Germany,2028-06-30,189.0,right,28.451745379876797,41.9185282522996,16.705882371415992,809.5018151613407,Peak,True,False,False,False,False,GER,UEFA,False,False,False,False,False,True
Dennis Appiah,fr FRA,DF,Saint-Étienne,fr Ligue 1,32.0,1992.0,29,22,2128,23.6,0,1,1,0,0,0,2,0,0.2,0.2,2.1,2.3,51,108,110,0.04,0.1,5,2,40.0,0.21,0.08,0.0,0.0,20.3,0,0.04,-0.2,-0.2,903,1179,76.6,14432,6487,2.2,-1.1,13,81,25,7,957,218,16,3,2,52,202,0,0,0,0,4,43,38,1.61,32,3,2,0,0,1,3,0.13,71,43,42,22,7,71,57.7,30,36,8,28,29,100,89,2,1486,92,514,610,371,27,1486,43,20,46.5,22,51.2,630,3033,1650,32,6,34,18,824,73,69.5,90.0,20,7,21.0,2,0.9,29,55,-26,-1.1,0.06,26.7,50.5,-23.8,-1.01,0,37,9,2,0,2,0,90,27,31,46.6,DEF,111038.0,exact,111038.0,2025-06-03,800000.0,111038,1992-06-09,France,2026-06-30,179.0,right,32.563997262149215,17.904073587385017,13.592368256649284,1060.4139176892616,Declining,False,False,False,True,False,FRA,UEFA,False,False,False,False,False,True
Jon Aramburu,ve VEN,DF,Real Sociedad,es La Liga,22.0,2002.0,35,28,2460,27.3,1,1,2,1,0,0,8,0,0.4,0.4,1.1,1.6,26,97,53,0.07,0.06,11,3,27.3,0.4,0.11,0.09,0.33,20.8,0,0.04,0.6,0.6,1190,1518,78.4,17685,7225,1.4,-0.1,15,82,11,6,1211,305,37,0,3,45,268,0,0,0,0,2,37,33,1.21,26,3,1,0,1,2,2,0.07,102,70,61,30,11,100,66.0,34,40,8,32,30,132,98,0,1887,105,630,936,336,20,1887,37,8,21.6,26,70.3,847,3104,1502,20,0,34,12,979,70,71.9,83.0,19,7,20.0,2,1.31,26,35,-9,-0.33,-0.14,31.9,30.4,1.5,0.06,0,50,42,3,0,1,0,127,40,33,54.8,DEF,661145.0,exact,661145.0,2025-06-09,15000000.0,661145,2002-07-23,Venezuela,2030-06-30,176.0,right,22.444900752908968,65.90013140604468,16.52356082573315,503.77356980793354,Developing,False,False,True,False,False,VEN,CONMEBOL,False,False,False,True,False,False
Julian Araujo,mx MEX,DF,Bournemouth,eng Premier League,22.0,2001.0,12,7,497,5.5,0,0,0,0,0,0,2,0,0.0,0.0,0.1,0.1,4,14,22,0.0,0.01,0,0,,0.0,0.0,,,,0,,0.0,0.0,178,225,79.1,3006,890,0.1,-0.1,1,17,3,2,198,27,2,0,0,9,25,0,0,0,0,0,2,5,0.91,5,0,0,0,0,0,0,0.0,10,5,4,6,0,12,41.7,7,3,0,3,6,16,18,0,275,20,90,136,55,2,275,1,0,0.0,1,100.0,126,482,258,3,0,5,2,149,41,14.5,62.0,0,5,12.0,7,1.08,2,10,-8,-1.45,-2.06,6.8,9.4,-2.6,-0.47,0,7,2,1,0,0,0,29,3,9,25.0,DEF,513970.0,exact_accent_stripped,513970.0,2025-05-30,10000000.0,513970,2001-08-13,Mexico,2026-06-30,176.0,right,23.38672142368241,17.904073587385017,16.118095750958314,546.9387389489258,Developing,False,True,False,False,False,MEX,CONCACAF,False,False,True,False,False,False
Ronald Araújo,uy URU,DF,Barcelona,es La Liga,25.0,1999.0,12,11,754,8.4,1,1,2,1,0,0,3,0,1.0,1.0,0.4,1.4,6,49,3,0.24,0.17,4,2,50.0,0.48,0.24,0.25,0.5,11.8,0,0.24,0.0,0.0,666,725,91.9,12408,3957,0.2,0.6,4,51,3,0,697,27,20,0,1,0,6,0,0,0,0,1,0,12,1.43,11,0,0,1,0,0,2,0.24,12,9,6,5,1,5,80.0,1,6,4,2,9,21,25,0,798,33,227,542,32,9,798,1,0,0.0,1,100.0,515,2800,1731,4,0,2,1,596,63,22.0,68.0,5,1,5.0,7,2.69,22,8,14,1.67,0.02,17.6,5.9,11.7,1.4,0,9,4,0,0,0,0,27,33,20,62.3,DEF,480267.0,exact_accent_stripped,480267.0,2025-06-09,35000000.0,480267,1999-03-07,Uruguay,2031-06-30,192.0,right,25.82340862422998,77.8909329829172,17.370858648025116,666.8484329739554,Developing,False,False,True,False,False,URU,CONMEBOL,False,False,False,True,False,False
Carlens Arcus,ht HAI,DF,Angers,fr Ligue 1,28.0,1996.0,28,25,2047,22.7,0,1,1,0,0,0,3,0,0.0,0.0,1.4,1.4,39,70,79,0.04,0.06,3,0,0.0,0.13,0.0,0.0,,29.1,0,0.01,0.0,0.0,810,1020,79.4,13534,4817,1.4,-0.4,17,58,20,10,843,173,20,2,3,55,152,1,0,0,0,4,20,37,1.63,32,1,1,0,1,2,3,0.13,52,35,32,15,5,56,60.7,22,24,4,20,27,79,83,3,1249,85,433,556,271,11,1249,18,8,44.4,9,50.0,566,2635,1284,22,2,18,14,686,73,66.9,79.0,13,3,28.0,2,1.0,22,35,-13,-0.57,0.14,23.9,35.7,-11.9,-0.52,0,38,21,1,0,0,0,81,31,25,55.4,DEF,371686.0,exact,371686.0,2025-06-03,1800000.0,371686,1996-06-28,Haiti,2027-06-30,180.0,right,28.511978097193705,29.894875164257556,14.403297778421795,812.9328950148536,Peak,False,False,False,True,False,HAI,CONCACAF,False,False,True,False,False,False
Jesús Areso,es ESP,DF,Osasuna,es La Liga,25.0,1999.0,36,35,3079,34.2,0,3,3,0,0,0,9,0,0.2,0.2,3.5,3.7,101,106,203,0.09,0.11,8,0,0.0,0.23,0.0,0.0,,21.4,0,0.03,-0.2,-0.2,1139,1573,72.4,19266,8143,3.1,-0.5,30,96,50,30,1203,366,3,0,4,169,362,1,0,0,0,4,63,73,2.13,55,12,2,1,3,0,9,0.26,53,38,31,14,8,56,69.6,17,26,4,22,8,61,92,0,1902,104,423,767,730,23,1902,64,24,37.5,32,50.0,904,5490,2869,66,9,62,29,1075,86,90.0,87.0,24,1,28.0,1,1.44,47,43,4,0.12,2.23,41.0,45.5,-4.5,-0.13,0,31,20,8,0,0,0,118,27,19,58.7,DEF,488626.0,exact,488626.0,2025-06-09,12000000.0,488626,1999-07-02,Spain,2031-06-30,182.0,right,25.503080082135522,77.8909329829172,16.300417291085605,650.4070936758176,Developing,False,False,True,False,False,ESP,UEFA,False,False,False,False,False,True
Arthur,br BRA,DF,Leverkusen,de Bundesliga,21.0,2003.0,20,7,752,8.4,0,1,1,0,0,0,1,0,0.1,0.1,0.4,0.4,15,25,53,0.12,0.05,1,0,0.0,0.12,0.0,0.0,,15.8,0,0.06,-0.1,-0.1,306,388,78.9,4578,1255,1.0,0.6,2,20,7,1,342,45,1,0,0,16,44,0,0,0,0,1,13,7,0.84,7,0,0,0,0,0,1,0.12,14,11,3,9,2,10,50.0,5,8,0,8,9,23,29,0,508,15,119,220,173,13,508,24,5,20.8,19,79.2,242,1264,698,14,2,13,6,309,38,24.6,76.0,2,13,17.0,11,2.05,21,7,14,1.68,1.09,12.5,7.9,4.6,0.55,0,20,6,0,0,1,0,31,10,12,45.5,DEF,977464.0,exact_birthyear_corrected,977464.0,2025-06-05,7000000.0,977464,2003-03-17,Brazil,2031-06-30,174.0,right,21.796030116358658,77.8909329829172,15.76142084987672,475.0669288332136,Emerging,True,False,False,False,False,BRA,CONMEBOL,False,False,False,True,False,False
Raúl Asencio,es ESP,DF,Real Madrid,es La Liga,21.0,2003.0,23,18,1670,18.6,0,1,1,0,0,0,3,0,0.1,0.1,0.6,0.7,5,27,4,0.05,0.04,3,1,33.3,0.16,0.05,0.0,0.0,21.4,0,0.04,-0.1,-0.1,927,988,93.8,15881,5389,0.4,0.4,6,47,3,0,926,61,33,1,8,0,8,0,0,0,0,1,2,12,0.65,11,0,1,0,0,0,1,0.05,22,16,18,4,0,13,76.9,3,11,6,5,16,38,88,2,1149,156,623,501,37,11,1149,9,6,66.7,0,0.0,720,3559,1874,5,1,5,6,807,73,48.8,84.0,13,5,32.0,3,2.43,37,16,21,1.13,0.15,40.2,20.6,19.7,1.06,0,12,19,1,0,0,0,75,30,15,66.7,DEF,935245.0,exact_birthyear_corrected,935245.0,2025-06-09,40000000.0,935245,2003-02-13,Spain,2031-06-30,184.0,right,21.883641341546884,77.8909329829172,17.50439003707821,478.8937583654599,Emerging,False,False,True,False,False,ESP,UEFA,False,False,False,False,False,True
Lorenz Assignon,tg TOG,"DF,MF",Rennes,fr Ligue 1,24.0,2000.0,32,27,2357,26.2,3,4,7,3,0,0,9,0,2.2,2.2,3.5,5.7,98,116,206,0.27,0.22,22,5,22.7,0.84,0.19,0.14,0.6,17.5,0,0.1,0.8,0.8,1015,1301,78.0,15872,5411,3.7,0.5,29,70,28,12,1067,228,15,3,5,70,212,1,0,0,0,6,38,67,2.56,52,7,3,3,1,1,10,0.38,49,27,25,22,2,43,44.2,24,20,3,17,25,74,74,0,1638,66,347,706,596,80,1638,77,28,36.4,47,61.0,807,5281,3034,72,26,56,34,1006,74,77.0,83.0,16,5,24.0,0,1.25,40,37,3,0.11,0.37,37.3,33.2,4.1,0.15,0,52,28,5,0,1,0,110,38,22,63.3,DEF,711969.0,exact,711969.0,2025-06-03,9000000.0,711969,2000-06-22,France,2029-06-30,181.0,right,24.528405201916495,53.90932982917214,16.012735246411598,601.6426617494042,Developing,False,False,False,True,False,TOG,CAF,False,True,False,False,False,False
Tommaso Augello,it ITA,DF,Cagliari,it Serie A,29.0,1994.0,38,30,2713,30.1,0,7,7,0,0,0,3,0,0.3,0.3,4.6,4.9,58,118,113,0.23,0.16,8,0,0.0,0.27,0.0,0.0,,22.8,0,0.03,-0.3,-0.3,1179,1640,71.9,20383,8524,4.8,2.4,39,79,38,26,1264,366,48,0,6,207,261,57,5,51,0,10,50,73,2.42,48,21,3,1,0,0,11,0.36,49,28,28,17,4,43,69.8,13,23,8,15,16,65,109,2,1902,103,657,697,569,12,1902,43,24,55.8,18,41.9,882,4179,2239,37,3,27,18,1020,71,79.3,84.0,20,8,26.0,0,0.95,30,46,-16,-0.53,-0.53,32.1,43.0,-10.9,-0.36,0,15,11,3,0,0,0,135,49,22,69.0,DEF,284595.0,exact,284595.0,2025-06-17,1800000.0,284595,1994-08-30,Italy,2027-06-30,180.0,left,30.340862422997947,29.894875164257556,14.403297778421795,920.5679325712889,Declining,False,False,False,False,True,ITA,UEFA,False,False,False,False,False,True
Carlos Augusto,br BRA,DF,Inter,it Serie A,25.0,1999.0,28,15,1625,18.1,3,2,5,3,0,0,1,0,2.8,2.8,1.6,4.4,31,80,83,0.28,0.23,24,6,25.0,1.33,0.33,0.13,0.5,11.1,0,0.12,0.2,0.2,1083,1227,88.3,17582,4524,1.5,0.4,9,61,12,3,1116,109,22,2,2,19,83,0,0,0,0,2,19,24,1.28,18,1,0,1,2,2,3,0.16,29,14,12,11,6,19,63.2,7,21,9,12,9,38,50,0,1413,88,466,678,280,43,1413,12,7,58.3,5,41.7,837,4189,1960,26,4,18,13,997,58,47.5,86.0,13,13,26.0,3,2.07,37,15,22,1.22,0.11,32.7,16.9,15.8,0.84,0,9,12,2,0,0,0,70,57,35,62.0,DEF,585982.0,exact,585982.0,2025-06-17,26000000.0,585982,1999-01-07,Brazil,2028-06-30,184.0,left,25.984941820670773,41.9185282522996,17.073607134447293,675.217201423645,Developing,False,False,False,False,True,BRA,CONMEBOL,False,False,False,True,False,False
Adam Aznou,ma MAR,DF,Valladolid,es La Liga,18.0,2006.0,13,10,876,9.7,0,0,0,0,0,0,1,0,0.3,0.3,0.3,0.6,16,25,26,0.0,0.06,4,1,25.0,0.41,0.1,0.0,0.0,17.7,0,0.07,-0.3,-0.3,245,343,71.4,3660,1261,0.4,-0.3,6,17,4,2,263,76,9,0,0,12,65,2,2,0,0,4,12,16,1.64,11,3,2,0,0,0,0,0.0,28,21,20,8,0,43,48.8,22,24,8,16,10,38,30,0,508,39,191,241,89,12,508,41,19,46.3,15,36.6,219,1349,804,6,3,28,12,228,67,25.6,79.0,7,3,29.0,2,0.08,7,23,-16,-1.64,0.05,11.1,14.2,-3.1,-0.32,0,14,17,0,0,0,0,56,11,4,73.3,DEF,938146.0,exact,938146.0,2025-06-09,4000000.0,938146,2006-06-02,Morocco,2029-06-30,178.0,left,18.584531143052704,53.90932982917214,15.201805169084134,345.3847978070958,Emerging,False,False,True,False,False,MAR,CAF,False,True,False,False,False,False
César Azpilicueta,es ESP,DF,Atlético Madrid,es La Liga,34.0,1989.0,14,10,875,9.7,1,0,1,1,0,0,1,0,0.2,0.2,0.1,0.3,13,66,20,0.1,0.03,5,2,40.0,0.51,0.21,0.2,0.5,17.8,0,0.05,0.8,0.8,581,671,86.6,9034,3451,0.4,-0.1,3,46,4,1,580,91,8,1,3,5,83,0,0,0,0,0,4,8,0.82,5,2,0,0,0,1,1,0.1,25,14,12,9,4,23,73.9,6,10,2,8,5,30,32,0,759,41,232,393,137,11,759,2,1,50.0,1,50.0,432,1914,1318,18,1,8,1,516,63,25.6,75.0,5,4,32.0,16,1.8,18,8,10,1.03,0.04,16.3,8.1,8.3,0.85,0,8,6,3,0,0,0,28,14,14,50.0,DEF,57500.0,exact,57500.0,2025-06-09,1500000.0,57500,1989-08-28,Spain,2026-06-30,178.0,right,35.34565366187543,17.904073587385017,14.220976332738882,1249.315232785248,Declining,False,False,True,False,False,ESP,UEFA,False,False,False,False,False,True
Paulo Azzi,br BRA,DF,Cagliari,it Serie A,30.0,1994.0,6,5,426,4.7,0,0,0,0,0,0,2,0,0.5,0.5,0.9,1.4,15,13,26,0.0,0.3,8,3,37.5,1.69,0.63,0.0,0.0,16.8,0,0.07,-0.5,-0.5,126,180,70.0,2228,889,0.7,-0.9,5,7,6,4,161,19,1,1,0,22,18,0,0,0,0,0,4,15,3.17,9,2,1,2,0,1,0,0.0,11,9,3,6,2,9,55.6,4,5,2,3,5,16,11,0,242,19,66,97,84,8,242,13,8,61.5,4,30.8,119,804,450,10,3,3,4,135,71,12.5,79.0,3,1,31.0,15,0.33,1,5,-4,-0.85,-0.48,5.8,5.9,-0.1,-0.02,0,5,3,0,0,0,0,24,6,5,54.5,DEF,310527.0,exact,310527.0,2025-06-02,800000.0,310527,1994-07-15,Brazil,2027-06-30,188.0,right,30.466803559206024,29.894875164257556,13.592368256649284,928.2261191152488,Declining,False,False,False,False,True,BRA,CONMEBOL,False,False,False,True,False,False
Loïc Bade,fr FRA,DF,Sevilla,es La Liga,24.0,2000.0,32,31,2686,29.8,1,1,2,1,0,0,7,1,0.6,0.6,0.7,1.3,11,62,6,0.07,0.04,13,4,30.8,0.44,0.13,0.08,0.25,15.0,0,0.05,0.4,0.4,1562,1822,85.7,31207,11821,0.2,0.3,4,94,3,0,1752,62,48,1,18,8,6,0,0,0,0,8,9,23,0.77,20,0,1,2,0,0,2,0.07,47,27,37,10,0,31,74.2,8,22,13,9,29,76,162,2,2135,284,1298,799,54,20,2135,22,17,77.3,2,9.1,1173,5710,2853,10,1,17,8,1463,84,78.5,86.0,29,1,21.0,1,1.06,31,40,-9,-0.3,0.19,32.6,37.5,-4.9,-0.17,0,26,10,0,0,1,0,138,65,30,68.4,DEF,730581.0,exact_accent_stripped,730581.0,2025-06-09,25000000.0,730581,2000-04-11,France,2030-06-30,191.0,right,24.725530458590008,65.90013140604468,17.034386422832473,611.3518564586622,Developing,False,False,True,False,False,FRA,UEFA,False,False,False,False,False,True
Benoît Badiashile,fr FRA,DF,Chelsea,eng Premier League,23.0,2001.0,5,3,334,3.7,0,0,0,0,0,0,0,0,0.0,0.0,0.0,0.0,3,17,2,0.0,0.0,0,0,,0.0,0.0,,,,0,,0.0,0.0,273,304,89.8,4820,1473,0.1,0.0,0,37,1,0,288,15,5,0,1,0,0,0,0,0,0,1,0,0,0.0,0,0,0,0,0,0,0,0.0,9,6,5,4,0,5,80.0,1,2,2,0,6,15,12,2,336,31,138,186,13,0,336,1,0,0.0,1,100.0,177,660,340,5,0,1,0,247,67,9.8,88.0,2,2,35.0,17,1.8,7,5,2,0.54,-0.02,6.9,5.0,1.9,0.53,0,6,2,0,0,0,0,18,8,2,80.0,DEF,463603.0,exact,463603.0,2025-05-30,22000000.0,463603,2001-03-26,France,2030-06-30,194.0,left,23.770020533880903,65.90013140604468,16.906553056777135,565.0138761811197,Developing,False,True,False,False,False,FRA,UEFA,False,False,False,False,False,True
Juma Bah,sl SLE,DF,Valladolid,es La Liga,18.0,2006.0,12,10,864,9.6,0,0,0,0,0,0,1,0,0.3,0.3,0.0,0.3,0,13,1,0.0,0.03,3,1,33.3,0.31,0.1,0.0,0.0,9.1,0,0.09,-0.3,-0.3,330,407,81.1,6294,2123,0.0,0.0,1,15,0,0,393,12,11,0,1,0,0,0,0,0,0,2,3,2,0.21,2,0,0,0,0,0,0,0.0,10,7,7,3,0,5,60.0,2,15,8,7,12,22,60,0,523,85,321,194,10,8,523,4,3,75.0,1,25.0,265,1091,459,1,0,3,5,316,72,25.3,84.0,8,2,11.0,3,0.92,6,18,-12,-1.25,0.58,8.9,16.3,-7.4,-0.77,0,6,6,0,0,0,0,35,31,13,70.5,DEF,1121298.0,exact,1121298.0,2025-06-03,6000000.0,1121298,2006-04-11,Sierra Leone,2026-06-30,195.0,right,18.72689938398357,17.904073587385017,15.607270193858982,350.6967605378443,Emerging,False,False,True,False,False,SLE,CAF,False,True,False,False,False,False
Juma Bah,sl SLE,DF,Lens,fr Ligue 1,18.0,2006.0,10,8,686,7.6,0,0,0,0,0,0,2,0,0.1,0.1,0.2,0.3,3,9,1,0.0,0.03,2,1,50.0,0.26,0.13,0.0,0.0,10.9,0,0.04,-0.1,-0.1,353,378,93.4,6078,1813,0.2,-0.2,2,7,0,0,358,18,9,0,1,0,0,0,0,0,0,2,1,7,0.92,6,0,1,0,0,0,0,0.0,16,10,6,10,0,7,71.4,2,10,7,3,17,33,47,1,480,81,270,199,12,6,480,3,3,100.0,0,0.0,265,987,345,2,0,4,3,279,69,22.4,84.0,7,2,9.0,3,1.9,10,9,1,0.13,0.06,8.8,11.0,-2.2,-0.28,0,7,1,0,0,0,0,37,23,6,79.3,DEF,1121298.0,exact,1121298.0,2025-06-03,6000000.0,1121298,2006-04-11,Sierra Leone,2026-06-30,195.0,right,18.72689938398357,17.904073587385017,15.607270193858982,350.6967605378443,Emerging,False,False,False,True,False,SLE,CAF,False,True,False,False,False,False
Eric Bailly,ci CIV,DF,Villarreal,es La Liga,30.0,1994.0,12,8,617,6.9,0,0,0,0,0,0,2,1,0.3,0.3,0.0,0.3,1,18,0,0.0,0.05,4,0,0.0,0.58,0.0,0.0,,7.8,0,0.08,-0.3,-0.3,280,320,87.5,5019,1914,0.0,0.0,0,18,0,0,300,19,11,0,0,0,2,0,0,0,0,1,1,2,0.29,1,0,0,1,0,0,0,0.0,12,4,6,6,0,4,75.0,1,12,6,6,6,18,29,0,394,57,196,186,13,5,394,3,3,100.0,0,0.0,200,1048,519,4,0,6,1,251,51,18.0,67.0,3,4,20.0,20,1.67,11,14,-3,-0.44,-1.18,11.3,9.4,1.9,0.28,0,7,1,0,0,1,0,19,11,7,61.1,DEF,286384.0,exact,286384.0,2025-06-09,2000000.0,286384,1994-04-12,Cote d'Ivoire,2027-06-30,187.0,right,30.72416153319644,29.894875164257556,14.508658238524095,943.9741019179478,Declining,False,False,True,False,False,CIV,CAF,False,True,False,False,False,False
Ridle Baku,de GER,"DF,MF",RB Leipzig,de Bundesliga,26.0,1998.0,19,15,1275,14.2,2,3,5,2,0,0,1,0,1.4,1.4,1.5,2.9,21,41,97,0.35,0.2,17,5,29.4,1.2,0.35,0.12,0.4,16.7,0,0.08,0.6,0.6,480,638,75.2,7553,2361,1.7,1.5,14,34,17,4,547,88,5,5,3,34,83,0,0,0,0,3,22,30,2.12,25,1,2,1,0,1,6,0.42,24,19,9,13,2,23,39.1,14,18,2,16,9,33,45,0,796,32,151,356,295,32,796,24,16,66.7,6,25.0,383,1742,863,17,3,26,14,503,67,41.7,80.0,7,4,19.0,0,1.26,22,22,0,0.0,-0.25,18.2,22.9,-4.7,-0.33,0,13,14,3,0,0,0,45,10,17,37.0,DEF,327251.0,exact,327251.0,2025-06-05,9000000.0,327251,1998-04-08,Germany,2027-06-30,176.0,right,26.73511293634497,29.894875164257556,16.012735246411598,714.76626371912,Peak,True,False,False,False,False,GER,UEFA,False,False,False,False,False,True
Alejandro Balde,es ESP,DF,Barcelona,es La Liga,20.0,2003.0,32,26,2284,25.4,0,4,4,0,0,0,2,0,0.5,0.5,3.4,3.9,107,93,246,0.16,0.15,12,3,25.0,0.47,0.12,0.0,0.0,22.0,0,0.04,-0.5,-0.5,1306,1484,88.0,19158,3986,2.8,0.6,26,51,39,11,1287,193,32,3,2,67,161,0,0,0,0,4,28,76,2.99,60,3,3,3,7,0,12,0.47,18,10,10,5,3,17,64.7,6,24,5,19,5,23,27,0,1721,38,310,843,596,47,1721,110,46,41.8,44,40.0,1075,6639,3463,68,16,44,27,1245,71,66.8,81.0,13,6,30.0,3,2.25,66,22,44,1.73,0.23,61.5,26.3,35.2,1.39,0,16,37,0,0,0,0,122,16,9,64.0,DEF,636688.0,exact,636688.0,2025-06-09,60000000.0,636688,2003-10-18,Spain,2028-06-30,177.0,left,21.207392197125255,41.9185282522996,17.909855136853043,449.7534838026892,Emerging,False,False,True,False,False,ESP,UEFA,False,False,False,False,False,True
Leonardo Balerdi,ar ARG,DF,Marseille,fr Ligue 1,25.0,1999.0,27,27,2273,25.3,0,0,0,0,0,0,9,1,0.9,0.9,0.7,1.7,13,105,5,0.0,0.07,15,1,6.7,0.59,0.04,0.0,0.0,17.1,0,0.06,-0.9,-0.9,2360,2516,93.8,39477,14824,0.8,-0.7,8,150,6,0,2452,61,44,3,8,2,1,0,0,0,0,3,12,27,1.07,22,0,3,2,0,0,3,0.12,54,39,32,17,5,47,57.4,20,25,14,11,38,92,72,4,2767,209,1085,1623,78,21,2767,32,22,68.8,10,31.3,1752,7762,4916,15,2,20,13,2183,84,74.3,84.0,24,0,,1,1.96,57,32,25,0.99,0.76,53.7,31.0,22.8,0.9,1,28,20,0,0,0,1,161,39,21,65.0,DEF,575998.0,exact,575998.0,2025-06-03,20000000.0,575998,1999-01-26,Argentina,2028-06-30,188.0,right,25.932922655715263,41.9185282522996,16.811242881518265,672.51647746731,Developing,False,False,False,True,False,ARG,CONMEBOL,False,False,False,True,False,False
Iván Balliu,al ALB,DF,Rayo Vallecano,es La Liga,32.0,1992.0,25,12,1200,13.3,0,0,0,0,0,0,3,0,0.0,0.0,0.5,0.5,8,46,21,0.0,0.04,1,0,0.0,0.07,0.0,0.0,,30.9,0,0.01,0.0,0.0,492,649,75.8,8082,3338,0.4,-0.5,7,38,6,4,471,176,12,0,1,19,164,0,0,0,0,2,20,19,1.43,14,3,0,1,1,0,1,0.08,17,14,8,5,4,18,33.3,12,16,4,12,13,30,39,0,762,42,262,340,166,10,762,6,3,50.0,1,16.7,326,1014,441,6,2,12,2,379,48,35.1,83.0,9,13,16.0,13,1.72,12,12,0,0.0,0.16,14.1,20.5,-6.4,-0.48,0,19,15,1,0,0,0,39,14,26,35.0,DEF,85295.0,exact,85295.0,2025-06-09,1400000.0,85295,1992-01-01,Albania,2027-06-30,172.0,right,33.002053388090346,29.894875164257556,14.151983508870947,1089.1355278303654,Declining,False,False,True,False,False,ALB,UEFA,False,False,False,False,False,True
Fodé Ballo-Touré,sn SEN,"DF,MF",Le Havre,fr Ligue 1,27.0,1997.0,10,9,589,6.5,0,0,0,0,0,0,0,0,0.0,0.0,0.1,0.1,15,13,14,0.0,0.02,0,0,,0.0,0.0,,,,0,,0.0,0.0,259,311,83.3,4291,1377,0.1,-0.1,1,20,2,2,221,90,26,0,1,21,63,1,0,1,0,0,11,4,0.61,4,0,0,0,0,0,1,0.15,8,7,3,4,1,9,55.6,4,8,3,5,4,12,27,0,377,19,138,186,59,1,377,14,5,35.7,7,50.0,163,963,547,8,0,8,10,201,59,19.2,63.0,2,1,25.0,1,1.2,9,15,-6,-0.92,-0.01,5.8,12.9,-7.1,-1.09,0,3,14,0,0,0,0,31,4,5,44.4,DEF,296422.0,exact,296422.0,2025-06-03,1200000.0,296422,1997-01-03,Senegal,2026-06-30,182.0,left,27.994524298425734,17.904073587385017,13.997832948091215,783.6933906951489,Peak,False,False,False,True,False,SEN,CAF,False,True,False,False,False,False
Botond Balogh,hu HUN,DF,Parma,it Serie A,22.0,2002.0,29,23,2053,22.8,0,1,1,0,0,0,5,0,0.4,0.4,0.1,0.5,7,37,1,0.04,0.02,3,0,0.0,0.13,0.0,0.0,,5.3,0,0.14,-0.4,-0.4,861,964,89.3,16914,4970,0.3,0.9,2,24,0,0,891,72,43,0,1,1,5,0,0,0,0,1,8,8,0.35,7,0,0,0,0,1,2,0.09,36,16,22,13,1,28,71.4,8,34,26,8,25,61,141,2,1228,250,731,476,25,8,1228,0,0,,0,,621,2737,1401,3,0,9,1,725,71,60.0,82.0,17,6,30.0,7,1.0,27,32,-5,-0.22,0.37,26.1,39.0,-12.9,-0.57,0,17,7,0,0,2,0,64,34,29,54.0,DEF,543727.0,exact,543727.0,2025-06-17,2400000.0,543727,2002-06-06,Hungary,2026-06-30,189.0,right,22.573579739904176,17.904073587385017,14.690979711984754,509.56650227381226,Developing,False,False,False,False,True,HUN,UEFA,False,False,False,False,False,True
Abdoulaye Bamba,ci CIV,DF,Angers,fr Ligue 1,34.0,1990.0,19,16,1510,16.8,0,0,0,0,0,0,2,0,0.1,0.1,0.3,0.4,1,16,3,0.0,0.02,1,0,0.0,0.06,0.0,0.0,,7.2,0,0.09,-0.1,-0.1,518,585,88.5,10459,3330,0.3,-0.3,6,19,4,3,551,34,13,1,1,5,20,0,0,0,0,0,4,10,0.6,8,0,0,0,0,2,0,0.0,22,12,17,4,1,19,73.7,5,14,8,6,19,41,79,0,743,90,411,308,26,3,743,2,2,100.0,0,0.0,408,1532,641,2,0,3,4,468,79,49.3,88.0,14,3,33.0,12,0.79,11,29,-18,-1.07,-0.9,16.9,25.6,-8.7,-0.52,0,10,7,0,0,0,0,47,11,17,39.3,DEF,62351.0,exact,62351.0,2025-06-03,300000.0,62351,1990-04-25,Cote d'Ivoire,2026-06-30,182.0,right,34.68856947296372,17.904073587385017,12.611541086966115,1203.2968520806305,Declining,False,False,False,True,False,CIV,CAF,False,True,False,False,False,False
Mattia Bani,it ITA,DF,Genoa,it Serie A,30.0,1993.0,20,19,1507,16.7,0,0,0,0,0,0,3,0,1.2,1.2,0.2,1.4,6,25,3,0.0,0.08,8,3,37.5,0.48,0.18,0.0,0.0,9.2,0,0.15,-1.2,-1.2,768,879,87.4,15516,5490,0.2,-0.2,2,18,2,1,844,32,30,0,3,4,1,0,0,0,0,3,5,7,0.42,6,0,0,1,0,0,2,0.12,19,10,11,6,2,11,63.6,4,13,8,5,22,41,85,2,1048,180,689,340,24,10,1048,5,2,40.0,0,0.0,558,2317,1013,1,0,4,3,699,75,44.1,78.0,13,1,22.0,4,1.25,18,19,-1,-0.06,0.46,17.1,22.1,-5.0,-0.3,0,7,11,1,0,0,0,60,22,23,48.9,DEF,176139.0,exact,176139.0,2024-06-05,2500000.0,176139,1993-12-10,Italy,2028-06-30,188.0,right,31.06091718001369,41.9185282522996,14.731801689838349,964.7805760636695,Declining,False,False,False,False,True,ITA,UEFA,False,False,False,False,False,True
Noahkai Banks,us USA,DF,Augsburg,de Bundesliga,17.0,2006.0,8,2,278,3.1,0,0,0,0,0,0,2,0,0.1,0.1,0.0,0.1,2,8,3,0.0,0.02,1,0,0.0,0.32,0.0,0.0,,10.2,0,0.07,-0.1,-0.1,156,168,92.9,2911,843,0.0,0.0,0,5,1,0,157,11,4,0,0,2,6,0,0,0,0,0,0,1,0.32,1,0,0,0,0,0,0,0.0,11,5,6,4,1,7,42.9,4,4,1,3,5,16,28,0,229,23,94,124,14,2,229,1,0,0.0,1,100.0,123,580,253,5,0,2,1,129,35,9.1,74.0,0,6,22.0,12,2.13,1,2,-1,-0.32,0.16,1.4,5.2,-3.9,-1.25,0,2,1,0,0,0,1,13,8,8,50.0,DEF,923945.0,exact,923945.0,2025-06-05,6000000.0,923945,2006-12-01,United States,2029-06-30,193.0,right,18.086242299794662,53.90932982917214,15.607270193858982,327.1121605268817,Emerging,True,False,False,False,False,USA,CONCACAF,False,False,True,False,False,False
Federico Barba,it ITA,DF,Como,it Serie A,30.0,1993.0,7,5,431,4.8,0,0,0,0,0,0,0,0,0.2,0.2,0.0,0.2,5,25,5,0.0,0.04,2,1,50.0,0.42,0.21,0.0,0.0,8.9,0,0.1,-0.2,-0.2,258,292,88.4,4163,1406,0.0,0.0,0,18,2,0,263,29,12,0,1,3,9,0,0,0,0,0,0,3,0.63,3,0,0,0,0,0,0,0.0,2,2,1,1,0,4,25.0,3,2,2,0,4,6,15,0,320,33,155,144,21,5,320,0,0,,0,,201,999,567,2,0,1,1,215,62,12.6,82.0,3,2,12.0,8,0.57,3,9,-6,-1.25,-1.34,4.2,3.4,0.8,0.16,0,3,1,0,0,0,0,19,5,8,38.5,DEF,165873.0,exact,165873.0,2025-06-10,500000.0,165873,1993-09-01,Italy,2027-05-31,187.0,left,31.3347022587269,28.90932982917214,13.122365377402328,981.8635656430647,Declining,False,False,False,False,True,ITA,UEFA,False,False,False,False,False,True
Valentín Barco,ar ARG,"DF,FW",Sevilla,es La Liga,20.0,2004.0,7,3,288,3.2,0,0,0,0,0,0,0,0,0.3,0.3,0.6,0.9,4,13,13,0.0,0.28,7,0,0.0,2.19,0.0,0.0,,27.8,2,0.04,-0.3,-0.3,139,191,72.8,2139,895,0.3,-0.6,6,12,3,0,141,48,9,2,2,24,30,9,0,5,0,2,5,10,3.12,5,4,0,1,0,0,0,0.0,15,9,8,3,4,15,80.0,3,0,0,0,2,17,5,0,236,4,45,92,100,3,236,13,3,23.1,9,69.2,124,546,254,4,0,6,4,142,41,8.4,75.0,1,4,16.0,7,1.86,3,4,-1,-0.31,0.03,4.3,4.4,-0.1,-0.03,0,7,5,0,0,0,0,16,0,2,0.0,DEF,849410.0,exact,849410.0,2025-06-03,12000000.0,849410,2004-07-23,Argentina,2029-06-30,172.0,left,20.4435318275154,53.90932982917214,16.300417291085605,417.93799358263516,Emerging,False,False,True,False,False,ARG,CONMEBOL,False,False,False,True,False,False
Melvin Bard,fr FRA,"DF,MF",Nice,fr Ligue 1,23.0,2000.0,24,22,1938,21.5,2,1,3,2,0,0,4,2,2.2,2.2,1.9,4.1,53,88,95,0.14,0.19,23,8,34.8,1.07,0.37,0.09,0.25,17.9,0,0.1,-0.2,-0.2,903,1166,77.4,15233,5399,2.5,-0.9,15,76,26,13,998,162,24,4,0,60,136,1,0,0,0,6,29,49,2.28,40,2,4,2,1,0,4,0.19,53,36,35,13,5,42,57.1,18,38,13,25,29,82,60,3,1436,88,470,684,302,36,1436,49,22,44.9,26,53.1,778,4599,2686,36,10,28,15,858,81,63.3,86.0,16,2,22.0,1,2.0,47,23,24,1.11,1.03,40.4,23.0,17.4,0.81,1,17,22,2,0,0,0,124,24,20,54.5,DEF,532775.0,exact,532775.0,2025-06-03,15000000.0,532775,2000-11-06,France,2028-06-30,173.0,left,24.1533196440794,41.9185282522996,16.52356082573315,583.3828498290718,Developing,False,False,False,True,False,FRA,UEFA,False,False,False,False,False,True
Marc Bartra,es ESP,DF,Betis,es La Liga,33.0,1991.0,25,23,2099,23.3,2,1,3,2,0,0,2,0,1.2,1.2,0.2,1.4,7,68,1,0.13,0.06,18,5,27.8,0.77,0.21,0.11,0.4,20.8,1,0.07,0.8,0.8,945,1163,81.3,19271,6573,0.3,0.8,4,64,5,1,1093,63,50,3,19,1,5,0,0,0,0,7,8,13,0.56,10,0,1,2,0,0,3,0.13,33,19,20,13,0,26,57.7,11,41,25,16,33,66,148,0,1483,219,862,561,70,18,1483,15,7,46.7,8,53.3,804,3902,2534,15,1,12,5,903,84,61.4,89.0,19,2,29.0,6,1.72,41,29,12,0.51,0.86,34.0,30.7,3.3,0.14,0,15,14,2,0,1,0,88,50,42,54.3,DEF,99922.0,exact,99922.0,2025-06-09,1000000.0,99922,1991-01-15,Spain,2027-06-30,184.0,right,33.96303901437371,29.894875164257556,13.815511557963774,1153.488019091871,Declining,False,False,True,False,False,ESP,UEFA,False,False,False,False,False,True
Federico Baschirotto,it ITA,DF,Lecce,it Serie A,27.0,1996.0,38,38,3420,38.0,2,0,2,2,0,0,3,0,1.2,1.2,0.2,1.4,13,71,5,0.05,0.04,22,8,36.4,0.58,0.21,0.09,0.25,11.8,0,0.06,0.8,0.8,1409,1635,86.2,28512,9707,0.5,-0.2,4,51,5,0,1462,170,78,0,15,5,9,0,0,0,0,3,5,17,0.45,13,2,0,2,0,0,1,0.03,37,25,30,5,2,28,78.6,6,44,32,12,23,60,237,2,2043,370,1242,736,73,36,2043,5,4,80.0,0,0.0,940,4670,2500,9,0,13,1,1157,90,100.0,90.0,38,0,,0,0.89,27,58,-31,-0.82,,34.6,57.1,-22.5,-0.59,0,31,7,0,0,3,0,93,104,55,65.4,DEF,351955.0,exact,351955.0,2025-06-17,3600000.0,351955,1996-09-20,Italy,2028-06-30,187.0,right,28.281998631074607,41.9185282522996,15.096444681204078,799.871446568106,Peak,False,False,False,False,True,ITA,UEFA,False,False,False,False,False,True
Calvin Bassey,ng NGA,DF,Fulham,eng Premier League,24.0,1999.0,35,34,3074,34.2,1,0,1,1,0,0,7,0,1.0,1.0,0.1,1.2,39,116,15,0.03,0.03,14,4,28.6,0.41,0.12,0.07,0.25,15.3,0,0.07,0.0,0.0,1934,2155,89.7,34171,11961,0.4,-0.1,3,152,3,0,2025,128,48,0,10,8,8,0,0,0,0,2,17,23,0.67,19,1,2,0,0,1,3,0.09,54,34,35,19,0,31,71.0,9,40,17,23,20,74,118,8,2463,324,1205,1151,132,19,2463,33,15,45.5,11,33.3,1571,8212,4940,20,5,34,8,1716,88,89.9,90.0,34,1,14.0,2,1.51,49,47,2,0.06,0.58,44.5,38.9,5.7,0.17,0,26,32,2,0,0,0,168,43,33,56.6,DEF,461883.0,exact,461883.0,2025-05-30,25000000.0,461883,1999-12-31,Nigeria,2027-06-30,185.0,left,25.00479123887748,29.894875164257556,17.034386422832473,625.239584899844,Developing,False,True,False,False,False,NGA,CAF,False,True,False,False,False,False
Alessandro Bastoni,it ITA,DF,Inter,it Serie A,25.0,1999.0,32,30,2333,25.9,1,5,6,1,0,0,6,1,0.8,0.8,2.3,3.2,62,162,83,0.23,0.12,12,2,16.7,0.46,0.08,0.08,0.5,13.3,0,0.06,0.2,0.2,1966,2225,88.4,36493,11275,2.8,2.7,27,128,49,24,1990,223,74,3,22,61,115,0,0,0,0,12,18,71,2.66,61,4,0,1,3,2,11,0.41,46,23,26,14,6,30,66.7,10,25,13,12,21,67,52,1,2446,196,824,1181,454,28,2446,16,7,43.8,5,31.3,1633,8290,4995,72,5,26,5,1815,73,68.2,77.0,8,2,19.0,3,2.15,64,19,45,1.74,1.82,49.2,24.2,25.0,0.94,1,43,38,0,0,0,0,96,44,24,64.7,DEF,315853.0,exact,315853.0,2025-06-17,80000000.0,315853,1999-04-13,Italy,2028-06-30,190.0,left,25.72210814510609,41.9185282522996,18.197537205138154,661.6268474285331,Developing,False,False,False,False,True,ITA,UEFA,False,False,False,False,False,True
Dylan Batubinsika,cd COD,DF,Saint-Étienne,fr Ligue 1,28.0,1996.0,25,22,2016,22.4,1,0,1,1,0,0,3,1,0.8,0.8,0.2,1.0,11,51,1,0.04,0.04,7,2,28.6,0.31,0.09,0.14,0.5,10.5,0,0.12,0.2,0.2,1112,1217,91.4,20308,6434,0.4,-0.2,4,47,3,1,1179,34,28,1,0,1,6,0,0,0,0,4,4,9,0.4,8,0,1,0,0,0,0,0.0,26,13,19,6,1,22,59.1,9,23,14,9,39,65,140,3,1476,198,784,672,24,9,1476,9,6,66.7,2,22.2,790,4214,2345,2,0,6,2,974,81,65.9,87.0,20,3,33.0,5,0.76,25,54,-29,-1.29,-0.52,23.8,50.9,-27.1,-1.21,0,24,13,0,0,3,1,76,45,17,72.6,DEF,289432.0,exact,289432.0,2025-06-03,1200000.0,289432,1996-02-15,DR Congo,2026-06-30,185.0,right,28.878850102669404,17.904073587385017,13.997832948091215,833.9879832524487,Peak,False,False,False,True,False,COD,CAF,False,True,False,False,False,False
Maximilian Bauer,de GER,DF,Augsburg,de Bundesliga,24.0,2000.0,11,8,658,7.3,0,0,0,0,0,0,1,0,0.2,0.2,0.1,0.3,4,30,7,0.0,0.04,1,1,100.0,0.14,0.14,0.0,0.0,7.2,0,0.18,-0.2,-0.2,275,340,80.9,5313,1982,0.1,-0.1,2,31,2,2,320,19,11,0,2,4,4,0,0,0,0,1,2,4,0.55,2,0,0,0,1,1,0,0.0,14,8,5,7,2,14,64.3,5,10,4,6,6,20,35,1,422,45,177,222,24,3,422,0,0,,0,,216,991,539,4,0,6,2,260,60,21.5,77.0,6,3,15.0,7,1.27,9,16,-7,-0.96,-0.62,9.8,8.6,1.1,0.16,0,7,13,0,0,0,0,20,19,12,61.3,DEF,388363.0,exact,388363.0,2025-06-19,2000000.0,388363,2000-02-09,Germany,2026-06-30,189.0,right,24.895277207392198,17.904073587385017,14.508658238524095,619.7748272329014,Developing,True,False,False,False,False,GER,UEFA,False,False,False,False,False,True
Timo Becker,de GER,DF,Holstein Kiel,de Bundesliga,27.0,1997.0,30,28,2445,27.2,0,2,2,0,0,0,2,0,1.4,1.4,0.8,2.2,28,57,38,0.07,0.08,17,4,23.5,0.63,0.15,0.0,0.0,18.4,1,0.09,-1.4,-1.4,794,1026,77.4,15287,5840,1.0,1.2,6,38,9,4,840,186,41,1,14,22,145,0,0,0,0,0,26,30,1.1,22,1,2,4,0,1,8,0.29,53,33,39,9,5,46,73.9,12,30,17,13,17,70,110,1,1325,135,682,519,142,28,1325,26,12,46.2,14,53.8,588,3394,1709,26,1,28,10,684,82,79.9,84.0,23,2,42.0,1,0.73,41,65,-24,-0.88,0.14,33.1,50.9,-17.8,-0.66,0,9,9,0,0,0,0,98,31,38,44.9,DEF,282349.0,exact,282349.0,2025-06-05,1500000.0,282349,1997-03-25,Germany,2029-06-30,190.0,right,27.772758384668034,53.90932982917214,14.220976332738882,771.3261082931485,Peak,True,False,False,False,False,GER,UEFA,False,False,False,False,False,True
Jan Bednarek,pl POL,DF,Southampton,eng Premier League,28.0,1996.0,30,30,2531,28.1,2,0,2,2,0,0,7,0,0.7,0.7,0.5,1.2,5,60,2,0.07,0.04,5,2,40.0,0.18,0.07,0.4,1.0,16.0,0,0.13,1.3,1.3,1564,1687,92.7,27781,8925,0.9,-0.5,5,72,1,0,1606,79,33,0,7,1,1,0,0,0,0,2,4,16,0.57,15,0,0,1,0,0,0,0.0,36,19,23,13,0,31,51.6,15,47,36,11,56,92,190,5,2049,386,1091,924,41,15,2049,3,3,100.0,0,0.0,1046,3845,1742,5,1,9,3,1307,84,74.0,84.0,26,0,,0,0.37,19,57,-38,-1.35,0.88,23.8,56.5,-32.6,-1.16,0,31,13,0,0,1,0,106,71,37,65.7,DEF,243028.0,exact,243028.0,2025-05-30,9000000.0,243028,1996-04-12,Poland,2029-06-30,189.0,right,28.722792607802873,53.90932982917214,16.012735246411598,824.9988151908553,Peak,False,True,False,False,False,POL,UEFA,False,False,False,False,False,True
Stefan Bell,de GER,DF,Mainz 05,de Bundesliga,32.0,1991.0,18,15,1436,16.0,0,1,1,0,0,0,4,0,0.8,0.8,1.0,1.8,8,38,5,0.06,0.11,12,3,25.0,0.75,0.19,0.0,0.0,11.3,0,0.06,-0.8,-0.8,565,719,78.6,10937,4707,0.7,0.0,5,36,0,0,691,23,20,0,2,0,1,0,0,0,0,5,4,10,0.63,7,0,0,2,0,1,3,0.19,22,12,16,6,0,14,64.3,5,16,14,2,28,50,107,1,952,129,514,402,41,30,952,6,2,33.3,3,50.0,415,1963,991,1,1,13,4,484,80,46.9,82.0,9,3,67.0,5,1.61,29,19,10,0.63,0.52,26.6,20.7,5.9,0.37,0,24,10,3,0,0,0,65,83,37,69.2,DEF,82350.0,exact,82350.0,2025-06-05,800000.0,82350,1991-08-24,Germany,2026-06-30,192.0,right,33.35797399041752,17.904073587385017,13.592368256649284,1112.7544287453718,Declining,True,False,False,False,False,GER,UEFA,False,False,False,False,False,True
Armel Bella Kotchap,de GER,DF,Southampton,eng Premier League,22.0,2001.0,4,2,331,3.7,0,0,0,0,0,0,0,0,0.3,0.3,0.0,0.3,0,5,0,0.0,0.09,1,0,0.0,0.27,0.0,0.0,,9.1,0,0.32,-0.3,-0.3,202,224,90.2,3829,956,0.0,0.0,0,6,0,0,219,4,4,0,0,0,0,0,0,0,0,1,1,2,0.54,1,0,0,0,0,1,0,0.0,7,5,5,2,0,6,50.0,3,2,2,0,5,12,21,1,263,33,147,115,3,1,263,1,0,0.0,1,100.0,186,936,326,0,0,1,0,192,83,9.7,90.0,2,2,76.0,8,0.0,2,13,-11,-2.99,-1.56,2.5,10.2,-7.7,-2.08,0,3,2,0,0,0,0,19,6,5,54.5,DEF,467563.0,fuzzy_verified,467563.0,2025-05-30,9000000.0,467563,2001-12-11,Germany,2030-06-30,190.0,right,23.058179329226558,65.90013140604468,16.012735246411598,531.6796339787709,Developing,False,True,False,False,False,GER,UEFA,False,False,False,False,False,True
Raoul Bellanova,it ITA,DF,Atalanta,it Serie A,24.0,2000.0,34,27,2402,26.7,0,9,9,0,0,0,3,0,1.1,1.1,4.7,5.8,83,87,191,0.34,0.22,18,5,27.8,0.67,0.19,0.0,0.0,15.2,0,0.06,-1.1,-1.1,977,1264,77.3,15685,4507,5.1,4.3,34,45,28,22,1048,214,10,0,3,156,182,22,0,22,0,2,37,56,2.1,45,8,2,0,1,0,11,0.41,24,14,8,13,3,21,61.9,8,12,3,9,18,42,45,0,1469,46,334,582,570,48,1469,48,21,43.8,23,47.9,822,5166,2770,51,8,29,11,940,71,70.2,81.0,16,7,32.0,2,1.97,53,27,26,0.97,-0.35,46.3,23.9,22.3,0.84,0,15,34,0,0,0,0,117,23,23,50.0,DEF,357992.0,exact,357992.0,2025-06-17,24000000.0,357992,2000-05-17,Italy,2029-06-30,188.0,right,24.62696783025325,53.90932982917214,16.993564429978885,606.4875445123284,Developing,False,False,False,False,True,ITA,UEFA,False,False,False,False,False,True
Héctor Bellerín,es ESP,DF,Betis,es La Liga,29.0,1995.0,9,6,580,6.4,0,2,2,0,0,0,1,0,0.2,0.2,2.0,2.2,3,24,22,0.31,0.35,1,1,100.0,0.16,0.16,0.0,0.0,14.6,0,0.2,-0.2,-0.2,270,328,82.3,4167,1594,2.1,0.0,8,16,4,2,277,51,6,2,0,10,45,0,0,0,0,0,6,12,1.86,11,0,1,0,0,0,2,0.31,13,7,7,4,2,17,58.8,7,5,3,2,6,19,21,0,384,25,122,190,73,11,384,8,6,75.0,2,25.0,212,729,344,4,0,6,1,242,64,17.0,83.0,5,3,28.0,10,2.11,10,6,4,0.62,0.53,11.5,8.7,2.8,0.43,0,6,0,0,0,0,0,13,6,7,46.2,DEF,191217.0,exact,191217.0,2025-06-09,2000000.0,191217,1995-03-19,Spain,2028-06-30,178.0,right,29.790554414784395,41.9185282522996,14.508658238524095,887.47713234023,Peak,False,False,True,False,False,ESP,UEFA,False,False,False,False,False,True
Ramy Bensebaini,dz ALG,DF,Dortmund,de Bundesliga,29.0,1995.0,31,23,2022,22.5,1,6,7,1,0,0,6,0,1.3,1.3,3.2,4.5,26,128,58,0.31,0.2,20,2,10.0,0.89,0.09,0.05,0.5,13.7,0,0.06,-0.3,-0.3,1273,1478,86.1,21519,6758,2.3,2.8,15,116,19,5,1283,194,41,4,5,36,133,14,13,0,0,1,18,39,1.74,33,3,0,2,0,1,10,0.45,51,25,25,18,8,51,64.7,18,42,9,33,33,84,86,1,1766,110,513,914,349,36,1766,18,5,27.8,11,61.1,941,3896,1924,32,2,16,6,1094,65,66.1,80.0,14,8,22.0,0,1.84,50,29,21,0.93,1.02,39.6,24.0,15.6,0.69,0,28,24,0,0,0,0,100,41,25,62.1,DEF,284732.0,exact,284732.0,2025-06-05,7000000.0,284732,1995-04-16,Algeria,2027-06-30,187.0,left,29.713894592744694,29.894875164257556,15.76142084987672,882.9155318687424,Peak,True,False,False,False,False,ALG,CAF,False,True,False,False,False,False
Lucas Beraldo,br BRA,DF,Paris S-G,fr Ligue 1,20.0,2003.0,25,22,2011,22.3,1,0,1,1,0,0,6,0,0.9,0.9,0.4,1.2,9,131,0,0.04,0.06,12,4,33.3,0.54,0.18,0.08,0.25,14.2,0,0.07,0.1,0.1,2013,2132,94.4,35552,12625,0.9,-0.4,8,168,13,2,2072,55,29,1,9,3,25,0,0,0,0,5,6,22,0.98,22,0,0,0,0,0,3,0.13,38,31,30,8,0,37,62.2,14,16,8,8,21,59,63,3,2314,223,870,1372,78,15,2314,1,1,100.0,0,0.0,1395,5489,3292,15,0,10,2,1847,80,65.7,88.0,19,3,27.0,8,2.52,61,25,36,1.61,-0.19,58.6,22.1,36.5,1.63,0,22,9,1,0,1,0,115,45,21,68.2,DEF,872171.0,exact,872171.0,2025-06-03,25000000.0,872171,2003-11-24,Brazil,2028-06-30,186.0,left,21.10609171800137,41.9185282522996,17.034386422832473,445.467107608686,Emerging,False,False,False,True,False,BRA,CONMEBOL,False,False,False,True,False,False
Yuri Berchiche,es ESP,DF,Athletic Club,es La Liga,34.0,1990.0,30,22,2044,22.7,0,2,2,0,0,0,5,0,0.6,0.6,2.2,2.8,43,161,66,0.09,0.12,16,4,25.0,0.7,0.18,0.0,0.0,25.2,2,0.04,-0.6,-0.6,1174,1398,84.0,20944,7612,2.2,-0.2,18,129,15,8,1149,246,27,0,19,42,219,0,0,0,0,3,19,40,1.76,33,3,0,1,1,2,2,0.09,33,21,19,11,3,33,57.6,14,25,5,20,27,60,72,3,1631,74,454,884,305,16,1631,16,6,37.5,8,50.0,775,3774,2158,29,3,18,2,926,68,59.8,86.0,20,8,19.0,5,1.9,33,18,15,0.66,0.01,31.2,24.5,6.8,0.3,0,18,19,4,0,1,0,121,28,20,58.3,DEF,61812.0,exact,61812.0,2025-06-09,1400000.0,61812,1990-02-10,Spain,2027-06-30,181.0,left,34.8911704312115,29.894875164257556,14.151983508870947,1217.3937740598476,Declining,False,False,True,False,False,ESP,UEFA,False,False,False,False,False,True
Bernardo,br BRA,DF,Bochum,de Bundesliga,29.0,1995.0,21,19,1782,19.8,0,0,0,0,0,0,5,0,0.7,0.7,0.7,1.4,14,100,14,0.0,0.07,8,2,25.0,0.4,0.1,0.0,0.0,8.6,0,0.09,-0.7,-0.7,730,991,73.7,15635,7118,1.7,-0.7,4,99,11,1,941,47,26,0,2,14,17,0,0,0,0,3,30,22,1.11,18,1,0,2,0,1,0,0.0,46,28,32,13,1,37,73.0,10,38,17,21,26,72,103,4,1249,118,553,605,98,28,1249,5,3,60.0,2,40.0,630,3164,1475,7,1,11,8,693,85,58.2,90.0,19,2,36.0,0,1.1,20,26,-6,-0.3,1.67,26.5,29.3,-2.8,-0.14,0,24,11,0,0,0,0,83,90,43,67.7,DEF,364258.0,exact,364258.0,2025-06-05,5500000.0,364258,1995-05-14,Brazil,2027-06-30,186.0,left,29.637234770704996,29.894875164257556,15.520258832020865,878.3656848538852,Peak,True,False,False,False,False,BRA,CONMEBOL,False,False,False,True,False,False
Maxime Bernauer,fr FRA,DF,Saint-Étienne,fr Ligue 1,26.0,1998.0,11,9,763,8.5,0,0,0,0,0,0,4,1,0.1,0.1,0.0,0.1,7,41,0,0.0,0.01,2,0,0.0,0.24,0.0,0.0,,25.1,0,0.03,-0.1,-0.1,413,469,88.1,8305,3506,0.1,0.0,1,36,2,0,452,14,12,1,4,0,1,0,0,0,0,3,3,8,1.0,7,0,0,0,0,1,0,0.0,9,9,5,2,2,8,62.5,3,7,3,4,5,14,44,1,541,70,263,260,21,3,541,3,2,66.7,1,33.3,327,1635,1096,5,0,2,2,380,69,24.9,80.0,7,2,22.0,1,1.09,13,15,-2,-0.24,1.17,10.6,15.5,-4.9,-0.62,1,10,4,0,0,1,0,37,11,7,61.1,DEF,324819.0,exact,324819.0,2025-06-03,2000000.0,324819,1998-07-01,France,2027-06-30,185.0,right,26.50513347022587,29.894875164257556,14.508658238524095,702.5221002744878,Peak,False,False,False,True,False,FRA,UEFA,False,False,False,False,False,True
Juan Berrocal,es ESP,DF,Getafe,es La Liga,25.0,1999.0,19,11,1063,11.8,0,0,0,0,0,0,8,1,0.4,0.4,0.0,0.4,1,25,1,0.0,0.03,4,0,0.0,0.34,0.0,0.0,,11.0,0,0.09,-0.4,-0.4,287,377,76.1,5950,2289,0.1,0.0,1,21,2,0,358,19,17,0,3,0,0,0,0,0,0,0,1,6,0.51,4,1,0,0,0,1,1,0.08,14,7,10,4,0,14,71.4,4,6,3,3,15,29,59,0,498,51,246,238,16,8,498,0,0,,0,,196,833,390,1,0,3,0,201,56,31.1,80.0,6,8,23.0,14,0.95,7,12,-5,-0.42,-0.42,10.5,14.9,-4.4,-0.37,1,17,1,0,0,1,0,35,30,17,63.8,DEF,461843.0,exact,461843.0,2025-06-09,1500000.0,461843,1999-02-05,Spain,2026-06-30,187.0,both,25.905544147843944,17.904073587385017,14.220976332738882,671.0972175958916,Developing,False,False,True,False,False,ESP,UEFA,False,False,False,False,False,True
Sam Beukema,nl NED,DF,Bologna,it Serie A,25.0,1998.0,35,33,3012,33.5,0,1,1,0,0,0,1,0,1.5,1.5,0.9,2.4,27,153,9,0.03,0.07,15,4,26.7,0.45,0.12,0.0,0.0,10.6,0,0.1,-1.5,-1.5,1826,2114,86.4,36806,11130,1.0,0.1,10,169,11,3,2034,76,69,3,19,8,6,0,0,0,0,4,12,36,1.08,31,2,0,3,0,0,6,0.18,54,29,27,24,3,41,53.7,19,36,21,15,30,84,111,0,2419,158,920,1363,147,32,2419,2,1,50.0,0,0.0,1519,9080,4593,33,1,12,8,1625,86,88.1,90.0,32,2,25.0,3,1.74,51,39,12,0.36,0.8,42.4,32.3,10.1,0.3,0,28,36,2,0,1,0,135,93,71,56.7,DEF,433984.0,exact,433984.0,2025-06-17,28000000.0,433984,1998-11-17,Netherlands,2030-06-30,188.0,right,26.12457221081451,65.90013140604468,17.147715103853763,682.4932731980617,Peak,False,False,False,False,True,NED,UEFA,False,False,False,False,False,True
Jaka Bijol,si SVN,DF,Udinese,it Serie A,25.0,1999.0,34,34,2963,32.9,1,0,1,1,0,0,13,1,2.0,2.0,0.6,2.6,22,98,10,0.03,0.08,19,6,31.6,0.58,0.18,0.05,0.17,11.8,0,0.1,-1.0,-1.0,1432,1712,83.6,30455,10665,0.7,-0.6,12,109,8,2,1642,66,41,2,12,3,4,0,0,0,0,4,6,30,0.91,26,1,0,3,0,0,1,0.03,43,25,32,10,1,40,52.5,19,38,18,20,38,81,182,1,2083,264,1057,959,86,49,2083,3,2,66.7,1,33.3,1211,7149,4292,12,1,17,2,1339,87,86.6,87.0,32,0,,0,1.18,37,46,-9,-0.27,0.91,34.2,41.9,-7.7,-0.24,1,49,8,2,0,1,1,101,109,52,67.7,DEF,371851.0,exact,371851.0,2025-06-17,18000000.0,371851,1999-02-05,Slovenia,2030-06-30,190.0,right,25.905544147843944,65.90013140604468,16.705882371415992,671.0972175958916,Developing,False,False,False,False,True,SVN,UEFA,False,False,False,False,False,True
Cristiano Biraghi,it ITA,DF,Torino,it Serie A,31.0,1992.0,15,13,1158,12.9,0,0,0,0,0,0,0,0,0.5,0.5,2.7,3.1,24,36,49,0.0,0.24,10,1,10.0,0.78,0.08,0.0,0.0,25.9,3,0.05,-0.5,-0.5,513,717,71.5,9175,3789,2.2,-2.7,25,45,19,12,536,178,38,0,5,107,100,40,23,15,0,3,17,41,3.19,23,14,0,2,1,1,0,0.0,16,10,9,3,4,18,61.1,7,15,4,11,8,24,44,0,832,48,220,365,254,12,832,8,1,12.5,6,75.0,390,1789,928,18,1,11,2,462,77,33.9,87.0,10,2,15.0,0,1.13,12,15,-3,-0.23,-0.11,11.7,16.8,-5.0,-0.39,0,9,12,2,0,0,1,39,8,11,42.1,DEF,124555.0,exact,124555.0,2025-06-17,1800000.0,124555,1992-09-01,Italy,2027-06-30,185.0,left,32.33401779603012,29.894875164257556,14.403297778421795,1045.4887068339924,Declining,False,False,False,False,True,ITA,UEFA,False,False,False,False,False,True
Cristiano Biraghi,it ITA,DF,Fiorentina,it Serie A,31.0,1992.0,8,5,433,4.8,1,0,1,1,0,0,1,0,0.2,0.2,0.3,0.5,3,15,17,0.21,0.1,5,2,40.0,1.04,0.42,0.2,0.5,26.2,3,0.03,0.8,0.8,259,309,83.8,4734,1698,0.5,-0.3,6,16,3,2,246,60,28,0,3,30,8,22,7,8,1,3,5,8,1.66,3,5,0,0,0,0,0,0.0,4,4,1,3,0,7,28.6,5,2,0,2,4,8,11,0,335,28,120,150,65,1,335,0,0,,0,,178,695,296,2,1,3,0,229,54,12.7,81.0,4,3,9.0,5,1.88,5,7,-2,-0.42,-1.05,6.1,5.6,0.6,0.12,0,4,7,0,0,0,0,10,2,3,40.0,DEF,124555.0,exact,124555.0,2025-06-17,1800000.0,124555,1992-09-01,Italy,2027-06-30,185.0,left,32.33401779603012,29.894875164257556,14.403297778421795,1045.4887068339924,Declining,False,False,False,False,True,ITA,UEFA,False,False,False,False,False,True
Samuele Birindelli,it ITA,"DF,MF",Monza,it Serie A,25.0,1999.0,21,18,1468,16.3,3,0,3,3,0,0,2,0,2.1,2.1,1.4,3.5,40,35,100,0.18,0.22,16,10,62.5,0.98,0.61,0.19,0.3,15.4,0,0.13,0.9,0.9,470,621,75.7,7630,1959,1.1,-1.4,18,24,21,11,534,85,5,0,1,64,80,0,0,0,0,2,17,35,2.15,30,2,0,2,1,0,2,0.12,22,15,13,4,5,14,42.9,8,15,2,13,10,32,34,2,757,35,181,311,272,29,757,10,5,50.0,3,30.0,457,2547,1325,27,13,28,13,494,70,42.9,79.0,7,3,15.0,3,0.29,10,30,-20,-1.23,-0.26,14.7,23.8,-9.1,-0.56,0,16,15,5,0,0,0,47,5,15,25.0,DEF,461019.0,exact,461019.0,2025-06-17,2800000.0,461019,1999-07-19,Italy,2026-06-30,176.0,right,25.456536618754278,17.904073587385017,14.845130332288226,648.0352566219775,Developing,False,False,False,False,True,ITA,UEFA,False,False,False,False,False,True
Emmanuel Biumla,fr FRA,DF,Angers,fr Ligue 1,19.0,2005.0,17,15,1336,14.8,1,0,1,1,0,0,2,0,0.7,0.7,0.0,0.8,3,16,0,0.07,0.05,4,2,50.0,0.27,0.13,0.25,0.5,13.7,0,0.18,0.3,0.3,440,499,88.2,8842,2637,0.1,0.0,1,13,1,0,473,23,21,0,1,0,0,0,0,0,0,3,2,4,0.27,4,0,0,0,0,0,0,0.0,19,12,14,5,0,18,66.7,6,18,8,10,8,27,84,1,654,118,402,240,16,8,654,12,7,58.3,4,33.3,380,2264,1290,2,0,10,4,420,79,43.7,87.0,14,2,16.0,4,1.18,19,21,-2,-0.13,0.86,17.8,28.4,-10.6,-0.72,0,7,10,0,0,1,0,37,16,12,57.1,DEF,1071956.0,exact,1071956.0,2025-06-03,4000000.0,1071956,2005-05-08,France,2028-06-30,185.0,right,19.652292950034223,41.9185282522996,15.201805169084134,386.21261819396483,Emerging,False,False,False,True,False,FRA,UEFA,False,False,False,False,False,True
Daley Blind,nl NED,DF,Girona,es La Liga,34.0,1990.0,34,31,2780,30.9,0,2,2,0,0,0,2,0,0.5,0.5,1.6,2.1,71,272,61,0.06,0.07,10,4,40.0,0.32,0.13,0.0,0.0,19.0,0,0.05,-0.5,-0.5,2318,2610,88.8,42632,14890,2.5,0.4,19,310,26,8,2402,198,65,4,32,42,119,1,0,0,0,10,29,47,1.52,43,2,0,0,0,2,7,0.23,49,27,26,19,4,48,64.6,17,32,9,23,32,81,94,2,2860,172,910,1600,364,21,2860,28,15,53.6,11,39.3,1862,10086,5550,67,3,16,12,2151,82,81.3,87.0,29,3,29.0,1,1.03,38,46,-8,-0.26,0.87,35.7,35.9,-0.2,-0.01,0,19,16,1,0,0,0,116,17,24,41.5,DEF,12282.0,exact,12282.0,2025-06-09,1500000.0,12282,1990-03-09,Netherlands,2026-06-30,180.0,left,34.81724845995893,17.904073587385017,14.220976332738882,1212.2407903225126,Declining,False,False,True,False,False,NED,UEFA,False,False,False,False,False,True
Sacha Boey,fr FRA,DF,Bayern Munich,de Bundesliga,23.0,2000.0,13,6,593,6.6,0,2,2,0,0,0,1,0,0.1,0.1,1.2,1.3,18,39,63,0.3,0.2,3,1,33.3,0.46,0.15,0.0,0.0,18.5,0,0.05,-0.1,-0.1,462,500,92.4,6335,1608,1.8,0.8,3,45,6,2,442,58,4,0,0,11,54,0,0,0,0,0,4,11,1.67,8,0,2,0,1,0,3,0.46,20,5,6,6,8,18,72.2,5,6,0,6,2,22,14,0,580,16,83,272,226,11,580,19,6,31.6,11,57.9,360,1543,745,9,4,11,7,416,46,19.4,69.0,1,7,26.0,9,2.08,19,9,10,1.52,-0.56,15.4,6.2,9.2,1.4,0,7,7,0,0,1,0,38,6,9,40.0,DEF,475413.0,exact,475413.0,2025-06-05,18000000.0,475413,2000-09-13,France,2026-06-30,178.0,right,24.301163586584533,17.904073587385017,16.705882371415992,590.5465516619421,Developing,True,False,False,False,False,FRA,UEFA,False,False,False,False,False,True
Lamare Bogarde,nl NED,"DF,MF",Aston Villa,eng Premier League,20.0,2004.0,8,5,476,5.3,0,0,0,0,0,0,2,0,0.0,0.0,0.1,0.2,12,14,9,0.0,0.03,1,1,100.0,0.19,0.19,0.0,0.0,20.2,0,0.04,0.0,0.0,240,272,88.2,3682,1154,0.1,-0.1,2,24,1,0,239,31,14,0,0,0,17,0,0,0,0,2,1,10,1.89,8,1,0,0,0,1,1,0.19,14,6,6,6,2,16,62.5,6,5,3,2,1,15,13,0,325,16,95,191,40,4,325,4,2,50.0,1,25.0,173,1031,599,6,1,6,8,212,60,13.9,77.0,2,3,30.0,14,1.5,10,11,-1,-0.19,-0.43,7.5,9.3,-1.8,-0.34,0,8,11,0,0,0,0,13,6,6,50.0,DEF,645686.0,exact,645686.0,2025-05-30,6000000.0,645686,2004-01-05,Netherlands,2028-06-30,185.0,right,20.99110198494182,41.9185282522996,15.607270193858982,440.62636254222843,Emerging,False,True,False,False,False,NED,UEFA,False,False,False,False,False,True
Adama Boiro,es ESP,"DF,FW",Athletic Club,es La Liga,22.0,2002.0,18,13,1101,12.2,0,0,0,0,0,0,3,0,0.3,0.3,0.5,0.7,25,46,36,0.0,0.06,5,0,0.0,0.41,0.0,0.0,,14.4,0,0.05,-0.3,-0.3,401,502,79.9,6196,1937,0.6,-0.5,5,44,8,4,397,105,6,0,0,31,99,0,0,0,0,0,10,16,1.31,12,1,1,1,1,0,0,0.0,20,11,11,7,2,15,66.7,5,10,3,7,12,32,27,1,627,25,158,309,165,14,627,26,8,30.8,16,61.5,288,1675,890,21,5,23,15,332,61,32.2,74.0,3,5,28.0,18,1.89,18,8,10,0.82,0.24,18.0,10.6,7.4,0.61,0,13,8,1,0,0,0,45,16,9,64.0,DEF,710671.0,exact,710671.0,2025-06-09,2500000.0,710671,2002-06-22,Spain,2029-06-30,183.0,left,22.529774127310063,53.90932982917214,14.731801689838349,507.5907222276099,Developing,False,False,True,False,False,ESP,UEFA,False,False,False,False,False,True
Moïse Bombito,ca CAN,DF,Nice,fr Ligue 1,24.0,2000.0,27,25,2192,24.4,0,0,0,0,0,0,3,1,0.7,0.7,0.2,1.0,27,97,10,0.0,0.04,8,1,12.5,0.33,0.04,0.0,0.0,18.2,0,0.09,-0.7,-0.7,1266,1404,90.2,23123,8931,0.6,-0.2,2,78,5,0,1346,57,29,3,7,2,3,0,0,0,0,1,8,18,0.74,17,0,0,0,0,1,4,0.16,37,25,22,12,3,35,68.6,11,35,19,16,18,55,121,7,1673,214,767,855,63,9,1673,17,12,70.6,4,23.5,906,4744,2693,10,1,16,3,1109,81,71.6,86.0,20,2,24.0,0,1.78,46,28,18,0.74,0.01,43.1,27.9,15.2,0.62,1,28,13,0,0,1,1,97,48,52,48.0,DEF,1089202.0,exact,1089202.0,2025-06-03,10000000.0,1089202,2000-03-30,Canada,2028-06-30,190.0,right,24.758384668035593,41.9185282522996,16.118095750958314,612.9776113704199,Developing,False,False,False,True,False,CAN,CONCACAF,False,False,True,False,False,False
Sebastiaan Bornauw,be BEL,DF,Wolfsburg,de Bundesliga,25.0,1999.0,15,8,788,8.8,2,1,3,2,0,0,2,0,1.2,1.2,0.5,1.7,3,21,1,0.34,0.2,8,3,37.5,0.91,0.34,0.25,0.67,7.6,0,0.15,0.8,0.8,270,330,81.8,4925,1394,0.1,0.5,1,18,2,0,317,13,11,0,2,1,1,0,0,0,0,0,3,4,0.46,3,0,0,1,0,0,1,0.11,9,6,4,4,1,8,50.0,4,14,12,2,12,21,36,0,428,50,170,239,21,10,428,1,0,0.0,1,100.0,206,920,379,2,0,2,1,230,53,25.8,90.0,8,7,10.0,4,1.47,18,19,-1,-0.11,-0.23,15.2,15.6,-0.4,-0.04,0,12,2,0,0,1,0,28,36,21,63.2,DEF,338629.0,exact,338629.0,2025-06-05,6000000.0,338629,1999-03-22,Belgium,2029-06-30,191.0,right,25.782340862423,53.90932982917214,15.607270193858982,664.7291003461667,Developing,True,False,False,False,False,BEL,UEFA,False,False,False,False,False,True
Sven Botman,nl NED,DF,Newcastle Utd,eng Premier League,24.0,2000.0,8,6,412,4.6,0,0,0,0,0,0,1,0,0.5,0.5,0.5,1.1,0,7,0,0.0,0.24,5,2,40.0,1.09,0.44,0.0,0.0,7.1,0,0.12,-0.5,-0.5,220,246,89.4,3768,1437,0.2,-0.5,2,13,0,0,238,8,7,1,2,0,1,0,0,0,0,0,0,4,0.87,1,0,0,3,0,0,0,0.0,12,9,6,5,1,9,77.8,2,5,4,1,5,17,25,1,304,40,132,160,16,11,304,3,1,33.3,1,33.3,145,670,337,1,0,5,1,197,52,12.0,67.0,1,2,5.0,2,1.63,7,4,3,0.66,0.12,8.0,4.8,3.2,0.71,0,5,4,0,0,0,0,14,17,9,65.4,DEF,361093.0,exact,361093.0,2025-05-30,42000000.0,361093,2000-01-12,Netherlands,2030-06-30,193.0,left,24.971937029431896,65.90013140604468,17.553180200057167,623.597639001912,Developing,False,True,False,False,False,NED,UEFA,False,False,False,False,False,True
Enzo Boyomo,cm CMR,DF,Osasuna,es La Liga,22.0,2001.0,34,33,2987,33.2,2,0,2,2,0,0,5,0,1.5,1.5,0.9,2.4,16,111,7,0.06,0.07,12,3,25.0,0.36,0.09,0.17,0.67,12.4,0,0.12,0.5,0.5,1220,1402,87.0,23483,9044,0.7,-0.9,4,86,6,0,1326,74,50,4,6,2,18,0,0,0,0,2,9,13,0.39,12,0,0,1,0,0,1,0.03,68,43,46,18,4,39,76.9,9,34,19,15,44,112,137,3,1723,192,821,850,69,21,1723,16,9,56.3,6,37.5,965,4884,2884,6,1,19,10,1064,88,87.3,89.0,32,1,45.0,0,1.38,45,44,1,0.03,1.07,40.3,45.4,-5.2,-0.16,0,43,8,0,0,0,0,121,29,35,45.3,DEF,541555.0,exact,541555.0,2025-06-09,20000000.0,541555,2001-10-07,Cameroon,2029-06-30,184.0,right,23.236139630390145,53.90932982917214,16.811242881518265,539.9181849229875,Developing,False,False,True,False,False,CMR,CAF,False,True,False,False,False,False
Enzo Boyomo,cm CMR,DF,Valladolid,es La Liga,22.0,2001.0,3,3,270,3.0,0,0,0,0,0,0,0,0,0.1,0.1,0.0,0.1,1,7,0,0.0,0.02,2,0,0.0,0.67,0.0,0.0,,11.7,0,0.03,-0.1,-0.1,174,190,91.6,3007,1118,0.0,0.0,0,2,0,0,182,8,4,0,1,0,0,0,0,0,0,0,0,1,0.33,1,0,0,0,0,0,0,0.0,6,2,4,2,0,3,100.0,0,4,3,1,1,7,7,0,215,23,131,79,6,4,215,1,1,100.0,0,0.0,128,563,282,0,0,0,0,159,90,7.9,90.0,3,0,,0,1.33,1,3,-2,-0.67,1.1,2.3,2.9,-0.6,-0.21,0,3,0,0,0,0,0,11,3,5,37.5,DEF,541555.0,exact,541555.0,2025-06-09,20000000.0,541555,2001-10-07,Cameroon,2029-06-30,184.0,right,23.236139630390145,53.90932982917214,16.811242881518265,539.9181849229875,Developing,False,False,True,False,False,CMR,CAF,False,True,False,False,False,False
Domagoj Bradarić,hr CRO,DF,Hellas Verona,it Serie A,24.0,1999.0,28,24,1933,21.5,1,0,1,1,0,0,6,0,0.8,0.8,2.2,3.0,30,46,83,0.05,0.14,9,4,44.4,0.42,0.19,0.11,0.25,19.6,0,0.08,0.2,0.2,565,780,72.4,9528,3093,2.1,-2.2,25,28,16,10,571,208,21,0,5,78,162,25,12,10,0,1,25,47,2.19,30,12,3,1,1,0,1,0.05,36,28,21,11,4,29,62.1,11,17,4,13,15,51,49,1,988,39,258,409,340,23,988,37,15,40.5,18,48.6,426,2554,1313,32,3,30,11,459,69,56.5,76.0,7,4,28.0,7,0.96,16,39,-23,-1.07,-0.53,17.0,29.1,-12.0,-0.56,0,21,14,3,0,0,0,80,16,21,43.2,DEF,357796.0,exact,357796.0,2025-06-17,4000000.0,357796,1999-12-10,Croatia,2028-06-30,178.0,left,25.062286105407257,41.9185282522996,15.201805169084134,628.1181848292896,Developing,False,False,False,False,True,CRO,UEFA,False,False,False,False,False,True
Conor Bradley,nir NIR,DF,Liverpool,eng Premier League,21.0,2003.0,19,7,754,8.4,0,2,2,0,0,0,4,0,0.7,0.7,1.4,2.1,35,33,39,0.24,0.25,10,3,30.0,1.19,0.36,0.0,0.0,14.2,0,0.07,-0.7,-0.7,456,544,83.8,6875,1711,1.4,0.6,7,26,3,1,471,71,13,0,2,7,58,0,0,0,0,2,12,19,2.27,13,0,5,0,1,0,4,0.48,14,10,7,5,2,22,50.0,11,9,2,7,4,18,31,0,663,32,197,299,178,43,663,25,10,40.0,12,48.0,369,2332,1356,22,9,13,5,411,40,22.0,68.0,1,12,23.0,6,1.84,13,10,3,0.36,-1.06,17.2,12.4,4.8,0.58,0,12,14,1,0,0,0,51,11,7,61.1,DEF,624258.0,exact,624258.0,2025-05-30,30000000.0,624258,2003-07-09,Northern Ireland,2029-06-30,181.0,right,21.4839151266256,53.90932982917214,17.216707972959764,461.55860916805227,Emerging,False,True,False,False,False,NIR,UEFA,False,False,False,False,False,True
Jarrad Branthwaite,eng ENG,DF,Everton,eng Premier League,22.0,2002.0,30,28,2511,27.9,0,1,1,0,0,0,4,0,1.2,1.2,0.7,1.9,10,66,2,0.04,0.07,10,3,30.0,0.36,0.11,0.0,0.0,8.2,0,0.12,-1.2,-1.2,984,1198,82.1,19285,7699,0.6,0.3,3,86,3,0,1141,51,38,1,17,5,3,0,0,0,0,6,7,13,0.47,11,1,0,0,1,0,2,0.07,36,20,26,10,0,28,71.4,8,31,23,8,27,63,191,4,1520,211,783,676,69,28,1520,6,3,50.0,2,33.3,747,4143,2515,14,2,8,4,894,84,73.4,89.0,27,2,4.0,0,1.33,34,28,6,0.22,1.01,31.1,30.0,1.1,0.04,0,12,18,1,0,0,0,93,61,42,59.2,DEF,661053.0,exact,661053.0,2025-05-30,50000000.0,661053,2002-06-27,England,2030-06-30,195.0,left,22.5160848733744,65.90013140604468,17.72753358339242,506.97407802499947,Developing,False,True,False,False,False,ENG,UEFA,False,False,False,False,False,True
Lilian Brassier,fr FRA,DF,Marseille,fr Ligue 1,24.0,1999.0,12,9,779,8.7,0,0,0,0,0,0,3,0,0.2,0.2,0.0,0.3,11,40,8,0.0,0.03,5,1,20.0,0.58,0.12,0.0,0.0,11.3,0,0.05,-0.2,-0.2,560,653,85.8,8815,2726,0.1,0.0,1,48,2,0,605,43,12,0,2,5,21,0,0,0,0,5,6,3,0.35,3,0,0,0,0,0,0,0.0,8,6,8,0,0,6,83.3,1,8,3,5,9,17,28,2,732,59,303,382,48,11,732,9,1,11.1,6,66.7,447,2283,1109,8,0,9,4,532,65,25.5,83.0,6,3,11.0,5,1.5,12,15,-3,-0.35,-1.53,11.3,14.9,-3.7,-0.42,0,7,3,0,0,0,0,38,17,7,70.8,DEF,485960.0,exact,485960.0,2025-06-03,10000000.0,485960,1999-11-02,France,2029-06-30,186.0,left,25.166324435318277,53.90932982917214,16.118095750958314,633.3438855836978,Developing,False,False,False,True,False,FRA,UEFA,False,False,False,False,False,True
Lilian Brassier,fr FRA,DF,Rennes,fr Ligue 1,24.0,1999.0,14,14,1234,13.7,1,1,2,1,0,0,1,0,1.5,1.5,0.3,1.8,21,75,11,0.15,0.13,14,1,7.1,1.02,0.07,0.07,1.0,12.6,0,0.11,-0.5,-0.5,787,919,85.6,14802,5588,0.4,0.7,6,85,6,1,882,34,27,1,8,9,3,0,0,0,0,3,8,22,1.6,16,1,0,3,2,0,1,0.07,15,12,11,4,0,11,81.8,2,17,10,7,22,37,62,1,1058,98,440,529,99,16,1058,4,2,50.0,0,0.0,630,3450,1812,17,1,6,1,778,88,40.3,88.0,12,0,,0,1.71,23,19,4,0.29,0.44,23.5,20.6,3.0,0.22,0,9,12,0,0,1,0,59,30,8,78.9,DEF,485960.0,exact,485960.0,2025-06-03,10000000.0,485960,1999-11-02,France,2029-06-30,186.0,left,25.166324435318277,53.90932982917214,16.118095750958314,633.3438855836978,Developing,False,False,False,True,False,FRA,UEFA,False,False,False,False,False,True
James Bree,eng ENG,DF,Southampton,eng Premier League,26.0,1997.0,17,13,1075,11.9,0,1,1,0,0,0,0,0,0.1,0.1,0.9,1.0,13,34,43,0.08,0.08,4,1,25.0,0.33,0.08,0.0,0.0,22.7,0,0.03,-0.1,-0.1,500,599,83.5,7922,2204,0.7,0.1,10,29,7,6,549,49,9,0,0,29,36,3,2,0,0,1,9,16,1.34,13,2,0,1,0,0,1,0.08,19,14,8,10,1,25,40.0,15,10,3,7,9,28,29,0,694,49,221,308,170,11,694,8,4,50.0,2,25.0,363,1586,808,12,1,9,5,443,63,31.4,78.0,7,4,15.0,15,0.29,8,31,-23,-1.93,-0.51,9.3,31.2,-21.9,-1.83,0,4,5,0,0,0,0,65,12,7,63.2,DEF,324223.0,exact,324223.0,2025-05-30,2500000.0,324223,1997-12-11,England,2026-06-30,182.0,right,27.058179329226558,17.904073587385017,14.731801689838349,732.1450686125834,Peak,False,True,False,False,False,ENG,UEFA,False,False,False,False,False,True
Arvid Brorsson,se SWE,DF,Monza,it Serie A,25.0,1999.0,6,3,362,4.0,0,0,0,0,0,0,0,0,0.0,0.0,0.0,0.0,1,9,1,0.0,0.0,0,0,,0.0,0.0,,,,0,,0.0,0.0,224,247,90.7,4098,1147,0.0,0.0,0,5,0,0,236,10,7,0,0,0,1,0,0,0,0,1,0,1,0.25,0,1,0,0,0,0,0,0.0,4,3,2,2,0,5,40.0,3,9,8,1,2,6,35,1,303,56,201,93,10,0,303,1,1,100.0,0,0.0,185,749,364,1,0,1,1,202,60,10.6,90.0,3,3,31.0,10,0.67,3,11,-8,-1.99,-1.02,3.7,6.5,-2.8,-0.69,0,1,4,0,0,0,0,14,7,6,53.8,DEF,381706.0,exact,381706.0,2025-06-17,600000.0,381706,1999-05-08,Sweden,2027-06-30,193.0,right,25.65366187542779,29.894875164257556,13.304686600863562,658.1103676187773,Developing,False,False,False,False,True,SWE,UEFA,False,False,False,False,False,True
Nathaniel Brown,de GER,"DF,MF",Eint Frankfurt,de Bundesliga,21.0,2003.0,26,22,1947,21.6,3,6,9,3,0,0,2,0,2.2,2.2,5.1,7.3,45,63,119,0.42,0.34,13,5,38.5,0.6,0.23,0.23,0.6,15.4,0,0.17,0.8,0.8,727,901,80.7,10728,3251,4.6,0.9,39,35,22,7,713,181,19,2,3,92,114,48,43,1,0,7,28,64,2.96,44,16,0,2,2,0,11,0.51,71,42,39,18,14,55,80.0,11,30,0,30,15,86,55,1,1174,43,314,485,389,50,1174,33,11,33.3,17,51.5,600,3259,1680,31,6,30,12,658,75,63.6,84.0,12,4,26.0,2,1.77,45,27,18,0.83,0.51,41.1,24.0,17.1,0.79,0,15,22,0,0,0,0,81,5,18,21.7,DEF,691892.0,exact,691892.0,2025-06-05,22000000.0,691892,2003-06-16,Germany,2030-06-30,176.0,left,21.54688569472964,65.90013140604468,16.906553056777135,464.26828314174475,Emerging,True,False,False,False,False,GER,UEFA,False,False,False,False,False,True
Santiago Bueno,uy URU,DF,Wolves,eng Premier League,25.0,1998.0,29,18,1687,18.7,0,0,0,0,0,0,2,0,0.4,0.4,0.0,0.4,1,28,1,0.0,0.02,6,3,50.0,0.32,0.16,0.0,0.0,14.0,0,0.07,-0.4,-0.4,741,842,88.0,13598,4177,0.1,0.0,0,24,2,0,807,34,21,1,3,0,4,0,0,0,0,1,9,12,0.64,10,1,0,0,0,1,4,0.21,41,21,22,18,1,22,77.3,5,36,21,15,15,56,70,0,1025,170,522,485,21,6,1025,4,0,0.0,4,100.0,555,2727,1430,2,0,2,2,660,58,49.3,87.0,14,11,12.0,8,1.31,26,34,-8,-0.43,-0.06,22.5,29.2,-6.6,-0.35,0,26,5,0,0,0,0,43,35,31,53.0,DEF,438001.0,exact,438001.0,2025-05-30,10000000.0,438001,1998-11-09,Uruguay,2028-06-30,191.0,right,26.146475017111566,41.9185282522996,16.118095750958314,683.6381558204392,Peak,False,True,False,False,False,URU,CONMEBOL,False,False,False,True,False,False
Alessandro Buongiorno,it ITA,DF,Napoli,it Serie A,25.0,1999.0,22,22,1924,21.4,1,0,1,1,0,0,2,0,0.8,0.8,0.6,1.4,27,82,8,0.05,0.07,8,4,50.0,0.37,0.19,0.13,0.25,11.0,0,0.1,0.2,0.2,1161,1279,90.8,20369,6363,0.6,-0.6,5,67,3,0,1223,53,39,0,2,1,3,0,0,0,0,3,8,19,0.89,18,0,0,1,0,0,2,0.09,39,23,26,12,1,32,75.0,8,30,18,12,35,74,73,2,1489,125,655,788,55,15,1489,7,1,14.3,3,42.9,902,4549,2741,7,1,13,8,1059,87,56.3,87.0,20,0,,4,2.14,33,14,19,0.89,0.11,31.7,18.1,13.6,0.64,0,17,21,1,0,0,0,84,43,21,67.2,DEF,386446.0,exact,386446.0,2025-06-17,50000000.0,386446,1999-06-06,Italy,2029-06-30,190.0,left,25.574264202600958,53.90932982917214,17.72753358339242,654.0429895044368,Developing,False,False,False,False,True,ITA,UEFA,False,False,False,False,False,True
Cameron Burgess,au AUS,DF,Ipswich Town,eng Premier League,28.0,1995.0,18,16,1541,17.1,0,2,2,0,0,0,0,0,1.1,1.1,0.5,1.6,2,42,4,0.12,0.09,10,2,20.0,0.58,0.12,0.0,0.0,9.6,0,0.11,-1.1,-1.1,626,774,80.9,11461,5485,0.4,1.5,7,47,4,0,710,60,28,1,1,0,0,0,0,0,0,4,7,14,0.82,14,0,0,0,0,0,3,0.18,17,12,14,3,0,11,81.8,2,20,15,5,14,31,128,3,982,248,609,327,48,24,982,0,0,,0,,430,1965,1002,4,0,3,0,573,86,45.1,90.0,16,2,51.0,5,0.72,19,37,-18,-1.05,0.29,16.2,33.9,-17.7,-1.03,0,6,4,1,0,0,0,44,44,22,66.7,DEF,255788.0,exact,255788.0,2025-05-30,2000000.0,255788,1995-10-21,Australia,2028-06-30,194.0,left,29.19917864476386,41.9185282522996,14.508658238524095,852.5920335288339,Peak,False,True,False,False,False,AUS,AFC,True,False,False,False,False,False
Dan Burn,eng ENG,DF,Newcastle Utd,eng Premier League,32.0,1992.0,37,37,3330,37.0,1,1,2,1,0,0,11,0,2.0,2.0,0.9,2.8,12,75,14,0.05,0.08,23,7,30.4,0.62,0.19,0.04,0.14,9.7,0,0.09,-1.0,-1.0,1774,2006,88.4,32347,11375,1.1,0.1,9,50,9,0,1968,37,25,0,12,3,8,0,0,0,0,1,16,27,0.73,21,1,0,4,1,0,4,0.11,39,24,22,15,2,36,55.6,16,36,26,10,27,66,197,4,2386,366,1305,959,130,52,2386,4,3,75.0,1,25.0,1346,6322,2798,8,1,24,3,1615,90,97.4,90.0,37,0,,0,1.78,68,45,23,0.62,2.62,62.1,44.7,17.5,0.47,0,34,12,5,0,0,2,103,146,75,66.1,DEF,134270.0,exact,134270.0,2025-05-30,6000000.0,134270,1992-05-09,England,2027-06-30,201.0,left,32.648870636550306,29.894875164257556,15.607270193858982,1065.9487538421968,Declining,False,True,False,False,False,ENG,UEFA,False,False,False,False,False,True
Marnon Busch,de GER,"DF,MF",Heidenheim,de Bundesliga,29.0,1994.0,23,15,1396,15.5,0,1,1,0,0,0,1,0,0.4,0.4,1.1,1.5,22,63,43,0.06,0.1,13,3,23.1,0.84,0.19,0.0,0.0,26.8,1,0.03,-0.4,-0.4,614,845,72.7,13121,4710,1.8,-0.1,12,59,17,10,698,142,25,1,13,52,116,1,0,1,0,5,16,27,1.74,21,4,0,2,0,0,1,0.06,26,17,19,7,0,32,71.9,9,23,10,13,13,39,65,5,1030,79,378,468,190,9,1030,8,3,37.5,4,50.0,495,2288,1217,20,1,13,1,553,61,45.6,80.0,8,8,24.0,8,1.09,13,26,-13,-0.84,-0.08,16.4,25.1,-8.7,-0.56,0,8,7,0,0,1,0,62,13,15,46.4,DEF,117478.0,exact,117478.0,2025-06-05,1200000.0,117478,1994-12-08,Germany,2027-06-30,182.0,right,30.067077344284737,29.894875164257556,13.997832948091215,904.0291400272005,Declining,True,False,False,False,False,GER,UEFA,False,False,False,False,False,True
Aurélio Buta,pt POR,DF,Reims,fr Ligue 1,27.0,1997.0,27,24,1970,21.9,0,1,1,0,0,0,5,0,0.3,0.3,0.8,1.1,28,83,64,0.05,0.05,8,1,12.5,0.37,0.05,0.0,0.0,21.1,0,0.03,-0.3,-0.3,819,991,82.6,12195,4195,1.4,0.2,10,56,12,4,792,196,14,0,0,32,181,0,0,0,0,3,18,31,1.42,23,5,0,2,0,1,4,0.18,37,24,22,11,4,42,50.0,21,19,5,14,22,59,59,0,1195,69,348,559,299,14,1195,22,9,40.9,11,50.0,546,2567,1237,21,4,28,7,672,73,64.4,80.0,13,3,18.0,4,1.15,25,28,-3,-0.14,0.77,23.4,33.1,-9.7,-0.44,0,32,27,3,0,1,0,69,12,15,44.4,DEF,258039.0,exact,258039.0,2025-06-03,5000000.0,258039,1997-02-10,Portugal,2026-06-30,172.0,right,27.890485968514717,17.904073587385017,15.424948670398354,777.8792075599164,Peak,False,False,False,True,False,POR,UEFA,False,False,False,False,False,True
Leandro Cabrera,uy URU,DF,Espanyol,es La Liga,33.0,1991.0,33,32,2869,31.9,4,2,6,4,0,0,4,1,1.1,1.1,0.9,2.1,9,69,6,0.19,0.06,19,6,31.6,0.6,0.19,0.21,0.67,12.2,0,0.06,2.9,2.9,1084,1442,75.2,22270,10095,0.7,1.1,9,90,15,3,1274,157,58,1,16,17,12,0,0,0,0,11,13,21,0.66,17,0,0,2,1,1,7,0.22,40,23,29,8,3,33,57.6,14,35,25,10,30,70,199,2,1796,332,1047,681,76,33,1796,2,1,50.0,1,50.0,833,3674,2284,9,0,9,1,1009,87,83.9,88.0,30,1,45.0,0,1.06,36,41,-5,-0.16,0.82,29.7,43.5,-13.9,-0.44,0,24,8,0,1,1,0,83,77,42,64.7,DEF,102423.0,exact,102423.0,2025-06-09,1000000.0,102423,1991-06-17,Uruguay,2027-06-30,190.0,left,33.544147843942504,29.894875164257556,13.815511557963774,1125.2098545762726,Declining,False,False,True,False,False,URU,CONMEBOL,False,False,False,True,False,False
Anthony Caci,fr FRA,DF,Mainz 05,de Bundesliga,27.0,1997.0,33,33,2684,29.8,1,7,8,1,0,0,6,0,3.1,3.1,6.6,9.7,45,133,152,0.27,0.32,32,12,37.5,1.07,0.4,0.03,0.08,16.3,1,0.1,-2.1,-2.1,1188,1655,71.8,19409,8082,7.9,0.4,50,96,46,21,1345,302,26,6,11,133,256,20,7,8,1,8,61,95,3.18,73,17,2,2,0,1,11,0.37,60,40,23,25,12,44,63.6,16,33,8,25,27,87,47,2,1973,70,398,884,709,62,1973,64,29,45.3,31,48.4,960,3680,1650,25,13,44,24,1161,81,87.7,81.0,11,0,,0,1.55,54,38,16,0.54,1.49,45.1,41.7,3.4,0.11,0,37,11,15,0,0,0,131,35,33,51.5,DEF,453016.0,exact,453016.0,2025-06-05,12000000.0,453016,1997-07-01,France,2028-06-30,184.0,both,27.50444900752909,41.9185282522996,16.300417291085605,756.494715207768,Peak,True,False,False,False,False,FRA,UEFA,False,False,False,False,False,True
Davide Calabria,it ITA,DF,Bologna,it Serie A,27.0,1996.0,11,7,632,7.0,0,1,1,0,0,0,3,0,0.1,0.1,1.3,1.4,7,40,20,0.14,0.19,3,0,0.0,0.43,0.0,0.0,,28.4,0,0.03,-0.1,-0.1,354,429,82.5,6167,2065,0.5,-0.3,13,26,11,6,348,80,16,1,1,17,64,0,0,0,0,1,8,24,3.42,22,1,0,0,0,1,3,0.43,12,8,5,5,2,12,41.7,7,4,0,4,3,15,22,1,490,10,141,243,111,4,490,3,0,0.0,3,100.0,271,1208,586,7,0,10,3,285,57,18.5,86.0,5,4,8.0,2,1.82,13,6,7,1.0,0.9,11.4,5.4,6.0,0.85,0,7,5,0,0,0,0,30,9,9,50.0,DEF,262523.0,exact,262523.0,2025-06-17,4500000.0,262523,1996-12-06,Italy,2028-06-30,176.0,right,28.071184120465436,41.9185282522996,15.319588176962746,787.9913779250709,Peak,False,False,False,False,True,ITA,UEFA,False,False,False,False,False,True
Davide Calabria,it ITA,DF,Milan,it Serie A,27.0,1996.0,7,4,316,3.5,0,0,0,0,0,0,0,0,0.3,0.3,0.2,0.5,8,24,31,0.0,0.14,2,0,0.0,0.57,0.0,0.0,,16.6,0,0.15,-0.3,-0.3,193,223,86.5,3258,767,0.2,-0.2,1,23,2,2,204,19,5,1,1,16,14,0,0,0,0,0,5,9,2.56,6,1,0,1,1,0,0,0.0,10,7,10,0,0,7,57.1,3,1,0,1,8,18,8,0,258,9,56,137,69,4,258,5,3,60.0,1,20.0,159,727,358,5,0,1,1,174,45,9.2,72.0,0,3,10.0,9,1.71,3,5,-2,-0.57,-1.15,6.7,3.3,3.5,0.98,0,3,4,0,0,0,0,16,2,0,100.0,DEF,262523.0,exact,262523.0,2025-06-17,4500000.0,262523,1996-12-06,Italy,2028-06-30,176.0,right,28.071184120465436,41.9185282522996,15.319588176962746,787.9913779250709,Peak,False,False,False,False,True,ITA,UEFA,False,False,False,False,False,True
Riccardo Calafiori,it ITA,DF,Arsenal,eng Premier League,22.0,2002.0,19,11,983,10.9,2,1,3,2,0,0,4,0,0.9,0.9,0.3,1.1,22,54,29,0.27,0.11,10,6,60.0,0.92,0.55,0.2,0.33,14.1,0,0.09,1.1,1.1,470,549,85.6,6903,1705,0.7,0.7,6,41,9,1,483,65,7,0,2,11,58,0,0,0,0,1,11,13,1.19,11,0,1,1,0,0,2,0.18,27,19,15,10,2,29,62.1,11,12,6,6,9,36,25,0,653,30,164,264,229,30,653,13,9,69.2,3,23.1,308,1655,889,15,3,12,5,394,52,28.7,72.0,3,8,25.0,3,2.05,27,12,15,1.37,0.63,20.6,10.4,10.2,0.93,0,16,6,3,0,0,0,35,22,14,61.1,DEF,502821.0,exact,502821.0,2025-05-30,35000000.0,502821,2002-05-19,Italy,2029-06-30,188.0,left,22.622861054072555,53.90932982917214,17.370858648025116,511.7938422718728,Developing,False,True,False,False,False,ITA,UEFA,False,False,False,False,False,True
Luca Caldirola,it ITA,DF,Monza,it Serie A,33.0,1991.0,14,10,876,9.7,0,0,0,0,0,0,5,0,0.3,0.3,0.1,0.4,5,22,4,0.0,0.04,4,2,50.0,0.41,0.21,0.0,0.0,19.6,1,0.07,-0.3,-0.3,556,615,90.4,10352,4162,0.2,-0.1,2,25,1,0,567,48,29,0,0,1,2,0,0,0,0,0,2,5,0.51,5,0,0,0,0,0,0,0.0,11,7,8,3,0,7,57.1,3,9,6,3,11,22,43,1,699,86,362,315,23,4,699,1,1,100.0,0,0.0,461,2278,1223,5,0,2,1,498,63,25.6,75.0,6,4,31.0,9,0.21,3,16,-13,-1.34,-0.35,6.0,12.7,-6.7,-0.69,0,18,16,1,0,0,0,19,13,13,50.0,DEF,88680.0,exact,88680.0,2025-06-17,700000.0,88680,1991-02-01,Italy,2026-06-30,186.0,left,33.91649555099247,17.904073587385017,13.45883704259595,1150.3286704604923,Declining,False,False,False,False,True,ITA,UEFA,False,False,False,False,False,True
Fernando Calero,es ESP,"DF,MF",Espanyol,es La Liga,28.0,1995.0,21,6,715,7.9,1,0,1,1,0,0,1,0,0.3,0.3,0.0,0.3,0,17,2,0.13,0.04,2,1,50.0,0.25,0.13,0.5,1.0,9.1,0,0.14,0.7,0.7,325,381,85.3,6408,2520,0.1,0.0,3,17,1,1,362,18,9,0,4,2,4,0,0,0,0,1,2,6,0.76,5,0,0,0,0,1,0,0.0,18,10,13,4,1,12,66.7,4,16,9,7,16,34,50,1,498,66,288,187,24,2,498,0,0,,0,,236,947,525,2,0,6,0,286,34,20.9,82.0,3,15,15.0,10,1.57,8,12,-4,-0.5,-0.27,8.7,12.3,-3.6,-0.45,0,6,8,0,0,0,0,26,12,17,41.4,DEF,357884.0,exact,357884.0,2025-06-09,1500000.0,357884,1995-09-14,Spain,2026-06-30,184.0,right,29.300479123887747,17.904073587385017,14.220976332738882,858.5180768893817,Peak,False,False,True,False,False,ESP,UEFA,False,False,False,False,False,True
Duje Ćaleta-Car,hr CRO,DF,Lyon,fr Ligue 1,27.0,1996.0,19,17,1584,17.6,1,0,1,1,0,0,8,0,2.1,2.1,0.1,2.2,4,46,0,0.06,0.13,11,1,9.1,0.62,0.06,0.09,1.0,9.8,0,0.19,-1.1,-1.1,896,985,91.0,16876,5583,0.9,-0.1,2,50,0,0,939,45,28,1,3,1,3,0,0,0,0,1,5,5,0.28,5,0,0,0,0,0,0,0.0,20,12,11,9,0,19,52.6,9,33,25,8,17,37,97,2,1178,205,601,546,34,21,1178,2,1,50.0,1,50.0,672,2869,1409,1,0,7,2,783,83,51.8,89.0,14,2,39.0,12,1.58,29,24,5,0.28,-0.57,31.5,23.7,7.8,0.45,0,27,9,2,0,0,0,65,39,12,76.5,DEF,238266.0,exact_accent_stripped,238266.0,2025-06-03,7000000.0,238266,1996-09-17,Croatia,2026-06-30,193.0,right,28.290212183436,17.904073587385017,15.76142084987672,800.3361053838307,Peak,False,False,False,True,False,CRO,UEFA,False,False,False,False,False,True
Andrea Cambiaso,it ITA,"DF,FW",Juventus,it Serie A,24.0,2000.0,33,25,2221,24.7,2,3,5,2,0,0,4,0,0.7,0.7,2.6,3.3,78,111,122,0.2,0.13,17,6,35.3,0.69,0.24,0.12,0.33,22.1,0,0.04,1.3,1.3,1476,1667,88.5,24469,5281,2.1,0.4,34,82,31,9,1479,187,24,2,12,66,149,14,6,4,0,1,39,85,3.45,67,7,4,3,2,2,9,0.36,46,30,27,13,6,44,61.4,17,24,4,20,16,62,34,5,1911,55,474,939,517,42,1911,50,27,54.0,18,36.0,1195,7318,3868,63,13,45,21,1364,67,64.9,81.0,16,8,25.0,0,1.79,35,20,15,0.61,0.01,33.3,21.1,12.2,0.5,0,28,23,6,0,0,0,116,6,11,35.3,DEF,459658.0,exact,459658.0,2025-06-17,35000000.0,459658,2000-02-20,Italy,2029-06-30,182.0,both,24.865160848733744,53.90932982917214,17.370858648025116,618.2762240334014,Developing,False,False,False,False,True,ITA,UEFA,False,False,False,False,False,True
Emre Can,de GER,"DF,MF",Dortmund,de Bundesliga,30.0,1994.0,31,23,2105,23.4,3,0,3,1,2,2,4,1,2.0,0.4,0.7,1.1,20,116,12,0.04,0.11,7,1,14.3,0.3,0.04,0.14,1.0,23.1,0,0.06,1.0,0.6,1705,1905,89.5,31186,10528,1.4,-0.7,8,119,5,0,1838,64,45,3,7,11,14,0,0,0,0,3,10,32,1.37,28,0,0,2,1,1,2,0.09,50,28,30,16,4,36,50.0,18,31,17,14,20,70,89,3,2156,150,787,1207,174,12,2154,26,15,57.7,9,34.6,1405,6693,3628,32,2,18,10,1582,68,68.8,85.0,19,8,18.0,0,1.71,43,33,10,0.43,-0.51,45.0,27.2,17.9,0.77,0,25,19,0,0,0,0,113,45,25,64.3,DEF,119296.0,exact,119296.0,2025-06-05,7000000.0,119296,1994-01-12,Germany,2027-06-30,186.0,right,30.97056810403833,29.894875164257556,15.76142084987672,959.1760886868763,Declining,True,False,False,False,False,GER,UEFA,False,False,False,False,False,True
Fali Candé,gw GNB,DF,Venezia,it Serie A,26.0,1998.0,17,17,1530,17.0,1,1,2,1,0,0,4,0,1.1,1.1,0.6,1.7,5,47,3,0.12,0.1,5,2,40.0,0.29,0.12,0.2,0.5,11.7,1,0.23,-0.1,-0.1,761,939,81.0,13092,5240,0.2,0.4,4,59,3,1,748,187,44,0,7,7,80,0,0,0,0,4,11,14,0.82,10,2,0,1,1,0,3,0.18,25,19,14,10,1,23,69.6,7,21,15,6,15,40,90,2,1131,164,591,496,55,8,1131,10,9,90.0,0,0.0,557,2582,1115,9,0,12,8,572,90,44.7,90.0,17,0,,0,0.82,13,22,-9,-0.53,0.18,16.1,23.4,-7.3,-0.43,0,24,21,0,0,0,0,79,37,41,47.4,DEF,520530.0,exact,520530.0,2025-06-17,2500000.0,520530,1998-01-24,Guinea-Bissau,2029-06-30,184.0,left,26.937713894592743,53.90932982917214,14.731801689838349,725.6404298669349,Peak,False,False,False,False,True,GNB,CAF,False,True,False,False,False,False
Antonio Candela,it ITA,DF,Venezia,it Serie A,24.0,2000.0,14,12,1008,11.2,0,1,1,0,0,0,2,0,0.3,0.3,0.8,1.2,12,27,25,0.09,0.11,5,0,0.0,0.45,0.0,0.0,,19.1,0,0.07,-0.3,-0.3,299,403,74.2,4708,1990,0.5,0.2,9,26,6,6,350,51,3,0,1,22,48,0,0,0,0,2,5,17,1.52,13,1,1,0,0,2,1,0.09,31,21,13,11,7,26,69.2,8,7,5,2,8,39,22,2,505,38,198,201,112,13,505,12,6,50.0,5,41.7,250,1430,700,5,2,17,10,285,72,29.5,80.0,6,2,24.0,5,0.71,9,23,-14,-1.25,-0.88,9.6,18.5,-8.9,-0.79,0,14,4,0,0,2,1,38,14,13,51.9,DEF,392881.0,exact,392881.0,2025-06-09,1800000.0,392881,2000-04-27,Italy,2026-06-30,185.0,right,24.681724845995895,17.904073587385017,14.403297778421795,609.187541373451,Developing,False,False,False,False,True,ITA,UEFA,False,False,False,False,False,True
Antonio Candela,it ITA,DF,Valladolid,es La Liga,24.0,2000.0,12,12,906,10.1,0,0,0,0,0,0,1,0,0.0,0.0,0.8,0.9,16,22,29,0.0,0.08,1,0,0.0,0.1,0.0,0.0,,16.5,0,0.04,0.0,0.0,342,443,77.2,5886,1919,0.7,-0.8,6,17,6,6,368,74,9,1,2,20,65,0,0,0,0,1,6,8,0.79,7,1,0,0,0,0,0,0.0,9,6,6,2,1,11,36.4,7,11,6,5,6,15,33,0,528,39,239,216,80,7,528,15,6,40.0,9,60.0,261,1618,841,8,1,8,5,332,76,26.5,76.0,5,0,,4,0.08,6,30,-24,-2.38,-0.95,8.7,20.2,-11.5,-1.14,0,5,7,2,0,0,0,23,3,8,27.3,DEF,392881.0,exact,392881.0,2025-06-09,1800000.0,392881,2000-04-27,Italy,2026-06-30,185.0,right,24.681724845995895,17.904073587385017,14.403297778421795,609.187541373451,Developing,False,False,True,False,False,ITA,UEFA,False,False,False,False,False,True
Jaydee Canvot,fr FRA,"DF,MF",Toulouse,fr Ligue 1,18.0,2006.0,18,12,1106,12.3,0,0,0,0,0,0,2,0,0.2,0.2,0.7,0.9,9,41,0,0.0,0.08,5,1,20.0,0.41,0.08,0.0,0.0,14.4,0,0.04,-0.2,-0.2,462,536,86.2,8029,2340,0.3,-0.7,4,42,6,2,523,13,8,2,5,6,3,0,0,0,0,0,11,14,1.14,13,0,0,0,1,0,2,0.16,23,11,16,5,2,18,66.7,6,10,2,8,11,34,54,1,666,68,276,322,72,8,666,10,7,70.0,3,30.0,384,1875,928,5,1,6,8,431,61,36.1,87.0,8,6,11.0,6,1.17,15,15,0,0.0,-0.05,16.0,17.4,-1.4,-0.11,0,18,3,0,0,0,0,50,16,13,55.2,DEF,1006411.0,exact,1006411.0,2025-06-03,4000000.0,1006411,2006-07-29,France,2029-06-30,188.0,right,18.428473648186174,53.90932982917214,15.201805169084134,339.60864100189224,Emerging,False,False,False,True,False,FRA,UEFA,False,False,False,False,False,True
Andrea Carboni,it ITA,DF,Monza,it Serie A,23.0,2001.0,26,25,2191,24.3,0,1,1,0,0,0,5,0,0.3,0.3,0.3,0.6,9,51,32,0.04,0.03,8,1,12.5,0.33,0.04,0.0,0.0,18.3,0,0.04,-0.3,-0.3,989,1157,85.5,16502,4918,0.2,0.7,4,51,3,3,1080,70,27,0,8,15,14,0,0,0,0,7,16,11,0.45,11,0,0,0,0,0,2,0.08,60,35,39,17,4,53,66.0,18,31,16,15,27,87,106,4,1412,155,681,614,120,18,1412,9,5,55.6,4,44.4,822,3143,1502,13,0,15,5,925,84,64.1,86.0,19,1,52.0,6,0.62,21,39,-18,-0.74,0.94,20.6,32.0,-11.4,-0.47,0,29,17,0,0,1,0,62,38,42,47.5,DEF,481834.0,exact,481834.0,2025-06-17,2800000.0,481834,2001-02-04,Italy,2029-06-30,187.0,left,23.906913073237508,53.90932982917214,14.845130332288226,571.5404926913345,Developing,False,False,False,False,True,ITA,UEFA,False,False,False,False,False,True
Sergi Cardona,es ESP,DF,Villarreal,es La Liga,25.0,1999.0,35,34,2945,32.7,1,7,8,1,0,0,11,0,2.4,2.4,5.8,8.2,52,77,198,0.24,0.25,20,6,30.0,0.61,0.18,0.05,0.17,13.7,0,0.12,-1.4,-1.4,1126,1457,77.3,18658,6599,4.6,1.2,45,62,46,26,1206,245,23,2,2,111,221,1,0,0,0,6,39,79,2.41,71,3,1,4,0,0,13,0.4,71,48,44,20,7,79,62.0,30,52,7,45,40,111,122,1,1842,131,711,632,506,63,1842,30,10,33.3,16,53.3,813,3721,2057,34,10,24,11,952,84,86.1,86.0,24,1,18.0,1,1.91,60,44,16,0.49,-0.27,57.3,37.4,20.0,0.61,0,38,28,3,0,1,0,131,41,27,60.3,DEF,678406.0,exact,678406.0,2025-06-09,10000000.0,678406,1999-07-08,Spain,2027-06-30,186.0,both,25.48665297741273,29.894875164257556,16.118095750958314,649.5694799910613,Developing,False,False,True,False,False,ESP,UEFA,False,False,False,False,False,True
Diego Carlos,br BRA,DF,Aston Villa,eng Premier League,31.0,1993.0,10,8,830,9.2,0,0,0,0,0,0,1,0,0.6,0.6,0.0,0.6,3,34,0,0.0,0.07,4,1,25.0,0.43,0.11,0.0,0.0,6.7,0,0.16,-0.6,-0.6,534,603,88.6,10941,4103,0.1,0.0,0,23,1,0,575,25,17,0,6,0,0,0,0,0,0,3,0,4,0.43,3,0,0,1,0,0,0,0.0,8,3,6,1,1,6,66.7,2,13,7,6,5,13,36,2,674,86,331,330,15,6,674,2,2,100.0,0,0.0,419,2133,1162,3,0,1,2,481,83,24.3,90.0,8,2,55.0,7,1.3,14,15,-1,-0.11,-0.39,13.8,11.8,2.0,0.22,0,11,1,1,0,0,0,36,11,10,52.4,DEF,329145.0,exact,329145.0,2025-06-18,9500000.0,329145,1993-03-15,Brazil,2026-06-30,185.0,right,31.800136892539356,17.904073587385017,16.066802461833923,1011.2487063842426,Declining,False,True,False,False,False,BRA,CONMEBOL,False,False,False,True,False,False
Dani Carvajal,es ESP,DF,Real Madrid,es La Liga,32.0,1992.0,8,7,609,6.8,1,0,1,1,0,0,1,0,1.3,1.3,0.2,1.5,13,27,48,0.15,0.22,3,1,33.3,0.44,0.15,0.33,1.0,3.4,0,0.44,-0.3,-0.3,399,463,86.2,6523,1419,0.3,-0.2,5,20,5,0,409,53,7,0,0,14,46,0,0,0,0,1,9,12,1.77,10,2,0,0,0,0,2,0.3,12,8,7,3,2,12,75.0,3,8,3,5,10,22,19,1,532,26,126,232,176,12,532,5,2,40.0,3,60.0,278,1288,513,5,0,8,6,376,76,17.8,85.0,5,1,15.0,0,2.25,12,3,9,1.33,0.34,11.3,5.3,5.9,0.88,0,3,6,0,0,0,0,21,7,5,58.3,DEF,138927.0,fuzzy_verified,138927.0,2025-06-09,8000000.0,138927,1992-01-11,Spain,2026-06-30,173.0,right,32.97467488021903,17.904073587385017,15.894952224644102,1087.3291834561478,Declining,False,False,True,False,False,ESP,UEFA,False,False,False,False,False,True
Nicolò Casale,it ITA,DF,Bologna,it Serie A,26.0,1998.0,15,9,900,10.0,0,1,1,0,0,0,1,0,0.5,0.5,0.5,0.9,3,29,2,0.1,0.09,4,1,25.0,0.4,0.1,0.0,0.0,9.7,0,0.12,-0.5,-0.5,448,512,87.5,8803,3003,0.5,0.5,3,22,2,0,485,26,20,3,4,0,2,0,0,0,0,1,7,12,1.2,10,0,0,2,0,0,2,0.2,11,5,4,6,1,10,50.0,5,15,7,8,17,28,43,3,615,62,296,307,20,9,615,3,3,100.0,0,0.0,328,1545,675,1,0,9,1,353,60,26.3,84.0,7,6,24.0,17,1.73,14,16,-2,-0.2,-0.63,11.9,9.2,2.7,0.27,0,23,8,0,0,0,1,43,32,23,58.2,DEF,389837.0,exact,389837.0,2025-06-17,6000000.0,389837,1998-02-14,Italy,2028-06-30,191.0,right,26.88021902806297,41.9185282522996,15.607270193858982,722.5461749966386,Peak,False,False,False,False,True,ITA,UEFA,False,False,False,False,False,True
Matty Cash,pl POL,DF,Aston Villa,eng Premier League,26.0,1997.0,27,24,2070,23.0,1,1,2,1,0,0,7,0,0.5,0.5,1.1,1.6,48,42,90,0.09,0.07,13,6,46.2,0.57,0.26,0.08,0.17,18.8,0,0.04,0.5,0.5,732,945,77.5,12171,3259,1.3,-0.1,10,39,10,5,781,162,23,0,1,40,139,0,0,0,0,2,21,25,1.09,22,1,1,0,0,1,4,0.17,56,32,29,21,6,43,72.1,12,22,8,14,23,79,70,2,1186,90,432,463,304,42,1186,40,19,47.5,16,40.0,595,3700,1864,38,4,20,10,654,77,60.5,82.0,16,3,38.0,2,1.78,35,22,13,0.57,0.97,31.5,28.4,3.1,0.13,0,27,20,1,0,2,0,81,20,20,50.0,DEF,425334.0,exact,425334.0,2025-05-30,25000000.0,425334,1997-08-07,Poland,2029-06-30,185.0,right,27.4031485284052,53.90932982917214,17.034386422832473,750.932549269836,Peak,False,True,False,False,False,POL,UEFA,False,False,False,False,False,True
Timothy Castagne,be BEL,DF,Fulham,eng Premier League,28.0,1995.0,24,17,1649,18.3,0,1,1,0,0,0,1,0,0.4,0.4,1.2,1.6,17,62,67,0.05,0.09,8,3,37.5,0.44,0.16,0.0,0.0,14.0,0,0.05,-0.4,-0.4,780,953,81.8,12441,3910,0.6,-0.2,9,51,5,3,813,140,10,0,1,37,130,0,0,0,0,0,26,25,1.36,21,0,1,2,1,0,3,0.16,46,29,28,15,3,45,57.8,19,15,6,9,22,68,83,0,1164,92,449,462,259,32,1164,12,5,41.7,5,41.7,547,2191,1044,15,2,15,5,665,69,48.2,89.0,16,7,19.0,9,1.33,30,28,2,0.11,0.21,23.4,22.2,1.2,0.06,0,15,6,1,0,1,0,57,34,35,49.3,DEF,262226.0,exact,262226.0,2025-05-30,13000000.0,262226,1995-12-05,Belgium,2027-06-30,185.0,right,29.075975359342916,29.894875164257556,16.380459992348886,845.4123430971164,Peak,False,True,False,False,False,BEL,UEFA,False,False,False,False,False,True
Jean-Charles Castelletto,cm CMR,"DF,MF",Nantes,fr Ligue 1,29.0,1995.0,30,30,2620,29.1,0,0,0,0,0,0,5,1,1.8,1.8,0.1,1.9,21,87,19,0.0,0.06,17,5,29.4,0.58,0.17,0.0,0.0,13.3,0,0.13,-1.8,-1.8,1233,1391,88.6,21696,7885,0.4,-0.1,2,80,5,1,1331,58,28,0,4,9,21,0,0,0,0,2,8,20,0.69,17,0,0,2,1,0,2,0.07,34,17,17,15,2,27,63.0,10,27,18,9,25,59,151,0,1682,183,763,824,99,21,1682,3,3,100.0,0,0.0,948,3993,2020,14,2,16,4,1116,87,85.6,87.0,27,0,,0,1.0,31,40,-9,-0.31,0.51,35.3,41.9,-6.7,-0.23,0,34,15,0,0,3,1,91,51,27,65.4,DEF,182875.0,exact,182875.0,2025-06-03,3500000.0,182875,1995-01-26,Cameroon,2028-06-30,186.0,both,29.932922655715263,41.9185282522996,15.068273812173887,895.9798587130321,Peak,False,False,False,True,False,CMR,CAF,False,True,False,False,False,False
Zeki Çelik,tr TUR,DF,Roma,it Serie A,27.0,1997.0,31,27,2256,25.1,0,2,2,0,0,0,5,0,0.6,0.6,1.6,2.2,28,106,93,0.08,0.09,13,4,30.8,0.52,0.16,0.0,0.0,15.7,0,0.04,-0.6,-0.6,1121,1364,82.2,18553,6491,1.0,0.4,19,110,15,9,1191,171,18,0,5,42,153,0,0,0,0,2,32,38,1.51,35,1,1,1,0,0,4,0.16,62,37,21,31,10,43,53.5,20,28,9,19,15,77,84,3,1627,98,469,818,352,40,1627,14,8,57.1,4,28.6,836,3758,1820,27,1,20,8,1011,73,66.0,80.0,16,4,26.0,3,1.61,26,25,1,0.04,-1.51,26.4,28.4,-2.0,-0.08,0,31,10,0,0,1,0,75,30,26,53.6,DEF,251075.0,exact,251075.0,2025-06-17,6000000.0,251075,1997-02-17,Türkiye,2026-06-30,180.0,right,27.871321013004792,17.904073587385017,15.607270193858982,776.8105350099625,Peak,False,False,False,False,True,TUR,UEFA,False,False,False,False,False,True
El Chadaille Bitshiabu,fr FRA,DF,RB Leipzig,de Bundesliga,19.0,2005.0,21,13,1130,12.6,0,0,0,0,0,0,2,1,0.3,0.3,0.4,0.7,4,69,2,0.0,0.05,5,3,60.0,0.4,0.24,0.0,0.0,10.9,0,0.06,-0.3,-0.3,731,866,84.4,13891,6501,0.6,-0.4,5,69,4,0,824,38,26,1,4,4,5,0,0,0,0,4,7,14,1.11,12,0,1,0,0,1,1,0.08,27,18,17,9,1,19,52.6,9,25,14,11,13,40,97,2,1058,149,470,547,46,12,1058,3,2,66.7,1,33.3,516,2198,1052,3,1,11,1,674,54,36.9,80.0,8,8,12.0,7,1.38,14,14,0,0.0,-0.23,16.4,22.2,-5.8,-0.46,0,8,2,0,0,0,0,55,22,18,55.0,DEF,787912.0,exact,787912.0,2025-06-05,18000000.0,787912,2005-05-16,France,2029-06-30,196.0,left,19.630390143737166,53.90932982917214,16.705882371415992,385.3522171953333,Emerging,True,False,False,False,False,FRA,UEFA,False,False,False,False,False,True
Trevoh Chalobah,eng ENG,DF,Crystal Palace,eng Premier League,25.0,1999.0,12,12,1060,11.8,3,0,3,3,0,0,1,0,1.2,1.2,0.4,1.6,11,34,6,0.25,0.14,11,4,36.4,0.93,0.34,0.27,0.75,15.1,0,0.11,1.8,1.8,349,442,79.0,6831,2195,0.3,-0.4,4,27,2,1,426,16,11,1,2,7,5,0,0,0,0,0,7,11,0.93,10,0,1,0,0,0,0,0.0,20,16,7,12,1,23,52.2,11,19,9,10,19,39,57,3,594,66,275,276,51,14,594,10,6,60.0,2,20.0,278,1213,661,9,1,4,7,317,88,31.0,88.0,9,0,,2,1.42,13,13,0,0.0,0.0,16.6,15.2,1.4,0.12,0,10,15,1,0,0,0,56,22,19,53.7,DEF,346314.0,exact,346314.0,2025-05-30,25000000.0,346314,1999-07-05,England,2028-06-30,192.0,right,25.49486652977413,41.9185282522996,17.034386422832473,649.9882193709972,Developing,False,True,False,False,False,ENG,UEFA,False,False,False,False,False,True
Trevoh Chalobah,eng ENG,DF,Chelsea,eng Premier League,25.0,1999.0,13,11,910,10.1,0,1,1,0,0,0,2,0,0.8,0.8,1.2,2.0,4,37,2,0.1,0.19,7,2,28.6,0.69,0.2,0.0,0.0,11.1,0,0.11,-0.8,-0.8,609,677,90.0,10527,3326,0.3,-0.2,3,42,3,0,654,23,11,1,2,3,10,0,0,0,0,0,3,13,1.29,10,0,0,2,0,1,3,0.3,11,7,5,6,0,8,87.5,1,6,3,3,10,21,48,1,774,73,331,389,59,12,774,5,2,40.0,1,20.0,426,1753,772,5,1,3,2,574,70,26.6,81.0,9,2,10.0,3,1.77,13,12,1,0.1,-0.62,15.7,11.4,4.4,0.43,0,9,7,0,0,0,0,29,23,12,65.7,DEF,346314.0,exact,346314.0,2025-05-30,25000000.0,346314,1999-07-05,England,2028-06-30,192.0,right,25.49486652977413,41.9185282522996,17.034386422832473,649.9882193709972,Developing,False,True,False,False,False,ENG,UEFA,False,False,False,False,False,True
Brendan Chardonnet,fr FRA,DF,Brest,fr Ligue 1,29.0,1994.0,27,27,2416,26.8,1,0,1,1,0,0,6,0,0.8,0.8,1.2,2.0,7,51,5,0.04,0.07,14,1,7.1,0.52,0.04,0.07,1.0,13.1,0,0.06,0.2,0.2,993,1210,82.1,20771,7790,1.1,-1.2,8,67,3,1,1164,46,45,2,14,3,0,0,0,0,0,0,7,24,0.89,21,0,0,2,1,0,4,0.15,45,33,28,14,3,40,62.5,15,45,28,17,29,74,169,2,1521,219,864,615,46,25,1521,0,0,,0,,810,3593,1835,6,1,7,0,948,89,79.0,89.0,26,0,,4,1.44,42,48,-6,-0.22,-0.08,37.8,41.9,-4.1,-0.15,0,36,20,0,0,0,1,91,58,38,60.4,DEF,250779.0,exact,250779.0,2025-06-03,6000000.0,250779,1994-12-22,France,2027-06-30,181.0,right,30.028747433264886,29.894875164257556,15.607270193858982,901.7256724108125,Declining,False,False,False,True,False,FRA,UEFA,False,False,False,False,False,True
Anrie Chase,jp JPN,DF,Stuttgart,de Bundesliga,20.0,2004.0,12,7,734,8.2,0,0,0,0,0,0,1,0,0.1,0.1,0.0,0.1,6,28,2,0.0,0.02,5,0,0.0,0.61,0.0,0.0,,17.6,0,0.03,-0.1,-0.1,497,541,91.9,8794,2536,0.5,0.0,0,28,2,1,519,22,10,0,5,3,10,0,0,0,0,0,1,8,0.98,7,0,0,1,0,0,0,0.0,10,4,6,4,0,7,71.4,2,10,6,4,9,19,35,0,622,65,253,334,40,4,622,5,2,40.0,3,60.0,334,1209,546,7,0,4,1,453,61,24.0,90.0,7,5,21.0,3,1.58,16,12,4,0.49,0.22,16.6,13.0,3.6,0.44,0,12,2,0,0,1,0,21,17,12,58.6,DEF,948537.0,exact,948537.0,2025-06-05,3000000.0,948537,2004-03-24,Japan,2030-06-30,188.0,right,20.774811772758383,65.90013140604468,14.914123179965662,431.5928041935403,Emerging,True,False,False,False,False,JPN,AFC,True,False,False,False,False,False
Pep Chavarría,es ESP,"DF,FW",Rayo Vallecano,es La Liga,26.0,1998.0,34,28,2585,28.7,0,1,1,0,0,0,3,0,1.2,1.2,1.9,3.1,59,114,133,0.03,0.11,11,3,27.3,0.38,0.1,0.0,0.0,20.1,0,0.11,-1.2,-1.2,1244,1561,79.7,19853,6873,1.9,-0.9,24,75,27,10,1279,278,15,0,9,79,263,0,0,0,0,4,39,61,2.12,50,4,1,3,2,1,2,0.07,46,36,30,14,2,45,62.2,17,35,9,26,30,76,108,1,1884,93,602,801,500,31,1884,32,10,31.3,18,56.3,887,4265,2300,34,6,39,6,1053,76,75.6,87.0,24,6,26.0,2,1.38,31,35,-4,-0.14,-0.14,36.5,33.1,3.3,0.12,0,31,25,3,0,1,0,114,23,30,43.4,DEF,596122.0,exact,596122.0,2025-06-09,5000000.0,596122,1998-04-10,Spain,2030-06-30,174.0,left,26.729637234770706,65.90013140604468,15.424948670398354,714.4735067024405,Peak,False,False,True,False,False,ESP,UEFA,False,False,False,False,False,True
Arthur Chaves,br BRA,DF,Hoffenheim,de Bundesliga,23.0,2001.0,26,24,2185,24.3,1,0,1,1,0,0,8,0,0.8,0.8,0.1,0.9,10,57,13,0.04,0.04,10,2,20.0,0.41,0.08,0.1,0.5,12.6,0,0.08,0.2,0.2,966,1177,82.1,16519,5535,0.4,-0.1,5,66,1,0,1128,46,31,0,4,8,14,0,0,0,0,3,22,23,0.95,19,0,0,2,1,1,1,0.04,51,36,28,19,4,50,50.0,25,47,20,27,37,88,136,3,1513,174,670,746,111,22,1513,10,3,30.0,6,60.0,740,2893,1314,17,0,11,11,919,84,71.4,88.0,20,2,42.0,2,1.12,34,46,-12,-0.49,0.53,30.2,35.3,-5.2,-0.21,0,38,19,1,0,0,0,93,67,62,51.9,DEF,875332.0,exact,875332.0,2025-06-05,5000000.0,875332,2001-01-29,Brazil,2026-06-30,188.0,right,23.923340177960302,17.904073587385017,15.424948670398354,572.3262052704097,Developing,True,False,False,False,False,BRA,CONMEBOL,False,False,False,True,False,False
Jhoanner Chávez,ec ECU,"DF,MF",Lens,fr Ligue 1,22.0,2002.0,10,7,596,6.6,1,0,1,1,0,0,1,0,0.3,0.3,0.7,1.0,14,9,36,0.15,0.15,5,3,60.0,0.76,0.45,0.2,0.33,16.4,0,0.06,0.7,0.7,230,308,74.7,3617,1446,1.3,-0.7,9,10,8,5,234,73,5,0,0,30,49,19,9,3,0,1,3,15,2.27,8,5,0,2,0,0,0,0.0,9,5,4,4,1,7,28.6,5,10,1,9,6,15,13,0,373,21,107,145,125,15,373,6,3,50.0,3,50.0,179,853,403,6,3,11,8,208,60,19.5,82.0,2,3,8.0,5,1.8,8,5,3,0.45,0.45,8.3,8.4,-0.1,-0.02,0,10,8,2,0,1,0,25,7,5,58.3,DEF,713787.0,exact,713787.0,2025-06-03,3500000.0,713787,2002-04-25,Ecuador,2026-06-30,182.0,left,22.688569472963724,17.904073587385017,15.068273812173887,514.7711847295014,Developing,False,False,False,True,False,ECU,CONMEBOL,False,False,False,True,False,False
Fabio Chiarodia,it ITA,DF,Gladbach,de Bundesliga,19.0,2005.0,16,3,379,4.2,1,0,1,1,0,0,0,0,0.3,0.3,0.4,0.7,1,10,1,0.24,0.17,4,1,25.0,0.95,0.24,0.25,1.0,8.6,0,0.07,0.7,0.7,173,206,84.0,2824,899,0.4,-0.4,1,9,1,0,179,27,4,1,1,0,6,0,0,0,0,0,2,2,0.47,2,0,0,0,0,0,0,0.0,10,4,6,4,0,6,66.7,2,8,3,5,9,19,53,1,298,71,170,119,9,5,298,0,0,,0,,130,562,249,0,0,1,0,151,24,12.4,79.0,1,13,11.0,17,1.56,6,10,-4,-0.95,-1.02,8.3,10.2,-1.8,-0.43,0,7,0,0,0,0,0,9,7,2,77.8,DEF,724104.0,exact,724104.0,2025-06-05,2000000.0,724104,2005-06-05,Italy,2028-06-30,186.0,left,19.575633127994525,41.9185282522996,14.508658238524095,383.2054123618367,Emerging,True,False,False,False,False,ITA,UEFA,False,False,False,False,False,True
Alessandro Circati,au AUS,DF,Parma,it Serie A,20.0,2003.0,6,6,540,6.0,0,0,0,0,0,0,1,0,0.3,0.3,0.0,0.3,1,10,0,0.0,0.06,2,0,0.0,0.33,0.0,0.0,,7.5,0,0.16,-0.3,-0.3,197,229,86.0,3773,1058,0.0,0.0,1,6,0,0,202,27,17,0,0,0,0,0,0,0,0,0,1,3,0.5,2,0,0,1,0,0,0,0.0,7,5,6,1,0,2,50.0,1,5,4,1,3,10,42,1,301,69,176,119,7,3,301,0,0,,0,,123,505,262,0,0,4,2,158,90,15.8,90.0,6,0,,6,1.33,9,9,0,0.0,0.44,8.9,8.9,0.0,-0.01,0,4,5,0,0,0,0,11,17,4,81.0,DEF,867137.0,exact,867137.0,2025-06-17,8000000.0,867137,2003-10-10,Australia,2029-06-30,191.0,right,21.229295003422312,53.90932982917214,15.894952224644102,450.68296634233155,Emerging,False,False,False,False,True,AUS,AFC,True,False,False,False,False,False
Harry Clarke,eng ENG,DF,Ipswich Town,eng Premier League,23.0,2001.0,7,4,379,4.2,0,0,0,0,0,0,3,1,0.1,0.1,0.0,0.1,5,14,2,0.0,0.03,1,1,100.0,0.24,0.24,0.0,0.0,4.5,0,0.08,-0.1,-0.1,190,236,80.5,3442,1226,0.1,0.0,1,21,1,0,211,25,2,1,0,5,23,0,0,0,0,0,4,1,0.24,1,0,0,0,0,0,0,0.0,5,3,3,2,0,6,50.0,3,5,4,1,4,9,14,3,268,18,100,122,47,2,268,2,1,50.0,1,50.0,118,555,222,7,0,4,2,163,54,11.1,85.0,3,3,14.0,5,0.43,4,9,-5,-1.19,0.03,4.3,9.1,-4.8,-1.13,1,5,1,0,0,1,0,17,10,4,71.4,DEF,528892.0,exact,528892.0,2025-05-27,4500000.0,528892,2001-03-02,England,2026-06-30,180.0,right,23.835728952772072,17.904073587385017,15.319588176962746,568.1419747100168,Developing,False,True,False,False,False,ENG,UEFA,False,False,False,False,False,True
Jonathan Clauss,fr FRA,"DF,MF",Nice,fr Ligue 1,31.0,1992.0,28,27,2303,25.6,3,8,11,3,0,0,7,0,2.2,2.2,7.7,9.9,53,105,160,0.43,0.39,26,8,30.8,1.02,0.31,0.12,0.38,17.2,5,0.09,0.8,0.8,1006,1399,71.9,16414,6656,6.8,0.3,55,70,47,14,1077,316,41,4,3,190,167,108,36,50,0,6,36,99,3.87,58,35,0,3,2,1,15,0.59,52,35,27,19,6,56,50.0,28,25,2,23,48,100,68,3,1675,78,384,638,669,68,1675,28,11,39.3,16,57.1,747,3445,1994,26,9,36,8,899,82,75.3,84.0,18,1,45.0,0,1.68,48,28,20,0.78,0.19,44.0,29.0,15.0,0.58,0,26,12,1,1,0,0,114,16,11,59.3,DEF,175639.0,exact,175639.0,2025-06-03,5000000.0,175639,1992-09-25,France,2028-06-30,178.0,right,32.26830937713895,41.9185282522996,15.424948670398354,1041.2437900587533,Declining,False,False,False,True,False,FRA,UEFA,False,False,False,False,False,True
Nathaniel Clyne,eng ENG,"DF,MF",Crystal Palace,eng Premier League,33.0,1991.0,13,5,483,5.4,0,0,0,0,0,0,1,0,0.0,0.0,0.3,0.3,6,7,8,0.0,0.06,2,0,0.0,0.37,0.0,0.0,,31.4,0,0.01,0.0,0.0,171,225,76.0,3113,1102,0.2,-0.3,3,16,2,1,207,16,1,1,1,7,13,0,0,0,0,2,8,3,0.56,3,0,0,0,0,0,0,0.0,12,8,8,3,1,11,54.5,5,4,2,2,3,15,14,1,273,18,111,125,37,3,273,1,0,0.0,1,100.0,158,651,314,2,3,5,2,178,37,14.1,70.0,1,8,16.0,24,1.31,4,11,-7,-1.3,-1.52,7.4,9.8,-2.4,-0.44,0,2,2,0,0,0,0,10,1,7,12.5,DEF,85177.0,exact,85177.0,2025-05-30,1000000.0,85177,1991-04-05,England,2026-06-30,175.0,right,33.74401095140315,17.904073587385017,13.815511557963774,1138.6582750884156,Declining,False,True,False,False,False,ENG,UEFA,False,False,False,False,False,True
Conor Coady,eng ENG,DF,Leicester City,eng Premier League,31.0,1993.0,22,19,1714,19.0,1,0,1,1,0,0,3,0,0.4,0.4,0.1,0.5,3,32,0,0.05,0.03,2,2,100.0,0.11,0.11,0.5,0.5,6.9,0,0.21,0.6,0.6,977,1072,91.1,17121,6371,0.5,-0.1,1,34,2,0,1010,58,29,2,3,0,1,0,0,0,0,4,4,6,0.32,6,0,0,0,0,0,0,0.0,13,9,6,6,1,6,50.0,3,32,24,8,13,26,71,2,1210,234,689,503,20,8,1210,2,1,50.0,1,50.0,789,3430,1820,3,1,4,3,878,78,50.1,89.0,16,3,7.0,13,0.73,16,42,-26,-1.37,-0.26,15.1,38.2,-23.1,-1.21,0,8,2,1,0,2,0,62,13,22,37.1,DEF,128901.0,exact,128901.0,2025-05-30,2200000.0,128901,1993-02-25,England,2026-06-30,185.0,right,31.849418206707735,17.904073587385017,14.603968372873895,1014.3854401057662,Declining,False,True,False,False,False,ENG,UEFA,False,False,False,False,False,True
Marcus Coco,fr FRA,DF,Nantes,fr Ligue 1,28.0,1996.0,20,10,951,10.6,0,1,1,0,0,0,3,2,0.1,0.1,1.2,1.3,12,34,40,0.09,0.12,2,0,0.0,0.19,0.0,0.0,,22.6,0,0.03,-0.1,-0.1,384,483,79.5,6475,2447,1.1,-0.2,10,31,10,6,400,80,10,0,0,28,70,0,0,0,0,3,6,20,1.89,17,3,0,0,0,0,1,0.09,27,21,15,9,3,31,51.6,15,16,5,11,11,38,46,0,608,47,198,295,119,4,608,10,3,30.0,7,70.0,297,1329,583,9,1,11,6,345,48,31.1,79.0,2,10,16.0,6,1.15,13,20,-7,-0.66,-0.41,13.8,18.0,-4.2,-0.4,0,30,17,0,0,0,0,42,17,13,56.7,DEF,353365.0,exact,353365.0,2025-06-03,1200000.0,353365,1996-06-24,Guadeloupe,2027-06-30,184.0,right,28.522929500342233,29.894875164257556,13.997832948091215,813.5575072814933,Peak,False,False,False,True,False,FRA,UEFA,False,False,False,False,False,True
Saúl Coco,gq EQG,DF,Torino,it Serie A,25.0,1999.0,32,32,2845,31.6,2,0,2,2,0,0,10,0,1.2,1.2,0.0,1.2,17,70,3,0.06,0.04,20,5,25.0,0.63,0.16,0.1,0.4,18.7,3,0.06,0.8,0.8,1350,1529,88.3,24764,7402,0.2,0.0,1,74,2,1,1470,57,29,0,12,2,7,0,0,0,0,2,12,16,0.51,12,0,0,3,1,0,1,0.03,46,26,31,14,1,30,63.3,11,49,31,18,38,84,157,4,1879,241,863,961,65,17,1879,9,7,77.8,2,22.2,1135,5790,3043,8,0,13,2,1227,89,83.2,89.0,29,0,,3,1.19,34,36,-2,-0.06,0.56,28.3,41.7,-13.5,-0.43,0,53,19,0,0,0,1,87,62,58,51.7,DEF,588426.0,exact,588426.0,2025-06-17,10000000.0,588426,1999-02-09,Equatorial Guinea,2029-06-30,187.0,right,25.894592744695416,53.90932982917214,16.118095750958314,670.5299334136324,Developing,False,False,False,False,True,EQG,CAF,False,True,False,False,False,False
Nathan Collins,ie IRL,DF,Brentford,eng Premier League,23.0,2001.0,38,38,3420,38.0,2,3,5,2,0,0,5,0,2.5,2.5,1.8,4.3,32,127,18,0.13,0.11,17,6,35.3,0.45,0.16,0.12,0.33,10.7,0,0.15,-0.5,-0.5,1705,1985,85.9,32826,10799,1.6,1.2,10,111,7,2,1897,83,69,3,6,8,11,0,0,0,0,5,8,30,0.79,22,2,1,3,2,0,8,0.21,40,24,23,12,5,36,61.1,14,77,57,20,34,74,226,3,2435,385,1275,1002,169,69,2435,12,6,50.0,5,41.7,1289,6994,4130,12,1,20,8,1490,90,100.0,90.0,38,0,,0,1.47,66,57,9,0.24,,59.0,55.4,3.6,0.09,0,29,31,6,2,0,0,162,117,69,62.9,DEF,469050.0,exact,469050.0,2025-05-30,28000000.0,469050,2001-04-30,Ireland,2029-06-30,193.0,right,23.67419575633128,53.90932982917214,17.147715103853763,560.467544709094,Developing,False,True,False,False,False,IRL,UEFA,False,False,False,False,False,True
Nnamdi Collins,de GER,DF,Eint Frankfurt,de Bundesliga,20.0,2004.0,24,15,1489,16.5,1,1,2,1,0,0,4,0,0.8,0.8,1.0,1.8,30,63,42,0.12,0.11,5,2,40.0,0.3,0.12,0.2,0.5,15.1,0,0.16,0.2,0.2,766,888,86.3,12523,3617,1.2,0.0,2,53,12,2,811,77,16,0,2,17,61,0,0,0,0,0,7,9,0.54,7,0,2,0,0,0,3,0.18,33,24,24,7,2,22,77.3,5,22,11,11,16,49,74,3,1107,85,411,541,159,19,1107,34,12,35.3,18,52.9,623,3297,1420,21,6,17,11,690,62,48.7,84.0,11,9,26.0,7,1.96,36,18,18,1.09,0.86,34.0,21.9,12.1,0.73,0,26,22,0,0,0,0,78,13,13,50.0,DEF,684315.0,exact,684315.0,2025-06-05,10000000.0,684315,2004-01-10,Germany,2030-06-30,188.0,right,20.97741273100616,65.90013140604468,16.118095750958314,440.0518448869794,Emerging,True,False,False,False,False,GER,UEFA,False,False,False,False,False,True
Levi Colwill,eng ENG,DF,Chelsea,eng Premier League,21.0,2003.0,35,35,3149,35.0,2,1,3,2,0,0,9,0,1.9,1.9,1.1,3.0,14,131,12,0.09,0.09,17,4,23.5,0.49,0.11,0.12,0.5,9.5,0,0.11,0.1,0.1,2338,2619,89.3,42476,14955,1.2,-0.1,14,148,7,3,2418,197,91,3,7,13,7,0,0,0,0,4,21,38,1.09,34,2,0,1,0,1,3,0.09,47,34,25,19,3,27,66.7,9,37,25,12,33,80,118,4,2904,383,1363,1417,140,36,2904,12,6,50.0,5,41.7,1621,7389,4028,12,1,14,8,2092,90,92.1,90.0,34,0,,2,1.77,56,41,15,0.43,-1.56,57.8,43.6,14.2,0.41,0,45,21,5,0,1,0,121,82,53,60.7,DEF,614258.0,exact,614258.0,2025-05-30,55000000.0,614258,2003-02-26,England,2029-06-30,187.0,left,21.848049281314168,53.90932982917214,17.822843761378564,477.33725739873256,Emerging,False,True,False,False,False,ENG,UEFA,False,False,False,False,False,True
Eray Cömert,ch SUI,"DF,MF",Valladolid,es La Liga,26.0,1998.0,25,21,1779,19.8,0,0,0,0,0,0,6,0,0.9,0.9,0.0,0.9,9,48,5,0.0,0.04,9,1,11.1,0.46,0.05,0.0,0.0,21.4,1,0.1,-0.9,-0.9,805,918,87.7,16323,5359,0.1,0.0,0,47,1,0,855,61,50,0,13,0,2,0,0,0,0,2,6,12,0.61,12,0,0,0,0,0,0,0.0,24,14,15,9,0,21,57.1,9,28,15,13,24,48,75,2,1114,132,613,474,32,7,1114,4,4,100.0,0,0.0,599,3025,1543,3,0,16,2,728,71,52.0,82.0,13,4,13.0,7,0.48,13,53,-40,-2.02,-0.71,17.5,37.7,-20.2,-1.02,0,18,16,0,0,0,0,51,18,22,45.0,DEF,298583.0,exact,298583.0,2025-06-09,2000000.0,298583,1998-02-04,Switzerland,2026-06-30,183.0,right,26.90759753593429,17.904073587385017,14.508658238524095,724.0188051558171,Peak,False,False,True,False,False,SUI,UEFA,False,False,False,False,False,True
Pietro Comuzzo,it ITA,DF,Fiorentina,it Serie A,19.0,2005.0,32,23,2110,23.4,1,0,1,1,0,0,5,0,0.5,0.5,0.6,1.1,14,75,12,0.04,0.05,5,2,40.0,0.21,0.09,0.2,0.5,13.0,0,0.1,0.5,0.5,1085,1266,85.7,22161,6285,0.2,-0.6,7,69,4,0,1221,42,25,0,3,3,17,0,0,0,0,3,10,20,0.82,17,0,0,1,0,2,1,0.04,43,21,29,11,3,29,79.3,6,35,22,13,29,72,113,4,1533,170,730,744,63,9,1533,2,0,0.0,2,100.0,892,3728,1815,11,1,15,4,982,66,61.7,85.0,17,9,18.0,4,1.79,32,25,7,0.3,-0.53,32.8,26.2,6.6,0.27,0,24,12,0,0,0,0,86,63,43,59.4,DEF,746712.0,exact,746712.0,2025-06-17,25000000.0,746712,2005-02-20,Italy,2029-06-30,188.0,right,19.863107460643395,53.90932982917214,17.034386422832473,394.5430379930673,Emerging,False,False,False,False,True,ITA,UEFA,False,False,False,False,False,True
Diego Coppola,it ITA,DF,Hellas Verona,it Serie A,20.0,2003.0,34,33,2927,32.5,2,0,2,2,0,0,10,0,0.7,0.7,0.1,0.8,4,48,3,0.06,0.02,10,4,40.0,0.31,0.12,0.2,0.5,9.1,0,0.07,1.3,1.3,920,1135,81.1,18186,6486,0.2,-0.1,3,32,0,0,1119,11,11,1,5,0,0,0,0,0,0,5,6,10,0.31,9,0,0,1,0,0,1,0.03,66,36,48,14,4,40,70.0,12,44,24,20,72,138,194,2,1576,185,839,708,40,23,1576,5,1,20.0,4,80.0,749,3707,1419,4,0,10,5,793,86,85.6,89.0,32,1,2.0,1,1.09,31,51,-20,-0.61,1.58,28.7,44.5,-15.7,-0.48,0,44,0,0,0,0,0,89,133,72,64.9,DEF,660860.0,exact,660860.0,2025-06-17,10000000.0,660860,2003-12-28,Italy,2026-06-30,193.0,right,21.013004791238878,17.904073587385017,16.118095750958314,441.546370356628,Emerging,False,False,False,False,True,ITA,UEFA,False,False,False,False,False,True
Derek Cornelius,ca CAN,DF,Marseille,fr Ligue 1,26.0,1997.0,21,17,1420,15.8,0,0,0,0,0,0,9,2,0.9,0.9,0.1,1.0,10,68,11,0.0,0.06,9,1,11.1,0.57,0.06,0.0,0.0,11.8,0,0.1,-0.9,-0.9,1267,1357,93.4,20539,6734,0.4,-0.1,4,93,0,0,1311,43,23,1,1,4,3,0,0,0,0,3,9,9,0.57,9,0,0,0,0,0,0,0.0,24,17,15,8,1,22,77.3,5,16,10,6,14,38,51,0,1493,107,532,883,81,14,1493,2,0,0.0,2,100.0,1012,4273,2384,13,0,8,2,1163,68,46.4,79.0,10,4,18.0,7,2.14,38,18,20,1.27,0.88,29.0,16.9,12.1,0.77,2,25,14,0,0,1,0,67,32,13,71.1,DEF,328609.0,exact,328609.0,2025-06-03,5000000.0,328609,1997-11-25,Canada,2028-06-30,186.0,left,27.10198494182067,41.9185282522996,15.424948670398354,734.5175877866744,Peak,False,False,False,True,False,CAN,CONCACAF,False,False,True,False,False,False
Pierre Cornud,fr FRA,DF,Saint-Étienne,fr Ligue 1,27.0,1996.0,11,7,576,6.4,0,0,0,0,0,0,2,0,0.0,0.0,0.3,0.3,11,19,17,0.0,0.05,0,0,,0.0,0.0,,,,0,,0.0,0.0,271,331,81.9,4488,1581,0.3,-0.3,3,14,5,2,276,54,10,1,4,14,43,1,1,0,0,1,7,5,0.78,5,0,0,0,0,0,0,0.0,12,10,6,4,2,17,47.1,9,9,4,5,9,21,28,1,397,41,171,154,78,0,397,7,2,28.6,5,71.4,190,838,459,8,0,4,2,212,52,18.8,77.0,3,4,9.0,10,0.64,3,20,-17,-2.66,-1.9,3.7,20.2,-16.6,-2.59,0,10,3,1,0,1,0,33,3,4,42.9,DEF,536156.0,exact,536156.0,2025-06-03,800000.0,536156,1996-12-12,France,2028-06-30,177.0,left,28.05475701574264,41.9185282522996,13.592368256649284,787.069391212361,Peak,False,False,False,True,False,FRA,UEFA,False,False,False,False,False,True
Thierry Correia,pt POR,DF,Valencia,es La Liga,25.0,1999.0,11,9,768,8.5,0,0,0,0,0,0,1,0,0.3,0.3,0.3,0.6,16,44,48,0.0,0.08,7,3,42.9,0.82,0.35,0.0,0.0,19.0,0,0.05,-0.3,-0.3,330,441,74.8,5750,2179,0.8,-0.3,5,23,12,3,349,91,7,0,1,18,84,0,0,0,0,1,16,16,1.87,12,1,2,0,1,0,0,0.0,27,18,19,5,3,23,56.5,10,10,1,9,4,31,18,0,555,29,177,215,170,12,555,23,8,34.8,12,52.2,240,1328,785,9,6,17,0,293,70,22.5,79.0,4,2,28.0,0,0.64,7,13,-6,-0.7,-0.57,7.3,13.2,-6.0,-0.7,0,15,14,0,0,0,0,38,4,8,33.3,DEF,367466.0,exact,367466.0,2025-06-09,3000000.0,367466,1999-03-09,Portugal,2026-06-30,176.0,right,25.817932922655714,17.904073587385017,14.914123179965662,666.5656603987499,Developing,False,False,True,False,False,POR,UEFA,False,False,False,False,False,True
Alberto costa,pt POR,DF,Juventus,it Serie A,20.0,2003.0,9,3,357,4.0,0,1,1,0,0,0,3,0,0.6,0.6,0.2,0.8,8,8,25,0.25,0.2,7,0,0.0,1.76,0.0,0.0,,15.7,0,0.09,-0.6,-0.6,176,212,83.0,2472,679,0.1,0.8,2,7,1,0,191,20,3,0,0,2,17,0,0,0,0,1,4,7,1.76,4,0,1,2,0,0,1,0.25,14,10,7,5,2,9,77.8,2,5,1,4,4,18,14,0,276,13,81,113,85,14,276,11,4,36.4,6,54.5,148,692,407,6,3,9,0,170,40,10.4,71.0,1,6,24.0,9,1.56,7,3,4,1.01,0.45,5.0,1.9,3.1,0.78,0,8,2,0,0,0,0,23,5,3,62.5,DEF,877139.0,fuzzy_verified,877139.0,2025-06-17,10000000.0,877139,2003-09-29,Portugal,2030-06-30,186.0,right,21.259411362080765,65.90013140604468,16.118095750958314,451.96257146216874,Emerging,False,False,False,False,True,POR,UEFA,False,False,False,False,False,True
Danny da Costa,de GER,DF,Mainz 05,de Bundesliga,31.0,1993.0,25,25,2006,22.3,0,1,1,0,0,0,0,0,0.1,0.1,0.6,0.7,21,109,22,0.04,0.03,5,1,20.0,0.22,0.04,0.0,0.0,31.3,0,0.02,-0.1,-0.1,942,1201,78.4,17146,7046,1.3,0.4,10,123,17,6,1148,48,16,0,4,22,32,0,0,0,0,5,21,31,1.39,29,0,1,0,0,1,3,0.13,42,23,23,15,4,27,63.0,10,19,10,9,27,69,95,3,1451,98,566,781,115,2,1451,17,8,47.1,9,52.9,813,3463,1613,19,2,22,7,886,80,65.6,80.0,19,0,,7,1.56,35,26,9,0.4,0.15,34.0,31.3,2.7,0.12,0,19,4,0,0,0,0,98,33,38,46.5,DEF,85906.0,exact,85906.0,2025-06-05,1500000.0,85906,1993-07-13,Germany,2027-06-30,187.0,right,31.471594798083505,29.894875164257556,14.220976332738882,990.4612791347568,Declining,True,False,False,False,False,GER,UEFA,False,False,False,False,False,True
Logan Costa,cv CPV,DF,Villarreal,es La Liga,23.0,2001.0,32,28,2587,28.7,2,1,3,2,0,0,3,0,0.7,0.7,0.6,1.3,25,116,10,0.1,0.05,12,5,41.7,0.42,0.17,0.17,0.4,15.9,0,0.05,1.3,1.3,1354,1544,87.7,26242,9795,0.5,0.4,4,107,6,0,1450,94,43,1,18,5,8,0,0,0,0,0,8,22,0.76,20,0,0,1,1,0,2,0.07,38,21,25,12,1,29,82.8,5,25,14,11,21,59,115,2,1785,295,965,758,69,12,1785,2,0,0.0,2,100.0,1037,5478,2994,16,0,7,0,1209,81,75.6,87.0,25,4,36.0,3,1.94,52,40,12,0.42,-0.45,50.1,34.9,15.2,0.53,0,19,3,2,1,2,0,104,46,37,55.4,DEF,484988.0,exact,484988.0,2025-06-09,18000000.0,484988,2001-04-01,Cape Verde,2030-06-30,190.0,right,23.753593429158112,65.90013140604468,16.705882371415992,564.2332007977434,Developing,False,False,True,False,False,CPV,CAF,False,True,False,False,False,False
Vladimír Coufal,cz CZE,DF,West Ham,eng Premier League,31.0,1992.0,22,11,1067,11.9,0,0,0,0,0,0,5,0,0.3,0.3,0.7,1.0,26,39,33,0.0,0.08,7,2,28.6,0.59,0.17,0.0,0.0,15.5,0,0.04,-0.3,-0.3,470,598,78.6,7419,2842,1.0,-0.7,8,44,13,8,490,106,11,0,0,28,95,0,0,0,0,2,11,18,1.52,14,4,0,0,0,0,1,0.08,22,15,13,7,2,22,45.5,12,13,11,2,8,30,39,1,736,61,262,318,159,14,736,15,5,33.3,7,46.7,298,1754,888,10,2,12,8,400,49,31.2,78.0,5,11,19.0,11,1.0,12,21,-9,-0.76,-0.49,17.3,19.5,-2.1,-0.18,0,22,16,0,0,0,1,39,23,16,59.0,DEF,157672.0,exact,157672.0,2025-05-30,5000000.0,157672,1992-08-22,Czech Republic,2028-06-30,175.0,right,32.36139630390144,41.9185282522996,15.424948670398354,1047.2599707381655,Declining,False,True,False,False,False,CZE,UEFA,False,False,False,False,False,True
Soumaïla Coulibaly,fr FRA,DF,Brest,fr Ligue 1,20.0,2003.0,7,5,438,4.9,0,0,0,0,0,0,1,0,0.2,0.2,0.1,0.3,1,16,0,0.0,0.05,4,0,0.0,0.82,0.0,0.0,,12.1,0,0.04,-0.2,-0.2,281,317,88.6,5923,1657,0.2,-0.1,1,12,1,0,302,15,9,0,16,0,0,0,0,0,0,0,1,8,1.64,5,0,0,2,1,0,3,0.62,4,2,2,2,0,1,100.0,0,7,2,5,5,9,26,0,370,50,211,150,10,5,370,2,0,0.0,2,100.0,226,940,471,2,0,3,0,247,63,14.3,77.0,3,2,26.0,6,1.86,6,5,1,0.21,0.48,6.7,5.9,0.8,0.17,0,12,1,0,1,0,0,19,8,6,57.1,DEF,659513.0,exact,659513.0,2025-06-03,8000000.0,659513,2003-10-14,France,2026-06-30,191.0,left,21.218343600273784,17.904073587385017,15.894952224644102,450.21810513927943,Emerging,False,False,False,True,False,FRA,UEFA,False,False,False,False,False,True
Woyo Coulibaly,ml MLI,DF,Parma,it Serie A,25.0,1999.0,14,12,1084,12.0,0,1,1,0,0,0,1,1,0.1,0.1,0.9,1.1,36,41,23,0.08,0.09,3,0,0.0,0.25,0.0,0.0,,23.7,0,0.05,-0.1,-0.1,514,593,86.7,7911,3030,0.8,0.1,8,44,4,0,506,87,14,2,2,5,72,1,0,0,0,0,7,19,1.58,17,0,1,0,1,0,3,0.25,13,10,9,2,2,11,45.5,6,19,2,17,8,21,25,0,706,34,213,388,110,12,706,17,8,47.1,8,47.1,404,2492,1389,15,9,19,11,439,77,31.7,85.0,10,2,32.0,3,1.0,16,23,-7,-0.58,-0.31,17.0,24.5,-7.5,-0.62,0,12,12,1,1,0,1,60,9,9,50.0,DEF,592975.0,exact,592975.0,2025-05-30,2000000.0,592975,1999-05-26,Mali,2026-06-30,182.0,both,25.60438056125941,17.904073587385017,14.508658238524095,655.5843039257988,Developing,False,False,False,False,True,MLI,CAF,False,True,False,False,False,False
Yan Couto,br BRA,"DF,FW",Dortmund,de Bundesliga,22.0,2002.0,21,8,895,9.9,0,0,0,0,0,0,5,0,0.3,0.3,0.9,1.2,46,68,83,0.0,0.12,6,2,33.3,0.6,0.2,0.0,0.0,21.3,0,0.04,-0.3,-0.3,586,723,81.1,9367,2659,2.3,-0.9,12,51,26,10,626,96,6,0,4,53,88,2,0,2,0,1,17,29,2.92,26,0,2,1,0,0,2,0.2,24,16,17,2,5,25,56.0,11,12,1,11,10,34,32,2,849,28,227,381,249,16,849,33,13,39.4,18,54.5,483,2871,1469,32,6,14,7,547,43,29.2,78.0,3,13,21.0,8,1.67,21,19,2,0.2,-0.55,13.4,13.6,-0.2,-0.02,0,12,7,0,0,0,0,55,1,7,12.5,DEF,627228.0,exact,627228.0,2025-06-05,20000000.0,627228,2002-06-03,Brazil,2030-06-30,168.0,right,22.581793292265573,65.90013140604468,16.811242881518265,509.9373882946104,Developing,True,False,False,False,False,BRA,CONMEBOL,False,False,False,True,False,False
Nicolas Cozza,fr FRA,"DF,MF",Nantes,fr Ligue 1,25.0,1999.0,27,23,2051,22.8,1,0,1,1,0,0,3,1,1.4,1.4,1.4,2.8,25,64,56,0.04,0.12,17,6,35.3,0.75,0.26,0.06,0.17,17.9,0,0.08,-0.4,-0.4,608,782,77.7,9858,3920,1.1,-1.4,7,41,10,4,567,211,15,1,1,27,196,0,0,0,0,4,21,20,0.88,16,0,0,3,1,0,2,0.09,59,41,35,18,6,47,66.0,16,25,10,15,25,84,69,0,1044,75,373,424,257,30,1044,20,5,25.0,14,70.0,400,1920,921,10,1,30,6,463,76,67.0,86.0,20,4,20.0,1,0.93,24,36,-12,-0.53,-0.44,23.6,39.3,-15.8,-0.69,0,14,12,2,1,0,0,62,15,16,48.4,DEF,485965.0,exact,485965.0,2025-06-03,3500000.0,485965,1999-01-08,France,2026-06-30,181.0,left,25.982203969883642,17.904073587385017,15.068273812173887,675.0749231326373,Developing,False,False,False,True,False,FRA,UEFA,False,False,False,False,False,True
Aaron Cresswell,eng ENG,DF,West Ham,eng Premier League,34.0,1989.0,18,10,824,9.2,0,0,0,0,0,0,3,0,0.2,0.2,1.3,1.6,6,36,4,0.0,0.17,5,0,0.0,0.55,0.0,0.0,,23.8,2,0.05,-0.2,-0.2,504,610,82.6,9299,3625,1.9,-1.3,9,52,5,2,511,98,33,1,5,36,52,13,11,2,0,1,10,15,1.64,7,8,0,0,0,0,0,0.0,11,7,5,5,1,11,81.8,2,9,4,5,8,19,37,0,687,45,270,328,94,2,687,2,1,50.0,1,50.0,291,1102,526,8,0,4,0,437,46,24.1,76.0,4,8,8.0,13,1.78,8,8,0,0.0,0.55,9.7,12.7,-3.0,-0.32,0,4,2,0,0,0,0,36,7,7,50.0,DEF,92571.0,exact,92571.0,2025-05-30,500000.0,92571,1989-12-15,England,2026-06-30,170.0,left,35.04722792607803,17.904073587385017,13.122365377402328,1228.3081853024637,Declining,False,True,False,False,False,ENG,UEFA,False,False,False,False,False,True
Charlie Cresswell,eng ENG,DF,Toulouse,fr Ligue 1,21.0,2002.0,31,29,2592,28.8,3,1,4,3,0,0,5,0,3.3,3.3,1.7,5.0,8,69,13,0.14,0.17,32,13,40.6,1.11,0.45,0.09,0.23,9.5,0,0.1,-0.3,-0.3,1287,1551,83.0,23854,8198,1.1,-0.7,5,61,4,1,1466,81,33,0,8,4,12,0,0,0,0,4,7,24,0.83,18,0,0,5,1,0,3,0.1,35,23,19,15,1,46,60.9,18,44,28,16,28,63,191,3,1920,324,1044,801,89,56,1920,11,3,27.3,7,63.6,1033,4261,1800,7,1,20,3,1193,84,84.7,89.0,26,2,12.0,1,1.29,38,36,2,0.07,0.26,42.6,31.7,11.0,0.38,0,28,15,3,0,0,1,103,98,44,69.0,DEF,597659.0,exact,597659.0,2025-06-03,10000000.0,597659,2002-08-17,England,2028-06-30,190.0,right,22.376454483230663,41.9185282522996,16.118095750958314,500.70571524009364,Developing,False,False,False,True,False,ENG,UEFA,False,False,False,False,False,True
Juan Cuadrado,co COL,"DF,MF",Atalanta,it Serie A,36.0,1988.0,23,7,832,9.2,0,2,2,0,0,0,3,0,0.9,0.9,2.0,2.9,41,64,90,0.22,0.31,16,4,25.0,1.73,0.43,0.0,0.0,16.0,0,0.06,-0.9,-0.9,476,601,79.2,8203,2257,1.9,0.0,19,34,24,2,512,88,8,2,10,56,60,20,5,15,0,1,11,37,4.0,27,7,1,0,2,0,3,0.32,19,9,9,6,4,23,47.8,12,14,2,12,7,26,9,0,722,15,117,277,332,40,722,40,17,42.5,12,30.0,462,2411,1511,43,15,14,10,509,36,24.3,60.0,1,16,26.0,6,1.96,18,4,14,1.51,0.58,17.5,7.3,10.2,1.1,0,9,27,0,1,0,0,31,12,4,75.0,DEF,91970.0,exact,91970.0,2025-06-17,1000000.0,91970,1988-05-26,Colombia,2026-06-30,176.0,right,36.602327173169066,17.904073587385017,13.815511557963774,1339.7303544917106,Declining,False,False,False,False,True,COL,CONMEBOL,False,False,False,True,False,False
Pau Cubarsí,es ESP,DF,Barcelona,es La Liga,17.0,2007.0,35,29,2618,29.1,0,3,3,0,0,0,3,0,0.8,0.8,1.6,2.5,26,191,6,0.1,0.08,8,0,0.0,0.28,0.0,0.0,,8.9,0,0.1,-0.8,-0.8,2434,2604,93.5,45654,16006,1.0,1.4,9,210,4,1,2516,84,67,4,7,2,7,0,0,0,0,4,6,35,1.2,34,0,0,1,0,0,6,0.21,34,23,21,10,3,30,63.3,11,12,9,3,16,50,86,1,2805,194,1045,1672,93,17,2805,8,6,75.0,2,25.0,1823,8964,4999,16,0,7,1,2193,75,76.5,84.0,20,6,30.0,3,2.26,81,32,49,1.68,0.11,66.7,32.5,34.2,1.18,0,24,9,0,0,1,0,102,62,44,58.5,DEF,962110.0,exact,962110.0,2025-06-09,80000000.0,962110,2007-01-22,Spain,2029-06-30,183.0,right,17.94387405886379,53.90932982917214,18.197537205138154,321.9826162403649,Emerging,False,False,True,False,False,ESP,UEFA,False,False,False,False,False,True
Marc Cucurella,es ESP,DF,Chelsea,eng Premier League,26.0,1998.0,36,33,2988,33.2,5,1,6,5,0,0,10,1,2.8,2.8,2.1,4.9,35,118,117,0.18,0.15,24,11,45.8,0.72,0.33,0.21,0.45,16.1,0,0.12,2.2,2.2,1680,1916,87.7,26450,7598,2.4,-1.1,19,121,12,3,1634,275,28,2,1,31,245,2,0,0,0,7,23,51,1.54,44,4,0,2,1,0,5,0.15,67,45,31,31,5,61,52.5,29,49,16,33,28,95,95,3,2244,119,677,1045,532,75,2244,15,4,26.7,9,60.0,944,4027,2336,22,2,28,7,1385,83,87.4,88.0,27,3,24.0,0,1.89,60,38,22,0.66,0.87,61.9,40.1,21.8,0.66,1,37,38,3,0,0,0,130,32,57,36.0,DEF,284857.0,exact,284857.0,2025-05-30,35000000.0,284857,1998-07-22,Spain,2029-06-30,173.0,left,26.4476386036961,53.90932982917214,17.370858648025116,699.4775877117162,Peak,False,True,False,False,False,ESP,UEFA,False,False,False,False,False,True
Jorge Cuenca,es ESP,DF,Fulham,eng Premier League,24.0,1999.0,8,4,351,3.9,0,0,0,0,0,0,0,0,0.0,0.0,0.0,0.0,0,10,0,0.0,0.01,1,0,0.0,0.26,0.0,0.0,,13.1,0,0.02,0.0,0.0,145,173,83.8,2483,858,0.0,0.0,0,7,0,0,160,13,4,0,0,1,2,0,0,0,0,0,0,1,0.26,1,0,0,0,0,0,0,0.0,6,2,5,1,0,8,37.5,5,4,4,0,2,8,26,0,214,38,134,74,7,1,214,2,2,100.0,0,0.0,89,302,140,1,0,2,0,133,44,10.3,87.0,3,4,1.0,18,1.5,5,8,-3,-0.77,-0.86,4.6,8.8,-4.2,-1.08,0,2,2,0,0,0,0,10,6,3,66.7,DEF,494880.0,exact,494880.0,2025-05-30,5000000.0,494880,1999-11-17,Spain,2028-06-30,190.0,left,25.125256673511295,41.9185282522996,15.424948670398354,631.2785229098239,Developing,False,True,False,False,False,ESP,UEFA,False,False,False,False,False,True
Danilo D'Ambrosio,it ITA,DF,Monza,it Serie A,35.0,1988.0,20,12,1095,12.2,0,1,1,0,0,0,2,1,0.5,0.5,0.4,0.9,10,34,16,0.08,0.08,9,4,44.4,0.74,0.33,0.0,0.0,18.0,1,0.06,-0.5,-0.5,566,652,86.8,9736,3415,0.3,0.6,5,26,6,2,552,96,37,1,2,9,34,0,0,0,0,4,4,8,0.66,8,0,0,0,0,0,1,0.08,28,15,17,10,1,23,60.9,9,12,8,4,15,43,36,2,776,126,400,296,84,19,776,7,2,28.6,5,71.4,443,1697,803,6,1,15,1,476,55,32.0,81.0,4,8,16.0,6,0.45,10,24,-14,-1.15,-0.11,11.1,20.2,-9.1,-0.75,0,18,11,3,0,0,0,46,16,23,41.0,DEF,55769.0,exact,55769.0,2025-06-17,700000.0,55769,1988-09-09,Italy,,180.0,right,36.31211498973306,,13.45883704259595,1318.5696950275965,Declining,False,False,False,False,True,ITA,UEFA,False,False,False,False,False,True
Ameen Al-Dakhil,be BEL,DF,Stuttgart,de Bundesliga,22.0,2002.0,7,6,432,4.8,0,0,0,0,0,0,0,1,0.1,0.1,0.2,0.2,1,12,0,0.0,0.05,1,0,0.0,0.21,0.0,0.0,,19.7,0,0.06,-0.1,-0.1,311,339,91.7,5201,1623,0.1,-0.2,2,20,1,0,321,16,6,0,2,0,0,0,0,0,0,2,1,4,0.83,3,0,0,1,0,0,0,0.0,6,6,4,2,0,4,100.0,0,12,8,4,9,15,30,1,407,67,217,185,6,0,407,0,0,,0,,239,1305,616,0,0,3,0,264,62,14.1,70.0,1,1,11.0,7,1.0,10,6,4,0.83,0.59,8.3,6.4,1.9,0.4,0,4,5,0,0,0,0,17,8,9,47.1,DEF,620598.0,exact,620598.0,2025-06-05,7500000.0,620598,2002-03-06,Belgium,2028-06-30,187.0,right,22.82546201232033,41.9185282522996,15.830413711839864,521.0017160758784,Developing,True,False,False,False,False,BEL,UEFA,False,False,False,False,False,True
Diogo Dalot,pt POR,DF,Manchester Utd,eng Premier League,25.0,1999.0,33,31,2814,31.3,0,3,3,0,0,0,5,0,2.0,2.0,2.0,4.1,62,103,168,0.1,0.13,25,5,20.0,0.8,0.16,0.0,0.0,16.1,0,0.08,-2.0,-2.0,1347,1673,80.5,21723,6617,2.5,1.0,26,61,25,8,1426,242,13,4,8,66,229,0,0,0,0,5,36,74,2.37,57,5,7,4,0,1,5,0.16,68,40,40,22,6,52,65.4,18,22,9,13,37,105,72,0,1983,113,661,773,566,68,1983,53,27,50.9,22,41.5,1126,4953,2699,37,16,38,21,1200,85,82.3,89.0,30,2,29.0,0,1.15,34,45,-11,-0.35,-0.5,39.9,46.1,-6.2,-0.2,0,40,9,4,0,1,0,167,38,21,64.4,DEF,357147.0,exact,357147.0,2025-05-30,30000000.0,357147,1999-03-18,Portugal,2028-06-30,184.0,right,25.793292265571527,41.9185282522996,17.216707972959764,665.2939258971919,Developing,False,True,False,False,False,POR,UEFA,False,False,False,False,False,True
Flavius Daniliuc,at AUT,DF,Hellas Verona,it Serie A,23.0,2001.0,18,9,1004,11.2,0,0,0,0,0,0,0,0,0.1,0.1,0.1,0.2,8,38,8,0.0,0.02,3,1,33.3,0.27,0.09,0.0,0.0,18.0,0,0.04,-0.1,-0.1,375,449,83.5,5931,2777,0.1,-0.1,2,28,3,1,394,55,8,1,0,6,47,0,0,0,0,0,7,11,0.98,10,0,0,0,1,0,0,0.0,26,21,14,9,3,24,62.5,9,10,3,7,7,33,27,0,538,36,211,278,56,10,538,7,4,57.1,3,42.9,285,1302,671,4,0,7,4,306,56,29.4,86.0,4,9,26.0,17,0.83,9,24,-15,-1.34,-0.71,9.8,16.3,-6.6,-0.59,0,12,2,0,0,0,0,44,18,17,51.4,DEF,322655.0,exact,322655.0,2025-06-17,2700000.0,322655,2001-04-27,Austria,2028-06-30,188.0,right,23.682409308692677,41.9185282522996,14.80876270134486,560.8565106644536,Developing,False,False,False,False,True,AUT,UEFA,False,False,False,False,False,True
Danilo,br BRA,DF,Juventus,it Serie A,33.0,1991.0,12,6,581,6.5,0,1,1,0,0,0,2,0,0.1,0.1,0.4,0.5,16,45,7,0.15,0.08,1,0,0.0,0.15,0.0,0.0,,8.2,0,0.1,-0.1,-0.1,519,573,90.6,9844,3059,0.6,0.6,3,51,2,0,530,42,11,0,5,3,29,0,0,0,0,1,3,10,1.55,10,0,0,0,0,0,1,0.15,10,4,7,2,1,10,50.0,5,4,3,1,9,19,21,1,625,43,209,350,70,4,625,0,0,,0,,381,2018,1136,9,2,4,2,476,48,17.0,87.0,4,6,10.0,5,1.83,13,12,1,0.15,-0.54,11.5,8.5,3.0,0.46,0,11,1,0,0,1,0,24,16,7,69.6,DEF,145707.0,exact_birthyear_corrected,145707.0,2025-06-06,3500000.0,145707,1991-07-15,Brazil,2026-12-31,184.0,right,33.46748802190281,23.94875164257556,15.068273812173887,1120.072754496208,Declining,False,False,False,False,True,BRA,CONMEBOL,False,False,False,True,False,False
Kevin Danso,at AUT,DF,Tottenham,eng Premier League,25.0,1998.0,10,9,842,9.4,0,0,0,0,0,0,0,0,0.4,0.4,0.1,0.5,11,19,1,0.0,0.05,7,3,42.9,0.75,0.32,0.0,0.0,16.9,0,0.06,-0.4,-0.4,480,555,86.5,9082,2716,0.1,-0.1,2,22,2,1,534,21,17,0,2,1,0,0,0,0,0,0,8,9,0.96,8,0,0,1,0,0,2,0.21,7,5,4,3,0,11,54.5,5,15,14,1,6,13,71,1,676,108,394,257,29,8,676,3,2,66.7,1,33.3,448,2428,1195,5,1,8,3,475,84,24.6,89.0,8,1,45.0,0,0.8,11,18,-7,-0.75,-0.96,11.7,17.0,-5.3,-0.57,0,9,13,0,0,0,0,27,21,12,63.6,DEF,263236.0,exact,263236.0,2025-05-30,25000000.0,263236,1998-09-19,Austria,2030-06-30,190.0,right,26.286105407255306,65.90013140604468,17.034386422832473,690.9593374813367,Peak,False,True,False,False,False,AUT,UEFA,False,False,False,False,False,True
Kevin Danso,at AUT,DF,Lens,fr Ligue 1,25.0,1998.0,12,12,1080,12.0,0,0,0,0,0,0,3,0,0.5,0.5,1.0,1.5,9,52,1,0.0,0.13,10,2,20.0,0.83,0.17,0.0,0.0,13.4,0,0.05,-0.5,-0.5,659,770,85.6,12021,4233,0.4,-1.0,6,58,4,0,732,35,17,1,1,0,2,0,0,0,0,3,6,12,1.0,12,0,0,0,0,0,1,0.08,19,7,12,5,2,16,75.0,4,25,19,6,20,39,62,1,946,108,417,474,62,17,946,6,1,16.7,3,50.0,489,2756,1602,17,0,12,6,551,90,35.3,90.0,12,0,,0,1.83,17,12,5,0.42,0.51,21.5,15.3,6.2,0.52,0,27,11,1,0,1,0,59,41,21,66.1,DEF,263236.0,exact,263236.0,2025-05-30,25000000.0,263236,1998-09-19,Austria,2030-06-30,190.0,right,26.286105407255306,65.90013140604468,17.034386422832473,690.9593374813367,Peak,False,False,False,True,False,AUT,UEFA,False,False,False,False,False,True
Dante,br BRA,DF,Nice,fr Ligue 1,40.0,1983.0,25,21,1964,21.8,0,0,0,0,0,0,5,1,0.5,0.5,0.2,0.6,18,96,8,0.0,0.03,9,2,22.2,0.41,0.09,0.0,0.0,11.9,0,0.05,-0.5,-0.5,1267,1432,88.5,21977,9017,0.5,-0.2,4,90,8,0,1336,93,63,5,8,2,4,0,0,0,0,3,11,21,0.96,19,0,0,1,0,1,0,0.0,32,15,17,13,2,29,51.7,14,29,14,15,34,66,74,1,1651,171,795,785,81,19,1651,15,6,40.0,7,46.7,949,4418,2469,10,1,16,5,1138,79,64.2,88.0,17,4,28.0,1,1.8,45,23,22,1.01,0.76,40.3,23.4,17.0,0.78,0,19,14,0,0,0,0,112,41,21,66.1,DEF,16136.0,exact,16136.0,2025-06-03,500000.0,16136,1983-10-18,Brazil,2026-06-30,188.0,left,41.20739219712526,17.904073587385017,13.122365377402328,1698.0491716876998,Declining,False,False,False,True,False,BRA,CONMEBOL,False,False,False,True,False,False
Matteo Darmian,it ITA,DF,Inter,it Serie A,34.0,1989.0,29,20,1781,19.8,3,2,5,3,0,0,3,0,1.9,1.9,1.5,3.5,14,45,102,0.25,0.18,11,3,27.3,0.56,0.15,0.27,1.0,14.4,0,0.18,1.1,1.1,844,1007,83.8,14714,3784,1.3,0.5,15,39,15,7,876,129,10,3,2,32,119,0,0,0,0,2,23,34,1.72,26,3,0,1,2,2,4,0.2,28,17,12,12,4,25,56.0,11,14,6,8,10,38,39,0,1144,53,361,501,286,33,1144,9,4,44.4,4,44.4,593,1976,864,11,9,15,6,787,61,52.1,81.0,11,9,19.0,4,2.28,45,14,31,1.57,0.85,33.7,17.3,16.3,0.83,0,26,19,5,0,1,1,39,13,15,46.4,DEF,54906.0,exact,54906.0,2025-06-17,2500000.0,54906,1989-12-02,Italy,2026-06-30,183.0,right,35.082819986310746,17.904073587385017,14.731801689838349,1230.8042581918846,Declining,False,False,False,False,True,ITA,UEFA,False,False,False,False,False,True
Alphonso Davies,ca CAN,DF,Bayern Munich,de Bundesliga,23.0,2000.0,19,17,1560,17.3,1,2,3,1,0,0,0,0,1.2,1.2,1.6,2.8,81,120,140,0.17,0.16,17,3,17.6,0.98,0.17,0.06,0.33,18.3,0,0.07,-0.2,-0.2,1141,1272,89.7,16222,3977,2.2,0.4,27,95,16,2,1143,127,21,6,1,22,106,0,0,0,0,2,20,61,3.52,52,0,4,3,2,0,8,0.46,30,17,7,17,6,26,65.4,9,14,1,13,13,43,22,2,1463,33,263,720,498,49,1463,68,31,45.6,31,45.6,895,5191,2807,53,21,33,19,1057,82,51.0,89.0,13,2,28.0,2,2.58,53,15,38,2.19,0.45,43.4,10.2,33.2,1.91,0,8,26,3,0,0,0,115,9,8,52.9,DEF,424204.0,exact,424204.0,2025-06-05,50000000.0,424204,2000-11-02,Canada,2030-06-30,183.0,left,24.164271047227928,65.90013140604468,17.72753358339242,583.9119952438979,Developing,True,False,False,False,False,CAN,CONCACAF,False,False,True,False,False,False
Ben Davies,wls WAL,DF,Tottenham,eng Premier League,31.0,1993.0,17,14,1331,14.8,0,0,0,0,0,0,5,0,0.3,0.3,0.2,0.5,14,52,6,0.0,0.03,5,1,20.0,0.34,0.07,0.0,0.0,17.0,0,0.06,-0.3,-0.3,896,1023,87.6,16735,6614,0.5,-0.2,2,47,2,0,925,95,26,1,5,4,5,0,0,0,0,3,8,8,0.54,7,0,0,0,0,1,0,0.0,17,11,8,8,1,17,52.9,8,28,19,9,12,29,81,1,1186,215,643,495,48,13,1186,1,1,100.0,0,0.0,664,3255,1824,10,0,5,0,781,78,38.9,88.0,13,3,33.0,7,1.0,22,26,-4,-0.27,-0.4,19.0,25.5,-6.5,-0.44,0,17,7,0,0,0,0,41,52,44,54.2,DEF,192765.0,exact,192765.0,2025-05-30,6000000.0,192765,1993-04-24,Wales,2027-06-30,181.0,left,31.690622861054074,29.894875164257556,15.607270193858982,1004.2955773215631,Declining,False,True,False,False,False,WAL,UEFA,False,False,False,False,False,True
Leif Davis,eng ENG,DF,Ipswich Town,eng Premier League,24.0,2000.0,33,32,2743,30.5,1,2,3,1,0,0,5,1,1.0,1.0,4.9,5.8,52,59,137,0.1,0.19,16,2,12.5,0.52,0.07,0.06,0.5,19.8,2,0.06,0.0,0.0,919,1284,71.6,15858,6353,4.7,-2.9,61,33,28,12,970,307,61,3,5,161,166,80,56,13,0,7,23,93,3.05,46,39,3,3,1,1,4,0.13,46,27,33,9,4,48,62.5,18,25,8,17,25,71,77,3,1562,117,534,520,527,42,1562,38,13,34.2,18,47.4,708,3804,2073,31,11,37,16,835,83,80.2,85.0,27,1,10.0,0,0.52,29,69,-40,-1.31,-0.51,29.2,59.4,-30.2,-0.99,0,27,31,5,0,2,0,113,34,23,59.6,DEF,596446.0,exact,596446.0,2025-05-30,22000000.0,596446,1999-12-31,England,2029-06-30,182.0,left,25.00479123887748,53.90932982917214,16.906553056777135,625.239584899844,Developing,False,True,False,False,False,ENG,UEFA,False,False,False,False,False,True
Paweł Dawidowicz,pl POL,"DF,MF",Hellas Verona,it Serie A,29.0,1995.0,26,24,1845,20.5,0,0,0,0,0,0,7,1,0.3,0.3,0.0,0.3,10,39,3,0.0,0.01,4,0,0.0,0.2,0.0,0.0,,14.2,0,0.08,-0.3,-0.3,653,797,81.9,11772,3968,0.2,0.0,0,52,1,0,726,70,35,1,5,1,35,0,0,0,0,1,7,8,0.39,6,2,0,0,0,0,1,0.05,45,24,20,22,3,27,66.7,9,16,6,10,20,65,70,2,982,93,398,528,59,10,982,4,2,50.0,1,25.0,457,2250,1229,7,0,7,3,547,71,53.9,75.0,15,2,19.0,1,1.12,20,30,-10,-0.49,0.77,20.4,28.0,-7.6,-0.37,0,36,11,0,0,1,0,54,33,27,55.0,DEF,248732.0,exact,248732.0,2025-06-17,2500000.0,248732,1995-05-20,Poland,2026-06-30,189.0,both,29.620807665982205,17.904073587385017,14.731801689838349,877.3922467851102,Peak,False,False,False,False,True,POL,UEFA,False,False,False,False,False,True
Craig Dawson,eng ENG,DF,Wolves,eng Premier League,34.0,1990.0,15,10,971,10.8,0,0,0,0,0,0,2,0,0.5,0.5,0.0,0.5,6,20,5,0.0,0.05,5,1,20.0,0.46,0.09,0.0,0.0,8.5,0,0.1,-0.5,-0.5,484,559,86.6,9745,3180,0.1,0.0,2,22,1,0,528,30,20,1,11,0,0,0,0,0,0,1,0,7,0.65,6,0,0,1,0,0,2,0.19,15,3,8,6,1,15,80.0,3,16,11,5,9,24,52,1,671,130,396,249,28,14,671,5,1,20.0,2,40.0,390,1819,938,1,0,2,0,443,65,28.4,89.0,9,5,17.0,6,0.87,16,25,-9,-0.83,-0.61,10.6,18.7,-8.1,-0.75,0,6,5,2,0,0,2,35,21,11,65.6,DEF,121477.0,exact,121477.0,2025-05-30,1500000.0,121477,1990-05-06,England,,188.0,right,34.65845311430527,,14.220976332738882,1201.2083722764964,Declining,False,True,False,False,False,ENG,UEFA,False,False,False,False,False,True
Mattia De Sciglio,it ITA,DF,Empoli,it Serie A,31.0,1992.0,16,7,769,8.5,1,0,1,1,0,0,0,0,0.6,0.6,0.2,0.8,4,18,7,0.12,0.09,5,3,60.0,0.59,0.35,0.2,0.33,16.9,0,0.12,0.4,0.4,233,299,77.9,4506,1744,0.2,-0.2,3,12,4,2,255,44,16,0,4,7,28,0,0,0,0,0,7,8,0.94,5,1,0,0,1,1,0,0.0,18,13,10,8,0,17,82.4,3,10,3,7,8,26,35,1,394,35,165,187,44,9,394,4,1,25.0,2,50.0,161,719,257,3,0,5,4,191,48,22.5,80.0,5,9,23.0,16,0.63,4,23,-19,-2.22,-1.99,7.7,14.7,-7.0,-0.82,0,8,5,0,0,0,0,27,6,2,75.0,DEF,88682.0,exact,88682.0,2024-06-05,1000000.0,88682,1992-10-20,Italy,,183.0,right,32.199863107460644,,13.815511557963774,1036.831184139205,Declining,False,False,False,False,True,ITA,UEFA,False,False,False,False,False,True
Lorenzo De Silvestri,it ITA,DF,Bologna,it Serie A,36.0,1988.0,18,13,1060,11.8,1,0,1,1,0,0,1,0,0.8,0.8,0.3,1.1,4,46,30,0.08,0.09,9,4,44.4,0.76,0.34,0.11,0.25,12.2,0,0.09,0.2,0.2,446,564,79.1,7881,3173,0.4,-0.3,5,40,6,5,441,121,17,0,2,23,104,0,0,0,0,2,9,14,1.19,10,2,0,2,0,0,2,0.17,11,6,7,1,3,16,43.8,9,12,4,8,10,21,32,0,657,31,198,318,142,11,657,5,1,20.0,4,80.0,313,1164,444,7,0,7,2,380,59,31.0,75.0,3,5,16.0,19,1.72,13,11,2,0.17,-0.14,12.2,11.6,0.6,0.05,0,17,8,1,0,0,0,26,12,16,42.9,DEF,33571.0,exact,33571.0,2025-06-17,800000.0,33571,1988-05-23,Italy,2026-06-30,187.0,right,36.610540725530456,17.904073587385017,13.592368256649284,1340.3316922157242,Declining,False,False,False,False,True,ITA,UEFA,False,False,False,False,False,True
Koni De Winter,be BEL,DF,Genoa,it Serie A,22.0,2002.0,25,23,2135,23.7,3,0,3,3,0,0,6,0,2.1,2.1,0.2,2.3,10,56,10,0.13,0.1,13,7,53.8,0.55,0.3,0.23,0.43,8.8,0,0.16,0.9,0.9,1116,1289,86.6,20309,6901,0.2,-0.2,3,42,3,2,1182,104,52,0,3,4,50,0,0,0,0,3,10,15,0.63,11,2,0,0,1,1,1,0.04,33,19,21,8,4,25,68.0,8,11,7,4,25,58,118,3,1551,161,801,659,105,34,1551,17,6,35.3,11,64.7,807,4302,1986,6,0,17,8,938,85,62.4,90.0,23,2,33.0,2,1.2,23,33,-10,-0.42,-0.28,24.0,29.6,-5.6,-0.24,0,43,14,1,0,2,0,114,74,34,68.5,DEF,490384.0,exact,490384.0,2025-06-17,22000000.0,490384,2002-06-12,Belgium,2030-06-30,191.0,right,22.55715263518138,65.90013140604468,16.906553056777135,508.82513500687037,Developing,False,False,False,False,True,BEL,UEFA,False,False,False,False,False,True
Amar Dedić,ba BIH,DF,Marseille,fr Ligue 1,21.0,2002.0,10,2,314,3.5,0,1,1,0,0,0,1,0,0.9,0.9,0.9,1.8,21,16,46,0.29,0.51,6,2,33.3,1.72,0.57,0.0,0.0,18.3,0,0.15,-0.9,-0.9,189,224,84.4,2657,515,0.8,0.1,4,5,2,0,199,25,0,1,1,5,24,1,0,0,0,0,6,14,4.01,11,0,2,1,0,0,1,0.29,5,4,2,2,1,10,30.0,7,0,0,0,3,8,12,1,282,6,41,104,141,17,282,19,9,47.4,10,52.6,180,1311,748,12,5,8,8,194,31,10.3,54.0,0,8,26.0,3,1.5,6,9,-3,-0.86,-1.84,8.5,8.4,0.0,0.01,0,7,2,0,0,0,0,18,7,6,53.8,DEF,519184.0,exact,519184.0,2025-06-03,12000000.0,519184,2002-08-18,Bosnia-Herzegovina,2030-06-30,180.0,right,22.373716632443532,65.90013140604468,16.300417291085605,500.58319594888036,Developing,False,False,False,True,False,BIH,UEFA,False,False,False,False,False,True
Ali Dembélé,fr FRA,DF,Torino,it Serie A,20.0,2004.0,15,4,388,4.3,1,0,1,1,0,0,4,1,0.4,0.4,0.1,0.5,8,12,8,0.23,0.1,5,2,40.0,1.16,0.46,0.2,0.5,13.3,0,0.07,0.6,0.6,127,168,75.6,2055,697,0.1,-0.1,3,2,1,1,137,31,4,0,0,7,27,0,0,0,0,0,4,7,1.62,5,0,2,0,0,0,0,0.0,9,5,6,3,0,4,100.0,0,6,2,4,1,10,11,1,222,13,71,88,64,11,222,6,2,33.3,3,50.0,101,449,226,3,3,9,5,115,26,11.3,59.0,0,11,14.0,22,1.67,3,8,-5,-1.16,-1.13,4.6,7.5,-3.0,-0.69,1,9,7,0,0,1,0,15,5,11,31.3,DEF,1004344.0,exact,1004344.0,2024-06-03,300000.0,1004344,2004-01-05,France,2026-06-30,189.0,right,20.99110198494182,17.904073587385017,12.611541086966115,440.62636254222843,Emerging,False,False,False,False,True,FRA,UEFA,False,False,False,False,False,True
Sepp van den Berg,nl NED,DF,Brentford,eng Premier League,22.0,2001.0,31,29,2586,28.7,0,0,0,0,0,0,3,0,2.0,2.0,0.8,2.8,12,79,28,0.0,0.1,20,6,30.0,0.7,0.21,0.0,0.0,10.5,0,0.1,-2.0,-2.0,1092,1278,85.4,19151,6135,0.5,-0.8,6,64,3,1,1177,100,18,0,2,7,61,0,0,0,0,1,7,22,0.77,19,0,0,2,1,0,2,0.07,39,24,25,10,4,29,65.5,10,52,38,14,21,60,134,3,1605,282,819,621,169,48,1605,7,4,57.1,3,42.9,737,3762,1974,10,1,15,7,917,83,75.6,88.0,25,2,18.0,1,1.55,54,49,5,0.17,-0.26,47.8,43.8,4.0,0.14,0,23,5,1,1,0,0,97,94,77,55.0,DEF,541231.0,exact,541231.0,2025-05-30,22000000.0,541231,2001-12-20,Netherlands,2029-06-30,192.0,right,23.033538672142367,53.90932982917214,16.906553056777135,530.5439037610779,Developing,False,True,False,False,False,NED,UEFA,False,False,False,False,False,True
Giovanni Di Lorenzo,it ITA,DF,Napoli,it Serie A,30.0,1993.0,37,37,3330,37.0,3,2,5,3,0,0,6,0,2.8,2.8,3.9,6.7,50,224,163,0.14,0.18,21,6,28.6,0.57,0.16,0.14,0.5,11.4,0,0.15,0.2,0.2,1870,2236,83.6,29372,9836,3.9,-1.9,37,170,54,8,1865,357,56,2,7,63,299,0,0,0,0,14,48,80,2.16,72,4,0,2,1,1,8,0.22,66,44,35,25,6,65,64.6,23,19,6,13,31,97,85,1,2541,116,681,1222,647,67,2541,31,4,12.9,19,61.3,1202,5034,2675,31,6,28,14,1701,90,97.4,90.0,37,0,,0,2.14,56,27,29,0.78,-2.22,51.0,28.4,22.6,0.61,0,46,51,5,0,0,0,94,45,46,49.5,DEF,169880.0,exact,169880.0,2025-06-17,12000000.0,169880,1993-08-04,Italy,2028-06-30,183.0,right,31.411362080766597,41.9185282522996,16.300417291085605,986.6736677690217,Declining,False,False,False,False,True,ITA,UEFA,False,False,False,False,False,True
Mouctar Diakhaby,gn GUI,DF,Valencia,es La Liga,27.0,1996.0,13,7,653,7.3,2,0,2,2,0,0,0,0,1.5,1.5,0.0,1.5,5,14,2,0.28,0.21,11,4,36.4,1.52,0.55,0.18,0.5,9.0,0,0.13,0.5,0.5,282,336,83.9,4919,1857,0.1,0.0,1,7,2,0,320,14,9,0,3,1,2,0,0,0,0,2,4,4,0.55,2,0,0,2,0,0,1,0.14,8,3,8,0,0,6,66.7,2,8,6,2,11,19,56,0,440,65,271,143,29,19,440,4,2,50.0,2,50.0,222,1013,486,6,0,5,2,270,50,19.1,83.0,4,6,12.0,5,2.0,9,7,2,0.28,0.67,6.3,10.0,-3.6,-0.5,0,2,4,0,0,0,0,23,18,5,78.3,DEF,346289.0,exact,346289.0,2025-06-09,2000000.0,346289,1996-12-19,Guinea,2027-06-30,192.0,right,28.035592060232716,29.894875164257556,14.508658238524095,785.9944221677837,Peak,False,False,True,False,False,GUI,CAF,False,True,False,False,False,False
Bafodé Diakité,fr FRA,DF,Lille,fr Ligue 1,23.0,2001.0,31,31,2766,30.7,4,1,5,4,0,0,8,1,2.3,2.3,0.2,2.5,15,90,3,0.16,0.08,16,7,43.8,0.52,0.23,0.25,0.57,8.3,0,0.15,1.7,1.7,2086,2239,93.2,38535,12423,0.8,0.8,3,141,0,0,2155,82,63,2,5,4,6,0,0,0,0,2,19,19,0.62,17,0,0,1,1,0,3,0.1,31,18,17,11,3,26,69.2,8,30,17,13,27,58,99,5,2475,199,973,1416,92,21,2475,9,9,100.0,0,0.0,1606,7489,4516,15,0,13,6,1891,89,90.4,89.0,30,0,,1,1.9,50,31,19,0.62,1.54,50.8,38.2,12.6,0.41,1,44,17,1,0,1,0,139,61,23,72.6,DEF,463605.0,exact,463605.0,2025-06-03,28000000.0,463605,2001-01-06,France,2030-06-30,184.0,right,23.98631074606434,65.90013140604468,17.147715103853763,575.3431032067616,Developing,False,False,False,True,False,FRA,UEFA,False,False,False,False,False,True
Moussa Diarra,ml MLI,DF,Alavés,es La Liga,23.0,2000.0,26,20,1866,20.7,0,0,0,0,0,0,6,0,0.0,0.0,0.1,0.2,12,70,31,0.0,0.01,1,0,0.0,0.05,0.0,0.0,,25.8,0,0.03,0.0,0.0,670,835,80.2,12112,5342,0.4,-0.1,3,44,8,3,711,120,29,0,6,23,90,0,0,0,0,4,14,18,0.87,14,0,0,0,4,0,4,0.19,40,24,19,18,3,29,58.6,12,15,5,10,21,61,46,1,1012,56,383,495,139,9,1012,14,7,50.0,5,35.7,499,2075,1080,10,2,17,15,584,72,54.6,89.0,18,6,16.0,8,0.81,21,31,-10,-0.48,-0.48,21.6,26.7,-5.1,-0.25,0,28,24,1,1,1,0,76,31,29,51.7,DEF,694509.0,exact,694509.0,2025-06-09,1800000.0,694509,2000-11-10,Mali,2026-06-30,185.0,left,24.142368240930868,17.904073587385017,14.403297778421795,582.8539442807074,Developing,False,False,True,False,False,MLI,CAF,False,True,False,False,False,False
Rúben Dias,pt POR,DF,Manchester City,eng Premier League,27.0,1997.0,27,25,2271,25.2,0,0,0,0,0,0,4,0,1.5,1.5,0.3,1.8,43,160,8,0.0,0.07,21,7,33.3,0.83,0.28,0.0,0.0,19.4,0,0.07,-1.5,-1.5,2167,2317,93.5,37644,12143,1.2,-0.3,5,222,12,0,2234,80,43,0,10,3,2,0,0,0,0,3,14,26,1.03,17,0,0,7,0,2,1,0.04,17,11,7,9,1,13,53.8,6,23,20,3,20,37,71,4,2499,216,837,1361,307,26,2499,3,2,66.7,1,33.3,1775,10123,6017,65,1,8,1,2016,84,66.4,90.0,25,2,11.0,0,2.11,50,21,29,1.15,1.23,46.2,28.8,17.5,0.69,0,12,8,0,0,1,1,78,37,34,52.1,DEF,258004.0,exact,258004.0,2025-05-30,65000000.0,258004,1997-05-14,Portugal,2029-06-30,187.0,right,27.63586584531143,53.90932982917214,17.989897843244528,763.7410810200507,Peak,False,True,False,False,False,POR,UEFA,False,False,False,False,False,True
Krépin Diatta,sn SEN,"DF,FW",Monaco,fr Ligue 1,25.0,1999.0,19,3,508,5.6,0,0,0,0,0,0,3,0,0.2,0.2,0.8,1.0,17,21,41,0.0,0.17,2,1,50.0,0.35,0.18,0.0,0.0,13.1,0,0.08,-0.2,-0.2,240,314,76.4,3683,1198,0.9,-0.8,4,16,6,2,278,35,2,1,3,15,33,0,0,0,0,1,5,10,1.77,10,0,0,0,0,0,0,0.0,18,12,13,2,3,24,58.3,10,5,1,4,9,27,12,2,373,14,72,192,114,9,373,13,8,61.5,4,30.8,205,1254,693,13,1,10,2,230,27,16.6,73.0,1,16,18.0,5,1.89,8,7,1,0.18,-0.56,11.5,6.8,4.7,0.84,0,14,7,2,0,0,0,36,15,9,62.5,DEF,490426.0,exact,490426.0,2025-06-03,7000000.0,490426,1999-02-25,Senegal,2026-06-30,173.0,right,25.8507871321013,17.904073587385017,15.76142084987672,668.2631953492141,Developing,False,False,False,True,False,SEN,CAF,False,True,False,False,False,False
Eric Dier,eng ENG,DF,Bayern Munich,de Bundesliga,30.0,1994.0,21,16,1463,16.3,2,1,3,2,0,0,1,0,1.1,1.1,0.1,1.2,12,73,1,0.18,0.08,9,5,55.6,0.55,0.31,0.22,0.4,6.3,0,0.12,0.9,0.9,1324,1412,93.8,23560,8112,1.2,0.9,3,133,5,0,1360,50,25,2,7,2,5,0,0,0,0,2,6,13,0.8,11,0,0,2,0,0,2,0.12,19,11,8,9,2,20,65.0,7,19,8,11,20,39,77,1,1591,127,535,994,67,19,1591,3,2,66.7,1,33.3,944,4081,2174,10,0,7,2,1157,70,47.8,88.0,14,5,11.0,13,2.33,43,17,26,1.6,-0.71,39.0,13.1,25.9,1.59,0,16,4,1,0,0,0,80,52,43,54.7,DEF,175722.0,exact,175722.0,2025-06-05,8000000.0,175722,1994-01-15,England,2028-06-30,191.0,right,30.962354551676935,41.9185282522996,15.894952224644102,958.6673993837494,Declining,True,False,False,False,False,ENG,UEFA,False,False,False,False,False,True
Lucas Digne,fr FRA,DF,Aston Villa,eng Premier League,31.0,1993.0,32,28,2351,26.1,0,4,4,0,0,0,4,0,0.8,0.8,4.7,5.5,23,57,142,0.15,0.21,13,3,23.1,0.5,0.11,0.0,0.0,22.7,5,0.06,-0.8,-0.8,956,1277,74.9,15607,5137,4.0,-0.7,36,44,30,19,1017,258,44,2,4,140,155,57,37,10,0,2,41,66,2.53,42,18,1,4,0,1,5,0.19,65,38,40,16,9,66,66.7,22,23,4,19,25,90,89,1,1527,97,541,457,539,28,1527,19,9,47.4,9,47.4,683,2983,1346,14,4,17,16,820,73,68.7,80.0,13,4,30.0,6,1.59,34,36,-2,-0.08,-0.83,32.7,34.7,-2.0,-0.08,0,21,16,7,0,0,0,104,37,28,56.9,DEF,126664.0,exact,126664.0,2025-05-30,10000000.0,126664,1993-07-20,France,2028-06-30,178.0,left,31.45242984257358,41.9185282522996,16.118095750958314,989.2553430020131,Declining,False,True,False,False,False,FRA,UEFA,False,False,False,False,False,True
Federico Dimarco,it ITA,"DF,FW",Inter,it Serie A,26.0,1997.0,32,28,2140,23.8,4,7,11,4,0,0,3,0,3.3,3.3,6.1,9.5,47,83,232,0.46,0.39,55,20,36.4,2.31,0.84,0.07,0.2,20.1,8,0.06,0.7,0.7,973,1275,76.3,16613,4805,5.1,0.9,48,47,40,19,1090,178,24,3,13,188,81,73,12,46,0,7,29,96,4.0,57,26,2,9,2,0,14,0.58,25,14,10,12,3,19,52.6,9,24,4,20,14,39,33,2,1475,34,270,546,675,90,1475,10,4,40.0,6,60.0,789,3200,1822,35,13,18,10,1007,67,62.6,73.0,5,4,26.0,2,2.0,50,17,33,1.39,0.61,42.2,22.4,19.7,0.82,0,18,11,8,0,0,0,76,7,13,35.0,DEF,198116.0,exact,198116.0,2025-06-17,50000000.0,198116,1997-11-10,Italy,2027-06-30,175.0,left,27.143052703627653,29.894875164257556,17.72753358339242,736.7453100719084,Peak,False,False,False,False,True,ITA,UEFA,False,False,False,False,False,True
Sinaly Diomande,ci CIV,DF,Auxerre,fr Ligue 1,23.0,2001.0,23,22,1945,21.6,3,2,5,3,0,0,6,0,1.1,1.1,0.6,1.7,8,72,8,0.23,0.08,9,4,44.4,0.42,0.19,0.33,0.75,15.0,0,0.13,1.9,1.9,813,961,84.6,15073,6116,0.3,1.4,4,52,1,0,909,47,42,0,14,1,5,0,0,0,0,5,10,21,0.97,19,0,0,2,0,0,5,0.23,39,19,20,18,1,40,70.0,12,37,18,19,30,69,100,2,1223,150,651,521,56,12,1223,14,8,57.1,4,28.6,698,3204,1679,5,0,12,6,756,85,63.6,87.0,20,1,25.0,6,0.91,30,40,-10,-0.46,-1.03,24.1,40.6,-16.6,-0.77,0,24,19,0,0,1,1,86,28,22,56.0,DEF,702441.0,exact_accent_stripped,702441.0,2025-06-03,5000000.0,702441,2001-04-09,Cote d'Ivoire,2027-06-30,184.0,right,23.731690622861056,29.894875164257556,15.424948670398354,563.1931398191914,Developing,False,False,False,True,False,CIV,CAF,False,True,False,False,False,False
Issa Diop,fr FRA,DF,Fulham,eng Premier League,27.0,1997.0,21,15,1339,14.9,0,0,0,0,0,0,2,0,0.5,0.5,0.1,0.6,6,25,3,0.0,0.04,5,2,40.0,0.34,0.13,0.0,0.0,10.7,0,0.11,-0.5,-0.5,663,758,87.5,12350,4179,0.1,-0.1,3,43,1,0,733,25,21,0,1,1,2,0,0,0,0,0,2,6,0.4,5,0,0,1,0,0,0,0.0,26,12,18,8,0,18,72.2,5,10,7,3,9,35,72,2,903,125,498,381,26,13,903,2,1,50.0,1,50.0,533,2426,1216,2,0,9,2,617,64,39.2,86.0,13,6,8.0,9,1.52,19,19,0,0.0,0.0,16.1,19.6,-3.5,-0.23,0,10,4,0,0,0,1,45,20,12,62.5,DEF,272622.0,exact,272622.0,2025-05-30,14000000.0,272622,1997-01-09,Morocco,2027-06-30,194.0,right,27.978097193702943,29.894875164257556,16.454567959008102,782.7739225802885,Peak,False,True,False,False,False,FRA,UEFA,False,False,False,False,False,True
Axel Disasi,fr FRA,DF,Aston Villa,eng Premier League,26.0,1998.0,7,5,490,5.4,0,0,0,0,0,0,2,0,0.1,0.1,0.4,0.5,10,16,5,0.0,0.09,2,0,0.0,0.37,0.0,0.0,,19.5,0,0.04,-0.1,-0.1,243,280,86.8,4080,1517,0.3,-0.4,3,14,3,0,258,20,9,1,0,1,11,0,0,0,0,2,5,9,1.65,7,0,1,0,0,1,0,0.0,8,5,7,1,0,7,42.9,4,4,1,3,5,13,18,0,334,32,130,178,29,6,334,15,9,60.0,6,40.0,207,1268,621,8,2,3,2,223,70,14.3,90.0,5,2,20.0,4,1.57,8,9,-1,-0.18,-0.43,8.2,10.4,-2.2,-0.41,0,3,2,2,0,0,0,15,8,6,57.1,DEF,386047.0,exact,386047.0,2025-05-30,22000000.0,386047,1998-03-11,France,2026-06-30,191.0,right,26.811772758384667,17.904073587385017,16.906553056777135,718.8711584472582,Peak,False,True,False,False,False,FRA,UEFA,False,False,False,False,False,True
Axel Disasi,fr FRA,DF,Chelsea,eng Premier League,26.0,1998.0,6,4,364,4.0,1,0,1,1,0,0,1,0,0.3,0.3,0.1,0.4,6,16,2,0.25,0.09,2,1,50.0,0.49,0.25,0.5,1.0,12.3,0,0.14,0.7,0.7,266,293,90.8,4218,1367,0.1,-0.1,2,20,2,0,266,27,10,0,1,0,17,0,0,0,0,0,2,2,0.49,2,0,0,0,0,0,0,0.0,7,4,5,1,1,11,54.5,5,4,1,3,2,9,11,1,323,17,110,175,40,2,323,1,1,100.0,0,0.0,196,953,519,3,0,1,3,242,61,10.6,79.0,2,2,24.0,9,2.17,5,3,2,0.49,-0.07,9.5,6.3,3.2,0.79,0,2,0,0,0,0,0,15,5,2,71.4,DEF,386047.0,exact,386047.0,2025-05-30,22000000.0,386047,1998-03-11,France,2026-06-30,191.0,right,26.811772758384667,17.904073587385017,16.906553056777135,718.8711584472582,Peak,False,True,False,False,False,FRA,UEFA,False,False,False,False,False,True
Berat Djimsiti,al ALB,DF,Atalanta,it Serie A,31.0,1993.0,34,32,2640,29.3,1,2,3,1,0,0,6,0,2.7,2.7,1.3,3.9,32,109,42,0.1,0.13,20,4,20.0,0.68,0.14,0.05,0.25,9.7,0,0.13,-1.7,-1.7,1483,1691,87.7,26133,7354,0.7,0.7,11,84,12,3,1614,75,60,1,6,11,15,0,0,0,0,2,15,30,1.02,23,0,0,7,0,0,7,0.24,53,33,29,23,1,40,72.5,11,34,21,13,40,93,141,2,2023,143,844,961,224,45,2023,4,1,25.0,1,25.0,1097,6008,3235,34,2,10,1,1323,78,77.2,81.0,23,2,27.0,1,1.88,59,31,28,0.95,-0.55,50.4,29.9,20.5,0.7,0,23,21,0,0,1,1,102,90,58,60.8,DEF,165513.0,exact,165513.0,2025-06-17,6000000.0,165513,1993-02-19,Albania,2027-06-30,190.0,right,31.865845311430526,29.894875164257556,15.607270193858982,1015.4320974120188,Declining,False,False,False,False,True,ALB,UEFA,False,False,False,False,False,True
Dodô,br BRA,DF,Fiorentina,it Serie A,25.0,1998.0,34,34,3025,33.6,0,4,4,0,0,0,8,0,1.4,1.4,4.2,5.6,143,128,193,0.12,0.16,25,5,20.0,0.74,0.15,0.0,0.0,17.9,0,0.05,-1.4,-1.4,1341,1728,77.6,24063,7341,4.3,-0.2,36,80,40,22,1456,269,31,2,10,142,237,1,0,1,0,3,45,75,2.17,56,2,4,3,8,2,11,0.32,44,29,25,11,8,49,51.0,24,22,5,17,34,78,58,2,2083,74,579,929,606,66,2083,113,52,46.0,46,40.7,1278,8621,4996,84,34,73,26,1311,89,88.5,89.0,30,0,,0,1.69,54,36,18,0.54,0.31,44.0,40.2,3.8,0.11,0,24,60,2,2,0,0,183,12,16,42.9,DEF,401529.0,exact_birthyear_corrected,401529.0,2025-06-17,24000000.0,401529,1998-11-17,Brazil,2027-06-30,166.0,right,26.12457221081451,29.894875164257556,16.993564429978885,682.4932731980617,Peak,False,False,False,False,True,BRA,CONMEBOL,False,False,False,True,False,False
Danilho Doekhi,nl NED,DF,Union Berlin,de Bundesliga,26.0,1998.0,34,34,3060,34.0,1,1,2,1,0,0,4,0,2.6,2.6,1.4,4.0,13,96,14,0.06,0.12,32,4,12.5,0.94,0.12,0.03,0.25,10.5,0,0.08,-1.6,-1.6,995,1270,78.3,17773,6058,0.9,-0.4,13,81,6,3,1240,25,19,1,1,10,6,0,0,0,0,5,20,32,0.94,21,0,0,8,2,1,4,0.12,37,24,18,16,3,23,56.5,10,35,16,19,44,81,169,1,1654,182,783,739,143,64,1654,5,3,60.0,1,20.0,883,3986,1988,10,0,13,6,1000,90,100.0,90.0,34,0,,0,1.18,36,50,-14,-0.41,,37.0,47.8,-10.7,-0.32,0,36,14,2,0,1,0,97,93,75,55.4,DEF,387047.0,exact,387047.0,2025-06-05,13000000.0,387047,1998-06-30,Netherlands,2026-06-30,190.0,right,26.507871321013006,17.904073587385017,16.380459992348886,702.6672419713838,Peak,True,False,False,False,False,NED,UEFA,False,False,False,False,False,True
Matt Doherty,ie IRL,DF,Wolves,eng Premier League,32.0,1992.0,30,25,2109,23.4,2,1,3,2,0,0,6,0,1.0,1.0,1.5,2.6,29,79,41,0.13,0.11,10,3,30.0,0.43,0.13,0.2,0.67,11.4,0,0.1,1.0,1.0,1078,1302,82.8,20102,6585,1.2,-0.5,12,94,15,1,1177,121,55,2,22,22,66,0,0,0,0,4,14,25,1.07,19,3,1,1,1,0,3,0.13,38,21,25,13,0,25,68.0,8,28,15,13,22,60,102,3,1534,126,614,748,190,26,1534,21,11,52.4,7,33.3,825,3666,2176,20,4,11,5,982,70,61.7,83.0,16,5,9.0,8,1.33,27,38,-11,-0.47,-0.19,27.9,32.8,-5.0,-0.21,0,18,11,2,0,0,1,106,56,21,72.7,DEF,171679.0,exact,171679.0,2025-05-30,2000000.0,171679,1992-01-16,Ireland,2026-06-30,185.0,right,32.96098562628337,17.904073587385017,14.508658238524095,1086.4265734560588,Declining,False,True,False,False,False,IRL,UEFA,False,False,False,False,False,True
Carlos Dominguez,es ESP,DF,Celta Vigo,es La Liga,23.0,2001.0,19,13,1181,13.1,0,0,0,0,0,0,1,0,0.2,0.2,0.1,0.3,15,66,4,0.0,0.02,3,1,33.3,0.23,0.08,0.0,0.0,8.5,0,0.07,-0.2,-0.2,856,967,88.5,15954,5531,0.2,-0.1,2,64,0,0,936,28,26,0,6,0,2,0,0,0,0,3,5,6,0.46,6,0,0,0,0,0,0,0.0,23,11,14,9,0,21,71.4,6,16,11,5,13,36,80,1,1116,109,488,609,25,7,1116,3,2,66.7,1,33.3,683,3304,1981,12,0,5,0,802,62,34.5,82.0,10,6,19.0,18,1.68,22,19,3,0.23,0.27,16.9,15.6,1.3,0.1,0,8,10,0,0,0,1,45,28,15,65.1,DEF,636093.0,exact_accent_stripped,636093.0,2025-06-09,3000000.0,636093,2001-02-11,Spain,2028-06-30,187.0,left,23.887748117727583,41.9185282522996,14.914123179965662,570.6245101359976,Developing,False,False,True,False,False,ESP,UEFA,False,False,False,False,False,True
Patrick Dorgu,dk DEN,DF,Manchester Utd,eng Premier League,19.0,2004.0,12,10,842,9.4,0,0,0,0,0,0,3,1,0.4,0.4,0.7,1.2,41,34,83,0.0,0.12,10,2,20.0,1.07,0.21,0.0,0.0,16.4,0,0.04,-0.4,-0.4,400,494,81.0,5631,1295,1.3,-0.7,12,23,11,2,419,74,8,0,1,39,65,1,0,0,0,1,8,24,2.57,21,0,0,0,2,1,1,0.11,31,24,15,14,2,23,69.6,7,11,0,11,4,35,23,2,602,16,155,206,244,32,602,13,3,23.1,6,46.2,354,1933,1209,17,7,12,10,399,70,24.6,77.0,6,2,34.0,0,0.75,7,11,-4,-0.43,-0.22,12.6,9.9,2.7,0.29,0,17,28,3,0,0,0,37,15,9,62.5,DEF,926952.0,exact,926952.0,2025-05-30,25000000.0,926952,2004-10-26,Denmark,2030-06-30,185.0,left,20.18343600273785,65.90013140604468,17.034386422832473,407.3710888766144,Emerging,False,True,False,False,False,DEN,UEFA,False,False,False,False,False,True
Patrick Dorgu,dk DEN,"DF,FW",Lecce,it Serie A,19.0,2004.0,21,21,1840,20.4,3,1,4,3,0,0,2,1,3.3,3.3,1.5,4.8,68,54,117,0.2,0.23,36,10,27.8,1.76,0.49,0.08,0.3,19.0,0,0.09,-0.3,-0.3,580,748,77.5,9714,2661,1.0,-0.5,19,42,21,8,643,104,13,3,7,40,90,1,0,0,0,1,24,58,2.84,38,2,4,4,9,1,7,0.34,45,27,21,19,5,45,51.1,22,24,6,18,18,63,42,2,1011,56,255,445,332,50,1011,44,13,29.5,25,56.8,557,3684,1871,40,20,37,37,658,88,53.8,88.0,19,0,,1,0.9,15,40,-25,-1.22,-0.88,19.6,33.0,-13.4,-0.66,0,24,55,4,1,0,1,99,31,21,59.6,DEF,926952.0,exact,926952.0,2025-05-30,25000000.0,926952,2004-10-26,Denmark,2030-06-30,185.0,left,20.18343600273785,65.90013140604468,17.034386422832473,407.3710888766144,Emerging,False,False,False,False,True,DEN,UEFA,False,False,False,False,False,True
Alberto Dossena,it ITA,DF,Como,it Serie A,25.0,1998.0,23,20,1825,20.3,0,2,2,0,0,0,1,1,0.8,0.8,0.7,1.5,4,36,1,0.1,0.07,12,3,25.0,0.59,0.15,0.0,0.0,11.3,0,0.07,-0.8,-0.8,894,1020,87.6,16693,5441,0.4,1.3,5,33,1,0,952,65,43,0,3,1,4,0,0,0,0,3,8,11,0.54,9,0,1,1,0,0,2,0.1,33,20,23,8,2,28,57.1,12,22,11,11,22,55,89,1,1220,173,677,517,31,20,1220,6,4,66.7,2,33.3,693,2716,1465,1,0,8,3,776,79,53.4,87.0,14,3,29.0,3,0.91,25,34,-9,-0.44,-0.78,22.7,22.9,-0.2,-0.01,0,22,16,0,0,2,0,68,59,24,71.1,DEF,385394.0,exact,385394.0,2025-06-17,8000000.0,385394,1998-10-13,Italy,2026-06-30,195.0,right,26.220396988364133,17.904073587385017,15.894952224644102,687.5092182274149,Peak,False,False,False,False,True,ITA,UEFA,False,False,False,False,False,True
Guela Doué,ci CIV,DF,Strasbourg,fr Ligue 1,21.0,2002.0,32,30,2717,30.2,1,2,3,1,0,0,7,0,0.8,0.8,0.7,1.5,51,173,54,0.1,0.05,18,6,33.3,0.6,0.2,0.06,0.17,14.4,0,0.05,0.2,0.2,1688,2023,83.4,29943,12563,1.1,1.3,11,153,14,6,1728,293,63,1,3,46,226,0,0,0,0,2,26,44,1.46,31,2,4,4,1,2,5,0.17,65,45,40,15,10,54,68.5,17,38,6,32,34,99,154,1,2421,155,1004,1150,287,31,2421,41,27,65.9,14,34.1,1184,5408,3109,22,4,43,13,1505,85,88.8,89.0,29,2,22.0,0,1.69,49,39,10,0.33,-0.19,39.0,47.7,-8.7,-0.29,0,41,19,0,0,1,0,162,58,37,61.1,DEF,711980.0,exact_accent_stripped,711980.0,2025-06-03,18000000.0,711980,2002-10-17,Cote d'Ivoire,2029-06-30,187.0,right,22.209445585215605,53.90932982917214,16.705882371415992,493.2594732026529,Developing,False,False,False,True,False,CIV,CAF,False,True,False,False,False,False
Ismaël Doukouré,fr FRA,"DF,MF",Strasbourg,fr Ligue 1,21.0,2003.0,31,31,2639,29.3,1,1,2,1,0,0,7,0,0.6,0.6,1.1,1.6,20,116,9,0.07,0.06,3,1,33.3,0.1,0.03,0.33,1.0,13.4,0,0.19,0.4,0.4,1494,1685,88.7,25372,7657,0.5,-0.1,11,101,1,0,1561,117,46,2,2,1,15,0,0,0,0,7,13,22,0.75,19,0,0,0,1,2,4,0.14,40,22,19,18,3,25,68.0,8,31,14,17,25,65,102,3,1944,202,847,1022,84,7,1944,17,13,76.5,4,23.5,1149,4814,2653,5,0,21,18,1385,85,86.2,85.0,23,0,,0,1.74,49,34,15,0.51,1.15,43.1,46.5,-3.4,-0.12,0,30,17,0,0,0,1,103,26,16,61.9,DEF,786436.0,exact,786436.0,2025-06-03,18000000.0,786436,2003-07-24,France,2028-06-30,183.0,right,21.44284736481862,41.9185282522996,16.705882371415992,459.7957031109088,Emerging,False,False,False,True,False,FRA,UEFA,False,False,False,False,False,True
Radu Drăgușin,ro ROU,DF,Tottenham,eng Premier League,22.0,2002.0,16,14,1252,13.9,0,0,0,0,0,0,1,0,0.1,0.1,0.4,0.5,7,37,2,0.0,0.04,5,1,20.0,0.36,0.07,0.0,0.0,12.7,0,0.02,-0.1,-0.1,716,840,85.2,13638,5250,0.2,-0.4,4,52,2,1,793,47,40,1,3,1,3,0,0,0,0,0,5,8,0.58,8,0,0,0,0,0,1,0.07,10,6,8,2,0,12,50.0,6,22,16,6,15,25,49,4,961,148,510,430,30,12,961,2,0,0.0,0,0.0,623,3349,1666,3,0,8,2,669,78,36.6,83.0,11,2,43.0,7,0.88,25,29,-4,-0.29,-0.41,21.8,29.7,-7.9,-0.57,0,6,10,0,0,0,0,48,33,22,60.0,DEF,568559.0,exact,568559.0,2025-05-30,25000000.0,568559,2002-02-03,Romania,2030-06-30,191.0,right,22.910335386721425,65.90013140604468,17.034386422832473,524.88346753206,Developing,False,True,False,False,False,ROU,UEFA,False,False,False,False,False,True
Tim Drexler,de GER,DF,Hoffenheim,de Bundesliga,19.0,2005.0,8,5,357,4.0,0,0,0,0,0,0,2,0,0.1,0.1,0.0,0.1,2,16,2,0.0,0.02,2,2,100.0,0.5,0.5,0.0,0.0,27.5,0,0.03,-0.1,-0.1,153,180,85.0,2669,1021,0.2,0.0,1,13,2,0,173,7,4,1,2,1,3,0,0,0,0,0,3,6,1.51,6,0,0,0,0,0,1,0.25,17,7,11,6,0,12,75.0,3,6,4,2,1,18,9,1,223,18,91,125,11,0,223,0,0,,0,,128,483,208,2,0,3,5,143,45,11.7,54.0,1,3,29.0,3,1.0,5,12,-7,-1.76,-1.27,4.9,11.3,-6.4,-1.61,0,8,2,0,0,0,0,10,2,12,14.3,DEF,822958.0,exact,822958.0,2025-06-19,3000000.0,822958,2005-03-06,Germany,2028-06-30,186.0,right,19.824777549623544,41.9185282522996,14.914123179965662,393.0218048920577,Emerging,True,False,False,False,False,GER,UEFA,False,False,False,False,False,True
Domingos Duarte,pt POR,DF,Getafe,es La Liga,29.0,1995.0,22,21,1859,20.7,1,0,1,1,0,0,4,2,0.2,0.2,0.1,0.3,3,47,3,0.05,0.01,3,1,33.3,0.15,0.05,0.33,1.0,13.0,0,0.07,0.8,0.8,497,633,78.5,11101,3730,0.1,-0.1,2,42,0,0,602,29,27,1,6,0,2,0,0,0,0,2,1,9,0.44,9,0,0,0,0,0,0,0.0,28,15,22,4,2,21,81.0,4,28,16,12,18,46,152,1,878,110,454,412,22,9,878,0,0,,0,,373,1673,626,2,0,2,2,394,85,54.4,88.0,18,1,2.0,15,1.32,22,25,-3,-0.15,-0.03,20.4,28.2,-7.8,-0.38,1,24,13,0,0,2,0,63,28,18,60.9,DEF,257376.0,exact,257376.0,2025-06-09,800000.0,257376,1995-03-10,Portugal,2026-06-30,192.0,right,29.815195071868583,17.904073587385017,13.592368256649284,888.9458571735767,Peak,False,False,True,False,False,POR,UEFA,False,False,False,False,False,True
Denzel Dumfries,nl NED,"DF,FW",Inter,it Serie A,28.0,1996.0,28,19,1865,20.7,7,2,9,7,0,0,4,0,5.4,5.4,3.2,8.6,55,51,173,0.43,0.4,36,19,52.8,1.74,0.92,0.19,0.37,10.5,0,0.15,1.6,1.6,603,831,72.6,9776,2992,2.8,-1.2,21,22,21,9,678,150,5,2,3,54,145,0,0,0,0,3,27,55,2.53,38,6,3,3,4,1,4,0.18,25,15,12,9,4,27,51.9,13,31,8,23,6,31,26,1,1047,35,182,423,457,95,1047,45,13,28.9,28,62.2,534,2737,1311,27,15,27,14,665,67,54.5,85.0,15,9,28.0,4,2.03,45,20,25,1.21,0.11,41.0,21.2,19.8,0.91,0,53,18,6,2,0,0,65,57,18,76.0,DEF,321528.0,exact,321528.0,2025-06-17,35000000.0,321528,1996-04-18,Netherlands,2028-06-30,188.0,right,28.706365503080082,41.9185282522996,17.370858648025116,824.0554203964261,Peak,False,False,False,False,True,NED,UEFA,False,False,False,False,False,True
Lewis Dunk,eng ENG,DF,Brighton,eng Premier League,32.0,1991.0,25,23,2083,23.1,0,0,0,0,0,0,5,0,0.8,0.8,0.5,1.3,20,142,3,0.0,0.06,12,3,25.0,0.52,0.13,0.0,0.0,12.1,1,0.07,-0.8,-0.8,1778,1953,91.0,32940,10612,1.0,-0.5,6,157,6,0,1818,131,67,2,10,5,10,0,0,0,0,4,7,19,0.82,17,0,0,2,0,0,3,0.13,17,10,8,7,2,19,57.9,8,28,18,10,13,30,79,2,2127,258,993,1031,113,21,2127,1,0,0.0,1,100.0,1341,6155,3345,19,0,9,3,1556,83,60.9,89.0,21,2,24.0,2,1.24,33,42,-9,-0.39,-1.47,32.1,35.4,-3.3,-0.14,0,7,11,2,0,0,1,104,51,31,62.2,DEF,148153.0,exact,148153.0,2025-05-30,6000000.0,148153,1991-11-21,England,2027-06-30,192.0,right,33.11430527036276,29.894875164257556,15.607270193858982,1096.5572135387752,Declining,False,True,False,False,False,ENG,UEFA,False,False,False,False,False,True
Jean-Kevin Duverne,ht HAI,DF,Nantes,fr Ligue 1,27.0,1997.0,9,7,537,6.0,0,0,0,0,0,0,2,0,0.3,0.3,0.1,0.4,6,22,8,0.0,0.06,4,0,0.0,0.67,0.0,0.0,,17.0,0,0.07,-0.3,-0.3,238,304,78.3,3826,1571,0.1,-0.1,1,22,2,2,250,53,6,0,0,9,47,0,0,0,0,1,5,5,0.84,3,0,1,0,1,0,0,0.0,21,12,13,4,4,27,55.6,12,10,3,7,8,29,23,0,378,28,132,185,61,3,378,5,2,40.0,1,20.0,161,670,327,8,1,6,3,198,60,17.5,72.0,3,2,17.0,6,1.0,9,9,0,0.0,0.46,7.0,8.1,-1.1,-0.19,0,14,6,0,0,0,0,20,9,3,75.0,DEF,344864.0,exact_accent_stripped,344864.0,2025-06-12,2500000.0,344864,1997-07-12,Haiti,2026-06-30,184.0,right,27.474332648870636,17.904073587385017,14.731801689838349,754.838954500799,Peak,False,False,False,True,False,HAI,CONCACAF,False,False,True,False,False,False
Adam Dźwigała,pl POL,"DF,MF",St. Pauli,de Bundesliga,28.0,1995.0,16,2,373,4.1,0,0,0,0,0,0,2,1,0.4,0.4,0.0,0.4,1,14,4,0.0,0.09,6,0,0.0,1.45,0.0,0.0,,14.6,0,0.07,-0.4,-0.4,173,212,81.6,2935,1208,0.1,0.0,0,11,1,0,185,26,8,1,0,3,16,0,0,0,0,1,5,5,1.21,5,0,0,0,0,0,0,0.0,20,10,13,6,1,16,68.8,5,6,1,5,4,24,28,0,280,30,106,138,36,6,280,2,1,50.0,1,50.0,110,363,164,0,0,2,2,152,23,12.2,61.0,0,14,18.0,15,0.88,3,9,-6,-1.45,-1.21,4.7,9.0,-4.3,-1.04,0,5,3,0,0,0,0,13,13,4,76.5,DEF,236966.0,fuzzy_verified,236966.0,2025-06-05,600000.0,236966,1995-09-25,Poland,2027-06-30,185.0,right,29.270362765229294,29.894875164257556,13.304686600863562,856.7541364081214,Peak,True,False,False,False,False,POL,UEFA,False,False,False,False,False,True
Aron Dønnum,no NOR,"DF,MF",Toulouse,fr Ligue 1,26.0,1998.0,32,31,2689,29.9,2,2,4,2,0,0,6,0,2.1,2.1,4.6,6.7,94,126,142,0.13,0.22,31,5,16.1,1.04,0.17,0.06,0.4,19.7,0,0.07,-0.1,-0.1,880,1213,72.5,16244,5509,5.6,-2.6,45,73,50,14,1013,190,31,7,26,117,127,32,23,5,0,10,42,92,3.08,60,19,3,6,3,1,11,0.37,56,35,25,24,7,55,56.4,24,29,4,25,28,84,37,1,1542,58,318,693,560,72,1542,104,47,45.2,48,46.2,862,5805,3249,52,26,44,38,913,84,87.9,86.0,20,1,27.0,0,1.19,37,38,-1,-0.03,-0.52,37.4,32.8,4.6,0.15,0,38,55,0,0,0,0,171,12,17,41.4,DEF,476836.0,exact,476836.0,2025-06-03,4000000.0,476836,1998-04-20,Norway,2027-06-30,178.0,left,26.702258726899384,29.894875164257556,15.201805169084134,713.0106211182743,Peak,False,False,False,True,False,NOR,UEFA,False,False,False,False,False,True
Kingsley Ehizibue,nl NED,DF,Udinese,it Serie A,29.0,1995.0,33,30,2498,27.8,0,1,1,0,0,0,5,0,1.2,1.2,2.2,3.5,54,55,116,0.04,0.12,14,4,28.6,0.5,0.14,0.0,0.0,15.9,0,0.09,-1.2,-1.2,753,982,76.7,12800,4096,1.8,-1.2,22,29,21,16,751,229,7,1,1,61,222,0,0,0,0,2,22,51,1.84,39,4,1,3,3,1,2,0.07,55,35,31,18,6,41,61.0,16,41,14,27,23,78,70,5,1272,81,381,520,386,35,1272,30,12,40.0,15,50.0,576,2970,1506,36,9,29,21,629,76,73.0,81.0,15,3,23.0,1,1.15,28,40,-12,-0.43,-0.14,28.2,39.5,-11.3,-0.41,0,33,33,5,0,0,0,110,29,33,46.8,DEF,272812.0,exact,272812.0,2025-06-17,2400000.0,272812,1995-05-25,Netherlands,2026-06-30,189.0,right,29.607118412046542,17.904073587385017,14.690979711984754,876.5814606649453,Peak,False,False,False,False,True,NED,UEFA,False,False,False,False,False,True
Jacques Ekomie,ga GAB,"DF,FW",Angers,fr Ligue 1,20.0,2003.0,18,7,697,7.7,0,0,0,0,0,0,1,0,0.0,0.0,0.0,0.0,13,20,24,0.0,0.0,1,0,0.0,0.13,0.0,0.0,,15.3,0,0.02,0.0,0.0,183,260,70.4,2542,1089,0.1,0.0,0,10,3,0,192,66,1,0,1,23,65,0,0,0,0,2,14,4,0.52,3,0,0,0,0,1,1,0.13,22,14,9,10,3,12,66.7,4,16,5,11,4,26,14,0,358,18,99,128,134,7,358,21,4,19.0,13,61.9,135,751,375,14,0,9,12,161,39,22.8,74.0,1,11,16.0,10,0.72,5,10,-5,-0.65,-0.04,4.2,12.5,-8.2,-1.07,0,11,21,1,0,0,0,33,11,13,45.8,DEF,970279.0,exact_accent_stripped,970279.0,2025-06-03,800000.0,970279,2003-08-19,Gabon,2027-06-30,179.0,left,21.371663244353183,29.894875164257556,13.592368256649284,456.74798983003683,Emerging,False,False,False,True,False,GAB,CAF,False,True,False,False,False,False
Mikael Ellertsson,is ISL,"DF,MF",Venezia,it Serie A,22.0,2002.0,36,29,2470,27.4,2,2,4,2,0,0,2,0,1.1,1.1,1.6,2.7,33,36,92,0.15,0.1,21,4,19.0,0.77,0.15,0.1,0.5,18.1,0,0.05,0.9,0.9,431,607,71.0,6351,2076,1.8,0.4,20,23,8,1,552,54,1,2,2,28,52,0,0,0,0,1,20,46,1.68,32,1,4,3,5,1,5,0.18,58,26,37,14,7,61,54.1,28,42,5,37,17,75,79,0,938,59,263,365,323,51,938,42,16,38.1,21,50.0,460,2324,1153,21,10,48,19,518,69,72.2,79.0,11,7,25.0,1,0.81,25,31,-6,-0.22,1.49,27.4,37.6,-10.2,-0.37,0,22,44,2,0,0,0,74,16,16,50.0,DEF,566615.0,fuzzy_verified,566615.0,2025-06-17,3400000.0,566615,2002-03-11,Iceland,2029-06-30,182.0,left,22.811772758384667,53.90932982917214,15.039286283703994,520.3769763801807,Developing,False,False,False,False,True,ISL,UEFA,False,False,False,False,False,True
Aritz Elustondo,es ESP,DF,Real Sociedad,es La Liga,30.0,1994.0,22,16,1457,16.2,0,0,0,0,0,0,2,1,0.4,0.4,0.2,0.6,17,51,4,0.0,0.04,4,0,0.0,0.25,0.0,0.0,,8.2,0,0.11,-0.4,-0.4,775,907,85.4,14645,4879,0.4,-0.2,4,58,2,0,844,59,29,3,5,4,28,0,0,0,0,4,9,11,0.68,11,0,0,0,0,0,1,0.06,20,11,15,3,2,19,57.9,8,17,12,5,11,31,96,0,1092,100,462,581,53,12,1092,8,3,37.5,4,50.0,624,3425,1854,6,1,14,6,709,66,42.6,82.0,12,6,25.0,8,1.32,22,23,-1,-0.06,0.4,18.6,20.0,-1.4,-0.09,0,25,18,1,0,0,0,53,29,25,53.7,DEF,229804.0,exact,229804.0,2025-06-09,3000000.0,229804,1994-03-28,Spain,2026-06-30,180.0,right,30.765229295003422,17.904073587385017,14.914123179965662,946.4993335741368,Declining,False,False,True,False,False,ESP,UEFA,False,False,False,False,False,True
Nico Elvedi,ch SUI,DF,Gladbach,de Bundesliga,27.0,1996.0,25,25,2135,23.7,1,1,2,1,0,0,1,0,2.0,2.0,0.4,2.5,20,55,5,0.08,0.1,12,3,25.0,0.51,0.13,0.08,0.33,8.3,0,0.18,-1.0,-1.0,1400,1522,92.0,22765,6356,0.3,0.6,5,52,2,0,1399,120,27,3,1,1,1,0,0,0,0,3,9,16,0.67,15,0,0,1,0,0,4,0.17,38,23,28,6,4,23,73.9,6,35,27,8,30,68,163,0,1827,352,1052,730,48,17,1827,0,0,,0,,953,4744,2540,12,0,6,1,1152,85,69.8,85.0,22,0,,2,1.28,35,38,-3,-0.13,-0.22,33.5,44.0,-10.6,-0.45,0,9,14,1,0,0,1,89,46,44,51.1,DEF,192635.0,exact,192635.0,2025-06-05,8000000.0,192635,1996-09-30,Switzerland,2027-06-30,189.0,right,28.254620123203285,29.894875164257556,15.894952224644102,798.323558306524,Peak,True,False,False,False,False,SUI,UEFA,False,False,False,False,False,True
Emerson,br BRA,DF,Milan,it Serie A,25.0,1999.0,17,16,1377,15.3,0,0,0,0,0,0,5,0,0.4,0.4,0.7,1.1,23,68,71,0.0,0.07,10,2,20.0,0.65,0.13,0.0,0.0,20.3,0,0.04,-0.4,-0.4,784,909,86.2,12560,3198,1.1,-0.7,15,44,14,5,796,110,26,0,3,45,84,0,0,0,0,3,23,33,2.16,29,0,0,2,2,0,1,0.07,45,28,24,16,5,34,47.1,18,13,2,11,14,59,56,0,1102,56,312,526,271,22,1102,18,7,38.9,9,50.0,584,2423,1228,19,3,18,10,710,81,40.3,85.0,10,1,24.0,3,1.53,23,16,7,0.46,-0.03,22.6,16.0,6.7,0.44,0,34,32,0,0,0,0,59,24,14,63.2,DEF,687347.0,exact_birthyear_corrected,687347.0,2025-06-26,800000.0,687347,1999-07-27,Brazil,2026-12-31,174.0,right,25.43463381245722,23.94875164257556,13.592368256649284,646.9205971737922,Developing,False,False,False,False,True,BRA,CONMEBOL,False,False,False,True,False,False
Martin Erlic,hr CRO,DF,Bologna,it Serie A,26.0,1998.0,8,5,334,3.7,0,0,0,0,0,0,0,0,0.2,0.2,0.0,0.2,4,11,1,0.0,0.06,6,0,0.0,1.62,0.0,0.0,,14.6,0,0.04,-0.2,-0.2,220,240,91.7,4604,1389,0.0,0.0,0,12,0,0,232,8,6,0,1,0,0,0,0,0,0,0,0,4,1.08,2,0,0,1,1,0,1,0.27,2,0,0,2,0,2,50.0,1,5,4,1,2,4,9,0,268,22,102,153,13,7,268,1,0,0.0,0,0.0,179,832,465,1,0,2,0,201,42,9.8,59.0,2,3,13.0,22,0.88,3,3,0,0.0,-0.29,6.2,3.5,2.7,0.73,0,7,7,0,1,0,0,11,10,9,52.6,DEF,357003.0,exact_accent_stripped,357003.0,2025-06-17,4000000.0,357003,1998-01-24,Croatia,2030-06-30,192.0,right,26.937713894592743,65.90013140604468,15.201805169084134,725.6404298669349,Peak,False,False,False,False,True,CRO,UEFA,False,False,False,False,False,True
Patrick Erras,de GER,DF,Holstein Kiel,de Bundesliga,29.0,1995.0,10,10,832,9.2,1,0,1,1,0,0,2,0,0.9,0.9,0.1,1.0,3,25,1,0.11,0.11,8,1,12.5,0.87,0.11,0.13,1.0,10.0,0,0.11,0.1,0.1,469,510,92.0,8210,3076,0.2,-0.1,3,10,0,0,490,20,12,0,0,0,0,0,0,0,0,0,3,8,0.87,8,0,0,0,0,0,0,0.0,8,5,6,2,0,9,22.2,7,13,11,2,9,17,64,0,622,124,357,242,23,14,622,0,0,,0,,282,1063,596,1,0,3,0,413,83,27.2,83.0,8,0,,0,0.4,8,22,-14,-1.51,-0.83,8.9,17.4,-8.5,-0.92,0,11,0,0,0,0,0,24,27,16,62.8,DEF,193859.0,exact,193859.0,2025-06-05,800000.0,193859,1995-01-21,Germany,2026-06-30,196.0,right,29.946611909650922,17.904073587385017,13.592368256649284,896.7995648672464,Peak,True,False,False,False,False,GER,UEFA,False,False,False,False,False,True
Alfonso Espino,uy URU,DF,Rayo Vallecano,es La Liga,32.0,1992.0,16,9,833,9.3,0,1,1,0,0,0,4,0,0.4,0.4,0.6,1.1,10,39,29,0.11,0.12,10,2,20.0,1.08,0.22,0.0,0.0,25.1,0,0.04,-0.4,-0.4,365,491,74.3,5664,2497,0.6,0.4,5,35,6,5,403,84,9,0,0,24,75,0,0,0,0,4,12,13,1.4,8,4,1,0,0,0,1,0.11,41,24,31,8,2,47,55.3,21,19,6,13,12,53,32,1,637,39,217,288,139,10,637,14,5,35.7,7,50.0,307,1262,675,13,4,10,9,333,52,24.4,76.0,3,7,22.0,13,1.25,10,15,-5,-0.54,-0.58,9.8,14.1,-4.3,-0.47,0,18,15,0,0,1,0,55,14,11,56.0,DEF,311044.0,exact,311044.0,2025-06-09,1200000.0,311044,1992-01-05,Uruguay,2026-06-30,172.0,left,32.99110198494182,17.904073587385017,13.997832948091215,1088.4128101808321,Declining,False,False,True,False,False,URU,CONMEBOL,False,False,False,True,False,False
Pervis Estupiñán,ec ECU,DF,Brighton,eng Premier League,26.0,1998.0,30,26,2402,26.7,1,1,2,1,0,0,5,0,1.2,1.2,2.1,3.3,59,132,112,0.07,0.12,28,9,32.1,1.05,0.34,0.04,0.11,24.5,3,0.04,-0.2,-0.2,1338,1610,83.1,20347,6261,2.5,-1.1,26,105,34,18,1370,237,20,0,5,119,180,37,23,9,3,3,28,58,2.17,39,13,0,2,4,0,4,0.15,65,43,33,25,7,51,66.7,17,20,5,15,37,102,65,2,1915,89,493,936,506,35,1915,34,19,55.9,13,38.2,1023,5007,2689,61,9,34,27,1144,80,70.2,88.0,22,4,27.0,1,1.57,47,44,3,0.11,-0.24,42.6,39.6,3.0,0.11,0,36,20,3,0,0,0,147,46,26,63.9,DEF,349599.0,exact,349599.0,2025-05-30,30000000.0,349599,1998-01-21,Ecuador,2030-06-30,175.0,left,26.94592744695414,65.90013140604468,17.216707972959764,726.0830059765165,Peak,False,True,False,False,False,ECU,CONMEBOL,False,False,False,True,False,False
Jonny Evans,nir NIR,DF,Manchester Utd,eng Premier League,36.0,1988.0,7,3,315,3.5,0,0,0,0,0,0,1,0,0.1,0.1,0.0,0.1,3,10,3,0.0,0.04,2,1,50.0,0.57,0.29,0.0,0.0,11.4,0,0.06,-0.1,-0.1,192,217,88.5,3090,906,0.0,0.0,0,10,1,0,197,20,5,0,0,0,3,0,0,0,0,0,1,2,0.57,2,0,0,0,0,0,0,0.0,8,6,4,4,0,6,50.0,3,3,2,1,5,13,15,0,250,36,139,100,15,3,250,1,1,100.0,0,0.0,143,574,242,2,0,1,0,151,45,9.2,77.0,1,4,21.0,10,2.43,8,2,6,1.71,2.18,5.6,3.0,2.6,0.75,0,5,6,0,0,0,0,16,9,3,75.0,DEF,42412.0,exact,42412.0,2024-05-27,2000000.0,42412,1988-01-03,Northern Ireland,,188.0,both,36.99657768651608,,14.508658238524095,1368.7467605144197,Declining,False,True,False,False,False,NIR,UEFA,False,False,False,False,False,True
Wout Faes,be BEL,DF,Leicester City,eng Premier League,26.0,1998.0,34,30,2815,31.3,1,0,1,1,0,0,4,0,1.5,1.5,0.1,1.6,12,86,1,0.03,0.05,12,1,8.3,0.38,0.03,0.08,1.0,9.7,0,0.13,-0.5,-0.5,1376,1564,88.0,25369,9014,0.4,-0.1,4,83,6,0,1507,54,27,2,7,5,6,0,0,0,0,3,7,17,0.54,15,0,0,1,0,1,0,0.0,42,26,26,14,2,48,52.1,23,48,35,13,26,68,185,4,1906,318,962,885,68,27,1906,6,5,83.3,1,16.7,1107,5050,2928,13,2,17,6,1268,83,82.3,90.0,30,4,29.0,1,0.71,29,63,-34,-1.09,0.85,27.7,57.3,-29.6,-0.94,0,23,11,1,0,0,0,90,45,36,55.6,DEF,292808.0,exact,292808.0,2025-05-30,15000000.0,292808,1998-04-03,Belgium,2026-06-30,187.0,right,26.748802190280628,17.904073587385017,16.52356082573315,715.4984186147617,Peak,False,True,False,False,False,BEL,UEFA,False,False,False,False,False,True
Kiko Femenía,es ESP,DF,Villarreal,es La Liga,33.0,1991.0,28,27,2227,24.7,0,1,1,0,0,0,7,0,0.4,0.4,1.3,1.7,52,112,44,0.04,0.07,3,0,0.0,0.12,0.0,0.0,,24.9,0,0.12,-0.4,-0.4,1339,1506,88.9,22076,7230,2.1,-0.3,16,108,24,14,1250,254,50,1,8,47,203,0,0,0,0,2,14,43,1.74,35,3,2,0,0,3,5,0.2,50,34,34,14,2,57,57.9,24,21,10,11,40,90,62,3,1710,95,630,812,280,9,1710,24,17,70.8,6,25.0,902,4937,2602,30,0,22,10,1036,80,65.1,82.0,21,1,24.0,2,1.86,40,34,6,0.24,-0.81,40.4,29.2,11.2,0.45,0,21,13,1,0,0,0,102,5,12,29.4,DEF,76467.0,exact,76467.0,2025-06-09,900000.0,76467,1991-02-02,Spain,2027-06-30,174.0,right,33.91375770020534,29.894875164257556,13.710151153416941,1150.142961348237,Declining,False,False,True,False,False,ESP,UEFA,False,False,False,False,False,True
Kilian Fischer,de GER,DF,Wolfsburg,de Bundesliga,23.0,2000.0,32,29,2297,25.5,1,0,1,1,0,0,7,0,0.3,0.3,0.5,0.8,51,110,89,0.04,0.03,6,1,16.7,0.24,0.04,0.17,1.0,20.5,0,0.05,0.7,0.7,976,1241,78.6,17089,5575,1.0,-0.5,12,73,20,3,985,254,17,0,4,39,237,0,0,0,0,2,27,39,1.53,33,4,0,1,0,1,2,0.08,64,44,48,12,4,89,52.8,42,41,8,33,19,83,98,2,1529,87,527,666,348,20,1529,23,10,43.5,13,56.5,704,4025,2047,31,5,31,9,794,72,75.1,78.0,12,3,15.0,0,1.22,36,46,-10,-0.39,-1.81,29.5,41.4,-11.9,-0.47,0,34,7,0,0,0,0,84,21,36,36.8,DEF,435796.0,exact,435796.0,2025-06-05,6000000.0,435796,2000-10-12,Germany,2027-06-30,182.0,both,24.2217659137577,29.894875164257556,15.607270193858982,586.6939439808745,Developing,True,False,False,False,False,GER,UEFA,False,False,False,False,False,True
Wesley Fofana,fr FRA,DF,Chelsea,eng Premier League,23.0,2000.0,14,14,1172,13.0,0,0,0,0,0,0,7,0,0.4,0.4,0.4,0.8,19,32,4,0.0,0.07,3,0,0.0,0.23,0.0,0.0,,10.6,0,0.13,-0.4,-0.4,724,803,90.2,12262,3415,0.2,-0.4,6,54,1,0,758,44,23,0,0,1,20,0,0,0,0,1,4,15,1.15,12,1,1,1,0,0,0,0.0,13,12,6,7,0,14,42.9,8,14,9,5,14,27,55,2,933,81,370,523,55,10,933,15,8,53.3,3,20.0,557,3149,1614,12,1,16,5,665,84,34.3,84.0,10,0,,1,2.0,25,13,12,0.92,0.56,23.2,15.6,7.7,0.59,0,24,16,0,0,0,0,54,27,12,69.2,DEF,475411.0,exact,475411.0,2025-05-30,25000000.0,475411,2000-12-17,France,2029-06-30,188.0,right,24.041067761806982,53.90932982917214,17.034386422832473,577.9729391277949,Developing,False,True,False,False,False,FRA,UEFA,False,False,False,False,False,True
Jonas Föhrenbach,de GER,DF,Heidenheim,de Bundesliga,28.0,1996.0,27,22,1832,20.4,0,1,1,0,0,0,3,0,0.3,0.3,1.3,1.6,36,59,50,0.05,0.08,8,1,12.5,0.39,0.05,0.0,0.0,21.8,0,0.03,-0.3,-0.3,659,909,72.5,12027,5263,2.1,-0.3,14,62,15,11,741,167,8,0,2,59,159,0,0,0,0,1,37,34,1.67,30,1,1,1,1,0,4,0.2,45,24,25,15,5,35,62.9,13,29,3,26,16,61,57,0,1112,72,416,483,221,17,1112,17,7,41.2,9,52.9,521,2715,1474,11,4,16,3,584,68,59.9,80.0,17,5,13.0,6,0.74,24,45,-21,-1.03,-0.59,25.0,37.1,-12.1,-0.59,0,14,4,1,0,0,0,67,14,17,45.2,DEF,192169.0,exact,192169.0,2025-06-05,1500000.0,192169,1996-01-26,Germany,2027-06-30,184.0,left,28.933607118412045,29.894875164257556,14.220976332738882,837.1536208826242,Peak,True,False,False,False,False,GER,UEFA,False,False,False,False,False,True
Héctor Fort,es ESP,DF,Barcelona,es La Liga,17.0,2006.0,17,5,585,6.5,0,0,0,0,0,0,2,0,0.2,0.2,0.9,1.1,14,26,33,0.0,0.17,6,0,0.0,0.92,0.0,0.0,,19.8,0,0.04,-0.2,-0.2,448,497,90.1,6222,1464,1.3,-0.9,10,27,3,0,440,56,4,0,2,12,52,0,0,0,0,1,12,16,2.46,15,1,0,0,0,0,1,0.15,13,8,6,4,3,16,62.5,6,12,0,12,6,19,16,0,573,18,111,300,166,17,573,9,2,22.2,7,77.8,308,1255,679,15,2,4,4,397,34,17.1,75.0,1,12,18.0,19,2.24,17,9,8,1.23,-0.52,16.6,8.1,8.5,1.31,0,8,1,0,0,0,0,32,3,7,30.0,DEF,937955.0,exact,937955.0,2025-06-09,10000000.0,937955,2006-08-02,Spain,2026-06-30,185.0,right,18.417522245037645,17.904073587385017,16.118095750958314,339.2051256464565,Emerging,False,False,True,False,False,ESP,UEFA,False,False,False,False,False,True
Dimitri Foulquier,fr FRA,DF,Valencia,es La Liga,31.0,1993.0,32,25,2299,25.5,0,1,1,0,0,0,6,0,0.4,0.4,1.4,1.8,48,97,66,0.04,0.07,13,2,15.4,0.51,0.08,0.0,0.0,21.4,0,0.03,-0.4,-0.4,1007,1276,78.9,15790,5913,2.0,-0.4,10,77,15,6,1000,270,44,2,4,57,226,0,0,0,0,6,43,36,1.41,26,4,1,3,0,2,4,0.16,48,31,29,13,6,36,66.7,12,21,5,16,16,64,86,1,1530,64,451,770,319,26,1530,33,8,24.2,16,48.5,749,4153,2372,33,7,30,16,882,72,67.2,86.0,20,7,21.0,1,1.22,32,40,-8,-0.31,-0.15,31.2,36.0,-4.8,-0.19,0,24,31,1,0,0,0,97,13,20,39.4,DEF,170472.0,exact,170472.0,2025-06-09,1500000.0,170472,1993-03-23,Guadeloupe,2027-06-30,183.0,right,31.7782340862423,29.894875164257556,14.220976332738882,1009.856161640012,Declining,False,False,True,False,False,FRA,UEFA,False,False,False,False,False,True
Juan Foyth,ar ARG,DF,Villarreal,es La Liga,26.0,1998.0,19,17,1517,16.9,1,0,1,1,0,0,4,0,2.4,2.4,0.3,2.8,13,65,11,0.06,0.16,17,5,29.4,1.01,0.3,0.06,0.2,11.8,0,0.14,-1.4,-1.4,838,963,87.0,15860,6523,0.9,-0.3,7,53,8,2,864,98,46,3,6,4,35,0,0,0,0,1,8,20,1.19,19,0,0,1,0,0,1,0.06,25,15,15,6,4,16,68.8,5,26,17,9,19,44,119,3,1190,199,631,460,111,21,1190,9,4,44.4,4,44.4,607,3416,2328,14,0,11,2,727,80,44.4,88.0,15,2,13.0,2,2.11,34,14,20,1.19,1.19,31.0,16.4,14.6,0.87,0,16,5,0,0,0,0,61,41,28,59.4,DEF,480763.0,exact,480763.0,2025-06-09,15000000.0,480763,1998-01-12,Argentina,2029-06-30,187.0,right,26.97056810403833,53.90932982917214,16.52356082573315,727.4115438545696,Peak,False,False,True,False,False,ARG,CONMEBOL,False,False,False,True,False,False
Alejandro Francés,es ESP,DF,Girona,es La Liga,21.0,2002.0,18,13,1173,13.0,0,0,0,0,0,0,2,0,0.2,0.2,0.3,0.6,18,63,21,0.0,0.04,6,0,0.0,0.46,0.0,0.0,,20.7,0,0.03,-0.2,-0.2,685,813,84.3,12756,3792,0.5,-0.3,4,69,6,3,695,116,20,1,10,25,96,0,0,0,0,2,21,16,1.23,15,0,0,1,0,0,1,0.08,36,24,22,13,1,40,70.0,12,17,8,9,17,53,52,0,969,66,343,503,130,7,969,14,7,50.0,6,42.9,496,2628,1469,9,1,8,1,632,65,34.3,80.0,7,5,26.0,18,0.89,13,26,-13,-1.0,-0.88,14.0,19.3,-5.4,-0.41,0,20,14,1,0,0,0,37,6,13,31.6,DEF,632896.0,exact,632896.0,2025-06-09,2000000.0,632896,2002-08-01,Spain,2029-06-30,182.0,right,22.420260095824776,53.90932982917214,14.508658238524095,502.6680627644328,Developing,False,False,True,False,False,ESP,UEFA,False,False,False,False,False,True
Przemysław Frankowski,pl POL,DF,Lens,fr Ligue 1,29.0,1995.0,18,16,1387,15.4,4,2,6,2,2,2,3,0,2.3,0.7,2.5,3.2,33,117,95,0.26,0.31,14,5,35.7,0.91,0.32,0.14,0.4,21.9,1,0.05,1.7,1.3,875,1092,80.1,13489,5466,2.9,-0.5,20,90,36,10,930,156,11,4,2,78,132,13,4,9,0,6,31,46,2.99,38,6,0,1,1,0,5,0.32,32,21,17,10,5,30,63.3,11,10,2,8,19,51,28,0,1230,42,240,546,454,38,1228,16,6,37.5,9,56.3,637,3033,1514,35,2,16,8,800,77,45.3,85.0,12,2,14.0,2,1.67,22,15,7,0.45,0.67,26.3,16.2,10.1,0.66,0,18,7,1,0,0,0,61,8,6,57.1,DEF,239743.0,fuzzy_verified,239743.0,2025-06-18,7000000.0,239743,1995-04-12,Poland,2026-06-30,175.0,right,29.724845995893222,17.904073587385017,15.76142084987672,883.5664694795694,Peak,False,False,False,True,False,POL,UEFA,False,False,False,False,False,True
Martin Frese,dk DEN,DF,Hellas Verona,it Serie A,26.0,1998.0,11,5,549,6.1,0,0,0,0,0,0,0,0,0.1,0.1,0.2,0.2,7,19,12,0.0,0.04,2,0,0.0,0.33,0.0,0.0,,23.0,0,0.03,-0.1,-0.1,182,256,71.1,3018,1155,0.2,-0.2,5,14,4,0,220,35,3,0,0,10,32,0,0,0,0,1,3,10,1.64,5,3,0,1,1,0,1,0.16,18,11,7,10,1,13,53.8,6,5,1,4,8,26,16,1,320,19,104,158,59,4,320,2,0,0.0,0,0.0,153,674,390,6,0,4,0,174,50,16.1,83.0,4,6,22.0,3,1.09,7,7,0,0.0,1.0,5.0,7.7,-2.7,-0.45,0,9,9,0,0,0,0,14,10,10,50.0,DEF,488785.0,exact,488785.0,2025-06-17,2000000.0,488785,1998-01-04,Denmark,2027-06-30,179.0,left,26.99247091033539,29.894875164257556,14.508658238524095,728.5934858453021,Peak,False,False,False,False,True,DEN,UEFA,False,False,False,False,False,True
Marco Friedl,at AUT,DF,Werder Bremen,de Bundesliga,26.0,1998.0,26,25,2161,24.0,0,0,0,0,0,0,10,2,0.5,0.5,0.2,0.7,4,69,1,0.0,0.03,4,3,75.0,0.17,0.12,0.0,0.0,14.1,0,0.11,-0.5,-0.5,1324,1468,90.2,27567,9623,0.4,-0.2,3,63,5,1,1397,68,57,0,4,2,4,0,0,0,0,3,6,13,0.54,9,2,0,2,0,0,0,0.0,62,42,35,26,1,66,57.6,28,41,24,17,34,96,130,1,1769,251,1025,715,35,5,1769,8,6,75.0,2,25.0,1069,4836,2108,5,0,12,7,1101,83,70.6,86.0,20,1,9.0,0,1.69,38,26,12,0.5,2.0,34.7,27.6,7.1,0.3,1,26,16,3,0,0,2,141,46,43,51.7,DEF,156990.0,exact,156990.0,2025-06-05,12000000.0,156990,1998-03-16,Austria,2028-06-30,187.0,left,26.798083504449007,41.9185282522996,16.300417291085605,718.137279511422,Peak,True,False,False,False,False,AUT,UEFA,False,False,False,False,False,True
Marvin Friedrich,de GER,DF,Gladbach,de Bundesliga,28.0,1995.0,22,9,989,11.0,0,1,1,0,0,0,0,0,0.4,0.4,0.6,1.1,11,36,3,0.09,0.1,7,2,28.6,0.64,0.18,0.0,0.0,9.9,0,0.06,-0.4,-0.4,624,706,88.4,10906,3760,0.5,0.4,3,23,1,0,686,19,10,0,0,0,1,0,0,0,0,1,6,9,0.82,8,0,0,1,0,0,1,0.09,15,9,12,3,0,16,56.3,7,16,12,4,5,20,57,0,822,90,426,370,27,17,822,2,2,100.0,0,0.0,502,2464,1284,3,0,5,3,583,45,32.3,90.0,9,13,14.0,9,1.73,18,15,3,0.27,0.49,18.3,17.9,0.4,0.04,0,5,4,0,0,0,0,42,34,19,64.2,DEF,196231.0,exact,196231.0,2025-06-05,3500000.0,196231,1995-12-13,Germany,2026-06-30,193.0,right,29.05407255304586,17.904073587385017,15.068273812173887,844.1391319176528,Peak,True,False,False,False,False,GER,UEFA,False,False,False,False,False,True
Jeremie Frimpong,nl NED,"DF,MF",Leverkusen,de Bundesliga,23.0,2000.0,33,25,2314,25.7,5,5,10,5,0,0,4,0,4.1,4.1,4.2,8.3,100,55,272,0.39,0.32,34,16,47.1,1.32,0.62,0.15,0.31,14.6,0,0.12,0.9,0.9,715,940,76.1,10545,2224,4.7,0.8,30,28,29,18,844,94,2,0,2,116,92,0,0,0,0,2,29,66,2.57,53,0,3,4,3,3,11,0.43,33,25,14,12,7,29,55.2,13,25,0,25,8,41,22,1,1205,20,144,394,677,112,1205,78,25,32.1,47,60.3,673,4175,2389,41,32,45,26,827,70,75.6,84.0,10,8,28.0,1,2.06,53,33,20,0.78,-0.31,42.3,26.8,15.5,0.6,0,20,31,9,0,1,0,84,13,26,33.3,DEF,484547.0,exact,484547.0,2025-06-05,50000000.0,484547,2000-12-10,Netherlands,2030-06-30,172.0,right,24.060232717316907,65.90013140604468,17.72753358339242,578.8947984114469,Developing,True,False,False,False,False,NED,UEFA,False,False,False,False,False,True
Matteo Gabbia,it ITA,DF,Milan,it Serie A,24.0,1999.0,26,24,2152,23.9,2,0,2,2,0,0,4,0,1.1,1.1,0.2,1.3,13,74,2,0.08,0.05,14,4,28.6,0.59,0.17,0.14,0.5,11.3,0,0.08,0.9,0.9,1316,1443,91.2,26811,7732,0.2,-0.2,2,82,3,1,1397,42,35,0,11,2,4,0,0,0,0,4,6,22,0.92,16,3,0,1,1,1,3,0.13,21,15,13,7,1,10,80.0,2,25,19,6,15,36,103,1,1635,188,837,759,41,21,1635,1,1,100.0,0,0.0,1023,4706,2481,5,0,5,1,1214,83,62.9,88.0,20,2,15.0,8,1.88,42,22,20,0.84,0.98,38.2,23.3,14.9,0.62,0,20,6,1,1,0,0,69,47,36,56.6,DEF,323167.0,exact,323167.0,2025-06-17,14000000.0,323167,1999-10-21,Italy,2029-06-30,185.0,right,25.19917864476386,53.90932982917214,16.454567959008102,634.998604370723,Developing,False,False,False,False,True,ITA,UEFA,False,False,False,False,False,True
Javi Galán,es ESP,DF,Atlético Madrid,es La Liga,29.0,1994.0,25,21,1784,19.8,0,3,3,0,0,0,8,0,0.2,0.2,3.9,4.1,52,54,107,0.15,0.2,9,0,0.0,0.45,0.0,0.0,,24.3,0,0.02,-0.2,-0.2,852,1028,82.9,12612,3739,3.1,-0.9,15,44,22,14,838,186,19,1,2,57,167,0,0,0,0,4,24,33,1.66,30,1,1,0,1,0,6,0.3,51,31,31,15,5,49,51.0,24,13,3,10,12,63,47,0,1270,51,406,529,344,16,1270,78,28,35.9,38,48.7,739,3917,2315,34,6,22,15,779,71,52.2,78.0,11,4,38.0,11,2.0,38,14,24,1.21,0.44,37.9,16.2,21.7,1.09,0,38,35,4,0,1,0,71,25,25,50.0,DEF,448628.0,exact,448628.0,2025-06-09,4000000.0,448628,1994-11-19,Spain,2026-06-30,172.0,left,30.119096509240247,17.904073587385017,15.201805169084134,907.159974532928,Declining,False,False,True,False,False,ESP,UEFA,False,False,False,False,False,True
Antonino Gallo,it ITA,DF,Lecce,it Serie A,24.0,2000.0,31,31,2609,29.0,0,2,2,0,0,0,3,1,0.3,0.3,2.7,3.0,57,107,110,0.07,0.1,9,3,33.3,0.31,0.1,0.0,0.0,23.9,2,0.03,-0.3,-0.3,822,1241,66.2,15643,6924,2.7,-0.7,44,78,28,22,946,290,22,1,4,116,247,21,10,8,0,5,32,72,2.48,56,14,1,0,1,0,3,0.1,65,42,46,15,4,62,54.8,28,33,6,27,20,85,133,0,1587,116,577,638,386,15,1587,29,13,44.8,11,37.9,662,3630,1973,39,5,37,14,735,84,76.3,84.0,24,0,,1,0.9,17,34,-17,-0.59,0.97,25.4,39.4,-13.9,-0.48,0,12,16,3,0,0,2,116,26,37,41.3,DEF,392516.0,exact,392516.0,2025-06-17,4300000.0,392516,2000-01-05,Italy,2026-06-30,183.0,left,24.99110198494182,17.904073587385017,15.274125813221904,624.555178421763,Developing,False,False,False,False,True,ITA,UEFA,False,False,False,False,False,True
Facundo Garcés,my MAS,DF,Alavés,es La Liga,24.0,1999.0,10,7,678,7.5,0,0,0,0,0,0,2,0,0.1,0.1,0.8,0.9,3,12,3,0.0,0.12,5,1,20.0,0.66,0.13,0.0,0.0,15.5,0,0.02,-0.1,-0.1,150,197,76.1,3011,1258,0.7,-0.8,3,8,1,0,185,12,11,0,0,1,1,0,0,0,0,0,2,3,0.4,1,0,0,2,0,0,0,0.0,6,2,4,2,0,5,60.0,2,8,6,2,5,11,51,0,280,44,122,137,21,13,280,0,0,,0,,114,484,187,0,0,2,0,129,68,19.8,90.0,7,3,16.0,10,1.7,5,5,0,0.0,0.33,7.6,10.2,-2.6,-0.35,0,7,2,0,0,1,0,14,13,14,48.1,DEF,533354.0,exact,533354.0,2025-06-09,2000000.0,533354,1999-09-05,Malaysia,2028-06-30,191.0,right,25.32511978097194,41.9185282522996,14.508658238524095,641.3616919205762,Developing,False,False,True,False,False,MAS,AFC,True,False,False,False,False,False
Andrés García,es ESP,"DF,MF",Aston Villa,eng Premier League,21.0,2003.0,7,5,318,3.5,0,0,0,0,0,0,0,0,0.0,0.0,0.2,0.2,26,15,28,0.0,0.06,2,0,0.0,0.57,0.0,0.0,,26.6,0,0.02,0.0,0.0,174,201,86.6,2725,577,0.4,-0.2,3,9,8,5,176,25,0,0,0,18,25,0,0,0,0,0,5,3,0.85,3,0,0,0,0,0,0,0.0,9,5,5,3,1,8,50.0,4,2,0,2,2,11,10,2,256,8,38,108,112,2,256,18,5,27.8,12,66.7,159,1262,673,13,2,10,6,168,45,9.3,58.0,1,2,14.0,9,1.57,7,5,2,0.57,0.42,5.8,6.6,-0.7,-0.21,0,1,0,0,0,0,0,15,0,6,0.0,DEF,1063329.0,exact,1063329.0,2025-05-30,7000000.0,1063329,2003-02-07,Spain,,185.0,right,21.900068446269678,,15.76142084987672,479.6129979512968,Emerging,False,True,False,False,False,ESP,UEFA,False,False,False,False,False,True
Eric García,es ESP,"DF,MF",Barcelona,es La Liga,23.0,2001.0,29,14,1566,17.4,2,3,5,2,0,0,4,0,2.3,2.3,0.8,3.1,18,109,22,0.29,0.18,14,8,57.1,0.8,0.46,0.14,0.25,10.7,0,0.17,-0.3,-0.3,1234,1340,92.1,20485,7124,1.6,2.2,7,142,14,3,1269,69,24,4,3,7,44,0,0,0,0,2,12,32,1.84,29,0,0,3,0,0,7,0.4,38,21,11,24,3,29,69.0,9,24,8,16,14,52,41,0,1517,66,369,927,225,25,1517,12,5,41.7,5,41.7,852,3500,1877,12,1,17,5,1125,54,45.8,85.0,9,15,25.0,3,2.52,53,16,37,2.13,0.86,45.9,18.2,27.8,1.6,0,20,8,0,0,0,0,54,27,25,51.9,DEF,466794.0,exact,466794.0,2025-06-09,18000000.0,466794,2001-01-09,Spain,2031-06-30,182.0,right,23.978097193702943,77.8909329829172,16.705882371415992,574.949145030665,Developing,False,False,True,False,False,ESP,UEFA,False,False,False,False,False,True
Fran Garcia,es ESP,DF,Real Madrid,es La Liga,24.0,1999.0,31,24,2171,24.1,0,2,2,0,0,0,0,0,0.9,0.9,1.8,2.7,78,119,177,0.08,0.11,14,3,21.4,0.58,0.12,0.0,0.0,19.4,0,0.06,-0.9,-0.9,1344,1551,86.7,19116,5223,2.3,0.2,24,87,23,9,1350,199,30,1,5,66,169,0,0,0,0,2,38,56,2.32,50,0,1,3,0,2,3,0.12,51,36,29,16,6,51,54.9,23,27,5,22,28,79,67,1,1792,71,498,703,606,33,1792,23,8,34.8,15,65.2,1001,4606,2683,52,15,20,10,1162,70,63.5,87.0,19,7,13.0,7,2.1,54,23,31,1.29,0.64,54.2,27.3,26.9,1.11,0,13,22,4,0,0,0,106,17,21,44.7,DEF,341264.0,exact_accent_stripped,341264.0,2025-06-09,18000000.0,341264,1999-08-14,Spain,2027-06-30,169.0,left,25.385352498288842,29.894875164257556,16.705882371415992,644.4161214623796,Developing,False,False,True,False,False,ESP,UEFA,False,False,False,False,False,True
Ulisses Garcia,ch SUI,DF,Marseille,fr Ligue 1,28.0,1996.0,20,10,930,10.3,2,2,4,2,0,0,2,0,1.5,1.5,1.4,2.9,23,53,87,0.39,0.28,8,2,25.0,0.77,0.19,0.25,1.0,14.2,0,0.19,0.5,0.5,535,632,84.7,8376,2370,1.2,0.6,8,40,10,5,536,94,15,0,2,35,74,0,0,0,0,2,15,20,1.93,15,0,2,0,2,1,7,0.68,14,11,7,5,2,14,28.6,10,5,1,4,8,22,18,0,712,24,152,357,206,21,712,18,7,38.9,11,61.1,386,1759,858,10,1,15,11,480,47,30.4,77.0,2,10,16.0,6,1.95,26,13,13,1.26,0.67,19.7,11.9,7.8,0.75,0,8,9,2,1,0,0,48,17,6,73.9,DEF,192616.0,exact,192616.0,2025-06-03,5000000.0,192616,1996-01-11,Switzerland,2026-06-30,182.0,left,28.974674880219027,17.904073587385017,15.424948670398354,839.5317844143955,Peak,False,False,False,True,False,SUI,UEFA,False,False,False,False,False,True
Yarek Gasiorowski,es ESP,DF,Valencia,es La Liga,19.0,2005.0,15,9,947,10.5,0,0,0,0,0,0,1,0,1.1,1.1,0.1,1.2,9,38,0,0.0,0.12,3,0,0.0,0.29,0.0,0.0,,7.6,0,0.38,-1.1,-1.1,387,482,80.3,7508,2627,0.3,-0.1,3,43,3,1,448,34,17,1,1,3,16,0,0,0,0,0,7,7,0.67,5,1,0,0,1,0,0,0.0,19,16,16,3,0,13,69.2,4,17,6,11,26,45,60,0,620,73,295,309,22,6,620,0,0,,0,,276,1329,736,2,0,1,0,337,63,27.7,88.0,5,6,26.0,23,0.93,11,22,-11,-1.05,-1.08,12.8,19.2,-6.4,-0.61,0,5,2,0,0,0,0,40,24,13,64.9,DEF,895334.0,exact,895334.0,2025-06-09,7500000.0,895334,2005-01-12,Spain,2030-06-30,191.0,left,19.969883641341546,65.90013140604468,15.830413711839864,398.7962526487207,Emerging,False,False,True,False,False,ESP,UEFA,False,False,False,False,False,True
Federico Gatti,it ITA,DF,Juventus,it Serie A,26.0,1998.0,30,26,2195,24.4,1,0,1,1,0,0,2,0,2.5,2.5,0.5,2.9,24,73,6,0.04,0.12,25,9,36.0,1.03,0.37,0.04,0.11,14.4,0,0.1,-1.5,-1.5,1387,1460,95.0,25073,7810,0.3,-0.5,6,58,3,0,1419,39,25,0,1,1,4,0,0,0,0,2,6,26,1.07,17,0,1,5,1,2,2,0.08,28,23,18,8,2,24,58.3,10,27,18,9,18,46,76,2,1687,170,788,851,63,27,1687,13,7,53.8,5,38.5,1165,7650,4081,14,1,12,8,1290,73,64.2,83.0,18,4,10.0,3,1.83,35,19,16,0.66,0.14,33.7,22.8,10.9,0.45,0,20,19,1,1,0,0,110,37,26,58.7,DEF,509022.0,exact,509022.0,2025-06-17,24000000.0,509022,1998-06-24,Italy,2030-06-30,190.0,right,26.524298425735797,65.90013140604468,16.993564429978885,703.5384069774905,Peak,False,False,False,False,True,ITA,UEFA,False,False,False,False,False,True
Mory Gbane,ci CIV,"DF,MF",Reims,fr Ligue 1,23.0,2000.0,13,13,1125,12.5,0,1,1,0,0,0,2,0,0.2,0.2,0.6,0.8,3,35,9,0.08,0.06,4,2,50.0,0.32,0.16,0.0,0.0,24.4,0,0.04,-0.2,-0.2,447,524,85.3,7917,2675,0.8,0.4,7,37,2,0,499,25,11,3,8,2,11,0,0,0,0,0,6,18,1.44,16,1,0,0,1,0,1,0.08,20,11,16,4,0,24,54.2,11,12,10,2,18,38,90,1,694,108,339,302,59,7,694,7,5,71.4,2,28.6,363,2145,1025,12,0,8,4,410,87,36.8,87.0,12,0,,0,0.62,6,18,-12,-0.96,-0.87,11.9,23.5,-11.6,-0.93,0,12,3,0,0,0,0,49,15,9,62.5,DEF,717585.0,exact,717585.0,2025-06-03,4000000.0,717585,2000-12-25,Cote d'Ivoire,2029-06-30,188.0,right,24.019164955509925,53.90932982917214,15.201805169084134,576.9202851599961,Developing,False,False,False,True,False,CIV,CAF,False,True,False,False,False,False
Lutsharel Geertruida,nl NED,DF,RB Leipzig,de Bundesliga,24.0,2000.0,24,17,1557,17.3,1,0,1,1,0,0,2,0,1.1,1.1,1.0,2.0,21,93,34,0.06,0.12,8,1,12.5,0.46,0.06,0.13,1.0,15.2,0,0.14,-0.1,-0.1,961,1109,86.7,16254,5823,1.6,-1.0,10,94,17,4,974,132,22,1,3,13,110,0,0,0,0,3,12,25,1.45,22,1,0,0,0,2,1,0.06,35,24,24,11,0,31,48.4,16,15,4,11,16,51,59,4,1266,61,375,758,147,19,1266,14,7,50.0,7,50.0,642,2612,1357,15,3,14,4,839,65,50.9,82.0,11,7,22.0,7,1.5,26,27,-1,-0.06,-0.42,24.1,27.1,-2.9,-0.17,0,17,6,1,0,1,0,83,12,6,66.7,DEF,420210.0,exact,420210.0,2025-06-05,20000000.0,420210,2000-07-18,Netherlands,2026-06-30,184.0,right,24.45722108145106,17.904073587385017,16.811242881518265,598.1556630269741,Developing,True,False,False,False,False,NED,UEFA,False,False,False,False,False,True
Valentin Gendrey,fr FRA,DF,Hoffenheim,de Bundesliga,24.0,2000.0,22,14,1414,15.7,1,1,2,1,0,0,1,0,1.1,1.1,1.8,2.9,24,49,86,0.13,0.19,10,5,50.0,0.64,0.32,0.1,0.2,19.1,0,0.11,-0.1,-0.1,482,690,69.9,7957,3749,2.7,-0.8,16,37,15,10,515,171,7,0,2,51,164,0,0,0,0,4,17,37,2.36,27,5,1,2,2,0,4,0.25,30,12,19,9,2,18,61.1,7,19,5,14,15,45,53,0,874,61,241,337,302,28,874,11,3,27.3,8,72.7,363,1547,852,15,7,24,11,425,64,46.2,82.0,8,8,34.0,2,0.77,19,25,-6,-0.38,0.49,20.8,22.9,-2.1,-0.13,0,12,27,2,0,0,0,52,26,24,52.0,DEF,569387.0,exact,569387.0,2025-06-05,7000000.0,569387,2000-06-21,France,2028-06-30,179.0,right,24.531143052703626,41.9185282522996,15.76142084987672,601.7769794722094,Developing,True,False,False,False,False,FRA,UEFA,False,False,False,False,False,True
Max Geschwill,de GER,DF,Holstein Kiel,de Bundesliga,23.0,2001.0,19,13,1282,14.2,1,2,3,1,0,0,2,0,0.9,0.9,0.8,1.6,6,58,16,0.21,0.12,9,2,22.2,0.63,0.14,0.11,0.5,12.8,0,0.1,0.1,0.1,496,668,74.3,9477,4117,0.9,1.2,10,40,7,2,595,73,16,0,2,10,54,0,0,0,0,0,18,24,1.68,18,2,0,2,0,2,2,0.14,26,21,13,12,1,19,73.7,5,14,9,5,30,56,53,1,827,80,412,348,72,13,827,5,2,40.0,3,60.0,379,1631,781,4,0,5,2,478,67,41.9,84.0,8,6,31.0,10,0.74,17,33,-16,-1.12,-0.36,14.8,24.9,-10.1,-0.71,0,13,8,1,0,0,1,53,14,21,40.0,DEF,471890.0,exact,471890.0,2025-06-05,1500000.0,471890,2001-07-07,Germany,2026-06-30,185.0,left,23.488021902806295,17.904073587385017,14.220976332738882,551.6871729067083,Developing,True,False,False,False,False,GER,UEFA,False,False,False,False,False,True
Daniele Ghilardi,it ITA,DF,Hellas Verona,it Serie A,21.0,2003.0,24,21,2029,22.5,0,0,0,0,0,0,7,1,0.6,0.6,0.2,0.8,16,57,7,0.0,0.04,12,4,33.3,0.53,0.18,0.0,0.0,13.4,0,0.05,-0.6,-0.6,633,807,78.4,12335,4429,0.4,-0.2,6,59,3,3,756,48,19,1,10,10,28,0,0,0,0,3,10,16,0.71,11,0,0,0,4,1,1,0.04,44,29,27,17,0,41,61.0,16,29,15,14,30,74,106,0,1070,118,479,529,67,18,1070,9,2,22.2,2,22.2,529,2685,1318,16,1,9,2,606,85,59.3,90.0,19,3,49.0,11,1.04,18,34,-16,-0.71,0.33,21.6,26.2,-4.6,-0.2,0,33,29,0,0,0,0,55,41,41,50.0,DEF,701819.0,exact,701819.0,2025-06-17,5000000.0,701819,2003-01-06,Italy,2030-06-30,189.0,right,21.987679671457904,65.90013140604468,15.424948670398354,483.4580573346432,Emerging,False,False,False,False,True,ITA,UEFA,False,False,False,False,False,True
Lautaro Gianetti,ar ARG,DF,Udinese,it Serie A,30.0,1993.0,15,11,878,9.8,1,0,1,1,0,0,4,0,0.1,0.0,0.1,0.1,0,19,3,0.1,0.02,2,2,100.0,0.21,0.21,0.5,0.5,13.9,0,0.0,0.9,1.0,317,384,82.6,5789,2039,0.3,-0.1,2,13,2,0,340,44,19,0,2,0,2,0,0,0,0,0,1,4,0.41,4,0,0,0,0,0,0,0.0,22,10,16,5,1,20,70.0,6,20,10,10,15,37,49,1,499,104,288,195,18,8,499,2,0,0.0,2,100.0,207,860,266,1,1,2,0,256,59,25.7,76.0,5,4,11.0,14,1.4,10,17,-7,-0.72,-0.43,8.6,15.4,-6.8,-0.7,0,7,0,0,0,1,2,28,30,12,71.4,DEF,225963.0,fuzzy_verified,225963.0,2025-06-17,2000000.0,225963,1993-11-13,Argentina,2027-06-30,185.0,right,31.134839151266256,29.894875164257556,14.508658238524095,969.378208975222,Declining,False,False,False,False,True,ARG,CONMEBOL,False,False,False,True,False,False
Dimitris Giannoulis,gr GRE,DF,Augsburg,de Bundesliga,28.0,1995.0,31,31,2650,29.4,1,4,5,1,0,0,8,0,1.1,1.1,4.2,5.3,60,104,164,0.17,0.18,13,4,30.8,0.44,0.14,0.08,0.25,16.4,0,0.09,-0.1,-0.1,1076,1440,74.7,17973,7355,5.4,-0.2,42,71,55,23,1145,291,7,2,2,120,270,13,6,1,0,4,54,76,2.58,66,4,2,2,1,1,6,0.2,47,32,27,16,4,44,59.1,18,49,11,38,47,94,75,0,1802,81,474,722,626,48,1802,82,29,35.4,48,58.5,845,4024,2189,37,12,49,13,968,85,86.6,85.0,25,0,,0,1.23,31,46,-15,-0.51,-0.29,30.1,42.0,-11.8,-0.4,0,17,20,1,1,0,0,136,9,23,28.1,DEF,295630.0,fuzzy_verified,295630.0,2025-06-05,3000000.0,295630,1995-10-17,Greece,2028-06-30,178.0,left,29.21013004791239,41.9185282522996,14.914123179965662,853.2316974159543,Peak,True,False,False,False,False,GRE,UEFA,False,False,False,False,False,True
Samuel Gigot,fr FRA,DF,Lazio,it Serie A,30.0,1993.0,15,7,683,7.6,2,0,2,2,0,0,2,0,1.3,1.3,0.0,1.3,7,12,5,0.26,0.17,4,3,75.0,0.53,0.4,0.5,0.67,8.5,0,0.33,0.7,0.7,287,312,92.0,4838,1235,0.1,0.0,0,13,0,0,295,17,12,0,0,0,1,0,0,0,0,0,2,6,0.79,6,0,0,0,0,0,1,0.13,4,3,1,3,0,1,0.0,1,8,6,2,13,17,36,0,391,54,186,185,22,8,391,2,1,50.0,1,50.0,205,851,467,3,0,4,1,258,46,20.0,81.0,4,8,14.0,18,2.27,17,5,12,1.58,1.58,12.4,8.1,4.3,0.57,0,8,9,1,0,1,0,15,18,5,78.3,DEF,276896.0,exact,276896.0,2025-06-17,3000000.0,276896,1993-10-12,France,2027-06-30,187.0,right,31.222450376454482,29.894875164257556,14.914123179965662,974.8414075101626,Declining,False,False,False,False,True,FRA,UEFA,False,False,False,False,False,True
Mario Gila,es ESP,DF,Lazio,it Serie A,23.0,2000.0,32,31,2741,30.5,1,0,1,1,0,0,8,0,1.1,1.1,0.6,1.7,48,157,12,0.03,0.05,15,4,26.7,0.49,0.13,0.07,0.25,16.7,0,0.07,-0.1,-0.1,1877,2049,91.6,36948,12033,1.0,-0.6,15,161,9,1,1956,89,55,4,20,6,7,0,0,0,0,4,11,38,1.25,34,1,0,2,0,1,1,0.03,55,37,35,18,2,56,66.1,19,20,13,7,28,83,115,4,2339,241,976,1249,133,28,2339,15,4,26.7,8,53.3,1477,8485,4757,37,0,17,7,1673,86,80.1,88.0,28,1,21.0,2,1.81,49,35,14,0.46,0.72,46.4,29.7,16.7,0.55,0,32,30,0,0,0,1,153,66,62,51.6,DEF,618341.0,exact,618341.0,2025-06-17,30000000.0,618341,2000-08-29,Spain,2027-06-30,185.0,right,24.34223134839151,29.894875164257556,17.216707972959764,592.5442270186144,Developing,False,False,False,False,True,ESP,UEFA,False,False,False,False,False,True
Benedikt Gimber,de GER,DF,Heidenheim,de Bundesliga,27.0,1997.0,32,32,2671,29.7,0,0,0,0,0,0,9,0,0.7,0.7,0.3,1.0,7,46,8,0.0,0.03,14,1,7.1,0.47,0.03,0.0,0.0,15.1,0,0.05,-0.7,-0.7,1058,1282,82.5,21955,7019,0.5,-0.3,3,47,2,0,1221,55,44,0,6,3,3,0,0,0,0,6,16,15,0.51,12,0,0,1,1,1,1,0.03,72,46,48,23,1,63,60.3,25,53,19,34,31,103,131,1,1643,199,939,664,59,22,1643,16,8,50.0,4,25.0,865,3784,1673,9,0,25,7,965,83,87.3,83.0,23,0,,1,0.91,34,55,-21,-0.71,0.68,34.1,48.1,-14.0,-0.47,0,61,49,1,0,2,0,98,66,52,55.9,DEF,227084.0,exact,227084.0,2025-06-05,3000000.0,227084,1997-02-19,Germany,2028-06-30,187.0,left,27.865845311430526,41.9185282522996,14.914123179965662,776.5053349205747,Peak,True,False,False,False,False,GER,UEFA,False,False,False,False,False,True
Matthias Ginter,de GER,DF,Freiburg,de Bundesliga,30.0,1994.0,32,28,2561,28.5,2,1,3,2,0,0,5,0,2.8,2.8,0.7,3.5,11,113,16,0.11,0.12,24,4,16.7,0.84,0.14,0.08,0.5,11.1,0,0.12,-0.8,-0.8,1256,1521,82.6,24307,9697,1.5,0.3,9,97,8,1,1460,52,46,2,9,13,4,0,0,0,0,9,10,27,0.95,20,2,0,3,2,0,4,0.14,30,17,15,11,4,28,53.6,13,35,23,12,19,49,146,5,1816,198,845,866,113,56,1816,6,4,66.7,2,33.3,991,5064,2819,12,1,10,0,1205,80,83.7,87.0,27,4,28.0,1,1.63,43,42,1,0.04,0.94,36.7,36.1,0.5,0.02,0,13,26,1,1,0,0,93,98,61,61.6,DEF,124502.0,exact,124502.0,2025-06-05,7000000.0,124502,1994-01-19,Germany,2027-06-30,189.0,right,30.951403148528406,29.894875164257556,15.76142084987672,957.9893568627341,Declining,True,False,False,False,False,GER,UEFA,False,False,False,False,False,True
Saba Goglichidze,ge GEO,DF,Empoli,it Serie A,20.0,2004.0,33,29,2539,28.2,0,1,1,0,0,0,3,1,0.3,0.3,0.3,0.6,12,45,9,0.04,0.02,6,0,0.0,0.21,0.0,0.0,,17.7,0,0.05,-0.3,-0.3,724,929,77.9,14820,5046,0.2,0.7,3,48,1,1,858,69,61,0,7,5,6,0,0,0,0,2,13,13,0.46,11,0,0,0,0,2,2,0.07,64,37,36,25,3,51,49.0,26,36,17,19,33,97,97,3,1200,108,607,550,59,13,1200,10,4,40.0,4,40.0,564,2689,1198,13,2,19,5,663,77,74.2,82.0,17,4,41.0,4,0.64,25,49,-24,-0.85,-0.65,23.7,38.7,-15.0,-0.53,0,26,34,1,0,0,0,108,28,54,34.1,DEF,906160.0,exact,906160.0,2025-06-17,8000000.0,906160,2004-06-25,Georgia,2026-06-30,192.0,right,20.520191649555098,17.904073587385017,15.894952224644102,421.07826533447076,Emerging,False,False,False,False,True,GEO,UEFA,False,False,False,False,False,True
Edoardo Goldaniga,it ITA,DF,Como,it Serie A,30.0,1993.0,32,28,2532,28.1,1,0,1,1,0,0,12,1,2.5,2.5,0.3,2.8,20,81,8,0.04,0.1,12,5,41.7,0.43,0.18,0.08,0.2,9.3,0,0.21,-1.5,-1.5,1310,1517,86.4,24165,9247,0.4,-0.3,4,80,6,1,1366,145,63,0,13,9,58,0,0,0,0,6,10,25,0.89,18,2,0,5,0,0,3,0.11,34,21,21,8,5,18,72.2,5,21,10,11,33,67,102,3,1757,154,848,800,117,25,1757,7,3,42.9,4,57.1,1008,5274,2711,16,0,10,8,1189,79,74.0,89.0,27,4,12.0,3,1.41,34,38,-4,-0.14,-0.24,32.6,33.7,-1.1,-0.04,1,44,36,4,0,0,0,74,52,35,59.8,DEF,242940.0,exact,242940.0,2025-06-17,3000000.0,242940,1993-11-02,Italy,2028-06-30,193.0,right,31.16495550992471,41.9185282522996,14.914123179965662,971.2544519355865,Declining,False,False,False,False,True,ITA,UEFA,False,False,False,False,False,True
Rodrigo Gomes,pt POR,"DF,FW",Wolves,eng Premier League,21.0,2003.0,25,7,810,9.0,2,0,2,2,0,0,0,0,0.7,0.7,0.9,1.6,23,27,81,0.22,0.18,7,3,42.9,0.78,0.33,0.29,0.67,16.8,0,0.1,1.3,1.3,212,309,68.6,3052,1023,0.7,-0.9,12,12,14,4,267,41,1,1,0,23,39,1,0,1,0,1,10,22,2.45,18,1,2,1,0,0,1,0.11,23,15,14,9,0,21,57.1,9,8,1,7,7,30,20,1,417,24,101,141,182,29,417,15,5,33.3,7,46.7,217,1388,805,18,7,21,9,246,32,23.7,76.0,1,18,16.0,9,1.2,18,20,-2,-0.22,0.23,10.6,16.1,-5.5,-0.61,0,4,6,0,0,0,0,28,8,17,32.0,DEF,667121.0,exact,667121.0,2025-05-30,15000000.0,667121,2003-07-07,Portugal,2029-06-30,175.0,right,21.489390828199863,53.90932982917214,16.52356082573315,461.79391816712035,Emerging,False,True,False,False,False,POR,UEFA,False,False,False,False,False,True
Joe Gomez,eng ENG,DF,Liverpool,eng Premier League,27.0,1997.0,9,6,519,5.8,0,0,0,0,0,0,1,0,0.3,0.3,0.1,0.4,5,35,2,0.0,0.08,3,2,66.7,0.52,0.35,0.0,0.0,11.9,0,0.11,-0.3,-0.3,377,425,88.7,6689,2299,0.1,-0.1,2,29,0,0,406,18,12,1,5,2,6,0,0,0,0,1,2,5,0.87,5,0,0,0,0,0,1,0.17,13,10,5,7,1,16,68.8,5,9,6,3,7,20,20,2,481,54,183,264,37,5,481,0,0,,0,,303,1638,947,2,1,1,2,335,58,15.2,77.0,4,3,19.0,10,2.56,17,8,9,1.56,0.44,15.9,5.4,10.5,1.82,0,2,3,0,0,0,0,34,9,4,69.2,DEF,256178.0,exact,256178.0,2025-05-30,20000000.0,256178,1997-05-23,England,2027-06-30,188.0,right,27.61122518822724,29.894875164257556,16.811242881518265,762.3797563949944,Peak,False,True,False,False,False,ENG,UEFA,False,False,False,False,False,True
Sergi Gómez,es ESP,DF,Espanyol,es La Liga,32.0,1992.0,12,6,664,7.4,0,0,0,0,0,0,1,0,0.3,0.3,0.0,0.3,0,8,1,0.0,0.04,2,1,50.0,0.27,0.14,0.0,0.0,8.7,0,0.15,-0.3,-0.3,311,350,88.9,6125,1932,0.0,0.0,0,3,0,0,337,13,11,0,0,1,0,0,0,0,0,0,1,4,0.54,4,0,0,0,0,0,0,0.0,8,5,7,1,0,3,66.7,1,12,8,4,7,15,38,0,419,65,280,131,8,4,419,0,0,,0,,222,851,376,0,0,1,0,292,55,19.4,86.0,5,6,25.0,25,1.08,7,13,-6,-0.81,-0.65,5.8,11.7,-5.8,-0.79,0,6,1,0,0,0,0,15,11,22,33.3,DEF,92947.0,exact,92947.0,2025-06-09,600000.0,92947,1992-03-28,Spain,2027-06-30,185.0,right,32.76386036960986,29.894875164257556,13.304686600863562,1073.4705463192915,Declining,False,False,True,False,False,ESP,UEFA,False,False,False,False,False,True
Andoni Gorosabel,es ESP,DF,Athletic Club,es La Liga,27.0,1996.0,20,17,1485,16.5,0,2,2,0,0,0,5,0,0.3,0.3,1.8,2.1,17,51,59,0.12,0.13,2,1,50.0,0.12,0.06,0.0,0.0,22.2,0,0.17,-0.3,-0.3,736,884,83.3,11163,3242,1.7,0.2,15,57,16,10,690,193,14,0,0,41,179,0,0,0,0,1,21,32,1.94,29,2,1,0,0,0,2,0.12,47,28,31,9,7,45,66.7,15,18,2,16,18,65,62,0,1084,43,292,547,252,13,1084,14,7,50.0,7,50.0,432,1605,691,18,3,18,14,554,74,43.4,84.0,9,3,20.0,17,1.7,16,12,4,0.24,-0.73,17.3,18.2,-0.9,-0.05,0,24,4,1,0,0,0,56,20,28,41.7,DEF,289255.0,exact,289255.0,2025-06-09,5000000.0,289255,1996-08-04,Spain,2028-06-30,174.0,right,28.410677618069816,41.9185282522996,15.424948670398354,807.1666027178932,Peak,False,False,True,False,False,ESP,UEFA,False,False,False,False,False,True
Robin Gosens,de GER,DF,Fiorentina,it Serie A,30.0,1994.0,31,28,2434,27.0,5,5,10,5,0,0,6,0,1.8,1.8,2.4,4.1,31,102,91,0.37,0.15,23,8,34.8,0.85,0.3,0.22,0.63,14.1,0,0.08,3.2,3.2,1020,1334,76.5,17177,6592,1.7,2.6,27,71,32,10,1106,223,24,1,4,63,199,0,0,0,0,5,29,66,2.36,51,6,2,5,1,1,14,0.5,56,31,31,17,8,44,56.8,19,34,11,23,18,74,91,0,1606,85,515,702,400,56,1606,10,4,40.0,5,50.0,781,3358,1641,21,1,31,5,962,79,71.2,84.0,19,3,27.0,0,1.72,50,32,18,0.67,0.57,36.4,30.4,5.9,0.21,0,24,23,9,0,0,0,69,71,43,62.3,DEF,273132.0,exact,273132.0,2025-06-17,8000000.0,273132,1994-07-05,Germany,2028-06-30,183.0,left,30.494182067077343,41.9185282522996,15.894952224644102,929.8951399400614,Declining,False,False,False,False,True,GER,UEFA,False,False,False,False,False,True
Jeffrey Gouweleeuw,nl NED,DF,Augsburg,de Bundesliga,33.0,1991.0,33,33,2944,32.7,1,4,5,1,0,1,9,0,1.7,0.9,2.2,3.1,24,142,19,0.15,0.12,17,4,23.5,0.52,0.12,0.06,0.25,19.8,0,0.05,-0.7,0.1,1400,1694,82.6,29407,12623,3.0,1.8,14,151,22,2,1582,106,89,3,2,17,0,0,0,0,0,6,10,34,1.04,29,4,0,0,0,1,5,0.15,50,28,25,21,4,40,67.5,13,34,15,19,35,85,183,0,2061,260,925,1000,152,42,2060,12,7,58.3,5,41.7,1169,6129,3400,24,1,19,6,1234,89,96.2,89.0,32,0,,0,1.3,34,46,-12,-0.37,2.74,33.0,46.6,-13.5,-0.41,0,22,13,2,0,1,0,141,62,35,63.9,DEF,106405.0,exact,106405.0,2025-06-05,1500000.0,106405,1991-07-10,Netherlands,2027-06-30,188.0,right,33.48117727583847,29.894875164257556,14.220976332738882,1120.9892317761223,Declining,True,False,False,False,False,NED,UEFA,False,False,False,False,False,True
Jonathan Gradit,fr FRA,DF,Lens,fr Ligue 1,31.0,1992.0,25,24,2112,23.5,0,0,0,0,0,0,4,0,0.8,0.8,0.7,1.5,18,127,4,0.0,0.06,16,4,25.0,0.68,0.17,0.0,0.0,17.4,0,0.05,-0.8,-0.8,1133,1332,85.1,20473,8262,0.9,-0.7,11,109,10,2,1290,38,37,2,7,10,1,0,0,0,0,4,11,25,1.07,23,0,1,1,0,0,0,0.0,44,23,22,19,3,40,57.5,17,27,12,15,25,69,122,2,1594,159,629,854,117,22,1594,9,3,33.3,5,55.6,865,3570,1960,15,0,11,3,1086,84,69.0,87.0,19,1,15.0,4,1.52,27,29,-2,-0.09,-0.56,34.1,32.4,1.7,0.07,0,29,16,0,0,0,0,73,64,44,59.3,DEF,126557.0,exact,126557.0,2025-06-03,4000000.0,126557,1992-11-24,France,2028-06-30,180.0,right,32.10403832991102,41.9185282522996,15.201805169084134,1030.669277088396,Declining,False,False,False,True,False,FRA,UEFA,False,False,False,False,False,True
Archie Gray,eng ENG,"DF,MF",Tottenham,eng Premier League,18.0,2006.0,28,19,1751,19.5,0,0,0,0,0,0,1,0,0.0,0.0,0.1,0.2,7,40,17,0.0,0.01,1,1,100.0,0.05,0.05,0.0,0.0,24.6,0,0.02,0.0,0.0,1001,1145,87.4,17440,5370,0.2,-0.1,3,43,0,0,1053,88,30,1,3,17,45,4,0,4,0,4,18,6,0.31,5,1,0,0,0,0,0,0.0,16,8,4,8,4,17,41.2,10,22,11,11,19,35,50,2,1286,150,609,582,106,3,1286,13,7,53.8,5,38.5,878,4023,1678,5,0,12,11,941,63,51.2,88.0,17,9,10.0,10,1.11,30,41,-11,-0.57,-1.1,25.2,38.2,-12.9,-0.66,0,17,11,0,0,0,1,69,11,11,50.0,DEF,922693.0,exact,922693.0,2025-05-30,38000000.0,922693,2006-03-12,England,2030-06-30,187.0,right,18.809034907597535,65.90013140604468,17.453096744006448,353.77979415522265,Emerging,False,True,False,False,False,ENG,UEFA,False,False,False,False,False,True
Jacob Greaves,eng ENG,DF,Ipswich Town,eng Premier League,23.0,2000.0,25,25,2205,24.5,1,0,1,1,0,0,5,0,1.3,1.3,0.3,1.6,11,69,11,0.04,0.06,10,4,40.0,0.41,0.16,0.1,0.25,9.7,0,0.13,-0.3,-0.3,962,1121,85.8,15937,6129,0.2,-0.3,5,75,2,0,1041,78,30,0,0,1,23,0,0,0,0,2,4,20,0.82,16,1,0,1,1,1,1,0.04,40,21,20,17,3,35,62.9,13,41,26,15,21,61,148,3,1404,276,746,568,95,22,1404,6,4,66.7,1,16.7,619,2881,1268,11,0,10,2,851,88,64.5,88.0,24,0,,2,0.4,19,53,-34,-1.39,-0.5,20.1,44.2,-24.1,-0.98,0,16,21,1,0,0,0,61,83,40,67.5,DEF,693095.0,exact,693095.0,2025-05-30,18000000.0,693095,2000-09-12,England,2029-06-30,193.0,left,24.303901437371664,53.90932982917214,16.705882371415992,590.6796250774764,Developing,False,True,False,False,False,ENG,UEFA,False,False,False,False,False,True
Gabriel Gudmundsson,se SWE,DF,Lille,fr Ligue 1,25.0,1999.0,30,20,1785,19.8,2,0,2,2,0,0,3,0,0.7,0.7,1.4,2.1,71,91,115,0.1,0.11,18,5,27.8,0.91,0.25,0.11,0.4,18.8,0,0.04,1.3,1.3,866,1055,82.1,13909,3879,2.0,-1.4,16,60,18,10,882,173,20,1,8,59,147,4,0,2,0,0,25,30,1.51,23,2,1,2,2,0,0,0.0,36,25,15,15,6,36,63.9,13,19,7,12,17,53,41,3,1267,69,325,547,406,38,1267,51,20,39.2,25,49.0,728,4944,2667,41,9,20,19,837,60,58.3,80.0,8,10,18.0,4,1.6,30,28,2,0.1,-0.89,30.4,29.0,1.4,0.07,0,30,42,5,0,0,0,83,12,8,60.0,DEF,362108.0,exact,362108.0,2025-06-03,7000000.0,362108,1999-04-29,Sweden,2029-06-30,181.0,left,25.678302532511978,53.90932982917214,15.76142084987672,659.3752209512111,Developing,False,False,False,True,False,SWE,UEFA,False,False,False,False,False,True
Marc Guéhi,eng ENG,DF,Crystal Palace,eng Premier League,24.0,2000.0,34,34,3059,34.0,3,2,5,3,0,0,9,1,2.0,2.0,1.8,3.7,22,134,10,0.15,0.11,15,7,46.7,0.44,0.21,0.2,0.43,10.7,0,0.13,1.0,1.0,1473,1765,83.5,28093,11512,2.0,0.2,16,133,11,3,1664,95,76,7,14,13,6,0,0,0,0,6,9,44,1.29,36,0,0,4,2,2,5,0.15,61,34,36,23,2,47,66.0,16,55,23,32,28,89,163,2,2131,311,1051,943,148,39,2131,15,12,80.0,2,13.3,1142,5574,2935,17,1,16,18,1330,90,89.4,90.0,33,0,,0,1.35,42,42,0,0.0,0.0,53.2,40.6,12.5,0.37,1,24,27,1,0,0,3,146,68,58,54.0,DEF,392757.0,exact,392757.0,2025-05-30,45000000.0,392757,2000-07-13,England,2031-06-30,182.0,right,24.470910335386723,77.8909329829172,17.622173069956816,598.8254526425367,Developing,False,True,False,False,False,ENG,UEFA,False,False,False,False,False,True
Raphaël Guerreiro,pt POR,"DF,MF",Bayern Munich,de Bundesliga,30.0,1993.0,23,19,1572,17.5,4,4,8,4,0,0,2,0,2.9,2.9,2.9,5.8,39,85,126,0.46,0.33,21,11,52.4,1.2,0.63,0.19,0.36,16.2,0,0.14,1.1,1.1,1206,1359,88.7,16390,4055,4.7,1.1,27,77,25,2,1235,118,16,8,2,27,95,5,3,1,0,6,26,54,3.09,49,3,0,2,0,0,10,0.57,19,12,9,7,3,16,75.0,4,9,0,9,10,29,19,1,1487,34,253,687,554,55,1487,20,10,50.0,9,45.0,820,3556,1831,40,5,16,15,1117,68,51.4,78.0,5,4,20.0,9,2.48,50,14,36,2.06,0.19,39.1,12.5,26.6,1.52,0,9,7,0,0,0,0,94,8,13,38.1,DEF,170986.0,exact,170986.0,2025-06-05,8000000.0,170986,1993-12-22,Portugal,2026-06-30,170.0,left,31.028062970568104,17.904073587385017,15.894952224644102,962.7406917055396,Declining,True,False,False,False,False,POR,UEFA,False,False,False,False,False,True
Frederic Guilbert,fr FRA,DF,Lecce,it Serie A,29.0,1994.0,31,31,2435,27.1,0,1,1,0,0,0,3,2,0.3,0.3,1.8,2.1,48,88,45,0.04,0.08,11,0,0.0,0.41,0.0,0.0,,25.9,0,0.03,-0.3,-0.3,981,1278,76.8,18223,7869,2.1,-0.8,19,81,23,15,952,321,40,4,2,54,279,1,0,0,0,5,27,45,1.66,31,10,1,1,0,2,2,0.07,65,36,30,29,6,55,65.5,19,28,8,20,47,112,113,3,1610,114,557,766,315,8,1610,37,18,48.6,13,35.1,665,3722,2008,34,3,25,7,758,79,71.2,79.0,15,0,,2,1.1,23,36,-13,-0.48,1.16,24.5,38.6,-14.1,-0.52,0,33,24,1,0,1,0,84,40,29,58.0,DEF,354352.0,exact_accent_stripped,354352.0,2025-06-17,2500000.0,354352,1994-12-24,France,2028-06-30,178.0,right,30.023271731690624,41.9185282522996,14.731801689838349,901.3968454749333,Declining,False,False,False,False,True,FRA,UEFA,False,False,False,False,False,True
Robert Gumny,pl POL,DF,Augsburg,de Bundesliga,26.0,1998.0,7,2,271,3.0,0,0,0,0,0,0,2,0,0.3,0.3,0.5,0.8,5,10,13,0.0,0.26,4,2,50.0,1.33,0.66,0.0,0.0,11.9,0,0.08,-0.3,-0.3,105,138,76.1,1618,572,0.4,-0.5,3,6,3,2,104,34,1,0,0,5,33,0,0,0,0,0,6,8,2.66,5,2,0,0,1,0,0,0.0,3,3,1,2,0,6,33.3,4,2,0,2,1,4,6,0,170,10,41,59,70,5,170,8,2,25.0,4,50.0,87,368,138,4,0,3,1,95,39,8.9,65.0,0,5,28.0,4,0.71,3,7,-4,-1.33,-0.94,2.8,5.6,-2.8,-0.94,0,4,4,0,0,0,0,11,3,3,50.0,DEF,353826.0,exact,353826.0,2025-06-05,1500000.0,353826,1998-06-04,Poland,2027-06-30,182.0,right,26.579055441478438,29.894875164257556,14.220976332738882,706.4461881611845,Peak,True,False,False,False,False,POL,UEFA,False,False,False,False,False,True
Christian Günter,de GER,DF,Freiburg,de Bundesliga,31.0,1993.0,29,27,2314,25.7,2,2,4,2,0,0,0,0,0.8,0.6,2.5,3.2,19,52,109,0.16,0.13,21,6,28.6,0.82,0.23,0.1,0.33,22.4,1,0.03,1.2,1.4,851,1143,74.5,13929,4242,4.2,-0.5,28,53,30,21,885,256,25,2,1,121,196,35,23,6,0,2,33,53,2.06,40,8,0,3,2,0,4,0.16,23,21,12,8,3,29,55.2,13,24,10,14,8,31,50,1,1304,63,360,521,427,27,1304,9,3,33.3,6,66.7,559,2125,970,19,7,15,4,764,80,75.6,85.0,15,2,16.0,5,1.66,36,36,0,0.0,0.48,32.4,31.2,1.2,0.05,0,14,4,5,0,0,1,61,7,15,31.8,DEF,93707.0,exact,93707.0,2025-06-05,3500000.0,93707,1993-02-28,Germany,,184.0,left,31.84120465434634,,15.068273812173887,1013.8623138399669,Declining,True,False,False,False,False,GER,UEFA,False,False,False,False,False,True
Malo Gusto,fr FRA,DF,Chelsea,eng Premier League,21.0,2003.0,32,19,1862,20.7,0,1,1,0,0,0,4,0,1.7,1.7,1.4,3.1,50,119,85,0.05,0.15,22,4,18.2,1.06,0.19,0.0,0.0,21.3,0,0.08,-1.7,-1.7,1198,1385,86.5,19538,4892,1.9,-0.4,22,111,19,7,1230,153,37,2,3,53,116,0,0,0,0,2,26,58,2.8,57,0,0,1,0,0,4,0.19,45,29,27,15,3,48,52.1,23,29,8,21,24,69,49,5,1595,64,387,772,451,43,1595,16,4,25.0,11,68.8,882,4513,2248,36,8,18,17,1072,58,54.4,84.0,14,13,20.0,1,1.66,40,26,14,0.68,0.27,40.5,27.2,13.4,0.65,0,20,20,2,0,0,0,119,9,15,37.5,DEF,620322.0,exact,620322.0,2025-05-30,35000000.0,620322,2003-05-19,France,2030-06-30,178.0,right,21.623545516769337,65.90013140604468,17.370858648025116,467.5777207157953,Emerging,False,True,False,False,False,FRA,UEFA,False,False,False,False,False,True
Miguel Gutiérrez,es ESP,"DF,MF",Girona,es La Liga,23.0,2001.0,29,29,2458,27.3,1,5,6,1,0,0,4,0,1.6,1.6,4.1,5.8,63,103,199,0.22,0.21,28,9,32.1,1.03,0.33,0.04,0.11,21.5,3,0.06,-0.6,-0.6,1241,1502,82.6,20464,4847,4.6,0.9,41,59,51,27,1234,255,40,4,11,153,193,22,2,18,0,13,41,74,2.71,55,13,1,3,1,1,8,0.29,37,24,18,16,3,37,45.9,20,17,7,10,16,53,34,3,1741,68,365,671,722,50,1741,55,29,52.7,24,43.6,989,5390,2320,48,11,37,25,1146,85,71.9,85.0,22,0,,1,1.21,35,41,-6,-0.22,0.72,31.4,31.7,-0.2,-0.01,0,29,34,6,0,1,0,144,4,16,20.0,DEF,525299.0,exact,525299.0,2025-06-09,20000000.0,525299,2001-07-27,Spain,2030-06-30,180.0,left,23.433264887063654,65.90013140604468,16.811242881518265,549.1179032672903,Developing,False,False,True,False,False,ESP,UEFA,False,False,False,False,False,True
Joško Gvardiol,hr CRO,DF,Manchester City,eng Premier League,22.0,2002.0,37,36,3277,36.4,5,0,5,5,0,0,2,0,4.6,4.3,2.1,6.3,91,264,121,0.14,0.18,40,12,30.0,1.1,0.33,0.13,0.42,12.9,0,0.11,0.4,0.7,2454,2721,90.2,39905,10760,2.9,-2.1,26,247,20,1,2502,211,41,6,11,22,163,0,0,0,0,8,33,76,2.09,69,1,2,3,1,0,7,0.19,58,39,25,21,12,40,52.5,19,42,20,22,44,102,122,8,3103,146,764,1549,815,98,3103,43,25,58.1,14,32.6,1997,10574,6002,102,15,29,16,2257,89,95.8,90.0,33,1,45.0,1,1.92,70,41,29,0.8,1.43,66.4,43.3,23.1,0.63,0,16,27,3,0,0,0,137,54,41,56.8,DEF,475959.0,exact_accent_stripped,475959.0,2025-05-30,75000000.0,475959,2002-01-23,Croatia,2028-06-30,185.0,left,22.940451745379878,41.9185282522996,18.132998684833918,526.2643262821027,Developing,False,True,False,False,False,CRO,UEFA,False,False,False,False,False,True
Emmanuel Gyasi,gh GHA,"DF,FW",Empoli,it Serie A,30.0,1994.0,37,37,3217,35.7,2,1,3,2,0,0,5,0,3.9,3.9,0.7,4.6,22,53,108,0.08,0.13,22,8,36.4,0.62,0.22,0.09,0.25,11.4,0,0.18,-1.9,-1.9,836,1084,77.1,12882,4732,1.7,0.3,17,44,20,8,791,289,2,2,3,37,287,0,0,0,0,4,35,40,1.12,33,4,1,1,1,0,5,0.14,52,29,32,14,6,38,63.2,14,27,9,18,11,63,77,0,1390,87,334,676,391,51,1390,35,20,57.1,13,37.1,570,2433,864,18,9,54,24,676,87,94.1,87.0,29,0,,0,0.81,32,55,-23,-0.64,0.69,30.8,47.4,-16.7,-0.47,0,56,21,14,0,0,1,135,43,68,38.7,DEF,241076.0,exact,241076.0,2025-06-17,1400000.0,241076,1994-01-11,Ghana,2026-06-30,181.0,right,30.973305954825463,17.904073587385017,14.151983508870947,959.3456817712265,Declining,False,False,False,False,True,GHA,CAF,False,True,False,False,False,False
Massadio Haïdara,ml MLI,DF,Brest,fr Ligue 1,31.0,1992.0,22,20,1678,18.6,0,0,0,0,0,0,3,2,0.3,0.3,0.5,0.8,44,77,76,0.0,0.04,10,1,10.0,0.54,0.05,0.0,0.0,20.4,0,0.03,-0.3,-0.3,693,882,78.6,10603,4219,0.8,-0.5,8,53,11,4,716,166,12,1,3,49,154,0,0,0,0,0,22,31,1.66,18,1,2,1,7,2,1,0.05,27,16,16,9,2,29,44.8,16,18,2,16,26,53,73,0,1106,60,321,533,258,13,1106,28,15,53.6,7,25.0,486,2519,1537,32,5,26,7,635,76,54.8,83.0,14,2,8.0,1,1.64,30,27,3,0.16,0.81,25.6,27.2,-1.7,-0.09,1,20,45,0,1,0,0,54,25,12,67.6,DEF,170929.0,exact,170929.0,2025-06-03,1500000.0,170929,1992-12-02,Mali,2027-06-30,179.0,left,32.082135523613964,29.894875164257556,14.220976332738882,1029.263419755533,Declining,False,False,False,True,False,MLI,CAF,False,True,False,False,False,False
Antoine Hainaut,fr FRA,"DF,FW",Parma,it Serie A,22.0,2002.0,25,10,1206,13.4,2,0,2,2,0,0,4,0,0.8,0.8,1.0,1.8,22,34,37,0.15,0.14,6,3,50.0,0.45,0.22,0.33,0.67,19.1,0,0.14,1.2,1.2,372,496,75.0,5978,2498,1.4,-1.0,9,28,15,8,422,73,6,0,3,26,66,1,0,0,0,1,7,19,1.42,15,0,2,1,1,0,2,0.15,26,14,15,8,3,13,69.2,4,17,4,13,15,41,59,1,676,53,197,293,194,14,676,27,13,48.1,12,44.4,322,1735,841,14,3,22,9,349,48,35.3,81.0,5,15,26.0,12,0.96,19,20,-1,-0.07,0.45,13.3,19.2,-5.9,-0.44,0,13,16,1,0,0,0,58,33,16,67.3,DEF,917375.0,exact,917375.0,2025-06-17,1000000.0,917375,2002-02-18,France,2028-06-30,187.0,right,22.869267624914443,41.9185282522996,13.815511557963774,523.0034016999599,Developing,False,False,False,False,True,FRA,UEFA,False,False,False,False,False,True
Achraf Hakimi,ma MAR,DF,Paris S-G,fr Ligue 1,25.0,1998.0,25,24,2066,23.0,4,6,10,4,0,0,4,0,2.9,2.9,6.2,9.1,93,183,274,0.44,0.4,32,12,37.5,1.39,0.52,0.13,0.33,19.2,5,0.09,1.1,1.1,1898,2140,88.7,26053,7482,5.3,-0.2,50,138,37,9,1949,188,34,2,8,80,150,4,0,1,0,3,32,104,4.53,91,3,4,1,3,2,11,0.48,48,36,18,20,10,55,49.1,28,25,2,23,31,79,18,3,2371,40,430,980,974,81,2371,52,26,50.0,21,40.4,1384,6025,3501,57,21,38,15,1817,83,67.5,85.0,20,1,17.0,2,2.64,65,20,45,1.96,0.87,64.6,20.1,44.6,1.94,0,19,25,8,0,0,0,136,9,12,42.9,DEF,398073.0,exact,398073.0,2025-06-03,80000000.0,398073,1998-11-04,Morocco,2029-06-30,180.0,right,26.16016427104723,53.90932982917214,18.197537205138154,684.354194688176,Peak,False,False,False,True,False,MAR,CAF,False,True,False,False,False,False
Lewis Hall,eng ENG,DF,Newcastle Utd,eng Premier League,19.0,2004.0,27,24,2189,24.3,0,4,4,0,0,0,3,0,0.4,0.4,4.3,4.7,41,123,80,0.16,0.19,11,1,9.1,0.45,0.04,0.0,0.0,18.8,0,0.04,-0.4,-0.4,1300,1592,81.7,21999,8891,3.7,-0.3,34,114,17,5,1300,287,68,4,2,110,164,55,45,2,0,5,27,63,2.59,44,18,0,0,1,0,6,0.25,58,41,28,22,8,74,54.1,34,33,18,15,18,76,75,3,1820,95,623,804,414,47,1820,21,11,52.4,7,33.3,950,4398,2358,22,13,33,20,1094,81,64.0,87.0,18,3,30.0,0,1.63,45,31,14,0.58,0.06,42.5,28.8,13.7,0.56,0,9,21,1,0,0,0,119,30,31,49.2,DEF,670858.0,exact,670858.0,2025-05-30,32000000.0,670858,2004-09-08,England,2029-06-30,179.0,left,20.314852840520192,53.90932982917214,17.281246492014,412.6932459319913,Emerging,False,True,False,False,False,ENG,UEFA,False,False,False,False,False,True
Andreas Hanche-Olsen,no NOR,DF,Mainz 05,de Bundesliga,27.0,1997.0,22,12,1284,14.3,1,1,2,1,0,0,4,1,0.8,0.8,0.3,1.1,2,34,5,0.14,0.08,12,2,16.7,0.84,0.14,0.08,0.5,11.8,0,0.07,0.2,0.2,530,642,82.6,9209,3287,0.6,0.7,3,26,0,0,598,43,15,0,2,1,19,0,0,0,0,1,3,5,0.35,3,0,0,2,0,0,1,0.07,21,13,12,8,1,12,75.0,3,25,18,7,12,33,85,2,812,114,453,325,38,21,812,1,1,100.0,0,0.0,394,1493,581,4,0,8,3,469,58,42.0,85.0,11,10,27.0,6,1.55,26,27,-1,-0.07,-0.73,22.2,23.7,-1.5,-0.11,1,20,9,0,0,1,0,44,49,28,63.6,DEF,370683.0,exact,370683.0,2025-06-05,6000000.0,370683,1997-01-17,Norway,2028-06-30,185.0,right,27.956194387405887,41.9185282522996,15.607270193858982,781.5488046264244,Peak,True,False,False,False,False,NOR,UEFA,False,False,False,False,False,True
Florent Hanin,dz ALG,DF,Angers,fr Ligue 1,34.0,1990.0,33,31,2672,29.7,1,2,3,1,0,0,2,0,0.9,0.9,1.9,2.8,48,99,108,0.1,0.1,11,1,9.1,0.37,0.03,0.09,1.0,21.2,0,0.09,0.1,0.1,1282,1654,77.5,20970,8837,2.5,0.1,25,93,37,21,1345,294,46,2,9,107,248,0,0,0,0,15,28,60,2.02,48,6,0,1,3,2,9,0.3,69,48,45,17,7,71,54.9,32,31,10,21,47,116,99,2,1965,115,697,837,448,18,1965,23,11,47.8,11,47.8,904,4170,2309,38,3,27,7,1113,81,87.3,85.0,21,2,21.0,1,1.09,30,46,-16,-0.54,0.62,33.8,52.4,-18.6,-0.63,0,16,35,1,0,0,0,132,15,28,34.9,DEF,111811.0,exact,111811.0,2025-06-03,300000.0,111811,1990-02-04,France,2026-06-30,177.0,left,34.90759753593429,17.904073587385017,12.611541086966115,1218.5403657307659,Declining,False,False,False,True,False,ALG,CAF,False,True,False,False,False,False
Ridgeciano Haps,sr SUR,DF,Venezia,it Serie A,31.0,1993.0,25,14,1369,15.2,1,1,2,1,0,0,3,0,1.2,1.2,0.7,1.9,26,52,47,0.13,0.13,15,3,20.0,0.99,0.2,0.07,0.33,17.5,0,0.08,-0.2,-0.2,460,592,77.7,7888,2684,0.8,0.3,7,33,12,6,496,90,5,0,6,26,79,0,0,0,0,6,15,20,1.31,16,0,1,2,1,0,2,0.13,30,16,19,8,3,22,63.6,8,18,3,15,7,37,48,0,738,58,250,328,169,26,738,15,5,33.3,6,40.0,365,2024,1161,12,7,13,6,420,55,40.0,78.0,5,11,25.0,9,0.76,18,24,-6,-0.39,0.4,16.2,22.6,-6.5,-0.42,0,14,16,1,0,1,0,54,14,18,43.8,DEF,228444.0,exact,228444.0,2024-06-05,900000.0,228444,1993-06-12,Suriname,2026-06-30,175.0,left,31.5564681724846,17.904073587385017,13.710151153416941,995.8106835210335,Declining,False,False,False,False,True,SUR,CONMEBOL,False,False,False,True,False,False
Taylor Harwood-Bellis,eng ENG,DF,Southampton,eng Premier League,22.0,2002.0,34,32,2825,31.4,1,0,1,1,0,0,9,0,1.8,1.8,1.0,2.8,29,125,9,0.03,0.09,20,8,40.0,0.64,0.25,0.05,0.13,10.6,0,0.09,-0.8,-0.8,1892,2164,87.4,35252,12592,0.7,-1.0,14,178,10,1,2080,81,51,3,9,10,27,0,0,0,0,3,11,37,1.18,32,0,0,3,1,1,2,0.06,28,20,13,12,3,35,54.3,16,65,43,22,30,58,141,6,2475,340,1158,1145,182,42,2475,3,3,100.0,0,0.0,1433,6776,3938,27,0,16,5,1792,83,82.6,87.0,27,2,28.0,0,0.35,20,65,-45,-1.43,0.84,26.1,66.8,-40.8,-1.3,0,35,14,0,0,0,0,123,63,49,56.3,DEF,503977.0,exact,503977.0,2025-05-30,22000000.0,503977,2002-01-30,England,2028-06-30,188.0,right,22.921286789869953,41.9185282522996,16.906553056777135,525.3853881034668,Developing,False,True,False,False,False,ENG,UEFA,False,False,False,False,False,True
Hans Hateboer,nl NED,DF,Rennes,fr Ligue 1,30.0,1994.0,26,18,1684,18.7,0,0,0,0,0,0,3,0,0.4,0.4,1.5,1.9,28,92,63,0.0,0.1,8,0,0.0,0.43,0.0,0.0,,16.5,0,0.05,-0.4,-0.4,962,1128,85.3,16725,5848,1.4,-1.5,15,75,12,6,1035,90,33,0,7,33,57,0,0,0,0,3,21,30,1.6,28,1,0,1,0,0,2,0.11,31,16,14,12,5,36,50.0,18,19,6,13,29,60,64,2,1305,77,471,630,209,17,1305,10,6,60.0,3,30.0,696,3544,2021,20,5,11,5,876,65,55.0,85.0,14,8,19.0,6,1.23,28,24,4,0.21,0.41,25.8,22.2,3.6,0.19,0,20,10,2,0,0,0,62,42,24,63.6,DEF,275303.0,exact,275303.0,2025-06-03,2500000.0,275303,1994-01-09,Netherlands,2026-06-30,187.0,right,30.978781656399725,17.904073587385017,14.731801689838349,959.6849129148881,Declining,False,False,False,True,False,NED,UEFA,False,False,False,False,False,True
Jan Paul van Hecke,nl NED,DF,Brighton,eng Premier League,24.0,2000.0,34,33,2958,32.9,1,1,2,1,0,0,8,1,1.3,1.3,1.5,2.8,55,228,5,0.06,0.09,17,5,29.4,0.52,0.15,0.06,0.2,13.9,0,0.08,-0.3,-0.3,2016,2286,88.2,39486,15217,1.4,-0.5,15,226,17,4,2146,138,104,4,19,11,8,0,0,0,0,2,7,52,1.58,46,2,0,3,1,0,3,0.09,45,29,24,19,2,41,56.1,18,37,22,15,24,69,142,2,2589,272,1094,1350,166,33,2589,11,5,45.5,4,36.4,1715,10633,7191,46,0,12,7,1820,87,86.5,89.0,30,1,9.0,0,1.59,55,47,8,0.24,0.44,49.7,44.3,5.4,0.17,1,25,24,0,0,0,0,131,82,50,62.1,DEF,576314.0,exact,576314.0,2025-05-30,32000000.0,576314,2000-06-08,Netherlands,2027-06-30,189.0,right,24.566735112936346,29.894875164257556,17.281246492014,603.5244741091796,Developing,False,True,False,False,False,NED,UEFA,False,False,False,False,False,True
Ramon Hendriks,nl NED,DF,Stuttgart,de Bundesliga,23.0,2001.0,25,10,1154,12.8,0,1,1,0,0,0,3,0,0.6,0.6,1.0,1.6,8,36,22,0.08,0.12,5,1,20.0,0.39,0.08,0.0,0.0,11.1,0,0.11,-0.6,-0.6,576,688,83.7,9614,3599,1.5,0.0,6,43,5,2,604,84,16,0,1,12,61,0,0,0,0,0,9,13,1.01,8,3,1,1,0,0,2,0.16,20,9,11,7,2,13,69.2,4,15,7,8,19,39,63,0,839,67,338,418,86,11,839,9,5,55.6,4,44.4,418,2028,761,5,2,6,4,499,46,37.7,88.0,9,15,19.0,8,1.52,26,22,4,0.31,-0.02,21.4,20.7,0.7,0.05,0,12,14,0,0,0,0,40,29,19,60.4,DEF,436064.0,exact,436064.0,2025-06-05,5000000.0,436064,2001-07-18,Netherlands,2028-06-30,189.0,left,23.457905544147845,41.9185282522996,15.424948670398354,550.2733325181622,Developing,True,False,False,False,False,NED,UEFA,False,False,False,False,False,True
Benjamin Henrichs,de GER,DF,RB Leipzig,de Bundesliga,27.0,1997.0,15,10,935,10.4,0,2,2,0,0,0,3,0,0.5,0.4,1.4,1.8,9,29,55,0.19,0.18,11,1,9.1,1.06,0.1,0.0,0.0,22.1,1,0.04,-0.5,-0.4,360,476,75.6,5784,2051,2.0,0.6,11,33,10,3,413,62,5,1,3,19,57,0,0,0,0,1,13,20,1.93,18,1,0,1,0,0,4,0.39,32,16,18,10,4,27,51.9,13,22,3,19,15,47,33,0,606,42,189,269,154,8,606,13,9,69.2,4,30.8,290,1285,438,7,0,9,6,345,62,30.6,84.0,6,5,19.0,0,1.8,17,20,-3,-0.29,-0.63,12.9,16.2,-3.3,-0.31,0,13,9,0,0,0,0,60,8,5,61.5,DEF,202591.0,exact,202591.0,2025-06-05,15000000.0,202591,1997-02-23,Germany,2028-06-30,185.0,right,27.854893908281998,41.9185282522996,16.52356082573315,775.8951146416456,Peak,True,False,False,False,False,GER,UEFA,False,False,False,False,False,True
Luis Henrique,br BRA,"DF,FW",Marseille,fr Ligue 1,22.0,2001.0,33,29,2613,29.0,7,7,14,7,0,0,0,0,4.2,4.2,4.2,8.3,84,143,280,0.48,0.29,30,14,46.7,1.03,0.48,0.23,0.5,14.6,0,0.14,2.8,2.8,1156,1427,81.0,17828,5190,5.0,2.8,53,95,47,20,1350,75,5,2,6,97,62,8,1,5,0,2,31,105,3.62,87,6,7,4,0,1,15,0.52,16,9,7,6,3,10,90.0,1,15,2,13,10,26,30,0,1643,32,245,657,761,79,1643,91,51,56.0,38,41.8,1015,5423,2928,55,29,30,19,1282,79,85.4,85.0,17,4,34.0,1,1.88,61,41,20,0.69,-0.72,51.6,38.2,13.3,0.46,0,8,8,9,0,0,0,116,0,5,0.0,DEF,691316.0,exact_birthyear_corrected,691316.0,2025-06-03,25000000.0,691316,2001-12-14,Brazil,2030-06-30,181.0,right,23.04996577686516,65.90013140604468,17.034386422832473,531.3009223146552,Developing,False,False,False,True,False,BRA,CONMEBOL,False,False,False,True,False,False
Mario Hermoso,es ESP,DF,Leverkusen,de Bundesliga,29.0,1995.0,4,3,293,3.3,0,0,0,0,0,0,0,0,0.4,0.4,0.2,0.6,2,20,3,0.0,0.17,4,0,0.0,1.23,0.0,0.0,,9.8,0,0.09,-0.4,-0.4,213,249,85.5,3432,1065,0.3,-0.2,2,14,1,0,235,13,3,0,3,5,4,0,0,0,0,1,0,5,1.54,2,0,0,3,0,0,0,0.0,0,0,0,0,0,0,,0,3,1,2,9,9,15,1,288,28,84,165,39,6,288,5,3,60.0,2,40.0,147,495,265,8,0,3,1,183,73,9.6,90.0,3,1,23.0,1,1.75,4,3,1,0.31,-0.6,5.0,3.3,1.7,0.52,0,2,1,0,0,0,0,15,9,7,56.3,DEF,281769.0,exact,281769.0,2025-06-05,7000000.0,281769,1995-06-18,Spain,2027-06-30,184.0,left,29.541409993155373,29.894875164257556,15.76142084987672,872.6949043837001,Peak,True,False,False,False,False,ESP,UEFA,False,False,False,False,False,True
Javi Hernández,es ESP,DF,Leganés,es La Liga,26.0,1998.0,31,27,2389,26.5,2,1,3,2,0,0,6,0,0.8,0.8,1.5,2.2,40,80,90,0.11,0.08,17,6,35.3,0.64,0.23,0.12,0.33,21.3,2,0.04,1.2,1.2,797,1060,75.2,12398,4703,1.4,-0.5,17,54,11,4,835,222,37,1,4,52,181,4,1,0,0,3,21,41,1.54,31,6,0,1,2,1,3,0.11,26,15,16,7,3,46,37.0,29,25,5,20,23,49,98,0,1323,115,425,607,309,27,1323,29,16,55.2,12,41.4,603,3143,1835,32,5,27,26,675,77,69.9,86.0,21,4,17.0,5,1.03,25,38,-13,-0.49,-0.14,25.0,40.5,-15.5,-0.58,0,49,16,5,0,0,0,112,21,23,47.7,DEF,422466.0,exact,422466.0,2025-06-09,2500000.0,422466,1998-05-02,Spain,2026-06-30,180.0,left,26.6694045174538,17.904073587385017,14.731801689838349,711.257137315585,Peak,False,False,True,False,False,ESP,UEFA,False,False,False,False,False,True
Aridane Hernández,es ESP,DF,Rayo Vallecano,es La Liga,35.0,1989.0,14,11,1025,11.4,0,0,0,0,0,0,1,0,0.9,0.9,0.0,1.0,2,38,0,0.0,0.08,8,2,25.0,0.7,0.18,0.0,0.0,8.0,0,0.11,-0.9,-0.9,463,527,87.9,8326,2714,0.1,0.0,2,18,0,0,484,42,15,0,5,0,0,0,0,0,0,1,2,9,0.79,7,2,0,0,0,0,0,0.0,13,11,9,4,0,8,75.0,2,10,8,2,6,19,99,2,680,148,394,270,17,12,680,6,3,50.0,2,33.3,328,1479,566,0,0,4,1,362,73,30.0,84.0,9,3,33.0,23,1.21,13,17,-4,-0.35,-0.35,15.5,14.1,1.5,0.13,0,5,10,0,0,0,1,48,40,19,67.8,DEF,82503.0,exact,82503.0,2024-06-07,800000.0,82503,1989-03-23,Spain,2026-06-30,188.0,right,35.7782340862423,17.904073587385017,13.592368256649284,1280.0820343299504,Declining,False,False,True,False,False,ESP,UEFA,False,False,False,False,False,True
Lucas Hernández,fr FRA,DF,Paris S-G,fr Ligue 1,28.0,1996.0,16,10,877,9.7,0,0,0,0,0,0,2,0,0.0,0.0,0.1,0.1,6,50,4,0.0,0.01,3,0,0.0,0.31,0.0,0.0,,24.4,0,0.01,0.0,0.0,832,907,91.7,14282,4851,0.2,-0.1,1,55,1,0,834,73,16,1,5,2,56,0,0,0,0,0,8,11,1.13,9,1,1,0,0,0,0,0.0,24,18,13,9,2,23,60.9,9,12,5,7,7,31,37,2,1004,64,319,627,62,2,1004,3,2,66.7,0,0.0,541,2346,1344,11,0,5,2,746,55,28.7,74.0,5,6,23.0,4,2.69,27,11,16,1.64,-0.05,24.7,9.6,15.1,1.55,0,9,9,0,0,0,1,45,13,6,68.4,DEF,281963.0,exact,281963.0,2025-06-03,25000000.0,281963,1996-02-14,France,2028-06-30,184.0,left,28.88158795345654,41.9185282522996,17.034386422832473,834.1461227132459,Peak,False,False,False,True,False,FRA,UEFA,False,False,False,False,False,True
Theo Hernández,fr FRA,DF,Milan,it Serie A,26.0,1997.0,33,30,2696,30.0,4,3,7,4,0,1,4,1,2.7,1.9,4.7,6.6,93,132,148,0.23,0.25,43,14,32.6,1.44,0.47,0.09,0.29,22.4,3,0.04,1.3,2.1,1373,1639,83.8,21883,6748,4.1,-1.7,47,96,32,12,1314,320,70,4,10,111,175,75,52,4,0,5,37,107,3.57,66,22,6,8,4,1,12,0.4,36,28,23,10,3,39,53.8,18,25,10,15,17,53,75,3,1901,84,510,850,565,59,1900,55,24,43.6,23,41.8,1046,6314,3910,58,25,32,20,1186,82,78.8,86.0,25,3,37.0,2,1.7,52,34,18,0.6,0.6,53.0,33.9,19.2,0.64,0,17,43,3,1,1,0,129,37,16,69.8,DEF,339808.0,exact,339808.0,2025-06-17,35000000.0,339808,1997-10-06,France,2028-06-30,184.0,left,27.238877481177276,41.9185282522996,17.370858648025116,741.9564464345865,Peak,False,False,False,False,True,FRA,UEFA,False,False,False,False,False,True
Jorge Herrando,es ESP,DF,Osasuna,es La Liga,23.0,2001.0,18,15,1366,15.2,1,0,1,1,0,0,3,0,1.2,1.2,0.0,1.2,7,38,1,0.07,0.08,12,3,25.0,0.79,0.2,0.08,0.33,11.2,0,0.1,-0.2,-0.2,625,732,85.4,11580,4279,0.1,0.0,0,29,0,0,694,36,22,0,6,2,8,0,0,0,0,2,5,13,0.86,10,0,0,3,0,0,0,0.0,17,11,9,5,3,15,60.0,6,20,14,6,12,29,65,2,871,90,419,422,34,17,871,1,1,100.0,0,0.0,505,2196,1149,3,0,4,1,585,76,39.9,90.0,15,3,5.0,20,1.22,14,23,-9,-0.59,-0.81,15.8,24.6,-8.8,-0.58,0,25,2,0,0,1,0,36,29,11,72.5,DEF,555500.0,exact,555500.0,2025-06-09,4000000.0,555500,2001-02-28,Spain,2030-06-30,192.0,left,23.84120465434634,65.90013140604468,15.201805169084134,568.4030393704255,Developing,False,False,True,False,False,ESP,UEFA,False,False,False,False,False,True
Juan Herzog,es ESP,DF,Las Palmas,es La Liga,21.0,2003.0,19,15,1315,14.6,0,0,0,0,0,0,1,0,0.9,0.9,0.0,0.9,0,27,1,0.0,0.06,12,2,16.7,0.82,0.14,0.0,0.0,10.7,0,0.07,-0.9,-0.9,559,647,86.4,10419,3151,0.0,0.0,0,17,0,0,598,47,20,0,3,0,6,0,0,0,0,2,3,3,0.21,2,1,0,0,0,0,0,0.0,12,12,12,0,0,16,56.3,7,17,11,6,18,30,86,0,812,129,492,297,27,20,812,2,0,0.0,1,50.0,376,1229,569,1,0,2,0,472,69,38.5,82.0,11,4,22.0,19,0.42,9,23,-14,-0.96,-0.66,13.8,26.4,-12.6,-0.86,0,6,7,0,0,0,0,41,44,25,63.8,DEF,1146029.0,fuzzy_verified,1146029.0,2024-06-07,1000000.0,1146029,2004-05-13,Spain,2028-06-30,186.0,right,20.637919233401778,41.9185282522996,13.815511557963774,425.92371028441505,Emerging,False,False,True,False,False,ESP,UEFA,False,False,False,False,False,True
Isak Hien,se SWE,DF,Atalanta,it Serie A,25.0,1999.0,30,27,2327,25.9,0,0,0,0,0,0,10,0,1.0,1.0,0.1,1.1,7,51,3,0.0,0.04,8,2,25.0,0.31,0.08,0.0,0.0,7.9,0,0.12,-1.0,-1.0,1146,1277,89.7,22379,7040,0.2,-0.1,2,43,1,0,1241,36,31,0,1,1,5,0,0,0,0,0,13,5,0.19,4,0,0,1,0,0,1,0.04,48,28,27,21,0,44,61.4,17,31,18,13,31,79,82,2,1546,164,766,752,40,15,1546,11,6,54.5,3,27.3,845,4060,1781,8,1,23,9,923,78,68.0,83.0,22,3,33.0,2,2.1,58,21,37,1.43,1.1,43.3,26.2,17.1,0.66,0,36,19,0,0,1,0,141,68,56,54.8,DEF,503075.0,exact,503075.0,2025-06-17,30000000.0,503075,1999-01-13,Sweden,2028-06-30,191.0,right,25.968514715947983,41.9185282522996,17.216707972959764,674.3637565524069,Developing,False,False,False,False,True,SWE,UEFA,False,False,False,False,False,True
Omar El Hilali,ma MAR,DF,Espanyol,es La Liga,20.0,2003.0,36,36,3153,35.0,0,2,2,0,0,0,11,0,0.0,0.0,0.8,0.9,35,84,61,0.06,0.02,2,0,0.0,0.06,0.0,0.0,,30.9,0,0.01,0.0,0.0,1245,1577,78.9,23391,8719,1.4,1.2,8,81,11,6,1220,354,61,1,16,57,293,0,0,0,0,3,25,28,0.8,24,1,1,1,1,0,3,0.09,111,79,81,24,6,95,67.4,31,53,13,40,46,157,145,2,1992,160,869,935,208,5,1992,29,17,58.6,7,24.1,888,4445,2372,21,2,21,7,981,88,92.2,88.0,30,0,,0,1.14,38,45,-7,-0.2,1.15,31.4,50.6,-19.2,-0.55,0,52,30,7,0,2,0,132,36,30,54.5,DEF,822331.0,exact,822331.0,2025-06-09,15000000.0,822331,2003-09-12,Morocco,2027-06-30,183.0,right,21.305954825462013,29.894875164257556,16.52356082573315,453.94371102462804,Emerging,False,False,True,False,False,MAR,CAF,False,True,False,False,False,False
James Hill,eng ENG,DF,Bournemouth,eng Premier League,22.0,2002.0,10,6,448,5.0,0,1,1,0,0,0,1,0,0.3,0.3,0.3,0.6,3,16,8,0.2,0.11,6,0,0.0,1.21,0.0,0.0,,13.9,0,0.05,-0.3,-0.3,159,245,64.9,3098,1094,0.3,0.7,3,20,6,0,212,33,3,0,0,10,30,0,0,0,0,0,5,8,1.61,5,2,0,0,0,1,1,0.2,15,8,6,6,3,11,27.3,8,5,0,5,9,24,31,0,319,19,99,167,54,8,319,2,1,50.0,1,50.0,146,552,295,6,0,2,0,179,45,13.1,68.0,1,4,11.0,21,1.3,7,9,-2,-0.4,-0.83,10.5,8.5,1.9,0.39,0,7,5,0,0,0,0,13,14,12,53.8,DEF,611793.0,exact,611793.0,2025-05-30,3000000.0,611793,2002-01-10,England,2029-06-30,184.0,right,22.976043805612594,53.90932982917214,14.914123179965662,527.8985889574288,Developing,False,True,False,False,False,ENG,UEFA,False,False,False,False,False,True
Piero Hincapié,ec ECU,DF,Leverkusen,de Bundesliga,22.0,2002.0,32,28,2670,29.7,2,2,4,2,0,0,8,0,2.9,2.9,3.2,6.1,52,152,72,0.13,0.21,22,3,13.6,0.74,0.1,0.09,0.67,13.4,0,0.13,-0.9,-0.9,1855,2110,87.9,30779,10852,3.5,-1.2,16,160,16,7,1944,159,33,2,7,37,83,0,0,0,0,7,21,35,1.18,27,1,0,6,0,1,3,0.1,52,40,27,15,10,41,61.0,16,40,20,20,32,84,114,1,2456,214,824,1288,350,48,2456,17,5,29.4,10,58.8,1366,7178,4318,48,6,19,5,1705,83,87.3,89.0,25,4,44.0,1,2.06,61,35,26,0.88,0.18,50.1,31.6,18.4,0.62,0,26,43,0,0,0,1,105,65,43,60.2,DEF,659813.0,exact,659813.0,2025-06-05,50000000.0,659813,2002-01-09,Ecuador,2026-06-30,183.0,left,22.978781656399725,17.904073587385017,17.72753358339242,528.0244064124925,Developing,True,False,False,False,False,ECU,CONMEBOL,False,False,False,True,False,False
Ki-Jana Hoever,nl NED,DF,Auxerre,fr Ligue 1,22.0,2002.0,30,26,2124,23.6,1,2,3,1,0,0,4,1,0.5,0.5,2.7,3.2,59,79,128,0.13,0.13,10,5,50.0,0.42,0.21,0.1,0.2,21.1,0,0.05,0.5,0.5,768,1084,70.8,13172,5159,1.7,-0.7,24,66,28,14,894,187,7,1,12,78,180,0,0,0,0,3,33,49,2.08,44,1,3,0,1,0,4,0.17,51,38,26,16,9,54,55.6,24,33,3,30,21,72,70,1,1349,75,393,577,390,29,1349,35,9,25.7,24,68.6,656,3300,1749,39,12,32,12,756,71,69.4,79.0,6,4,21.0,1,1.27,34,29,5,0.21,0.98,30.2,36.1,-5.9,-0.25,1,22,12,0,0,0,0,91,24,19,55.8,DEF,485583.0,exact,485583.0,2025-06-03,5000000.0,485583,2002-01-18,Netherlands,2027-06-30,183.0,right,22.954140999315538,29.894875164257556,15.424948670398354,526.8925890164585,Developing,False,False,False,True,False,NED,UEFA,False,False,False,False,False,True
Emil Holm,se SWE,DF,Bologna,it Serie A,24.0,2000.0,21,12,1137,12.6,1,1,2,1,0,0,3,0,0.6,0.6,0.7,1.3,29,49,43,0.16,0.1,10,3,30.0,0.79,0.24,0.1,0.33,18.8,0,0.06,0.4,0.4,560,735,76.2,10735,3499,0.9,0.3,10,47,14,8,574,161,29,1,11,40,132,0,0,0,0,0,12,28,2.22,22,2,2,1,1,0,2,0.16,34,21,17,14,3,31,64.5,11,19,4,15,10,44,51,1,909,44,269,384,266,26,909,25,10,40.0,10,40.0,442,2401,1188,18,5,26,14,490,54,33.2,83.0,5,9,16.0,9,1.43,18,17,1,0.08,-0.28,17.1,11.7,5.4,0.43,0,16,24,1,1,0,0,47,31,20,60.8,DEF,496745.0,exact,496745.0,2025-06-17,8000000.0,496745,2000-05-13,Sweden,2026-06-30,191.0,right,24.637919233401778,17.904073587385017,15.894952224644102,607.0270641516292,Developing,False,False,False,False,True,SWE,UEFA,False,False,False,False,False,True
Gerrit Holtmann,ph PHI,"DF,FW",Bochum,de Bundesliga,29.0,1995.0,23,12,1136,12.6,2,1,3,2,0,0,2,0,2.0,2.0,2.9,4.9,50,33,97,0.24,0.39,31,8,25.8,2.46,0.63,0.06,0.25,21.4,0,0.07,0.0,0.0,270,411,65.7,4724,1601,2.8,-1.9,20,16,25,16,379,32,0,0,2,91,31,0,0,0,0,0,28,43,3.4,34,1,2,4,0,2,3,0.24,24,19,14,8,2,24,50.0,12,18,5,13,16,40,15,0,571,23,111,188,281,28,571,20,6,30.0,13,65.0,336,2370,1163,29,9,33,10,353,49,37.1,69.0,1,11,28.0,2,0.65,16,22,-6,-0.48,0.83,20.9,22.9,-2.1,-0.16,0,26,7,4,0,0,0,49,12,16,42.9,DEF,190289.0,exact,190289.0,2025-06-05,700000.0,190289,1995-03-25,Philippines,2027-06-30,185.0,left,29.7741273100616,29.894875164257556,13.45883704259595,886.4986570757561,Peak,True,False,False,False,False,PHI,AFC,True,False,False,False,False,False
Dean Huijsen,es ESP,DF,Bournemouth,eng Premier League,19.0,2005.0,32,26,2427,27.0,3,2,5,3,0,0,10,0,1.9,1.9,2.0,3.9,41,132,10,0.19,0.14,18,3,16.7,0.67,0.11,0.17,1.0,11.9,0,0.1,1.1,1.1,1355,1625,83.4,27219,10928,1.6,0.0,15,180,7,2,1566,53,32,2,15,12,6,0,0,0,0,6,12,43,1.59,40,1,0,1,1,0,3,0.11,36,26,19,16,1,29,62.1,11,40,29,11,51,87,198,4,2021,254,915,971,145,30,2021,5,2,40.0,3,60.0,1118,7072,4349,31,0,20,1,1271,76,71.0,90.0,26,6,15.0,6,1.5,42,31,11,0.41,0.32,44.6,37.1,7.6,0.28,0,31,10,2,0,0,0,105,68,44,60.7,DEF,890290.0,exact,890290.0,2025-05-30,60000000.0,890290,2005-04-14,Spain,2030-06-30,197.0,both,19.718001368925393,65.90013140604468,17.909855136853043,388.79957798494365,Emerging,False,True,False,False,False,ESP,UEFA,False,False,False,False,False,True
Mats Hummels,de GER,DF,Roma,it Serie A,35.0,1988.0,14,11,915,10.2,0,0,0,0,0,0,1,0,0.5,0.5,0.1,0.5,4,26,1,0.0,0.05,8,1,12.5,0.79,0.1,0.0,0.0,15.3,0,0.06,-0.5,-0.5,389,437,89.0,7200,2611,0.1,-0.1,2,15,0,0,421,16,13,1,0,2,1,0,0,0,0,0,7,8,0.79,6,0,1,0,1,0,1,0.1,30,15,16,14,0,18,61.1,7,12,4,8,26,56,43,0,560,57,222,313,29,10,560,6,4,66.7,2,33.3,279,1306,637,9,0,0,1,324,65,26.8,77.0,5,3,23.0,19,1.93,21,9,12,1.18,0.86,17.4,8.5,9.0,0.88,0,9,4,0,0,0,1,41,23,15,60.5,DEF,39728.0,exact,39728.0,2025-06-17,2000000.0,39728,1988-12-16,Germany,,191.0,right,36.04380561259411,,14.508658238524095,1299.155923038471,Declining,False,False,False,False,True,GER,UEFA,False,False,False,False,False,True
Elseid Hysaj,al ALB,DF,Lazio,it Serie A,30.0,1994.0,11,4,424,4.7,0,3,3,0,0,0,2,1,0.2,0.2,1.6,1.8,4,14,18,0.64,0.38,2,0,0.0,0.42,0.0,0.0,,17.0,0,0.08,-0.2,-0.2,214,264,81.1,3839,922,1.1,1.4,6,19,9,6,230,34,3,1,1,18,31,0,0,0,0,0,5,10,2.12,8,0,1,1,0,0,3,0.64,11,6,6,5,0,3,100.0,0,5,2,3,5,16,21,0,318,19,85,149,89,10,318,6,3,50.0,3,50.0,153,683,262,6,1,5,0,183,39,12.4,75.0,1,7,18.0,6,1.45,10,2,8,1.7,1.58,9.1,4.3,4.8,1.02,1,5,1,0,0,0,0,20,8,6,57.1,DEF,200056.0,exact,200056.0,2025-06-17,1500000.0,200056,1994-02-02,Albania,2026-06-30,182.0,right,30.913073237508556,17.904073587385017,14.220976332738882,955.6180969875677,Declining,False,False,False,False,True,ALB,UEFA,False,False,False,False,False,True
Jay Idzes,id IDN,DF,Venezia,it Serie A,24.0,2000.0,35,35,3127,34.7,1,0,1,1,0,0,5,0,1.8,1.8,0.7,2.5,15,84,15,0.03,0.07,15,3,20.0,0.43,0.09,0.07,0.33,12.3,0,0.12,-0.8,-0.8,1457,1694,86.0,26675,9202,0.4,-0.7,8,65,4,1,1483,211,80,1,3,6,105,0,0,0,0,0,12,24,0.69,18,3,0,2,1,0,0,0.0,45,29,24,17,4,33,51.5,16,52,32,20,32,77,156,0,2078,274,1067,890,128,33,2078,7,1,14.3,5,71.4,1051,5275,2738,12,0,31,7,1166,89,91.4,89.0,34,0,,0,0.74,26,48,-22,-0.63,-0.02,31.7,52.3,-20.6,-0.59,0,50,12,3,0,3,0,113,57,81,41.3,DEF,546926.0,exact,546926.0,2025-06-17,7500000.0,546926,2000-06-02,Indonesia,2029-06-30,190.0,right,24.583162217659137,53.90932982917214,15.830413711839864,604.3318646197437,Developing,False,False,False,False,True,IDN,AFC,True,False,False,False,False,False
Alessio Iovine,it ITA,"DF,FW",Como,it Serie A,33.0,1991.0,10,3,387,4.3,0,0,0,0,0,0,2,0,0.0,0.0,0.2,0.2,9,6,8,0.0,0.06,1,0,0.0,0.23,0.0,0.0,,26.0,0,0.02,0.0,0.0,170,226,75.2,3106,912,0.2,-0.2,3,7,3,3,181,45,3,0,1,17,42,0,0,0,0,0,5,5,1.16,2,2,0,0,1,0,0,0.0,5,2,2,3,0,10,40.0,6,7,1,6,3,8,21,1,266,13,86,120,62,4,266,1,1,100.0,0,0.0,120,637,339,8,2,1,0,149,39,11.3,75.0,2,7,23.0,27,0.8,6,7,-1,-0.23,-0.17,5.8,4.0,1.8,0.42,0,5,6,0,0,0,0,16,2,7,22.2,DEF,330472.0,exact,330472.0,2025-06-17,400000.0,330472,1991-02-01,Italy,,174.0,right,33.91649555099247,,12.899222326086994,1150.3286704604923,Declining,False,False,False,False,True,ITA,UEFA,False,False,False,False,False,True
Ismaily,br BRA,DF,Lille,fr Ligue 1,34.0,1990.0,16,10,904,10.0,0,1,1,0,0,0,4,0,0.7,0.7,1.0,1.7,15,54,51,0.1,0.17,10,4,40.0,1.0,0.4,0.0,0.0,18.5,0,0.07,-0.7,-0.7,552,632,87.3,8555,2786,1.3,0.0,5,45,9,4,540,90,11,1,0,16,75,4,0,4,0,2,11,24,2.39,18,1,1,4,0,0,1,0.1,33,17,17,12,4,26,65.4,9,15,1,14,13,46,49,0,778,34,184,418,185,22,778,19,8,42.1,11,57.9,384,1949,1112,13,2,13,10,480,57,29.5,81.0,3,6,16.0,5,1.88,11,6,5,0.5,0.04,13.5,9.0,4.5,0.45,0,13,6,0,0,0,0,46,12,15,44.4,DEF,124028.0,exact,124028.0,2025-06-03,1200000.0,124028,1990-01-11,Brazil,,177.0,left,34.97330595482546,,13.997832948091215,1223.1321294098302,Declining,False,False,False,True,False,BRA,CONMEBOL,False,False,False,True,False,False
Ardian Ismajli,al ALB,DF,Empoli,it Serie A,27.0,1996.0,29,29,2508,27.9,0,0,0,0,0,0,3,0,0.3,0.3,0.0,0.4,3,38,1,0.0,0.01,5,0,0.0,0.18,0.0,0.0,,9.0,0,0.06,-0.3,-0.3,872,1005,86.8,17912,6132,0.1,0.0,2,12,0,0,940,64,53,0,2,0,1,0,0,0,0,1,4,8,0.29,6,1,0,0,0,1,1,0.04,30,23,21,9,0,20,80.0,4,35,24,11,56,86,249,3,1410,245,881,531,8,7,1410,0,0,,0,,592,2728,1078,2,0,8,3,668,86,73.3,86.0,27,0,,0,0.93,28,36,-8,-0.29,1.49,21.5,34.6,-13.0,-0.47,0,21,29,0,0,0,0,83,77,54,58.8,DEF,435228.0,exact,435228.0,2025-06-17,6000000.0,435228,1996-09-30,Albania,2027-06-30,187.0,right,28.254620123203285,29.894875164257556,15.607270193858982,798.323558306524,Peak,False,False,False,False,True,ALB,UEFA,False,False,False,False,False,True
Ko Itakura,jp JPN,DF,Gladbach,de Bundesliga,27.0,1997.0,31,31,2790,31.0,3,0,3,3,0,0,5,0,1.6,1.6,0.8,2.5,23,69,5,0.1,0.08,21,7,33.3,0.68,0.23,0.14,0.43,13.4,0,0.08,1.4,1.4,1617,1817,89.0,29287,9848,1.5,-0.8,7,60,8,4,1759,53,28,1,3,9,2,0,0,0,0,5,11,25,0.81,17,0,1,5,1,1,1,0.03,40,29,23,16,1,34,61.8,13,41,22,19,28,68,171,0,2170,326,1187,916,80,32,2170,23,12,52.2,10,43.5,1326,6644,3528,17,0,9,8,1513,90,91.2,90.0,31,0,,0,1.35,51,52,-1,-0.03,0.3,45.4,58.8,-13.4,-0.43,0,28,12,1,0,1,0,95,65,35,65.0,DEF,355816.0,exact,355816.0,2025-06-05,12000000.0,355816,1997-01-27,Japan,2029-06-30,188.0,right,27.928815879534564,53.90932982917214,16.300417291085605,780.018756432942,Peak,True,False,False,False,False,JPN,AFC,True,False,False,False,False,False
Marko Ivezić,rs SRB,DF,Holstein Kiel,de Bundesliga,22.0,2001.0,23,18,1657,18.4,0,0,0,0,0,0,5,0,0.6,0.6,0.2,0.8,3,40,9,0.0,0.04,7,0,0.0,0.38,0.0,0.0,,13.4,0,0.08,-0.6,-0.6,803,934,86.0,15522,5455,0.3,-0.2,4,33,2,0,906,27,22,1,2,1,3,0,0,0,0,1,10,12,0.65,10,0,0,0,1,1,1,0.05,29,19,20,6,3,42,35.7,27,25,13,12,27,56,103,2,1176,175,683,468,34,14,1176,7,4,57.1,2,28.6,596,2644,1282,7,0,17,7,746,72,54.2,85.0,15,5,25.0,10,0.7,26,40,-14,-0.76,0.33,21.0,31.2,-10.2,-0.56,0,27,5,1,0,0,0,71,34,30,53.1,DEF,706024.0,exact_accent_stripped,706024.0,2025-06-05,2000000.0,706024,2001-12-02,Serbia,2027-06-30,191.0,right,23.082819986310746,29.894875164257556,14.508658238524095,532.8165785204268,Developing,True,False,False,False,False,SRB,UEFA,False,False,False,False,False,True
Armando Izzo,it ITA,DF,Monza,it Serie A,32.0,1992.0,30,28,2435,27.1,1,1,2,1,0,0,12,0,0.4,0.4,0.8,1.2,12,72,12,0.07,0.05,6,2,33.3,0.22,0.07,0.17,0.5,13.7,0,0.07,0.6,0.6,1305,1485,87.9,24799,7620,0.3,0.2,11,55,6,1,1361,123,75,2,7,8,26,0,0,0,0,1,12,20,0.74,19,1,0,0,0,0,2,0.07,40,15,30,9,1,36,50.0,18,38,28,10,45,85,101,0,1768,264,1037,652,93,14,1768,9,6,66.7,2,22.2,1009,4605,2241,14,0,21,6,1085,81,71.2,86.0,22,2,10.0,1,0.47,23,46,-23,-0.85,0.79,20.9,38.1,-17.2,-0.64,0,65,47,0,0,0,0,90,52,64,44.8,DEF,32113.0,exact,32113.0,2025-06-17,1500000.0,32113,1992-03-02,Italy,2028-06-30,183.0,right,32.83504449007529,41.9185282522996,14.220976332738882,1078.1401466652237,Declining,False,False,False,False,True,ITA,UEFA,False,False,False,False,False,True
Jérémy Jacquet,fr FRA,DF,Rennes,fr Ligue 1,19.0,2005.0,11,11,927,10.3,0,1,1,0,0,0,0,0,0.8,0.8,0.8,1.6,8,40,4,0.1,0.16,8,3,37.5,0.78,0.29,0.0,0.0,9.2,0,0.1,-0.8,-0.8,424,508,83.5,8419,3020,0.7,0.2,4,49,1,0,471,35,23,1,4,3,12,0,0,0,0,2,10,9,0.87,9,0,0,0,0,0,1,0.1,26,17,11,8,7,22,63.6,8,9,3,6,27,53,45,1,627,55,226,350,61,10,627,8,5,62.5,2,25.0,353,1729,861,9,1,6,3,408,84,30.3,84.0,9,0,,1,1.64,19,14,5,0.49,0.65,18.9,15.1,3.8,0.37,0,13,6,0,0,0,0,41,19,10,65.5,DEF,1004301.0,exact,1004301.0,2025-06-03,10000000.0,1004301,2005-07-13,France,2029-06-30,190.0,right,19.471594798083505,53.90932982917214,16.118095750958314,379.1430039807526,Emerging,False,False,False,True,False,FRA,UEFA,False,False,False,False,False,True
Reece James,eng ENG,"DF,MF",Chelsea,eng Premier League,24.0,1999.0,19,12,1063,11.8,1,1,2,1,0,0,1,0,0.4,0.4,0.7,1.1,7,64,12,0.17,0.1,11,3,27.3,0.93,0.25,0.09,0.33,23.2,3,0.04,0.6,0.6,717,854,84.0,12618,4375,1.2,0.3,11,80,5,1,731,119,36,4,2,43,64,19,11,5,1,4,10,18,1.52,11,5,1,1,0,0,3,0.25,10,9,6,3,1,9,33.3,6,14,6,8,13,23,23,4,952,43,267,516,176,7,952,17,7,41.2,6,35.3,486,1877,822,4,1,7,9,607,56,31.1,76.0,5,7,22.0,4,1.63,13,14,-1,-0.08,-0.92,16.6,15.9,0.8,0.06,0,8,11,0,0,0,0,66,23,9,71.9,DEF,472423.0,exact_birthyear_corrected,472423.0,2025-05-30,30000000.0,472423,1999-12-08,England,2032-06-30,180.0,right,25.06776180698152,89.91458607095926,17.216707972959764,628.3926820115613,Developing,False,True,False,False,False,ENG,UEFA,False,False,False,False,False,True
Dominik Javorček,sk SVK,"DF,MF",Holstein Kiel,de Bundesliga,21.0,2002.0,13,4,386,4.3,0,2,2,0,0,0,2,0,0.0,0.0,1.0,1.0,7,4,23,0.47,0.24,1,0,0.0,0.23,0.0,0.0,,22.5,0,0.02,0.0,0.0,115,163,70.6,2137,930,0.7,1.0,4,7,2,1,121,40,4,1,0,20,27,9,5,4,0,2,7,7,1.63,4,3,0,0,0,0,2,0.47,3,0,3,0,0,5,20.0,4,7,3,4,5,8,26,1,221,30,104,60,57,2,221,5,4,80.0,1,20.0,91,460,249,2,0,5,1,113,30,12.6,65.0,0,9,14.0,12,1.0,8,14,-6,-1.4,-0.56,7.1,9.6,-2.5,-0.58,0,7,6,1,0,0,0,7,3,7,30.0,DEF,610608.0,exact_accent_stripped,610608.0,2025-06-05,550000.0,610608,2002-11-02,Slovakia,2029-06-30,184.0,left,22.16563997262149,53.90932982917214,13.217675375388819,491.3155953958757,Developing,True,False,False,False,False,SVK,UEFA,False,False,False,False,False,True
Gaby Jean,fr FRA,DF,Lecce,it Serie A,24.0,2000.0,19,16,1388,15.4,0,0,0,0,0,0,0,0,0.1,0.1,0.1,0.2,8,42,3,0.0,0.01,1,1,100.0,0.06,0.06,0.0,0.0,12.9,0,0.09,-0.1,-0.1,727,862,84.3,12291,5135,0.1,-0.1,1,33,1,1,773,87,29,0,4,1,12,0,0,0,0,2,10,4,0.26,4,0,0,0,0,0,0,0.0,14,7,8,5,1,11,54.5,5,13,10,3,9,23,71,1,992,136,580,396,22,3,992,3,2,66.7,1,33.3,500,2589,1296,1,0,5,5,618,73,40.6,83.0,13,3,18.0,11,0.95,15,25,-10,-0.65,0.28,12.5,25.3,-12.7,-0.83,0,15,13,0,0,1,0,55,41,24,63.1,DEF,805886.0,exact,805886.0,2025-06-17,2000000.0,805886,2000-02-19,France,2027-06-30,191.0,left,24.867898699520875,29.894875164257556,14.508658238524095,618.4123857296321,Developing,False,False,False,False,True,FRA,UEFA,False,False,False,False,False,True
Finn Jeltsch,de GER,DF,Stuttgart,de Bundesliga,18.0,2006.0,12,9,780,8.7,0,0,0,0,0,0,2,0,0.1,0.1,0.1,0.1,8,31,5,0.0,0.02,2,0,0.0,0.23,0.0,0.0,,25.2,0,0.03,-0.1,-0.1,582,639,91.1,9402,2308,0.3,-0.1,2,29,1,0,603,36,9,3,0,3,24,0,0,0,0,0,4,2,0.23,2,0,0,0,0,0,0,0.0,18,13,6,11,1,15,80.0,3,12,6,6,13,31,27,2,727,46,234,461,34,2,727,3,2,66.7,1,33.3,476,3112,1472,11,1,10,1,525,65,25.5,84.0,8,3,9.0,1,1.17,13,16,-3,-0.35,-0.9,16.2,12.5,3.6,0.42,0,7,5,0,0,0,0,34,12,8,60.0,DEF,924117.0,exact,924117.0,2025-06-05,20000000.0,924117,2006-07-17,Germany,2030-06-30,188.0,right,18.46132785763176,65.90013140604468,16.811242881518265,340.8206262669704,Emerging,True,False,False,False,False,GER,UEFA,False,False,False,False,False,True
Moritz Jenz,de GER,DF,Mainz 05,de Bundesliga,25.0,1999.0,19,18,1600,17.8,0,0,0,0,0,0,4,0,1.6,1.6,0.3,1.8,1,47,3,0.0,0.1,10,4,40.0,0.56,0.23,0.0,0.0,9.0,0,0.16,-1.6,-1.6,712,845,84.3,12788,4551,0.4,-0.3,3,37,2,0,825,19,12,0,1,0,1,0,0,0,0,1,1,11,0.62,8,0,0,3,0,0,2,0.11,36,20,18,18,0,21,76.2,5,23,14,9,30,66,128,2,1098,161,565,500,36,20,1098,5,2,40.0,2,40.0,510,2205,958,2,1,7,0,592,84,52.3,89.0,16,1,5.0,4,1.68,27,22,5,0.28,-0.15,24.2,25.5,-1.4,-0.08,0,27,6,1,0,0,0,73,73,41,64.0,DEF,460245.0,exact,460245.0,2025-06-05,5000000.0,460245,1999-04-30,Germany,2027-06-30,190.0,right,25.675564681724847,29.894875164257556,15.424948670398354,659.2346217254363,Developing,True,False,False,False,False,GER,UEFA,False,False,False,False,False,True
Juan Jesus,br BRA,DF,Napoli,it Serie A,33.0,1991.0,15,12,1074,11.9,0,1,1,0,0,0,2,0,0.3,0.3,0.0,0.4,3,50,2,0.08,0.03,3,0,0.0,0.25,0.0,0.0,,7.3,0,0.11,-0.3,-0.3,764,853,89.6,15673,4982,0.1,1.0,1,40,2,0,800,51,40,1,0,0,3,0,0,0,0,2,10,9,0.75,9,0,0,0,0,0,1,0.08,25,14,16,9,0,20,60.0,8,15,3,12,9,34,42,0,952,79,392,555,8,3,952,0,0,,0,,589,2476,1243,2,0,4,1,712,72,31.4,87.0,10,3,8.0,18,2.13,21,12,9,0.75,-0.13,15.5,9.9,5.6,0.47,0,14,5,0,0,0,0,30,24,16,60.0,DEF,121985.0,exact,121985.0,2025-06-17,1500000.0,121985,1991-06-10,Brazil,2026-06-30,185.0,left,33.56331279945243,17.904073587385017,14.220976332738882,1126.4959660738875,Declining,False,False,False,False,True,BRA,CONMEBOL,False,False,False,True,False,False
Carl Johansson,se SWE,DF,Holstein Kiel,de Bundesliga,30.0,1994.0,10,7,568,6.3,0,0,0,0,0,0,0,1,0.0,0.0,0.4,0.5,0,12,0,0.0,0.07,1,1,100.0,0.16,0.16,0.0,0.0,10.8,0,0.05,0.0,0.0,268,305,87.9,4810,1547,0.3,-0.4,6,4,2,0,290,14,6,0,0,0,1,0,0,0,0,1,0,8,1.27,8,0,0,0,0,0,0,0.0,4,2,4,0,0,7,42.9,4,12,8,4,10,14,54,1,396,92,265,120,15,11,396,0,0,,0,,155,493,189,0,0,2,0,218,57,18.6,75.0,4,3,15.0,7,1.1,11,19,-8,-1.27,-0.44,8.7,14.5,-5.8,-0.92,0,5,4,0,0,1,0,18,29,21,58.0,DEF,225043.0,exact,225043.0,2025-06-05,500000.0,225043,1994-05-23,Sweden,2026-06-30,194.0,right,30.611909650924023,17.904073587385017,13.122365377402328,937.0890124763354,Declining,True,False,False,False,False,SWE,UEFA,False,False,False,False,False,True
Ben Johnson,eng ENG,"DF,FW",Ipswich Town,eng Premier League,24.0,2000.0,23,14,1354,15.0,1,2,3,1,0,0,5,1,1.1,1.1,1.3,2.3,16,27,33,0.2,0.16,7,3,42.9,0.47,0.2,0.14,0.33,12.6,0,0.15,-0.1,-0.1,298,416,71.6,4835,2045,0.9,0.7,12,22,3,2,333,82,11,2,4,37,58,13,11,1,0,1,23,24,1.6,12,9,0,1,2,0,5,0.33,38,22,23,12,3,41,48.8,21,22,5,17,13,51,54,1,626,60,246,220,163,12,626,24,8,33.3,14,58.3,259,1503,585,12,3,23,17,292,59,39.6,85.0,10,9,19.0,9,0.74,17,36,-19,-1.26,-0.09,12.8,36.7,-23.9,-1.59,1,27,6,1,0,0,0,57,19,18,51.4,DEF,468002.0,exact,468002.0,2025-05-30,8000000.0,468002,2000-01-24,England,2028-06-30,184.0,right,24.93908281998631,41.9185282522996,15.894952224644102,621.9578519021363,Developing,False,True,False,False,False,ENG,UEFA,False,False,False,False,False,True
Juanpe,es ESP,DF,Girona,es La Liga,33.0,1991.0,12,8,727,8.1,0,0,0,0,0,0,2,0,0.1,0.1,0.2,0.2,2,26,0,0.0,0.03,2,0,0.0,0.25,0.0,0.0,,21.8,1,0.04,-0.1,-0.1,507,581,87.3,10530,3421,0.1,-0.2,3,32,1,0,543,37,30,0,11,1,5,0,0,0,0,1,5,3,0.37,2,0,0,1,0,0,0,0.0,8,5,5,3,0,8,75.0,2,15,10,5,8,16,56,1,676,86,368,293,18,1,676,0,0,,0,,377,1847,1031,4,0,3,1,467,61,21.3,86.0,7,4,10.0,26,1.42,11,18,-7,-0.87,-0.57,8.5,13.7,-5.2,-0.64,0,4,2,0,0,0,0,22,25,9,73.5,DEF,115333.0,exact,115333.0,2025-06-09,600000.0,115333,1991-04-30,Spain,2027-05-31,192.0,right,33.67556468172484,28.90932982917214,13.304686600863562,1134.0436566330336,Declining,False,False,True,False,False,ESP,UEFA,False,False,False,False,False,True
Jubal,br BRA,DF,Auxerre,fr Ligue 1,30.0,1993.0,30,30,2640,29.3,6,0,6,3,3,4,7,0,5.2,2.0,0.9,2.9,1,33,3,0.1,0.21,26,7,26.9,0.89,0.24,0.12,0.43,17.6,2,0.08,0.8,1.0,918,1057,86.8,18586,5601,0.8,-0.9,6,34,7,0,980,75,56,0,10,0,0,0,0,0,0,2,5,15,0.51,9,1,0,2,1,2,1,0.03,60,39,46,13,1,40,70.0,12,61,36,25,25,85,201,1,1458,274,866,550,52,38,1454,4,3,75.0,1,25.0,698,2904,973,3,0,7,2,797,88,86.3,88.0,27,0,,0,1.3,42,39,3,0.1,1.39,36.1,47.3,-11.2,-0.38,0,27,21,1,1,2,1,90,72,32,69.2,DEF,149928.0,exact,149928.0,2025-06-03,2500000.0,149928,1993-08-29,Brazil,2027-06-30,190.0,right,31.342915811088297,29.894875164257556,14.731801689838349,982.3783715409687,Declining,False,False,False,True,False,BRA,CONMEBOL,False,False,False,True,False,False
Anthony Jung,de GER,DF,Werder Bremen,de Bundesliga,32.0,1991.0,28,20,1898,21.1,0,0,0,0,0,0,1,0,0.0,0.0,0.1,0.1,20,121,6,0.0,0.0,1,0,0.0,0.05,0.0,0.0,,29.2,0,0.04,0.0,0.0,1354,1512,89.6,24384,8795,0.5,-0.1,2,100,6,1,1388,121,49,0,0,4,11,0,0,0,0,3,11,14,0.66,14,0,0,0,0,0,1,0.05,34,22,22,11,1,34,64.7,12,23,14,9,25,59,77,1,1695,231,901,733,72,1,1695,9,7,77.8,1,11.1,1044,4729,2322,20,0,13,2,1165,68,62.0,86.0,15,8,23.0,5,1.5,35,42,-7,-0.33,-0.64,29.6,32.0,-2.3,-0.11,0,9,15,2,0,2,0,81,34,20,63.0,DEF,58995.0,exact,58995.0,2025-06-05,1000000.0,58995,1991-11-03,Germany,2027-06-30,186.0,left,33.163586584531146,29.894875164257556,13.815511557963774,1099.823475149694,Declining,True,False,False,False,False,GER,UEFA,False,False,False,False,False,True
Josip Juranović,hr CRO,"DF,MF",Union Berlin,de Bundesliga,28.0,1995.0,17,13,1159,12.9,0,1,1,0,0,0,4,0,0.3,0.3,1.8,2.1,19,52,45,0.08,0.16,6,2,33.3,0.47,0.16,0.0,0.0,24.8,1,0.05,-0.3,-0.3,379,588,64.5,7589,3252,2.7,-0.8,27,34,22,12,416,168,21,0,3,78,120,27,14,10,2,4,15,51,3.97,30,20,0,1,0,0,2,0.16,21,13,12,6,3,25,40.0,15,13,6,7,7,28,42,2,709,41,212,287,222,7,709,24,11,45.8,8,33.3,307,1569,797,12,3,12,3,320,68,37.9,82.0,8,4,23.0,1,1.24,12,19,-7,-0.54,-0.12,14.7,21.6,-6.9,-0.54,0,8,6,1,0,0,0,62,4,5,44.4,DEF,362977.0,exact_accent_stripped,362977.0,2025-06-05,4000000.0,362977,1995-08-16,Croatia,,173.0,right,29.37987679671458,,15.201805169084134,863.1771605901278,Peak,True,False,False,False,False,CRO,UEFA,False,False,False,False,False,True
David Jurásek,cz CZE,DF,Hoffenheim,de Bundesliga,23.0,2000.0,14,6,619,6.9,0,1,1,0,0,0,0,0,0.1,0.1,0.9,1.0,17,22,42,0.15,0.14,5,2,40.0,0.73,0.29,0.0,0.0,27.0,0,0.02,-0.1,-0.1,307,439,69.9,5143,1776,0.9,0.1,7,22,11,9,362,74,1,1,2,55,73,0,0,0,0,3,17,19,2.76,15,2,0,1,1,0,1,0.15,6,3,3,2,1,5,40.0,3,5,0,5,6,12,17,0,499,16,132,194,176,9,499,12,3,25.0,8,66.7,238,1299,599,21,1,6,5,310,44,20.2,81.0,2,8,17.0,10,0.57,4,15,-11,-1.6,-1.19,7.3,12.9,-5.6,-0.81,0,1,2,1,0,0,0,40,3,2,60.0,DEF,500054.0,exact,500054.0,2025-06-05,5000000.0,500054,2000-08-07,Czech Republic,2029-06-30,183.0,left,24.40246406570842,53.90932982917214,15.424948670398354,595.4802524781907,Developing,True,False,False,False,False,CZE,UEFA,False,False,False,False,False,True
James Justin,eng ENG,DF,Leicester City,eng Premier League,26.0,1998.0,36,34,2912,32.4,2,2,4,2,0,0,6,0,1.5,1.5,0.8,2.3,39,91,96,0.12,0.07,25,6,24.0,0.77,0.19,0.08,0.33,16.2,2,0.06,0.5,0.5,1205,1541,78.2,18606,5922,0.8,1.2,14,76,23,8,1268,270,22,1,2,57,248,0,0,0,0,3,40,33,1.02,21,2,1,4,5,0,2,0.06,58,37,29,23,6,55,58.2,23,48,17,31,46,104,141,3,1948,151,692,881,387,38,1948,30,9,30.0,13,43.3,866,3649,1788,27,4,31,15,1077,81,85.1,84.0,23,2,27.0,1,0.67,31,68,-37,-1.14,0.63,28.3,62.4,-34.1,-1.05,0,29,44,2,0,0,0,88,69,55,55.6,DEF,413220.0,exact,413220.0,2025-05-30,13000000.0,413220,1998-02-23,England,2029-06-30,183.0,both,26.855578370978783,53.90932982917214,16.380459992348886,721.2220896397835,Peak,False,True,False,False,False,ENG,UEFA,False,False,False,False,False,True
Christian Kabasele,be BEL,DF,Udinese,it Serie A,33.0,1991.0,16,12,1161,12.9,2,0,2,2,0,0,0,0,1.5,1.5,0.4,1.9,9,44,7,0.16,0.14,15,4,26.7,1.16,0.31,0.13,0.5,12.1,0,0.1,0.5,0.5,481,564,85.3,9338,3292,0.5,-0.4,6,44,1,0,536,28,16,0,5,2,6,0,0,0,0,0,3,12,0.93,7,0,1,3,0,1,0,0.0,17,9,10,7,0,14,78.6,3,14,8,6,14,31,75,1,715,101,337,328,51,23,715,1,1,100.0,0,0.0,393,1930,1020,7,0,9,3,438,73,33.9,82.0,6,4,45.0,22,1.25,16,21,-5,-0.39,0.01,10.7,19.9,-9.2,-0.71,0,20,16,0,0,2,0,33,35,20,63.6,DEF,81512.0,exact,81512.0,2025-06-17,700000.0,81512,1991-02-24,Belgium,2027-06-30,187.0,right,33.85352498288843,29.894875164257556,13.45883704259595,1146.061153767051,Declining,False,False,False,False,True,BEL,UEFA,False,False,False,False,False,True
Issa Kaboré,bf BFA,"DF,FW",Werder Bremen,de Bundesliga,23.0,2001.0,9,3,308,3.4,0,0,0,0,0,0,0,0,0.7,0.7,0.8,1.5,15,8,35,0.0,0.45,7,0,0.0,2.05,0.0,0.0,,13.4,0,0.1,-0.7,-0.7,142,180,78.9,2066,736,0.5,-0.8,7,4,5,3,137,43,2,0,1,19,41,0,0,0,0,0,5,15,4.38,9,0,1,4,1,0,4,1.17,8,4,2,5,1,6,66.7,2,8,2,6,2,10,7,0,253,12,57,95,109,16,253,21,7,33.3,13,61.9,128,898,440,12,5,9,2,137,34,10.1,65.0,0,6,19.0,3,0.56,9,9,0,0.0,0.1,7.3,7.2,0.1,0.02,0,4,8,1,1,0,0,20,6,3,66.7,DEF,649452.0,exact,649452.0,2025-06-05,4000000.0,649452,2001-05-12,Burkina Faso,2026-06-30,180.0,right,23.641341546885695,17.904073587385017,15.201805169084134,558.9130301365037,Developing,True,False,False,False,False,BFA,CAF,False,True,False,False,False,False
Pavel Kadeřábek,cz CZE,DF,Hoffenheim,de Bundesliga,32.0,1992.0,24,18,1576,17.5,2,0,2,2,0,0,6,0,0.8,0.8,2.0,2.7,15,47,86,0.11,0.16,14,3,21.4,0.8,0.17,0.14,0.67,14.8,0,0.05,1.2,1.2,609,869,70.1,9600,3689,1.7,-2.0,21,45,16,12,692,171,10,1,1,74,161,0,0,0,0,6,16,41,2.34,29,7,3,1,0,1,1,0.06,25,14,14,4,7,31,48.4,16,13,3,10,20,45,54,1,1016,52,255,415,348,31,1016,8,5,62.5,3,37.5,456,1808,872,19,1,6,3,605,66,51.5,81.0,12,6,21.0,4,0.79,27,41,-14,-0.8,-0.31,19.7,30.3,-10.6,-0.61,0,21,8,4,0,0,0,25,57,44,56.4,DEF,143798.0,exact_accent_stripped,143798.0,2025-06-05,1700000.0,143798,1992-04-25,Czech Republic,2027-06-30,182.0,right,32.68720054757016,29.894875164257556,14.346139397261565,1068.4530796370707,Declining,True,False,False,False,False,CZE,UEFA,False,False,False,False,False,True
Ferdi Kadioglu,tr TUR,"DF,MF",Brighton,eng Premier League,24.0,1999.0,6,5,385,4.3,1,0,1,1,0,0,1,0,0.4,0.4,0.2,0.6,1,15,27,0.23,0.14,4,1,25.0,0.94,0.23,0.25,1.0,15.1,0,0.11,0.6,0.6,144,175,82.3,2372,698,0.3,-0.2,5,10,9,4,157,17,2,1,0,9,15,0,0,0,0,1,1,13,3.03,11,0,0,0,1,1,2,0.47,10,6,4,5,1,15,40.0,9,2,2,0,8,18,17,0,231,13,71,91,72,9,231,7,3,42.9,3,42.9,124,479,183,0,0,6,2,144,64,11.3,72.0,1,1,23.0,1,1.33,5,8,-3,-0.7,-1.0,5.2,9.3,-4.1,-0.96,0,5,3,1,0,0,0,14,3,1,75.0,DEF,369316.0,fuzzy_verified,369316.0,2025-05-30,25000000.0,369316,1999-10-07,Türkiye,2028-06-30,174.0,right,25.23750855578371,41.9185282522996,17.034386422832473,636.9318381032559,Developing,False,True,False,False,False,TUR,UEFA,False,False,False,False,False,True
Pierre Kalulu,fr FRA,DF,Juventus,it Serie A,24.0,2000.0,29,25,2337,26.0,1,0,1,1,0,0,2,1,0.7,0.7,0.5,1.2,48,117,24,0.04,0.05,7,3,42.9,0.27,0.12,0.14,0.33,10.9,0,0.1,0.3,0.3,1932,2076,93.1,32032,9746,0.8,-0.5,11,133,11,5,1967,107,44,2,4,22,27,0,0,0,0,2,11,36,1.39,30,0,1,1,3,1,1,0.04,41,25,29,9,3,24,75.0,6,27,15,12,17,58,68,1,2275,182,924,1197,165,17,2275,11,4,36.4,5,45.5,1559,9462,5089,36,2,19,7,1752,81,68.3,88.0,23,4,34.0,2,1.62,35,26,9,0.35,-0.82,32.9,22.0,10.9,0.42,0,26,19,2,0,1,0,95,27,47,36.5,DEF,585949.0,exact,585949.0,2025-06-17,28000000.0,585949,2000-06-05,France,2029-06-30,182.0,right,24.57494866529774,53.90932982917214,17.147715103853763,603.9281019020192,Developing,False,False,False,False,True,FRA,UEFA,False,False,False,False,False,True
Waren Kamanzi,no NOR,"DF,MF",Toulouse,fr Ligue 1,23.0,2000.0,24,11,1022,11.4,1,1,2,1,0,0,3,0,1.3,1.3,1.0,2.2,29,33,62,0.18,0.2,7,2,28.6,0.62,0.18,0.14,0.5,12.3,0,0.18,-0.3,-0.3,399,481,83.0,5867,1419,0.5,0.0,12,27,8,0,403,78,7,1,0,16,71,0,0,0,0,0,20,23,2.02,18,0,3,0,2,0,3,0.26,29,13,12,12,5,28,50.0,14,7,3,4,9,38,25,0,613,22,113,304,202,27,613,29,16,55.2,12,41.4,332,1988,1037,17,9,15,15,349,43,33.4,80.0,4,13,11.0,9,1.63,16,9,7,0.62,0.88,16.2,9.7,6.5,0.57,0,16,13,2,0,0,0,56,7,1,87.5,DEF,794758.0,fuzzy_verified,794758.0,2025-06-03,2000000.0,794758,2000-11-11,Norway,2026-06-30,177.0,right,24.139630390143736,17.904073587385017,14.508658238524095,582.7217553727511,Developing,False,False,False,True,False,NOR,UEFA,False,False,False,False,False,True
Hassane Kamara,ci CIV,DF,Udinese,it Serie A,30.0,1994.0,30,25,2001,22.2,1,4,5,1,0,0,8,1,0.9,0.9,2.7,3.6,52,61,103,0.22,0.16,17,3,17.6,0.76,0.13,0.06,0.33,20.1,0,0.05,0.1,0.1,780,1031,75.7,13889,4252,2.3,1.3,24,48,28,22,829,200,21,0,6,106,164,15,11,0,1,2,29,44,1.98,34,3,1,2,1,3,6,0.27,35,25,20,11,4,28,57.1,12,23,5,18,26,61,49,1,1241,57,363,509,384,24,1241,46,18,39.1,21,45.7,618,3311,1617,37,5,24,10,703,67,58.5,75.0,12,5,24.0,4,1.17,24,27,-3,-0.13,0.63,25.4,27.2,-1.8,-0.08,1,25,22,1,0,0,0,92,21,11,65.6,DEF,290017.0,exact,290017.0,2025-06-17,3500000.0,290017,1994-03-05,Cote d'Ivoire,2027-06-30,170.0,left,30.82819986310746,29.894875164257556,15.068273812173887,950.3779067996988,Declining,False,False,False,False,True,CIV,CAF,False,True,False,False,False,False
Willy Kambwala,fr FRA,DF,Villarreal,es La Liga,19.0,2004.0,19,12,1117,12.4,0,0,0,0,0,0,1,1,0.3,0.3,0.1,0.5,2,16,0,0.0,0.04,4,1,25.0,0.32,0.08,0.0,0.0,11.1,0,0.08,-0.3,-0.3,521,594,87.7,9621,3410,0.1,-0.1,1,9,1,0,538,52,24,0,2,0,13,0,0,0,0,4,5,5,0.4,3,0,0,2,0,0,0,0.0,17,12,14,2,1,12,83.3,2,10,7,3,10,27,56,1,706,118,431,262,17,6,706,5,5,100.0,0,0.0,367,1707,846,2,1,9,5,463,59,32.7,80.0,8,7,22.0,11,2.05,20,15,5,0.4,-0.18,17.4,15.7,1.7,0.14,0,5,0,0,0,0,0,30,16,18,47.1,DEF,780630.0,exact,780630.0,2025-06-09,4000000.0,780630,2004-08-25,France,2029-06-30,192.0,right,20.35318275154004,53.90932982917214,15.201805169084134,414.252048117587,Emerging,False,False,True,False,False,FRA,UEFA,False,False,False,False,False,True
Jakub Kamiński,pl POL,"DF,MF",Wolfsburg,de Bundesliga,22.0,2002.0,22,12,1130,12.6,0,2,2,0,0,0,2,0,0.9,0.9,3.3,4.2,41,40,69,0.16,0.34,15,3,20.0,1.19,0.24,0.0,0.0,17.2,0,0.06,-0.9,-0.9,328,466,70.4,5109,1624,3.6,-1.3,24,20,13,4,379,86,7,0,2,50,59,20,12,7,0,1,17,43,3.42,28,9,3,2,1,0,5,0.4,17,8,8,3,6,22,40.9,13,17,7,10,13,30,23,1,603,31,114,237,264,36,603,22,8,36.4,13,59.1,301,1914,1112,25,16,20,11,311,51,36.9,80.0,8,10,17.0,9,1.09,23,21,2,0.16,0.16,19.0,19.3,-0.3,-0.02,0,10,3,0,1,0,1,52,7,19,26.9,DEF,407098.0,exact_accent_stripped,407098.0,2025-06-05,5000000.0,407098,2002-06-05,Poland,2026-06-30,179.0,right,22.576317590691307,17.904073587385017,15.424948670398354,509.69011595575773,Developing,True,False,False,False,False,POL,UEFA,False,False,False,False,False,True
Michael Kayode,it ITA,DF,Brentford,eng Premier League,20.0,2004.0,12,6,528,5.9,0,1,1,0,0,0,2,0,0.2,0.2,1.2,1.5,12,12,24,0.17,0.25,2,0,0.0,0.34,0.0,0.0,,16.8,0,0.1,-0.2,-0.2,184,241,76.3,3294,961,0.7,-0.2,8,12,3,2,183,58,0,0,0,10,58,0,0,0,0,0,3,19,3.24,9,7,1,1,1,0,3,0.51,17,11,12,5,0,13,69.2,4,3,0,3,7,24,19,0,313,23,101,121,97,13,313,18,9,50.0,8,44.4,144,944,500,7,3,13,3,143,44,15.4,78.0,1,6,11.0,1,1.83,15,5,10,1.7,1.74,11.6,6.5,5.1,0.88,0,8,3,0,0,0,0,34,9,4,69.2,DEF,823486.0,exact,823486.0,2025-05-30,18000000.0,823486,2004-07-10,Italy,2030-06-30,179.0,right,20.479123887748116,65.90013140604468,16.705882371415992,419.3945152097355,Emerging,False,True,False,False,False,ITA,UEFA,False,False,False,False,False,True
Michael Keane,eng ENG,DF,Everton,eng Premier League,31.0,1993.0,14,11,1049,11.7,3,0,3,3,0,0,5,0,0.6,0.6,0.1,0.7,1,14,3,0.26,0.06,10,4,40.0,0.86,0.34,0.3,0.75,13.2,0,0.06,2.4,2.4,312,377,82.8,7049,2396,0.0,-0.1,2,21,0,0,365,8,4,0,12,1,0,0,0,0,0,4,7,6,0.51,6,0,0,0,0,0,0,0.0,12,9,8,2,2,15,53.3,7,14,10,4,16,28,65,2,513,106,295,198,22,17,513,1,0,0.0,1,100.0,229,904,290,1,0,2,2,286,75,30.7,90.0,11,3,20.0,22,1.29,12,20,-8,-0.69,-0.91,12.3,19.1,-6.8,-0.58,0,9,0,0,0,0,0,26,26,20,56.5,DEF,118534.0,exact,118534.0,2025-05-30,5000000.0,118534,1993-01-11,England,2027-06-30,188.0,right,31.972621492128678,29.894875164257556,15.424948670398354,1022.2485250789287,Declining,False,True,False,False,False,ENG,UEFA,False,False,False,False,False,True
Thilo Kehrer,de GER,DF,Monaco,fr Ligue 1,27.0,1996.0,27,27,2383,26.5,4,0,4,4,0,0,1,0,1.5,1.5,0.3,1.8,16,139,2,0.15,0.07,12,8,66.7,0.45,0.3,0.33,0.5,8.7,0,0.12,2.5,2.5,1622,1804,89.9,29814,12429,0.5,-0.3,5,125,1,0,1715,86,76,1,7,2,1,0,0,0,0,3,7,26,0.98,22,2,0,2,0,0,3,0.11,37,23,26,11,0,38,57.9,16,18,10,8,36,73,113,1,2060,187,852,1153,61,17,2060,3,1,33.3,1,33.3,1193,5962,3512,8,0,6,2,1419,88,77.9,88.0,25,0,,6,1.96,54,29,25,0.94,1.34,60.5,25.7,34.8,1.31,0,23,20,1,0,0,0,132,54,34,61.4,DEF,228948.0,exact,228948.0,2025-06-03,20000000.0,228948,1996-09-21,Germany,2028-06-30,186.0,both,28.279260780287473,41.9185282522996,16.811242881518265,799.7165902795052,Peak,False,False,False,True,False,GER,UEFA,False,False,False,False,False,True
Lloyd Kelly,eng ENG,DF,Newcastle Utd,eng Premier League,25.0,1998.0,10,4,303,3.4,0,1,1,0,0,0,2,0,0.4,0.4,0.5,0.9,0,9,5,0.3,0.26,3,0,0.0,0.89,0.0,0.0,,7.3,0,0.14,-0.4,-0.4,146,181,80.7,2636,867,0.1,0.5,2,6,1,1,159,22,7,0,0,1,15,0,0,0,0,0,5,2,0.59,2,0,0,0,0,0,1,0.3,5,4,4,1,0,1,100.0,0,6,4,2,1,6,17,0,215,26,105,94,19,4,215,3,2,66.7,1,33.3,120,474,202,2,0,3,2,129,30,8.9,68.0,1,6,6.0,14,1.6,1,6,-5,-1.49,-2.24,4.1,5.8,-1.7,-0.51,0,5,5,1,0,0,0,19,6,2,75.0,DEF,480116.0,exact,480116.0,2025-06-17,16000000.0,480116,1998-10-06,England,2029-06-30,189.0,left,26.239561943874058,53.90932982917214,16.588099342704055,688.5146110064037,Peak,False,True,False,False,False,ENG,UEFA,False,False,False,False,False,True
Lloyd Kelly,eng ENG,DF,Juventus,it Serie A,25.0,1998.0,12,11,1013,11.3,0,0,0,0,0,0,1,0,0.4,0.4,0.1,0.5,10,36,26,0.0,0.05,7,1,14.3,0.62,0.09,0.0,0.0,17.6,0,0.06,-0.4,-0.4,559,673,83.1,9185,2902,0.3,-0.1,3,54,2,0,626,47,16,1,2,14,16,0,0,0,0,0,13,12,1.07,10,1,0,1,0,0,0,0.0,15,11,5,9,1,9,77.8,2,11,6,5,2,17,56,3,797,92,323,383,95,18,797,1,0,0.0,1,100.0,433,2179,1160,9,0,9,3,520,84,29.6,88.0,9,1,45.0,1,2.08,15,12,3,0.27,-0.48,15.6,9.5,6.2,0.55,0,14,4,0,0,0,0,55,36,25,59.0,DEF,480116.0,exact,480116.0,2025-06-17,16000000.0,480116,1998-10-06,England,2029-06-30,189.0,left,26.239561943874058,53.90932982917214,16.588099342704055,688.5146110064037,Peak,False,False,False,False,True,ENG,UEFA,False,False,False,False,False,True
Marc-Oliver Kempf,de GER,DF,Como,it Serie A,29.0,1995.0,31,30,2615,29.1,0,0,0,0,0,0,6,1,1.6,1.6,1.2,2.7,17,85,4,0.0,0.09,20,4,20.0,0.69,0.14,0.0,0.0,10.8,0,0.08,-1.6,-1.6,1498,1718,87.2,26411,9892,1.2,-1.2,10,116,9,1,1582,127,59,3,14,4,12,0,0,0,0,9,12,34,1.17,29,0,0,5,0,0,2,0.07,30,20,15,14,1,24,54.2,11,35,26,9,33,63,136,4,2010,305,1004,932,85,26,2010,5,4,80.0,1,20.0,1136,5290,2703,8,1,12,5,1313,84,76.5,86.0,26,1,22.0,1,1.52,44,35,9,0.31,1.65,36.9,31.9,5.0,0.17,1,21,20,0,0,0,0,106,108,39,73.5,DEF,160938.0,fuzzy_verified,160938.0,2025-06-17,3000000.0,160938,1995-01-28,Germany,2027-06-30,186.0,left,29.927446954141,29.894875164257556,14.914123179965662,895.6520811929234,Peak,False,False,False,False,True,GER,UEFA,False,False,False,False,False,True
Milos Kerkez,hu HUN,DF,Bournemouth,eng Premier League,20.0,2003.0,38,38,3336,37.1,2,5,7,2,0,0,4,0,0.6,0.5,3.9,4.4,106,159,197,0.19,0.12,19,5,26.3,0.51,0.13,0.11,0.4,20.2,0,0.03,1.4,1.5,1346,1776,75.8,20911,6878,2.6,1.1,35,87,41,27,1466,305,18,2,3,142,279,7,5,1,0,5,55,83,2.24,67,4,2,2,5,3,9,0.24,52,26,25,20,7,38,63.2,14,38,11,27,45,97,106,4,2158,112,552,900,731,69,2158,48,22,45.8,16,33.3,1094,6388,3711,73,16,49,22,1196,88,97.5,88.0,32,0,,0,1.47,52,45,7,0.19,-5.17,59.3,48.0,11.3,0.3,0,30,50,3,0,0,0,169,28,49,36.4,DEF,730861.0,exact,730861.0,2025-05-30,45000000.0,730861,2003-11-07,Hungary,2030-06-30,180.0,left,21.152635181382614,65.90013140604468,17.622173069956816,447.43397511666547,Emerging,False,True,False,False,False,HUN,UEFA,False,False,False,False,False,True
Abdukodir Khusanov,uz UZB,DF,Manchester City,eng Premier League,20.0,2004.0,6,6,503,5.6,0,0,0,0,0,0,1,0,0.0,0.0,0.1,0.1,1,25,2,0.0,0.02,1,0,0.0,0.18,0.0,0.0,,23.9,0,0.02,0.0,0.0,360,395,91.1,6126,1976,0.1,-0.1,2,23,0,0,385,10,6,0,1,1,3,0,0,0,0,0,3,5,0.89,5,0,0,0,0,0,0,0.0,5,4,4,1,0,3,66.7,1,5,4,1,3,8,29,1,445,45,205,211,31,1,445,2,0,0.0,2,100.0,274,1155,435,1,0,2,1,332,84,14.7,84.0,5,0,,5,1.67,8,6,2,0.36,-0.44,9.0,7.0,2.1,0.37,0,3,3,0,0,0,1,27,6,4,60.0,DEF,763079.0,exact,763079.0,2025-05-30,35000000.0,763079,2004-02-29,Uzbekistan,2029-06-30,186.0,right,20.840520191649556,53.90932982917214,17.370858648025116,434.32728185855285,Emerging,False,True,False,False,False,UZB,AFC,True,False,False,False,False,False
Abdukodir Khusanov,uz UZB,DF,Lens,fr Ligue 1,20.0,2004.0,13,11,975,10.8,0,0,0,0,0,0,2,1,0.2,0.2,0.3,0.6,2,43,6,0.0,0.05,6,4,66.7,0.55,0.37,0.0,0.0,24.6,2,0.04,-0.2,-0.2,483,548,88.1,8942,3769,0.2,-0.3,2,39,4,1,521,26,13,0,3,5,8,0,0,0,0,1,3,11,1.02,9,0,0,2,0,0,0,0.0,15,11,9,5,1,11,63.6,4,17,11,6,26,41,57,0,683,90,335,322,34,4,683,1,1,100.0,0,0.0,339,1452,642,4,0,5,1,392,75,31.9,87.0,10,2,9.0,0,1.62,12,9,3,0.28,0.28,14.3,13.1,1.3,0.12,0,13,3,0,0,1,0,50,27,12,69.2,DEF,763079.0,exact,763079.0,2025-05-30,35000000.0,763079,2004-02-29,Uzbekistan,2029-06-30,186.0,right,20.840520191649556,53.90932982917214,17.370858648025116,434.32728185855285,Emerging,False,False,False,True,False,UZB,AFC,True,False,False,False,False,False
Jakub Kiwior,pl POL,DF,Arsenal,eng Premier League,24.0,2000.0,17,10,1122,12.5,1,0,1,1,0,0,1,0,0.2,0.2,0.3,0.5,5,48,1,0.08,0.04,3,1,33.3,0.24,0.08,0.33,1.0,18.5,0,0.06,0.8,0.8,673,736,91.4,11598,3392,0.3,-0.3,5,65,3,0,704,31,10,3,1,2,4,0,0,0,0,1,1,8,0.64,7,0,1,0,0,0,0,0.0,22,8,13,7,2,15,73.3,4,13,8,5,6,28,58,3,846,100,281,494,72,5,846,5,3,60.0,2,40.0,492,1988,1037,7,1,3,2,615,66,32.8,90.0,10,7,32.0,20,1.82,19,15,4,0.32,-0.89,20.7,13.8,6.9,0.55,0,10,4,1,0,0,0,31,11,13,45.8,DEF,425918.0,exact,425918.0,2025-05-30,28000000.0,425918,2000-02-15,Poland,2026-06-30,189.0,left,24.878850102669404,17.904073587385017,17.147715103853763,618.9571824310934,Developing,False,True,False,False,False,POL,UEFA,False,False,False,False,False,True
Lukas Klostermann,de GER,DF,RB Leipzig,de Bundesliga,28.0,1996.0,28,20,1838,20.4,1,0,1,1,0,0,5,0,0.3,0.3,0.1,0.4,16,83,26,0.05,0.02,4,2,50.0,0.2,0.1,0.25,0.5,14.5,0,0.08,0.7,0.7,1071,1211,88.4,18474,6021,0.7,-0.1,2,80,7,1,1162,46,19,0,1,11,26,0,0,0,0,3,18,17,0.83,14,2,0,1,0,0,2,0.1,27,14,18,7,2,24,58.3,10,31,17,14,24,51,143,3,1472,161,608,751,118,13,1472,5,4,80.0,1,20.0,752,3051,1573,14,1,9,0,988,66,60.1,85.0,15,8,17.0,3,1.64,26,24,2,0.1,-0.12,26.5,32.7,-6.2,-0.3,0,13,7,0,0,0,0,74,20,30,40.0,DEF,215599.0,exact,215599.0,2025-06-05,8000000.0,215599,1996-06-03,Germany,2028-06-30,189.0,right,28.580424366872005,41.9185282522996,15.894952224644102,816.8406569904911,Peak,True,False,False,False,False,GER,UEFA,False,False,False,False,False,True
Robin Koch,de GER,DF,Eint Frankfurt,de Bundesliga,28.0,1996.0,30,30,2586,28.7,3,0,3,3,0,0,3,0,1.7,1.7,0.2,2.0,9,93,4,0.1,0.07,15,6,40.0,0.52,0.21,0.2,0.5,17.6,2,0.12,1.3,1.3,1631,1799,90.7,30310,10229,0.5,-0.2,7,98,5,0,1690,107,46,0,6,1,3,0,0,0,0,2,16,21,0.73,18,0,0,3,0,0,4,0.14,24,11,14,8,2,22,45.5,12,39,25,14,25,49,197,4,2148,399,1075,1019,60,29,2148,3,1,33.3,2,66.7,1244,5204,2780,6,0,12,3,1397,86,84.5,86.0,27,0,,0,1.87,62,37,25,0.87,1.44,56.8,39.7,17.2,0.6,0,24,13,1,0,1,0,112,102,48,68.0,DEF,328784.0,exact,328784.0,2025-06-05,18000000.0,328784,1996-07-17,Germany,2030-06-30,192.0,right,28.459958932238195,65.90013140604468,16.705882371415992,809.9692624246846,Peak,True,False,False,False,False,GER,UEFA,False,False,False,False,False,True
Derrick Köhn,de GER,"DF,FW",Werder Bremen,de Bundesliga,25.0,1999.0,27,14,1343,14.9,2,2,4,2,0,0,2,0,0.7,0.7,1.6,2.4,36,39,122,0.27,0.16,13,4,30.8,0.87,0.27,0.15,0.5,15.7,0,0.06,1.3,1.3,581,733,79.3,8631,2102,2.0,0.4,16,22,16,6,610,122,2,1,2,58,115,5,2,3,0,1,28,38,2.55,31,1,2,1,3,0,4,0.27,20,10,7,10,3,14,71.4,4,21,4,17,10,30,26,0,908,34,232,360,325,31,908,41,15,36.6,21,51.2,549,2550,1333,24,7,23,12,587,50,43.9,77.0,1,13,20.0,4,1.37,23,29,-6,-0.4,-0.56,18.3,21.3,-3.0,-0.2,0,14,19,4,0,0,0,57,8,13,38.1,DEF,391780.0,exact,391780.0,2025-06-05,5000000.0,391780,1999-02-04,Ghana,2029-06-30,180.0,left,25.908281998631075,53.90932982917214,15.424948670398354,671.239076120591,Developing,True,False,False,False,False,GER,UEFA,False,False,False,False,False,True
Dominik Kohr,de GER,"DF,MF",Mainz 05,de Bundesliga,30.0,1994.0,28,28,2295,25.5,2,0,2,2,0,0,11,1,1.6,1.6,0.6,2.1,26,101,31,0.08,0.08,13,5,38.5,0.51,0.2,0.15,0.4,19.6,0,0.14,0.4,0.4,1109,1368,81.1,20892,7386,1.7,-0.6,11,76,13,3,1260,103,35,5,11,16,37,0,0,0,0,5,21,29,1.14,25,1,1,2,0,0,2,0.08,62,46,34,21,7,55,63.6,20,43,24,19,42,104,127,0,1693,220,814,744,143,22,1693,9,5,55.6,4,44.4,835,3853,1745,20,4,20,7,998,82,75.0,82.0,18,0,,0,1.57,40,28,12,0.47,0.47,36.0,34.2,1.8,0.07,0,46,36,1,0,2,0,99,38,34,52.8,DEF,118847.0,exact,118847.0,2025-06-05,3500000.0,118847,1994-01-31,Germany,2028-06-30,183.0,right,30.91854893908282,41.9185282522996,15.068273812173887,955.9566684984595,Declining,True,False,False,False,False,GER,UEFA,False,False,False,False,False,True
Sead Kolašinac,ba BIH,DF,Atalanta,it Serie A,31.0,1993.0,23,23,1903,21.1,0,2,2,0,0,0,7,0,0.8,0.8,1.8,2.6,52,142,47,0.09,0.12,10,2,20.0,0.47,0.09,0.0,0.0,13.2,0,0.08,-0.8,-0.8,1115,1275,87.5,17226,6037,1.5,0.2,17,105,12,2,1237,35,15,0,1,10,20,0,0,0,0,3,17,37,1.75,33,0,0,3,1,0,4,0.19,41,26,21,20,0,30,53.3,14,16,7,9,25,66,53,1,1458,71,483,761,230,27,1458,15,3,20.0,12,80.0,878,4210,2812,52,2,17,16,1001,83,55.6,83.0,16,0,,0,1.96,42,18,24,1.14,0.13,33.6,19.3,14.3,0.68,0,38,20,3,0,0,1,135,34,26,56.7,DEF,94005.0,exact_accent_stripped,94005.0,2025-06-17,7000000.0,94005,1993-06-20,Bosnia-Herzegovina,2027-06-30,183.0,left,31.534565366187543,29.894875164257556,15.76142084987672,994.4288128343549,Declining,False,False,False,False,True,BIH,UEFA,False,False,False,False,False,True
Marco Komenda,hr CRO,DF,Holstein Kiel,de Bundesliga,27.0,1996.0,19,17,1307,14.5,0,0,0,0,0,0,3,0,0.1,0.1,0.8,0.9,13,53,16,0.0,0.06,3,0,0.0,0.21,0.0,0.0,,20.4,0,0.03,-0.1,-0.1,592,751,78.8,11619,5591,0.8,-0.8,9,66,9,5,711,37,21,1,2,16,16,0,0,0,0,3,6,23,1.58,21,0,1,0,0,1,1,0.07,26,17,12,13,1,15,73.3,4,23,11,12,6,32,68,0,905,109,462,390,54,11,905,1,1,100.0,0,0.0,440,1831,1096,8,1,3,0,596,69,42.7,76.0,9,2,9.0,6,0.89,22,32,-10,-0.69,0.39,16.9,24.4,-7.5,-0.52,0,16,13,0,0,0,0,37,15,31,32.6,DEF,335631.0,exact,335631.0,2025-06-05,800000.0,335631,1996-11-26,Germany,2028-06-30,184.0,left,28.098562628336754,41.9185282522996,13.592368256649284,789.5292217785629,Peak,True,False,False,False,False,CRO,UEFA,False,False,False,False,False,True
Ibrahima Konaté,fr FRA,DF,Liverpool,eng Premier League,25.0,1999.0,31,30,2560,28.4,1,2,3,1,0,0,5,0,1.7,1.7,1.0,2.7,25,115,3,0.11,0.1,19,3,15.8,0.67,0.11,0.05,0.33,10.5,0,0.09,-0.7,-0.7,1718,1905,90.2,31820,10824,0.9,1.0,10,143,9,0,1856,46,41,1,5,0,5,0,0,0,0,3,9,31,1.09,26,0,0,4,0,1,7,0.25,40,26,25,13,2,35,71.4,10,29,15,14,17,57,133,3,2185,223,928,1145,119,23,2185,6,3,50.0,2,33.3,1290,6124,3603,15,0,8,2,1576,83,74.9,84.0,24,1,45.0,1,2.26,59,28,31,1.09,-0.38,58.6,26.9,31.7,1.11,0,27,20,0,0,0,0,98,74,29,71.8,DEF,357119.0,exact,357119.0,2025-05-30,60000000.0,357119,1999-05-25,France,2026-06-30,194.0,right,25.607118412046542,17.904073587385017,17.909855136853043,655.7245133685731,Developing,False,True,False,False,False,FRA,UEFA,False,False,False,False,False,True
Geoffrey Kondogbia,cf CTA,"DF,MF",Marseille,fr Ligue 1,31.0,1993.0,25,22,2020,22.4,0,0,0,0,0,0,1,0,0.5,0.5,0.2,0.7,20,105,11,0.0,0.03,8,1,12.5,0.36,0.04,0.0,0.0,13.4,0,0.06,-0.5,-0.5,1668,1803,92.5,26671,8282,1.1,-0.2,5,120,13,2,1745,57,27,2,3,4,8,0,0,0,0,1,10,24,1.07,20,0,1,2,0,1,0,0.0,60,38,31,26,3,34,79.4,7,23,6,17,22,82,64,4,2013,155,672,1133,214,15,2013,15,10,66.7,4,26.7,1301,5734,3107,33,0,13,13,1550,81,66.0,89.0,18,3,23.0,0,1.72,41,31,10,0.45,-1.03,32.7,30.9,1.8,0.08,0,19,17,1,0,0,0,108,27,15,64.3,DEF,127189.0,exact,127189.0,2025-06-03,7000000.0,127189,1993-02-15,Central African Republic,2027-06-30,188.0,left,31.876796714579054,29.894875164257556,15.76142084987672,1016.1301687825979,Declining,False,False,False,True,False,CTA,CAF,False,True,False,False,False,False
Ezri Konsa,eng ENG,DF,Aston Villa,eng Premier League,26.0,1997.0,34,33,2936,32.6,2,0,2,2,0,0,1,0,1.3,1.3,0.4,1.7,24,90,11,0.06,0.05,11,5,45.5,0.34,0.15,0.18,0.4,8.8,0,0.12,0.7,0.7,1555,1673,92.9,26299,8781,0.6,-0.4,6,106,2,0,1538,134,84,6,0,5,34,0,0,0,0,1,21,24,0.74,19,2,1,2,0,0,3,0.09,34,18,20,10,4,25,80.0,5,20,11,9,24,58,114,4,1915,250,883,934,107,22,1915,18,8,44.4,7,38.9,1132,5817,3008,15,2,17,10,1338,86,85.8,88.0,32,1,45.0,1,1.76,48,45,3,0.09,-0.65,46.5,43.4,3.1,0.1,0,9,47,1,0,0,0,97,31,23,57.4,DEF,413403.0,exact,413403.0,2025-05-30,35000000.0,413403,1997-10-23,England,2028-06-30,180.0,right,27.19233401779603,41.9185282522996,17.370858648025116,739.4230293353871,Peak,False,True,False,False,False,ENG,UEFA,False,False,False,False,False,True
Odilon Kossounou,ci CIV,DF,Atalanta,it Serie A,23.0,2001.0,18,12,1125,12.5,0,0,0,0,0,0,1,0,0.5,0.5,0.0,0.6,13,46,14,0.0,0.04,6,4,66.7,0.48,0.32,0.0,0.0,17.5,0,0.09,-0.5,-0.5,599,679,88.2,10625,3587,0.2,0.0,1,53,2,0,653,25,16,1,3,3,9,0,0,0,0,1,6,7,0.56,6,0,1,0,0,0,0,0.0,16,11,8,6,2,13,46.2,7,16,6,10,13,29,25,1,790,49,274,426,93,15,790,12,5,41.7,7,58.3,456,2228,1135,7,4,12,3,532,63,32.9,81.0,8,6,26.0,2,2.22,25,15,10,0.8,-0.42,22.6,12.6,10.0,0.8,0,15,6,1,0,0,0,62,23,17,57.5,DEF,644771.0,exact,644771.0,2025-06-17,25000000.0,644771,2001-01-04,Cote d'Ivoire,2029-06-30,191.0,right,23.991786447638603,53.90932982917214,17.034386422832473,575.6058169490954,Developing,False,False,False,False,True,CIV,CAF,False,True,False,False,False,False
Henri Koudossou,de GER,DF,Augsburg,de Bundesliga,24.0,1999.0,21,4,748,8.3,0,0,0,0,0,0,1,0,0.1,0.1,0.8,0.9,19,23,48,0.0,0.1,2,0,0.0,0.24,0.0,0.0,,19.5,0,0.04,-0.1,-0.1,283,359,78.8,4431,1567,0.8,-0.8,10,10,12,6,301,57,2,0,0,24,55,0,0,0,0,1,10,18,2.17,15,0,1,1,0,1,2,0.24,18,10,6,11,1,19,57.9,8,8,2,6,15,33,37,0,469,32,134,189,148,12,469,17,8,47.1,8,47.1,220,1208,577,12,4,14,2,240,36,24.4,78.0,1,17,26.0,5,1.24,11,12,-1,-0.12,0.46,11.6,11.9,-0.3,-0.04,0,7,5,2,0,0,0,39,8,7,53.3,DEF,515624.0,exact,515624.0,2025-06-05,2000000.0,515624,1999-09-03,Germany,2026-06-30,180.0,right,25.3305954825462,17.904073587385017,14.508658238524095,641.63906750039,Developing,True,False,False,False,False,GER,UEFA,False,False,False,False,False,True
Konstantinos Koulierakis,gr GRE,DF,Wolfsburg,de Bundesliga,20.0,2003.0,30,28,2468,27.4,0,2,2,0,0,0,4,0,1.0,1.0,1.0,1.9,20,104,8,0.07,0.07,22,3,13.6,0.8,0.11,0.0,0.0,16.4,0,0.04,-1.0,-1.0,1292,1557,83.0,26360,9632,0.8,1.0,10,103,12,4,1434,118,34,1,30,13,17,0,0,0,0,5,9,31,1.13,24,2,0,4,0,1,4,0.15,40,20,25,13,2,40,62.5,15,34,14,20,33,73,147,2,1886,283,957,839,97,30,1886,12,7,58.3,5,41.7,1049,5137,2681,17,0,18,2,1205,82,80.7,86.0,24,2,26.0,1,1.33,44,40,4,0.15,0.45,35.8,42.4,-6.6,-0.24,0,24,13,2,0,0,0,93,59,39,60.2,DEF,669380.0,exact,669380.0,2025-06-05,25000000.0,669380,2003-11-28,Greece,2029-06-30,188.0,left,21.09514031485284,53.90932982917214,17.034386422832473,445.00494490332966,Emerging,True,False,False,False,False,GRE,UEFA,False,False,False,False,False,True
Jules Koundé,fr FRA,DF,Barcelona,es La Liga,25.0,1998.0,32,29,2605,28.9,2,3,5,2,0,0,4,0,1.8,1.8,3.9,5.7,44,165,190,0.17,0.2,18,6,33.3,0.62,0.21,0.11,0.33,14.1,0,0.11,0.2,0.2,1856,2140,86.7,28736,8279,3.8,-0.9,32,154,29,8,1803,332,66,6,13,63,266,0,0,0,0,5,25,59,2.04,55,0,2,2,0,0,7,0.24,63,43,29,23,11,66,66.7,22,35,5,30,20,83,68,2,2453,79,567,1194,706,79,2453,50,22,44.0,27,54.0,1287,4667,2501,42,7,41,13,1625,81,76.2,88.0,25,3,21.0,1,2.28,77,30,47,1.62,-0.14,68.6,31.3,37.3,1.29,0,22,19,7,0,0,0,107,30,23,56.6,DEF,411975.0,exact,411975.0,2025-06-09,65000000.0,411975,1998-11-12,France,2030-06-30,180.0,right,26.138261464750173,65.90013140604468,17.989897843244528,683.2087123996438,Peak,False,False,True,False,False,FRA,UEFA,False,False,False,False,False,True
Emil Krafth,se SWE,DF,Newcastle Utd,eng Premier League,29.0,1994.0,12,2,342,3.8,0,0,0,0,0,0,2,0,0.0,0.0,0.1,0.1,5,8,3,0.0,0.03,1,0,0.0,0.26,0.0,0.0,,14.6,0,0.03,0.0,0.0,124,158,78.5,2017,786,0.0,-0.1,1,6,1,0,138,20,4,0,0,2,16,0,0,0,0,0,4,3,0.79,2,0,0,1,0,0,0,0.0,4,2,2,1,1,3,66.7,1,5,4,1,2,6,16,0,199,34,100,73,28,4,199,1,0,0.0,1,100.0,82,397,175,6,0,2,2,98,29,10.0,90.0,2,10,16.0,14,1.92,5,2,3,0.79,0.26,4.9,6.5,-1.5,-0.4,0,5,2,0,0,0,0,19,8,8,50.0,DEF,184528.0,exact,184528.0,2025-05-30,2000000.0,184528,1994-08-02,Sweden,2026-06-30,184.0,right,30.417522245037645,17.904073587385017,14.508658238524095,925.22565952736,Declining,False,True,False,False,False,SWE,UEFA,False,False,False,False,False,True
Frans Krätzig,de GER,"DF,MF",Heidenheim,de Bundesliga,21.0,2003.0,16,15,1217,13.5,1,2,3,1,0,0,1,0,0.6,0.6,1.8,2.5,25,37,57,0.22,0.18,9,3,33.3,0.67,0.22,0.11,0.33,17.4,0,0.07,0.4,0.4,419,552,75.9,6940,2169,1.8,0.2,28,28,14,5,461,88,17,1,1,38,47,24,13,4,0,3,12,45,3.33,31,10,2,0,0,2,2,0.15,32,18,14,12,6,21,57.1,9,12,1,11,17,49,15,0,676,23,186,289,210,26,676,20,9,45.0,11,55.0,372,1784,822,17,6,21,8,403,76,39.8,80.0,5,1,20.0,1,1.06,12,18,-6,-0.44,0.58,13.0,20.5,-7.5,-0.56,0,7,4,4,0,1,0,60,3,4,42.9,DEF,604320.0,exact,604320.0,2025-06-05,3500000.0,604320,2003-01-14,Germany,2029-06-30,177.0,left,21.965776865160848,53.90932982917214,15.068273812173887,482.4953532900355,Emerging,True,False,False,False,False,GER,UEFA,False,False,False,False,False,True
Ladislav Krejčí,cz CZE,DF,Girona,es La Liga,25.0,1999.0,28,27,2440,27.1,2,0,2,2,0,0,9,0,1.7,1.7,0.3,2.0,29,144,6,0.07,0.07,18,5,27.8,0.66,0.18,0.11,0.4,14.8,0,0.09,0.3,0.3,1924,2135,90.1,35129,12417,0.8,-0.3,8,150,12,2,2041,92,57,3,8,11,12,0,0,0,0,2,7,29,1.07,25,1,0,2,1,0,4,0.15,23,16,19,4,0,26,53.8,12,24,19,5,34,57,93,5,2351,259,1089,1175,106,28,2351,12,7,58.3,4,33.3,1523,8408,5129,18,1,15,8,1805,87,71.3,90.0,27,1,10.0,6,0.89,28,45,-17,-0.63,-0.72,27.6,39.2,-11.5,-0.43,0,24,17,0,1,0,1,101,55,24,69.6,DEF,345911.0,exact,345911.0,2025-06-09,12000000.0,345911,1999-04-20,Czech Republic,2026-06-30,191.0,left,25.702943189596166,17.904073587385017,16.300417291085605,660.6412886076079,Developing,False,False,True,False,False,CZE,UEFA,False,False,False,False,False,True
Rasmus Kristensen,dk DEN,DF,Eint Frankfurt,de Bundesliga,27.0,1997.0,30,28,2513,27.9,5,3,8,5,0,0,4,0,2.5,2.5,3.1,5.6,51,172,162,0.29,0.2,24,8,33.3,0.86,0.29,0.21,0.63,13.7,0,0.1,2.5,2.5,1263,1626,77.7,20684,8380,4.8,-0.1,20,134,35,9,1401,219,16,2,9,59,203,0,0,0,0,6,38,60,2.15,46,4,2,5,2,1,10,0.36,59,33,37,17,5,67,59.7,27,50,13,37,20,79,97,1,1955,125,590,870,509,61,1955,49,22,44.9,24,49.0,1084,4560,2320,36,9,37,15,1218,84,82.1,86.0,24,2,52.0,0,1.6,50,40,10,0.36,-1.62,53.1,40.6,12.5,0.45,0,24,12,0,0,0,0,121,44,30,59.5,DEF,369684.0,exact,369684.0,2025-06-05,14000000.0,369684,1997-07-11,Denmark,2029-06-30,187.0,right,27.477070499657767,53.90932982917214,16.454567959008102,754.9894032431631,Peak,True,False,False,False,False,DEN,UEFA,False,False,False,False,False,True
Thomas Kristensen,dk DEN,DF,Udinese,it Serie A,22.0,2002.0,24,19,1754,19.5,1,0,1,1,0,0,5,0,0.9,0.9,0.3,1.2,19,76,19,0.05,0.06,4,1,25.0,0.21,0.05,0.25,1.0,11.0,0,0.23,0.1,0.1,757,947,79.9,14606,5161,0.6,-0.3,4,66,7,2,878,68,32,1,3,10,35,0,0,0,0,1,17,17,0.87,16,1,0,0,0,0,1,0.05,31,21,16,11,4,32,62.5,12,18,13,5,21,52,80,2,1144,105,464,612,79,14,1144,13,10,76.9,3,23.1,618,3172,1772,13,1,16,9,693,73,51.3,86.0,16,5,24.0,4,1.21,19,31,-12,-0.62,-0.45,20.1,27.4,-7.3,-0.37,0,31,3,1,0,1,0,63,61,32,65.6,DEF,698259.0,exact_birthyear_corrected,698259.0,2025-06-17,6000000.0,698259,2002-01-17,Denmark,2028-06-30,198.0,right,22.95687885010267,41.9185282522996,15.607270193858982,527.0182865382912,Developing,False,False,False,False,True,DEN,UEFA,False,False,False,False,False,True
Lukas Kübler,de GER,DF,Freiburg,de Bundesliga,31.0,1992.0,28,22,1842,20.5,5,1,6,5,0,0,5,0,2.7,2.7,0.8,3.5,24,78,49,0.29,0.17,18,10,55.6,0.88,0.49,0.28,0.5,15.9,0,0.15,2.3,2.3,800,1037,77.1,13701,4401,1.1,0.2,11,77,15,5,852,178,16,0,3,30,162,0,0,0,0,7,15,26,1.27,21,1,0,4,0,0,4,0.2,40,21,17,20,3,48,56.3,21,32,13,19,53,93,61,3,1268,75,370,650,258,26,1268,9,0,0.0,7,77.8,519,2373,1091,17,3,12,7,681,66,60.2,78.0,8,6,20.0,3,1.46,31,35,-4,-0.2,-0.2,25.6,26.3,-0.7,-0.04,0,25,23,1,0,0,0,73,42,22,65.6,DEF,93604.0,exact,93604.0,2025-06-05,1500000.0,93604,1992-08-30,Germany,,182.0,right,32.33949349760438,,14.220976332738882,1045.842839681596,Declining,True,False,False,False,False,GER,UEFA,False,False,False,False,False,True
Sael Kumbedi,fr FRA,DF,Lyon,fr Ligue 1,19.0,2005.0,14,12,951,10.6,0,0,0,0,0,0,2,0,0.3,0.3,0.3,0.6,23,37,71,0.0,0.06,4,2,50.0,0.38,0.19,0.0,0.0,14.4,0,0.08,-0.3,-0.3,436,509,85.7,6027,1630,0.8,-0.3,5,19,14,2,447,61,5,1,0,14,56,0,0,0,0,1,11,15,1.42,13,0,0,1,1,0,4,0.38,28,14,11,13,4,20,70.0,6,11,3,8,8,36,32,1,629,28,181,269,180,20,629,22,9,40.9,12,54.5,324,1392,871,15,6,10,11,419,68,31.1,78.0,4,2,5.0,12,1.93,18,12,6,0.57,0.01,14.2,15.4,-1.3,-0.12,0,17,10,0,0,0,0,32,3,7,30.0,DEF,951579.0,exact_accent_stripped,951579.0,2025-06-03,7000000.0,951579,2005-03-26,France,2029-06-30,175.0,right,19.770020533880903,53.90932982917214,15.76142084987672,390.85371191007255,Emerging,False,False,False,True,False,FRA,UEFA,False,False,False,False,False,True
Marash Kumbulla,al ALB,DF,Espanyol,es La Liga,24.0,2000.0,35,34,2972,33.0,3,0,3,3,0,0,9,0,1.8,1.8,0.0,1.9,11,71,3,0.09,0.06,16,5,31.3,0.48,0.15,0.19,0.6,11.4,0,0.11,1.2,1.2,1189,1407,84.5,23425,8594,0.3,0.0,1,43,4,2,1350,52,34,0,7,6,2,0,0,0,0,5,8,16,0.48,11,0,1,3,1,0,2,0.06,51,26,35,14,2,41,58.5,17,48,35,13,34,85,224,2,1845,331,1149,653,51,24,1845,8,4,50.0,2,25.0,998,4956,2892,11,0,14,1,1155,85,86.9,87.0,29,1,27.0,0,1.11,35,45,-10,-0.3,-0.1,29.9,48.0,-18.0,-0.55,0,37,29,0,0,0,1,74,71,44,61.7,DEF,371371.0,exact,371371.0,2025-06-09,7500000.0,371371,2000-02-08,Albania,2026-06-30,191.0,right,24.89801505817933,17.904073587385017,15.830413711839864,619.9111538373246,Developing,False,False,True,False,False,ALB,UEFA,False,False,False,False,False,True
Giorgos Kyriakopoulos,gr GRE,DF,Monza,it Serie A,28.0,1996.0,34,33,2845,31.6,2,4,6,2,0,0,5,0,0.9,0.9,3.3,4.2,67,97,132,0.19,0.13,27,9,33.3,0.85,0.28,0.07,0.22,21.5,4,0.03,1.1,1.1,1055,1411,74.8,17169,6200,2.6,0.7,41,75,25,15,1074,333,35,3,2,170,253,45,14,25,0,4,39,70,2.21,41,18,3,3,5,0,6,0.19,43,26,20,18,5,61,49.2,31,28,10,18,23,66,79,0,1692,92,494,655,559,33,1692,43,16,37.2,16,37.2,865,5233,2772,52,11,27,17,942,84,83.2,84.0,25,1,59.0,0,0.44,23,57,-34,-1.08,0.02,23.8,43.6,-19.8,-0.63,0,24,37,6,0,1,1,94,26,33,44.1,DEF,311178.0,fuzzy_verified,311178.0,2025-06-17,2500000.0,311178,1996-02-05,Greece,2029-06-30,186.0,left,28.906228610540726,53.90932982917214,14.731801689838349,835.5700524848432,Peak,False,False,False,False,True,GRE,UEFA,False,False,False,False,False,True
Maxence Lacroix,fr FRA,DF,Crystal Palace,eng Premier League,24.0,2000.0,35,35,3116,34.6,1,1,2,1,0,0,5,0,3.4,3.4,1.0,4.4,8,65,7,0.06,0.13,30,5,16.7,0.87,0.14,0.03,0.2,10.8,0,0.11,-2.4,-2.4,1207,1477,81.7,24841,9717,1.0,0.0,8,71,4,2,1433,44,40,3,7,7,2,0,0,0,0,0,12,28,0.81,23,1,0,4,0,0,4,0.12,68,41,52,15,1,47,68.1,15,48,22,26,54,122,207,2,1934,362,1184,672,85,45,1934,14,8,57.1,4,28.6,1030,4806,2203,6,0,21,6,1136,89,91.1,89.0,32,0,,0,1.49,49,45,4,0.12,1.3,57.1,43.3,13.8,0.4,0,34,19,1,0,1,0,130,60,50,54.5,DEF,434224.0,exact,434224.0,2025-05-30,25000000.0,434224,2000-04-06,France,2029-06-30,190.0,right,24.739219712525667,53.90932982917214,17.034386422832473,612.0289919846185,Developing,False,True,False,False,False,FRA,UEFA,False,False,False,False,False,True
Yoel Lago,es ESP,DF,Celta Vigo,es La Liga,20.0,2004.0,8,7,583,6.5,0,1,1,0,0,0,2,0,0.0,0.0,0.1,0.1,1,31,0,0.15,0.02,0,0,,0.0,0.0,,,,0,,0.0,0.0,394,426,92.5,7470,2948,0.1,0.9,1,25,0,0,412,14,12,2,1,0,2,0,0,0,0,0,1,2,0.31,2,0,0,0,0,0,1,0.15,12,8,8,3,1,9,77.8,2,5,4,1,4,16,30,0,487,64,274,205,10,2,487,5,3,60.0,1,20.0,289,1403,776,3,0,5,1,360,73,17.0,81.0,5,1,14.0,8,1.25,12,14,-2,-0.31,-0.44,9.7,12.5,-2.8,-0.43,0,16,9,0,0,1,0,22,3,6,33.3,DEF,939374.0,exact,939374.0,2025-06-09,1000000.0,939374,2004-03-25,Spain,2029-06-30,185.0,right,20.772073921971252,53.90932982917214,13.815511557963774,431.47905501983814,Emerging,False,False,True,False,False,ESP,UEFA,False,False,False,False,False,True
Konrad Laimer,at AUT,DF,Bayern Munich,de Bundesliga,27.0,1997.0,29,19,1699,18.9,2,2,4,2,0,0,8,0,2.1,2.1,2.7,4.8,87,141,113,0.21,0.25,18,6,33.3,0.95,0.32,0.11,0.33,17.1,0,0.12,-0.1,-0.1,1075,1225,87.8,14939,3794,3.2,-0.7,20,104,25,4,1110,114,10,3,2,21,104,0,0,0,0,1,28,62,3.28,56,2,1,1,1,1,8,0.42,49,27,19,22,8,48,47.9,25,24,1,23,8,57,24,1,1421,39,232,685,508,66,1421,30,17,56.7,12,40.0,816,4335,2759,60,18,35,23,1014,59,55.5,81.0,12,10,16.0,4,2.38,55,20,35,1.85,-0.26,49.3,17.5,31.8,1.68,0,35,12,1,0,0,0,81,15,13,53.6,DEF,223967.0,exact,223967.0,2025-06-05,25000000.0,223967,1997-05-27,Austria,2027-06-30,180.0,right,27.600273785078713,29.894875164257556,17.034386422832473,761.7751130113032,Peak,True,False,False,False,False,AUT,UEFA,False,False,False,False,False,True
Stefan Lainer,at AUT,DF,Gladbach,de Bundesliga,31.0,1992.0,21,6,757,8.4,1,0,1,1,0,0,2,0,0.3,0.3,1.0,1.3,25,25,32,0.12,0.15,4,1,25.0,0.48,0.12,0.25,1.0,14.9,0,0.08,0.7,0.7,356,460,77.4,5867,1918,0.4,-1.0,9,21,7,6,384,75,5,2,0,29,70,0,0,0,0,1,8,15,1.78,15,0,0,0,0,0,1,0.12,22,13,16,5,1,14,85.7,2,12,6,6,12,34,30,0,565,33,196,239,132,6,565,10,5,50.0,5,50.0,288,1620,867,20,2,7,7,323,36,24.7,86.0,5,15,16.0,12,1.38,9,17,-8,-0.95,-1.19,13.4,19.1,-5.7,-0.68,0,11,6,3,0,0,1,24,5,9,35.7,DEF,85791.0,exact,85791.0,2025-06-05,1200000.0,85791,1992-08-27,Austria,2027-06-30,175.0,right,32.34770704996578,29.894875164257556,13.997832948091215,1046.3741513904056,Declining,True,False,False,False,False,AUT,UEFA,False,False,False,False,False,True
Kenny Lala,mg MAD,DF,Brest,fr Ligue 1,32.0,1991.0,30,29,2686,29.8,3,2,5,0,3,3,5,0,3.0,0.6,4.3,4.9,58,138,91,0.07,0.24,9,4,44.4,0.3,0.13,0.0,0.0,26.8,2,0.07,0.0,-0.6,1367,1796,76.1,27268,10357,5.0,-2.3,41,124,40,13,1487,306,65,4,13,126,230,10,3,5,0,3,44,80,2.68,56,19,1,3,0,1,6,0.2,66,42,36,23,7,57,66.7,19,25,9,16,25,91,75,2,2043,110,642,952,461,7,2040,24,15,62.5,8,33.3,1054,6043,3093,45,2,29,16,1229,90,87.8,90.0,29,1,76.0,2,1.57,46,50,-4,-0.13,0.59,41.5,47.4,-5.9,-0.2,0,18,14,1,0,1,0,154,8,13,38.1,DEF,174196.0,exact,174196.0,2025-06-03,2000000.0,174196,1991-10-03,France,2027-06-30,178.0,right,33.24845995893224,29.894875164257556,14.508658238524095,1105.4600896407203,Declining,False,False,False,True,False,MAD,CAF,False,True,False,False,False,False
Tariq Lamptey,gh GHA,DF,Brighton,eng Premier League,23.0,2000.0,15,10,860,9.6,2,2,4,2,0,0,0,0,0.4,0.4,0.8,1.2,32,14,45,0.42,0.12,6,2,33.3,0.63,0.21,0.33,1.0,18.5,0,0.06,1.6,1.6,335,413,81.1,5168,1326,0.8,1.2,5,12,6,5,346,66,5,0,1,28,60,1,1,0,0,1,6,17,1.78,14,1,0,0,1,1,3,0.31,17,11,8,9,0,25,36.0,16,15,7,8,7,24,23,1,535,29,161,224,154,11,535,31,10,32.3,18,58.1,292,2081,1034,17,3,11,5,302,57,25.1,76.0,5,5,19.0,10,1.4,14,21,-7,-0.73,-1.22,13.3,14.8,-1.4,-0.15,0,15,10,0,0,1,0,39,1,14,6.7,DEF,504148.0,exact,504148.0,2025-05-30,11000000.0,504148,2000-09-30,Ghana,,163.0,right,24.254620123203285,,16.213405921671733,588.2865973208977,Developing,False,True,False,False,False,GHA,CAF,False,True,False,False,False,False
Toni Lato,es ESP,DF,Mallorca,es La Liga,26.0,1997.0,14,7,621,6.9,0,0,0,0,0,0,1,1,0.0,0.0,0.4,0.4,15,26,35,0.0,0.06,0,0,,0.0,0.0,,,,0,,0.0,0.0,236,314,75.2,4131,1522,0.8,-0.4,6,19,11,10,256,56,1,0,0,23,55,0,0,0,0,2,5,14,2.03,11,1,0,0,1,1,1,0.15,17,11,6,5,6,11,63.6,4,10,4,6,6,23,33,0,396,30,121,159,119,3,396,4,0,0.0,4,100.0,155,757,434,9,1,6,2,188,44,18.2,79.0,2,7,10.0,16,1.29,6,5,1,0.14,0.47,6.1,9.4,-3.3,-0.47,0,12,3,2,0,0,0,30,6,7,46.2,DEF,320271.0,exact,320271.0,2025-06-09,1800000.0,320271,1997-11-21,Spain,2027-06-30,171.0,left,27.1129363449692,29.894875164257556,14.403297778421795,735.1113172463517,Peak,False,False,True,False,False,ESP,UEFA,False,False,False,False,False,True
Valentino Lazaro,at AUT,"DF,FW",Torino,it Serie A,28.0,1996.0,33,26,2307,25.6,0,6,6,0,0,0,6,0,1.0,1.0,3.3,4.4,35,76,131,0.23,0.17,16,2,12.5,0.62,0.08,0.0,0.0,19.5,2,0.06,-1.0,-1.0,880,1172,75.1,14662,4254,3.4,2.7,33,57,23,15,979,190,24,0,1,145,109,57,32,22,0,3,27,52,2.03,32,16,1,3,0,0,8,0.31,26,12,10,12,4,30,50.0,15,28,5,23,11,37,38,1,1368,53,237,616,528,27,1368,37,14,37.8,20,54.1,726,3080,1385,36,7,33,12,868,70,67.5,81.0,9,7,28.0,1,1.18,31,30,1,0.04,0.61,21.8,36.0,-14.1,-0.55,0,30,13,2,0,1,0,94,16,25,39.0,DEF,186368.0,exact,186368.0,2025-06-17,4500000.0,186368,1996-03-24,Austria,2026-06-30,181.0,right,28.774811772758383,17.904073587385017,15.319588176962746,827.9897925576745,Peak,False,False,False,False,True,AUT,UEFA,False,False,False,False,False,True
Darko Lazović,rs SRB,"DF,MF",Hellas Verona,it Serie A,33.0,1990.0,27,17,1459,16.2,2,3,5,1,1,1,0,0,2.5,1.7,3.4,5.1,22,40,88,0.25,0.36,19,3,15.8,1.17,0.19,0.05,0.33,18.2,0,0.09,-0.5,-0.7,315,505,62.4,5171,1949,1.8,-0.4,18,21,15,7,435,68,2,2,0,70,54,12,8,3,0,2,23,23,1.42,17,4,0,1,1,0,4,0.25,21,10,5,14,2,28,39.3,17,19,3,16,11,32,39,0,659,47,146,250,269,29,658,22,7,31.8,13,59.1,318,1673,776,14,7,13,10,385,54,42.7,71.0,4,10,25.0,11,0.89,19,29,-10,-0.62,0.39,16.9,23.3,-6.4,-0.4,0,9,5,4,1,0,0,59,9,13,40.9,DEF,70411.0,exact,70411.0,2024-06-05,1500000.0,70411,1990-09-15,Serbia,,181.0,right,34.29705681040383,,14.220976332738882,1176.288105856068,Declining,False,False,False,False,True,SRB,UEFA,False,False,False,False,False,True
Manuel Lazzari,it ITA,DF,Lazio,it Serie A,30.0,1993.0,25,16,1406,15.6,0,1,1,0,0,0,3,0,0.1,0.1,1.3,1.4,72,66,96,0.06,0.09,6,2,33.3,0.38,0.13,0.0,0.0,28.1,0,0.02,-0.1,-0.1,609,770,79.1,9626,2660,1.6,-0.3,20,36,22,14,633,136,15,1,3,97,121,0,0,0,0,1,23,36,2.3,32,0,2,0,1,1,2,0.13,26,16,13,11,2,24,58.3,10,9,5,4,10,36,19,0,896,24,179,409,319,17,896,24,15,62.5,6,25.0,518,3619,2123,61,6,27,7,577,56,41.1,75.0,6,9,23.0,3,1.8,26,24,2,0.13,-0.32,22.7,16.0,6.7,0.43,0,12,29,1,0,1,0,50,5,13,27.8,DEF,331401.0,exact,331401.0,2025-06-17,3500000.0,331401,1993-11-29,Italy,2027-06-30,174.0,right,31.091033538672143,29.894875164257556,15.068273812173887,966.652366502836,Declining,False,False,False,False,True,ITA,UEFA,False,False,False,False,False,True
Julien Le Cardinal,fr FRA,DF,Brest,fr Ligue 1,26.0,1997.0,16,15,1378,15.3,0,1,1,0,0,0,3,0,0.4,0.4,0.3,0.7,7,39,1,0.07,0.05,10,3,30.0,0.65,0.2,0.0,0.0,11.6,0,0.04,-0.4,-0.4,704,815,86.4,14529,5467,0.4,0.7,5,43,0,0,778,35,28,1,12,6,1,0,0,0,0,2,2,14,0.91,11,1,0,0,1,1,2,0.13,27,15,16,8,3,16,68.8,5,18,14,4,33,60,75,0,994,136,528,436,38,13,994,6,4,66.7,1,16.7,539,3152,1702,6,0,3,6,658,86,45.0,89.0,14,1,45.0,8,1.06,22,29,-7,-0.46,-0.46,21.4,26.2,-4.8,-0.31,0,12,12,0,0,1,1,48,29,18,61.7,DEF,794349.0,exact,794349.0,2024-06-03,1500000.0,794349,1997-08-03,France,2028-06-30,184.0,right,27.41409993155373,41.9185282522996,14.220976332738882,751.5328750572141,Peak,False,False,False,True,False,FRA,UEFA,False,False,False,False,False,True
Robin Le Normand,es ESP,DF,Atlético Madrid,es La Liga,27.0,1996.0,27,24,2151,23.9,1,0,1,1,0,0,8,0,1.5,1.5,0.5,1.9,11,55,6,0.04,0.08,11,3,27.3,0.46,0.13,0.09,0.33,8.6,0,0.13,-0.5,-0.5,1174,1298,90.4,20104,6230,1.0,-0.5,3,41,2,0,1263,34,26,0,5,1,4,0,0,0,0,1,3,7,0.29,4,0,0,3,0,0,1,0.04,27,18,23,4,0,20,60.0,8,20,9,11,10,37,120,1,1523,193,805,677,44,19,1523,4,2,50.0,2,50.0,1001,4140,2052,7,0,14,6,1100,80,62.9,87.0,23,3,18.0,3,1.93,39,17,22,0.92,-0.21,40.9,21.1,19.8,0.83,0,35,24,3,0,1,0,82,54,39,58.1,DEF,351809.0,exact,351809.0,2025-06-09,40000000.0,351809,1996-11-11,Spain,2029-06-30,187.0,right,28.139630390143736,53.90932982917214,17.50439003707821,791.838798493901,Peak,False,False,True,False,False,ESP,UEFA,False,False,False,False,False,True
Jordan Lefort,fr FRA,DF,Angers,fr Ligue 1,30.0,1993.0,34,34,3060,34.0,0,1,1,0,0,0,3,0,0.6,0.6,1.1,1.6,6,89,13,0.03,0.05,9,1,11.1,0.26,0.03,0.0,0.0,12.9,1,0.06,-0.6,-0.6,1446,1749,82.7,27893,12926,1.2,-0.1,10,89,11,4,1649,90,80,5,9,12,5,0,0,0,0,10,21,26,0.76,23,0,0,1,1,1,1,0.03,52,30,42,9,1,44,68.2,14,56,37,19,32,84,206,3,2144,335,1304,765,87,19,2144,17,8,47.1,7,41.2,1196,6463,4191,6,0,16,2,1420,90,100.0,90.0,34,0,,0,1.06,32,53,-21,-0.62,,36.0,57.8,-21.8,-0.64,0,14,15,1,0,1,0,110,40,28,58.8,DEF,192492.0,exact,192492.0,2025-06-03,1500000.0,192492,1993-08-09,Mauritania,2029-06-30,184.0,left,31.397672826830938,53.90932982917214,14.220976332738882,985.8138589407179,Declining,False,False,False,True,False,FRA,UEFA,False,False,False,False,False,True
Diogo Leite,pt POR,DF,Union Berlin,de Bundesliga,25.0,1999.0,30,29,2546,28.3,1,2,3,1,0,0,3,0,1.4,1.4,1.0,2.4,20,116,16,0.11,0.08,18,8,44.4,0.64,0.28,0.06,0.13,13.8,0,0.08,-0.4,-0.4,1099,1398,78.6,20381,8856,2.4,1.0,13,110,11,3,1311,79,40,0,7,10,26,0,0,0,0,8,19,33,1.17,25,2,1,1,4,0,3,0.11,64,32,43,17,4,50,66.0,17,61,25,36,57,121,162,1,1803,205,792,842,183,36,1803,15,10,66.7,4,26.7,853,3583,1896,18,0,18,7,959,85,83.2,86.0,27,1,45.0,0,1.2,31,38,-7,-0.25,1.33,32.7,39.6,-6.9,-0.24,0,25,37,2,0,0,1,104,78,63,55.3,DEF,357156.0,exact,357156.0,2025-06-05,17000000.0,357156,1999-01-23,Portugal,2026-06-30,190.0,left,25.94113620807666,17.904073587385017,16.648723960844016,672.9425477659859,Developing,True,False,False,False,False,POR,UEFA,False,False,False,False,False,True
Maxim Leitsch,de GER,DF,Mainz 05,de Bundesliga,26.0,1998.0,14,6,674,7.5,1,0,1,1,0,0,2,0,1.2,1.2,0.2,1.4,4,25,5,0.13,0.19,6,1,16.7,0.8,0.13,0.17,1.0,12.4,0,0.2,-0.2,-0.2,289,370,78.1,5085,1676,0.2,-0.2,2,26,0,0,340,30,5,0,0,3,15,0,0,0,0,0,2,7,0.93,6,0,0,1,0,0,0,0.0,12,4,6,4,2,9,77.8,2,12,4,8,10,22,42,1,473,63,214,224,35,13,473,1,0,0.0,0,0.0,173,759,329,5,0,8,3,240,48,22.0,79.0,4,8,25.0,14,1.0,8,7,1,0.13,-0.28,7.7,11.3,-3.7,-0.49,0,10,4,0,0,0,0,36,19,30,38.8,DEF,334207.0,exact,334207.0,2025-06-05,1500000.0,334207,1998-05-18,Germany,2026-06-30,189.0,left,26.625598904859686,17.904073587385017,14.220976332738882,708.9225170424653,Peak,True,False,False,False,False,GER,UEFA,False,False,False,False,False,True
Florian Lejeune,fr FRA,DF,Rayo Vallecano,es La Liga,33.0,1991.0,37,37,3325,36.9,2,3,5,2,0,0,8,0,3.6,3.6,1.9,5.4,21,143,5,0.14,0.15,58,17,29.3,1.57,0.46,0.03,0.12,23.9,20,0.06,-1.6,-1.6,1728,2062,83.8,37399,15842,1.1,1.1,14,168,7,3,1955,105,85,0,35,8,6,0,0,0,0,2,19,37,1.0,27,1,1,8,0,0,4,0.11,46,28,30,14,2,43,53.5,20,38,32,6,41,87,181,1,2486,298,1336,1051,111,38,2486,6,4,66.7,1,16.7,1469,6852,4056,13,1,17,4,1612,90,97.2,90.0,36,0,,0,1.32,39,45,-6,-0.16,-2.06,44.8,47.4,-2.6,-0.07,0,50,19,0,0,3,0,156,92,60,60.5,DEF,127108.0,exact,127108.0,2025-06-09,2500000.0,127108,1991-05-20,France,2028-06-30,190.0,right,33.620807665982205,41.9185282522996,14.731801689838349,1130.3587081129679,Declining,False,False,True,False,False,FRA,UEFA,False,False,False,False,False,True
Stefan Lekovic,rs SRB,DF,Monza,it Serie A,20.0,2004.0,7,3,367,4.1,0,0,0,0,0,0,0,0,0.1,0.1,0.0,0.1,4,15,2,0.0,0.03,3,0,0.0,0.74,0.0,0.0,,15.9,0,0.04,-0.1,-0.1,162,188,86.2,2783,902,0.0,0.0,0,14,0,0,185,3,1,0,0,0,2,0,0,0,0,0,2,6,1.47,4,0,1,0,1,0,0,0.0,9,4,6,2,1,13,38.5,8,4,4,0,7,16,5,0,225,16,108,101,17,2,225,3,2,66.7,1,33.3,128,502,237,0,0,3,0,156,52,10.7,90.0,3,4,24.0,9,0.14,1,15,-14,-3.43,-2.64,2.3,8.8,-6.6,-1.61,0,5,3,0,0,0,1,18,6,6,50.0,DEF,797572.0,exact,797572.0,2025-06-17,1700000.0,797572,2004-01-09,Serbia,2026-06-30,192.0,right,20.980150581793293,17.904073587385017,14.346139397261565,440.1667184347214,Emerging,False,False,False,False,True,SRB,UEFA,False,False,False,False,False,True
Iñigo Lekue,es ESP,DF,Athletic Club,es La Liga,31.0,1993.0,16,8,773,8.6,0,0,0,0,0,0,1,0,0.2,0.2,0.5,0.7,13,35,21,0.0,0.08,2,0,0.0,0.23,0.0,0.0,,18.2,0,0.09,-0.2,-0.2,345,439,78.6,5873,1993,0.5,-0.5,8,31,2,2,348,89,10,0,1,16,79,0,0,0,0,2,6,16,1.86,11,3,0,1,0,1,1,0.12,15,12,12,3,0,17,52.9,8,7,2,5,9,24,29,2,521,32,157,258,108,4,521,14,6,42.9,8,57.1,245,1062,515,6,1,5,5,268,48,22.6,84.0,6,8,12.0,22,1.63,8,9,-1,-0.12,-1.0,9.4,9.5,0.0,-0.01,0,5,2,0,0,0,0,39,6,2,75.0,DEF,255501.0,exact,255501.0,2025-06-09,2000000.0,255501,1993-05-04,Spain,2026-06-30,180.0,right,31.66324435318275,17.904073587385017,14.508658238524095,1002.5610429693594,Declining,False,False,True,False,False,ESP,UEFA,False,False,False,False,False,True
Clément Lenglet,fr FRA,DF,Atlético Madrid,es La Liga,29.0,1995.0,23,23,1972,21.9,2,1,3,2,0,0,9,0,2.4,2.4,1.1,3.5,16,79,1,0.14,0.16,10,4,40.0,0.46,0.18,0.2,0.5,14.9,1,0.24,-0.4,-0.4,1193,1364,87.5,23967,9766,0.7,-0.1,5,74,0,0,1318,45,35,0,13,4,3,0,0,0,0,1,13,17,0.78,16,0,1,0,0,0,2,0.09,27,17,19,8,0,15,73.3,4,24,18,6,22,49,104,1,1583,229,834,695,58,17,1583,3,3,100.0,0,0.0,1065,5692,3593,16,0,8,3,1162,86,57.7,86.0,19,0,,10,2.39,42,18,24,1.1,0.23,41.3,17.3,24.0,1.09,0,29,19,2,0,2,0,74,37,38,49.3,DEF,182904.0,exact,182904.0,2025-06-09,7500000.0,182904,1995-06-17,France,2028-06-30,186.0,left,29.544147843942504,41.9185282522996,15.830413711839864,872.8566718247325,Peak,False,False,True,False,False,FRA,UEFA,False,False,False,False,False,True
Giovanni Leoni,it ITA,DF,Parma,it Serie A,17.0,2006.0,17,14,1199,13.3,1,0,1,1,0,0,3,1,0.1,0.1,0.0,0.1,0,21,5,0.08,0.01,2,1,50.0,0.15,0.08,0.5,1.0,9.6,0,0.07,0.9,0.9,562,641,87.7,10423,3033,0.1,0.0,1,21,0,0,592,48,27,0,3,3,18,0,0,0,0,1,4,3,0.23,3,0,0,0,0,0,0,0.0,14,6,10,4,0,10,50.0,5,20,11,9,15,29,63,1,774,92,412,338,27,5,774,3,3,100.0,0,0.0,449,1838,802,2,0,6,2,492,71,35.1,74.0,6,3,53.0,17,0.88,15,19,-4,-0.3,0.1,12.9,14.8,-1.9,-0.14,0,11,9,0,0,0,0,34,17,10,63.0,DEF,1086619.0,exact,1086619.0,2025-06-17,18000000.0,1086619,2006-12-21,Italy,2031-06-30,196.0,right,18.031485284052017,77.8909329829172,16.705882371415992,325.13446154898446,Emerging,False,False,False,False,True,ITA,UEFA,False,False,False,False,False,True
Rico Lewis,eng ENG,"DF,MF",Manchester City,eng Premier League,19.0,2004.0,28,21,1893,21.0,1,2,3,1,0,0,5,1,1.4,1.4,0.3,1.7,39,107,78,0.14,0.08,10,2,20.0,0.48,0.1,0.1,0.5,15.8,0,0.14,-0.4,-0.4,1201,1312,91.5,17279,3228,1.0,1.7,7,92,14,0,1185,127,25,3,0,6,102,0,0,0,0,0,22,31,1.47,30,0,0,0,1,0,3,0.14,30,19,13,12,5,21,61.9,8,28,7,21,13,43,45,1,1477,53,289,727,477,46,1477,21,9,42.9,11,52.4,865,4215,2155,41,8,20,19,1061,68,55.4,85.0,14,7,16.0,8,1.82,41,27,14,0.67,-0.16,37.0,27.2,9.8,0.46,1,12,34,0,0,0,0,95,6,14,30.0,DEF,701057.0,exact,701057.0,2025-05-30,40000000.0,701057,2004-11-21,England,2030-06-30,170.0,right,20.112251882272417,65.90013140604468,17.50439003707821,404.5026757759704,Emerging,False,True,False,False,False,ENG,UEFA,False,False,False,False,False,True
Keane Lewis-Potter,eng ENG,"DF,FW",Brentford,eng Premier League,23.0,2001.0,38,36,3093,34.4,1,3,4,1,0,0,7,0,3.1,3.1,3.2,6.3,98,98,156,0.12,0.18,28,14,50.0,0.81,0.41,0.04,0.07,20.2,1,0.11,-2.1,-2.1,982,1273,77.1,16310,5025,4.9,-0.2,26,69,47,18,1112,153,8,5,9,78,139,5,2,0,0,8,29,71,2.07,56,0,5,3,6,1,8,0.23,49,27,26,16,7,50,62.0,19,28,10,18,21,70,76,3,1613,102,504,625,505,74,1613,101,41,40.6,50,49.5,868,6085,3211,69,35,51,20,966,81,90.4,85.0,26,2,17.0,0,1.47,58,49,9,0.26,0.26,53.3,50.0,3.3,0.1,0,18,31,4,1,0,0,146,27,35,43.5,DEF,644401.0,exact,644401.0,2025-05-30,23000000.0,644401,2001-02-22,England,2031-06-30,170.0,right,23.857631759069132,77.8909329829172,16.951004817371683,569.1865931513441,Developing,False,True,False,False,False,ENG,UEFA,False,False,False,False,False,True
Myles Lewis-Skelly,eng ENG,DF,Arsenal,eng Premier League,17.0,2006.0,23,15,1369,15.2,1,0,1,1,0,0,3,2,0.2,0.2,0.4,0.6,37,71,37,0.07,0.04,3,1,33.3,0.2,0.07,0.33,1.0,14.7,0,0.05,0.8,0.8,708,776,91.2,10525,2307,0.5,-0.4,8,66,10,2,660,111,17,3,2,10,94,0,0,0,0,5,2,29,1.91,21,0,1,1,6,0,0,0.0,22,14,10,9,3,11,90.9,1,4,1,3,7,29,27,0,905,28,178,476,265,17,905,28,12,42.9,9,32.1,526,2692,1663,26,7,13,9,616,60,40.0,80.0,7,8,20.0,9,1.96,26,16,10,0.66,-0.44,21.8,15.9,6.0,0.39,0,11,47,0,0,1,0,53,11,10,52.4,DEF,890721.0,exact,890721.0,2025-05-30,45000000.0,890721,2006-09-26,England,2030-06-30,178.0,left,18.26694045174538,65.90013140604468,17.622173069956816,333.68111346761174,Emerging,False,True,False,False,False,ENG,UEFA,False,False,False,False,False,True
Philipp Lienhart,at AUT,DF,Freiburg,de Bundesliga,28.0,1996.0,32,31,2770,30.8,1,0,1,1,0,0,5,0,0.5,0.5,0.8,1.2,44,138,9,0.03,0.04,8,1,12.5,0.26,0.03,0.13,1.0,13.8,0,0.06,0.5,0.5,1943,2253,86.2,37592,13902,1.0,-0.8,6,148,9,0,2089,156,54,0,18,9,48,0,0,0,0,8,12,26,0.84,20,4,0,0,1,1,2,0.06,22,13,12,10,0,31,48.4,16,31,20,11,36,58,124,3,2520,237,1182,1223,124,19,2520,10,4,40.0,5,50.0,1444,8922,4885,19,1,10,2,1712,87,90.5,87.0,28,1,71.0,0,1.63,42,44,-2,-0.06,0.56,40.0,36.3,3.8,0.12,0,22,19,3,0,0,0,113,57,36,61.3,DEF,225657.0,exact,225657.0,2025-06-05,12000000.0,225657,1996-07-11,Austria,,189.0,right,28.476386036960985,,16.300417291085605,810.9045617260266,Peak,True,False,False,False,False,AUT,UEFA,False,False,False,False,False,True
Matthijs de Ligt,nl NED,DF,Manchester Utd,eng Premier League,24.0,1999.0,29,25,2123,23.6,2,0,2,2,0,0,3,0,2.5,2.5,0.3,2.8,7,55,6,0.08,0.12,18,9,50.0,0.76,0.38,0.11,0.22,7.9,0,0.14,-0.5,-0.5,1241,1380,89.9,21810,5955,0.3,-0.3,6,63,2,1,1350,27,19,0,9,6,1,0,0,0,0,3,11,14,0.59,12,0,0,2,0,0,1,0.04,30,22,17,12,1,32,71.9,9,29,21,8,33,63,96,0,1608,184,828,731,56,29,1608,4,2,50.0,2,50.0,1078,4744,2225,3,0,5,3,1158,73,62.1,82.0,16,4,19.0,1,1.28,32,36,-4,-0.17,0.25,30.2,37.4,-7.2,-0.3,0,16,12,2,0,2,0,68,58,29,66.7,DEF,326031.0,exact,326031.0,2025-05-30,38000000.0,326031,1999-08-12,Netherlands,2029-06-30,189.0,right,25.39082819986311,53.90932982917214,17.453096744006448,644.6941566749637,Developing,False,True,False,False,False,NED,UEFA,False,False,False,False,False,True
Victor Lindelöf,se SWE,DF,Manchester Utd,eng Premier League,30.0,1994.0,16,6,704,7.8,0,0,0,0,0,0,1,0,0.0,0.0,0.1,0.1,5,26,4,0.0,0.01,0,0,,0.0,0.0,,,,0,,0.0,0.0,362,386,93.8,6074,1912,0.1,-0.1,3,17,2,1,376,10,4,1,0,1,5,0,0,0,0,0,1,4,0.51,4,0,0,0,0,0,0,0.0,7,2,5,1,1,4,75.0,1,6,4,2,8,15,36,2,452,60,243,187,24,3,452,0,0,,0,,263,1171,553,4,0,1,1,313,44,20.6,88.0,5,10,18.0,7,1.25,10,9,1,0.13,0.49,11.7,8.5,3.2,0.41,0,8,1,0,0,0,0,29,17,15,53.1,DEF,184573.0,exact,184573.0,2025-05-30,8000000.0,184573,1994-07-17,Sweden,2027-06-30,187.0,right,30.46132785763176,29.894875164257556,15.894952224644102,927.8924948501326,Declining,False,True,False,False,False,SWE,UEFA,False,False,False,False,False,True
Pol Lirola,es ESP,DF,Marseille,fr Ligue 1,26.0,1997.0,19,5,680,7.6,1,2,3,1,0,0,1,1,0.6,0.6,0.7,1.3,12,21,40,0.4,0.17,6,1,16.7,0.79,0.13,0.17,1.0,17.0,0,0.1,0.4,0.4,330,397,83.1,4737,940,0.7,1.3,8,15,4,1,351,45,3,1,0,14,42,0,0,0,0,1,13,16,2.12,13,2,0,1,0,0,2,0.26,13,9,5,8,0,13,38.5,8,7,2,5,4,17,12,0,460,18,118,214,131,14,460,3,1,33.3,2,66.7,248,1070,518,7,4,6,4,305,36,22.2,64.0,0,14,26.0,8,1.68,23,14,9,1.19,0.51,18.7,13.6,5.2,0.68,0,9,9,0,0,0,1,29,4,7,36.4,DEF,298975.0,exact,298975.0,2025-06-03,4000000.0,298975,1997-08-13,Spain,2026-06-30,183.0,right,27.38672142368241,17.904073587385017,15.201805169084134,750.0325103383851,Peak,False,False,False,True,False,ESP,UEFA,False,False,False,False,False,True
Valentino Livramento,eng ENG,DF,Newcastle Utd,eng Premier League,21.0,2002.0,37,32,2840,31.6,0,1,1,0,0,0,1,0,0.3,0.3,2.6,2.9,83,158,119,0.03,0.09,6,2,33.3,0.19,0.06,0.0,0.0,19.7,0,0.05,-0.3,-0.3,1403,1643,85.4,20773,6686,2.7,-1.6,25,108,28,6,1387,251,17,1,1,52,233,1,0,0,0,5,27,45,1.43,43,0,0,1,1,0,2,0.06,54,36,35,15,4,59,54.2,27,37,11,26,23,77,108,1,1964,119,619,894,482,41,1964,56,25,44.6,23,41.1,1023,6333,3316,42,13,32,39,1144,77,83.0,85.0,25,5,26.0,0,1.7,58,40,18,0.57,0.1,52.1,37.3,14.8,0.47,0,6,35,2,0,0,0,189,27,35,43.5,DEF,503981.0,fuzzy_verified,503981.0,2025-05-30,40000000.0,503981,2002-11-12,England,2028-06-30,182.0,right,22.138261464750173,41.9185282522996,17.50439003707821,490.10262068164246,Developing,False,True,False,False,False,ENG,UEFA,False,False,False,False,False,True
Diego Llorente,es ESP,DF,Betis,es La Liga,30.0,1993.0,30,29,2519,28.0,2,0,2,2,0,0,4,0,1.5,1.5,0.3,1.8,7,81,3,0.07,0.06,11,4,36.4,0.39,0.14,0.18,0.5,11.3,0,0.14,0.5,0.5,1383,1595,86.7,27425,8921,0.4,-0.3,6,68,3,0,1533,59,53,0,11,1,5,0,0,0,0,3,9,15,0.54,12,0,0,1,1,1,2,0.07,36,20,23,12,1,38,65.8,13,29,20,9,43,79,154,1,1915,235,1048,825,48,22,1915,9,6,66.7,2,22.2,1127,5465,3118,8,1,11,4,1243,84,73.7,86.0,26,1,12.0,1,1.6,36,32,4,0.14,-0.16,42.6,33.8,8.8,0.31,0,20,23,0,0,1,1,93,77,45,63.1,DEF,246291.0,exact,246291.0,2025-06-09,6000000.0,246291,1993-08-16,Spain,2028-06-30,186.0,right,31.378507871321013,41.9185282522996,15.607270193858982,984.6107562305548,Declining,False,False,True,False,False,ESP,UEFA,False,False,False,False,False,True
Marcos Llorente,es ESP,"DF,MF",Atlético Madrid,es La Liga,29.0,1995.0,33,28,2513,27.9,2,4,6,2,0,0,0,1,0.8,0.8,4.3,5.1,82,111,151,0.21,0.18,16,5,31.3,0.57,0.18,0.13,0.4,19.2,0,0.05,1.2,1.2,1337,1563,85.5,20093,5694,3.1,-0.3,28,90,26,14,1371,183,13,1,2,62,170,0,0,0,0,9,34,56,2.01,50,2,1,2,1,0,12,0.43,69,52,38,27,4,55,65.5,19,32,7,25,27,96,51,1,1808,78,546,791,487,58,1808,30,14,46.7,13,43.3,1116,5470,3070,51,15,29,9,1217,76,73.5,85.0,22,5,29.0,0,2.0,53,25,28,1.0,0.01,46.9,24.3,22.6,0.81,0,23,25,4,1,0,0,131,15,15,50.0,DEF,282411.0,exact,282411.0,2025-06-09,25000000.0,282411,1995-01-30,Spain,2027-06-30,183.0,right,29.921971252566735,29.894875164257556,17.034386422832473,895.3243636394301,Peak,False,False,True,False,False,ESP,UEFA,False,False,False,False,False,True
Gautier Lloris,fr FRA,DF,Le Havre,fr Ligue 1,29.0,1995.0,31,31,2768,30.8,2,1,3,2,0,0,5,0,1.2,1.2,0.9,2.0,13,99,7,0.1,0.07,11,2,18.2,0.36,0.07,0.18,1.0,12.8,0,0.11,0.8,0.8,1317,1511,87.2,25779,9345,0.5,0.1,5,88,5,1,1464,42,34,0,6,3,4,0,0,0,0,5,10,21,0.68,17,0,0,4,0,0,3,0.1,68,43,52,16,0,53,71.7,15,33,21,12,34,102,192,0,1885,267,1018,818,58,21,1885,7,4,57.1,3,42.9,1028,4501,2369,10,0,13,3,1240,89,90.5,89.0,29,0,,1,1.0,36,64,-28,-0.91,0.01,38.2,57.9,-19.7,-0.64,0,31,7,2,0,2,0,100,64,34,65.3,DEF,249636.0,exact,249636.0,2025-06-03,3000000.0,249636,1995-07-18,France,2026-06-30,191.0,left,29.45927446954141,17.904073587385017,14.914123179965662,867.8488522717743,Peak,False,False,False,True,False,FRA,UEFA,False,False,False,False,False,True
David López,es ESP,DF,Girona,es La Liga,34.0,1989.0,29,27,2429,27.0,1,1,2,1,0,0,4,0,0.9,0.9,0.6,1.5,17,132,7,0.07,0.06,12,3,25.0,0.44,0.11,0.08,0.33,15.9,0,0.07,0.1,0.1,1879,2041,92.1,35775,12404,1.3,0.4,4,145,6,0,1946,92,64,0,16,3,9,0,0,0,0,3,8,24,0.89,20,0,0,4,0,0,3,0.11,32,24,22,7,3,31,58.1,13,22,12,10,14,46,111,2,2263,259,1059,1133,76,17,2263,9,6,66.7,2,22.2,1405,8124,4714,20,0,11,7,1698,84,71.0,88.0,23,2,30.0,9,1.24,34,37,-3,-0.11,1.07,31.7,33.9,-2.2,-0.08,0,12,15,1,0,1,0,95,30,29,50.8,DEF,129444.0,exact,129444.0,2025-06-09,1000000.0,129444,1989-10-09,Spain,2026-06-30,185.0,right,35.23066392881588,17.904073587385017,13.815511557963774,1241.1996808651684,Declining,False,False,True,False,False,ESP,UEFA,False,False,False,False,False,True
Javi López,es ESP,DF,Real Sociedad,es La Liga,22.0,2002.0,29,21,1936,21.5,0,0,0,0,0,0,4,0,0.1,0.1,0.4,0.5,36,73,64,0.0,0.03,5,1,20.0,0.23,0.05,0.0,0.0,22.5,0,0.02,-0.1,-0.1,814,1038,78.4,13096,4784,1.0,-0.4,5,49,14,7,783,254,21,0,8,60,233,0,0,0,0,1,27,20,0.93,16,1,1,0,2,0,2,0.09,40,23,23,12,5,37,62.2,14,21,7,14,11,51,59,2,1247,56,379,567,316,12,1247,39,18,46.2,18,46.2,571,3142,1360,29,4,24,22,674,67,56.6,80.0,12,8,32.0,7,1.31,22,31,-9,-0.42,-0.3,24.4,26.8,-2.4,-0.11,0,30,27,1,0,0,0,92,10,19,34.5,DEF,568158.0,exact_birthyear_corrected,568158.0,2025-06-09,7500000.0,568158,2002-03-25,Spain,2026-06-30,183.0,left,22.77344284736482,17.904073587385017,15.830413711839864,518.6296991221918,Developing,False,False,True,False,False,ESP,UEFA,False,False,False,False,False,True
Tom Louchet,fr FRA,"DF,MF",Nice,fr Ligue 1,21.0,2003.0,22,7,775,8.6,1,0,1,1,0,0,1,0,0.8,0.8,1.2,1.9,19,36,37,0.12,0.22,12,4,33.3,1.39,0.46,0.08,0.25,20.0,1,0.07,0.2,0.2,371,454,81.7,5712,2114,1.3,-1.2,14,28,9,2,377,74,13,0,0,35,53,8,3,4,0,3,10,31,3.6,21,2,1,5,0,2,1,0.12,27,17,17,5,5,23,73.9,6,12,4,8,18,45,20,0,579,24,168,243,174,23,579,13,4,30.8,8,61.5,246,1230,657,9,3,12,7,317,35,25.3,80.0,3,15,14.0,8,1.86,20,11,9,1.05,0.41,17.9,10.7,7.2,0.84,0,8,9,0,0,0,0,36,11,3,78.6,DEF,750904.0,exact,750904.0,2025-06-03,2500000.0,750904,2003-05-04,France,2027-06-30,178.0,both,21.66461327857632,29.894875164257556,14.731801689838349,469.3554685102653,Emerging,False,False,False,True,False,FRA,UEFA,False,False,False,False,False,True
Jhon Lucumí,co COL,DF,Bologna,it Serie A,26.0,1998.0,32,29,2614,29.0,0,1,1,0,0,0,8,1,0.6,0.6,0.4,1.0,34,108,7,0.03,0.03,13,2,15.4,0.45,0.07,0.0,0.0,11.0,0,0.05,-0.6,-0.6,1859,2040,91.1,35721,10917,0.7,0.6,8,112,0,0,1923,113,69,0,16,4,6,0,0,0,0,4,7,34,1.17,31,0,0,2,0,1,2,0.07,53,30,23,29,1,41,70.7,12,32,14,18,26,79,88,7,2294,195,886,1330,97,22,2294,14,10,71.4,2,14.3,1464,7785,4142,23,0,13,4,1557,82,76.4,85.0,25,3,48.0,3,1.63,46,37,9,0.31,0.2,37.8,28.5,9.4,0.32,0,22,16,0,0,1,0,176,45,45,50.0,DEF,413565.0,exact,413565.0,2025-06-17,22000000.0,413565,1998-06-26,Colombia,2027-06-30,187.0,left,26.518822724161534,29.894875164257556,16.906553056777135,703.2479586755062,Peak,False,False,False,False,True,COL,CONMEBOL,False,False,False,True,False,False
José Luis Palomino,ar ARG,DF,Cagliari,it Serie A,34.0,1990.0,18,10,1081,12.0,1,0,1,1,0,0,3,0,0.5,0.5,0.0,0.5,4,35,1,0.08,0.04,2,1,50.0,0.17,0.08,0.5,1.0,4.6,0,0.24,0.5,0.5,508,586,86.7,9656,3667,0.2,0.0,1,32,2,0,543,41,16,0,3,0,24,0,0,0,0,2,5,7,0.58,7,0,0,0,0,0,1,0.08,27,15,16,9,2,21,71.4,6,21,11,10,22,49,46,0,707,101,417,265,31,5,707,1,0,0.0,1,100.0,384,1724,735,4,0,3,1,422,60,31.6,85.0,7,8,29.0,20,1.06,15,17,-2,-0.17,0.37,13.6,16.9,-3.3,-0.28,0,11,2,0,0,1,0,50,16,12,57.1,DEF,125020.0,exact,125020.0,2025-06-17,700000.0,125020,1990-01-05,Argentina,2026-12-31,188.0,left,34.98973305954826,23.94875164257556,13.45883704259595,1224.2814195784442,Declining,False,False,False,False,True,ARG,CONMEBOL,False,False,False,True,False,False
Castello Lukeba,fr FRA,DF,RB Leipzig,de Bundesliga,21.0,2002.0,23,18,1577,17.5,0,0,0,0,0,0,2,0,0.4,0.4,0.2,0.6,18,80,23,0.0,0.04,4,1,25.0,0.23,0.06,0.0,0.0,15.6,0,0.1,-0.4,-0.4,1054,1238,85.1,17686,7070,0.5,-0.2,4,90,7,1,1155,82,23,0,9,11,55,0,0,0,0,1,22,17,0.97,14,1,2,0,0,0,1,0.06,31,17,15,12,4,24,70.8,7,29,12,17,17,48,74,0,1445,125,557,772,132,14,1445,32,20,62.5,8,25.0,806,3545,1925,21,2,20,11,993,69,51.5,83.0,12,5,15.0,1,1.65,31,23,8,0.46,0.64,25.0,22.7,2.3,0.13,0,12,15,0,0,0,0,74,26,13,66.7,DEF,618472.0,exact,618472.0,2025-06-05,40000000.0,618472,2002-12-17,France,2029-06-30,184.0,left,22.04243668720055,53.90932982917214,17.50439003707821,485.86901510924474,Developing,True,False,False,False,False,FRA,UEFA,False,False,False,False,False,True
Sebastiano Luperto,it ITA,DF,Cagliari,it Serie A,27.0,1996.0,36,36,3240,36.0,1,3,4,1,0,0,4,0,2.2,2.2,1.3,3.4,22,96,11,0.11,0.1,21,5,23.8,0.58,0.14,0.05,0.2,12.4,0,0.1,-1.2,-1.2,1315,1568,83.9,24675,8234,0.8,1.7,8,87,6,1,1492,68,46,1,2,8,7,0,0,0,0,8,12,30,0.83,23,0,0,6,1,0,5,0.14,48,27,31,16,1,28,64.3,10,30,15,15,33,81,161,1,1913,251,1065,777,81,29,1913,6,1,16.7,4,66.7,1060,4923,2539,15,2,12,3,1190,90,94.7,90.0,36,0,,2,1.0,38,50,-12,-0.33,1.67,40.7,51.5,-10.8,-0.3,0,23,20,1,0,1,0,139,61,54,53.0,DEF,278531.0,exact,278531.0,2025-06-17,4000000.0,278531,1996-09-06,Italy,2030-06-30,191.0,left,28.320328542094455,65.90013140604468,15.201805169084134,802.0410087321699,Peak,False,False,False,False,True,ITA,UEFA,False,False,False,False,False,True
Charalambos Lykogiannis,gr GRE,DF,Bologna,it Serie A,30.0,1993.0,17,12,1048,11.6,0,4,4,0,0,0,3,0,0.2,0.2,1.6,1.8,10,49,36,0.34,0.16,6,2,33.3,0.52,0.17,0.0,0.0,21.4,2,0.04,-0.2,-0.2,504,706,71.4,9875,3209,2.1,2.4,19,43,13,12,542,161,43,0,11,106,82,36,11,21,0,3,20,33,2.83,17,16,0,0,0,0,5,0.43,23,14,14,8,1,20,50.0,10,10,5,5,11,34,41,1,810,32,216,362,237,11,810,8,4,50.0,2,25.0,368,1410,611,8,1,7,3,471,62,30.6,79.0,5,5,20.0,17,1.47,14,15,-1,-0.09,-0.5,11.8,12.4,-0.7,-0.06,0,10,7,2,0,0,0,35,26,13,66.7,DEF,136514.0,fuzzy_verified,136514.0,2025-06-17,1500000.0,136514,1993-10-22,Greece,2026-06-30,191.0,left,31.195071868583163,17.904073587385017,14.220976332738882,973.1325088860686,Declining,False,False,False,False,True,GRE,UEFA,False,False,False,False,False,True
Ian Maatsen,nl NED,DF,Aston Villa,eng Premier League,22.0,2002.0,29,10,1139,12.7,1,2,3,1,0,0,2,0,0.9,0.9,2.7,3.6,31,50,104,0.24,0.28,19,5,26.3,1.5,0.4,0.05,0.2,22.1,0,0.05,0.1,0.1,609,747,81.5,9635,2492,2.4,-0.7,19,22,19,3,646,101,16,1,2,51,80,5,2,0,0,0,25,52,4.11,38,3,5,5,0,1,7,0.55,29,17,17,9,3,24,70.8,7,13,0,13,15,44,39,3,917,56,247,334,348,47,917,29,13,44.8,16,55.2,505,2636,1184,17,13,22,25,564,39,33.3,78.0,6,19,19.0,8,1.76,24,16,8,0.63,0.67,24.0,17.2,6.8,0.53,0,11,9,3,0,1,0,67,10,6,62.5,DEF,485585.0,exact,485585.0,2025-05-30,28000000.0,485585,2002-03-10,Netherlands,2030-06-30,178.0,left,22.8145106091718,65.90013140604468,17.147715103853763,520.5018943360127,Developing,False,True,False,False,False,NED,UEFA,False,False,False,False,False,True
Deiver Machado,co COL,"DF,MF",Lens,fr Ligue 1,30.0,1993.0,27,20,1805,20.1,1,4,5,1,0,0,7,2,2.3,2.3,2.1,4.3,42,45,80,0.25,0.22,23,5,21.7,1.15,0.25,0.04,0.2,19.2,1,0.1,-1.3,-1.3,763,913,83.6,10421,3399,2.9,1.9,20,30,19,15,762,149,8,1,1,51,136,5,3,0,0,2,16,45,2.24,28,4,3,7,1,2,8,0.4,36,26,14,14,8,30,56.7,13,20,4,16,16,52,34,2,1123,50,282,496,358,33,1123,47,23,48.9,21,44.7,605,3284,1658,24,7,33,20,661,67,59.0,83.0,15,7,20.0,0,1.41,20,25,-5,-0.25,-0.82,28.6,27.8,0.8,0.04,1,28,30,5,0,0,0,89,16,16,50.0,DEF,332560.0,exact,332560.0,2025-06-03,3000000.0,332560,1993-09-02,Colombia,2028-06-30,173.0,left,31.33196440793977,41.9185282522996,14.914123179965662,981.6919936604045,Declining,False,False,False,True,False,COL,CONMEBOL,False,False,False,True,False,False
Yvann Macon,fr FRA,DF,Saint-Étienne,fr Ligue 1,25.0,1998.0,12,10,790,8.8,0,0,0,0,0,0,4,0,0.3,0.3,0.2,0.5,25,46,40,0.0,0.07,10,2,20.0,1.14,0.23,0.0,0.0,20.3,0,0.03,-0.3,-0.3,301,408,73.8,4965,1708,0.3,-0.2,6,30,7,0,345,62,6,0,1,23,56,0,0,0,0,1,11,10,1.29,9,0,1,0,0,0,0,0.0,19,11,9,7,3,21,47.6,11,14,4,10,2,21,10,1,493,23,106,213,179,16,493,19,9,47.4,9,47.4,256,1569,946,20,6,11,4,307,66,25.8,77.0,3,2,10.0,2,0.67,8,18,-10,-1.14,-0.03,8.2,17.6,-9.4,-1.21,0,26,8,1,0,0,0,42,3,12,20.0,DEF,580747.0,exact_accent_stripped,580747.0,2025-06-03,1800000.0,580747,1998-10-01,Guadeloupe,2026-06-30,176.0,right,26.253251197809718,17.904073587385017,14.403297778421795,689.2331984552974,Peak,False,False,False,True,False,FRA,UEFA,False,False,False,False,False,True
Pablo Maffeo,es ESP,DF,Mallorca,es La Liga,27.0,1997.0,30,28,2368,26.3,0,2,2,0,0,0,7,0,0.3,0.3,4.1,4.4,46,74,122,0.08,0.17,7,1,14.3,0.27,0.04,0.0,0.0,19.0,0,0.04,-0.3,-0.3,736,1039,70.8,12522,5186,3.5,-2.1,29,49,34,25,804,226,10,4,2,96,216,0,0,0,0,9,33,60,2.28,39,9,5,1,5,1,4,0.15,60,40,43,14,3,46,73.9,12,32,11,21,25,85,103,1,1389,96,442,558,416,20,1389,85,40,47.1,34,40.0,671,3711,1777,44,7,46,32,701,79,69.2,84.0,19,2,14.0,2,1.27,23,28,-5,-0.19,0.15,29.5,28.8,0.7,0.03,0,22,37,1,0,0,0,107,21,18,53.8,DEF,251876.0,exact,251876.0,2025-06-09,5000000.0,251876,1997-07-12,Argentina,2027-06-30,172.0,right,27.474332648870636,29.894875164257556,15.424948670398354,754.838954500799,Peak,False,False,True,False,False,ESP,UEFA,False,False,False,False,False,True
Giangiacomo Magnani,it ITA,DF,Hellas Verona,it Serie A,28.0,1995.0,17,11,1065,11.8,1,0,1,1,0,0,2,0,1.1,1.1,0.0,1.2,4,31,7,0.08,0.1,11,2,18.2,0.93,0.17,0.09,0.5,10.7,0,0.1,-0.1,-0.1,317,393,80.7,6348,2269,0.1,0.0,1,22,0,0,373,19,14,0,2,2,5,0,0,0,0,1,2,4,0.34,2,1,0,1,0,0,0,0.0,20,15,14,6,0,7,100.0,0,16,9,7,17,37,73,1,540,82,276,240,30,14,540,4,1,25.0,3,75.0,251,1052,516,6,0,4,1,274,63,31.1,87.0,10,6,18.0,4,0.94,14,35,-21,-1.77,-1.35,9.9,21.1,-11.2,-0.95,0,8,11,0,0,0,0,38,29,18,61.7,DEF,310458.0,exact,310458.0,2024-06-05,3000000.0,310458,1995-10-04,Italy,2028-06-30,192.0,right,29.245722108145106,41.9185282522996,14.914123179965662,855.3122616268474,Peak,False,False,False,False,True,ITA,UEFA,False,False,False,False,False,True
Harry Maguire,eng ENG,DF,Manchester Utd,eng Premier League,31.0,1993.0,27,19,1758,19.5,1,0,1,1,0,0,7,0,1.8,1.8,0.6,2.4,7,51,7,0.05,0.12,15,6,40.0,0.77,0.31,0.07,0.17,8.2,0,0.12,-0.8,-0.8,965,1128,85.5,17965,6236,0.3,-0.6,9,48,4,0,1083,41,26,0,9,4,1,0,0,0,0,4,5,20,1.02,14,1,0,5,0,0,0,0.0,30,15,23,6,1,23,73.9,6,15,12,3,40,70,78,1,1328,147,652,616,76,44,1328,5,2,40.0,3,60.0,782,4821,2056,9,3,10,2,856,65,51.4,82.0,13,8,26.0,3,1.07,20,27,-7,-0.36,-0.2,26.4,26.6,-0.2,-0.01,0,18,11,2,0,0,0,68,64,25,71.9,DEF,177907.0,exact,177907.0,2025-05-30,13000000.0,177907,1993-03-05,England,2027-06-30,194.0,right,31.82751540041068,29.894875164257556,16.380459992348886,1012.990736563379,Declining,False,True,False,False,False,ENG,UEFA,False,False,False,False,False,True
Patrick Mainka,de GER,DF,Heidenheim,de Bundesliga,29.0,1994.0,34,34,3060,34.0,1,1,2,1,0,0,3,0,1.9,1.9,0.3,2.3,21,102,12,0.06,0.07,25,8,32.0,0.74,0.24,0.04,0.13,14.1,0,0.08,-0.9,-0.9,1425,1669,85.4,28334,12007,0.7,0.7,7,88,5,0,1631,33,28,1,1,4,3,0,0,0,0,5,17,28,0.82,23,0,0,5,0,0,2,0.06,58,30,36,20,2,55,63.6,20,61,36,25,68,126,206,0,2136,286,1205,825,123,43,2136,11,6,54.5,3,27.3,1171,6249,3395,21,1,16,8,1257,90,100.0,90.0,34,0,,0,0.85,37,64,-27,-0.79,,40.3,57.6,-17.4,-0.51,0,17,21,2,0,0,0,152,109,62,63.7,DEF,133731.0,exact,133731.0,2025-06-05,3000000.0,133731,1994-11-06,Germany,2029-06-30,194.0,right,30.154688569472963,53.90932982917214,14.914123179965662,909.3052427219034,Declining,True,False,False,False,False,GER,UEFA,False,False,False,False,False,True
Ainsley Maitland-Niles,eng ENG,DF,Lyon,fr Ligue 1,26.0,1997.0,32,20,1985,22.1,1,4,5,1,0,0,1,0,2.9,2.9,3.4,6.4,33,102,110,0.23,0.29,22,7,31.8,1.0,0.32,0.05,0.14,16.0,0,0.13,-1.9,-1.9,1049,1234,85.0,16150,5054,3.2,0.6,27,66,30,7,1051,176,17,4,7,48,148,11,7,2,0,7,28,55,2.49,47,1,1,5,0,1,6,0.27,71,44,30,26,15,76,63.2,28,28,4,24,25,96,61,6,1509,67,433,666,419,68,1509,40,17,42.5,21,52.5,750,3064,1530,22,10,28,20,916,62,64.9,89.0,19,12,18.0,2,1.69,44,30,14,0.63,0.22,42.9,27.4,15.5,0.7,0,16,10,3,0,0,0,89,15,14,51.7,DEF,285845.0,exact,285845.0,2025-06-03,12000000.0,285845,1997-08-29,England,2027-06-30,180.0,right,27.342915811088297,29.894875164257556,16.300417291085605,747.6350450522624,Peak,False,False,False,True,False,ENG,UEFA,False,False,False,False,False,True
Jordy Makengo,fr FRA,DF,Freiburg,de Bundesliga,22.0,2001.0,19,7,745,8.3,0,0,0,0,0,0,1,0,0.0,0.0,0.2,0.2,9,15,35,0.0,0.03,0,0,,0.0,0.0,,,,0,,0.0,0.0,242,306,79.1,3945,879,0.5,-0.2,2,12,5,5,268,36,1,0,0,25,35,0,0,0,0,2,3,9,1.09,7,1,1,0,0,0,1,0.12,16,9,10,5,1,16,62.5,6,8,3,5,7,23,29,0,393,23,127,161,109,3,393,12,4,33.3,7,58.3,203,1130,382,7,1,11,5,228,39,24.3,87.0,5,12,12.0,12,1.84,13,19,-6,-0.72,-0.8,11.2,12.7,-1.4,-0.17,0,5,6,2,0,0,0,26,5,6,45.5,DEF,815078.0,exact,815078.0,2025-06-05,6000000.0,815078,2001-08-03,France,2028-06-30,191.0,left,23.41409993155373,41.9185282522996,15.607270193858982,548.2200756047844,Developing,True,False,False,False,False,FRA,UEFA,False,False,False,False,False,True
Nikola Maksimović,rs SRB,DF,Montpellier,fr Ligue 1,32.0,1991.0,7,7,581,6.5,0,0,0,0,0,0,2,0,0.0,0.0,0.0,0.1,1,11,0,0.0,0.01,1,0,0.0,0.15,0.0,0.0,,13.3,0,0.02,0.0,0.0,288,310,92.9,5904,1883,0.1,0.0,2,12,2,0,290,19,9,0,2,0,1,0,0,0,0,1,2,8,1.24,6,2,0,0,0,0,0,0.0,9,5,6,3,0,7,85.7,1,5,4,1,6,15,30,1,378,57,244,125,10,4,378,2,2,100.0,0,0.0,214,916,474,0,0,6,1,252,83,19.0,83.0,4,0,,0,0.71,6,8,-2,-0.31,1.65,8.1,9.6,-1.5,-0.23,0,3,5,0,0,0,0,14,8,13,38.1,DEF,124715.0,exact,124715.0,2024-05-31,450000.0,124715,1991-11-25,Serbia,2026-06-30,193.0,right,33.10335386721424,17.904073587385017,13.017005083966255,1095.8320372580079,Declining,False,False,False,True,False,SRB,UEFA,False,False,False,False,False,True
Julián Malatini,ar ARG,DF,Werder Bremen,de Bundesliga,23.0,2001.0,10,5,454,5.0,1,1,2,1,0,0,1,0,0.2,0.2,0.5,0.7,8,24,4,0.4,0.14,3,1,33.3,0.59,0.2,0.33,1.0,7.3,0,0.08,0.8,0.8,261,302,86.4,4349,1255,0.5,0.5,2,13,4,1,296,6,4,1,0,3,2,0,0,0,0,0,4,5,0.99,4,0,0,1,0,0,2,0.4,11,9,5,5,1,11,45.5,6,8,3,5,7,18,17,0,363,25,156,160,48,4,363,3,2,66.7,1,33.3,224,1103,521,8,0,3,1,245,45,14.8,79.0,2,5,12.0,21,1.3,10,12,-2,-0.4,-0.36,8.4,7.7,0.7,0.15,0,9,5,0,0,0,0,19,10,5,66.7,DEF,830108.0,exact,830108.0,2025-06-05,2500000.0,830108,2001-05-31,Argentina,,191.0,right,23.589322381930184,,14.731801689838349,556.4561304386324,Developing,True,False,False,False,False,ARG,CONMEBOL,False,False,False,True,False,False
Gianluca Mancini,it ITA,DF,Roma,it Serie A,28.0,1996.0,37,36,3143,34.9,2,0,2,2,0,0,8,0,1.7,1.7,0.9,2.6,45,139,23,0.06,0.07,22,5,22.7,0.63,0.14,0.09,0.4,12.3,0,0.08,0.3,0.3,1689,1965,86.0,31192,10669,0.8,-0.9,14,138,17,4,1856,107,84,1,4,33,22,0,0,0,0,2,19,41,1.17,35,0,0,4,1,1,2,0.06,42,26,22,18,2,34,58.8,14,22,16,6,35,77,103,0,2240,177,906,1133,208,42,2240,9,1,11.1,4,44.4,1341,5848,3350,44,3,10,8,1609,85,91.9,87.0,32,1,29.0,0,1.78,53,33,20,0.57,0.25,48.4,39.2,9.2,0.26,0,49,34,6,0,0,0,99,60,34,63.8,DEF,256448.0,exact,256448.0,2025-06-17,15000000.0,256448,1996-04-17,Italy,2027-06-30,190.0,right,28.709103353867214,29.894875164257556,16.52356082573315,824.2126153830297,Peak,False,False,False,False,True,ITA,UEFA,False,False,False,False,False,True
Reinildo Mandava,mz MOZ,DF,Atlético Madrid,es La Liga,30.0,1994.0,19,10,941,10.5,0,0,0,0,0,0,4,0,0.1,0.1,0.1,0.2,14,34,15,0.0,0.02,1,1,100.0,0.1,0.1,0.0,0.0,9.3,0,0.07,-0.1,-0.1,515,612,84.2,7852,2969,0.2,-0.1,2,24,2,0,517,95,11,0,1,8,84,0,0,0,0,0,7,7,0.67,6,0,0,0,0,1,1,0.1,18,11,10,7,1,18,55.6,8,11,5,6,16,34,35,0,717,56,290,326,103,8,717,18,4,22.2,9,50.0,421,1705,853,15,2,8,4,459,50,27.5,76.0,6,9,20.0,19,1.74,15,12,3,0.29,-0.98,11.8,12.4,-0.7,-0.07,0,19,18,1,0,1,0,52,10,14,41.7,DEF,240692.0,exact,240692.0,2025-06-09,5000000.0,240692,1994-01-21,Mozambique,2027-06-30,180.0,left,30.94592744695414,29.894875164257556,15.424948670398354,957.6504255521496,Declining,False,False,True,False,False,MOZ,CAF,False,True,False,False,False,False
Aïssa Mandi,dz ALG,DF,Lille,fr Ligue 1,32.0,1991.0,24,20,1733,19.3,0,0,0,0,0,0,3,0,0.3,0.3,0.4,0.8,12,82,21,0.0,0.04,6,2,33.3,0.31,0.1,0.0,0.0,9.0,0,0.06,-0.3,-0.3,1104,1244,88.7,22008,6980,1.2,-0.4,5,107,6,2,1122,120,28,1,16,10,86,0,0,0,0,2,7,23,1.19,20,2,0,1,0,0,2,0.1,31,17,12,15,4,22,72.7,6,23,11,12,15,46,54,0,1395,97,469,774,152,22,1395,4,3,75.0,1,25.0,736,2873,1432,13,0,8,4,990,72,56.6,83.0,13,4,18.0,10,1.71,25,23,2,0.1,-0.85,30.3,24.1,6.2,0.32,0,7,9,1,0,0,0,67,14,22,38.9,DEF,80293.0,exact,80293.0,2025-06-03,1200000.0,80293,1991-10-22,Algeria,2026-06-30,184.0,right,33.19644079397673,17.904073587385017,13.997832948091215,1102.0036813880022,Declining,False,False,False,True,False,ALG,CAF,False,True,False,False,False,False
Ryan Manning,ie IRL,"DF,MF",Southampton,eng Premier League,28.0,1996.0,24,18,1462,16.2,0,1,1,0,0,0,2,0,0.3,0.3,3.2,3.6,14,35,74,0.06,0.22,8,1,12.5,0.49,0.06,0.0,0.0,22.0,1,0.04,-0.3,-0.3,619,803,77.1,10360,3336,2.8,-2.2,34,33,12,8,634,162,38,1,3,84,92,32,24,5,0,7,21,50,3.08,25,22,0,1,1,1,3,0.18,28,17,16,10,2,26,53.8,12,20,11,9,17,45,47,0,968,72,260,397,321,22,968,36,11,30.6,16,44.4,483,2023,982,13,4,17,5,573,61,42.7,77.0,5,6,14.0,7,0.29,12,35,-23,-1.42,0.28,14.0,35.3,-21.3,-1.31,0,19,32,0,0,0,0,65,15,6,71.4,DEF,262300.0,exact,262300.0,2025-05-30,3000000.0,262300,1996-06-14,Ireland,2027-06-30,173.0,left,28.550308008213552,29.894875164257556,14.914123179965662,815.1200873638629,Peak,False,True,False,False,False,IRL,UEFA,False,False,False,False,False,True
Javier Manquillo,es ESP,DF,Celta Vigo,es La Liga,30.0,1994.0,10,7,515,5.7,0,0,0,0,0,0,1,0,0.0,0.0,0.0,0.0,3,24,5,0.0,0.0,0,0,,0.0,0.0,,,,0,,0.0,0.0,335,373,89.8,5537,1582,0.1,0.0,0,22,2,0,358,15,9,1,0,3,6,0,0,0,0,0,5,1,0.18,1,0,0,0,0,0,0,0.0,7,5,4,3,0,10,20.0,8,5,3,2,7,14,14,0,413,20,161,222,31,1,413,1,0,0.0,1,100.0,248,1017,454,5,1,1,0,312,52,15.1,63.0,0,3,26.0,5,1.0,8,11,-3,-0.52,-0.68,8.0,6.8,1.2,0.21,0,9,1,0,0,0,0,18,5,8,38.5,DEF,162029.0,exact,162029.0,2024-06-07,1800000.0,162029,1994-05-05,Spain,,178.0,right,30.661190965092402,,14.403297778421795,940.108631397864,Declining,False,False,True,False,False,ESP,UEFA,False,False,False,False,False,True
Alessandro Marcandalli,it ITA,DF,Venezia,it Serie A,21.0,2002.0,8,5,354,3.9,0,0,0,0,0,0,2,0,0.3,0.3,0.0,0.3,2,10,1,0.0,0.07,2,1,50.0,0.51,0.25,0.0,0.0,6.3,0,0.14,-0.3,-0.3,110,150,73.3,1891,791,0.0,0.0,0,10,0,0,138,11,3,0,1,0,8,0,0,0,0,1,1,1,0.25,1,0,0,0,0,0,0,0.0,8,6,6,2,0,6,50.0,3,6,3,3,2,10,26,0,200,18,84,105,12,4,200,1,0,0.0,1,100.0,89,367,156,2,0,4,0,101,44,10.4,61.0,0,3,17.0,8,0.88,1,4,-3,-0.76,-0.15,2.4,5.8,-3.4,-0.87,0,9,0,0,0,1,0,16,12,12,50.0,DEF,818448.0,exact,818448.0,2025-06-17,2000000.0,818448,2002-10-25,Italy,2029-06-30,190.0,right,22.187542778918548,53.90932982917214,14.508658238524095,492.2870545663406,Developing,False,False,False,False,True,ITA,UEFA,False,False,False,False,False,True
Marcão,br BRA,DF,Sevilla,es La Liga,28.0,1996.0,12,6,552,6.1,0,0,0,0,0,0,6,1,0.0,0.0,0.0,0.0,0,19,1,0.0,0.0,0,0,,0.0,0.0,,,,0,,0.0,0.0,284,315,90.2,5073,2049,0.1,0.0,0,14,0,0,296,18,10,0,0,0,0,0,0,0,0,1,4,2,0.33,2,0,0,0,0,0,0,0.0,10,7,6,4,0,5,60.0,2,9,6,3,7,17,29,1,382,58,234,143,6,3,382,5,2,40.0,1,20.0,216,987,415,0,0,4,3,247,46,16.1,85.0,3,6,7.0,22,1.08,6,17,-11,-1.79,-1.73,7.0,10.6,-3.5,-0.58,1,9,10,0,0,1,0,27,14,5,73.7,DEF,439022.0,exact_birthyear_corrected,439022.0,2025-06-09,2000000.0,439022,1996-06-05,Brazil,2028-06-30,185.0,left,28.57494866529774,41.9185282522996,14.508658238524095,816.5276912244011,Peak,False,False,True,False,False,BRA,CONMEBOL,False,False,False,True,False,False
Óscar de Marcos,es ESP,DF,Athletic Club,es La Liga,35.0,1989.0,26,17,1564,17.4,0,4,4,0,0,0,0,0,1.0,1.0,2.6,3.6,26,102,78,0.23,0.21,8,2,25.0,0.46,0.12,0.0,0.0,19.7,0,0.12,-1.0,-1.0,800,1010,79.2,14337,5393,2.2,1.4,19,101,25,16,793,213,21,4,2,55,192,0,0,0,0,4,20,47,2.7,43,3,0,0,1,0,8,0.46,32,15,15,13,4,37,56.8,16,17,1,16,16,48,35,0,1158,36,303,573,288,16,1158,17,4,23.5,11,64.7,478,2003,1036,24,2,11,7,627,60,45.7,84.0,11,9,15.0,11,2.04,35,11,24,1.38,1.33,31.4,13.7,17.6,1.01,0,16,5,1,0,0,0,89,8,12,40.0,DEF,96718.0,exact,96718.0,2025-06-09,1500000.0,96718,1989-04-14,Spain,,182.0,right,35.71800136892539,,14.220976332738882,1275.7756217905562,Declining,False,False,True,False,False,ESP,UEFA,False,False,False,False,False,True
Pablo Marí,es ESP,DF,Monza,it Serie A,30.0,1993.0,19,19,1628,18.1,0,0,0,0,0,0,4,1,0.2,0.2,0.1,0.3,5,58,1,0.0,0.01,2,0,0.0,0.11,0.0,0.0,,9.3,0,0.08,-0.2,-0.2,997,1112,89.7,19296,6940,0.1,-0.1,3,50,0,0,1020,89,41,0,5,1,2,0,0,0,0,3,2,16,0.88,15,0,0,0,0,1,1,0.06,26,15,14,12,0,21,52.4,10,24,21,3,37,63,85,2,1296,228,753,534,12,5,1296,6,6,100.0,0,0.0,765,3398,1700,4,0,4,5,861,86,47.6,86.0,17,0,,0,0.68,16,23,-7,-0.39,1.32,15.7,21.4,-5.6,-0.31,1,27,5,0,0,1,0,59,40,21,65.6,DEF,210178.0,exact,210178.0,2025-06-17,3500000.0,210178,1993-08-31,Spain,2026-06-30,193.0,left,31.33744010951403,17.904073587385017,15.068273812173887,982.0351526173788,Declining,False,False,False,False,True,ESP,UEFA,False,False,False,False,False,True
Pablo Marí,es ESP,DF,Fiorentina,it Serie A,30.0,1993.0,13,12,1098,12.2,0,0,0,0,0,0,2,0,0.1,0.1,0.0,0.1,2,27,0,0.0,0.01,5,1,20.0,0.41,0.08,0.0,0.0,21.6,0,0.03,-0.1,-0.1,565,619,91.3,10152,3710,0.1,0.0,0,31,0,0,594,21,13,0,0,0,2,0,0,0,0,4,2,10,0.82,9,0,0,1,0,0,0,0.0,14,9,11,3,0,11,54.5,5,19,14,5,25,39,94,0,784,134,447,319,21,5,784,1,0,0.0,1,100.0,409,1528,596,4,0,0,2,467,84,32.1,90.0,12,1,18.0,1,1.77,19,14,5,0.41,-0.13,15.6,16.6,-1.0,-0.08,0,14,5,0,0,0,0,39,31,12,72.1,DEF,210178.0,exact,210178.0,2025-06-17,3500000.0,210178,1993-08-31,Spain,2026-06-30,193.0,left,31.33744010951403,17.904073587385017,15.068273812173887,982.0351526173788,Declining,False,False,False,False,True,ESP,UEFA,False,False,False,False,False,True
José María Giménez,uy URU,DF,Atlético Madrid,es La Liga,29.0,1995.0,27,20,1999,22.2,0,1,1,0,0,0,5,0,0.4,0.4,0.2,0.7,3,64,1,0.05,0.03,5,1,20.0,0.23,0.05,0.0,0.0,8.6,0,0.09,-0.4,-0.4,1250,1362,91.8,25411,9603,0.3,0.8,2,61,0,0,1283,78,54,1,18,0,5,0,0,0,0,1,4,7,0.32,7,0,0,0,0,0,1,0.05,26,16,18,8,0,28,60.7,11,29,19,10,27,53,115,2,1582,272,822,735,30,11,1582,3,2,66.7,1,33.3,1006,4430,2336,2,0,6,3,1094,74,58.5,88.0,19,7,34.0,7,1.89,41,20,21,0.95,-0.13,32.2,18.5,13.7,0.61,0,13,12,0,0,0,1,78,38,37,50.7,DEF,250845.0,exact,250845.0,2025-06-09,20000000.0,250845,1995-01-20,Uruguay,2028-06-30,186.0,right,29.949349760438057,41.9185282522996,16.811242881518265,896.9635510730511,Peak,False,False,True,False,False,URU,CONMEBOL,False,False,False,True,False,False
Luca Marianucci,it ITA,DF,Empoli,it Serie A,20.0,2004.0,18,12,1069,11.9,0,0,0,0,0,0,0,1,0.6,0.6,0.2,0.8,12,28,3,0.0,0.07,8,2,25.0,0.67,0.17,0.0,0.0,18.6,0,0.08,-0.6,-0.6,354,461,76.8,7473,3116,0.2,-0.2,3,29,2,1,414,43,18,0,9,7,17,0,0,0,0,4,4,12,1.01,6,2,2,2,0,0,0,0.0,28,12,17,11,0,19,57.9,8,16,8,8,19,47,63,1,609,64,290,286,35,5,609,10,5,50.0,3,30.0,299,1326,722,5,0,7,3,311,59,31.3,84.0,9,6,10.0,17,0.94,7,16,-9,-0.76,-0.11,10.0,15.3,-5.3,-0.45,0,11,5,0,0,0,0,43,28,33,45.9,DEF,814446.0,exact,814446.0,2025-06-17,7500000.0,814446,2004-07-23,Italy,2026-06-30,186.0,right,20.4435318275154,17.904073587385017,15.830413711839864,417.93799358263516,Emerging,False,False,False,False,True,ITA,UEFA,False,False,False,False,False,True
Guillermo Maripán,cl CHI,DF,Torino,it Serie A,30.0,1994.0,28,27,2340,26.0,1,1,2,1,0,0,4,1,0.9,0.9,1.0,2.0,14,96,9,0.08,0.08,12,5,41.7,0.46,0.19,0.08,0.2,12.8,0,0.08,0.1,0.1,1151,1333,86.3,23605,8277,0.9,0.0,5,79,5,0,1286,42,37,2,6,2,4,0,0,0,0,5,9,19,0.73,15,1,0,3,0,0,2,0.08,40,23,25,14,1,33,63.6,12,27,13,14,41,81,138,1,1636,159,770,822,56,23,1636,8,2,25.0,6,75.0,962,4714,2538,11,2,19,5,1044,84,68.4,86.0,25,1,13.0,6,1.11,27,30,-3,-0.12,0.13,23.1,32.4,-9.3,-0.36,0,29,8,1,0,0,0,90,72,47,60.5,DEF,249730.0,exact,249730.0,2025-06-17,4000000.0,249730,1994-05-06,Chile,2026-06-30,193.0,right,30.65845311430527,17.904073587385017,15.201805169084134,939.9407473620546,Declining,False,False,False,False,True,CHI,CONMEBOL,False,False,False,True,False,False
Mika Mármol,es ESP,DF,Las Palmas,es La Liga,23.0,2001.0,30,27,2399,26.7,0,1,1,0,0,0,5,0,0.4,0.4,1.5,1.9,33,106,62,0.04,0.07,10,0,0.0,0.38,0.0,0.0,,15.9,0,0.04,-0.4,-0.4,1112,1495,74.4,20092,8991,2.0,-0.5,16,119,16,7,1264,227,30,0,7,57,192,0,0,0,0,4,24,39,1.46,34,4,0,1,0,0,4,0.15,61,29,35,24,2,52,65.4,18,46,14,32,38,99,121,2,1820,145,681,890,257,16,1820,15,7,46.7,8,53.3,793,3825,2342,26,1,15,5,1065,80,70.1,87.0,24,3,20.0,3,0.83,29,44,-15,-0.56,-0.03,26.8,46.6,-19.8,-0.74,0,33,8,3,0,1,0,78,28,21,57.1,DEF,617060.0,exact,617060.0,2024-06-07,15000000.0,617060,2001-07-02,Spain,2026-06-30,183.0,left,23.50171115674196,17.904073587385017,16.52356082573315,552.3304272949294,Developing,False,False,True,False,False,ESP,UEFA,False,False,False,False,False,True
Marquinhos,br BRA,DF,Paris S-G,fr Ligue 1,30.0,1994.0,22,19,1725,19.2,2,0,2,2,0,0,3,0,1.1,1.1,0.8,1.9,29,151,4,0.1,0.1,8,3,37.5,0.42,0.16,0.25,0.67,9.7,0,0.14,0.9,0.9,1736,1830,94.9,33775,10072,1.0,-0.8,9,184,4,1,1791,36,23,3,13,3,11,0,0,0,0,3,6,31,1.62,28,0,1,0,0,2,1,0.05,30,19,8,16,6,33,75.8,8,27,15,12,11,41,64,0,1990,179,610,1271,114,13,1990,4,3,75.0,1,25.0,1335,6601,4472,25,0,4,1,1603,78,56.4,87.0,16,3,25.0,5,2.41,52,18,34,1.77,0.22,50.0,15.9,34.1,1.78,0,18,7,1,0,1,0,103,32,17,65.3,DEF,181767.0,exact,181767.0,2025-06-03,35000000.0,181767,1994-05-14,Brazil,2028-06-30,183.0,right,30.636550308008214,41.9185282522996,17.370858648025116,938.5982147751182,Declining,False,False,False,True,False,BRA,CONMEBOL,False,False,False,True,False,False
Aarón Martín,es ESP,DF,Genoa,it Serie A,27.0,1997.0,36,35,3085,34.3,0,8,8,0,0,0,5,0,0.9,0.9,5.5,6.4,50,90,108,0.23,0.19,16,4,25.0,0.47,0.12,0.0,0.0,23.6,5,0.06,-0.9,-0.9,1221,1685,72.5,23065,8738,6.1,2.5,65,77,30,21,1226,454,93,0,3,256,255,106,47,54,0,5,30,95,2.77,42,48,2,1,2,0,13,0.38,71,47,41,26,4,51,64.7,18,33,11,22,19,90,73,1,1951,87,566,802,608,20,1951,27,12,44.4,12,44.4,878,4829,2293,31,4,22,17,1039,86,90.2,87.0,30,1,32.0,1,1.19,33,44,-11,-0.32,-0.05,34.1,41.5,-7.4,-0.22,0,38,28,4,0,1,0,146,20,33,37.7,DEF,251878.0,exact,251878.0,2025-06-17,6500000.0,251878,1997-04-22,Spain,2027-06-30,178.0,left,27.696098562628336,29.894875164257556,15.687312888712007,767.0738755908234,Peak,False,False,False,False,True,ESP,UEFA,False,False,False,False,False,True
Gerard Martín,es ESP,DF,Barcelona,es La Liga,22.0,2002.0,28,11,1038,11.5,1,3,4,1,0,0,2,0,0.5,0.5,1.1,1.6,10,40,122,0.35,0.14,7,2,28.6,0.61,0.17,0.14,0.5,16.6,0,0.07,0.5,0.5,656,789,83.1,9965,2760,1.7,1.9,12,27,16,4,682,106,11,1,1,36,95,0,0,0,0,1,23,27,2.34,26,0,0,0,1,0,3,0.26,22,10,10,7,5,16,68.8,5,16,2,14,13,35,27,0,909,29,203,384,326,19,909,11,4,36.4,7,63.6,413,1438,720,12,1,7,4,586,37,30.4,70.0,4,17,16.0,10,2.54,37,15,22,1.91,0.36,27.8,13.9,13.9,1.21,0,14,9,0,0,0,0,42,14,6,70.0,DEF,705395.0,exact,705395.0,2025-06-09,12000000.0,705395,2002-02-26,Spain,2028-06-30,186.0,left,22.847364818617386,41.9185282522996,16.300417291085605,522.0020791549955,Developing,False,False,True,False,False,ESP,UEFA,False,False,False,False,False,True
Jon Martin,es ESP,DF,Real Sociedad,es La Liga,18.0,2006.0,13,6,904,10.0,0,1,1,0,0,0,2,0,0.6,0.6,0.2,0.8,4,34,0,0.1,0.08,9,1,11.1,0.9,0.1,0.0,0.0,10.2,0,0.07,-0.6,-0.6,468,539,86.8,9130,2975,0.2,0.8,4,19,2,0,527,12,12,0,1,0,0,0,0,0,0,0,3,8,0.8,6,0,0,2,0,0,1,0.1,11,9,7,3,1,9,66.7,3,13,9,4,7,18,80,1,677,99,381,278,20,13,677,0,0,,0,,375,1871,1034,1,0,8,0,432,70,26.4,90.0,6,7,52.0,24,0.69,6,19,-13,-1.29,-1.37,8.2,14.4,-6.2,-0.62,0,20,0,0,0,0,0,22,53,9,85.5,DEF,1018938.0,exact_accent_stripped,1018938.0,2025-06-09,8000000.0,1018938,2006-04-23,Spain,2031-06-30,187.0,right,18.694045174537987,77.8909329829172,15.894952224644102,349.467324987667,Emerging,False,False,True,False,False,ESP,UEFA,False,False,False,False,False,True
Arnau Martinez,es ESP,"DF,MF",Girona,es La Liga,21.0,2003.0,32,30,2624,29.2,2,2,4,2,0,0,3,0,1.2,1.2,2.2,3.5,41,162,102,0.14,0.12,19,6,31.6,0.65,0.21,0.11,0.33,15.4,0,0.07,0.8,0.8,1603,1855,86.4,25826,6911,1.8,-0.2,18,155,14,4,1590,258,44,6,5,58,213,1,0,1,0,7,35,56,1.92,45,3,3,2,2,1,6,0.21,51,28,30,15,6,63,50.8,31,18,6,12,31,82,76,2,2108,89,625,1009,488,55,2108,37,20,54.1,14,37.8,1183,5730,2704,31,5,25,14,1402,82,76.7,87.0,24,2,4.0,5,1.16,32,45,-13,-0.45,-0.11,31.3,39.2,-7.8,-0.27,0,20,37,2,0,1,0,125,29,22,56.9,DEF,826224.0,exact_accent_stripped,826224.0,2025-06-09,10000000.0,826224,2003-04-25,Spain,2027-06-30,182.0,right,21.689253935660506,29.894875164257556,16.118095750958314,470.42373628556476,Emerging,False,False,True,False,False,ESP,UEFA,False,False,False,False,False,True
Iñigo Martínez,es ESP,DF,Barcelona,es La Liga,33.0,1991.0,28,28,2490,27.7,0,4,4,0,0,0,5,0,0.5,0.5,2.6,3.1,70,260,11,0.14,0.11,13,2,15.4,0.47,0.07,0.0,0.0,13.5,0,0.04,-0.5,-0.5,2217,2435,91.0,41890,14576,1.8,1.4,16,259,9,1,2316,116,94,3,34,8,7,0,0,0,0,3,15,45,1.63,38,1,1,3,2,0,9,0.33,25,14,20,5,0,22,72.7,6,18,7,11,18,43,108,1,2652,146,875,1629,156,26,2652,3,3,100.0,0,0.0,1711,10196,7336,53,0,11,3,2003,89,72.8,89.0,25,0,,6,2.32,75,31,44,1.59,-0.25,70.2,32.8,37.4,1.35,0,18,28,0,1,0,0,126,58,33,63.7,DEF,158863.0,exact,158863.0,2025-06-09,5000000.0,158863,1991-05-17,Spain,2026-06-30,182.0,left,33.6290212183436,17.904073587385017,15.424948670398354,1130.9110681038042,Declining,False,False,True,False,False,ESP,UEFA,False,False,False,False,False,True
Lisandro Martínez,ar ARG,DF,Manchester Utd,eng Premier League,26.0,1998.0,20,20,1751,19.5,2,1,3,2,0,0,7,0,1.3,1.3,1.1,2.4,23,117,7,0.15,0.13,17,6,35.3,0.87,0.31,0.12,0.33,15.9,0,0.08,0.7,0.7,1200,1342,89.4,20292,7055,1.3,-0.1,9,91,18,2,1285,54,15,5,3,9,16,0,0,0,0,3,7,26,1.34,23,0,0,2,0,1,2,0.1,40,24,25,12,3,36,58.3,15,22,8,14,32,72,57,1,1524,156,713,697,125,18,1524,7,6,85.7,1,14.3,1017,5141,3129,23,2,1,3,1069,88,51.2,88.0,17,0,,2,1.35,25,27,-2,-0.1,0.33,29.7,29.7,-0.1,0.0,0,22,7,0,0,0,0,81,16,13,55.2,DEF,480762.0,exact,480762.0,2025-05-30,40000000.0,480762,1998-01-18,Argentina,2027-06-30,175.0,left,26.954140999315538,29.894875164257556,17.50439003707821,726.5257170109828,Peak,False,True,False,False,False,ARG,CONMEBOL,False,False,False,True,False,False
Lucas Martínez Quarta,ar ARG,DF,Fiorentina,it Serie A,28.0,1996.0,8,4,351,3.9,1,0,1,1,0,0,1,0,0.7,0.7,0.0,0.7,3,14,2,0.26,0.19,3,1,33.3,0.77,0.26,0.33,1.0,12.7,0,0.24,0.3,0.3,226,255,88.6,4391,1769,0.1,0.0,1,15,0,0,243,11,7,0,3,0,4,0,0,0,0,1,1,4,1.03,4,0,0,0,0,0,0,0.0,12,7,9,3,0,13,61.5,5,5,2,3,3,15,25,1,316,39,157,139,21,6,316,2,2,100.0,0,0.0,181,1010,589,2,1,5,1,208,44,10.3,71.0,2,4,17.0,9,1.88,5,5,0,0.0,-0.56,5.1,5.2,-0.1,-0.03,0,8,2,0,0,0,0,13,12,10,54.5,DEF,373373.0,exact,373373.0,2025-06-02,7000000.0,373373,1996-05-10,Argentina,2028-12-31,183.0,right,28.646132785763175,47.96320630749014,15.76142084987672,820.6009235795759,Peak,False,False,False,False,True,ARG,CONMEBOL,False,False,False,True,False,False
Adam Marušić,me MNE,DF,Lazio,it Serie A,31.0,1992.0,35,26,2337,26.0,4,0,4,4,0,0,1,0,2.0,2.0,0.6,2.6,23,84,108,0.15,0.1,23,10,43.5,0.89,0.39,0.17,0.4,15.4,0,0.09,2.0,2.0,1053,1240,84.9,16214,5156,0.6,-0.6,13,72,16,9,1044,195,26,0,3,54,169,0,0,0,0,1,15,33,1.27,25,2,0,5,0,1,3,0.12,32,20,18,12,2,30,60.0,12,18,8,10,16,48,61,0,1433,76,410,697,341,31,1433,23,10,43.5,12,52.2,683,2521,1263,27,0,12,13,926,67,68.3,83.0,19,9,21.0,3,1.6,39,39,0,0.0,-1.0,36.3,27.7,8.6,0.33,0,20,14,2,0,0,1,83,29,26,52.7,DEF,239802.0,exact_accent_stripped,239802.0,2025-06-17,3500000.0,239802,1992-10-17,Montenegro,2028-06-30,185.0,right,32.20807665982204,41.9185282522996,15.068273812173887,1037.3602021249733,Declining,False,False,False,False,True,MNE,UEFA,False,False,False,False,False,True
Adam Masina,ma MAR,DF,Torino,it Serie A,30.0,1994.0,28,20,1919,21.3,1,2,3,1,0,0,5,0,0.7,0.7,0.3,1.0,15,73,10,0.14,0.05,8,2,25.0,0.38,0.09,0.13,0.5,14.6,0,0.09,0.3,0.3,1066,1267,84.1,19972,7055,0.7,1.7,4,72,6,2,1198,66,27,1,8,14,25,0,0,0,0,3,4,21,0.98,17,0,2,0,1,1,4,0.19,33,15,22,10,1,40,57.5,17,28,15,13,27,60,95,2,1502,187,660,768,80,12,1502,12,6,50.0,6,50.0,853,3907,2121,9,1,12,8,971,69,56.1,87.0,15,8,22.0,9,1.11,20,28,-8,-0.38,-0.5,21.0,30.2,-9.3,-0.43,0,23,18,2,1,0,0,88,66,23,74.2,DEF,286949.0,exact,286949.0,2025-06-17,1500000.0,286949,1994-01-02,Morocco,,191.0,left,30.99794661190965,,14.220976332738882,960.872694154801,Declining,False,False,False,False,True,MAR,CAF,False,True,False,False,False,False
Erhan Mašović,rs SRB,DF,Bochum,de Bundesliga,25.0,1998.0,16,10,910,10.1,1,1,2,1,0,0,2,0,0.6,0.6,0.9,1.5,1,35,4,0.2,0.15,7,4,57.1,0.69,0.4,0.14,0.25,11.0,0,0.09,0.4,0.4,349,422,82.7,7445,2958,0.5,0.1,3,28,0,0,406,13,10,1,2,0,0,0,0,0,0,3,4,7,0.69,7,0,0,0,0,0,1,0.1,14,10,10,4,0,28,46.4,15,17,11,6,12,26,55,0,539,75,276,244,21,11,539,1,0,0.0,1,100.0,290,1123,513,1,0,5,3,323,57,29.7,83.0,9,6,14.0,13,0.81,8,25,-17,-1.68,-0.97,13.6,25.2,-11.6,-1.14,0,12,4,0,0,0,0,32,22,15,59.5,DEF,343959.0,exact_accent_stripped,343959.0,2025-06-05,2000000.0,343959,1998-11-22,Serbia,2026-06-30,189.0,both,26.11088295687885,17.904073587385017,14.508658238524095,681.7782087878264,Peak,True,False,False,False,False,SRB,UEFA,False,False,False,False,False,True
Clinton Mata,ao ANG,DF,Lyon,fr Ligue 1,31.0,1992.0,29,27,2370,26.3,0,4,4,0,0,0,6,0,0.2,0.2,1.4,1.6,20,88,23,0.15,0.06,5,0,0.0,0.19,0.0,0.0,,21.1,0,0.05,-0.2,-0.2,1448,1636,88.5,23759,8137,2.2,2.6,11,86,14,7,1517,116,58,0,3,38,49,0,0,0,0,3,13,25,0.95,22,1,1,0,1,0,6,0.23,41,29,23,14,4,36,77.8,8,26,17,9,46,87,72,3,1877,188,788,936,167,14,1877,30,14,46.7,14,46.7,1168,6040,3488,17,0,15,10,1287,82,77.5,87.0,25,2,7.0,2,1.59,52,38,14,0.53,-0.12,44.7,37.5,7.2,0.27,0,27,34,1,0,0,0,129,21,17,55.3,DEF,187718.0,exact,187718.0,2025-06-03,3500000.0,187718,1992-11-07,Angola,2028-06-30,180.0,right,32.15058179329227,41.9185282522996,15.068273812173887,1033.6599096471764,Declining,False,False,False,True,False,ANG,CAF,False,True,False,False,False,False
Chrislain Matsima,fr FRA,DF,Augsburg,de Bundesliga,22.0,2002.0,30,28,2551,28.3,1,1,2,1,0,0,4,0,1.8,1.8,0.3,2.1,14,84,13,0.07,0.07,14,2,14.3,0.49,0.07,0.07,0.5,10.2,0,0.13,-0.8,-0.8,1139,1324,86.0,20152,6622,0.7,0.7,5,95,7,0,1274,44,31,2,2,3,8,0,0,0,0,6,17,17,0.6,17,0,0,0,0,0,1,0.04,31,20,19,11,1,26,65.4,9,48,29,19,52,83,163,0,1669,229,700,846,138,24,1669,12,7,58.3,4,33.3,910,3558,1731,18,2,20,9,989,85,83.4,89.0,26,2,28.0,2,1.3,26,37,-11,-0.39,0.5,26.1,40.3,-14.3,-0.5,0,10,10,1,0,1,1,143,68,28,70.8,DEF,569383.0,exact,569383.0,2025-06-05,22000000.0,569383,2002-05-15,France,2030-06-30,193.0,right,22.633812457221083,65.90013140604468,16.906553056777135,512.2894663486563,Developing,True,False,False,False,False,FRA,UEFA,False,False,False,False,False,True
Alan Matturro,uy URU,DF,Genoa,it Serie A,19.0,2004.0,13,9,900,10.0,0,0,0,0,0,0,2,0,0.2,0.2,0.2,0.4,12,15,9,0.0,0.04,4,3,75.0,0.4,0.3,0.0,0.0,15.2,0,0.05,-0.2,-0.2,280,359,78.0,5637,1806,0.3,-0.2,3,10,4,2,325,33,4,0,1,8,28,0,0,0,0,1,7,9,0.9,7,1,0,0,0,1,0,0.0,11,6,6,5,0,14,21.4,11,10,3,7,14,25,38,0,458,51,243,170,47,9,458,5,3,60.0,2,40.0,218,1207,646,5,1,6,3,260,69,26.3,90.0,9,4,23.0,12,1.15,7,13,-6,-0.6,-0.39,7.4,12.9,-5.6,-0.56,0,10,5,2,0,1,0,26,16,16,50.0,DEF,861981.0,exact,861981.0,2025-06-17,7000000.0,861981,2004-10-11,Uruguay,2026-06-30,189.0,left,20.22450376454483,17.904073587385017,15.76142084987672,409.03055252208804,Emerging,False,False,False,False,True,URU,CONMEBOL,False,False,False,True,False,False
Konstantinos Mavropanos,gr GRE,DF,West Ham,eng Premier League,26.0,1997.0,33,21,2045,22.7,0,0,0,0,0,0,6,1,1.5,1.5,0.5,2.0,17,61,2,0.0,0.09,18,5,27.8,0.79,0.22,0.0,0.0,14.8,0,0.09,-1.5,-1.5,1092,1265,86.3,21548,7277,0.4,-0.5,5,64,4,1,1203,58,39,1,24,2,15,0,0,0,0,4,10,16,0.7,12,0,1,2,0,1,0,0.0,35,24,24,10,1,27,59.3,11,25,18,7,40,75,126,1,1532,244,806,671,63,24,1532,17,9,52.9,5,29.4,864,4287,2292,10,1,12,0,1008,62,59.8,85.0,17,12,22.0,3,1.15,22,38,-16,-0.7,-0.7,25.9,36.7,-10.9,-0.48,1,17,16,3,0,0,0,77,57,25,69.5,DEF,415912.0,exact,415912.0,2025-05-30,17000000.0,415912,1997-12-11,Greece,2028-06-30,194.0,right,27.058179329226558,41.9185282522996,16.648723960844016,732.1450686125834,Peak,False,True,False,False,False,GRE,UEFA,False,False,False,False,False,True
Christian Mawissa,fr FRA,DF,Monaco,fr Ligue 1,19.0,2005.0,22,17,1501,16.7,0,0,0,0,0,0,3,0,0.1,0.1,0.0,0.1,13,44,10,0.0,0.01,1,1,100.0,0.06,0.06,0.0,0.0,13.5,0,0.07,-0.1,-0.1,827,945,87.5,13430,4378,0.1,0.0,1,51,0,0,902,43,12,0,0,3,20,0,0,0,0,0,12,7,0.42,6,0,0,0,1,0,0,0.0,42,29,27,13,2,44,59.1,18,25,6,19,26,68,48,1,1138,101,436,653,64,6,1138,28,10,35.7,16,57.1,718,3790,1745,12,1,18,11,768,68,49.1,84.0,12,5,13.0,9,1.86,33,25,8,0.48,-0.33,33.6,20.1,13.5,0.81,0,19,7,0,0,1,0,70,31,18,63.3,DEF,1005240.0,exact,1005240.0,2025-06-03,15000000.0,1005240,2005-04-18,France,2029-06-30,184.0,left,19.707049965776864,53.90932982917214,16.52356082573315,388.3678183536259,Emerging,False,False,False,True,False,FRA,UEFA,False,False,False,False,False,True
Noussair Mazraoui,ma MAR,DF,Manchester Utd,eng Premier League,26.0,1997.0,37,34,2838,31.5,0,1,1,0,0,0,3,0,0.7,0.7,1.5,2.2,42,115,58,0.03,0.07,13,3,23.1,0.41,0.1,0.0,0.0,20.6,0,0.05,-0.7,-0.7,1526,1781,85.7,23059,8056,1.9,-0.5,20,125,20,5,1578,202,24,7,6,23,168,0,0,0,0,1,35,56,1.78,46,2,1,2,3,2,1,0.03,115,68,58,42,15,94,62.8,35,36,9,27,34,149,95,1,2139,167,839,976,349,30,2139,48,26,54.2,18,37.5,1172,5481,2884,32,3,25,17,1289,77,83.0,81.0,20,3,24.0,0,1.14,23,43,-20,-0.63,-2.18,38.6,45.5,-6.9,-0.22,0,38,25,4,0,1,0,149,50,30,62.5,DEF,340456.0,exact,340456.0,2025-05-30,25000000.0,340456,1997-11-14,Morocco,2028-06-30,183.0,right,27.132101300479125,41.9185282522996,17.034386422832473,736.150920979461,Peak,False,True,False,False,False,MAR,CAF,False,True,False,False,False,False
Pasquale Mazzocchi,it ITA,"DF,FW",Napoli,it Serie A,29.0,1995.0,20,7,702,7.8,0,0,0,0,0,0,3,0,0.3,0.3,0.4,0.6,20,23,43,0.0,0.08,3,1,33.3,0.38,0.13,0.0,0.0,13.4,0,0.09,-0.3,-0.3,244,304,80.3,3786,1012,0.6,-0.4,5,6,8,3,248,55,2,2,0,13,53,0,0,0,0,1,6,18,2.3,15,0,2,0,1,0,0,0.0,15,7,7,5,3,15,53.3,7,5,2,3,5,20,25,0,385,27,118,145,129,10,385,17,10,58.8,4,23.5,206,1290,707,13,2,13,11,228,35,20.5,83.0,3,13,9.0,11,2.33,13,10,3,0.38,-0.58,10.2,8.3,2.0,0.25,0,9,5,1,0,0,0,31,5,8,38.5,DEF,250153.0,exact,250153.0,2025-06-17,2500000.0,250153,1995-07-27,Italy,2027-06-30,183.0,right,29.43463381245722,29.894875164257556,14.731801689838349,866.39766767345,Peak,False,False,False,False,True,ITA,UEFA,False,False,False,False,False,True
Scott McKenna,sct SCO,DF,Las Palmas,es La Liga,27.0,1996.0,29,28,2466,27.4,0,0,0,0,0,0,5,1,1.1,1.1,0.7,1.8,11,45,3,0.0,0.07,10,0,0.0,0.36,0.0,0.0,,12.5,0,0.11,-1.1,-1.1,1276,1471,86.7,23646,7874,0.4,-0.7,4,50,1,0,1411,58,36,0,6,2,5,0,0,0,0,2,5,12,0.44,8,1,1,2,0,0,0,0.0,21,13,16,5,0,12,75.0,3,36,28,8,9,30,163,2,1745,272,1035,661,54,23,1745,3,3,100.0,0,0.0,912,4118,2131,10,2,8,4,1140,85,72.1,87.0,26,1,22.0,1,1.07,33,43,-10,-0.36,0.67,26.6,49.2,-22.6,-0.83,0,13,8,1,0,1,1,69,85,44,65.9,DEF,255906.0,exact,255906.0,2025-06-09,4000000.0,255906,1996-11-12,Scotland,2029-06-30,189.0,left,28.136892539356605,53.90932982917214,15.201805169084134,791.6847217713014,Peak,False,False,True,False,False,SCO,UEFA,False,False,False,False,False,True
Mark McKenzie,us USA,DF,Toulouse,fr Ligue 1,25.0,1999.0,30,29,2496,27.7,1,1,2,1,0,0,1,1,1.4,1.4,0.5,1.9,10,97,5,0.07,0.07,8,2,25.0,0.29,0.07,0.13,0.5,11.2,0,0.17,-0.4,-0.4,1167,1356,86.1,21104,8135,0.2,0.5,4,101,0,0,1243,113,29,0,6,1,70,0,0,0,0,0,9,14,0.5,12,0,0,2,0,0,1,0.04,52,31,31,20,1,45,73.3,12,31,18,13,22,74,141,1,1648,181,736,849,70,15,1648,9,4,44.4,5,55.6,878,3391,1826,9,1,13,7,969,83,81.6,85.0,26,1,21.0,1,1.23,39,36,3,0.11,0.43,40.8,29.3,11.6,0.42,0,30,12,1,0,1,0,128,44,34,56.4,DEF,429259.0,exact,429259.0,2025-06-03,6000000.0,429259,1999-02-25,United States,2027-06-30,186.0,right,25.8507871321013,29.894875164257556,15.607270193858982,668.2631953492141,Developing,False,False,False,True,False,USA,CONCACAF,False,False,True,False,False,False
Jakov Medić,hr CRO,DF,Bochum,de Bundesliga,25.0,1998.0,23,17,1603,17.8,1,0,1,1,0,0,2,0,0.9,0.9,0.2,1.0,2,27,3,0.06,0.06,14,3,21.4,0.79,0.17,0.07,0.33,14.6,0,0.06,0.1,0.1,667,763,87.4,13727,4502,0.5,-0.2,3,31,4,1,747,13,7,2,2,1,0,0,0,0,0,3,2,10,0.56,9,0,0,1,0,0,1,0.06,13,11,9,3,1,18,44.4,10,32,21,11,22,35,111,4,975,167,552,383,42,22,975,3,2,66.7,1,33.3,498,2209,947,0,0,7,3,544,70,52.4,88.0,13,6,17.0,10,0.83,14,35,-21,-1.18,-0.38,16.8,34.1,-17.2,-0.97,0,10,7,2,0,1,0,73,30,27,52.6,DEF,488755.0,exact_accent_stripped,488755.0,2025-06-05,2000000.0,488755,1998-09-07,Croatia,2028-06-30,193.0,right,26.31895961670089,41.9185282522996,14.508658238524095,692.6876353055324,Peak,True,False,False,False,False,CRO,UEFA,False,False,False,False,False,True
Facundo Medina,ar ARG,DF,Lens,fr Ligue 1,25.0,1999.0,29,29,2543,28.3,0,1,1,0,0,0,15,1,1.8,1.8,2.0,3.8,46,174,42,0.04,0.13,27,3,11.1,0.96,0.11,0.0,0.0,18.3,0,0.07,-1.8,-1.8,1655,1889,87.6,27012,9960,3.4,-1.0,24,157,30,2,1744,136,70,3,5,16,66,0,0,0,0,9,18,68,2.41,62,1,1,3,0,1,3,0.11,44,29,22,18,4,42,57.1,18,30,10,20,32,76,70,0,2176,121,706,1150,341,31,2176,27,10,37.0,17,63.0,1328,6893,3678,48,2,27,14,1514,88,83.1,88.0,24,0,,0,1.69,39,30,9,0.32,1.36,45.6,33.5,12.1,0.43,1,29,22,0,0,1,0,165,30,24,55.6,DEF,474800.0,exact,474800.0,2025-06-03,25000000.0,474800,1999-05-28,Argentina,2026-06-30,184.0,left,25.598904859685145,17.904073587385017,17.034386422832473,655.3039300152118,Developing,False,False,False,True,False,ARG,CONMEBOL,False,False,False,True,False,False
Bamo Meïté,ci CIV,DF,Montpellier,fr Ligue 1,22.0,2001.0,7,6,424,4.7,0,0,0,0,0,0,2,1,0.0,0.0,0.0,0.0,1,7,1,0.0,0.0,1,0,0.0,0.21,0.0,0.0,,13.1,0,0.02,0.0,0.0,153,173,88.4,2471,785,0.0,0.0,0,4,0,0,165,8,2,0,0,0,2,0,0,0,0,0,3,2,0.42,2,0,0,0,0,0,0,0.0,5,3,2,1,2,2,50.0,1,3,3,0,4,9,14,3,210,25,112,85,13,2,210,2,1,50.0,1,50.0,99,405,208,2,0,3,3,142,61,13.9,68.0,0,1,16.0,5,0.0,1,10,-9,-1.91,-0.31,5.7,7.8,-2.2,-0.46,0,8,4,0,0,0,0,8,5,6,45.5,DEF,807165.0,exact,807165.0,2025-06-03,4000000.0,807165,2001-12-03,Cote d'Ivoire,2026-06-30,184.0,right,23.080082135523615,17.904073587385017,15.201805169084134,532.6901913825163,Developing,False,False,False,True,False,CIV,CAF,False,True,False,False,False,False
Nuno Mendes,pt POR,DF,Paris S-G,fr Ligue 1,22.0,2002.0,24,19,1676,18.6,1,3,4,1,0,0,3,0,2.2,2.2,5.0,7.2,58,127,108,0.21,0.39,21,9,42.9,1.13,0.48,0.05,0.11,20.2,1,0.1,-1.2,-1.2,1293,1488,86.9,22683,6256,4.1,-2.0,30,119,34,13,1328,157,29,3,25,60,119,9,5,3,0,3,21,72,3.87,53,6,5,4,3,1,6,0.32,30,19,15,12,3,39,59.0,16,25,8,17,18,48,37,2,1701,55,375,880,464,42,1701,53,31,58.5,21,39.6,990,4832,3207,43,12,28,22,1215,70,54.8,82.0,14,5,24.0,3,2.38,48,17,31,1.66,-0.03,49.8,14.4,35.4,1.9,0,13,23,1,1,1,0,108,15,11,57.7,DEF,616341.0,exact,616341.0,2025-06-03,70000000.0,616341,2002-06-19,Portugal,2029-06-30,177.0,left,22.537987679671456,53.90932982917214,18.064005814299346,507.96088864902237,Developing,False,False,False,True,False,POR,UEFA,False,False,False,False,False,True
Antoine Mendy,sn SEN,DF,Nice,fr Ligue 1,20.0,2004.0,18,8,825,9.2,0,0,0,0,0,0,2,0,0.6,0.6,0.1,0.7,12,35,15,0.0,0.07,9,1,11.1,0.98,0.11,0.0,0.0,14.4,0,0.07,-0.6,-0.6,394,486,81.1,6764,2080,0.3,-0.1,2,29,7,3,427,59,16,1,2,7,43,0,0,0,0,0,6,13,1.42,10,0,1,1,1,0,2,0.22,30,21,16,14,0,29,65.5,10,9,5,4,8,38,29,1,595,44,222,323,59,11,595,12,5,41.7,5,41.7,314,1608,871,10,1,11,4,365,46,27.0,76.0,4,10,22.0,10,1.89,19,10,9,0.98,0.34,15.4,11.9,3.5,0.38,0,13,9,0,0,0,0,48,17,13,56.7,DEF,891998.0,exact,891998.0,2025-06-03,2500000.0,891998,2004-05-27,Senegal,2028-06-30,187.0,right,20.59958932238193,41.9185282522996,14.731801689838349,424.3430802507917,Emerging,False,False,False,True,False,SEN,CAF,False,True,False,False,False,False
Ferland Mendy,fr FRA,DF,Real Madrid,es La Liga,29.0,1995.0,14,12,1005,11.2,0,1,1,0,0,0,1,1,0.0,0.0,0.5,0.5,12,36,40,0.09,0.05,0,0,,0.0,0.0,,,,0,,0.0,0.0,630,671,93.9,9091,2431,0.7,0.5,3,44,1,0,581,88,19,0,2,1,69,0,0,0,0,2,8,5,0.45,4,0,0,0,0,1,1,0.09,17,14,7,6,4,12,75.0,3,11,4,7,9,26,8,1,739,30,188,408,149,4,739,6,3,50.0,3,50.0,447,1626,717,10,1,10,9,535,72,29.4,80.0,5,2,21.0,11,1.93,16,13,3,0.27,-1.11,14.8,14.3,0.6,0.05,0,5,7,0,0,0,0,36,4,2,66.7,DEF,291417.0,exact,291417.0,2025-06-09,14000000.0,291417,1995-06-08,France,2028-06-30,180.0,left,29.568788501026695,41.9185282522996,16.454567959008102,874.3132534184485,Peak,False,False,True,False,False,FRA,UEFA,False,False,False,False,False,True
Gideon Mensah,gh GHA,DF,Auxerre,fr Ligue 1,26.0,1998.0,29,26,2280,25.3,0,1,1,0,0,0,2,0,0.2,0.2,2.6,2.8,52,93,101,0.04,0.11,4,1,25.0,0.16,0.04,0.0,0.0,21.9,0,0.04,-0.2,-0.2,1056,1321,79.9,17277,6655,1.7,-1.6,22,68,26,14,1097,220,19,2,12,76,201,0,0,0,0,4,37,51,2.01,47,2,0,0,0,2,5,0.2,68,45,37,21,10,66,50.0,33,27,4,23,50,118,83,0,1627,95,542,767,338,15,1627,54,29,53.7,23,42.6,880,4696,2499,32,7,39,31,888,79,74.5,86.0,19,3,17.0,0,1.34,34,36,-2,-0.08,0.04,29.7,43.6,-13.9,-0.55,0,33,26,1,0,1,0,172,16,19,45.7,DEF,397171.0,exact,397171.0,2025-06-03,4000000.0,397171,1998-07-18,Ghana,2026-06-30,178.0,left,26.458590006844627,17.904073587385017,15.201805169084134,700.0569851502984,Peak,False,False,False,True,False,GHA,CAF,False,True,False,False,False,False
Quentin Merlin,fr FRA,DF,Marseille,fr Ligue 1,22.0,2002.0,27,21,1589,17.7,1,3,4,1,0,0,1,0,2.1,2.1,3.0,5.0,40,86,169,0.23,0.28,26,9,34.6,1.47,0.51,0.04,0.11,16.9,0,0.08,-1.1,-1.1,943,1145,82.4,15694,3325,2.4,0.0,25,57,27,9,980,162,15,0,4,95,121,26,6,15,0,3,27,59,3.34,43,9,1,5,1,0,9,0.51,22,17,12,5,5,16,56.3,7,20,4,16,14,36,17,1,1296,17,207,566,535,49,1296,19,4,21.1,13,68.4,732,3338,1591,30,9,20,9,924,59,51.9,70.0,4,6,21.0,1,1.93,40,21,19,1.08,0.59,36.1,18.0,18.0,1.02,0,11,17,2,0,0,0,69,7,15,31.8,DEF,557613.0,exact,557613.0,2025-06-03,15000000.0,557613,2002-05-16,France,2029-06-30,174.0,left,22.63107460643395,53.90932982917214,16.52356082573315,512.1655378419795,Developing,False,False,False,True,False,FRA,UEFA,False,False,False,False,False,True
Rafik Messali,fr FRA,DF,Toulouse,fr Ligue 1,21.0,2003.0,13,5,456,5.1,0,1,1,0,0,0,0,0,0.3,0.3,1.0,1.3,13,21,29,0.2,0.25,4,0,0.0,0.79,0.0,0.0,,15.1,0,0.07,-0.3,-0.3,166,227,73.1,2756,890,1.0,0.0,11,15,8,3,199,28,4,0,0,16,24,0,0,0,0,0,10,16,3.16,16,0,0,0,0,0,2,0.39,15,8,6,6,3,8,87.5,1,9,1,8,10,25,12,0,298,12,71,132,100,12,298,9,4,44.4,5,55.6,155,897,454,7,5,16,12,176,35,14.9,63.0,0,8,18.0,14,1.38,9,7,2,0.39,0.43,7.2,4.7,2.5,0.49,0,9,8,1,0,0,0,28,6,4,60.0,DEF,883865.0,exact,883865.0,2025-06-03,800000.0,883865,2003-04-28,Algeria,2028-06-30,177.0,right,21.68104038329911,41.9185282522996,13.592368256649284,470.0675121022468,Emerging,False,False,False,True,False,FRA,UEFA,False,False,False,False,False,True
Karol Mets,ee EST,DF,St. Pauli,de Bundesliga,31.0,1993.0,10,10,900,10.0,0,0,0,0,0,0,1,0,0.1,0.1,0.2,0.3,5,54,2,0.0,0.03,3,0,0.0,0.3,0.0,0.0,,14.8,0,0.04,-0.1,-0.1,526,631,83.4,10181,3728,0.4,-0.2,3,49,3,1,589,41,15,0,5,3,4,0,0,0,0,1,3,9,0.9,8,0,0,1,0,0,0,0.0,13,8,6,7,0,7,57.1,3,9,3,6,12,25,60,0,736,99,360,346,32,8,736,1,0,0.0,1,100.0,343,1424,736,6,0,4,0,466,90,29.4,90.0,10,0,,0,0.8,7,12,-5,-0.5,-0.17,8.2,13.0,-4.9,-0.49,0,7,5,0,0,1,0,35,24,10,70.6,DEF,139304.0,exact,139304.0,2025-06-05,1300000.0,139304,1993-05-16,Estonia,2026-06-30,191.0,left,31.630390143737166,17.904073587385017,14.077875591662238,1000.4815806450252,Declining,True,False,False,False,False,EST,UEFA,False,False,False,False,False,True
Thomas Meunier,be BEL,DF,Lille,fr Ligue 1,32.0,1991.0,30,21,1928,21.4,2,0,2,2,0,0,5,0,1.9,1.9,0.7,2.5,64,136,148,0.09,0.12,28,11,39.3,1.31,0.51,0.07,0.18,16.6,0,0.07,0.1,0.1,1188,1477,80.4,20433,6391,2.4,-0.7,13,123,31,7,1298,179,12,2,8,62,165,2,0,0,0,0,23,37,1.73,32,0,1,3,1,0,7,0.33,53,38,32,15,6,49,67.3,16,21,8,13,34,87,64,0,1736,71,393,840,514,58,1736,28,14,50.0,13,46.4,899,5120,2521,49,5,24,11,1122,64,63.0,85.0,16,9,17.0,1,1.77,32,24,8,0.37,-0.26,34.5,28.2,6.3,0.29,0,27,3,3,0,1,0,88,33,19,63.5,DEF,100986.0,exact,100986.0,2025-06-03,2000000.0,100986,1991-09-12,Belgium,2026-06-30,190.0,right,33.30595482546201,17.904073587385017,14.508658238524095,1109.286626835716,Declining,False,False,False,True,False,BEL,UEFA,False,False,False,False,False,True
Nikola Milenković,rs SRB,DF,Nott'ham Forest,eng Premier League,26.0,1997.0,37,37,3330,37.0,5,2,7,5,0,0,4,0,4.0,4.0,1.1,5.1,3,51,6,0.19,0.14,29,8,27.6,0.78,0.22,0.17,0.63,11.6,0,0.14,1.0,1.0,850,1033,82.3,17093,6325,0.5,0.9,9,53,2,0,994,32,32,0,3,0,0,0,0,0,0,7,3,21,0.57,16,0,0,4,0,1,3,0.08,51,29,36,13,2,34,79.4,7,41,24,17,27,78,209,1,1412,257,775,552,89,64,1412,1,1,100.0,0,0.0,547,2345,1116,3,2,4,2,727,90,97.4,90.0,37,0,,0,1.73,57,45,12,0.32,0.32,44.2,47.7,-3.5,-0.09,0,20,5,2,0,0,0,85,101,39,72.1,DEF,413507.0,exact,413507.0,2025-05-30,35000000.0,413507,1997-10-12,Serbia,2029-06-30,195.0,right,27.222450376454482,53.90932982917214,17.370858648025116,741.0618044985267,Peak,False,True,False,False,False,SRB,UEFA,False,False,False,False,False,True
Éder Militão,br BRA,DF,Real Madrid,es La Liga,26.0,1998.0,12,11,938,10.4,1,1,2,1,0,0,2,0,0.6,0.6,0.5,1.1,7,46,1,0.19,0.11,10,3,30.0,0.96,0.29,0.1,0.33,17.3,0,0.06,0.4,0.4,636,712,89.3,13095,4633,0.2,0.5,6,56,3,0,676,34,19,0,15,2,2,0,0,0,0,2,3,12,1.15,9,0,0,2,0,1,1,0.1,19,17,14,5,0,12,58.3,5,13,8,5,12,31,35,0,819,92,395,395,33,13,819,8,5,62.5,3,37.5,533,2738,1593,7,0,6,3,603,78,27.4,83.0,9,1,20.0,0,2.25,20,9,11,1.06,0.0,18.6,11.0,7.6,0.73,0,18,8,0,0,0,0,44,21,12,63.6,DEF,401530.0,exact,401530.0,2025-06-09,30000000.0,401530,1998-01-18,Brazil,2028-06-30,186.0,right,26.954140999315538,41.9185282522996,17.216707972959764,726.5257170109828,Peak,False,False,True,False,False,BRA,CONMEBOL,False,False,False,True,False,False
Kim Min-jae,kr KOR,DF,Bayern Munich,de Bundesliga,27.0,1996.0,27,27,2283,25.4,2,0,2,2,0,0,2,0,1.6,1.6,0.3,1.9,16,181,5,0.08,0.08,7,5,71.4,0.28,0.2,0.29,0.4,6.0,0,0.23,0.4,0.4,2340,2530,92.5,39041,15291,0.9,-0.3,6,236,2,0,2474,53,25,1,5,0,3,0,0,0,0,3,10,26,1.03,24,0,0,0,1,1,2,0.08,35,20,18,13,4,21,52.4,10,23,10,13,37,72,91,4,2764,161,911,1762,101,14,2764,5,3,60.0,2,40.0,1644,6867,3311,23,1,14,5,2098,85,74.6,85.0,20,0,,3,2.52,73,24,49,1.93,-0.15,61.5,17.8,43.6,1.72,0,25,4,0,0,0,0,153,82,43,65.6,DEF,503482.0,fuzzy_verified,503482.0,2025-06-05,40000000.0,503482,1996-11-15,"Korea, South",2028-06-30,190.0,right,28.128678986995208,41.9185282522996,17.50439003707821,791.2225815534258,Peak,True,False,False,False,False,KOR,AFC,True,False,False,False,False,False
Yerry Mina,co COL,DF,Cagliari,it Serie A,29.0,1994.0,31,31,2569,28.5,1,0,1,1,0,0,6,1,2.3,2.3,0.3,2.6,17,76,9,0.04,0.09,26,8,30.8,0.91,0.28,0.04,0.13,11.2,0,0.09,-1.3,-1.3,1198,1394,85.9,22018,8376,0.7,-0.3,4,63,6,1,1313,78,67,1,2,1,6,0,0,0,0,3,8,26,0.91,22,0,0,4,0,0,2,0.07,66,32,43,21,2,52,76.9,12,59,35,24,37,103,163,3,1797,332,1047,686,89,43,1797,8,3,37.5,2,25.0,948,4858,2737,11,0,20,13,969,83,75.1,83.0,23,0,,1,0.97,27,40,-13,-0.46,-0.14,31.8,38.6,-6.8,-0.24,1,40,58,2,0,0,0,158,94,50,65.3,DEF,289446.0,exact,289446.0,2025-06-17,3000000.0,289446,1994-09-23,Colombia,2028-06-30,195.0,right,30.275154004106778,41.9185282522996,14.914123179965662,916.5849499723827,Declining,False,False,False,False,True,COL,CONMEBOL,False,False,False,True,False,False
Lucas Mincarelli,fr FRA,DF,Montpellier,fr Ligue 1,20.0,2004.0,10,8,715,7.9,1,0,1,1,0,0,0,0,0.6,0.6,0.3,0.9,15,25,16,0.13,0.11,7,2,28.6,0.88,0.25,0.14,0.5,15.3,0,0.09,0.4,0.4,309,379,81.5,5124,1980,0.6,-0.3,3,24,2,2,331,47,13,0,0,21,24,5,4,0,0,1,6,6,0.75,4,1,1,0,0,0,0,0.0,17,10,6,9,2,13,46.2,7,8,5,3,9,26,27,0,462,35,181,207,77,8,462,5,1,20.0,4,80.0,255,1441,819,11,2,5,2,297,72,23.4,83.0,6,2,25.0,6,0.4,4,21,-17,-2.14,-0.64,5.0,16.0,-11.0,-1.39,0,5,5,0,0,0,0,25,5,9,35.7,DEF,982393.0,exact,982393.0,2024-06-03,1000000.0,982393,2004-01-05,France,2027-06-30,180.0,left,20.99110198494182,29.894875164257556,13.815511557963774,440.62636254222843,Emerging,False,False,False,True,False,FRA,UEFA,False,False,False,False,False,True
Tyrone Mings,eng ENG,DF,Aston Villa,eng Premier League,31.0,1993.0,14,12,1120,12.4,0,0,0,0,0,0,1,0,0.8,0.8,0.2,1.0,7,40,1,0.0,0.08,9,1,11.1,0.72,0.08,0.0,0.0,11.8,0,0.09,-0.8,-0.8,596,676,88.2,10642,3364,0.2,-0.2,3,48,5,0,630,46,20,0,3,1,0,0,0,0,0,0,7,18,1.45,15,0,0,1,1,1,2,0.16,7,6,6,1,0,2,100.0,0,13,11,2,7,14,61,1,794,146,405,346,47,17,794,3,2,66.7,1,33.3,484,2662,1365,13,1,3,1,532,80,32.7,81.0,9,2,73.0,13,2.29,26,11,15,1.21,1.52,23.5,13.1,10.5,0.84,0,4,11,0,0,0,0,38,27,22,55.1,DEF,253677.0,exact,253677.0,2025-05-30,5000000.0,253677,1993-03-13,England,2027-06-30,196.0,left,31.805612594113622,29.894875164257556,15.424948670398354,1011.5969924868391,Declining,False,True,False,False,False,ENG,UEFA,False,False,False,False,False,True
Juan Miranda,es ESP,DF,Bologna,it Serie A,24.0,2000.0,31,25,2277,25.3,0,6,6,0,0,0,4,1,0.7,0.7,6.1,6.8,34,163,88,0.24,0.27,22,5,22.7,0.87,0.2,0.0,0.0,26.1,6,0.03,-0.7,-0.7,1420,1877,75.7,27816,10135,5.6,-0.1,57,156,52,30,1490,382,80,5,4,211,222,80,18,42,0,5,27,96,3.79,57,32,1,4,1,1,13,0.51,32,18,11,14,7,33,42.4,19,21,3,18,23,55,50,1,2080,62,588,848,655,20,2080,20,7,35.0,12,60.0,1047,3726,1792,27,4,23,8,1270,73,66.6,86.0,20,6,19.0,5,1.65,42,32,10,0.4,0.4,36.1,23.1,13.0,0.51,0,26,33,2,0,0,0,97,36,33,52.2,DEF,341227.0,exact,341227.0,2025-06-17,15000000.0,341227,2000-01-19,Spain,2028-06-30,185.0,left,24.95277207392197,41.9185282522996,16.52356082573315,622.6408341731002,Developing,False,False,False,False,True,ESP,UEFA,False,False,False,False,False,True
Tyrick Mitchell,eng ENG,DF,Crystal Palace,eng Premier League,24.0,1999.0,37,37,3092,34.4,0,5,5,0,0,0,2,0,1.3,1.3,6.4,7.7,63,70,171,0.15,0.22,12,3,25.0,0.35,0.09,0.0,0.0,12.8,0,0.11,-1.3,-1.3,976,1355,72.0,15688,5986,3.7,-1.4,41,51,33,16,1122,228,8,0,2,105,220,0,0,0,0,5,61,72,2.1,65,1,0,3,2,1,7,0.2,91,55,57,27,7,46,54.3,21,68,12,56,19,110,108,2,1754,114,622,671,475,43,1754,38,16,42.1,17,44.7,820,3825,1771,36,9,38,30,902,84,90.4,84.0,25,0,,1,1.35,43,46,-3,-0.09,-0.91,53.3,45.3,8.0,0.23,0,23,25,2,1,0,0,168,20,21,48.8,DEF,730893.0,exact,730893.0,2025-05-30,25000000.0,730893,1999-09-01,England,2027-06-30,181.0,left,25.336071184120467,29.894875164257556,17.034386422832473,641.9165030468195,Developing,False,True,False,False,False,ENG,UEFA,False,False,False,False,False,True
Maximilian Mittelstädt,de GER,DF,Stuttgart,de Bundesliga,27.0,1997.0,31,28,2469,27.4,1,7,8,1,0,0,5,0,0.9,0.9,4.7,5.6,62,182,155,0.29,0.2,21,4,19.0,0.77,0.15,0.05,0.25,23.6,0,0.04,0.1,0.1,1698,2035,83.4,27337,8592,7.0,2.3,47,160,61,31,1757,272,29,2,11,164,226,16,5,10,0,6,28,98,3.57,87,8,2,0,0,1,15,0.55,79,54,42,30,7,73,72.6,20,47,11,36,47,126,96,2,2385,106,525,1225,646,32,2385,38,21,55.3,14,36.8,1251,6049,2909,52,2,24,8,1541,80,80.7,85.0,18,3,30.0,1,1.32,49,43,6,0.22,-0.54,49.4,36.9,12.5,0.46,0,24,38,2,0,0,0,119,24,19,55.8,DEF,282660.0,exact,282660.0,2025-06-05,20000000.0,282660,1997-03-18,Germany,2028-06-30,180.0,left,27.79192334017796,41.9185282522996,16.811242881518265,772.3910029463284,Peak,True,False,False,False,False,GER,UEFA,False,False,False,False,False,True
Rui Modesto,ao ANG,"DF,MF",Udinese,it Serie A,24.0,1999.0,20,4,608,6.8,0,1,1,0,0,0,1,0,0.5,0.5,0.8,1.3,16,22,43,0.15,0.19,3,2,66.7,0.44,0.3,0.0,0.0,17.4,0,0.17,-0.5,-0.5,231,310,74.5,3481,983,0.5,0.2,14,15,6,5,252,58,1,1,1,26,56,1,1,0,0,0,8,23,3.4,22,1,0,0,0,0,2,0.3,16,12,4,9,3,9,77.8,2,10,0,10,8,24,13,0,388,9,76,165,153,14,388,8,3,37.5,5,62.5,166,915,518,6,4,9,3,212,30,17.8,77.0,1,16,19.0,14,0.95,8,13,-5,-0.74,-0.42,7.3,9.9,-2.5,-0.38,0,10,5,1,0,0,0,26,10,14,41.7,DEF,671799.0,exact,671799.0,2025-06-17,2000000.0,671799,1999-10-07,Angola,2026-06-30,181.0,right,25.23750855578371,17.904073587385017,14.508658238524095,636.9318381032559,Developing,False,False,False,False,True,ANG,CAF,False,True,False,False,False,False
Johan Mojica,co COL,DF,Mallorca,es La Liga,31.0,1992.0,36,30,2755,30.6,1,2,3,1,0,0,5,0,0.9,0.9,4.1,5.0,66,130,142,0.1,0.16,17,3,17.6,0.56,0.1,0.06,0.33,24.2,4,0.05,0.1,0.1,1217,1641,74.2,21542,9303,4.4,-2.1,40,102,53,33,1297,332,28,2,9,143,303,1,0,1,0,12,51,83,2.71,67,7,4,3,2,0,6,0.2,35,23,26,6,3,40,47.5,21,13,5,8,26,61,84,3,1949,96,593,818,569,18,1949,89,33,37.1,48,53.9,1024,5088,2228,53,5,52,27,1115,77,80.6,88.0,26,6,18.0,1,1.31,30,38,-8,-0.26,-0.13,32.0,37.6,-5.7,-0.19,0,18,24,0,1,2,0,181,9,18,33.3,DEF,262939.0,exact,262939.0,2025-06-09,2000000.0,262939,1992-08-21,Colombia,2027-06-30,184.0,left,32.36413415468857,29.894875164257556,14.508658238524095,1047.4371795826794,Declining,False,False,True,False,False,COL,CONMEBOL,False,False,False,True,False,False
Nahuel Molina,ar ARG,DF,Atlético Madrid,es La Liga,26.0,1998.0,30,17,1590,17.7,0,3,3,0,0,0,1,0,0.8,0.8,1.5,2.3,35,61,96,0.17,0.13,9,1,11.1,0.51,0.06,0.0,0.0,19.4,0,0.09,-0.8,-0.8,945,1182,79.9,14192,5083,1.9,1.5,13,43,19,5,998,178,15,2,6,55,154,9,3,6,0,6,37,44,2.49,32,6,3,1,0,2,5,0.28,44,19,21,21,2,56,55.4,25,16,3,13,13,57,53,0,1366,59,420,606,349,24,1366,30,15,50.0,13,43.3,782,3387,1971,28,4,21,3,883,53,46.5,74.0,9,13,26.0,6,1.9,19,11,8,0.45,-1.02,22.8,17.8,5.0,0.28,0,13,8,4,0,0,0,66,10,12,45.5,DEF,424042.0,exact,424042.0,2025-06-09,20000000.0,424042,1998-04-06,Argentina,2027-06-30,179.0,right,26.740588637919235,29.894875164257556,16.811242881518265,715.0590807024153,Peak,False,False,True,False,False,ARG,CONMEBOL,False,False,False,True,False,False
Morato,br BRA,DF,Nott'ham Forest,eng Premier League,23.0,2001.0,26,6,907,10.1,0,0,0,0,0,0,5,0,0.2,0.2,0.0,0.2,1,19,1,0.0,0.02,2,1,50.0,0.2,0.1,0.0,0.0,8.6,0,0.09,-0.2,-0.2,238,309,77.0,3987,1931,0.0,0.0,0,19,0,0,290,17,11,1,0,0,3,0,0,0,0,2,11,3,0.3,3,0,0,0,0,0,0,0.0,22,14,18,3,1,21,61.9,8,14,5,9,10,32,78,2,457,90,270,170,19,2,457,2,2,100.0,0,0.0,164,789,417,2,0,6,3,206,35,26.5,84.0,4,20,20.0,8,2.15,19,14,5,0.5,0.25,13.4,14.0,-0.6,-0.06,0,11,2,0,0,0,0,36,6,14,30.0,DEF,673492.0,exact,673492.0,2025-05-30,14000000.0,673492,2001-06-30,Brazil,2029-06-30,192.0,left,23.50718685831622,53.90932982917214,16.454567959008102,552.5878339917948,Developing,False,True,False,False,False,BRA,CONMEBOL,False,False,False,True,False,False
Diego Moreira,pt POR,"DF,MF",Strasbourg,fr Ligue 1,19.0,2004.0,32,29,2568,28.5,2,7,9,2,0,0,4,1,2.0,2.0,7.3,9.3,99,87,245,0.32,0.33,25,8,32.0,0.88,0.28,0.08,0.25,16.0,1,0.08,0.0,0.0,1028,1327,77.5,16315,3941,7.4,-0.3,30,30,37,10,1170,152,27,7,6,93,116,9,4,3,0,5,30,67,2.35,44,5,10,4,2,2,10,0.35,44,28,17,19,8,50,48.0,26,23,4,19,35,79,65,0,1701,82,408,736,588,81,1701,125,57,45.6,59,47.2,953,5886,3285,63,36,65,33,1098,80,83.9,85.0,16,3,32.0,0,1.72,47,35,12,0.42,0.42,40.9,44.5,-3.6,-0.13,0,26,35,2,0,1,0,139,27,29,48.2,DEF,655006.0,exact,655006.0,2025-06-03,18000000.0,655006,2004-08-06,Belgium,2029-06-30,179.0,left,20.40520191649555,53.90932982917214,16.705882371415992,416.37226525295364,Emerging,False,False,False,True,False,POR,UEFA,False,False,False,False,False,True
Alberto Moreno,es ESP,DF,Como,it Serie A,32.0,1992.0,24,21,1727,19.2,0,0,0,0,0,0,4,0,0.4,0.4,1.2,1.6,23,81,58,0.0,0.08,14,6,42.9,0.73,0.31,0.0,0.0,25.6,0,0.03,-0.4,-0.4,893,1082,82.5,15712,5538,1.6,-1.2,19,63,23,12,909,170,31,1,5,49,139,0,0,0,0,3,20,36,1.88,32,3,0,1,0,0,2,0.1,25,11,17,8,0,26,46.2,14,12,3,9,14,39,40,2,1224,58,391,563,283,17,1224,7,3,42.9,3,42.9,722,3027,1350,30,4,18,3,805,72,50.5,79.0,9,3,24.0,6,1.21,20,26,-6,-0.31,-0.47,21.0,23.3,-2.2,-0.12,0,17,14,1,0,0,0,74,11,20,35.5,DEF,207917.0,exact,207917.0,2025-06-17,1500000.0,207917,1992-07-05,Spain,2026-06-30,171.0,left,32.492813141683776,17.904073587385017,14.220976332738882,1055.782905860378,Declining,False,False,False,False,True,ESP,UEFA,False,False,False,False,False,True
Álex Moreno,es ESP,"DF,MF",Nott'ham Forest,eng Premier League,31.0,1993.0,15,11,955,10.6,0,1,1,0,0,0,2,0,0.2,0.2,1.3,1.4,26,34,34,0.09,0.13,6,0,0.0,0.57,0.0,0.0,,23.7,0,0.03,-0.2,-0.2,308,428,72.0,4574,1911,1.1,-0.3,8,25,9,2,338,86,1,3,1,19,85,0,0,0,0,4,10,16,1.51,15,1,0,0,0,0,2,0.19,25,18,20,5,0,39,38.5,24,11,5,6,15,40,43,0,559,60,210,202,158,8,559,21,8,38.1,8,38.1,229,1470,864,16,4,13,6,258,64,27.9,79.0,3,4,23.0,12,1.4,11,16,-5,-0.47,-1.09,10.8,13.6,-2.9,-0.27,0,12,6,0,0,0,0,50,3,11,21.4,DEF,193098.0,exact,193098.0,2025-05-30,7000000.0,193098,1993-06-08,Spain,2027-06-30,179.0,left,31.567419575633128,29.894875164257556,15.76142084987672,996.5019786640656,Declining,False,True,False,False,False,ESP,UEFA,False,False,False,False,False,True
Mateu Morey,es ESP,DF,Mallorca,es La Liga,24.0,2000.0,16,8,741,8.2,0,0,0,0,0,0,1,0,0.4,0.4,0.3,0.7,17,17,32,0.0,0.08,3,1,33.3,0.36,0.12,0.0,0.0,19.9,0,0.14,-0.4,-0.4,301,390,77.2,4650,1337,0.2,-0.3,4,14,3,1,331,57,3,1,0,16,54,0,0,0,0,2,9,12,1.46,9,0,1,0,1,1,1,0.12,22,18,13,6,3,22,54.5,10,11,0,11,15,37,32,2,502,38,177,227,101,7,502,17,9,52.9,6,35.3,254,1238,581,8,6,8,10,272,46,21.7,80.0,3,8,12.0,17,1.18,6,14,-8,-0.97,-0.94,5.2,15.7,-10.5,-1.28,0,17,10,1,0,0,0,41,8,6,57.1,DEF,388513.0,exact,388513.0,2025-06-09,800000.0,388513,2000-03-02,Spain,2027-06-30,173.0,right,24.83504449007529,29.894875164257556,13.592368256649284,616.7794348240191,Developing,False,False,True,False,False,ESP,UEFA,False,False,False,False,False,True
Cristhian Mosquera,es ESP,DF,Valencia,es La Liga,20.0,2004.0,37,37,3319,36.9,1,0,1,1,0,0,6,0,0.4,0.4,0.0,0.4,35,123,6,0.03,0.01,5,2,40.0,0.14,0.05,0.2,0.5,10.5,0,0.08,0.6,0.6,1858,2053,90.5,32827,11556,0.3,0.0,0,118,1,0,1931,117,57,0,6,2,49,0,0,0,0,5,9,14,0.38,12,0,0,0,0,2,1,0.03,56,36,41,13,2,40,77.5,9,37,24,13,35,91,128,4,2367,233,1159,1144,74,7,2367,9,5,55.6,4,44.4,1401,7430,4283,11,0,18,10,1583,90,97.0,90.0,36,0,,0,1.24,43,47,-4,-0.11,5.24,41.4,47.2,-5.8,-0.16,0,14,26,0,0,3,0,190,41,51,44.6,DEF,646750.0,exact,646750.0,2025-06-09,30000000.0,646750,2004-06-27,Spain,2030-06-30,191.0,right,20.514715947980836,65.90013140604468,17.216707972959764,420.8535704263392,Emerging,False,False,True,False,False,ESP,UEFA,False,False,False,False,False,True
Yerson Mosquera,co COL,DF,Wolves,eng Premier League,23.0,2001.0,5,5,441,4.9,0,0,0,0,0,0,2,0,0.3,0.3,0.1,0.4,0,7,0,0.0,0.09,2,0,0.0,0.41,0.0,0.0,,12.4,0,0.17,-0.3,-0.3,205,240,85.4,3996,1184,0.0,-0.1,2,16,1,1,230,9,4,0,1,2,0,0,0,0,0,1,3,5,1.02,5,0,0,0,0,0,0,0.0,11,7,9,2,0,14,64.3,5,13,10,3,10,21,14,0,294,43,170,115,12,7,294,0,0,,0,,168,683,322,1,0,4,1,182,88,12.9,88.0,4,0,,0,0.2,5,12,-7,-1.43,-1.19,4.9,6.0,-1.1,-0.22,0,6,7,1,0,0,0,24,11,6,64.7,DEF,716276.0,exact,716276.0,2025-05-30,8000000.0,716276,2001-05-02,Colombia,2030-06-30,188.0,right,23.668720054757017,65.90013140604468,15.894952224644102,560.208309030457,Developing,False,True,False,False,False,COL,CONMEBOL,False,False,False,True,False,False
Santiago Mouriño,uy URU,DF,Alavés,es La Liga,22.0,2002.0,25,20,1849,20.5,0,1,1,0,0,0,7,0,0.9,0.9,0.9,1.8,14,46,1,0.05,0.09,13,3,23.1,0.63,0.15,0.0,0.0,15.5,0,0.07,-0.9,-0.9,539,691,78.0,9882,4329,0.6,0.1,7,47,5,2,638,50,23,2,3,4,23,0,0,0,0,3,8,11,0.54,8,1,0,0,2,0,2,0.1,43,28,31,12,0,38,55.3,17,27,12,15,29,72,120,0,952,116,465,442,57,14,952,11,4,36.4,5,45.5,442,2624,1513,15,0,7,11,440,74,54.1,87.0,18,5,23.0,7,1.12,18,22,-4,-0.19,0.15,21.7,26.1,-4.4,-0.21,0,32,23,1,1,0,0,85,38,28,57.6,DEF,953901.0,exact,953901.0,2025-06-09,3000000.0,953901,2002-02-13,Uruguay,2030-06-30,186.0,right,22.882956878850102,65.90013140604468,14.914123179965662,523.6297155193132,Developing,False,False,True,False,False,URU,CONMEBOL,False,False,False,True,False,False
Nordi Mukiele,fr FRA,DF,Leverkusen,de Bundesliga,26.0,1997.0,15,10,899,10.0,1,0,1,1,0,0,4,0,1.4,1.4,1.0,2.4,20,36,28,0.1,0.24,7,3,42.9,0.7,0.3,0.14,0.33,15.8,0,0.2,-0.4,-0.4,488,607,80.4,7457,2544,0.9,-1.0,9,44,4,2,527,79,12,0,1,13,67,0,0,0,0,1,15,15,1.5,11,0,2,1,0,1,1,0.1,20,16,8,8,4,18,66.7,6,10,0,10,16,36,37,2,725,27,184,407,141,22,725,17,9,52.9,7,41.2,363,1750,992,14,6,10,3,441,60,29.4,82.0,8,5,16.0,12,2.27,19,13,6,0.6,-0.36,18.1,8.8,9.4,0.94,0,6,14,1,0,0,1,46,16,17,48.5,DEF,348026.0,exact,348026.0,2025-06-05,10000000.0,348026,1997-11-01,France,2029-06-30,187.0,right,27.16769336071184,53.90932982917214,16.118095750958314,738.0835625416662,Peak,True,False,False,False,False,FRA,UEFA,False,False,False,False,False,True
Abdul Mumin,gh GHA,DF,Rayo Vallecano,es La Liga,26.0,1998.0,24,24,2017,22.4,2,1,3,2,0,0,6,1,0.6,0.6,0.2,0.8,12,40,6,0.13,0.03,10,3,30.0,0.45,0.13,0.2,0.67,12.9,0,0.06,1.4,1.4,900,1085,82.9,17231,7016,0.1,0.8,1,40,1,0,1017,65,25,0,8,6,1,0,0,0,0,3,4,11,0.49,10,0,0,0,1,0,3,0.13,37,25,30,7,0,27,63.0,10,40,29,11,23,60,125,0,1351,253,874,447,39,13,1351,10,5,50.0,4,40.0,725,3467,1525,5,2,16,5,819,84,59.0,84.0,21,0,,0,1.46,24,21,3,0.13,0.58,26.6,25.1,1.5,0.06,0,22,12,0,0,0,0,93,31,25,55.4,DEF,451801.0,exact,451801.0,2025-06-09,5000000.0,451801,1998-06-06,Ghana,2026-06-30,188.0,right,26.573579739904176,17.904073587385017,15.424948670398354,706.1551401930457,Peak,False,False,True,False,False,GHA,CAF,False,True,False,False,False,False
Aihen Muñoz,es ESP,DF,Real Sociedad,es La Liga,26.0,1997.0,21,13,1098,12.2,0,0,0,0,0,0,5,0,0.2,0.2,0.3,0.4,26,38,28,0.0,0.04,6,0,0.0,0.49,0.0,0.0,,30.0,0,0.03,-0.2,-0.2,448,631,71.0,7078,2813,0.3,-0.3,3,38,3,2,490,137,5,0,1,35,132,0,0,0,0,4,17,10,0.82,8,0,0,2,0,0,0,0.0,24,12,14,8,2,28,50.0,14,11,6,5,14,38,47,0,763,44,245,349,173,4,763,12,7,58.3,4,33.3,356,1491,703,16,3,10,3,404,52,32.1,72.0,6,8,21.0,14,1.1,10,13,-3,-0.25,0.06,12.3,14.6,-2.4,-0.19,0,15,12,0,0,1,0,43,23,17,57.5,DEF,517842.0,exact,517842.0,2025-06-09,4000000.0,517842,1997-08-16,Spain,2027-06-30,175.0,left,27.378507871321013,29.894875164257556,15.201805169084134,749.5826932599866,Peak,False,False,True,False,False,ESP,UEFA,False,False,False,False,False,True
Álex Muñoz,es ESP,DF,Las Palmas,es La Liga,30.0,1994.0,21,18,1415,15.7,3,0,3,3,0,0,3,0,0.9,0.9,0.5,1.4,15,45,53,0.19,0.09,9,5,55.6,0.57,0.32,0.33,0.6,14.5,0,0.1,2.1,2.1,618,775,79.7,9935,3534,0.7,-0.5,7,34,9,8,635,139,12,0,2,27,119,0,0,0,0,1,13,15,0.95,12,1,0,0,2,0,0,0.0,39,29,22,16,1,38,55.3,17,28,11,17,16,55,69,0,974,82,392,418,169,19,974,9,2,22.2,6,66.7,398,1740,1027,8,1,10,1,544,67,41.4,76.0,9,3,18.0,16,0.9,15,29,-14,-0.89,-0.58,12.7,29.5,-16.8,-1.07,0,30,14,2,0,1,0,35,24,21,53.3,DEF,243760.0,exact,243760.0,2025-06-09,1000000.0,243760,1994-07-30,Spain,2028-06-30,187.0,left,30.425735797399042,41.9185282522996,13.815511557963774,925.7253988131296,Declining,False,False,True,False,False,ESP,UEFA,False,False,False,False,False,True
Daniel Muñoz,co COL,DF,Crystal Palace,eng Premier League,28.0,1996.0,37,37,3228,35.9,4,5,9,4,0,0,10,0,4.9,4.9,5.5,10.5,62,97,206,0.25,0.29,37,14,37.8,1.03,0.39,0.11,0.29,12.7,0,0.13,-0.9,-0.9,1129,1492,75.7,17091,5219,3.6,-0.5,46,59,35,15,1182,304,27,2,2,74,275,2,0,0,0,6,39,85,2.37,69,2,2,6,1,5,11,0.31,123,80,57,41,25,97,56.7,42,40,6,34,44,167,108,1,2010,119,568,826,637,107,2010,56,21,37.5,33,58.9,806,4046,1797,40,18,55,20,956,87,94.4,87.0,33,0,,0,1.43,48,46,2,0.06,0.99,57.1,45.5,11.6,0.32,0,56,19,15,0,0,0,171,58,78,42.6,DEF,493003.0,exact,493003.0,2025-05-30,25000000.0,493003,1996-05-26,Colombia,2028-06-30,180.0,right,28.602327173169062,41.9185282522996,17.034386422832473,818.0931197210053,Peak,False,True,False,False,False,COL,CONMEBOL,False,False,False,True,False,False
Murillo,br BRA,DF,Nott'ham Forest,eng Premier League,22.0,2002.0,36,36,3188,35.4,2,0,2,2,0,0,6,0,1.4,1.4,1.2,2.6,22,115,5,0.06,0.07,25,6,24.0,0.71,0.17,0.08,0.33,21.9,3,0.06,0.6,0.6,1138,1450,78.5,22680,10645,1.1,-1.2,13,139,13,1,1271,166,113,8,22,14,3,0,0,0,0,13,6,44,1.24,30,7,0,4,1,2,2,0.06,53,36,38,12,3,46,58.7,19,69,45,24,36,89,249,3,1918,421,989,840,105,24,1918,37,27,73.0,10,27.0,821,4254,2531,25,1,19,10,989,89,93.2,89.0,33,0,,0,1.69,50,44,6,0.17,-2.16,41.2,46.3,-5.1,-0.14,0,27,6,0,0,1,0,142,44,22,66.7,DEF,1005649.0,exact,1005649.0,2025-05-30,55000000.0,1005649,2002-07-04,Brazil,2030-06-30,180.0,left,22.496919917864478,65.90013140604468,17.822843761378564,506.11140579080745,Developing,False,True,False,False,False,BRA,CONMEBOL,False,False,False,True,False,False
Phillipp Mwene,at AUT,DF,Mainz 05,de Bundesliga,30.0,1994.0,32,32,2607,29.0,1,4,5,1,0,0,7,0,1.5,1.5,1.9,3.4,62,106,144,0.17,0.12,21,4,19.0,0.72,0.14,0.05,0.25,16.4,0,0.07,-0.5,-0.5,954,1272,75.0,16061,5575,3.8,2.1,22,68,38,19,1031,234,10,2,2,85,212,12,5,1,3,7,39,63,2.18,51,8,0,1,2,1,10,0.35,51,29,23,22,6,46,41.3,27,27,6,21,24,75,51,1,1555,68,356,628,586,49,1555,50,22,44.0,25,50.0,775,4375,1993,49,12,47,26,893,81,85.2,81.0,17,0,,0,1.59,47,34,13,0.45,0.65,41.5,38.9,2.6,0.09,0,24,24,3,0,0,0,110,20,34,37.0,DEF,127573.0,exact,127573.0,2025-06-05,1800000.0,127573,1994-01-29,Austria,,170.0,right,30.924024640657084,,14.403297778421795,956.2952999759665,Declining,True,False,False,False,False,AUT,UEFA,False,False,False,False,False,True
Vitaliy Mykolenko,ua UKR,DF,Everton,eng Premier League,25.0,1999.0,35,35,3082,34.2,1,2,3,1,0,0,4,0,0.5,0.5,2.6,3.1,33,110,99,0.09,0.09,14,1,7.1,0.41,0.03,0.07,1.0,20.6,0,0.04,0.5,0.5,986,1322,74.6,16470,6579,2.2,-0.6,24,102,40,24,1060,259,13,2,3,101,246,0,0,0,0,3,23,43,1.26,40,0,1,2,0,0,4,0.12,63,38,39,14,10,56,51.8,27,25,10,15,44,107,145,2,1678,125,525,713,452,32,1678,20,8,40.0,9,45.0,697,2825,1506,28,1,23,11,860,88,90.1,88.0,33,0,,0,1.29,38,39,-1,-0.03,0.24,37.6,40.0,-2.4,-0.07,0,22,34,3,0,1,0,88,47,37,56.0,DEF,404842.0,exact,404842.0,2025-05-30,28000000.0,404842,1999-05-29,Ukraine,2029-06-30,180.0,left,25.596167008898014,53.90932982917214,17.147715103853763,655.1637655473991,Developing,False,True,False,False,False,UKR,UEFA,False,False,False,False,False,True
Joakim Mæhle,dk DEN,DF,Wolfsburg,de Bundesliga,27.0,1997.0,28,25,2188,24.3,3,4,7,3,0,0,6,0,2.0,2.0,2.2,4.3,59,88,117,0.29,0.18,18,7,38.9,0.74,0.29,0.17,0.43,17.6,0,0.11,1.0,1.0,975,1205,80.9,15467,5670,3.1,1.8,20,70,18,4,1012,191,15,2,1,25,175,1,0,0,0,2,30,41,1.69,34,2,3,1,1,0,8,0.33,34,15,26,6,2,45,37.8,28,24,3,21,25,59,57,2,1464,65,442,639,395,43,1464,60,19,31.7,38,63.3,791,4166,2155,42,6,37,8,844,78,71.5,86.0,21,3,11.0,0,1.29,37,33,4,0.16,0.37,31.7,35.3,-3.5,-0.15,0,9,16,0,0,1,0,122,17,12,58.6,DEF,369674.0,fuzzy_verified,369674.0,2025-06-05,14000000.0,369674,1997-05-20,Denmark,2027-06-30,185.0,right,27.619438740588638,29.894875164257556,16.454567959008102,762.8333963451284,Peak,True,False,False,False,False,DEN,UEFA,False,False,False,False,False,True
Stanley N'Soki,fr FRA,DF,Hoffenheim,de Bundesliga,25.0,1999.0,22,16,1308,14.5,0,0,0,0,0,0,3,1,0.1,0.1,0.4,0.5,10,52,6,0.0,0.03,3,1,33.3,0.21,0.07,0.0,0.0,18.5,0,0.03,-0.1,-0.1,719,838,85.8,12972,4938,0.4,-0.4,7,50,7,1,784,51,16,0,4,1,22,0,0,0,0,3,8,19,1.31,17,1,0,1,0,0,1,0.07,22,16,13,7,2,23,52.2,11,22,7,15,26,48,58,3,1005,110,480,486,50,4,1005,16,11,68.8,3,18.8,529,2262,1033,8,0,16,5,615,59,42.7,75.0,10,6,17.0,8,1.09,25,29,-4,-0.28,0.65,18.7,21.7,-3.0,-0.21,0,12,6,0,0,0,2,79,22,14,61.1,DEF,371141.0,fuzzy_verified,371141.0,2025-06-05,2500000.0,371141,1999-04-09,France,2026-06-30,184.0,left,25.73305954825462,17.904073587385017,14.731801689838349,662.1903537140182,Developing,True,False,False,False,False,FRA,UEFA,False,False,False,False,False,True
Mickael Nade,fr FRA,DF,Saint-Étienne,fr Ligue 1,25.0,1999.0,26,25,2306,25.6,1,2,3,1,0,0,1,0,0.7,0.7,0.6,1.3,17,72,2,0.12,0.05,5,2,40.0,0.2,0.08,0.2,0.5,13.5,0,0.14,0.3,0.3,1229,1366,90.0,21143,6996,0.5,1.4,7,73,3,0,1277,89,47,1,1,1,3,0,0,0,0,0,8,16,0.65,11,1,0,1,1,2,5,0.2,59,43,40,19,0,36,77.8,8,37,19,18,33,92,132,8,1665,280,841,785,51,10,1665,8,3,37.5,4,50.0,825,3565,2148,11,1,16,5,1076,89,75.4,90.0,25,1,56.0,4,0.92,36,57,-21,-0.82,1.21,31.2,56.1,-25.0,-1.01,0,19,27,0,1,1,1,113,28,9,75.7,DEF,494586.0,exact_accent_stripped,494586.0,2025-06-03,2000000.0,494586,1999-03-04,France,2028-06-30,193.0,left,25.831622176591377,41.9185282522996,14.508658238524095,667.2727042741675,Developing,False,False,False,True,False,FRA,UEFA,False,False,False,False,False,True
Mahamadou Nagida,cm CMR,DF,Rennes,fr Ligue 1,19.0,2005.0,12,4,430,4.8,2,0,2,2,0,0,1,0,1.5,1.5,0.3,1.8,22,15,55,0.42,0.38,6,3,50.0,1.26,0.63,0.33,0.67,16.6,1,0.25,0.5,0.5,174,226,77.0,2662,707,0.3,-0.3,3,10,4,2,193,33,4,0,2,29,29,0,0,0,0,0,8,10,2.06,6,1,1,0,1,1,0,0.0,8,6,4,3,1,5,80.0,1,3,0,3,9,17,6,0,289,8,64,118,113,9,289,14,5,35.7,5,35.7,169,1217,674,12,3,10,7,179,36,14.1,77.0,1,8,15.0,14,1.08,10,6,4,0.84,0.94,8.0,5.5,2.5,0.52,0,5,12,0,0,0,0,37,5,11,31.3,DEF,1176345.0,exact,1176345.0,2025-06-03,800000.0,1176345,2005-06-28,Cameroon,2029-06-30,176.0,left,19.512662559890487,53.90932982917214,13.592368256649284,380.744000176152,Emerging,False,False,False,True,False,CMR,CAF,False,True,False,False,False,False
Matija Nastasić,rs SRB,DF,Leganés,es La Liga,31.0,1993.0,26,24,2110,23.4,1,0,1,1,0,0,3,0,0.1,0.1,0.1,0.2,1,59,0,0.04,0.01,2,1,50.0,0.09,0.04,0.5,1.0,11.7,0,0.03,0.9,0.9,704,852,82.6,14179,4820,0.4,-0.1,2,37,1,0,814,35,31,0,2,0,2,0,0,0,0,3,4,6,0.26,5,0,0,0,1,0,1,0.04,25,11,21,4,0,25,68.0,8,39,30,9,21,46,165,0,1128,190,638,476,15,7,1128,1,1,100.0,0,0.0,499,2052,1051,1,0,5,0,626,81,61.7,85.0,20,2,39.0,4,0.96,25,41,-16,-0.68,-0.61,22.8,40.7,-17.9,-0.76,0,15,8,2,1,2,0,50,39,17,69.6,DEF,143559.0,exact,143559.0,2024-06-07,1500000.0,143559,1993-03-28,Serbia,,187.0,left,31.76454483230664,,14.220976332738882,1008.9863084036185,Declining,False,False,True,False,False,SRB,UEFA,False,False,False,False,False,True
Natan,br BRA,DF,Betis,es La Liga,23.0,2001.0,31,23,2175,24.2,1,1,2,1,0,0,5,1,0.3,0.3,0.6,1.0,12,52,6,0.08,0.04,9,4,44.4,0.37,0.17,0.11,0.25,13.9,0,0.04,0.7,0.7,1122,1265,88.7,21511,7065,0.8,0.4,5,52,3,1,1197,64,48,0,11,2,11,0,0,0,0,4,0,11,0.46,9,0,0,0,1,1,0,0.0,35,24,24,9,2,30,86.7,4,24,14,10,28,63,123,2,1514,197,813,671,42,19,1514,3,2,66.7,0,0.0,929,4788,2750,5,0,15,8,994,70,63.6,90.0,23,8,13.0,5,1.55,36,36,0,0.0,-0.51,31.8,32.3,-0.5,-0.02,0,19,13,0,0,0,0,75,65,30,68.4,DEF,735568.0,exact,735568.0,2025-06-09,9000000.0,735568,2001-02-06,Brazil,2030-06-30,188.0,left,23.901437371663246,65.90013140604468,16.012735246411598,571.2787084315404,Developing,False,False,True,False,False,BRA,CONMEBOL,False,False,False,True,False,False
Pau Navarro,es ESP,DF,Villarreal,es La Liga,19.0,2005.0,17,8,916,10.2,0,0,0,0,0,0,1,0,0.0,0.0,0.0,0.0,3,40,7,0.0,0.0,1,0,0.0,0.1,0.0,0.0,,30.4,0,0.01,0.0,0.0,517,577,89.6,8684,3122,0.2,0.0,1,28,1,0,497,78,19,0,2,2,59,0,0,0,0,2,2,6,0.59,6,0,0,0,0,0,1,0.1,23,17,15,6,2,39,48.7,20,13,6,7,4,27,41,0,668,51,283,323,66,2,668,7,3,42.9,4,57.1,322,1190,568,3,0,4,4,403,54,26.8,74.0,3,9,36.0,21,2.24,28,16,12,1.18,0.89,18.7,12.9,5.8,0.57,0,10,8,0,0,0,0,46,9,14,39.1,DEF,1061336.0,exact,1061336.0,2025-06-09,3000000.0,1061336,2005-04-25,Spain,2030-06-30,185.0,right,19.68788501026694,65.90013140604468,14.914123179965662,387.61281617749364,Emerging,False,False,True,False,False,ESP,UEFA,False,False,False,False,False,True
Youssouf Ndayishimiye,bi BDI,DF,Nice,fr Ligue 1,25.0,1998.0,23,22,1932,21.5,3,0,3,3,0,0,5,0,0.9,0.9,0.2,1.1,17,86,9,0.14,0.05,11,4,36.4,0.51,0.19,0.27,0.75,15.0,0,0.08,2.1,2.1,1177,1316,89.4,20069,6861,0.4,-0.2,5,94,5,0,1237,74,52,2,5,2,6,0,0,0,0,5,9,30,1.4,23,0,1,1,3,2,2,0.09,40,21,25,14,1,27,59.3,11,35,19,16,21,61,117,4,1581,179,648,866,83,10,1581,8,6,75.0,2,25.0,906,4350,2619,12,0,14,7,1040,84,63.1,88.0,20,1,1.0,0,1.74,44,25,19,0.89,0.41,40.7,25.3,15.4,0.72,0,19,13,0,1,0,0,114,37,28,56.9,DEF,674612.0,exact,674612.0,2025-06-03,12000000.0,674612,1998-10-27,Burundi,2027-06-30,183.0,right,26.182067077344286,29.894875164257556,16.300417291085605,685.5006364425556,Peak,False,False,False,True,False,BDI,CAF,False,True,False,False,False,False
Kosta Nedeljković,rs SRB,DF,RB Leipzig,de Bundesliga,18.0,2005.0,10,6,479,5.3,0,0,0,0,0,0,1,0,0.5,0.5,0.3,0.7,10,16,27,0.0,0.14,4,0,0.0,0.75,0.0,0.0,,16.1,0,0.13,-0.5,-0.5,194,238,81.5,3195,1052,0.6,-0.3,3,9,9,2,194,42,1,0,0,17,41,0,0,0,0,2,2,6,1.13,6,0,0,0,0,0,0,0.0,11,8,5,6,0,10,60.0,4,6,4,2,2,13,14,0,283,16,66,116,102,5,283,4,1,25.0,2,50.0,120,670,346,7,1,4,1,170,48,15.7,69.0,1,4,17.0,4,1.1,7,8,-1,-0.19,-0.4,6.4,8.5,-2.0,-0.39,0,7,1,1,0,0,0,11,0,3,0.0,DEF,848682.0,exact_accent_stripped,848682.0,2025-06-05,10000000.0,848682,2005-12-16,Serbia,2026-06-30,184.0,right,19.044490075290895,17.904073587385017,16.118095750958314,362.6926022278534,Emerging,True,False,False,False,False,SRB,UEFA,False,False,False,False,False,True
Loïc Nego,hu HUN,"DF,FW",Le Havre,fr Ligue 1,33.0,1991.0,31,28,2459,27.3,0,0,0,0,0,0,4,0,0.8,0.8,0.7,1.4,64,102,123,0.0,0.05,11,2,18.2,0.4,0.07,0.0,0.0,17.1,0,0.07,-0.8,-0.8,922,1228,75.1,15621,6488,1.6,-0.7,13,83,30,15,1062,160,17,1,2,75,143,0,0,0,0,6,28,44,1.61,33,3,1,0,5,2,4,0.15,58,35,37,16,5,64,64.1,23,17,3,14,29,87,82,0,1469,96,476,693,312,34,1469,32,17,53.1,12,37.5,742,3703,2302,38,3,19,9,900,79,80.4,87.0,21,3,12.0,3,1.1,36,59,-23,-0.84,0.36,35.4,49.8,-14.3,-0.52,0,27,28,5,0,0,0,111,19,15,55.9,DEF,122840.0,exact,122840.0,2025-06-03,700000.0,122840,1991-01-15,Hungary,2026-06-30,181.0,right,33.96303901437371,17.904073587385017,13.45883704259595,1153.488019091871,Declining,False,False,False,True,False,HUN,UEFA,False,False,False,False,False,True
David Nemeth,at AUT,DF,St. Pauli,de Bundesliga,23.0,2001.0,24,24,2137,23.7,0,1,1,0,0,0,3,0,0.2,0.2,0.1,0.3,14,65,5,0.04,0.01,5,1,20.0,0.21,0.04,0.0,0.0,18.4,0,0.04,-0.2,-0.2,957,1107,86.4,17042,5403,0.3,0.9,3,54,4,1,1040,64,36,0,3,7,1,0,0,0,0,3,14,8,0.34,7,1,0,0,0,0,2,0.08,43,29,25,16,2,43,58.1,18,29,11,18,18,61,94,2,1338,158,666,622,58,10,1338,9,4,44.4,5,55.6,697,3670,1853,9,0,12,3,833,89,69.8,89.0,19,0,,10,1.0,21,29,-8,-0.34,0.15,26.6,31.6,-5.0,-0.21,0,21,14,0,0,0,0,87,37,31,54.4,DEF,451906.0,exact,451906.0,2025-06-05,4000000.0,451906,2001-03-18,Austria,,191.0,both,23.79192334017796,,15.201805169084134,566.0556162249047,Developing,True,False,False,False,False,AUT,UEFA,False,False,False,False,False,True
Luca Netz,de GER,DF,Gladbach,de Bundesliga,21.0,2003.0,24,8,969,10.8,0,2,2,0,0,0,2,0,0.2,0.2,1.9,2.1,16,28,55,0.19,0.2,3,0,0.0,0.28,0.0,0.0,,15.2,0,0.07,-0.2,-0.2,428,528,81.1,6096,1762,1.0,0.1,16,30,13,7,449,78,10,0,0,16,68,0,0,0,0,1,12,27,2.51,25,1,0,0,0,1,4,0.37,24,14,14,8,2,19,68.4,6,17,4,13,10,34,36,0,666,44,241,257,172,17,666,21,6,28.6,14,66.7,288,1198,668,11,3,14,10,387,40,31.7,83.0,4,16,19.0,3,1.25,15,16,-1,-0.09,-0.05,15.9,21.3,-5.4,-0.5,0,8,6,1,0,0,0,42,11,14,44.0,DEF,524285.0,exact,524285.0,2025-06-05,6000000.0,524285,2003-05-15,Germany,2030-06-30,184.0,left,21.634496919917865,65.90013140604468,15.607270193858982,468.0514569779356,Emerging,True,False,False,False,False,GER,UEFA,False,False,False,False,False,True
Moussa Niakhate,sn SEN,DF,Lyon,fr Ligue 1,28.0,1996.0,31,30,2726,30.3,0,0,0,0,0,0,2,0,0.1,0.1,1.0,1.1,34,111,5,0.0,0.04,2,1,50.0,0.07,0.03,0.0,0.0,7.8,0,0.06,-0.1,-0.1,1688,1869,90.3,29756,11730,1.1,-1.0,7,88,13,3,1748,119,44,4,6,5,34,0,0,0,0,2,14,21,0.69,20,0,0,1,0,0,2,0.07,47,27,37,8,2,32,75.0,8,26,17,9,25,72,143,3,2133,277,1034,1032,77,7,2133,3,3,100.0,0,0.0,1331,7461,4792,14,0,9,4,1510,88,89.1,90.0,30,1,26.0,2,1.65,58,42,16,0.53,-0.28,54.4,42.9,11.4,0.38,0,34,16,1,0,0,0,119,43,24,64.2,DEF,291200.0,exact_accent_stripped,291200.0,2025-06-03,15000000.0,291200,1996-03-08,Senegal,2028-06-30,190.0,left,28.8186173853525,41.9185282522996,16.52356082573315,830.5127080033413,Peak,False,False,False,True,False,SEN,CAF,False,True,False,False,False,False
Tanguy Nianzou,fr FRA,DF,Sevilla,es La Liga,22.0,2002.0,6,6,518,5.8,0,0,0,0,0,0,3,1,0.2,0.2,0.0,0.2,4,10,0,0.0,0.03,2,0,0.0,0.35,0.0,0.0,,8.9,0,0.09,-0.2,-0.2,285,314,90.8,4654,1465,0.0,0.0,0,6,0,0,300,14,11,0,1,0,0,0,0,0,0,0,0,1,0.17,1,0,0,0,0,0,0,0.0,7,5,6,0,1,6,83.3,1,1,0,1,8,15,27,0,376,49,205,162,11,6,376,3,3,100.0,0,0.0,207,924,408,3,0,3,0,263,86,15.1,86.0,4,0,,4,1.83,7,5,2,0.35,0.81,6.9,7.0,-0.1,-0.02,1,10,5,0,0,0,1,9,17,2,89.5,DEF,538996.0,exact,538996.0,2025-06-09,1500000.0,538996,2002-06-07,France,2027-06-30,191.0,right,22.570841889117045,29.894875164257556,14.220976332738882,509.44290358352066,Developing,False,False,True,False,False,FRA,UEFA,False,False,False,False,False,True
Rasmus Nicolaisen,dk DEN,DF,Toulouse,fr Ligue 1,27.0,1997.0,7,7,623,6.9,0,1,1,0,0,0,0,0,0.4,0.4,0.2,0.7,3,27,2,0.14,0.1,5,0,0.0,0.72,0.0,0.0,,8.7,0,0.09,-0.4,-0.4,339,385,88.1,6199,2362,0.2,0.8,2,20,2,0,374,11,9,1,0,0,1,0,0,0,0,0,3,9,1.3,8,0,0,1,0,0,1,0.14,6,3,4,2,0,5,60.0,2,10,5,5,10,16,25,0,445,58,217,213,18,8,445,2,1,50.0,1,50.0,268,1220,626,0,0,1,2,289,89,20.4,89.0,6,0,,1,0.71,6,10,-4,-0.58,-0.76,9.6,5.3,4.3,0.62,0,4,8,0,0,0,1,29,21,9,70.0,DEF,283227.0,exact,283227.0,2025-06-03,4500000.0,283227,1997-03-16,Denmark,2027-06-30,191.0,left,27.797399041752225,29.894875164257556,15.319588176962746,772.6953934864075,Peak,False,False,False,True,False,DEN,UEFA,False,False,False,False,False,True
Niels Nkounkou,fr FRA,"DF,MF",Eint Frankfurt,de Bundesliga,23.0,2000.0,12,4,382,4.2,0,0,0,0,0,0,1,0,0.2,0.2,1.3,1.5,17,15,21,0.0,0.35,4,0,0.0,0.94,0.0,0.0,,22.7,0,0.04,-0.2,-0.2,162,235,68.9,2745,1036,1.2,-1.3,9,11,4,2,199,34,8,1,1,23,26,0,0,0,0,2,10,16,3.77,11,3,1,0,0,1,1,0.24,13,10,7,3,3,7,57.1,3,5,2,3,7,20,15,0,295,16,93,133,77,8,295,16,7,43.8,7,43.8,178,977,539,14,1,7,4,175,32,12.5,68.0,0,8,14.0,15,1.33,6,6,0,0.0,-0.74,7.7,7.8,-0.1,-0.02,0,5,2,0,0,0,0,24,3,5,37.5,DEF,591193.0,exact,591193.0,2025-06-05,3500000.0,591193,2000-11-01,France,2026-06-30,180.0,left,24.16700889801506,17.904073587385017,15.068273812173887,584.044319076739,Developing,True,False,False,False,False,FRA,UEFA,False,False,False,False,False,True
Brooke Norton-Cuffy,eng ENG,"DF,FW",Genoa,it Serie A,20.0,2004.0,14,8,719,8.0,0,0,0,0,0,0,0,0,0.3,0.3,0.2,0.4,12,18,21,0.0,0.05,5,2,40.0,0.63,0.25,0.0,0.0,21.4,0,0.05,-0.3,-0.3,197,262,75.2,3037,1174,0.1,-0.2,2,10,2,1,228,33,3,0,0,12,30,0,0,0,0,1,9,13,1.63,10,1,2,0,0,0,3,0.38,12,7,9,3,0,11,81.8,2,12,2,10,3,15,12,0,344,19,104,175,70,8,344,20,7,35.0,11,55.0,190,1060,480,12,3,14,9,209,51,21.0,75.0,2,6,21.0,12,0.93,11,15,-4,-0.5,-0.23,6.4,10.5,-4.0,-0.51,0,7,3,0,0,0,0,26,12,16,42.9,DEF,728733.0,exact,728733.0,2025-06-17,3500000.0,728733,2004-01-12,England,2029-06-30,181.0,right,20.971937029431896,53.90932982917214,15.068273812173887,439.82214276645675,Emerging,False,False,False,False,True,ENG,UEFA,False,False,False,False,False,True
Matheus Nunes,pt POR,"DF,MF",Manchester City,eng Premier League,25.0,1998.0,26,19,1674,18.6,1,6,7,1,0,0,4,0,1.2,1.2,4.4,5.6,63,79,175,0.38,0.3,9,4,44.4,0.48,0.22,0.11,0.25,19.0,0,0.14,-0.2,-0.2,1065,1234,86.3,16409,2994,3.3,1.6,23,53,26,7,1103,130,13,3,8,45,109,7,5,0,0,1,24,46,2.47,35,2,3,3,3,0,8,0.43,35,22,15,14,6,38,42.1,22,17,4,13,15,50,38,2,1416,47,251,560,614,62,1416,41,19,46.3,14,34.1,866,4503,2315,37,24,32,13,1013,64,48.9,86.0,16,7,5.0,9,2.08,33,19,14,0.75,0.03,31.9,24.4,7.5,0.41,0,30,20,6,0,1,0,70,14,19,42.4,DEF,601883.0,exact,601883.0,2025-05-30,35000000.0,601883,1998-08-27,Portugal,2028-06-30,183.0,right,26.349075975359344,41.9185282522996,17.370858648025116,694.273804755259,Peak,False,True,False,False,False,POR,UEFA,False,False,False,False,False,True
Unai Núñez,es ESP,DF,Athletic Club,es La Liga,27.0,1997.0,10,7,645,7.2,0,0,0,0,0,0,4,0,0.2,0.2,0.1,0.3,2,26,0,0.0,0.04,1,0,0.0,0.14,0.0,0.0,,3.3,0,0.23,-0.2,-0.2,283,325,87.1,6367,2366,0.1,-0.1,1,16,1,0,310,15,13,0,7,0,0,0,0,0,0,0,0,2,0.28,2,0,0,0,0,0,0,0.0,10,5,7,3,0,7,57.1,3,4,4,0,17,27,46,1,415,55,199,216,3,2,415,3,2,66.7,0,0.0,225,1108,554,0,0,6,0,245,65,18.9,85.0,5,3,18.0,23,1.6,9,5,4,0.56,-0.12,8.5,7.4,1.1,0.15,0,10,5,1,0,0,0,28,13,12,52.0,DEF,338285.0,exact,338285.0,2025-06-09,3000000.0,338285,1997-01-30,Spain,2026-06-30,186.0,right,27.920602327173167,17.904073587385017,14.914123179965662,779.5600343121476,Peak,False,False,True,False,False,ESP,UEFA,False,False,False,False,False,True
Allan Nyom,cm CMR,"DF,MF",Getafe,es La Liga,36.0,1988.0,20,10,887,9.9,1,2,3,1,0,0,4,0,0.5,0.5,0.3,0.8,5,22,21,0.3,0.09,9,4,44.4,0.91,0.41,0.11,0.25,16.4,0,0.06,0.5,0.5,280,352,79.5,4530,1658,0.3,1.7,5,23,5,4,279,72,6,0,0,15,66,0,0,0,0,1,1,11,1.12,7,0,0,1,2,1,3,0.3,18,11,7,9,2,17,88.2,2,4,2,2,4,22,23,0,443,21,118,217,110,15,443,9,4,44.4,5,55.6,206,809,381,9,0,16,4,235,44,25.9,75.0,5,10,13.0,2,0.95,8,12,-4,-0.41,-0.37,7.1,11.5,-4.4,-0.45,0,18,9,0,0,1,0,32,8,16,33.3,DEF,111508.0,exact,111508.0,2025-06-09,300000.0,111508,1988-05-10,Cameroon,2026-06-30,189.0,right,36.64613278576318,17.904073587385017,12.611541086966115,1342.939048151787,Declining,False,False,True,False,False,CMR,CAF,False,True,False,False,False,False
Jake O'Brien,ie IRL,DF,Everton,eng Premier League,23.0,2001.0,20,17,1571,17.5,2,0,2,2,0,0,5,0,0.8,0.8,0.6,1.3,7,50,25,0.11,0.08,6,3,50.0,0.34,0.17,0.33,0.67,11.1,0,0.13,1.2,1.2,577,725,79.6,10580,3946,0.3,-0.6,6,41,8,5,602,121,5,0,1,18,100,0,0,0,0,2,12,16,0.92,14,0,2,0,0,0,0,0.0,26,17,21,5,0,25,68.0,8,17,4,13,4,30,93,0,900,93,374,390,139,22,900,10,4,40.0,5,50.0,391,1801,906,6,2,5,5,481,79,45.9,90.0,16,3,15.0,17,1.4,24,17,7,0.4,0.84,22.2,18.2,4.0,0.23,0,13,5,3,0,0,0,52,41,30,57.7,DEF,711544.0,exact,711544.0,2025-05-30,18000000.0,711544,2001-05-15,Ireland,2028-06-30,197.0,right,23.633127994524298,41.9185282522996,16.705882371415992,558.5247388055681,Developing,False,True,False,False,False,IRL,UEFA,False,False,False,False,False,True
Dara O'Shea,ie IRL,DF,Ipswich Town,eng Premier League,25.0,1999.0,35,35,3122,34.7,0,2,2,0,0,0,6,0,1.3,1.3,0.5,1.8,3,80,8,0.06,0.05,22,2,9.1,0.63,0.06,0.0,0.0,13.6,0,0.06,-1.3,-1.3,1234,1579,78.2,24503,10549,0.7,1.5,3,89,4,1,1473,100,30,0,14,8,63,0,0,0,0,6,12,24,0.69,19,0,0,2,2,1,4,0.12,49,31,33,13,3,34,64.7,12,62,50,12,33,82,225,4,2022,393,1169,730,129,51,2022,2,1,50.0,1,50.0,897,4023,2069,2,0,12,4,1162,89,91.3,89.0,34,0,,1,0.6,34,75,-41,-1.18,0.33,32.6,65.3,-32.7,-0.94,0,21,26,3,0,0,0,110,114,85,57.3,DEF,401320.0,exact,401320.0,2025-05-30,14000000.0,401320,1999-03-04,Ireland,2030-06-30,189.0,right,25.831622176591377,65.90013140604468,16.454567959008102,667.2727042741675,Developing,False,True,False,False,False,IRL,UEFA,False,False,False,False,False,True
Adam Obert,sk SVK,DF,Cagliari,it Serie A,21.0,2002.0,21,13,1077,12.0,1,1,2,1,0,0,4,0,0.9,0.9,0.4,1.3,12,50,19,0.17,0.11,9,2,22.2,0.75,0.17,0.11,0.5,12.0,0,0.11,0.1,0.1,413,537,76.9,6894,2626,0.2,0.6,10,36,4,1,430,104,12,0,3,11,92,0,0,0,0,3,17,25,2.09,19,3,0,2,1,0,4,0.33,31,18,12,17,2,27,59.3,11,19,7,12,23,54,48,2,710,67,309,312,105,13,710,14,5,35.7,9,64.3,298,1488,797,9,0,26,7,330,51,31.5,72.0,5,8,17.0,15,0.81,13,16,-3,-0.25,0.25,12.5,18.9,-6.3,-0.53,0,22,7,0,0,0,0,59,25,22,53.2,DEF,568333.0,exact,568333.0,2025-06-17,3000000.0,568333,2002-08-23,Slovakia,2030-06-30,188.0,left,22.360027378507873,65.90013140604468,14.914123179965662,499.9708243676217,Developing,False,False,False,False,True,SVK,UEFA,False,False,False,False,False,True
Tim Oermann,de GER,DF,Bochum,de Bundesliga,20.0,2003.0,29,26,2213,24.6,0,2,2,0,0,0,0,0,0.2,0.2,0.6,0.8,15,61,16,0.08,0.03,9,0,0.0,0.37,0.0,0.0,,28.8,0,0.02,-0.2,-0.2,771,936,82.4,14338,4177,0.7,1.4,7,50,8,3,844,87,11,1,2,14,74,0,0,0,0,5,16,20,0.81,18,1,0,0,0,1,3,0.12,50,31,25,21,4,43,60.5,17,32,16,16,22,72,64,0,1172,93,443,631,107,2,1172,14,6,42.9,7,50.0,605,2826,1203,14,3,24,9,639,76,72.3,83.0,19,3,20.0,4,0.72,24,45,-21,-0.85,0.53,30.8,41.4,-10.5,-0.43,0,16,8,0,0,0,0,99,27,37,42.2,DEF,696164.0,exact,696164.0,2025-06-05,5000000.0,696164,2003-10-06,Germany,2029-06-30,189.0,right,21.240246406570844,53.90932982917214,15.424948670398354,451.14806741184566,Emerging,True,False,False,False,False,GER,UEFA,False,False,False,False,False,True
Caleb Okoli,it ITA,DF,Leicester City,eng Premier League,23.0,2001.0,19,12,1125,12.5,1,0,1,1,0,0,4,0,0.6,0.6,0.0,0.6,3,32,2,0.08,0.05,4,2,50.0,0.32,0.16,0.25,0.5,13.5,0,0.15,0.4,0.4,559,648,86.3,9749,3849,0.2,0.0,0,21,1,0,597,51,21,1,3,1,4,0,0,0,0,0,8,4,0.32,4,0,0,0,0,0,0,0.0,25,14,8,15,2,18,61.1,7,24,14,10,15,40,79,3,806,152,451,325,35,10,806,0,0,,0,,468,2318,1106,6,0,10,2,484,59,32.9,85.0,8,7,16.0,18,0.53,15,26,-11,-0.88,0.53,11.8,27.0,-15.2,-1.21,0,16,9,0,0,0,0,44,23,21,52.3,DEF,461833.0,exact,461833.0,2024-06-05,8000000.0,461833,2001-07-13,Italy,2029-06-30,191.0,right,23.471594798083505,53.90932982917214,15.894952224644102,550.9157623654206,Developing,False,True,False,False,False,ITA,UEFA,False,False,False,False,False,True
Joseph Okumu,ke KEN,DF,Reims,fr Ligue 1,27.0,1997.0,22,20,1695,18.8,1,0,1,1,0,0,5,1,1.0,1.0,0.1,1.2,18,116,1,0.05,0.06,12,2,16.7,0.64,0.11,0.08,0.5,16.5,0,0.08,0.0,0.0,883,1083,81.5,19248,8117,0.4,-0.1,4,121,4,1,1012,67,44,3,15,5,17,0,0,0,0,4,8,25,1.33,24,1,0,0,0,0,3,0.16,30,15,21,9,0,24,62.5,9,33,21,12,25,55,137,2,1348,188,652,638,71,14,1348,18,14,77.8,2,11.1,710,4247,2624,17,0,12,2,819,77,55.4,83.0,13,2,21.0,2,0.59,17,28,-11,-0.58,-0.39,19.2,31.5,-12.3,-0.65,1,15,15,0,0,2,0,94,35,20,63.6,DEF,453376.0,exact,453376.0,2024-06-03,9000000.0,453376,1997-05-26,Kenya,2028-06-30,190.0,right,27.603011635865844,41.9185282522996,16.012735246411598,761.9262513697452,Peak,False,False,False,True,False,KEN,CAF,False,True,False,False,False,False
Lucas Oliveira Rosa,br BRA,DF,Valladolid,es La Liga,24.0,2000.0,21,21,1890,21.0,0,1,1,0,0,0,6,0,0.9,0.9,2.0,2.8,31,50,74,0.05,0.13,8,3,37.5,0.38,0.14,0.0,0.0,18.3,0,0.11,-0.9,-0.9,637,833,76.5,10312,3479,1.5,-1.0,13,34,6,4,655,172,23,4,3,36,149,0,0,0,0,6,26,31,1.48,24,1,2,2,1,1,1,0.05,53,33,40,11,2,51,68.6,16,24,9,15,28,81,69,2,1076,76,411,461,219,21,1076,31,14,45.2,13,41.9,447,2693,1460,24,5,29,11,550,90,55.3,90.0,21,0,,0,0.57,12,45,-33,-1.57,0.25,16.8,38.4,-21.6,-1.03,0,35,19,1,0,0,0,87,18,10,64.3,DEF,592373.0,fuzzy_verified,592373.0,2025-06-06,1400000.0,592373,1996-02-02,Brazil,2026-12-31,187.0,right,28.914442162902123,23.94875164257556,14.151983508870947,836.044965591812,Peak,False,False,True,False,False,BRA,CONMEBOL,False,False,False,True,False,False
Mathías Olivera,uy URU,DF,Napoli,it Serie A,26.0,1997.0,32,26,2370,26.3,0,2,2,0,0,0,4,0,1.1,1.1,1.7,2.8,46,126,62,0.08,0.11,16,2,12.5,0.61,0.08,0.0,0.0,16.5,0,0.07,-1.1,-1.1,1350,1580,85.4,21815,7058,0.8,0.3,25,121,11,4,1377,196,29,1,6,22,167,0,0,0,0,7,32,42,1.59,36,0,0,0,3,3,5,0.19,63,35,31,25,7,53,60.4,21,36,12,24,28,91,74,1,1884,98,639,962,295,42,1884,16,5,31.3,9,56.3,957,4602,2527,23,6,27,13,1205,74,69.3,86.0,17,6,22.0,1,2.28,44,16,28,1.06,0.72,37.6,22.0,15.6,0.59,0,28,22,2,1,0,0,93,41,36,53.2,DEF,376514.0,exact,376514.0,2025-06-17,20000000.0,376514,1997-10-31,Uruguay,2030-06-30,185.0,left,27.170431211498972,65.90013140604468,16.811242881518265,738.2323322187975,Peak,False,False,False,False,True,URU,CONMEBOL,False,False,False,True,False,False
Becir Omeragic,ch SUI,DF,Montpellier,fr Ligue 1,22.0,2002.0,22,21,1799,20.0,0,0,0,0,0,0,1,0,0.3,0.3,0.1,0.4,21,51,3,0.0,0.02,7,3,42.9,0.35,0.15,0.0,0.0,18.0,0,0.04,-0.3,-0.3,832,903,92.1,14911,4349,0.4,-0.1,3,44,5,2,846,54,30,0,2,7,7,0,0,0,0,3,7,9,0.45,7,0,1,1,0,0,0,0.0,32,16,19,12,1,21,76.2,5,32,21,11,13,45,78,0,1084,158,496,550,48,8,1084,14,11,78.6,3,21.4,609,3647,1956,7,1,6,4,723,82,58.8,84.0,16,1,25.0,1,0.59,14,46,-32,-1.6,0.11,20.0,40.4,-20.4,-1.02,0,13,10,0,0,0,1,75,20,34,37.0,DEF,507344.0,exact,507344.0,2025-06-03,4500000.0,507344,2002-01-20,Switzerland,2029-06-30,187.0,right,22.94866529774127,53.90932982917214,15.319588176962746,526.6412389477545,Developing,False,False,False,True,False,SUI,UEFA,False,False,False,False,False,True
Andrew Omobamidele,ie IRL,DF,Strasbourg,fr Ligue 1,22.0,2002.0,10,6,539,6.0,0,0,0,0,0,0,5,1,0.0,0.0,0.0,0.0,0,9,0,0.0,0.0,0,0,,0.0,0.0,,,,0,,0.0,0.0,367,390,94.1,6665,2470,0.0,0.0,0,7,0,0,374,16,11,0,0,0,0,0,0,0,0,0,2,1,0.17,1,0,0,0,0,0,0,0.0,7,4,4,3,0,5,40.0,3,12,8,4,8,15,41,0,468,80,294,170,5,0,468,2,1,50.0,0,0.0,258,1171,606,1,0,4,1,324,54,17.6,78.0,5,4,19.0,0,2.0,9,4,5,0.83,0.58,9.2,9.3,-0.1,-0.01,1,13,7,0,0,1,0,25,9,3,75.0,DEF,621993.0,exact,621993.0,2025-06-03,8000000.0,621993,2002-06-23,Ireland,2029-06-30,188.0,right,22.527036276522928,53.90932982917214,15.894952224644102,507.46736340378,Developing,False,False,False,True,False,IRL,UEFA,False,False,False,False,False,True
Christopher Operi,ci CIV,"DF,FW",Le Havre,fr Ligue 1,27.0,1997.0,13,13,1169,13.0,0,2,2,0,0,0,2,1,0.3,0.3,2.2,2.5,28,52,65,0.15,0.19,7,1,14.3,0.54,0.08,0.0,0.0,22.0,2,0.04,-0.3,-0.3,533,747,71.4,9424,3412,3.2,-0.2,24,36,20,13,547,198,51,1,6,128,112,35,20,12,0,2,22,36,2.77,18,13,1,2,2,0,3,0.23,13,9,6,2,5,12,58.3,5,20,6,14,14,27,30,0,878,41,237,347,302,12,878,27,14,51.9,13,48.1,418,1898,935,21,3,14,11,501,90,38.2,90.0,12,0,,0,0.46,8,29,-21,-1.62,-1.14,10.6,23.3,-12.7,-0.98,1,9,16,3,0,0,0,51,11,6,64.7,DEF,469976.0,exact,469976.0,2025-06-18,3800000.0,469976,1997-04-29,Cote d'Ivoire,2027-06-30,183.0,left,27.67693360711841,29.894875164257556,15.150511887854474,766.0126538928405,Peak,False,False,False,True,False,CIV,CAF,False,True,False,False,False,False
Fredrik Oppegard,no NOR,DF,Auxerre,fr Ligue 1,21.0,2002.0,9,2,273,3.0,0,0,0,0,0,0,0,0,0.1,0.1,0.1,0.2,5,7,11,0.0,0.07,3,1,33.3,0.99,0.33,0.0,0.0,20.7,0,0.04,-0.1,-0.1,125,154,81.2,1650,509,0.1,-0.1,2,4,3,2,134,20,1,0,0,6,19,0,0,0,0,0,2,8,2.64,6,0,0,1,0,1,0,0.0,6,4,4,1,1,7,42.9,4,2,1,1,2,8,12,1,184,11,62,65,59,4,184,3,1,33.3,2,66.7,99,533,223,5,1,4,4,111,30,8.9,78.0,0,7,17.0,5,1.11,5,3,2,0.66,0.82,4.3,5.0,-0.7,-0.23,0,3,4,1,0,0,0,14,2,5,28.6,DEF,539665.0,exact_accent_stripped,539665.0,2025-06-03,600000.0,539665,2002-08-07,Norway,2028-06-30,175.0,left,22.403832991101986,41.9185282522996,13.304686600863562,501.93173269318976,Developing,False,False,False,True,False,NOR,UEFA,False,False,False,False,False,True
Willi Orban,hu HUN,DF,RB Leipzig,de Bundesliga,31.0,1992.0,25,25,2222,24.7,5,0,5,5,0,0,4,2,4.0,4.0,1.0,5.0,15,106,8,0.2,0.2,22,7,31.8,0.89,0.28,0.23,0.71,8.3,0,0.18,1.0,1.0,1530,1750,87.4,28362,10446,0.7,-1.0,8,106,7,1,1686,55,43,0,2,5,4,0,0,0,0,9,13,21,0.85,18,0,0,1,0,2,3,0.12,38,21,23,14,1,32,71.9,9,45,31,14,21,59,169,4,2101,268,954,1061,97,45,2101,4,3,75.0,0,0.0,1083,5180,2827,6,2,15,4,1320,89,72.6,89.0,23,0,,1,1.6,41,33,8,0.32,0.65,34.8,38.4,-3.6,-0.15,0,23,14,4,0,1,0,122,104,46,69.3,DEF,93740.0,exact_accent_stripped,93740.0,2025-06-05,8000000.0,93740,1992-11-03,Hungary,2027-06-30,186.0,right,32.16153319644079,29.894875164257556,15.894952224644102,1034.364217545763,Declining,True,False,False,False,False,HUN,UEFA,False,False,False,False,False,True
Ivan Ordets,ua UKR,DF,Bochum,de Bundesliga,32.0,1992.0,22,21,1861,20.7,0,0,0,0,0,0,6,0,0.7,0.7,0.7,1.5,2,48,4,0.0,0.07,11,0,0.0,0.53,0.0,0.0,,10.0,0,0.07,-0.7,-0.7,708,885,80.0,15122,5555,1.8,-0.7,7,31,0,0,863,18,10,0,2,0,1,0,0,0,0,4,4,18,0.87,15,0,0,1,2,0,1,0.05,18,8,13,5,0,13,76.9,3,29,16,13,41,59,139,3,1156,170,632,463,63,48,1156,1,1,100.0,0,0.0,510,2061,689,2,0,6,0,578,85,60.8,89.0,17,1,1.0,2,0.77,20,44,-24,-1.16,-0.41,29.0,37.8,-8.7,-0.42,0,22,19,2,0,0,0,77,95,45,67.9,DEF,118850.0,exact,118850.0,2025-06-05,1000000.0,118850,1992-07-08,Ukraine,2026-12-31,195.0,right,32.48459958932238,23.94875164257556,13.815511557963774,1055.2492104786036,Declining,True,False,False,False,False,UKR,UEFA,False,False,False,False,False,True
Ángel Ortíz,es ESP,DF,Betis,es La Liga,20.0,2004.0,5,4,353,3.9,0,1,1,0,0,0,0,0,0.0,0.0,0.1,0.2,4,15,20,0.25,0.04,2,0,0.0,0.51,0.0,0.0,,23.0,0,0.02,0.0,0.0,167,225,74.2,2516,1084,0.2,0.9,3,15,3,2,186,38,3,0,0,19,35,0,0,0,0,1,10,6,1.53,5,0,0,0,1,0,2,0.51,12,8,8,3,1,17,47.1,9,6,0,6,5,17,7,0,272,7,96,114,64,7,272,8,4,50.0,4,50.0,133,669,375,3,1,7,2,153,71,10.3,86.0,3,1,9.0,2,1.4,8,6,2,0.51,0.36,5.0,5.8,-0.8,-0.2,0,6,6,0,0,0,0,16,5,7,41.7,DEF,933908.0,exact_accent_stripped,933908.0,2025-06-09,2500000.0,933908,2004-07-25,Spain,2029-06-30,167.0,right,20.438056125941138,53.90932982917214,14.731801689838349,417.7141382071201,Emerging,False,False,True,False,False,ESP,UEFA,False,False,False,False,False,True
Gabriel Osho,ng NGA,DF,Auxerre,fr Ligue 1,25.0,1998.0,20,20,1654,18.4,1,0,1,1,0,0,1,1,1.0,1.0,0.1,1.1,12,43,2,0.05,0.06,7,3,42.9,0.38,0.16,0.14,0.33,10.1,0,0.14,0.0,0.0,669,753,88.8,12927,4606,0.2,-0.1,1,49,0,0,716,36,18,0,6,3,4,0,0,0,0,1,3,3,0.16,2,0,0,0,0,1,0,0.0,23,15,17,3,3,20,65.0,7,32,19,13,12,35,87,0,944,132,484,417,48,11,944,7,4,57.1,2,28.6,539,2461,1294,4,0,7,3,613,83,54.1,83.0,16,0,,7,1.4,26,24,2,0.11,0.43,24.6,28.9,-4.3,-0.23,0,11,10,0,0,0,0,52,19,9,67.9,DEF,364409.0,exact,364409.0,2024-05-27,3000000.0,364409,1998-08-14,Nigeria,2029-06-30,185.0,right,26.38466803559206,53.90932982917214,14.914123179965662,696.1507073483934,Peak,False,False,False,True,False,NGA,CAF,False,True,False,False,False,False
Kassoum Ouattara,fr FRA,"DF,FW",Monaco,fr Ligue 1,19.0,2004.0,12,5,391,4.3,0,1,1,0,0,0,2,0,0.2,0.2,1.2,1.4,15,16,35,0.23,0.31,2,1,50.0,0.46,0.23,0.0,0.0,21.2,0,0.08,-0.2,-0.2,172,217,79.3,2919,1053,1.3,-0.2,6,11,8,7,169,48,3,0,3,17,45,0,0,0,0,0,6,9,2.07,8,0,0,0,1,0,1,0.23,9,7,5,4,0,14,28.6,10,6,0,6,5,14,2,1,274,4,56,131,88,9,274,15,5,33.3,9,60.0,137,734,399,3,4,12,7,151,33,12.8,64.0,0,7,10.0,13,1.5,8,6,2,0.46,-0.21,6.9,6.6,0.3,0.06,0,10,2,0,0,0,0,27,4,8,33.3,DEF,947360.0,exact,947360.0,2025-06-03,7000000.0,947360,2004-10-14,France,2028-06-30,184.0,left,20.216290212183434,41.9185282522996,15.76142084987672,408.69838994322373,Emerging,False,False,False,True,False,FRA,UEFA,False,False,False,False,False,True
Cenk Özkacar,tr TUR,DF,Valladolid,es La Liga,23.0,2000.0,11,8,757,8.4,0,0,0,0,0,0,1,0,0.1,0.1,0.0,0.1,2,15,0,0.0,0.02,2,0,0.0,0.24,0.0,0.0,,13.2,0,0.06,-0.1,-0.1,331,392,84.4,6430,2436,0.3,0.0,1,11,0,0,369,22,18,0,3,0,0,0,0,0,0,1,3,1,0.12,1,0,0,0,0,0,0,0.0,9,5,7,2,0,14,28.6,10,9,6,3,18,27,69,1,507,88,313,187,8,6,507,0,0,,0,,244,1202,624,2,0,4,1,306,69,22.1,80.0,7,3,38.0,17,0.09,4,16,-12,-1.43,0.33,8.4,11.6,-3.2,-0.38,0,5,1,0,0,1,0,30,11,15,42.3,DEF,615350.0,exact,615350.0,2025-06-09,1200000.0,615350,2000-10-06,Türkiye,2026-06-30,190.0,left,24.238193018480494,17.904073587385017,13.997832948091215,587.4900008011166,Developing,False,False,True,False,False,TUR,UEFA,False,False,False,False,False,True
Nico O’Reilly,eng ENG,DF,Manchester City,eng Premier League,19.0,2005.0,9,6,528,5.9,2,0,2,2,0,0,0,0,1.3,1.3,0.4,1.6,16,17,26,0.34,0.28,8,3,37.5,1.36,0.51,0.25,0.67,15.4,0,0.16,0.7,0.7,305,353,86.4,4042,780,0.7,-0.4,4,28,1,1,311,41,5,1,0,8,36,0,0,0,0,1,3,12,2.05,9,1,1,0,1,0,2,0.34,9,4,3,3,3,8,50.0,4,5,1,4,4,13,12,0,419,14,71,223,130,18,419,15,9,60.0,6,40.0,249,1171,575,15,0,14,15,298,59,15.4,82.0,4,3,13.0,21,2.56,12,3,9,1.53,0.94,11.1,5.5,5.7,0.97,0,6,4,1,0,0,0,31,6,9,40.0,DEF,743413.0,fuzzy_verified,743413.0,2025-05-30,18000000.0,743413,2005-03-21,England,2030-06-30,193.0,left,19.783709787816566,65.90013140604468,16.705882371415992,391.395172968549,Emerging,False,True,False,False,False,ENG,UEFA,False,False,False,False,False,True
Jon Pacheco,es ESP,DF,Real Sociedad,es La Liga,23.0,2001.0,14,9,854,9.5,0,0,0,0,0,0,3,0,0.1,0.1,0.1,0.2,12,27,0,0.0,0.02,1,0,0.0,0.11,0.0,0.0,,8.7,0,0.09,-0.1,-0.1,411,494,83.2,7915,2381,0.4,-0.1,1,28,2,0,467,26,19,1,9,0,1,0,0,0,0,1,5,4,0.42,3,1,0,0,0,0,0,0.0,15,9,12,3,0,12,83.3,2,8,6,2,9,24,49,2,585,74,281,299,9,5,585,2,1,50.0,1,50.0,313,1925,1242,3,1,4,0,358,61,25.0,80.0,7,5,27.0,15,0.86,4,13,-9,-0.95,-0.88,7.0,13.0,-6.1,-0.64,0,18,5,0,0,0,0,35,19,17,52.8,DEF,580560.0,exact,580560.0,2025-06-09,6000000.0,580560,2001-01-08,Spain,2026-06-30,184.0,left,23.980835044490075,17.904073587385017,15.607270193858982,575.0804494310432,Developing,False,False,True,False,False,ESP,UEFA,False,False,False,False,False,True
Willian Pacho,ec ECU,DF,Paris S-G,fr Ligue 1,22.0,2001.0,28,23,2132,23.7,0,1,1,0,0,0,2,0,0.3,0.3,0.3,0.6,3,53,1,0.04,0.02,4,1,25.0,0.17,0.04,0.0,0.0,8.5,0,0.08,-0.3,-0.3,1865,1968,94.8,33030,9702,0.4,0.7,3,69,1,0,1920,46,27,0,3,0,11,0,0,0,0,2,7,13,0.55,11,0,0,1,0,1,3,0.13,56,32,34,22,0,32,71.9,9,35,22,13,40,96,91,1,2223,244,921,1269,43,8,2223,7,2,28.6,4,57.1,1399,5986,2592,3,0,15,4,1697,76,69.7,86.0,20,5,29.0,3,2.46,64,25,39,1.65,-0.1,64.2,22.2,42.0,1.77,0,20,7,0,0,0,0,119,29,26,52.7,DEF,661171.0,exact,661171.0,2025-06-03,65000000.0,661171,2001-10-16,Ecuador,2029-06-30,188.0,left,23.211498973305954,53.90932982917214,17.989897843244528,538.7736845877834,Developing,False,False,False,True,False,ECU,CONMEBOL,False,False,False,True,False,False
Tomás Palacios,ar ARG,DF,Monza,it Serie A,21.0,2003.0,8,5,446,5.0,0,0,0,0,0,0,2,0,0.0,0.0,0.0,0.0,3,21,2,0.0,0.01,1,0,0.0,0.2,0.0,0.0,,25.8,1,0.04,0.0,0.0,321,362,88.7,5597,2094,0.1,0.0,0,21,1,0,338,23,12,1,2,1,2,0,0,0,0,1,6,5,1.01,4,0,0,0,1,0,0,0.0,11,5,9,2,0,13,69.2,4,7,2,5,8,19,17,2,417,58,229,178,16,1,417,9,8,88.9,1,11.1,293,1248,683,1,0,3,4,305,56,13.0,81.0,3,3,14.0,8,0.0,2,15,-13,-2.62,-1.78,3.9,9.4,-5.4,-1.09,0,2,10,1,0,0,0,29,6,4,60.0,DEF,993645.0,exact,993645.0,2025-06-17,4000000.0,993645,2003-04-28,Argentina,2026-12-31,196.0,left,21.68104038329911,23.94875164257556,15.201805169084134,470.0675121022468,Emerging,False,False,False,False,True,ARG,CONMEBOL,False,False,False,True,False,False
Nicolas Pallois,fr FRA,DF,Nantes,fr Ligue 1,36.0,1987.0,26,23,2017,22.4,0,2,2,0,0,0,9,0,0.4,0.4,0.4,0.8,6,52,5,0.09,0.04,3,1,33.3,0.13,0.04,0.0,0.0,22.0,0,0.14,-0.4,-0.4,731,874,83.6,14898,5456,0.4,1.6,3,56,1,1,813,61,32,1,4,7,26,0,0,0,0,0,8,11,0.49,11,0,0,0,0,0,1,0.04,61,27,44,13,4,63,58.7,26,48,18,30,28,89,164,3,1192,191,653,502,45,2,1192,7,3,42.9,4,57.1,570,2589,1201,3,1,8,3,626,78,65.9,87.0,19,3,5.0,6,1.19,29,38,-9,-0.4,-0.06,27.5,39.3,-11.9,-0.53,0,22,11,0,0,1,1,96,20,16,55.6,DEF,139279.0,exact,139279.0,2025-06-03,400000.0,139279,1987-09-19,France,2026-06-30,189.0,left,37.28678986995209,17.904073587385017,12.899222326086994,1390.3046988059616,Declining,False,False,False,True,False,FRA,UEFA,False,False,False,False,False,True
Aitor Paredes,es ESP,DF,Athletic Club,es La Liga,24.0,2000.0,23,21,1812,20.1,3,0,3,3,0,0,4,1,2.3,2.3,0.1,2.3,4,46,2,0.15,0.12,6,3,50.0,0.3,0.15,0.5,1.0,4.7,0,0.38,0.7,0.7,789,947,83.3,16864,6216,0.2,-0.1,2,42,2,0,909,36,29,0,6,1,0,0,0,0,0,2,5,8,0.4,8,0,0,0,0,0,1,0.05,15,13,10,5,0,15,53.3,7,26,15,11,22,37,114,4,1154,127,623,519,15,11,1154,1,0,0.0,1,100.0,596,2995,1615,3,0,7,1,708,79,53.0,85.0,16,2,15.0,11,1.57,32,20,12,0.6,-0.13,27.2,22.4,4.8,0.24,1,23,6,0,0,1,0,62,30,29,50.8,DEF,591916.0,exact,591916.0,2025-06-09,22000000.0,591916,2000-04-29,Spain,2029-06-30,185.0,right,24.67624914442163,53.90932982917214,16.906553056777135,608.9172718375692,Developing,False,False,True,False,False,ESP,UEFA,False,False,False,False,False,True
Fabiano Parisi,it ITA,"DF,MF",Fiorentina,it Serie A,23.0,2000.0,25,11,1049,11.7,2,0,2,2,0,0,3,0,0.5,0.5,0.8,1.3,25,40,35,0.17,0.1,8,4,50.0,0.69,0.34,0.25,0.5,19.7,0,0.05,1.5,1.5,383,476,80.5,6092,1888,0.9,-0.8,4,27,9,3,415,60,6,1,1,12,54,0,0,0,0,1,13,14,1.12,8,1,3,0,2,0,2,0.16,27,17,11,12,4,21,57.1,9,14,2,12,17,44,17,0,607,19,198,263,159,16,607,26,10,38.5,11,42.3,341,2113,1128,17,10,18,16,340,42,30.7,75.0,4,14,16.0,12,1.27,12,14,-2,-0.17,-0.97,14.9,16.4,-1.5,-0.12,0,16,25,0,0,0,0,64,13,17,43.3,DEF,547985.0,exact,547985.0,2025-06-17,6000000.0,547985,2000-11-09,Italy,2029-06-30,178.0,left,24.145106091718002,53.90932982917214,15.607270193858982,582.9861481803177,Developing,False,False,False,False,True,ITA,UEFA,False,False,False,False,False,True
Felix Passlack,de GER,"DF,MF",Bochum,de Bundesliga,26.0,1998.0,31,30,2334,25.9,1,6,7,1,0,0,4,0,1.3,1.3,3.9,5.2,43,65,118,0.27,0.2,26,6,23.1,1.0,0.23,0.04,0.17,19.7,1,0.05,-0.3,-0.3,660,997,66.2,11947,3957,3.7,2.1,25,58,27,11,836,158,12,3,2,113,133,13,13,0,0,3,63,48,1.85,38,5,0,3,2,0,7,0.27,53,23,32,13,8,55,54.5,25,42,11,31,18,71,63,1,1290,78,341,530,428,48,1290,31,12,38.7,17,54.8,588,2916,1278,32,12,24,12,658,75,76.3,77.0,14,1,10.0,0,0.68,21,51,-30,-1.16,-0.66,27.6,45.1,-17.5,-0.67,0,29,21,2,0,2,0,114,10,22,31.3,DEF,274461.0,exact,274461.0,2025-06-05,2000000.0,274461,1998-05-29,Germany,2029-06-30,170.0,right,26.595482546201232,53.90932982917214,14.508658238524095,707.3196918652944,Peak,True,False,False,False,False,GER,UEFA,False,False,False,False,False,True
Patric,es ESP,DF,Lazio,it Serie A,31.0,1993.0,10,5,607,6.7,1,0,1,1,0,0,2,0,1.1,1.1,0.0,1.1,4,30,5,0.15,0.16,2,1,50.0,0.3,0.15,0.5,1.0,5.1,0,0.53,-0.1,-0.1,356,403,88.3,7390,2194,0.1,0.0,1,23,2,1,388,12,11,0,4,2,0,0,0,0,0,3,0,11,1.63,11,0,0,0,0,0,0,0.0,9,6,6,3,0,10,60.0,4,3,2,1,3,12,22,1,449,38,203,230,19,4,449,0,0,,0,,276,1514,779,2,0,2,0,320,61,17.7,89.0,4,5,32.0,9,1.4,13,14,-1,-0.15,-0.56,10.8,9.4,1.4,0.21,0,5,5,0,0,0,0,29,7,6,53.8,DEF,126729.0,exact,126729.0,2025-06-17,2500000.0,126729,1993-04-17,Spain,2027-06-30,184.0,right,31.709787816564,29.894875164257556,14.731801689838349,1005.5106433715106,Declining,False,False,False,False,True,ESP,UEFA,False,False,False,False,False,True
Nathan Patterson,sct SCO,DF,Everton,eng Premier League,22.0,2001.0,10,3,347,3.9,0,1,1,0,0,0,1,0,0.1,0.1,0.4,0.5,6,13,18,0.26,0.13,1,0,0.0,0.26,0.0,0.0,,16.8,0,0.07,-0.1,-0.1,130,176,73.9,2272,806,0.4,0.6,4,9,5,3,134,42,0,1,0,14,42,0,0,0,0,0,0,11,2.85,8,1,2,0,0,0,1,0.26,11,6,7,4,0,14,50.0,7,2,0,2,2,13,7,0,215,11,52,90,75,5,215,12,9,75.0,2,16.7,95,420,216,5,2,4,2,117,35,10.1,73.0,0,7,18.0,18,1.2,4,6,-2,-0.52,-0.52,3.5,4.4,-0.9,-0.24,0,6,1,0,0,0,0,12,1,7,12.5,DEF,424015.0,exact,424015.0,2025-05-30,15000000.0,424015,2001-10-16,Scotland,2027-06-30,183.0,right,23.211498973305954,29.894875164257556,16.52356082573315,538.7736845877834,Developing,False,True,False,False,False,SCO,UEFA,False,False,False,False,False,True
Benjamin Pavard,fr FRA,DF,Inter,it Serie A,28.0,1996.0,23,18,1584,17.6,0,1,1,0,0,0,4,0,0.5,0.5,0.8,1.3,13,92,26,0.06,0.08,8,1,12.5,0.45,0.06,0.0,0.0,12.7,0,0.07,-0.5,-0.5,1050,1150,91.3,19188,5573,1.0,0.2,8,84,8,2,1109,39,21,0,4,11,18,0,0,0,0,2,7,21,1.19,19,0,0,1,1,0,1,0.06,29,16,12,12,5,25,72.0,7,16,12,4,16,45,52,0,1291,112,479,657,162,35,1291,2,0,0.0,1,50.0,855,4903,2133,20,1,5,1,996,69,46.3,80.0,13,5,29.0,8,1.96,28,16,12,0.68,-0.89,28.9,17.1,11.8,0.67,0,18,9,2,0,0,0,46,40,32,55.6,DEF,353366.0,exact,353366.0,2025-06-17,25000000.0,353366,1996-03-28,France,2026-06-30,186.0,right,28.763860369609855,17.904073587385017,17.034386422832473,827.3596633624123,Peak,False,False,False,False,True,FRA,UEFA,False,False,False,False,False,True
Strahinja Pavlović,rs SRB,DF,Milan,it Serie A,23.0,2001.0,24,21,1864,20.7,2,1,3,2,0,0,3,1,1.8,1.8,1.1,2.9,40,94,10,0.14,0.14,17,8,47.1,0.82,0.39,0.12,0.25,15.7,1,0.11,0.2,0.2,1208,1369,88.2,21120,7800,0.4,-0.1,6,98,5,1,1285,80,35,0,2,10,7,0,0,0,0,4,13,29,1.4,24,0,0,2,3,0,3,0.14,52,31,32,19,1,50,58.0,21,17,6,11,16,68,82,0,1589,143,758,747,97,18,1589,12,4,33.3,4,33.3,1036,5862,3662,29,0,18,4,1147,78,54.5,88.0,19,3,8.0,13,1.67,32,25,7,0.34,-0.3,34.3,23.5,10.8,0.52,0,20,18,2,1,0,0,67,45,21,68.2,DEF,574671.0,exact,574671.0,2025-06-17,18000000.0,574671,2001-05-24,Serbia,2028-06-30,194.0,left,23.60848733744011,41.9185282522996,16.705882371415992,557.36067436207,Developing,False,False,False,False,True,SRB,UEFA,False,False,False,False,False,True
Marcus Pedersen,no NOR,DF,Torino,it Serie A,24.0,2000.0,29,15,1362,15.1,0,0,0,0,0,0,3,0,0.6,0.6,0.4,1.0,44,19,77,0.0,0.06,8,3,37.5,0.53,0.2,0.0,0.0,17.1,0,0.07,-0.6,-0.6,376,516,72.9,5860,1387,0.4,-0.4,7,14,8,7,423,93,0,0,0,56,93,0,0,0,0,0,24,15,0.99,12,0,0,2,1,0,0,0.0,13,8,6,6,1,16,62.5,6,11,2,9,13,26,34,1,655,27,151,263,250,27,655,25,7,28.0,18,72.0,365,2329,1118,24,9,22,12,391,47,39.8,71.0,5,14,21.0,6,0.97,14,18,-4,-0.26,-0.18,12.7,20.0,-7.3,-0.48,0,16,5,4,0,1,0,43,6,19,24.0,DEF,583404.0,exact_birthyear_corrected,583404.0,2025-06-17,3000000.0,583404,2000-07-16,Norway,2027-06-30,184.0,right,24.462696783025326,29.894875164257556,14.914123179965662,598.4235338982376,Developing,False,False,False,False,True,NOR,UEFA,False,False,False,False,False,True
Alfonso Pedraza,es ESP,"DF,MF",Villarreal,es La Liga,28.0,1996.0,12,4,460,5.1,0,2,2,0,0,0,0,0,0.5,0.5,1.4,1.9,21,9,43,0.39,0.37,5,2,40.0,0.98,0.39,0.0,0.0,13.9,0,0.09,-0.5,-0.5,157,213,73.7,2500,918,1.4,0.6,9,7,8,6,187,26,3,2,1,26,23,0,0,0,0,0,13,17,3.33,12,1,2,2,0,0,3,0.59,3,2,2,0,1,4,50.0,2,3,1,2,6,9,16,0,274,17,91,90,96,16,274,19,9,47.4,9,47.4,155,1034,586,12,6,5,2,165,38,13.5,80.0,2,8,18.0,2,1.92,10,6,4,0.78,0.3,7.4,6.7,0.7,0.15,0,4,2,0,0,0,0,18,5,2,71.4,DEF,356197.0,exact,356197.0,2025-06-09,2500000.0,356197,1996-04-09,Spain,2026-06-30,184.0,left,28.73100616016427,17.904073587385017,14.731801689838349,825.4707149753972,Peak,False,False,True,False,False,ESP,UEFA,False,False,False,False,False,True
Adrià Pedrosa,es ESP,DF,Sevilla,es La Liga,26.0,1998.0,31,27,2298,25.5,1,1,2,1,0,0,7,0,0.9,0.9,1.6,2.5,41,79,96,0.08,0.1,24,7,29.2,0.94,0.27,0.04,0.14,24.5,0,0.04,0.1,0.1,886,1196,74.1,15011,5325,1.7,-0.6,20,66,22,10,940,250,37,1,9,97,203,10,6,3,0,6,34,47,1.84,31,8,4,3,1,0,4,0.16,56,32,34,16,6,54,57.4,23,43,11,32,24,80,85,0,1526,90,533,634,373,21,1526,37,17,45.9,18,48.6,617,3350,1832,49,6,37,15,826,74,67.2,82.0,16,4,19.0,3,1.0,27,33,-6,-0.23,0.33,28.7,29.6,-0.9,-0.04,0,38,19,3,0,0,0,100,11,28,28.2,DEF,501418.0,exact,501418.0,2025-06-09,7000000.0,501418,1998-05-13,Spain,2026-06-30,172.0,left,26.639288158795345,17.904073587385017,15.76142084987672,709.6516736073339,Peak,False,False,True,False,False,ESP,UEFA,False,False,False,False,False,True
Luca Pellegrini,it ITA,DF,Lazio,it Serie A,25.0,1999.0,22,10,1067,11.9,0,4,4,0,0,0,5,0,0.7,0.7,1.8,2.4,21,72,61,0.34,0.2,13,4,30.8,1.1,0.34,0.0,0.0,24.4,1,0.05,-0.7,-0.7,541,717,75.5,9376,3332,1.6,2.2,20,63,21,12,586,130,24,0,4,89,101,5,1,3,0,1,19,46,3.88,33,5,2,3,1,2,12,1.01,23,11,11,10,2,32,53.1,15,10,3,7,19,42,32,0,851,29,196,382,285,15,851,28,11,39.3,16,57.1,420,1901,1067,23,4,17,9,516,49,31.2,82.0,7,12,20.0,5,1.77,20,14,6,0.51,0.28,19.9,10.4,9.5,0.8,0,18,11,0,1,0,0,41,8,7,53.3,DEF,346567.0,exact,346567.0,2025-06-17,3000000.0,346567,1999-03-07,Italy,2027-06-30,178.0,left,25.82340862422998,29.894875164257556,14.914123179965662,666.8484329739554,Developing,False,False,False,False,True,ITA,UEFA,False,False,False,False,False,True
Timothee Pembele,fr FRA,DF,Le Havre,fr Ligue 1,21.0,2002.0,20,12,1113,12.4,1,0,1,1,0,0,3,0,1.3,1.3,0.1,1.4,27,43,44,0.08,0.11,8,3,37.5,0.65,0.24,0.13,0.33,13.7,0,0.16,-0.3,-0.3,424,520,81.5,6665,2391,0.5,-0.1,3,25,7,3,440,79,15,1,2,28,64,0,0,0,0,1,23,12,0.97,9,0,1,0,2,0,1,0.08,30,22,17,9,4,23,60.9,9,16,5,11,11,41,42,0,680,45,254,291,145,20,680,29,15,51.7,12,41.4,368,2140,1066,14,4,19,12,398,56,36.4,82.0,9,8,16.0,10,1.15,17,30,-13,-1.05,-0.22,15.9,24.5,-8.6,-0.69,0,9,11,1,0,0,0,46,10,14,41.7,DEF,538998.0,exact_accent_stripped,538998.0,2025-06-03,2500000.0,538998,2002-09-09,France,2026-06-30,183.0,right,22.313483915126625,17.904073587385017,14.731801689838349,497.8915644306146,Developing,False,False,False,True,False,FRA,UEFA,False,False,False,False,False,True
Pedro Pereira,pt POR,DF,Monza,it Serie A,26.0,1998.0,35,32,2665,29.6,1,3,4,1,0,0,10,0,1.2,1.2,1.6,2.8,52,66,107,0.14,0.1,13,6,46.2,0.44,0.2,0.08,0.17,15.3,0,0.09,-0.2,-0.2,925,1146,80.7,15992,5248,1.4,1.4,14,54,15,10,1003,140,15,2,2,57,125,0,0,0,0,3,30,35,1.18,29,2,3,0,0,1,4,0.13,53,32,30,18,5,55,63.6,20,26,12,14,21,74,85,5,1409,109,508,596,311,33,1409,25,14,56.0,11,44.0,798,3867,2063,37,7,25,18,872,76,77.9,83.0,19,3,8.0,1,0.49,23,56,-33,-1.11,-0.16,22.4,42.5,-20.1,-0.68,0,48,9,0,0,0,0,88,27,40,40.3,DEF,314965.0,exact_birthyear_corrected,314965.0,2025-06-17,1500000.0,314965,1998-01-22,Portugal,2027-06-30,185.0,right,26.94318959616701,29.894875164257556,14.220976332738882,725.9354656150022,Peak,False,False,False,False,True,POR,UEFA,False,False,False,False,False,True
Ricardo Pereira,pt POR,DF,Leicester City,eng Premier League,30.0,1993.0,10,4,388,4.3,0,0,0,0,0,0,1,0,0.1,0.1,0.0,0.1,3,18,5,0.0,0.02,2,1,50.0,0.46,0.23,0.0,0.0,17.0,0,0.05,-0.1,-0.1,207,248,83.5,3368,956,0.1,0.0,0,19,1,0,207,40,6,0,1,3,34,0,0,0,0,1,3,3,0.7,3,0,0,0,0,0,0,0.0,13,8,4,6,3,14,50.0,7,8,3,5,4,17,11,0,296,17,90,166,41,5,296,9,6,66.7,2,22.2,151,453,186,3,2,3,1,172,39,11.3,68.0,0,6,19.0,8,0.5,3,8,-5,-1.16,0.09,3.1,7.0,-3.9,-0.9,0,6,8,0,0,0,0,19,4,2,66.7,DEF,215876.0,exact,215876.0,2025-05-30,4500000.0,215876,1993-10-06,Portugal,2026-06-30,175.0,right,31.238877481177276,17.904073587385017,15.319588176962746,975.8674662840048,Declining,False,True,False,False,False,POR,UEFA,False,False,False,False,False,True
Luis Pérez,es ESP,DF,Valladolid,es La Liga,29.0,1995.0,30,28,2558,28.4,0,0,0,0,0,0,2,0,0.2,0.2,2.1,2.2,41,89,117,0.0,0.08,5,2,40.0,0.18,0.07,0.0,0.0,25.3,0,0.03,-0.2,-0.2,905,1195,75.7,16078,5899,2.6,-2.1,27,57,32,29,954,236,27,2,6,105,209,0,0,0,0,5,29,53,1.86,46,6,0,0,0,1,2,0.07,41,30,25,11,5,40,60.0,16,26,9,17,29,70,86,0,1444,88,490,630,336,9,1444,21,12,57.1,7,33.3,585,2748,1388,23,3,28,5,792,85,74.8,89.0,27,2,39.0,4,0.53,20,65,-45,-1.58,0.4,26.3,47.2,-20.8,-0.73,0,13,25,3,0,1,0,77,15,34,30.6,DEF,358115.0,exact,358115.0,2025-06-09,1400000.0,358115,1995-02-04,Spain,2027-06-30,173.0,right,29.908281998631075,29.894875164257556,14.151983508870947,894.5053321096397,Peak,False,False,True,False,False,ESP,UEFA,False,False,False,False,False,True
Romain Perraud,fr FRA,DF,Betis,es La Liga,26.0,1997.0,28,22,2002,22.2,2,2,4,2,0,0,8,1,0.6,0.6,1.6,2.1,51,62,106,0.18,0.1,20,5,25.0,0.9,0.22,0.1,0.4,21.7,0,0.03,1.4,1.4,921,1157,79.6,12710,4374,1.4,0.4,16,61,16,11,916,236,31,0,5,71,205,0,0,0,0,5,45,36,1.62,32,1,1,2,0,0,5,0.23,36,22,15,16,5,46,45.7,25,18,4,14,22,58,71,1,1419,62,442,565,423,28,1419,35,11,31.4,18,51.4,766,3846,1881,25,10,33,14,842,72,58.5,85.0,19,6,22.0,8,1.25,34,31,3,0.13,-0.12,33.5,34.2,-0.7,-0.03,0,26,44,5,0,1,0,95,9,17,34.6,DEF,318523.0,exact,318523.0,2025-06-09,5000000.0,318523,1997-09-22,France,2028-06-30,173.0,left,27.277207392197127,41.9185282522996,15.424948670398354,744.0460431169336,Peak,False,False,True,False,False,FRA,UEFA,False,False,False,False,False,True
Léo Pétrot,fr FRA,DF,Saint-Étienne,fr Ligue 1,27.0,1997.0,31,29,2634,29.3,0,3,3,0,0,0,4,0,0.6,0.6,1.6,2.2,28,93,100,0.1,0.08,7,3,42.9,0.24,0.1,0.0,0.0,12.1,0,0.1,-0.6,-0.6,1114,1385,80.4,17729,6679,1.5,1.4,16,73,17,7,1163,220,18,1,2,51,196,6,5,0,0,2,28,40,1.42,36,2,1,1,0,0,6,0.21,62,39,38,19,5,51,66.7,17,50,27,23,42,104,103,1,1708,172,661,670,383,25,1708,14,7,50.0,7,50.0,766,2815,1321,15,4,24,17,974,85,86.1,89.0,24,2,31.0,1,0.87,38,65,-27,-0.92,1.4,33.3,62.6,-29.4,-1.04,0,22,22,1,0,3,0,115,40,37,51.9,DEF,412829.0,exact,412829.0,2025-06-03,900000.0,412829,1997-04-15,France,2027-06-30,188.0,left,27.71526351813826,29.894875164257556,13.710151153416941,768.1358318798457,Peak,False,False,False,True,False,FRA,UEFA,False,False,False,False,False,True
Giuseppe Pezzella,it ITA,"DF,FW",Empoli,it Serie A,26.0,1997.0,35,34,2878,32.0,0,3,3,0,0,0,7,0,0.6,0.6,4.6,5.2,77,80,143,0.09,0.16,15,3,20.0,0.47,0.09,0.0,0.0,20.6,0,0.04,-0.6,-0.6,829,1246,66.5,13802,5619,4.4,-1.6,36,56,30,22,912,329,21,2,0,178,285,20,6,10,0,5,60,59,1.85,43,11,2,0,2,1,5,0.16,55,31,28,17,10,57,50.9,28,32,8,24,15,70,110,2,1579,88,448,630,521,33,1579,51,17,33.3,24,47.1,673,4110,2076,33,12,46,32,778,82,84.2,84.0,22,1,34.0,2,0.83,28,45,-17,-0.53,0.96,28.6,38.8,-10.1,-0.32,0,49,33,6,0,1,0,88,36,19,65.5,DEF,336960.0,exact,336960.0,2025-06-17,2500000.0,336960,1997-11-29,Italy,2028-06-30,187.0,left,27.091033538672143,41.9185282522996,14.731801689838349,733.9240981934589,Peak,False,False,False,False,True,ITA,UEFA,False,False,False,False,False,True
Amos Pieper,de GER,DF,Werder Bremen,de Bundesliga,26.0,1998.0,23,16,1498,16.6,0,0,0,0,0,0,3,0,0.4,0.4,0.6,1.0,11,62,3,0.0,0.06,7,1,14.3,0.42,0.06,0.0,0.0,13.9,0,0.06,-0.4,-0.4,790,932,84.8,15392,4871,0.6,-0.6,4,40,8,1,837,92,27,2,13,4,10,0,0,0,0,3,7,5,0.3,5,0,0,0,0,0,0,0.0,32,17,16,11,5,33,63.6,12,28,17,11,24,56,98,1,1136,168,595,482,60,11,1136,3,2,66.7,1,33.3,570,2403,1110,7,0,4,3,671,65,49.0,83.0,8,7,24.0,9,1.61,21,29,-8,-0.48,-0.77,24.5,25.7,-1.2,-0.07,0,11,11,0,0,0,0,56,40,40,50.0,DEF,334221.0,exact,334221.0,2025-06-05,3500000.0,334221,1998-01-17,Germany,,192.0,right,26.95687885010267,,15.068273812173887,726.6733173391126,Peak,True,False,False,False,False,GER,UEFA,False,False,False,False,False,True
Ethan Pinnock,jm JAM,DF,Brentford,eng Premier League,31.0,1993.0,22,21,1913,21.3,2,0,2,2,0,0,2,0,1.1,1.1,1.2,2.3,3,41,9,0.09,0.11,10,6,60.0,0.47,0.28,0.2,0.33,11.1,0,0.11,0.9,0.9,924,1080,85.6,17045,6094,0.7,-1.2,8,48,4,1,954,126,15,0,0,9,39,0,0,0,0,0,8,21,0.99,13,5,0,2,1,0,0,0.0,35,19,15,16,4,24,54.2,11,29,18,11,24,59,142,4,1348,294,783,457,109,24,1348,9,3,33.3,6,66.7,633,3117,1633,4,0,2,4,760,87,55.9,90.0,20,1,31.0,9,1.5,40,35,5,0.24,0.0,31.4,33.9,-2.4,-0.11,0,8,4,0,0,1,1,50,63,43,59.4,DEF,442248.0,exact,442248.0,2025-05-30,7000000.0,442248,1993-05-29,Jamaica,2027-06-30,194.0,left,31.59479808350445,29.894875164257556,15.76142084987672,998.2312659374165,Declining,False,True,False,False,False,JAM,CONCACAF,False,False,True,False,False,False
Marin Pongračić,hr CRO,DF,Fiorentina,it Serie A,26.0,1997.0,19,14,1292,14.4,0,0,0,0,0,0,3,1,0.2,0.2,0.2,0.4,7,34,5,0.0,0.03,2,1,50.0,0.14,0.07,0.0,0.0,17.7,0,0.09,-0.2,-0.2,691,775,89.2,13999,4692,0.3,-0.2,5,43,3,0,717,58,49,1,5,1,6,1,0,0,0,0,4,12,0.79,10,2,0,0,0,0,1,0.07,18,13,13,4,1,11,63.6,4,14,6,8,12,30,69,2,922,136,494,399,42,6,922,14,9,64.3,4,28.6,560,3544,1465,13,1,10,7,585,68,37.8,84.0,8,5,22.0,8,1.65,22,17,5,0.35,-0.24,15.6,19.4,-3.8,-0.25,1,26,7,0,0,0,1,73,25,11,69.4,DEF,282144.0,exact_accent_stripped,282144.0,2025-06-17,10000000.0,282144,1997-09-11,Croatia,2029-06-30,193.0,right,27.307323750855577,53.90932982917214,16.118095750958314,745.6899304340411,Peak,False,False,False,False,True,CRO,UEFA,False,False,False,False,False,True
Pedro Porro,es ESP,DF,Tottenham,eng Premier League,24.0,1999.0,33,28,2610,29.0,2,6,8,2,0,0,5,0,1.6,1.6,5.0,6.6,65,154,109,0.28,0.23,39,8,20.5,1.34,0.28,0.05,0.25,23.0,4,0.04,0.4,0.4,1385,1892,73.2,24256,9602,4.6,1.0,57,124,57,27,1530,355,53,4,16,196,249,53,4,44,0,7,75,108,3.72,72,23,3,5,4,1,8,0.28,66,49,34,22,10,77,57.1,33,44,17,27,36,102,84,2,2237,128,675,812,763,32,2237,40,14,35.0,24,60.0,1187,5444,2841,43,5,25,18,1291,79,76.3,89.0,24,5,26.0,5,1.12,54,47,7,0.24,1.13,48.6,50.2,-1.6,-0.05,0,25,33,1,0,0,0,152,12,23,34.3,DEF,553875.0,exact,553875.0,2025-05-30,38000000.0,553875,1999-09-13,Spain,2031-06-30,173.0,right,25.30321697467488,77.8909329829172,17.453096744006448,640.2527892674749,Developing,False,True,False,False,False,ESP,UEFA,False,False,False,False,False,True
Stefan Posch,at AUT,DF,Bologna,it Serie A,27.0,1997.0,14,7,714,7.9,0,0,0,0,0,0,1,0,0.3,0.3,0.7,1.0,11,36,35,0.0,0.13,2,0,0.0,0.25,0.0,0.0,,20.5,0,0.14,-0.3,-0.3,396,505,78.4,7784,2928,0.5,-0.7,10,40,11,7,406,97,23,0,4,18,74,0,0,0,0,2,12,18,2.26,14,3,0,0,1,0,1,0.13,26,15,12,9,5,25,60.0,10,19,4,15,5,31,22,0,602,33,186,290,133,13,602,11,3,27.3,8,72.7,295,1505,581,8,1,9,12,348,51,20.9,88.0,6,7,14.0,6,1.79,14,15,-1,-0.13,-0.49,10.1,9.8,0.3,0.03,0,16,17,1,0,0,0,43,13,8,61.9,DEF,223974.0,exact,223974.0,2025-06-17,8000000.0,223974,1997-05-14,Austria,2026-06-30,188.0,right,27.63586584531143,17.904073587385017,15.894952224644102,763.7410810200507,Peak,False,False,False,False,True,AUT,UEFA,False,False,False,False,False,True
Stefan Posch,at AUT,DF,Atalanta,it Serie A,27.0,1997.0,5,4,387,4.3,0,0,0,0,0,0,0,0,0.2,0.2,0.0,0.2,5,23,5,0.0,0.05,3,2,66.7,0.7,0.47,0.0,0.0,11.2,0,0.07,-0.2,-0.2,205,245,83.7,3257,1119,0.1,0.0,0,21,2,0,235,10,7,0,0,5,3,0,0,0,0,0,6,5,1.16,3,0,0,2,0,0,1,0.23,18,11,7,8,3,9,88.9,1,5,1,4,4,22,13,0,299,21,113,142,46,4,299,2,1,50.0,1,50.0,202,1298,728,7,0,3,5,199,77,11.3,86.0,3,1,45.0,0,1.6,10,3,7,1.63,0.62,6.8,5.3,1.5,0.35,0,11,0,0,0,0,0,22,4,6,40.0,DEF,223974.0,exact,223974.0,2025-06-17,8000000.0,223974,1997-05-14,Austria,2026-06-30,188.0,right,27.63586584531143,17.904073587385017,15.894952224644102,763.7410810200507,Peak,False,False,False,False,True,AUT,UEFA,False,False,False,False,False,True
Alexander Prass,at AUT,DF,Hoffenheim,de Bundesliga,23.0,2001.0,23,19,1566,17.4,0,1,1,0,0,0,1,0,0.9,0.9,2.8,3.6,28,63,66,0.06,0.21,12,1,8.3,0.69,0.06,0.0,0.0,18.6,1,0.07,-0.9,-0.9,704,969,72.7,11665,4086,2.8,-1.8,18,43,27,11,805,159,14,3,2,54,144,1,0,1,0,5,30,35,2.01,29,1,4,0,1,0,5,0.29,42,23,24,15,3,59,40.7,35,33,6,27,9,51,53,4,1199,71,351,531,325,32,1199,42,20,47.6,17,40.5,605,2773,1327,30,5,21,10,689,68,51.2,78.0,7,4,20.0,4,1.0,23,30,-7,-0.4,0.5,22.0,27.6,-5.6,-0.32,0,17,25,0,1,0,0,92,15,19,44.1,DEF,434116.0,exact,434116.0,2025-06-05,5000000.0,434116,2001-05-26,Austria,2028-06-30,180.0,left,23.603011635865844,41.9185282522996,15.424948670398354,557.1021582828184,Developing,True,False,False,False,False,AUT,UEFA,False,False,False,False,False,True
Tymoteusz Puchacz,pl POL,DF,Holstein Kiel,de Bundesliga,25.0,1999.0,10,5,396,4.4,0,1,1,0,0,0,0,0,0.1,0.1,0.6,0.7,13,8,30,0.23,0.16,4,1,25.0,0.91,0.23,0.0,0.0,21.6,0,0.02,-0.1,-0.1,137,195,70.3,2283,769,0.7,0.4,8,6,6,6,148,47,6,0,1,37,28,13,4,8,0,0,6,14,3.18,9,5,0,0,0,0,1,0.23,9,4,6,3,0,7,71.4,2,4,1,3,3,12,11,0,247,15,74,94,87,2,247,19,9,47.4,8,42.1,109,703,353,11,0,8,5,125,40,12.9,54.0,0,5,25.0,4,0.4,6,10,-4,-0.91,0.0,5.4,7.3,-1.8,-0.42,0,2,7,1,0,0,0,32,4,4,50.0,DEF,361575.0,exact,361575.0,2025-05-27,1500000.0,361575,1999-01-23,Poland,2026-06-30,183.0,left,25.94113620807666,17.904073587385017,14.220976332738882,672.9425477659859,Developing,True,False,False,False,False,POL,UEFA,False,False,False,False,False,True
Jarell Quansah,eng ENG,DF,Liverpool,eng Premier League,21.0,2003.0,13,4,495,5.5,0,0,0,0,0,0,2,0,0.1,0.1,0.1,0.2,3,19,4,0.0,0.04,1,0,0.0,0.18,0.0,0.0,,8.9,0,0.1,-0.1,-0.1,356,392,90.8,6327,2038,0.2,-0.1,2,22,1,0,360,32,10,0,1,2,12,0,0,0,0,0,2,3,0.55,3,0,0,0,0,0,0,0.0,12,8,8,4,0,10,70.0,3,10,7,3,7,19,28,1,464,80,245,189,30,6,464,3,1,33.3,2,66.7,268,1421,709,4,1,5,2,321,38,14.5,79.0,3,9,20.0,25,2.08,13,12,1,0.18,-1.17,10.3,10.3,0.0,-0.01,0,9,1,0,0,1,1,19,7,10,41.2,DEF,632349.0,exact,632349.0,2025-05-30,20000000.0,632349,2003-01-29,England,2030-06-30,190.0,right,21.924709103353866,65.90013140604468,16.811242881518265,480.69286926668786,Emerging,False,True,False,False,False,ENG,UEFA,False,False,False,False,False,True
Leopold Querfeld,at AUT,DF,Union Berlin,de Bundesliga,20.0,2003.0,27,17,1747,19.4,2,2,4,2,0,0,8,0,1.1,1.1,1.0,2.2,3,49,5,0.21,0.11,16,4,25.0,0.82,0.21,0.13,0.5,14.1,0,0.07,0.9,0.9,648,802,80.8,13517,5754,1.2,1.0,10,53,5,0,749,48,30,1,12,0,1,0,0,0,0,5,6,26,1.34,24,0,0,1,1,0,2,0.1,25,12,21,4,0,18,72.2,5,25,10,15,19,44,144,2,1066,176,562,457,54,34,1066,9,3,33.3,5,55.6,531,2479,1336,2,0,5,2,574,65,57.1,87.0,14,10,26.0,6,1.19,22,35,-13,-0.67,-0.46,19.8,28.4,-8.6,-0.44,0,20,13,0,0,1,0,66,65,54,54.6,DEF,597432.0,exact,597432.0,2025-06-05,13000000.0,597432,2003-12-20,Austria,,190.0,right,21.034907597535934,,16.380459992348886,442.46733763687496,Emerging,True,False,False,False,False,AUT,UEFA,False,False,False,False,False,True
Antonio Raillo,es ESP,DF,Mallorca,es La Liga,32.0,1991.0,36,36,3207,35.6,2,0,2,2,0,0,7,1,2.0,2.0,1.6,3.7,31,108,20,0.06,0.1,35,8,22.9,0.98,0.22,0.06,0.25,12.8,0,0.06,0.0,0.0,1572,1773,88.7,29700,10641,1.0,-1.6,13,86,6,0,1613,157,67,1,4,3,2,0,0,0,0,3,10,27,0.76,23,2,0,2,0,0,1,0.03,31,18,18,10,3,20,70.0,6,51,38,13,29,60,222,1,2185,376,1140,909,142,66,2185,3,2,66.7,1,33.3,1108,6230,3707,16,0,7,6,1282,89,93.8,89.0,34,0,,0,1.25,31,38,-7,-0.2,0.65,36.2,43.8,-7.5,-0.21,0,50,9,2,0,0,0,104,132,84,61.1,DEF,278296.0,exact_accent_stripped,278296.0,2025-06-09,1800000.0,278296,1991-10-08,Spain,2027-06-30,187.0,right,33.23477070499658,29.894875164257556,14.403297778421795,1104.5499838136986,Declining,False,False,True,False,False,ESP,UEFA,False,False,False,False,False,True
Benito Ramírez,es ESP,"DF,FW",Las Palmas,es La Liga,29.0,1995.0,19,2,478,5.3,0,0,0,0,0,0,2,1,0.3,0.3,0.9,1.2,14,16,62,0.0,0.22,10,1,10.0,1.88,0.19,0.0,0.0,22.7,1,0.03,-0.3,-0.3,259,326,79.4,4000,1078,1.0,-0.9,13,11,8,6,278,47,8,0,0,39,34,5,0,4,0,1,13,28,5.29,21,3,0,2,2,0,0,0.0,10,5,4,6,0,16,56.3,7,8,3,5,1,11,14,1,406,16,87,169,155,9,406,15,3,20.0,9,60.0,211,1179,580,20,1,10,6,251,25,14.0,61.0,0,17,21.0,10,0.84,7,8,-1,-0.19,0.42,6.4,10.5,-4.2,-0.79,0,5,8,0,0,0,0,32,4,11,26.7,DEF,282672.0,exact,282672.0,2024-06-07,600000.0,282672,1995-07-11,Spain,2026-06-30,179.0,left,29.478439425051334,17.904073587385017,13.304686600863562,868.9783909364209,Peak,False,False,True,False,False,ESP,UEFA,False,False,False,False,False,True
Luca Ranieri,it ITA,DF,Fiorentina,it Serie A,25.0,1999.0,35,34,2981,33.1,0,3,3,0,0,0,7,0,1.1,1.1,1.7,2.7,25,80,11,0.09,0.08,10,4,40.0,0.3,0.12,0.0,0.0,16.2,0,0.11,-0.1,-0.1,1538,1800,85.4,28999,10523,1.4,1.3,16,84,11,5,1669,116,77,0,8,9,8,0,0,0,0,15,14,28,0.82,24,0,2,2,0,0,6,0.18,42,24,28,12,2,25,80.0,5,47,32,15,27,69,154,1,2124,271,1078,979,81,16,2124,19,9,47.4,9,47.4,1234,5928,3027,19,2,10,3,1404,85,87.2,86.0,27,1,45.0,0,1.69,55,36,19,0.57,0.57,45.8,37.1,8.7,0.26,0,24,22,1,0,1,0,95,48,56,46.2,DEF,346561.0,exact,346561.0,2025-06-17,12000000.0,346561,1999-04-23,Italy,2028-06-30,187.0,left,25.694729637234772,41.9185282522996,16.300417291085605,660.219131130591,Developing,False,False,False,False,True,ITA,UEFA,False,False,False,False,False,True
Lilian Raolisoa,fr FRA,"DF,FW",Angers,fr Ligue 1,24.0,2000.0,29,14,1318,14.6,0,3,3,0,0,0,1,2,0.7,0.7,2.0,2.7,33,47,62,0.2,0.18,14,1,7.1,0.96,0.07,0.0,0.0,23.2,1,0.05,-0.7,-0.7,392,564,69.5,6526,2904,1.7,1.0,14,31,16,8,457,102,19,4,3,77,61,22,5,11,1,5,19,32,2.19,22,8,2,0,0,0,4,0.27,41,24,24,13,4,38,44.7,21,11,2,9,15,56,45,0,751,47,228,281,259,19,751,53,23,43.4,29,54.7,404,2393,1246,31,3,21,16,435,45,43.1,72.0,4,15,21.0,1,1.0,15,24,-9,-0.61,0.01,15.3,28.3,-13.0,-0.89,0,16,9,3,0,1,0,76,15,11,57.7,DEF,829874.0,exact,829874.0,2025-06-03,800000.0,829874,2000-06-16,France,2028-06-30,178.0,right,24.54483230663929,41.9185282522996,13.592368256649284,602.4487929610438,Developing,False,False,False,True,False,FRA,UEFA,False,False,False,False,False,True
Andrei Ratiu,ro ROU,DF,Rayo Vallecano,es La Liga,26.0,1998.0,35,34,3065,34.1,2,3,5,2,0,0,5,0,1.8,1.8,5.7,7.5,122,145,167,0.15,0.22,31,7,22.6,0.91,0.21,0.06,0.29,19.1,0,0.06,0.2,0.2,1435,1759,81.6,21787,7420,3.9,-2.7,36,105,23,11,1449,302,10,3,2,77,292,0,0,0,0,8,56,91,2.67,68,5,8,6,2,2,5,0.15,71,41,40,21,10,70,60.0,28,45,5,40,27,98,73,2,2193,85,590,936,697,71,2193,147,76,51.7,63,42.9,1190,7492,3780,87,31,69,49,1365,88,89.6,89.0,31,1,34.0,1,1.37,37,41,-4,-0.12,-0.12,42.1,44.2,-2.1,-0.06,0,24,21,5,0,0,0,169,20,33,37.7,DEF,527966.0,exact_accent_stripped,527966.0,2025-06-09,12000000.0,527966,1998-06-20,Romania,2030-06-30,183.0,right,26.535249828884325,65.90013140604468,16.300417291085605,704.1194834813056,Peak,False,False,True,False,False,ROU,UEFA,False,False,False,False,False,True
David Raum,de GER,DF,RB Leipzig,de Bundesliga,26.0,1998.0,22,21,1783,19.8,1,5,6,1,0,0,5,0,0.5,0.5,6.5,6.9,36,71,127,0.3,0.35,9,4,44.4,0.45,0.2,0.11,0.25,17.9,3,0.05,0.5,0.5,841,1212,69.4,14506,6549,7.4,-1.5,48,55,21,13,925,281,46,1,5,188,177,58,27,24,0,6,32,73,3.68,42,26,2,1,0,2,7,0.35,38,28,16,14,8,35,57.1,15,25,8,17,9,47,47,4,1389,58,375,531,497,56,1389,28,11,39.3,13,46.4,593,2580,1421,21,4,16,9,787,81,58.3,84.0,15,1,9.0,1,1.43,33,26,7,0.35,0.49,27.2,29.7,-2.5,-0.12,0,23,10,6,0,0,0,92,13,20,39.4,DEF,318204.0,exact,318204.0,2025-06-05,20000000.0,318204,1998-04-22,Germany,2027-06-30,181.0,left,26.69678302532512,29.894875164257556,16.811242881518265,712.7182239012875,Peak,True,False,False,False,False,GER,UEFA,False,False,False,False,False,True
Devyne Rensch,nl NED,DF,Roma,it Serie A,21.0,2003.0,14,5,469,5.2,0,1,1,0,0,0,0,0,0.3,0.3,0.8,1.0,2,14,25,0.19,0.2,3,2,66.7,0.58,0.38,0.0,0.0,13.6,0,0.09,-0.3,-0.3,213,260,81.9,3089,957,0.8,0.2,2,14,4,2,231,29,4,0,1,11,25,0,0,0,0,0,4,14,2.69,8,1,0,2,3,0,1,0.19,17,13,8,8,1,10,90.0,1,5,3,2,7,24,12,1,319,17,86,157,76,8,319,3,0,0.0,1,33.3,161,564,226,6,1,5,2,203,34,13.7,72.0,1,9,12.0,1,2.5,8,3,5,0.96,0.47,7.3,6.4,0.9,0.17,0,1,7,1,0,0,0,13,10,7,58.8,DEF,557407.0,exact,557407.0,2025-06-17,10000000.0,557407,2003-01-18,Netherlands,2029-06-30,181.0,right,21.95482546201232,53.90932982917214,16.118095750958314,482.0143610674245,Emerging,False,False,False,False,True,NED,UEFA,False,False,False,False,False,True
Chris Richards,us USA,DF,Crystal Palace,eng Premier League,24.0,2000.0,24,22,1922,21.4,1,0,1,1,0,0,4,1,1.4,1.4,0.1,1.5,6,39,2,0.05,0.07,12,6,50.0,0.56,0.28,0.08,0.17,10.8,0,0.12,-0.4,-0.4,684,857,79.8,12185,4230,0.6,-0.1,2,23,1,1,818,37,18,2,5,5,17,0,0,0,0,2,13,9,0.42,5,0,0,2,1,1,2,0.09,47,30,24,17,6,41,58.5,17,40,14,26,19,66,121,0,1118,134,611,439,74,19,1118,6,1,16.7,5,83.3,517,2316,964,5,0,5,5,614,80,56.2,87.0,18,2,6.0,5,1.54,30,31,-1,-0.05,-0.11,37.9,29.1,8.8,0.41,1,11,5,1,1,0,0,51,48,41,53.9,DEF,578539.0,exact,578539.0,2025-05-30,14000000.0,578539,2000-03-28,United States,2027-06-30,189.0,right,24.763860369609855,29.894875164257556,16.454567959008102,613.2487804055336,Developing,False,True,False,False,False,USA,CONCACAF,False,False,True,False,False,False
Diego Rico,es ESP,DF,Getafe,es La Liga,31.0,1993.0,33,32,2819,31.3,0,3,3,0,0,0,9,1,0.4,0.4,2.7,3.1,27,136,84,0.1,0.1,16,3,18.8,0.51,0.1,0.0,0.0,31.1,1,0.02,-0.4,-0.4,1058,1564,67.6,19166,10727,3.4,0.3,36,114,46,29,1097,455,44,0,9,148,399,12,0,12,0,12,44,75,2.39,48,22,1,2,2,0,8,0.26,81,49,47,29,5,85,55.3,38,41,3,38,34,115,102,2,1929,78,532,901,516,11,1929,14,6,42.9,6,42.9,694,2551,1235,30,3,48,13,772,85,82.4,88.0,30,1,4.0,1,1.18,32,30,2,0.06,1.11,31.2,36.6,-5.3,-0.17,0,38,56,3,1,0,0,132,26,19,57.8,DEF,249513.0,exact,249513.0,2025-06-09,1200000.0,249513,1993-02-23,Spain,2026-06-30,183.0,left,31.854893908281998,17.904073587385017,13.997832948091215,1014.7342659079015,Declining,False,False,True,False,False,ESP,UEFA,False,False,False,False,False,True
Mihailo Ristić,rs SRB,"DF,MF",Celta Vigo,es La Liga,28.0,1995.0,10,6,429,4.8,0,1,1,0,0,0,1,0,0.0,0.0,0.2,0.2,8,10,11,0.21,0.05,2,0,0.0,0.42,0.0,0.0,,26.1,0,0.01,0.0,0.0,191,246,77.6,3446,915,0.1,0.8,4,10,2,1,186,60,7,0,0,13,46,7,3,3,1,0,9,10,2.1,6,3,0,1,0,0,1,0.21,7,7,4,2,1,6,66.7,2,1,0,1,2,9,18,0,302,16,102,130,73,0,302,13,2,15.4,10,76.9,153,818,329,2,0,7,4,179,43,12.5,64.0,0,4,11.0,17,1.8,7,5,2,0.42,0.42,6.2,5.0,1.2,0.26,0,8,2,0,0,0,0,17,3,9,25.0,DEF,271455.0,exact_accent_stripped,271455.0,2025-06-09,900000.0,271455,1995-10-31,Serbia,2026-06-30,180.0,left,29.17180013689254,17.904073587385017,13.710151153416941,850.9939232268035,Peak,False,False,True,False,False,SRB,UEFA,False,False,False,False,False,True
Lars Ritzka,de GER,"DF,MF",St. Pauli,de Bundesliga,26.0,1998.0,21,11,922,10.2,1,0,1,1,0,0,1,0,0.4,0.4,0.2,0.6,8,21,34,0.1,0.06,8,1,12.5,0.78,0.1,0.13,1.0,25.0,0,0.06,0.6,0.6,304,425,71.5,5109,1802,0.3,-0.2,5,25,5,2,351,73,5,0,1,19,63,1,0,0,0,1,18,12,1.17,11,0,0,0,1,0,0,0.0,49,29,28,16,5,41,61.0,16,16,2,14,11,60,41,0,567,40,215,244,109,6,567,1,0,0.0,1,100.0,161,640,387,6,0,6,4,263,44,30.1,67.0,1,10,19.0,8,0.9,8,11,-3,-0.29,0.13,9.4,11.6,-2.2,-0.21,0,10,6,1,0,0,0,35,7,22,24.1,DEF,333903.0,exact,333903.0,2025-06-05,1000000.0,333903,1998-05-07,Germany,,185.0,left,26.65571526351814,,13.815511557963774,710.5271562097539,Peak,True,False,False,False,False,GER,UEFA,False,False,False,False,False,True
Andrew Robertson,sct SCO,DF,Liverpool,eng Premier League,30.0,1994.0,33,29,2482,27.6,0,1,1,0,0,0,3,1,1.2,1.2,4.6,5.8,64,176,108,0.04,0.21,15,2,13.3,0.54,0.07,0.0,0.0,14.9,0,0.08,-1.2,-1.2,1559,1885,82.7,26310,8407,4.3,-3.6,40,150,31,17,1579,300,50,4,6,147,191,59,41,11,0,6,35,80,2.9,68,9,1,1,0,1,4,0.14,39,22,25,10,4,51,60.8,20,10,4,6,21,60,54,2,2084,92,539,940,620,53,2084,18,7,38.9,10,55.6,1107,4941,2848,52,6,25,13,1399,75,72.6,82.0,16,4,29.0,5,2.27,70,31,39,1.41,0.84,61.0,27.3,33.7,1.22,0,11,8,3,0,1,1,105,7,14,33.3,DEF,234803.0,exact,234803.0,2025-05-30,18000000.0,234803,1994-03-11,Scotland,2026-06-30,178.0,left,30.811772758384667,17.904073587385017,16.705882371415992,949.3653405143355,Declining,False,True,False,False,False,SCO,UEFA,False,False,False,False,False,True
Antonee Robinson,us USA,DF,Fulham,eng Premier League,26.0,1997.0,36,35,3167,35.2,0,10,10,0,0,0,8,0,0.7,0.7,4.2,4.9,118,131,274,0.28,0.14,16,2,12.5,0.45,0.06,0.0,0.0,22.1,0,0.04,-0.7,-0.7,1595,2076,76.8,27385,10017,4.1,5.8,43,115,56,29,1781,289,17,1,5,170,272,0,0,0,0,6,47,80,2.27,74,1,2,2,0,1,11,0.31,95,61,57,31,7,95,47.4,50,43,9,34,62,157,133,2,2523,139,828,942,788,70,2523,83,38,45.8,34,41.0,1343,7361,4230,61,30,44,20,1509,88,92.6,90.0,34,1,19.0,0,1.42,49,49,0,0.0,0.0,44.8,44.3,0.4,0.01,0,31,20,7,0,0,0,157,50,26,65.8,DEF,349701.0,exact,349701.0,2025-05-30,35000000.0,349701,1997-08-08,United States,2028-06-30,183.0,left,27.40041067761807,41.9185282522996,17.370858648025116,750.7825053021263,Peak,False,True,False,False,False,USA,CONCACAF,False,False,True,False,False,False
Javi Rodríguez,es ESP,DF,Celta Vigo,es La Liga,21.0,2003.0,36,26,2514,27.9,3,2,5,3,0,0,7,0,2.3,2.3,1.0,3.3,29,114,51,0.18,0.12,12,5,41.7,0.43,0.18,0.25,0.6,10.8,0,0.2,0.7,0.7,1488,1716,86.7,26876,8180,1.0,1.0,13,110,10,1,1607,109,35,2,9,4,74,0,0,0,0,0,18,35,1.25,29,0,2,1,3,0,3,0.11,53,38,35,17,1,47,70.2,14,29,10,19,33,86,96,2,1994,121,709,1072,217,23,1994,22,10,45.5,9,40.9,1187,5254,2820,27,1,22,5,1411,70,73.5,85.0,20,10,29.0,1,1.53,44,40,4,0.14,0.34,39.4,31.3,8.1,0.29,0,37,22,0,0,0,0,87,40,35,53.3,DEF,1076815.0,exact,1076815.0,2025-06-09,15000000.0,1076815,2003-06-27,Spain,2028-06-30,183.0,right,21.516769336071185,41.9185282522996,16.52356082573315,462.9713626616932,Emerging,False,False,True,False,False,ESP,UEFA,False,False,False,False,False,True
Ricardo Rodríguez,ch SUI,DF,Betis,es La Liga,31.0,1992.0,18,15,1274,14.2,0,1,1,0,0,0,0,0,0.2,0.2,0.4,0.6,19,63,32,0.07,0.04,5,1,20.0,0.35,0.07,0.0,0.0,26.3,2,0.04,-0.2,-0.2,610,744,82.0,9246,3362,0.6,0.6,7,50,8,5,611,130,17,0,3,15,113,0,0,0,0,3,8,27,1.91,23,1,0,2,0,1,2,0.14,28,15,16,5,7,26,65.4,9,10,1,9,8,36,51,0,866,39,253,437,181,7,866,7,4,57.1,3,42.9,434,2005,1105,23,1,4,3,498,71,37.3,79.0,9,3,30.0,17,1.83,21,16,5,0.35,0.27,20.5,14.6,5.9,0.42,0,12,6,0,0,0,0,55,27,17,61.4,DEF,86784.0,exact,86784.0,2025-06-09,2000000.0,86784,1992-08-25,Switzerland,2026-06-30,182.0,left,32.35318275154004,17.904073587385017,14.508658238524095,1046.7284341545478,Declining,False,False,True,False,False,SUI,UEFA,False,False,False,False,False,True
Mads Roerslev,dk DEN,DF,Brentford,eng Premier League,25.0,1999.0,19,11,1101,12.2,0,2,2,0,0,0,2,0,0.2,0.2,3.0,3.2,17,51,54,0.16,0.26,5,2,40.0,0.41,0.16,0.0,0.0,20.8,0,0.04,-0.2,-0.2,422,536,78.7,6925,2249,2.1,-1.0,14,37,11,4,471,63,2,0,1,31,61,0,0,0,0,2,11,21,1.72,18,0,1,1,1,0,2,0.16,18,8,14,3,1,28,39.3,17,12,5,7,4,22,35,0,645,49,234,268,146,20,645,19,7,36.8,8,42.1,352,1630,858,13,0,9,6,406,58,32.2,88.0,9,8,16.0,4,1.21,19,20,-1,-0.08,-0.47,20.1,21.1,-1.0,-0.08,0,6,10,0,0,0,0,39,10,14,41.7,DEF,391005.0,exact,391005.0,2025-06-05,6000000.0,391005,1999-06-24,Denmark,2029-06-30,184.0,right,25.52498288843258,53.90932982917214,15.607270193858982,651.5247514547759,Developing,False,True,False,False,False,DEN,UEFA,False,False,False,False,False,True
Mads Roerslev,dk DEN,DF,Wolfsburg,de Bundesliga,25.0,1999.0,7,2,298,3.3,0,0,0,0,0,0,0,0,0.0,0.0,0.0,0.0,7,13,18,0.0,0.01,0,0,,0.0,0.0,,,,0,,0.0,0.0,146,174,83.9,2541,750,0.2,0.0,1,11,1,1,148,26,2,0,0,7,24,0,0,0,0,0,6,6,1.81,5,0,0,0,1,0,2,0.6,10,9,8,1,1,9,66.7,3,2,2,0,5,15,16,0,215,17,78,92,47,2,215,6,2,33.3,4,66.7,102,508,255,5,1,2,6,129,43,9.7,74.0,1,5,30.0,4,1.43,6,5,1,0.3,0.27,5.2,4.6,0.6,0.18,0,2,3,0,0,0,0,8,2,7,22.2,DEF,391005.0,exact,391005.0,2025-06-05,6000000.0,391005,1999-06-24,Denmark,2029-06-30,184.0,right,25.52498288843258,53.90932982917214,15.607270193858982,651.5247514547759,Developing,True,False,False,False,False,DEN,UEFA,False,False,False,False,False,True
Alessio Romagnoli,it ITA,DF,Lazio,it Serie A,29.0,1995.0,32,31,2672,29.7,2,0,2,2,0,0,4,2,2.4,2.4,0.3,2.6,8,90,4,0.07,0.09,20,7,35.0,0.67,0.24,0.1,0.29,9.8,0,0.12,-0.4,-0.4,1624,1770,91.8,27954,9785,0.3,-0.3,9,107,5,0,1609,156,58,1,0,0,11,0,0,0,0,5,7,27,0.91,25,0,0,2,0,0,1,0.03,48,29,20,26,2,27,81.5,5,33,17,16,26,74,118,1,2042,270,923,1045,83,41,2042,3,1,33.3,2,66.7,1064,4251,1826,6,0,6,1,1371,84,78.1,85.0,27,1,25.0,2,1.66,42,38,4,0.13,-0.83,44.2,27.2,17.0,0.57,0,29,14,2,0,0,0,96,84,47,64.1,DEF,197747.0,exact,197747.0,2025-06-17,7000000.0,197747,1995-01-12,Italy,2027-06-30,185.0,left,29.971252566735114,29.894875164257556,15.76142084987672,898.2759804190262,Peak,False,False,False,False,True,ITA,UEFA,False,False,False,False,False,True
Carlos Romero,es ESP,DF,Espanyol,es La Liga,22.0,2001.0,34,28,2554,28.4,2,1,3,2,0,0,7,0,2.0,2.0,2.1,4.2,50,64,113,0.11,0.15,29,6,20.7,1.02,0.21,0.07,0.33,20.8,1,0.07,0.0,0.0,719,1007,71.4,11960,4409,2.4,-1.1,29,47,26,12,809,195,20,1,5,92,154,21,5,6,0,3,34,62,2.18,42,12,6,1,1,0,4,0.14,73,47,49,16,8,82,54.9,37,50,15,35,30,103,102,1,1366,114,488,490,412,29,1366,52,22,42.3,23,44.2,593,3815,2099,35,12,33,13,656,75,74.7,84.0,19,6,32.0,2,1.12,29,39,-10,-0.35,-0.25,25.4,41.2,-15.8,-0.56,0,34,21,1,0,2,0,125,14,24,36.8,DEF,709372.0,exact,709372.0,2025-06-09,5000000.0,709372,2001-10-29,Spain,2026-06-30,174.0,left,23.175906913073238,17.904073587385017,15.424948670398354,537.1226612434359,Developing,False,False,True,False,False,ESP,UEFA,False,False,False,False,False,True
Cristian Romero,ar ARG,DF,Tottenham,eng Premier League,26.0,1998.0,18,18,1416,15.7,1,0,1,1,0,0,3,0,1.6,1.6,0.6,2.2,12,71,3,0.06,0.14,16,8,50.0,1.02,0.51,0.06,0.13,9.1,0,0.1,-0.6,-0.6,1094,1223,89.5,20402,8197,0.8,-0.6,7,109,8,1,1120,101,80,4,2,3,7,0,0,0,0,2,7,20,1.27,16,0,0,4,0,0,4,0.25,35,29,26,8,1,30,70.0,9,18,3,15,21,56,57,2,1377,157,594,720,74,23,1377,4,1,25.0,2,50.0,896,4702,2893,18,0,10,5,936,79,41.4,79.0,13,0,,3,1.11,27,22,5,0.32,0.59,27.0,19.1,7.9,0.5,0,14,12,2,0,0,0,90,41,27,60.3,DEF,355915.0,exact,355915.0,2025-05-30,50000000.0,355915,1998-04-27,Argentina,2029-06-30,185.0,right,26.68309377138946,53.90932982917214,17.72753358339242,711.987493212763,Peak,False,True,False,False,False,ARG,CONMEBOL,False,False,False,True,False,False
Lasse Rosenboom,de GER,DF,Holstein Kiel,de Bundesliga,22.0,2002.0,26,21,1734,19.3,2,2,4,2,0,0,3,0,1.9,1.9,1.1,3.0,19,34,50,0.21,0.16,12,5,41.7,0.62,0.26,0.17,0.4,12.7,0,0.16,0.1,0.1,329,505,65.1,6079,2248,1.2,0.9,14,36,8,4,412,90,4,1,1,18,86,0,0,0,0,3,22,25,1.3,22,0,0,2,1,0,3,0.16,47,35,25,16,6,47,68.1,15,28,9,19,19,66,71,3,780,77,324,292,170,36,780,19,7,36.8,11,57.9,284,1432,565,13,3,36,13,335,67,56.7,77.0,12,5,25.0,8,0.88,29,44,-15,-0.78,0.31,20.6,33.9,-13.3,-0.69,0,19,12,0,0,0,0,57,30,39,43.5,DEF,512352.0,exact,512352.0,2025-06-05,1500000.0,512352,2002-01-19,Germany,,190.0,right,22.951403148528406,,14.220976332738882,526.7669064862796,Developing,True,False,False,False,False,GER,UEFA,False,False,False,False,False,True
Max Rosenfelder,de GER,DF,Freiburg,de Bundesliga,21.0,2003.0,25,13,1249,13.9,1,0,1,1,0,0,2,0,0.4,0.4,0.7,1.0,24,29,18,0.07,0.08,5,1,20.0,0.36,0.07,0.2,1.0,12.3,0,0.08,0.6,0.6,576,675,85.3,9763,2723,0.2,-0.7,5,23,4,0,622,51,11,0,0,9,30,0,0,0,0,2,18,15,1.08,10,0,3,0,1,1,1,0.07,27,17,17,10,0,19,73.7,5,17,9,8,7,34,65,0,826,94,367,394,74,11,826,25,14,56.0,10,40.0,445,2701,1477,13,4,5,2,515,50,40.8,80.0,7,12,18.0,2,1.6,20,28,-8,-0.58,-0.78,18.6,16.2,2.3,0.17,0,9,14,1,0,2,0,60,12,22,35.3,DEF,599419.0,exact,599419.0,2025-06-05,8000000.0,599419,2003-02-10,Germany,,186.0,right,21.89185489390828,,15.894952224644102,479.25331069593597,Emerging,True,False,False,False,False,GER,UEFA,False,False,False,False,False,True
Valentin Rosier,fr FRA,DF,Leganés,es La Liga,27.0,1996.0,32,28,2595,28.8,1,2,3,1,0,0,8,0,0.9,0.9,1.1,2.0,41,74,89,0.1,0.07,14,4,28.6,0.49,0.14,0.07,0.25,18.7,0,0.06,0.1,0.1,956,1206,79.3,14806,5646,1.3,0.9,11,72,17,4,977,224,17,0,2,39,207,0,0,0,0,5,27,35,1.21,24,4,3,4,0,0,6,0.21,72,52,48,16,8,68,63.2,25,40,15,25,52,124,149,2,1615,149,630,706,298,28,1615,45,23,51.1,19,42.2,746,3787,2057,31,7,31,21,802,81,75.9,89.0,27,4,26.0,2,0.75,24,45,-21,-0.73,-1.16,26.6,46.4,-19.8,-0.69,0,44,18,8,0,0,0,121,26,17,60.5,DEF,441170.0,exact,441170.0,2025-06-09,3000000.0,441170,1996-08-19,France,2028-06-30,175.0,right,28.369609856262834,41.9185282522996,14.914123179965662,804.8347633965653,Peak,False,False,True,False,False,FRA,UEFA,False,False,False,False,False,True
Tom Rothe,de GER,"DF,MF",Union Berlin,de Bundesliga,19.0,2004.0,26,19,1670,18.6,3,3,6,3,0,0,4,1,1.8,1.8,1.3,3.1,25,50,91,0.32,0.17,23,9,39.1,1.24,0.49,0.13,0.33,11.7,0,0.08,1.2,1.2,547,803,68.1,8464,3573,1.5,1.7,12,34,15,8,618,182,5,1,4,46,177,0,0,0,0,3,36,35,1.89,24,5,0,3,3,0,7,0.38,45,28,27,15,3,51,56.9,22,41,5,36,18,63,57,1,1074,65,324,411,342,38,1074,20,5,25.0,15,75.0,456,2080,889,11,3,23,31,522,64,54.6,79.0,10,7,25.0,4,1.08,24,34,-10,-0.54,-0.15,21.7,27.6,-5.9,-0.32,0,25,11,2,1,0,0,77,43,44,49.4,DEF,798043.0,exact,798043.0,2025-06-05,10000000.0,798043,2004-10-29,Germany,,193.0,left,20.175222450376456,,16.118095750958314,407.03960092217415,Emerging,True,False,False,False,False,GER,UEFA,False,False,False,False,False,True
Anthony Rouault,fr FRA,DF,Rennes,fr Ligue 1,23.0,2001.0,11,11,972,10.8,0,0,0,0,0,0,3,0,0.5,0.5,0.0,0.5,3,36,0,0.0,0.05,7,3,42.9,0.65,0.28,0.0,0.0,11.0,0,0.07,-0.5,-0.5,623,680,91.6,12133,4445,0.2,0.0,1,39,2,0,651,28,18,0,1,0,0,0,0,0,0,1,7,10,0.93,9,0,0,0,0,1,0,0.0,12,8,10,2,0,4,100.0,0,13,11,2,8,20,65,0,786,119,369,399,19,9,786,0,0,,0,,485,2277,1306,2,0,1,2,557,88,31.8,88.0,10,0,,0,1.36,20,18,2,0.19,0.23,16.5,16.4,0.1,0.01,0,7,1,1,0,0,0,48,28,15,65.1,DEF,690799.0,exact,690799.0,2025-06-03,10000000.0,690799,2001-05-29,France,2029-06-30,186.0,right,23.59479808350445,53.90932982917214,16.118095750958314,556.7144966013453,Developing,False,False,False,True,False,FRA,UEFA,False,False,False,False,False,True
Anthony Rouault,fr FRA,DF,Stuttgart,de Bundesliga,23.0,2001.0,18,14,1212,13.5,1,0,1,1,0,0,1,0,0.5,0.5,0.3,0.8,6,52,4,0.07,0.06,5,1,20.0,0.37,0.07,0.2,1.0,6.5,0,0.1,0.5,0.5,787,874,90.0,14146,5635,0.5,-0.3,6,49,1,0,843,30,18,1,0,1,3,0,0,0,0,1,3,11,0.82,9,0,0,0,1,1,0,0.0,15,11,10,3,2,15,66.7,5,18,9,9,19,34,63,1,1014,125,512,476,33,11,1014,5,2,40.0,3,60.0,573,2545,1121,6,0,4,4,697,67,39.6,81.0,9,4,20.0,0,1.72,21,20,1,0.07,-0.41,23.3,17.7,5.6,0.42,0,18,8,0,0,0,0,63,33,21,61.1,DEF,690799.0,exact,690799.0,2025-06-03,10000000.0,690799,2001-05-29,France,2029-06-30,186.0,right,23.59479808350445,53.90932982917214,16.118095750958314,556.7144966013453,Developing,True,False,False,False,False,FRA,UEFA,False,False,False,False,False,True
Amir Rrahmani,xk KVX,DF,Napoli,it Serie A,30.0,1994.0,38,38,3406,37.8,1,3,4,1,0,0,2,0,2.9,2.9,1.1,4.0,30,188,2,0.11,0.11,28,3,10.7,0.74,0.08,0.04,0.33,9.2,0,0.1,-1.9,-1.9,2531,2781,91.0,49903,17211,0.7,1.9,11,202,9,0,2636,144,101,2,15,1,10,0,0,0,0,1,11,42,1.11,35,2,0,5,0,0,4,0.11,39,31,19,19,1,25,64.0,9,43,26,17,27,66,179,2,3152,268,1355,1687,118,34,3152,6,4,66.7,2,33.3,1859,8924,5052,19,0,9,6,2254,90,99.6,90.0,37,0,,0,2.16,59,27,32,0.85,0.85,52.5,29.4,23.1,0.61,0,42,16,0,0,0,1,135,124,55,69.3,DEF,257732.0,exact,257732.0,2025-06-17,12000000.0,257732,1994-02-24,Kosovo,2027-06-30,192.0,right,30.85284052019165,29.894875164257556,16.300417291085605,951.8977681643796,Declining,False,False,False,False,True,KVX,UEFA,False,False,False,False,False,True
Antonio Rüdiger,de GER,DF,Real Madrid,es La Liga,31.0,1993.0,29,26,2291,25.5,0,0,0,0,0,0,3,0,1.7,1.7,0.5,2.3,20,94,4,0.0,0.09,24,4,16.7,0.94,0.16,0.0,0.0,18.0,0,0.07,-1.7,-1.7,1706,1858,91.8,32076,10610,0.9,-0.5,7,117,6,1,1780,72,48,3,18,4,9,0,0,0,0,6,5,28,1.1,19,0,0,6,3,0,2,0.08,20,13,14,6,0,15,73.3,4,22,14,8,9,29,96,1,2069,233,969,1016,94,23,2069,7,3,42.9,2,28.6,1373,6532,4120,26,2,7,2,1584,79,67.0,87.0,24,3,14.0,1,2.21,54,25,29,1.14,0.26,48.1,26.5,21.6,0.85,0,15,15,2,2,1,0,102,35,24,59.3,DEF,86202.0,exact,86202.0,2025-06-09,20000000.0,86202,1993-03-03,Germany,2027-06-30,190.0,right,31.83299110198494,29.894875164257556,16.811242881518265,1013.3393224990524,Declining,False,False,True,False,False,GER,UEFA,False,False,False,False,False,True
Matteo Ruggeri,it ITA,DF,Atalanta,it Serie A,22.0,2002.0,30,19,1751,19.5,0,3,3,0,0,0,2,0,0.2,0.2,2.0,2.2,60,114,104,0.15,0.11,3,2,66.7,0.15,0.1,0.0,0.0,20.4,0,0.08,-0.2,-0.2,1107,1315,84.2,17350,4754,1.8,1.0,24,67,24,21,1167,145,13,0,2,82,126,6,0,3,0,3,25,39,2.0,35,1,1,2,0,0,4,0.21,39,24,15,14,10,39,64.1,14,30,4,26,22,61,50,1,1479,50,384,634,471,13,1479,11,6,54.5,4,36.4,785,3979,2046,34,0,13,4,973,58,51.2,80.0,11,11,22.0,6,2.0,38,22,16,0.82,-0.53,29.8,20.4,9.5,0.49,0,12,5,2,0,0,0,124,23,15,60.5,DEF,616631.0,exact,616631.0,2025-06-17,16000000.0,616631,2002-07-11,Italy,2030-06-30,187.0,left,22.477754962354553,65.90013140604468,16.588099342704055,505.24946814765474,Developing,False,False,False,False,True,ITA,UEFA,False,False,False,False,False,True
Aitor Ruibal,es ESP,"DF,FW",Betis,es La Liga,28.0,1996.0,29,13,1313,14.6,1,3,4,1,0,0,5,0,0.9,0.9,2.4,3.3,21,50,64,0.27,0.23,16,4,25.0,1.1,0.27,0.06,0.25,19.0,0,0.06,0.1,0.1,495,612,80.9,7589,3113,1.9,0.6,20,36,12,6,516,91,5,1,1,32,81,2,1,1,0,5,14,36,2.46,31,2,1,1,1,0,4,0.27,32,23,22,4,6,47,53.2,22,20,5,15,14,46,40,1,790,45,231,321,248,33,790,27,14,51.9,13,48.1,398,1795,938,25,7,27,16,459,45,38.4,75.0,5,16,21.0,2,1.66,24,20,4,0.27,0.15,19.4,21.3,-1.9,-0.13,0,10,18,2,0,0,0,71,7,13,35.0,DEF,378139.0,exact,378139.0,2025-06-09,3500000.0,378139,1996-03-22,Spain,2028-06-30,176.0,right,28.78028747433265,41.9185282522996,15.068273812173887,828.3049471052287,Peak,False,False,True,False,False,ESP,UEFA,False,False,False,False,False,True
Julian Ryerson,no NOR,DF,Dortmund,de Bundesliga,26.0,1997.0,29,27,2259,25.1,2,3,5,2,0,0,6,1,0.7,0.7,4.5,5.2,66,92,136,0.2,0.21,18,5,27.8,0.72,0.2,0.11,0.4,20.4,0,0.04,1.3,1.3,1234,1447,85.3,20090,5214,4.8,-1.5,36,82,31,22,1234,210,23,1,4,110,165,22,10,12,0,3,31,56,2.23,44,8,4,0,0,0,5,0.2,46,30,26,13,7,44,56.8,19,29,2,27,22,68,26,1,1684,39,384,806,520,39,1684,63,36,57.1,23,36.5,1002,5499,2796,39,12,42,20,1090,78,73.8,82.0,12,2,29.0,0,1.62,53,35,18,0.72,0.49,45.8,30.8,15.0,0.6,1,31,23,0,0,0,0,120,10,23,30.3,DEF,370789.0,exact,370789.0,2025-06-05,20000000.0,370789,1997-11-17,Norway,2028-06-30,186.0,right,27.123887748117728,41.9185282522996,16.811242881518265,735.705286572491,Peak,True,False,False,False,False,NOR,UEFA,False,False,False,False,False,True
Youssouf Sabaly,sn SEN,DF,Betis,es La Liga,31.0,1993.0,22,20,1581,17.6,0,1,1,0,0,0,1,0,0.2,0.2,0.8,1.0,25,62,63,0.06,0.06,5,0,0.0,0.28,0.0,0.0,,20.3,0,0.04,-0.2,-0.2,862,994,86.7,11913,4253,0.9,0.2,11,49,7,5,798,196,20,2,3,31,176,0,0,0,0,0,20,19,1.08,17,1,1,0,0,0,3,0.17,40,25,21,15,4,32,75.0,8,21,4,17,13,53,40,0,1170,43,351,591,236,26,1170,20,8,40.0,10,50.0,620,2245,1145,12,4,27,12,680,72,46.2,77.0,10,2,23.0,7,1.68,20,24,-4,-0.23,-0.77,24.2,21.7,2.5,0.14,0,18,12,1,0,0,0,87,9,13,40.9,DEF,135492.0,exact,135492.0,2024-06-07,2500000.0,135492,1993-03-05,Senegal,2027-06-30,173.0,right,31.82751540041068,29.894875164257556,14.731801689838349,1012.990736563379,Declining,False,False,True,False,False,SEN,CAF,False,True,False,False,False,False
Stefano Sabelli,it ITA,DF,Genoa,it Serie A,31.0,1993.0,34,23,2058,22.9,0,2,2,0,0,0,3,0,0.1,0.1,1.9,2.1,36,88,43,0.09,0.09,6,1,16.7,0.26,0.04,0.0,0.0,22.5,0,0.02,-0.1,-0.1,825,1204,68.5,15435,7657,1.7,0.1,18,79,31,12,938,259,28,3,4,60,228,3,0,2,0,7,28,38,1.66,33,3,0,0,2,0,2,0.09,58,31,27,25,6,52,38.5,32,28,7,21,22,80,65,0,1428,61,507,676,252,10,1428,13,4,30.8,5,38.5,641,3036,1836,23,1,22,4,759,61,60.2,77.0,10,11,26.0,4,1.12,25,26,-1,-0.04,0.68,24.7,26.1,-1.3,-0.06,0,25,23,0,0,0,0,92,16,26,38.1,DEF,167491.0,exact,167491.0,2025-06-17,1400000.0,167491,1993-01-13,Italy,2028-06-30,176.0,right,31.967145790554415,41.9185282522996,14.151983508870947,1021.8984099945609,Declining,False,False,False,False,True,ITA,UEFA,False,False,False,False,False,True
Falaye Sacko,ml MLI,DF,Montpellier,fr Ligue 1,29.0,1995.0,16,14,1233,13.7,0,1,1,0,0,0,1,0,0.0,0.0,0.2,0.2,21,59,34,0.07,0.01,0,0,,0.0,0.0,,,,0,,0.0,0.0,542,648,83.6,8853,3284,0.2,0.8,7,37,2,1,540,108,11,0,2,12,97,0,0,0,0,0,14,20,1.57,19,1,0,0,0,0,1,0.08,14,8,9,4,1,19,47.4,10,17,7,10,13,27,21,0,734,40,213,368,163,8,734,9,2,22.2,7,77.8,371,1852,956,12,4,9,1,421,77,40.3,84.0,10,2,32.0,12,0.31,8,35,-27,-1.97,-0.54,10.8,25.9,-15.1,-1.19,0,15,6,1,0,2,0,52,8,14,36.4,DEF,364857.0,exact,364857.0,2024-06-03,4000000.0,364857,1995-05-01,Mali,2027-06-30,180.0,right,29.672826830937716,29.894875164257556,15.201805169084134,880.4766521388171,Peak,False,False,False,True,False,MLI,CAF,False,True,False,False,False,False
Alexis Saelemaekers,be BEL,"DF,FW",Roma,it Serie A,25.0,1999.0,22,17,1389,15.4,7,3,10,7,0,0,4,0,2.5,2.5,2.6,5.1,39,53,136,0.65,0.33,25,12,48.0,1.62,0.78,0.28,0.58,16.7,0,0.1,4.5,4.5,630,773,81.5,9155,2444,2.0,0.4,24,35,22,7,700,68,10,3,5,53,49,6,3,1,0,5,20,55,3.57,42,2,3,4,4,0,10,0.65,33,20,22,7,4,35,51.4,17,12,1,11,9,42,8,1,945,11,149,390,417,47,945,52,22,42.3,27,51.9,582,2954,1499,32,14,39,14,709,63,40.6,74.0,2,5,27.0,4,2.05,29,8,21,1.36,1.36,25.1,14.0,11.2,0.73,0,13,30,0,2,0,0,75,8,3,72.7,DEF,381950.0,exact,381950.0,2025-06-17,17000000.0,381950,1999-06-27,Belgium,2031-06-30,180.0,right,25.516769336071185,77.8909329829172,16.648723960844016,651.1055173502627,Developing,False,False,False,False,True,BEL,UEFA,False,False,False,False,False,True
Modibo Sagnan,ml MLI,DF,Montpellier,fr Ligue 1,25.0,1999.0,27,24,2141,23.8,2,0,2,2,0,0,10,0,0.7,0.7,0.6,1.3,13,51,3,0.08,0.06,11,3,27.3,0.46,0.13,0.18,0.67,11.5,0,0.07,1.3,1.3,857,967,88.6,17324,5954,0.5,-0.6,6,45,3,0,932,33,25,0,12,1,3,0,0,0,0,2,7,15,0.66,12,0,2,0,1,0,2,0.09,57,35,38,16,3,44,59.1,18,24,13,11,29,86,110,5,1224,177,605,578,50,17,1224,20,13,65.0,6,30.0,657,3614,1948,10,0,8,9,762,79,70.0,85.0,18,3,34.0,0,0.56,18,51,-33,-1.39,0.87,25.1,43.4,-18.3,-0.8,0,33,12,1,0,1,0,90,37,39,48.7,DEF,524925.0,exact,524925.0,2025-06-03,3000000.0,524925,1999-04-14,Mali,2026-06-30,187.0,left,25.71937029431896,17.904073587385017,14.914123179965662,661.4860083362965,Developing,False,False,False,True,False,MLI,CAF,False,True,False,False,False,False
Théo Sainte-Luce,fr FRA,DF,Montpellier,fr Ligue 1,25.0,1998.0,16,11,1018,11.3,1,0,1,1,0,0,3,0,1.0,1.0,0.8,1.8,19,22,33,0.09,0.17,8,4,50.0,0.71,0.35,0.13,0.25,10.8,0,0.15,0.0,0.0,257,347,74.1,3744,1534,0.8,-0.8,8,14,8,5,278,67,1,0,0,23,66,0,0,0,0,2,8,12,1.11,11,0,0,0,0,1,0,0.0,24,11,16,4,4,33,48.5,17,16,4,12,12,36,33,1,490,45,161,193,139,18,490,20,12,60.0,8,40.0,199,1055,551,8,5,20,8,237,64,33.3,79.0,6,5,30.0,4,0.5,5,25,-20,-1.77,-0.18,9.1,21.0,-12.0,-1.11,0,8,9,2,0,0,0,38,15,14,51.7,DEF,537127.0,exact,537127.0,2024-06-03,1000000.0,537127,1998-10-20,France,2027-06-30,176.0,left,26.20123203285421,29.894875164257556,13.815511557963774,686.5045600394656,Peak,False,False,False,True,False,FRA,UEFA,False,False,False,False,False,True
Kike Salas,es ESP,DF,Sevilla,es La Liga,22.0,2002.0,31,25,2238,24.9,3,2,5,3,0,0,6,0,1.9,1.9,0.6,2.5,7,59,18,0.2,0.1,23,6,26.1,0.92,0.24,0.13,0.5,12.7,0,0.08,1.1,1.1,1109,1412,78.5,21141,7603,0.9,1.4,6,69,3,1,1280,129,47,1,13,9,69,0,0,0,0,3,16,17,0.68,14,0,0,3,0,0,4,0.16,47,28,24,16,7,46,58.7,19,26,14,12,32,79,146,0,1710,177,883,707,129,27,1710,5,3,60.0,2,40.0,717,2745,1430,3,0,11,2,1022,72,65.4,87.0,21,6,11.0,5,1.1,27,40,-13,-0.52,-0.52,26.4,31.0,-4.6,-0.19,0,21,15,0,0,0,0,95,77,33,70.0,DEF,766583.0,exact,766583.0,2025-06-09,8000000.0,766583,2002-04-23,Spain,2029-06-30,188.0,left,22.694045174537987,53.90932982917214,15.894952224644102,515.0196863839709,Developing,False,False,True,False,False,ESP,UEFA,False,False,False,False,False,True
William Saliba,fr FRA,DF,Arsenal,eng Premier League,23.0,2001.0,35,35,3039,33.8,2,0,2,2,0,0,2,1,2.3,2.3,0.9,3.1,16,138,6,0.06,0.09,6,2,33.3,0.18,0.06,0.33,1.0,5.4,0,0.38,-0.3,-0.3,2413,2559,94.3,41458,12540,1.3,-0.9,7,180,6,0,2508,46,36,1,10,3,4,0,0,0,0,5,4,27,0.8,25,0,0,1,0,1,1,0.03,62,37,37,23,2,28,75.0,7,25,15,10,21,83,119,7,2824,190,1127,1571,142,18,2824,19,12,63.2,6,31.6,1756,7626,4154,17,1,19,8,2137,87,88.9,87.0,32,0,,0,1.97,62,27,35,1.04,1.04,54.2,29.8,24.4,0.72,0,28,17,1,0,1,0,154,61,36,62.9,DEF,495666.0,exact,495666.0,2025-05-30,80000000.0,495666,2001-03-24,France,2030-06-30,192.0,right,23.77549623545517,65.90013140604468,18.197537205138154,565.2742212421429,Developing,False,True,False,False,False,FRA,UEFA,False,False,False,False,False,True
Mohammed Salisu,gh GHA,DF,Monaco,fr Ligue 1,25.0,1999.0,15,11,1023,11.4,1,0,1,1,0,0,2,0,0.8,0.8,0.1,0.8,8,68,3,0.09,0.07,8,4,50.0,0.7,0.35,0.13,0.25,8.1,0,0.1,0.2,0.2,662,775,85.4,11709,5228,0.2,-0.1,3,51,2,0,738,37,25,0,3,0,2,0,0,0,0,0,7,14,1.23,11,0,0,2,0,1,1,0.09,28,18,16,11,1,16,81.3,3,10,8,2,16,44,54,2,905,106,372,510,25,14,905,1,0,0.0,1,100.0,545,2800,1519,2,0,6,1,596,68,33.4,90.0,10,4,9.0,15,2.13,24,16,8,0.7,0.09,28.6,13.1,15.5,1.37,0,9,3,1,0,0,0,55,35,18,66.0,DEF,563963.0,exact,563963.0,2025-06-03,12000000.0,563963,1999-04-17,Ghana,2028-06-30,188.0,left,25.711156741957563,41.9185282522996,16.300417291085605,661.0635810095098,Developing,False,False,False,True,False,GHA,CAF,False,True,False,False,False,False
Yoann Salmier,gf GUF,DF,Le Havre,fr Ligue 1,31.0,1992.0,13,9,797,8.9,0,0,0,0,0,0,3,0,0.8,0.8,0.2,1.1,7,24,1,0.0,0.12,5,2,40.0,0.56,0.23,0.0,0.0,9.8,0,0.17,-0.8,-0.8,283,346,81.8,5596,1997,0.2,-0.2,2,20,1,0,311,35,16,1,4,1,18,0,0,0,0,0,4,3,0.34,3,0,0,0,0,0,1,0.11,14,7,9,4,1,13,76.9,3,12,8,4,10,24,59,0,462,74,232,201,33,9,462,5,4,80.0,1,20.0,205,1202,630,3,0,4,0,236,61,26.0,85.0,6,4,9.0,6,0.85,7,18,-11,-1.24,-0.45,11.0,16.9,-5.9,-0.66,0,8,3,0,0,1,0,22,20,11,64.5,DEF,351843.0,exact,351843.0,2024-06-03,1500000.0,351843,1992-11-21,French Guiana,2026-06-30,188.0,right,32.11225188227242,17.904073587385017,14.220976332738882,1031.1967209505085,Declining,False,False,False,True,False,GUF,CONMEBOL,False,False,False,True,False,False
Junior Sambia,fr FRA,"DF,FW",Empoli,it Serie A,27.0,1996.0,17,2,387,4.3,0,0,0,0,0,0,0,0,0.4,0.4,0.3,0.7,5,21,20,0.0,0.16,10,1,10.0,2.33,0.23,0.0,0.0,25.5,4,0.04,-0.4,-0.4,124,182,68.1,2254,916,0.3,-0.3,6,14,9,7,132,50,4,1,2,28,39,7,2,5,0,0,4,11,2.56,9,1,0,0,0,1,0,0.0,14,10,3,6,5,11,100.0,0,3,0,3,2,16,5,0,244,5,25,126,95,8,244,19,7,36.8,8,42.1,105,512,232,6,1,8,6,113,23,11.3,70.0,0,15,17.0,18,0.35,2,7,-5,-1.16,-0.54,3.5,4.0,-0.5,-0.11,0,6,9,0,0,0,0,18,7,7,50.0,DEF,335147.0,exact,335147.0,2024-06-05,2000000.0,335147,1996-09-07,France,,185.0,right,28.317590691307323,,14.508658238524095,801.8859425604152,Peak,False,False,False,False,True,FRA,UEFA,False,False,False,False,False,True
Javi Sánchez,es ESP,DF,Valladolid,es La Liga,27.0,1997.0,25,25,2026,22.5,2,0,2,2,0,0,6,0,0.5,0.5,0.3,0.8,4,34,4,0.09,0.03,11,5,45.5,0.49,0.22,0.18,0.4,23.5,5,0.04,1.5,1.5,1015,1163,87.3,20366,7564,0.4,-0.3,6,42,1,0,1095,60,34,0,11,0,6,0,0,0,0,8,6,14,0.62,13,0,0,1,0,0,2,0.09,26,16,19,6,1,26,65.4,9,39,28,11,22,48,111,3,1387,228,934,424,32,11,1387,2,2,100.0,0,0.0,720,3293,1625,3,0,8,1,968,81,59.2,81.0,19,0,,1,0.6,18,52,-34,-1.51,0.43,19.8,40.2,-20.4,-0.91,0,19,3,0,0,2,0,57,34,31,52.3,DEF,340853.0,exact,340853.0,2025-06-09,1500000.0,340853,1997-03-14,Spain,2026-06-30,189.0,right,27.802874743326488,17.904073587385017,14.220976332738882,772.9998439931019,Peak,False,False,True,False,False,ESP,UEFA,False,False,False,False,False,True
Manu Sánchez,es ESP,DF,Alavés,es La Liga,23.0,2000.0,33,30,2634,29.3,1,0,1,1,0,0,6,1,1.7,1.7,1.2,2.9,47,78,97,0.03,0.1,12,2,16.7,0.41,0.07,0.08,0.5,16.7,0,0.15,-0.7,-0.7,807,1117,72.2,12801,4914,1.3,-1.2,16,53,21,13,824,285,19,1,3,78,262,4,1,2,0,8,43,40,1.37,28,5,0,5,2,0,3,0.1,83,56,40,33,10,69,59.4,28,51,12,39,30,113,76,1,1477,71,431,615,443,29,1477,37,8,21.6,24,64.9,562,3141,1592,27,5,39,20,627,80,77.0,85.0,20,3,24.0,2,1.15,27,38,-11,-0.38,-0.49,32.2,36.9,-4.7,-0.16,0,56,21,1,0,1,1,105,8,32,20.0,DEF,618809.0,exact_birthyear_corrected,618809.0,2025-06-09,6000000.0,618809,2000-08-24,Spain,2026-06-30,171.0,left,24.355920602327174,17.904073587385017,15.607270193858982,593.2108683868653,Developing,False,False,True,False,False,ESP,UEFA,False,False,False,False,False,True
Arouna Sangante,sn SEN,DF,Le Havre,fr Ligue 1,22.0,2002.0,16,16,1244,13.8,3,0,3,3,0,0,4,1,1.0,1.0,0.1,1.1,11,48,3,0.22,0.08,7,4,57.1,0.51,0.29,0.43,0.75,9.3,0,0.14,2.0,2.0,693,796,87.1,13010,4432,0.1,-0.1,3,47,3,1,741,53,27,0,1,2,22,0,0,0,0,2,3,12,0.87,10,2,0,0,0,0,0,0.0,25,16,11,14,0,17,58.8,7,11,5,6,21,46,65,3,949,95,450,458,48,15,949,6,5,83.3,1,16.7,546,2731,1424,5,0,12,7,625,78,40.7,78.0,9,0,,2,1.25,17,28,-11,-0.8,0.2,17.0,21.1,-4.1,-0.3,0,22,16,1,0,0,0,53,33,22,60.0,DEF,768380.0,exact,768380.0,2025-06-03,8000000.0,768380,2002-04-12,Senegal,2026-06-30,189.0,right,22.72416153319644,17.904073587385017,15.894952224644102,516.3875173868048,Developing,False,False,False,True,False,SEN,CAF,False,True,False,False,False,False
Nhoa Sangui,fr FRA,"DF,MF",Reims,fr Ligue 1,18.0,2006.0,26,10,1158,12.9,0,2,2,0,0,0,3,0,0.1,0.1,0.5,0.6,21,45,53,0.16,0.05,3,0,0.0,0.23,0.0,0.0,,24.5,0,0.03,-0.1,-0.1,510,608,83.9,7468,2154,0.5,1.5,5,42,4,2,525,81,9,0,3,16,72,0,0,0,0,2,15,18,1.4,14,2,2,0,0,0,5,0.39,16,9,6,6,4,12,75.0,3,8,4,4,8,24,23,0,708,30,221,330,165,9,708,19,10,52.6,8,42.1,362,2006,1092,17,3,17,15,440,45,37.8,78.0,5,16,24.0,5,0.96,17,21,-4,-0.31,0.16,13.0,21.6,-8.6,-0.67,0,9,8,0,0,0,0,64,6,12,33.3,DEF,955281.0,exact,955281.0,2025-06-03,2500000.0,955281,2006-02-27,France,2030-06-30,178.0,left,18.844626967830255,65.90013140604468,14.731801689838349,355.1199655566753,Emerging,False,False,False,True,False,FRA,UEFA,False,False,False,False,False,True
Tiago Santos,pt POR,DF,Lille,fr Ligue 1,22.0,2002.0,7,4,404,4.5,0,0,0,0,0,0,1,0,0.4,0.4,0.6,1.0,24,17,43,0.0,0.22,8,4,50.0,1.78,0.89,0.0,0.0,20.9,0,0.05,-0.4,-0.4,175,223,78.5,2807,603,0.8,-0.6,5,15,8,4,201,22,1,0,0,19,21,0,0,0,0,0,6,16,3.56,14,0,1,0,1,0,3,0.67,12,7,4,5,3,9,66.7,3,2,0,2,2,14,4,0,285,6,50,116,120,21,285,21,12,57.1,8,38.1,191,1183,661,17,4,13,3,206,58,13.2,81.0,1,3,27.0,0,1.86,10,3,7,1.56,1.25,8.5,4.6,3.9,0.88,0,6,10,2,1,0,0,15,6,4,60.0,DEF,816580.0,exact,816580.0,2025-06-03,15000000.0,816580,2002-07-23,Portugal,2029-06-30,175.0,right,22.444900752908968,53.90932982917214,16.52356082573315,503.77356980793354,Developing,False,False,False,True,False,POR,UEFA,False,False,False,False,False,True
Malang Sarr,fr FRA,DF,Lens,fr Ligue 1,25.0,1999.0,21,15,1385,15.4,0,0,0,0,0,0,0,0,0.3,0.3,0.3,0.6,4,54,1,0.0,0.04,6,1,16.7,0.39,0.06,0.0,0.0,16.8,0,0.04,-0.3,-0.3,854,955,89.4,17516,5632,0.6,-0.3,5,62,2,0,909,45,31,1,8,1,5,0,0,0,0,1,11,21,1.36,20,1,0,0,0,0,2,0.13,21,13,12,6,3,27,59.3,11,18,9,9,22,43,63,3,1105,111,498,554,59,9,1105,4,2,50.0,2,50.0,665,3337,1458,6,1,4,4,754,66,45.3,86.0,13,6,17.0,13,1.33,16,24,-8,-0.52,-1.11,23.4,24.4,-1.0,-0.07,0,13,10,1,0,3,0,69,18,5,78.3,DEF,344596.0,exact,344596.0,2025-06-03,5000000.0,344596,1999-01-23,France,2026-06-30,183.0,left,25.94113620807666,17.904073587385017,15.424948670398354,672.9425477659859,Developing,False,False,False,True,False,FRA,UEFA,False,False,False,False,False,True
Mamadou Sarr,fr FRA,DF,Strasbourg,fr Ligue 1,18.0,2005.0,27,27,2365,26.3,0,1,1,0,0,0,4,0,0.8,0.8,0.3,1.1,7,52,1,0.04,0.04,5,0,0.0,0.19,0.0,0.0,,6.7,0,0.16,-0.8,-0.8,1593,1699,93.8,29195,9910,0.3,0.7,5,60,1,1,1612,86,57,0,2,1,4,0,0,0,0,1,13,12,0.46,10,0,0,2,0,0,2,0.08,37,21,24,11,2,24,66.7,8,26,20,6,25,62,117,3,1953,247,1062,858,42,12,1953,19,10,52.6,9,47.4,1241,5333,2691,9,1,16,10,1464,88,77.3,88.0,24,0,,2,1.85,43,28,15,0.57,0.96,39.0,40.8,-1.9,-0.07,0,29,11,0,0,1,0,98,30,29,50.8,DEF,910905.0,exact,910905.0,2025-06-03,20000000.0,910905,2005-08-29,Senegal,2033-06-30,194.0,right,19.342915811088297,101.9053876478318,16.811242881518265,374.1483920748496,Emerging,False,False,False,True,False,FRA,UEFA,False,False,False,False,False,True
Nicolò Savona,it ITA,DF,Juventus,it Serie A,21.0,2003.0,28,19,1724,19.2,2,1,3,2,0,0,5,0,0.5,0.5,1.2,1.7,35,59,44,0.16,0.09,6,4,66.7,0.31,0.21,0.33,0.5,14.8,0,0.08,1.5,1.5,982,1097,89.5,16461,4872,0.9,-0.2,16,62,12,9,972,123,14,0,2,34,109,0,0,0,0,2,14,29,1.51,27,1,1,0,0,0,2,0.1,29,13,19,9,1,25,52.0,12,12,3,9,11,40,38,0,1227,60,438,597,199,15,1227,11,6,54.5,5,45.5,778,3980,1691,26,0,9,4,869,62,50.4,80.0,9,9,23.0,5,1.89,30,13,17,0.89,0.57,23.1,16.4,6.7,0.35,0,13,9,1,0,0,0,72,9,18,33.3,DEF,708072.0,exact,708072.0,2025-06-17,12000000.0,708072,2003-03-19,Italy,2030-06-30,192.0,right,21.790554414784395,65.90013140604468,16.300417291085605,474.8282617036797,Emerging,False,False,False,False,True,ITA,UEFA,False,False,False,False,False,True
Joe Scally,us USA,DF,Gladbach,de Bundesliga,21.0,2002.0,32,30,2578,28.6,0,0,0,0,0,0,6,0,0.4,0.4,1.1,1.5,52,68,69,0.0,0.05,6,1,16.7,0.21,0.03,0.0,0.0,19.7,0,0.06,-0.4,-0.4,1300,1559,83.4,21091,6630,1.3,-1.1,11,60,15,7,1287,269,32,5,10,50,237,0,0,0,0,3,34,28,0.98,21,2,1,2,1,1,2,0.07,45,32,25,18,2,46,58.7,19,35,11,24,16,61,86,2,1850,107,701,851,312,22,1850,59,31,52.5,26,44.1,980,5418,2644,27,3,25,23,1163,81,84.2,84.0,19,2,35.0,1,1.41,51,47,4,0.14,1.26,42.3,51.4,-9.1,-0.32,0,23,48,1,0,1,0,97,24,28,46.2,DEF,504153.0,exact,504153.0,2025-06-05,10000000.0,504153,2002-12-31,United States,2027-06-30,184.0,right,22.0041067761807,29.894875164257556,16.118095750958314,484.18071501756134,Developing,True,False,False,False,False,USA,CONCACAF,False,False,True,False,False,False
Giorgio Scalvini,it ITA,DF,Atalanta,it Serie A,20.0,2003.0,6,4,272,3.0,0,0,0,0,0,0,2,0,0.1,0.1,0.0,0.1,5,20,7,0.0,0.05,4,0,0.0,1.32,0.0,0.0,,18.6,0,0.04,-0.1,-0.1,165,195,84.6,2779,1088,0.1,0.0,0,14,2,0,191,4,3,1,2,0,1,0,0,0,0,0,3,1,0.33,1,0,0,0,0,0,0,0.0,8,4,5,3,0,9,55.6,4,0,0,0,4,12,7,0,228,11,87,116,29,4,228,7,5,71.4,2,28.6,158,685,380,1,0,2,0,171,45,8.0,66.0,0,2,5.0,2,1.83,3,5,-2,-0.66,-1.89,2.6,3.9,-1.3,-0.44,0,7,1,0,0,0,0,13,8,6,57.1,DEF,571604.0,exact,571604.0,2025-06-17,35000000.0,571604,2003-12-11,Italy,2028-06-30,194.0,right,21.059548254620122,41.9185282522996,17.370858648025116,443.5045726886734,Emerging,False,False,False,False,True,ITA,UEFA,False,False,False,False,False,True
Oliver Scarles,eng ENG,"DF,FW",West Ham,eng Premier League,18.0,2005.0,15,7,665,7.4,0,0,0,0,0,0,1,0,0.1,0.1,0.1,0.2,12,22,44,0.0,0.03,3,0,0.0,0.41,0.0,0.0,,20.2,0,0.04,-0.1,-0.1,293,372,78.8,4388,1151,0.1,-0.1,2,10,5,1,333,36,4,1,1,15,32,0,0,0,0,3,5,6,0.81,6,0,0,0,0,0,0,0.0,21,11,17,3,1,22,63.6,8,14,2,12,11,32,26,0,466,32,159,179,133,9,466,7,2,28.6,5,71.4,219,871,483,9,2,12,3,272,44,19.4,70.0,2,8,22.0,6,1.13,6,9,-3,-0.41,0.02,8.3,9.9,-1.6,-0.22,0,5,3,1,0,0,0,34,6,6,50.0,DEF,922563.0,exact,922563.0,2025-05-30,8000000.0,922563,2005-12-12,England,2028-06-30,180.0,left,19.055441478439427,41.9185282522996,15.894952224644102,363.1098499382298,Emerging,False,True,False,False,False,ENG,UEFA,False,False,False,False,False,True
Fabian Schär,ch SUI,DF,Newcastle Utd,eng Premier League,32.0,1991.0,34,33,2934,32.6,4,0,4,4,0,0,9,1,3.7,3.7,0.4,4.1,18,118,22,0.12,0.13,40,11,27.5,1.23,0.34,0.1,0.36,19.8,5,0.09,0.3,0.3,1654,1977,83.7,33173,12752,1.0,-0.4,5,161,13,0,1890,79,65,4,31,13,14,0,0,0,0,8,8,37,1.13,26,1,1,3,2,4,4,0.12,36,21,16,18,2,35,40.0,21,38,25,13,45,81,138,3,2319,266,1178,991,162,42,2319,13,8,61.5,3,23.1,1438,6526,3744,27,2,12,6,1609,86,85.8,88.0,29,1,45.0,0,1.65,58,42,16,0.49,-0.44,55.0,36.9,18.1,0.56,0,35,15,4,0,0,0,134,56,71,44.1,DEF,135343.0,exact,135343.0,2025-05-30,7000000.0,135343,1991-12-20,Switzerland,2027-06-30,186.0,right,33.034907597535934,29.894875164257556,15.76142084987672,1091.3051199777374,Declining,False,True,False,False,False,SUI,UEFA,False,False,False,False,False,True
Joël Schingtienne,be BEL,DF,Venezia,it Serie A,21.0,2002.0,16,12,1122,12.5,0,0,0,0,0,0,2,0,0.0,0.0,0.1,0.1,5,28,4,0.0,0.01,0,0,,0.0,0.0,,,,0,,0.0,0.0,420,487,86.2,6496,2235,0.1,-0.1,3,16,2,0,426,61,20,0,0,0,37,0,0,0,0,0,4,10,0.8,8,1,1,0,0,0,0,0.0,27,16,18,7,2,19,63.2,7,18,9,9,14,41,25,5,611,48,270,288,60,4,611,9,5,55.6,4,44.4,299,1463,669,6,0,16,5,320,70,32.8,85.0,9,4,25.0,16,0.75,10,20,-10,-0.8,-0.25,12.1,17.7,-5.6,-0.45,0,7,1,0,0,1,0,49,4,14,22.2,DEF,707809.0,exact,707809.0,2024-06-04,2000000.0,707809,2002-08-14,Belgium,2029-06-30,188.0,right,22.38466803559206,53.90932982917214,14.508658238524095,501.0733630636569,Developing,False,False,False,False,True,BEL,UEFA,False,False,False,False,False,True
Keven Schlotterbeck,de GER,DF,Augsburg,de Bundesliga,27.0,1997.0,18,15,1297,14.4,3,1,4,3,0,0,4,1,0.8,0.8,0.6,1.4,3,59,2,0.28,0.1,12,4,33.3,0.83,0.28,0.25,0.75,12.7,0,0.06,2.2,2.2,577,683,84.5,11012,4463,0.5,0.4,7,40,3,1,646,34,19,2,5,3,3,0,0,0,0,3,3,24,1.67,20,0,1,2,0,1,2,0.14,19,17,9,9,1,16,75.0,4,13,6,7,15,34,73,1,845,101,395,394,59,19,845,3,3,100.0,0,0.0,424,1437,731,5,0,8,0,510,72,42.4,81.0,11,3,28.0,10,1.28,20,24,-4,-0.28,0.34,14.3,21.0,-6.7,-0.47,1,10,11,1,0,2,0,55,40,18,69.0,DEF,413843.0,exact,413843.0,2025-06-05,6000000.0,413843,1997-04-28,Germany,2027-06-30,188.0,left,27.679671457905545,29.894875164257556,15.607270193858982,766.1642120175909,Peak,True,False,False,False,False,GER,UEFA,False,False,False,False,False,True
Nico Schlotterbeck,de GER,DF,Dortmund,de Bundesliga,24.0,1999.0,23,23,1982,22.0,0,4,4,0,0,0,7,2,1.3,1.3,2.1,3.4,37,195,14,0.18,0.15,17,4,23.5,0.77,0.18,0.0,0.0,17.2,1,0.08,-1.3,-1.3,1856,2080,89.2,35474,13457,2.1,1.9,18,226,10,2,1941,136,47,3,21,14,29,5,5,0,0,3,22,50,2.27,41,4,1,2,1,1,6,0.27,38,24,21,16,1,45,60.0,18,31,15,16,22,60,79,1,2297,193,831,1338,150,21,2297,22,14,63.6,5,22.7,1467,6646,4107,30,1,12,10,1674,86,64.8,86.0,21,0,,0,1.39,37,32,5,0.23,-1.03,37.7,26.8,10.8,0.49,1,18,19,0,0,1,0,157,52,27,65.8,DEF,388198.0,exact,388198.0,2025-06-05,40000000.0,388198,1999-12-01,Germany,2031-06-30,191.0,left,25.086926762491444,77.8909329829172,17.50439003707821,629.3538943866095,Developing,True,False,False,False,False,GER,UEFA,False,False,False,False,False,True
Aleksandar Sedlar,rs SRB,DF,Alavés,es La Liga,32.0,1991.0,9,7,594,6.6,0,0,0,0,0,0,1,1,0.0,0.0,0.0,0.0,2,12,1,0.0,0.0,1,0,0.0,0.15,0.0,0.0,,11.8,0,0.03,0.0,0.0,195,236,82.6,3966,1454,0.0,0.0,0,14,0,0,224,12,7,0,1,0,3,0,0,0,0,0,1,2,0.3,2,0,0,0,0,0,0,0.0,18,10,7,11,0,10,80.0,2,2,1,1,10,28,24,1,296,27,138,156,3,2,296,1,0,0.0,1,100.0,141,793,489,2,0,0,0,156,66,17.4,82.0,4,2,9.0,25,1.11,9,8,1,0.15,0.5,8.8,8.1,0.7,0.1,0,9,5,0,0,0,0,18,9,6,60.0,DEF,237499.0,exact,237499.0,2025-06-09,300000.0,237499,1991-12-13,Serbia,2026-06-30,180.0,right,33.054072553045856,17.904073587385017,12.611541086966115,1092.5717123420193,Declining,False,False,True,False,False,SRB,UEFA,False,False,False,False,False,True
Alidu Seidu,gh GHA,DF,Rennes,fr Ligue 1,24.0,2000.0,11,10,803,8.9,0,0,0,0,0,0,4,0,0.1,0.1,0.3,0.4,23,41,17,0.0,0.05,3,0,0.0,0.34,0.0,0.0,,19.9,0,0.04,-0.1,-0.1,426,518,82.2,7350,2223,0.4,-0.3,5,33,8,0,435,81,19,1,3,4,56,0,0,0,0,2,7,12,1.34,8,2,1,0,1,0,0,0.0,22,18,14,6,2,15,80.0,3,13,6,7,14,36,17,0,616,41,205,329,90,5,616,18,9,50.0,3,16.7,338,2129,1091,18,4,5,10,337,73,26.2,78.0,5,1,27.0,0,1.0,11,10,1,0.11,0.11,10.3,9.8,0.5,0.05,0,10,28,1,0,0,0,67,9,11,45.0,DEF,798404.0,exact,798404.0,2025-06-03,9000000.0,798404,2000-06-04,Ghana,2029-06-30,173.0,right,24.577686516084874,53.90932982917214,16.012735246411598,604.0626744829402,Developing,False,False,False,True,False,GHA,CAF,False,True,False,False,False,False
Hiroki Sekine,jp JPN,DF,Reims,fr Ligue 1,21.0,2002.0,15,9,887,9.9,0,0,0,0,0,0,1,0,0.1,0.1,0.2,0.4,22,39,40,0.0,0.04,5,0,0.0,0.51,0.0,0.0,,17.7,0,0.03,-0.1,-0.1,407,504,80.8,6476,2340,0.5,-0.2,3,32,9,5,425,77,9,0,1,21,68,0,0,0,0,2,15,19,1.93,17,0,0,1,1,0,1,0.1,9,7,6,2,1,17,41.2,10,22,11,11,5,14,51,1,628,68,247,246,142,10,628,12,6,50.0,4,33.3,328,1758,931,14,2,12,10,384,59,29.0,88.0,8,6,17.0,1,0.8,4,13,-9,-0.91,-0.71,10.1,20.8,-10.7,-1.09,0,4,7,0,0,0,0,21,11,11,50.0,DEF,1137808.0,exact,1137808.0,2025-06-03,1200000.0,1137808,2002-08-11,Japan,2029-06-30,187.0,right,22.392881587953458,53.90932982917214,13.997832948091215,501.44114581210493,Developing,False,False,False,True,False,JPN,AFC,True,False,False,False,False,False
Nélson Semedo,pt POR,DF,Wolves,eng Premier League,30.0,1993.0,34,32,2886,32.1,0,4,4,0,0,0,8,0,0.9,0.9,2.8,3.7,67,80,119,0.12,0.12,18,7,38.9,0.56,0.22,0.0,0.0,23.9,0,0.05,-0.9,-0.9,1096,1357,80.8,16627,5130,1.7,1.2,25,70,28,13,1142,210,12,1,5,63,198,0,0,0,0,5,36,60,1.87,44,1,8,1,3,3,6,0.19,62,36,32,21,9,57,59.6,23,32,10,22,23,85,104,3,1717,123,483,788,467,27,1717,71,32,45.1,31,43.7,901,5223,2688,41,10,42,21,995,85,84.4,88.0,21,2,34.0,0,1.24,49,49,0,0.0,2.53,36.6,47.2,-10.6,-0.33,0,48,30,4,0,1,0,139,28,42,40.0,DEF,231572.0,exact,231572.0,2025-05-30,9000000.0,231572,1993-11-16,Portugal,2027-06-30,179.0,right,31.12662559890486,29.894875164257556,16.012735246411598,968.8668211743992,Declining,False,True,False,False,False,POR,UEFA,False,False,False,False,False,True
Marcos Senesi,ar ARG,DF,Bournemouth,eng Premier League,27.0,1997.0,17,13,1106,12.3,0,0,0,0,0,0,5,0,0.8,0.8,0.2,1.1,12,62,7,0.0,0.09,3,0,0.0,0.24,0.0,0.0,,7.9,0,0.28,-0.8,-0.8,561,735,76.3,11536,5815,0.5,-0.2,3,79,13,3,699,31,23,0,2,11,6,0,0,0,0,5,1,16,1.3,16,0,0,0,0,0,1,0.08,39,21,23,14,2,31,45.2,17,16,7,9,14,53,58,0,889,73,391,427,82,16,889,10,6,60.0,4,40.0,554,2862,1677,16,0,7,6,565,65,32.3,80.0,7,4,17.0,4,1.47,19,17,2,0.16,-0.23,23.3,14.4,8.9,0.72,0,22,8,0,0,0,0,71,32,29,52.5,DEF,469781.0,exact,469781.0,2025-05-30,22000000.0,469781,1997-05-10,Argentina,2026-06-30,184.0,left,27.64681724845996,17.904073587385017,16.906553056777135,764.3465039697431,Peak,False,True,False,False,False,ARG,CONMEBOL,False,False,False,True,False,False
Stephan El Shaarawy,it ITA,"DF,MF",Roma,it Serie A,31.0,1992.0,31,12,1098,12.2,3,4,7,3,0,0,2,0,2.7,2.7,1.2,3.9,42,49,77,0.57,0.32,28,12,42.9,2.3,0.98,0.11,0.25,18.8,1,0.09,0.3,0.3,399,504,79.2,5710,1604,2.0,2.8,15,19,21,3,449,51,2,4,0,27,47,2,0,2,0,4,12,47,3.85,37,1,2,4,3,0,9,0.74,16,12,4,6,6,12,50.0,6,4,0,4,10,26,13,0,635,14,91,254,305,45,635,38,17,44.7,14,36.8,381,2565,1222,37,12,22,10,429,35,32.1,64.0,3,19,17.0,5,1.9,25,9,16,1.31,1.12,23.2,11.9,11.3,0.92,0,7,14,5,1,0,0,48,5,19,20.8,DEF,94529.0,exact,94529.0,2025-06-17,3500000.0,94529,1992-10-27,Italy,2026-06-30,178.0,right,32.18069815195072,17.904073587385017,15.068273812173887,1035.5973335469646,Declining,False,False,False,False,True,ITA,UEFA,False,False,False,False,False,True
Luke Shaw,eng ENG,DF,Manchester Utd,eng Premier League,29.0,1995.0,7,4,349,3.9,0,0,0,0,0,0,1,0,0.0,0.0,0.7,0.7,7,24,7,0.0,0.19,1,0,0.0,0.26,0.0,0.0,,23.1,0,0.03,0.0,0.0,249,290,85.9,4252,1388,0.8,-0.7,5,20,3,1,276,14,5,1,1,11,2,4,0,1,0,0,6,10,2.58,8,2,0,0,0,0,0,0.0,4,3,2,2,0,2,100.0,0,6,1,5,2,6,7,0,317,26,128,149,42,4,317,1,0,0.0,1,100.0,226,1102,548,8,0,2,0,248,50,10.2,67.0,1,3,28.0,1,0.71,3,5,-2,-0.52,-0.28,4.4,3.9,0.6,0.15,0,3,1,0,0,0,1,9,3,2,60.0,DEF,183288.0,exact,183288.0,2025-05-30,12000000.0,183288,1995-07-12,England,2027-06-30,178.0,left,29.475701574264203,29.894875164257556,16.300417291085605,868.8169832950812,Peak,False,True,False,False,False,ENG,UEFA,False,False,False,False,False,True
Djibril Sidibé,fr FRA,DF,Toulouse,fr Ligue 1,32.0,1992.0,28,24,2101,23.3,0,3,3,0,0,0,1,0,0.4,0.4,2.9,3.3,16,121,50,0.13,0.14,5,1,20.0,0.21,0.04,0.0,0.0,12.8,1,0.08,-0.4,-0.4,1018,1277,79.7,17651,8086,3.5,0.1,18,89,30,12,1094,180,48,6,4,45,127,1,0,1,0,3,16,35,1.5,34,0,0,0,1,0,7,0.3,65,36,34,22,9,50,62.0,19,11,3,8,20,85,64,1,1475,80,497,741,253,15,1475,19,11,57.9,8,42.1,817,3000,1693,17,0,24,9,898,75,68.7,86.0,16,4,12.0,0,1.39,34,28,6,0.26,0.73,36.7,23.7,13.0,0.56,0,20,19,2,0,0,0,99,17,10,63.0,DEF,161869.0,exact,161869.0,2025-06-03,1000000.0,161869,1992-07-29,France,2026-06-30,183.0,right,32.427104722792606,17.904073587385017,13.815511557963774,1051.5171207029584,Declining,False,False,False,True,False,FRA,UEFA,False,False,False,False,False,True
Tim Siersleben,de GER,DF,Heidenheim,de Bundesliga,24.0,2000.0,16,14,1182,13.1,0,0,0,0,0,0,4,0,0.6,0.6,0.5,1.1,8,31,12,0.0,0.08,4,2,50.0,0.3,0.15,0.0,0.0,8.6,0,0.15,-0.6,-0.6,581,719,80.8,12037,5686,0.6,-0.5,6,35,8,2,672,43,12,0,6,10,22,0,0,0,0,4,7,15,1.14,14,1,0,0,0,0,0,0.0,21,14,12,8,1,17,41.2,10,19,6,13,20,41,66,0,869,113,505,309,59,7,869,6,3,50.0,3,50.0,472,2077,990,8,1,5,4,560,74,38.6,82.0,10,2,14.0,18,1.13,11,22,-11,-0.84,-0.07,14.0,21.9,-7.9,-0.6,0,16,7,0,0,1,0,37,20,21,48.8,DEF,337092.0,exact,337092.0,2025-06-05,2000000.0,337092,2000-03-09,Germany,2028-06-30,187.0,left,24.815879534565365,41.9185282522996,14.508658238524095,615.8278770740601,Developing,True,False,False,False,False,GER,UEFA,False,False,False,False,False,True
Kiliann Sildillia,fr FRA,DF,Freiburg,de Bundesliga,22.0,2002.0,21,8,801,8.9,2,0,2,2,0,0,2,0,0.5,0.5,0.7,1.1,11,29,34,0.22,0.13,7,2,28.6,0.79,0.22,0.29,1.0,20.2,0,0.07,1.5,1.5,336,459,73.2,6274,2162,0.7,-0.7,7,20,6,4,374,83,5,0,1,19,78,0,0,0,0,2,13,16,1.8,9,6,0,1,0,0,1,0.11,17,10,8,6,3,13,53.8,6,16,5,11,11,28,38,0,576,38,191,276,111,11,576,9,6,66.7,2,22.2,253,1207,553,10,2,8,6,315,38,26.2,85.0,6,13,9.0,8,1.95,11,10,1,0.11,0.31,11.7,11.6,0.1,0.01,0,10,9,1,0,1,0,33,21,22,48.8,DEF,548348.0,exact,548348.0,2025-06-05,10000000.0,548348,2002-05-16,France,2030-06-30,186.0,right,22.63107460643395,65.90013140604468,16.118095750958314,512.1655378419795,Developing,True,False,False,False,False,FRA,UEFA,False,False,False,False,False,True
Wilfried Singo,ci CIV,DF,Monaco,fr Ligue 1,23.0,2000.0,27,23,2096,23.3,1,2,3,1,0,0,4,0,1.9,1.9,1.5,3.4,35,118,27,0.13,0.14,17,5,29.4,0.73,0.21,0.06,0.2,10.8,0,0.11,-0.9,-0.9,1252,1452,86.2,23389,7968,1.5,0.5,7,102,11,1,1346,100,64,1,10,10,36,0,0,0,0,6,8,19,0.82,14,1,0,2,0,2,2,0.09,37,23,24,10,3,28,71.4,8,17,9,8,43,80,110,2,1703,141,637,965,125,29,1703,13,6,46.2,6,46.2,951,5285,3094,22,4,11,7,1091,78,68.5,90.0,23,4,7.0,1,1.7,35,29,6,0.26,-1.24,44.1,21.9,22.1,0.95,0,36,34,3,0,0,0,138,51,29,63.8,DEF,648779.0,exact,648779.0,2025-06-03,25000000.0,648779,2000-12-25,Cote d'Ivoire,2030-06-30,182.0,right,24.019164955509925,65.90013140604468,17.034386422832473,576.9202851599961,Developing,False,False,False,True,False,CIV,CAF,False,True,False,False,False,False
Robert Skov,dk DEN,"DF,MF",Union Berlin,de Bundesliga,28.0,1996.0,15,11,852,9.5,2,2,4,1,1,1,1,0,1.7,0.9,2.4,3.3,25,36,45,0.32,0.43,16,5,31.3,1.69,0.53,0.06,0.2,22.4,2,0.06,0.3,0.1,305,463,65.9,5404,2361,3.5,-0.4,19,18,16,5,353,107,22,2,1,61,60,25,12,13,0,3,10,37,3.9,20,13,1,2,1,0,5,0.53,15,11,8,7,0,20,50.0,10,8,1,7,8,23,9,0,564,19,111,261,200,23,563,17,5,29.4,11,64.7,263,1450,760,11,8,21,3,291,57,27.8,71.0,2,4,18.0,5,0.8,12,14,-2,-0.21,0.36,14.0,13.2,0.8,0.08,0,14,10,1,0,0,0,43,9,9,50.0,DEF,270393.0,exact,270393.0,2025-06-05,4000000.0,270393,1996-05-20,Denmark,,185.0,left,28.618754277891856,,15.201805169084134,819.0330964183535,Peak,True,False,False,False,False,DEN,UEFA,False,False,False,False,False,True
Milan Škriniar,sk SVK,DF,Paris S-G,fr Ligue 1,29.0,1995.0,5,4,382,4.2,0,0,0,0,0,0,1,0,0.2,0.2,0.1,0.3,3,20,0,0.0,0.06,3,0,0.0,0.71,0.0,0.0,,10.8,0,0.05,-0.2,-0.2,361,374,96.5,6457,2316,0.0,-0.1,1,15,0,0,360,14,8,0,2,0,1,0,0,0,0,0,0,6,1.41,5,0,0,1,0,0,0,0.0,7,5,3,4,0,3,100.0,0,7,6,1,3,10,16,0,417,51,200,213,5,3,417,3,0,0.0,3,100.0,244,1111,603,0,0,2,0,309,76,12.5,90.0,4,1,22.0,9,3.0,14,6,8,1.88,0.24,11.4,6.3,5.0,1.18,0,4,5,1,0,0,0,25,7,5,58.3,DEF,204069.0,exact,204069.0,2025-06-18,15000000.0,204069,1995-02-11,Slovakia,2029-06-30,187.0,right,29.88911704312115,53.90932982917214,16.52356082573315,893.3593176173952,Peak,False,False,False,True,False,SVK,UEFA,False,False,False,False,False,True
Adam Smith,eng ENG,DF,Bournemouth,eng Premier League,33.0,1991.0,25,19,1590,17.7,0,0,0,0,0,0,7,0,0.7,0.7,0.4,1.1,15,49,34,0.0,0.06,3,0,0.0,0.17,0.0,0.0,,16.9,0,0.22,-0.7,-0.7,514,679,75.7,8452,2723,0.7,-0.4,8,49,10,5,550,128,9,1,2,33,119,0,0,0,0,1,15,23,1.3,17,1,1,0,3,1,2,0.11,24,12,11,7,6,27,51.9,13,13,5,8,15,39,49,1,825,41,240,394,197,8,825,16,6,37.5,7,43.8,366,1552,711,18,1,13,7,403,64,46.5,75.0,7,6,28.0,1,1.48,25,18,7,0.4,0.15,29.7,18.9,10.8,0.61,0,19,12,0,0,0,0,50,14,15,48.3,DEF,61841.0,exact,61841.0,2025-05-30,750000.0,61841,1991-04-29,England,2027-06-30,174.0,right,33.67830253251198,29.894875164257556,13.527829818844937,1134.2280614714027,Declining,False,True,False,False,False,ENG,UEFA,False,False,False,False,False,True
Eric Smith,se SWE,"DF,MF",St. Pauli,de Bundesliga,27.0,1997.0,32,32,2827,31.4,1,1,2,1,0,0,7,0,1.4,1.4,1.5,2.9,16,118,11,0.06,0.09,24,9,37.5,0.76,0.29,0.04,0.11,25.0,11,0.06,-0.4,-0.4,1355,1677,80.8,26591,9803,2.8,-0.5,28,118,19,4,1461,209,143,4,8,102,4,59,20,23,1,7,7,66,2.1,33,27,0,4,1,1,2,0.06,46,29,26,17,3,40,57.5,17,37,10,27,37,83,104,4,1956,161,674,985,315,8,1956,5,3,60.0,2,40.0,838,3771,1730,19,0,11,7,1130,88,92.4,88.0,30,0,,0,0.81,24,41,-17,-0.54,-2.09,31.6,41.7,-10.1,-0.32,0,27,24,3,0,0,0,139,30,37,44.8,DEF,292534.0,exact,292534.0,2025-06-05,5000000.0,292534,1997-01-08,Sweden,2027-06-30,192.0,right,27.980835044490075,29.894875164257556,15.424948670398354,782.9271297869639,Peak,True,False,False,False,False,SWE,UEFA,False,False,False,False,False,True
Ivan Smolčić,hr CRO,DF,Como,it Serie A,23.0,2000.0,9,7,630,7.0,0,0,0,0,0,0,2,0,0.4,0.4,0.1,0.6,3,23,9,0.0,0.08,7,3,42.9,1.0,0.43,0.0,0.0,11.8,0,0.07,-0.4,-0.4,327,394,83.0,5985,1848,0.1,-0.1,2,18,3,0,321,73,15,0,4,4,58,0,0,0,0,0,4,8,1.14,4,2,0,2,0,0,0,0.0,16,9,8,7,1,13,69.2,4,8,2,6,10,26,24,0,475,29,184,224,70,10,475,2,0,0.0,2,100.0,231,838,306,5,0,8,3,256,70,18.4,85.0,6,2,18.0,6,1.44,8,8,0,0.0,0.1,7.1,7.0,0.1,0.02,0,11,5,0,0,1,0,27,11,10,52.4,DEF,571271.0,exact_accent_stripped,571271.0,2025-06-17,1800000.0,571271,2000-08-17,Croatia,2029-06-30,181.0,right,24.3750855578371,53.90932982917214,14.403297778421795,594.1447959518788,Developing,False,False,False,False,True,CRO,UEFA,False,False,False,False,False,True
Oumar Solet,fr FRA,DF,Udinese,it Serie A,24.0,2000.0,19,19,1672,18.6,1,2,3,1,0,0,3,1,0.8,0.8,1.2,2.0,20,65,6,0.16,0.11,12,7,58.3,0.65,0.38,0.08,0.14,21.5,1,0.06,0.2,0.2,982,1110,88.5,19162,5319,0.8,0.8,17,54,9,2,1028,78,31,3,8,9,2,0,0,0,0,4,8,33,1.78,27,1,4,0,0,1,3,0.16,33,19,18,13,2,30,70.0,9,32,19,13,17,50,78,4,1325,175,609,632,101,15,1325,31,25,80.6,5,16.1,806,4076,2186,14,2,17,11,874,88,48.9,88.0,17,0,,0,1.05,17,24,-7,-0.38,0.04,20.7,23.3,-2.6,-0.14,1,17,14,0,0,0,0,92,20,20,50.0,DEF,463665.0,exact,463665.0,2025-06-17,18000000.0,463665,2000-02-07,France,2027-06-30,192.0,right,24.90075290896646,29.894875164257556,16.705882371415992,620.0474954334017,Developing,False,False,False,False,True,FRA,UEFA,False,False,False,False,False,True
Borna Sosa,hr CRO,DF,Torino,it Serie A,26.0,1998.0,19,14,1181,13.1,0,0,0,0,0,0,0,0,0.3,0.3,0.7,1.0,13,51,49,0.0,0.07,4,1,25.0,0.3,0.08,0.0,0.0,20.2,0,0.08,-0.3,-0.3,546,686,79.6,9165,2699,0.9,-0.7,11,43,22,12,565,116,12,0,4,51,99,5,4,1,0,5,10,24,1.83,17,2,2,1,0,2,1,0.08,26,19,14,7,5,25,64.0,9,13,6,7,14,40,33,0,781,29,222,372,193,14,781,7,3,42.9,2,28.6,417,2251,866,15,1,9,1,454,62,34.5,76.0,4,5,22.0,9,1.21,13,15,-2,-0.15,0.01,10.9,15.0,-4.1,-0.31,0,12,7,1,0,1,0,53,16,19,45.7,DEF,293194.0,exact,293194.0,2025-06-17,4500000.0,293194,1998-01-21,Croatia,2028-06-30,187.0,left,26.94592744695414,41.9185282522996,15.319588176962746,726.0830059765165,Peak,False,False,False,False,True,CRO,UEFA,False,False,False,False,False,True
Saidou Sow,gn GUI,DF,Strasbourg,fr Ligue 1,22.0,2002.0,12,11,1018,11.3,0,1,1,0,0,0,2,0,0.3,0.3,0.2,0.5,0,16,2,0.09,0.04,4,1,25.0,0.35,0.09,0.0,0.0,10.6,0,0.08,-0.3,-0.3,577,636,90.7,10281,3407,0.1,0.8,2,12,2,0,618,17,13,0,0,0,0,0,0,0,0,1,1,6,0.53,6,0,0,0,0,0,1,0.09,9,5,6,3,0,12,50.0,6,15,9,6,15,24,37,2,735,112,476,245,16,8,735,2,1,50.0,1,50.0,465,1531,687,1,0,4,3,548,85,33.3,88.0,10,1,45.0,4,1.08,21,24,-3,-0.27,-0.93,17.8,22.4,-4.6,-0.41,0,7,5,1,0,1,0,36,16,15,51.6,DEF,807128.0,exact_accent_stripped,807128.0,2025-06-03,6000000.0,807128,2002-07-04,Guinea,2026-06-30,187.0,right,22.496919917864478,17.904073587385017,15.607270193858982,506.11140579080745,Developing,False,False,False,True,False,GUI,CAF,False,True,False,False,False,False
Saidou Sow,gn GUI,DF,Nantes,fr Ligue 1,22.0,2002.0,9,9,799,8.9,1,0,1,1,0,0,1,0,0.6,0.6,0.4,1.1,2,15,0,0.11,0.12,5,2,40.0,0.56,0.23,0.2,0.5,9.1,0,0.13,0.4,0.4,332,399,83.2,6320,2485,0.0,-0.4,2,21,0,0,361,37,6,0,1,0,2,0,0,0,0,1,1,9,1.01,8,0,0,1,0,0,0,0.0,17,11,13,4,0,10,60.0,4,19,12,7,13,30,46,1,511,111,306,196,10,6,511,6,4,66.7,2,33.3,288,1336,703,1,0,2,2,314,89,26.1,89.0,8,0,,1,1.44,12,18,-6,-0.68,-0.4,12.9,20.1,-7.2,-0.81,0,7,5,0,0,2,0,32,13,18,41.9,DEF,807128.0,exact_accent_stripped,807128.0,2025-06-03,6000000.0,807128,2002-07-04,Guinea,2026-06-30,187.0,right,22.496919917864478,17.904073587385017,15.607270193858982,506.11140579080745,Developing,False,False,False,True,False,GUI,CAF,False,True,False,False,False,False
Djed Spence,eng ENG,DF,Tottenham,eng Premier League,23.0,2000.0,25,19,1792,19.9,1,2,3,1,0,0,4,1,0.6,0.6,1.8,2.3,59,105,70,0.15,0.12,10,3,30.0,0.5,0.15,0.1,0.33,23.9,0,0.06,0.4,0.4,992,1161,85.4,14185,4261,1.4,0.2,11,78,18,8,974,183,30,2,2,25,153,0,0,0,0,4,19,29,1.46,23,1,4,1,0,0,5,0.25,47,34,25,15,7,30,76.7,7,28,9,19,21,68,74,2,1428,81,500,641,309,25,1428,76,38,50.0,31,40.8,794,4661,2481,44,7,28,33,872,72,52.4,89.0,17,6,16.0,8,1.08,33,39,-6,-0.3,-0.58,28.2,35.3,-7.1,-0.36,1,21,23,2,0,0,1,109,21,14,60.0,DEF,483348.0,exact,483348.0,2025-05-30,20000000.0,483348,2000-08-09,England,2029-06-30,184.0,right,24.396988364134156,53.90932982917214,16.811242881518265,595.2130412396974,Developing,False,True,False,False,False,ENG,UEFA,False,False,False,False,False,True
Leonardo Spinazzola,it ITA,"DF,FW",Napoli,it Serie A,31.0,1993.0,27,17,1517,16.9,1,1,2,1,0,0,1,0,0.8,0.8,3.5,4.2,83,88,81,0.12,0.25,12,4,33.3,0.71,0.24,0.08,0.25,17.1,0,0.07,0.2,0.2,710,895,79.3,12378,3751,3.4,-2.5,26,62,34,8,743,149,15,3,5,65,122,12,5,3,0,3,26,47,2.79,38,4,3,1,1,0,3,0.18,17,10,6,9,2,23,43.5,13,12,1,11,9,26,31,1,1051,38,244,472,344,38,1051,64,28,43.8,29,45.3,603,4478,2504,64,24,17,18,679,56,44.4,81.0,7,10,14.0,6,2.3,24,10,14,0.83,-0.02,24.6,10.5,14.1,0.84,0,6,13,1,0,0,0,62,3,3,50.0,DEF,118689.0,exact,118689.0,2025-06-17,3500000.0,118689,1993-03-25,Italy,2026-06-30,186.0,right,31.772758384668034,17.904073587385017,15.068273812173887,1009.5081753704928,Declining,False,False,False,False,True,ITA,UEFA,False,False,False,False,False,True
Josip Stanišić,hr CRO,DF,Bayern Munich,de Bundesliga,24.0,2000.0,14,9,876,9.7,0,2,2,0,0,0,0,0,0.3,0.3,1.5,1.8,20,76,30,0.21,0.18,2,0,0.0,0.21,0.0,0.0,,9.4,0,0.13,-0.3,-0.3,716,782,91.6,12338,3732,1.4,0.5,14,77,12,2,717,65,18,1,12,11,42,0,0,0,0,0,4,23,2.36,22,0,1,0,0,0,4,0.41,13,11,6,4,3,15,46.7,8,10,6,4,6,19,29,1,876,55,226,497,165,10,876,7,5,71.4,2,28.6,533,2691,1611,25,3,11,6,606,63,28.6,87.0,8,5,19.0,2,2.21,26,12,14,1.44,-0.75,20.0,8.4,11.6,1.19,0,2,4,0,0,0,0,64,11,6,64.7,DEF,483046.0,exact_accent_stripped,483046.0,2025-06-05,32000000.0,483046,2000-04-02,Croatia,2029-06-30,187.0,both,24.750171115674195,53.90932982917214,17.281246492014,612.5709702551533,Developing,True,False,False,False,False,CRO,UEFA,False,False,False,False,False,True
Carl Starfelt,se SWE,DF,Celta Vigo,es La Liga,29.0,1995.0,28,26,2270,25.2,1,0,1,1,0,0,5,0,0.5,0.5,0.2,0.7,11,66,1,0.04,0.03,5,1,20.0,0.2,0.04,0.2,1.0,11.6,0,0.1,0.5,0.5,1539,1643,93.7,27778,9742,0.2,-0.2,6,56,1,0,1614,29,22,1,5,0,0,0,0,0,0,0,4,18,0.71,16,0,0,1,0,1,1,0.04,40,20,25,14,1,27,66.7,9,29,21,8,31,71,129,3,1901,265,963,915,29,11,1901,1,1,100.0,0,0.0,1104,4606,2548,5,1,9,0,1337,81,66.4,85.0,23,2,31.0,2,1.39,33,35,-2,-0.08,-0.39,33.3,24.8,8.5,0.34,0,21,11,0,0,0,0,77,60,51,54.1,DEF,258987.0,exact,258987.0,2025-06-09,6000000.0,258987,1995-06-01,Sweden,2027-06-30,185.0,right,29.587953456536617,29.894875164257556,15.607270193858982,875.4469897461771,Peak,False,False,True,False,False,SWE,UEFA,False,False,False,False,False,True
Niklas Stark,de GER,DF,Werder Bremen,de Bundesliga,29.0,1995.0,26,25,2106,23.4,0,1,1,0,0,0,6,1,1.1,1.1,0.1,1.2,7,62,3,0.04,0.05,12,3,25.0,0.51,0.13,0.0,0.0,15.9,0,0.09,-1.1,-1.1,1098,1283,85.6,21262,7753,0.3,0.9,1,66,3,0,1228,54,44,0,2,3,8,0,0,0,0,1,8,11,0.47,9,1,0,0,1,0,2,0.09,33,21,20,11,2,21,66.7,7,41,27,14,36,69,129,1,1558,161,813,697,49,14,1558,1,1,100.0,0,0.0,882,3545,1549,3,0,7,0,1003,81,68.8,84.0,17,1,13.0,1,1.65,38,37,1,0.04,0.42,33.8,31.0,2.8,0.12,1,30,28,2,0,0,0,73,48,31,60.8,DEF,162434.0,exact,162434.0,2025-06-05,4000000.0,162434,1995-04-14,Germany,,190.0,right,29.71937029431896,,15.201805169084134,883.2409706908483,Peak,True,False,False,False,False,GER,UEFA,False,False,False,False,False,True
Pascal Stenzel,de GER,DF,Stuttgart,de Bundesliga,28.0,1996.0,10,4,290,3.2,0,0,0,0,0,0,0,0,0.3,0.3,0.6,0.9,2,12,16,0.0,0.28,8,2,25.0,2.48,0.62,0.0,0.0,21.5,0,0.04,-0.3,-0.3,181,218,83.0,3439,898,0.6,-0.6,5,9,4,2,177,41,4,0,3,25,22,15,6,5,1,0,3,13,4.03,5,5,0,3,0,0,0,0.0,3,2,1,0,2,5,40.0,3,5,1,4,2,5,6,0,246,6,60,111,77,6,246,0,0,,0,,136,523,206,5,0,2,0,146,29,9.5,62.0,0,6,7.0,21,1.3,7,5,2,0.62,0.33,7.6,5.6,2.1,0.64,0,4,2,0,0,0,0,11,3,6,33.3,DEF,195246.0,exact,195246.0,2025-06-05,2000000.0,195246,1996-03-20,Germany,2026-06-30,183.0,right,28.78576317590691,17.904073587385017,14.508658238524095,828.6201616193983,Peak,True,False,False,False,False,GER,UEFA,False,False,False,False,False,True
Jack Stephens,eng ENG,DF,Southampton,eng Premier League,30.0,1994.0,19,17,1389,15.4,1,0,1,1,0,0,2,2,0.6,0.6,0.2,0.7,14,63,2,0.06,0.05,4,2,50.0,0.26,0.13,0.25,0.5,11.0,0,0.14,0.4,0.4,879,955,92.0,15471,4366,0.3,-0.2,3,51,5,0,912,42,19,0,2,1,15,0,0,0,0,1,4,13,0.84,13,0,0,0,0,0,0,0.0,34,20,25,9,0,30,56.7,13,20,13,7,13,47,53,2,1097,128,461,543,97,11,1097,4,0,0.0,4,100.0,631,2996,1407,12,1,3,3,783,73,40.6,81.0,12,2,6.0,4,0.53,8,28,-20,-1.3,0.48,12.7,31.1,-18.3,-1.19,0,13,4,1,0,1,0,44,6,10,37.5,DEF,163744.0,exact,163744.0,2025-05-30,1500000.0,163744,1994-01-27,England,2028-06-30,185.0,right,30.92950034223135,41.9185282522996,14.220976332738882,956.6339914200892,Declining,False,True,False,False,False,ENG,UEFA,False,False,False,False,False,True
Leonidas Stergiou,ch SUI,DF,Stuttgart,de Bundesliga,22.0,2002.0,12,11,852,9.5,1,2,3,1,0,0,0,1,1.1,1.1,0.9,2.0,11,39,32,0.32,0.21,3,1,33.3,0.32,0.11,0.33,1.0,17.3,0,0.35,-0.1,-0.1,440,534,82.4,6941,2177,0.7,1.1,4,30,1,0,451,80,5,1,0,13,75,0,0,0,0,3,9,12,1.27,9,1,2,0,0,0,6,0.63,24,13,9,11,4,19,84.2,3,16,5,11,14,38,39,0,642,32,171,322,152,9,642,6,4,66.7,2,33.3,339,1536,640,13,2,6,4,376,71,27.8,77.0,5,1,2.0,4,1.58,17,15,2,0.21,-0.16,13.3,11.3,2.0,0.21,0,6,0,1,0,0,0,35,6,8,42.9,DEF,507345.0,exact,507345.0,2025-06-05,5000000.0,507345,2002-03-03,Switzerland,2026-06-30,181.0,right,22.833675564681723,17.904073587385017,15.424948670398354,521.3767397931432,Developing,True,False,False,False,False,SUI,UEFA,False,False,False,False,False,True
John Stones,eng ENG,"DF,MF",Manchester City,eng Premier League,30.0,1994.0,11,6,548,6.1,2,0,2,2,0,0,1,0,0.4,0.4,0.1,0.5,10,21,2,0.33,0.08,2,2,100.0,0.33,0.33,1.0,1.0,5.1,0,0.22,1.6,1.6,367,403,91.1,6382,1601,0.2,-0.1,2,42,0,0,389,13,7,0,3,0,0,0,0,0,0,1,2,8,1.31,8,0,0,0,0,0,2,0.33,6,2,3,2,1,5,100.0,0,5,3,2,4,10,19,1,442,40,142,234,68,4,442,2,2,100.0,0,0.0,292,2146,1183,14,0,2,0,333,50,16.0,74.0,3,5,21.0,4,2.0,14,11,3,0.49,-0.29,9.8,5.7,4.1,0.67,0,2,2,0,0,0,0,22,8,6,57.1,DEF,186590.0,exact,186590.0,2025-05-30,25000000.0,186590,1994-05-28,England,2026-06-30,188.0,right,30.598220396988363,17.904073587385017,17.034386422832473,936.2510914626747,Declining,False,True,False,False,False,ENG,UEFA,False,False,False,False,False,True
Álex Suárez,es ESP,DF,Las Palmas,es La Liga,31.0,1993.0,30,30,2460,27.3,0,0,0,0,0,0,12,0,0.5,0.5,0.1,0.6,6,53,3,0.0,0.02,6,3,50.0,0.22,0.11,0.0,0.0,14.9,0,0.09,-0.5,-0.5,1165,1357,85.9,21803,7921,0.2,-0.1,3,50,3,0,1210,146,71,1,9,1,34,0,0,0,0,1,13,14,0.51,12,0,0,2,0,0,2,0.07,40,23,30,9,1,27,74.1,7,39,24,15,13,53,107,2,1609,225,877,684,53,19,1609,2,0,0.0,2,100.0,816,3700,1912,4,0,12,1,1020,82,71.9,82.0,18,0,,5,0.93,28,45,-17,-0.62,-0.25,25.0,47.4,-22.4,-0.82,0,27,21,1,0,1,2,68,25,48,34.2,DEF,510396.0,exact,510396.0,2024-06-07,1200000.0,510396,1993-03-18,Spain,2028-06-30,180.0,right,31.79192334017796,41.9185282522996,13.997832948091215,1010.7263896677521,Declining,False,False,True,False,False,ESP,UEFA,False,False,False,False,False,True
Gabriel Suazo,cl CHI,DF,Toulouse,fr Ligue 1,26.0,1997.0,30,23,2163,24.0,0,6,6,0,0,0,0,0,0.8,0.8,3.8,4.7,42,109,118,0.25,0.19,7,4,57.1,0.29,0.17,0.0,0.0,17.1,2,0.12,-0.8,-0.8,994,1248,79.6,15858,6514,4.8,2.2,40,75,38,12,1031,214,36,3,9,78,158,20,14,4,0,3,27,82,3.41,60,18,1,0,2,1,11,0.46,59,39,25,22,12,72,41.7,42,27,3,24,36,95,40,1,1484,54,355,673,473,39,1484,39,25,64.1,11,28.2,782,3335,1955,36,8,36,14,889,72,70.7,86.0,17,7,26.0,1,1.07,32,33,-1,-0.04,-0.24,36.4,27.9,8.5,0.36,0,32,29,2,0,0,1,125,13,19,40.6,DEF,385105.0,exact,385105.0,2025-06-03,4000000.0,385105,1997-08-09,Chile,2028-06-30,178.0,left,27.397672826830938,41.9185282522996,15.201805169084134,750.6324763260703,Peak,False,False,False,True,False,CHI,CONMEBOL,False,False,False,True,False,False
Yukinari Sugawara,jp JPN,"DF,MF",Southampton,eng Premier League,24.0,2000.0,30,16,1557,17.3,1,1,2,1,0,0,4,0,0.5,0.5,2.2,2.7,33,72,78,0.12,0.16,14,5,35.7,0.81,0.29,0.07,0.2,20.2,1,0.03,0.5,0.5,713,891,80.0,11241,3454,2.5,-1.2,17,47,21,9,765,124,17,1,7,70,97,10,4,6,0,2,22,39,2.25,30,5,1,3,0,0,1,0.06,31,18,16,14,1,31,61.3,12,21,10,11,11,42,53,3,1066,67,327,410,334,29,1066,20,9,45.0,10,50.0,564,2569,1384,16,7,18,5,709,52,45.5,76.0,6,14,24.0,5,0.33,13,46,-33,-1.91,-0.6,16.9,40.2,-23.3,-1.34,0,15,10,4,0,2,0,44,5,9,35.7,DEF,405385.0,exact,405385.0,2025-05-30,11000000.0,405385,2000-06-28,Japan,2026-06-30,179.0,right,24.511978097193705,17.904073587385017,16.213405921671733,600.8370702373039,Developing,False,True,False,False,False,JPN,AFC,True,False,False,False,False,False
Niklas Süle,de GER,DF,Dortmund,de Bundesliga,28.0,1995.0,15,12,1053,11.7,0,0,0,0,0,0,1,0,0.6,0.6,0.1,0.7,15,47,10,0.0,0.06,9,2,22.2,0.77,0.17,0.0,0.0,16.2,0,0.07,-0.6,-0.6,870,938,92.8,15061,5368,0.4,-0.1,3,74,0,0,895,41,19,0,4,1,8,0,0,0,0,2,2,15,1.28,14,0,0,0,1,0,1,0.09,14,12,9,5,0,14,71.4,4,11,6,5,4,18,46,1,1038,103,436,531,75,9,1038,7,3,42.9,4,57.1,668,2836,1539,12,0,3,0,798,70,34.4,80.0,5,3,31.0,6,2.07,27,18,9,0.77,0.28,21.3,19.8,1.4,0.12,0,5,2,0,0,1,0,53,12,6,66.7,DEF,166601.0,exact,166601.0,2025-06-05,8000000.0,166601,1995-09-03,Germany,2026-06-30,195.0,right,29.3305954825462,17.904073587385017,15.894952224644102,860.2838313607596,Peak,True,False,False,False,False,GER,UEFA,False,False,False,False,False,True
Daniel Svensson,se SWE,"DF,FW",Dortmund,de Bundesliga,22.0,2002.0,12,8,781,8.7,1,3,4,1,0,0,0,0,0.8,0.8,1.2,1.9,11,41,51,0.46,0.22,6,2,33.3,0.69,0.23,0.17,0.5,13.1,0,0.13,0.2,0.2,394,497,79.3,6346,2266,1.3,1.8,10,29,11,4,412,85,10,0,3,36,56,19,15,0,0,0,12,20,2.3,16,4,0,0,0,0,3,0.35,15,11,5,6,4,11,63.6,4,10,4,6,5,20,30,0,580,24,146,214,224,25,580,5,1,20.0,3,60.0,303,1155,557,6,5,6,7,358,65,25.5,89.0,7,4,18.0,0,2.33,28,11,17,1.96,1.84,20.4,13.4,7.0,0.8,0,4,7,1,0,0,0,31,6,15,28.6,DEF,579287.0,exact,579287.0,2025-06-05,12000000.0,579287,2002-02-12,Sweden,2029-06-30,183.0,left,22.885694729637233,53.90932982917214,16.300417291085605,523.7550232581455,Developing,True,False,False,False,False,SWE,UEFA,False,False,False,False,False,True
Abakar Sylla,ci CIV,DF,Strasbourg,fr Ligue 1,21.0,2002.0,21,10,950,10.6,1,0,1,1,0,0,2,1,0.4,0.4,0.1,0.5,0,21,3,0.09,0.05,5,1,20.0,0.47,0.09,0.2,1.0,9.0,0,0.08,0.6,0.6,583,658,88.6,9980,3603,0.1,-0.1,1,21,1,0,589,69,25,0,1,1,12,0,0,0,0,0,7,4,0.38,3,0,0,1,0,0,1,0.09,27,15,14,11,2,17,88.2,2,18,10,8,11,38,63,0,791,151,510,258,26,9,791,6,3,50.0,3,50.0,425,1490,618,1,0,5,4,497,45,31.0,78.0,7,11,15.0,9,1.71,15,21,-6,-0.57,-1.34,15.6,20.3,-4.7,-0.45,0,17,7,0,0,0,1,39,20,15,57.1,DEF,962555.0,exact,962555.0,2025-06-03,10000000.0,962555,2002-12-25,Cote d'Ivoire,2026-06-30,188.0,left,22.02053388090349,17.904073587385017,16.118095750958314,484.9039124000185,Developing,False,False,False,True,False,CIV,CAF,False,True,False,False,False,False
Issiaga Sylla,gn GUI,DF,Montpellier,fr Ligue 1,30.0,1994.0,19,15,1156,12.8,1,0,1,1,0,0,2,0,1.8,1.8,0.6,2.4,33,53,46,0.08,0.19,11,2,18.2,0.86,0.16,0.09,0.5,13.2,0,0.17,-0.8,-0.8,435,563,77.3,7255,3005,0.7,-0.6,7,45,16,10,478,84,7,2,3,36,77,0,0,0,0,1,16,20,1.62,12,6,1,1,0,0,2,0.16,25,10,17,7,1,29,51.7,14,13,4,9,10,35,34,1,683,50,191,338,161,14,683,15,9,60.0,6,40.0,335,1985,1097,23,1,16,8,394,61,37.8,72.0,8,4,19.0,1,0.58,10,26,-16,-1.25,0.65,15.3,23.0,-7.7,-0.62,0,13,6,3,0,0,0,51,22,18,55.0,DEF,220878.0,exact,220878.0,2025-06-03,1500000.0,220878,1994-01-01,Guinea,2027-06-30,180.0,left,31.000684462696782,29.894875164257556,14.220976332738882,961.0424371556896,Declining,False,False,False,True,False,GUI,CAF,False,True,False,False,False,False
Nicolás Tagliafico,ar ARG,DF,Lyon,fr Ligue 1,31.0,1992.0,24,22,1902,21.1,3,1,4,3,0,0,7,0,3.0,3.0,0.8,3.8,31,97,81,0.19,0.18,28,7,25.0,1.32,0.33,0.11,0.43,14.2,0,0.11,0.0,0.0,1159,1338,86.6,17462,5435,1.4,0.2,5,72,8,3,1179,155,23,0,1,37,132,0,0,0,0,4,24,28,1.32,24,0,0,2,2,0,6,0.28,57,37,24,22,11,48,60.4,19,25,7,18,36,93,55,0,1582,77,454,786,350,46,1582,8,1,12.5,4,50.0,822,3159,1666,27,4,21,4,1024,79,62.2,86.0,18,2,4.0,3,1.67,43,29,14,0.66,0.27,39.8,28.2,11.6,0.55,0,41,27,1,2,0,0,102,25,26,49.0,DEF,131225.0,exact,131225.0,2025-06-03,6000000.0,131225,1992-08-31,Argentina,2027-06-30,172.0,left,32.336755646817245,29.894875164257556,15.607270193858982,1045.665765761967,Declining,False,False,False,True,False,ARG,CONMEBOL,False,False,False,True,False,False
Jonathan Tah,de GER,DF,Leverkusen,de Bundesliga,28.0,1996.0,33,33,2970,33.0,3,0,3,3,0,0,3,0,1.1,1.1,0.4,1.5,15,169,9,0.09,0.05,24,7,29.2,0.73,0.21,0.13,0.43,14.0,0,0.05,1.9,1.9,2145,2309,92.9,38573,15060,1.9,-0.4,4,202,6,3,2252,54,41,2,4,6,5,0,0,0,0,3,7,30,0.91,25,0,2,2,1,0,5,0.15,19,12,12,6,1,16,62.5,6,22,16,6,36,55,157,2,2626,224,888,1597,147,43,2626,5,3,60.0,2,40.0,1551,8110,4531,23,0,16,10,1888,90,97.1,90.0,33,0,,0,2.0,71,43,28,0.85,-0.15,55.1,35.5,19.6,0.59,0,16,5,0,0,0,0,165,77,23,77.0,DEF,196357.0,exact,196357.0,2025-06-05,30000000.0,196357,1996-02-11,Germany,2029-06-30,195.0,right,28.889801505817932,53.90932982917214,17.216707972959764,834.62063104556,Peak,True,False,False,False,False,GER,UEFA,False,False,False,False,False,True
Edmond Tapsoba,bf BFA,DF,Leverkusen,de Bundesliga,25.0,1999.0,29,29,2507,27.9,0,0,0,0,0,0,4,0,1.1,1.1,0.2,1.3,52,164,17,0.0,0.05,21,2,9.5,0.75,0.07,0.0,0.0,19.4,0,0.05,-1.1,-1.1,1703,1972,86.4,29215,10275,1.3,-0.2,4,195,9,2,1841,130,50,1,9,8,67,0,0,0,0,1,14,34,1.22,29,1,1,2,1,0,6,0.22,39,24,19,16,4,39,56.4,17,21,14,7,24,63,89,3,2214,145,692,1279,255,23,2214,19,11,57.9,8,42.1,1326,7109,4141,39,1,16,5,1564,86,81.9,86.0,24,0,,2,1.93,58,37,21,0.75,-0.55,47.7,30.0,17.6,0.63,0,34,6,1,0,1,1,124,54,32,62.8,DEF,564545.0,exact,564545.0,2025-06-05,35000000.0,564545,1999-02-02,Burkina Faso,2031-06-30,194.0,right,25.913757700205338,77.8909329829172,17.370858648025116,671.5228381449514,Developing,True,False,False,False,False,BFA,CAF,False,True,False,False,False,False
James Tarkowski,eng ENG,DF,Everton,eng Premier League,31.0,1992.0,33,33,2922,32.5,1,1,2,1,0,0,6,0,1.3,1.3,2.9,4.2,9,75,3,0.06,0.13,15,4,26.7,0.46,0.12,0.07,0.25,8.4,0,0.09,-0.3,-0.3,1045,1290,81.0,22119,8229,2.4,-1.9,16,83,11,0,1204,77,46,2,13,1,3,0,0,0,0,9,12,38,1.17,32,2,0,4,0,0,4,0.12,64,40,39,22,3,39,61.5,15,57,42,15,41,105,213,4,1706,355,974,635,106,57,1706,7,5,71.4,2,28.6,727,3610,1943,10,0,13,7,927,89,85.4,89.0,31,0,,0,1.15,34,38,-4,-0.12,-0.48,35.5,39.5,-4.0,-0.12,0,35,28,2,0,1,0,98,102,33,75.6,DEF,173504.0,exact,173504.0,2025-05-30,9000000.0,173504,1992-11-19,England,2028-06-30,185.0,right,32.11772758384668,41.9185282522996,16.012735246411598,1031.548425150186,Declining,False,True,False,False,False,ENG,UEFA,False,False,False,False,False,True
César Tárrega,es ESP,DF,Valencia,es La Liga,22.0,2002.0,34,34,3026,33.6,2,0,2,2,0,0,7,0,1.9,1.9,0.1,2.1,20,79,1,0.06,0.06,20,6,30.0,0.59,0.18,0.1,0.33,10.3,0,0.1,0.1,0.1,1428,1692,84.4,27168,9416,0.2,-0.1,3,79,1,0,1608,79,47,0,10,1,1,0,0,0,0,5,14,10,0.3,9,0,0,1,0,0,0,0.0,49,37,33,13,3,31,61.3,12,41,20,21,22,71,222,2,2096,330,1141,914,58,37,2096,15,11,73.3,2,13.3,1134,6087,3641,10,0,16,4,1318,89,88.5,89.0,33,0,,3,1.24,37,45,-8,-0.24,0.22,37.8,44.1,-6.3,-0.19,0,56,15,0,0,2,2,104,87,62,58.4,DEF,707274.0,exact,707274.0,2025-06-09,10000000.0,707274,2002-02-26,Spain,2030-06-30,194.0,right,22.847364818617386,65.90013140604468,16.118095750958314,522.0020791549955,Developing,False,False,True,False,False,ESP,UEFA,False,False,False,False,False,True
Nuno Tavares,pt POR,DF,Lazio,it Serie A,24.0,2000.0,23,22,1686,18.7,0,8,8,0,0,0,4,1,1.1,1.1,4.8,5.9,98,111,100,0.43,0.32,28,5,17.9,1.49,0.27,0.0,0.0,24.6,5,0.04,-1.1,-1.1,820,1042,78.7,13097,5090,4.9,3.2,33,69,44,23,854,187,38,2,6,126,140,9,4,4,0,1,29,63,3.37,49,3,7,2,2,0,11,0.59,28,21,15,8,5,34,41.2,20,21,3,18,21,49,44,2,1302,61,349,548,435,39,1302,105,49,46.7,43,41.0,736,5619,3359,67,20,45,32,811,73,49.3,75.0,5,1,31.0,3,1.83,27,23,4,0.21,-0.2,25.7,17.7,8.0,0.43,1,18,30,1,0,1,0,104,11,11,50.0,DEF,535955.0,exact,535955.0,2025-06-17,25000000.0,535955,2000-01-26,Portugal,2029-06-30,183.0,left,24.933607118412045,53.90932982917214,17.034386422832473,621.6847639353279,Developing,False,False,False,False,True,POR,UEFA,False,False,False,False,False,True
Charlie Taylor,eng ENG,DF,Southampton,eng Premier League,30.0,1993.0,8,3,356,4.0,0,0,0,0,0,0,1,0,0.0,0.0,0.1,0.1,3,9,7,0.0,0.02,0,0,,0.0,0.0,,,,0,,0.0,0.0,196,223,87.9,3602,910,0.2,-0.1,1,9,3,1,192,30,7,0,0,9,21,2,1,1,0,1,3,2,0.51,2,0,0,0,0,0,1,0.25,7,5,4,3,0,7,71.4,2,8,5,3,5,12,31,1,279,35,121,120,39,2,279,2,2,100.0,0,0.0,116,500,187,3,0,1,1,172,45,10.4,90.0,3,5,17.0,6,0.13,3,12,-9,-2.28,-0.78,3.8,9.7,-5.9,-1.49,0,2,3,0,0,0,0,10,6,2,75.0,DEF,195633.0,exact,195633.0,2025-05-30,2200000.0,195633,1993-09-18,England,2026-06-30,183.0,left,31.288158795345655,17.904073587385017,14.603968372873895,978.9488808027656,Declining,False,True,False,False,False,ENG,UEFA,False,False,False,False,False,True
Jackson Tchatchoua,cm CMR,"DF,MF",Hellas Verona,it Serie A,22.0,2001.0,36,36,3167,35.2,2,3,5,2,0,0,7,1,1.6,1.6,2.8,4.5,88,72,163,0.14,0.13,18,3,16.7,0.51,0.09,0.11,0.67,20.2,0,0.09,0.4,0.4,837,1126,74.3,12483,4001,3.0,0.2,34,39,29,18,920,202,8,2,6,118,194,0,0,0,0,4,35,60,1.71,53,3,1,2,0,1,3,0.09,50,31,34,13,3,43,65.1,15,21,9,12,14,64,75,2,1403,83,370,559,494,35,1403,40,21,52.5,16,40.0,685,4475,2400,59,18,50,15,748,88,92.6,88.0,33,0,,0,0.94,30,61,-31,-0.88,-0.53,31.9,49.2,-17.3,-0.49,0,26,11,8,0,1,0,121,30,34,46.9,DEF,848509.0,exact,848509.0,2025-06-17,8000000.0,848509,2001-09-14,Cameroon,2030-06-30,180.0,right,23.299110198494184,65.90013140604468,15.894952224644102,542.8485360415757,Developing,False,False,False,False,True,CMR,CAF,False,True,False,False,False,False
Enzo Tchato,cm CMR,DF,Montpellier,fr Ligue 1,21.0,2002.0,27,21,1899,21.1,0,0,0,0,0,0,3,0,0.1,0.1,1.5,1.7,44,62,95,0.0,0.08,4,2,50.0,0.19,0.09,0.0,0.0,24.7,0,0.03,-0.1,-0.1,757,1010,75.0,12674,4703,1.2,-1.5,14,46,13,12,807,196,20,1,0,77,176,0,0,0,0,7,28,33,1.56,27,5,1,0,0,0,0,0.0,48,26,26,18,4,44,59.1,18,30,10,20,22,70,59,0,1204,79,346,577,295,14,1204,14,6,42.9,7,50.0,532,3083,1735,34,3,16,5,670,70,62.1,80.0,13,6,36.0,0,0.56,19,50,-31,-1.47,0.47,24.7,38.2,-13.5,-0.64,0,21,16,2,0,0,0,60,19,12,61.3,DEF,842338.0,exact,842338.0,2025-06-03,2500000.0,842338,2002-11-23,Cameroon,2027-06-30,182.0,right,22.10814510609172,29.894875164257556,14.731801689838349,488.77008003200723,Developing,False,False,False,True,False,CMR,CAF,False,True,False,False,False,False
Aurélien Tchouaméni,fr FRA,"DF,MF",Real Madrid,es La Liga,24.0,2000.0,32,31,2689,29.9,0,0,0,0,0,0,5,0,1.7,1.7,0.6,2.2,19,154,13,0.0,0.07,19,3,15.8,0.64,0.1,0.0,0.0,17.1,0,0.09,-1.7,-1.7,1869,2025,92.3,32598,10694,0.9,-0.6,5,176,9,1,1936,86,57,0,9,12,6,0,0,0,0,3,10,34,1.14,33,1,0,0,0,0,0,0.0,47,23,25,19,3,41,51.2,20,34,25,9,46,93,92,1,2324,216,798,1332,207,25,2324,16,10,62.5,3,18.8,1440,7111,3821,16,1,23,8,1689,84,78.6,86.0,27,1,10.0,0,2.06,56,31,25,0.84,-1.01,51.1,34.5,16.6,0.56,0,26,24,0,0,1,0,143,74,27,73.3,DEF,413112.0,exact,413112.0,2025-06-09,75000000.0,413112,2000-01-27,France,2028-06-30,188.0,right,24.930869267624914,41.9185282522996,18.132998684833918,621.5482424394044,Developing,False,False,True,False,False,FRA,UEFA,False,False,False,False,False,True
Nahuel Tenaglia,ar ARG,DF,Alavés,es La Liga,28.0,1996.0,34,33,2922,32.5,2,1,3,2,0,0,11,0,2.2,2.2,1.6,3.7,42,103,98,0.09,0.12,27,8,29.6,0.83,0.25,0.07,0.25,15.5,0,0.08,-0.2,-0.2,1017,1410,72.1,17640,8188,1.4,-0.6,19,85,19,9,1044,358,11,0,4,85,344,0,0,0,0,8,35,51,1.57,28,10,2,2,8,1,4,0.12,96,61,61,30,5,88,60.2,35,33,9,24,47,143,123,2,1835,105,575,808,466,48,1835,35,17,48.6,13,37.1,757,3858,2004,41,5,36,15,829,86,85.4,88.0,30,1,19.0,1,1.03,30,40,-10,-0.31,-0.31,36.6,40.6,-4.0,-0.12,0,37,45,2,3,0,0,117,46,52,46.9,DEF,533568.0,exact,533568.0,2025-06-09,3000000.0,533568,1996-02-21,Argentina,2029-06-30,181.0,right,28.862422997946613,53.90932982917214,14.914123179965662,833.0394613123975,Peak,False,False,True,False,False,ARG,CONMEBOL,False,False,False,True,False,False
Filippo Terracciano,it ITA,"DF,MF",Milan,it Serie A,21.0,2003.0,13,6,539,6.0,0,0,0,0,0,0,3,0,0.2,0.2,0.1,0.3,5,14,9,0.0,0.04,3,1,33.3,0.5,0.17,0.0,0.0,20.9,0,0.06,-0.2,-0.2,226,257,87.9,3828,822,0.1,-0.1,2,21,1,1,219,38,7,1,1,3,31,0,0,0,0,0,2,4,0.67,3,1,0,0,0,0,0,0.0,9,6,1,6,2,10,50.0,5,1,0,1,6,15,11,0,303,10,93,169,43,3,303,2,0,0.0,2,100.0,162,642,338,3,0,1,5,194,41,15.8,82.0,4,7,7.0,25,1.85,7,6,1,0.17,-0.36,8.3,7.4,0.9,0.14,0,11,9,1,0,0,0,21,10,5,66.7,DEF,631007.0,exact,631007.0,2025-06-17,3200000.0,631007,2003-02-08,Italy,2026-06-30,186.0,right,21.897330595482547,17.904073587385017,14.978661680269907,479.49308720785604,Emerging,False,False,False,False,True,ITA,UEFA,False,False,False,False,False,True
Kenny Tete,nl NED,DF,Fulham,eng Premier League,28.0,1995.0,22,21,1774,19.7,0,2,2,0,0,0,5,0,1.4,1.4,0.9,2.3,34,63,54,0.1,0.12,24,2,8.3,1.22,0.1,0.0,0.0,15.5,0,0.06,-1.4,-1.4,772,956,80.8,12358,4026,0.7,1.1,9,65,13,6,799,153,6,1,2,38,147,0,0,0,0,4,23,36,1.83,28,0,2,3,2,1,4,0.2,56,38,29,14,13,38,60.5,15,31,12,19,32,88,67,0,1205,79,402,484,329,37,1205,20,9,45.0,6,30.0,611,2851,1336,21,7,17,10,695,81,51.9,84.0,15,1,9.0,2,1.36,24,26,-2,-0.1,-0.21,25.7,25.1,0.6,0.03,0,35,16,1,0,0,0,74,24,22,52.2,DEF,206746.0,exact,206746.0,2025-05-30,13000000.0,206746,1995-10-09,Netherlands,2028-06-30,180.0,right,29.232032854209447,41.9185282522996,16.380459992348886,854.5117447895805,Peak,False,True,False,False,False,NED,UEFA,False,False,False,False,False,True
Jordan Teze,nl NED,DF,Monaco,fr Ligue 1,24.0,1999.0,16,8,569,6.3,1,0,1,1,0,0,2,1,1.2,1.2,1.5,2.7,9,31,41,0.16,0.43,5,2,40.0,0.79,0.32,0.2,0.5,13.8,0,0.24,-0.2,-0.2,287,363,79.1,4858,1860,2.0,-1.5,13,28,9,3,289,73,7,1,1,12,63,3,1,0,0,1,9,19,3.01,19,0,0,0,0,0,0,0.0,18,9,8,9,1,16,43.8,9,12,1,11,6,24,15,0,434,15,100,215,124,15,434,10,5,50.0,4,40.0,171,797,452,11,2,8,3,237,36,18.6,61.0,0,8,10.0,3,2.13,12,4,8,1.27,0.76,12.7,6.3,6.4,1.01,0,10,3,1,0,0,0,29,7,8,46.7,DEF,364245.0,exact,364245.0,2025-06-03,9000000.0,364245,1999-09-30,Netherlands,2029-06-30,183.0,right,25.256673511293634,53.90932982917214,16.012735246411598,637.8995568560815,Developing,False,False,False,True,False,NED,UEFA,False,False,False,False,False,True
Arthur Theate,be BEL,DF,Eint Frankfurt,de Bundesliga,24.0,2000.0,31,31,2704,30.0,0,0,0,0,0,0,6,1,2.4,2.4,1.0,3.4,50,171,24,0.0,0.11,36,9,25.0,1.2,0.3,0.0,0.0,19.2,1,0.07,-2.4,-2.4,1539,1863,82.6,28003,10918,1.7,-1.0,13,184,22,5,1694,164,39,7,13,26,97,0,0,0,0,5,18,47,1.56,35,1,0,6,3,2,7,0.23,36,25,19,16,1,44,50.0,22,42,19,23,39,75,170,3,2230,237,902,1134,213,33,2230,13,10,76.9,3,23.1,1321,6297,3611,36,1,21,7,1431,87,88.4,87.0,26,0,,0,1.74,57,39,18,0.6,-0.41,54.9,42.3,12.5,0.42,1,14,23,1,0,0,0,123,54,44,55.1,DEF,368891.0,exact,368891.0,2025-06-05,24000000.0,368891,2000-05-25,Belgium,2029-06-30,185.0,left,24.605065023956193,53.90932982917214,16.993564429978885,605.4092248331124,Developing,True,False,False,False,False,BEL,UEFA,False,False,False,False,False,True
Malick Thiaw,de GER,DF,Milan,it Serie A,22.0,2001.0,22,19,1806,20.1,0,0,0,0,0,0,2,0,0.6,0.6,0.1,0.7,12,89,1,0.0,0.04,7,0,0.0,0.35,0.0,0.0,,9.4,0,0.08,-0.6,-0.6,1181,1269,93.1,23117,7754,0.2,-0.1,4,87,1,0,1213,51,34,2,6,3,2,0,0,0,0,5,2,21,1.05,19,0,0,2,0,0,1,0.05,24,17,15,6,3,10,60.0,4,14,12,2,15,39,76,1,1432,133,670,720,50,15,1432,4,3,75.0,1,25.0,905,4167,2180,11,0,8,2,1044,82,52.8,89.0,18,3,40.0,12,1.68,29,23,6,0.3,-0.37,35.7,20.6,15.2,0.76,0,24,6,1,0,0,3,65,49,27,64.5,DEF,521964.0,exact,521964.0,2025-06-17,18000000.0,521964,2001-08-08,Germany,2029-06-30,194.0,right,23.40041067761807,53.90932982917214,16.705882371415992,547.5792198811818,Developing,False,False,False,False,True,GER,UEFA,False,False,False,False,False,True
Luke Thomas,eng ENG,DF,Leicester City,eng Premier League,23.0,2001.0,14,13,1110,12.3,0,0,0,0,0,0,3,0,0.4,0.4,0.5,0.9,5,37,16,0.0,0.07,5,0,0.0,0.41,0.0,0.0,,16.8,0,0.07,-0.4,-0.4,493,629,78.4,8065,2702,0.5,-0.5,9,32,5,2,518,108,20,0,0,29,80,8,4,3,0,3,14,16,1.3,12,3,0,0,0,1,1,0.08,31,25,23,5,3,41,51.2,20,15,6,9,21,52,49,1,775,50,294,366,120,8,775,6,3,50.0,3,50.0,371,1457,585,8,2,12,4,431,79,32.5,85.0,9,1,4.0,11,0.57,8,23,-15,-1.22,0.03,8.2,24.5,-16.2,-1.32,0,16,10,0,0,1,0,42,13,11,54.2,DEF,505194.0,exact,505194.0,2025-05-30,6000000.0,505194,2001-06-10,England,2029-06-30,181.0,left,23.561943874058862,53.90932982917214,15.607270193858982,555.1651991243,Developing,False,True,False,False,False,ENG,UEFA,False,False,False,False,False,True
Jurriën Timber,nl NED,DF,Arsenal,eng Premier League,23.0,2001.0,30,27,2417,26.9,1,3,4,1,0,0,7,0,1.2,1.2,0.8,2.1,57,146,104,0.15,0.08,14,4,28.6,0.52,0.15,0.07,0.25,14.1,0,0.09,-0.2,-0.2,1194,1395,85.6,17327,4642,1.3,2.2,17,107,17,2,1188,204,22,2,1,28,182,0,0,0,0,3,25,52,1.94,46,1,3,0,1,1,9,0.34,58,38,17,30,11,27,66.7,9,19,4,15,22,80,44,1,1661,51,304,859,505,66,1661,53,24,45.3,24,45.3,890,3916,2076,27,11,33,24,1052,81,70.7,87.0,18,3,25.0,2,2.0,52,21,31,1.15,0.8,42.3,21.3,21.0,0.78,0,31,29,6,0,0,0,94,22,20,52.4,DEF,420243.0,exact,420243.0,2025-05-30,55000000.0,420243,2001-06-17,Netherlands,2028-06-30,179.0,right,23.54277891854894,41.9185282522996,17.822843761378564,554.2624392076724,Developing,False,True,False,False,False,NED,UEFA,False,False,False,False,False,True
Jean-Clair Todibo,fr FRA,DF,West Ham,eng Premier League,24.0,1999.0,27,20,1825,20.3,0,0,0,0,0,0,3,0,0.4,0.4,0.0,0.4,9,38,5,0.0,0.02,5,0,0.0,0.25,0.0,0.0,,12.8,0,0.07,-0.4,-0.4,951,1082,87.9,16772,5965,0.1,0.0,2,44,1,0,1046,33,28,0,4,3,5,0,0,0,0,3,7,5,0.25,4,0,0,0,0,1,0,0.0,47,28,30,15,2,36,72.2,10,25,13,12,26,73,83,3,1297,165,716,543,47,11,1297,16,9,56.3,7,43.8,760,3221,1602,5,0,14,11,890,68,53.4,80.0,9,7,31.0,5,1.37,30,33,-3,-0.15,0.59,26.6,29.4,-2.8,-0.14,0,16,6,0,0,0,0,79,28,26,51.9,DEF,605184.0,exact,605184.0,2025-05-30,25000000.0,605184,1999-12-30,France,2029-06-30,190.0,right,25.00752908966461,53.90932982917214,17.034386422832473,625.3765111704217,Developing,False,True,False,False,False,FRA,UEFA,False,False,False,False,False,True
John Tolkin,us USA,"DF,MF",Holstein Kiel,de Bundesliga,22.0,2002.0,11,9,737,8.2,0,2,2,0,0,0,0,0,0.1,0.1,0.7,0.7,6,17,12,0.24,0.09,3,0,0.0,0.37,0.0,0.0,,37.9,1,0.02,-0.1,-0.1,250,368,67.9,4390,1920,1.1,1.3,11,14,5,1,275,92,20,1,1,38,52,20,10,8,0,1,8,20,2.44,11,8,0,0,1,0,2,0.24,18,11,11,7,0,14,85.7,2,10,2,8,8,26,54,0,479,35,214,173,93,5,479,10,5,50.0,4,40.0,174,699,275,3,0,5,6,219,67,24.1,79.0,5,2,11.0,2,0.91,14,17,-3,-0.37,0.72,11.0,17.8,-6.8,-0.83,0,2,9,0,0,0,0,21,8,6,57.1,DEF,683812.0,exact,683812.0,2025-06-05,2500000.0,683812,2002-07-31,United States,2028-06-30,170.0,left,22.42299794661191,41.9185282522996,14.731801689838349,502.790836913762,Developing,True,False,False,False,False,USA,CONCACAF,False,False,True,False,False,False
Rafael Tolói,it ITA,DF,Atalanta,it Serie A,33.0,1990.0,11,2,468,5.2,0,0,0,0,0,0,1,0,0.1,0.1,0.2,0.3,5,26,5,0.0,0.05,3,0,0.0,0.58,0.0,0.0,,19.2,0,0.02,-0.1,-0.1,257,293,87.7,4198,1287,0.5,-0.2,3,20,5,0,286,6,5,0,1,2,1,0,0,0,0,1,0,7,1.35,5,0,0,0,1,1,0,0.0,10,5,3,5,2,11,36.4,7,8,2,6,8,18,11,0,340,19,108,182,55,3,340,3,2,66.7,1,33.3,195,836,444,6,0,6,3,234,43,13.7,86.0,1,9,33.0,16,2.36,8,2,6,1.15,0.09,10.5,5.4,5.1,0.98,0,6,2,0,0,0,0,33,9,1,90.0,DEF,72441.0,exact,72441.0,2025-06-17,1400000.0,72441,1990-10-10,Italy,2026-12-31,185.0,right,34.22861054072553,23.94875164257556,14.151983508870947,1171.5977795486672,Declining,False,False,False,False,True,ITA,UEFA,False,False,False,False,False,True
Fikayo Tomori,eng ENG,DF,Milan,it Serie A,26.0,1997.0,22,19,1593,17.7,0,1,1,0,0,0,4,1,0.1,0.1,0.7,0.8,8,63,3,0.06,0.05,2,0,0.0,0.11,0.0,0.0,,12.5,0,0.04,-0.1,-0.1,1019,1103,92.4,18036,6914,0.8,0.3,8,58,6,3,1025,76,39,2,4,6,26,0,0,0,0,2,5,22,1.24,18,0,0,0,0,4,3,0.17,40,25,21,16,3,25,68.0,8,17,12,5,20,60,61,2,1260,119,605,604,54,7,1260,2,2,100.0,0,0.0,721,3061,1681,9,0,9,2,871,72,46.6,83.0,15,3,5.0,15,1.77,28,22,6,0.34,-0.25,27.8,20.1,7.7,0.43,1,10,8,0,0,0,0,60,28,30,48.3,DEF,303254.0,exact,303254.0,2025-06-17,20000000.0,303254,1997-12-19,England,2027-06-30,185.0,right,27.0362765229295,29.894875164257556,16.811242881518265,730.9602482243089,Peak,False,False,False,False,True,ENG,UEFA,False,False,False,False,False,True
Pau Torres,es ESP,DF,Aston Villa,eng Premier League,27.0,1997.0,24,23,2020,22.4,0,0,0,0,0,0,2,0,0.5,0.5,0.1,0.6,40,97,8,0.0,0.03,8,2,25.0,0.36,0.09,0.0,0.0,11.7,0,0.06,-0.5,-0.5,1217,1369,88.9,21319,7907,0.4,-0.1,3,110,8,0,1248,117,67,4,12,3,3,0,0,0,0,4,4,14,0.62,11,0,0,3,0,0,2,0.09,21,15,11,8,2,17,58.8,7,16,11,5,10,31,75,2,1518,237,701,726,97,17,1518,17,15,88.2,2,11.8,965,6359,4176,27,0,6,5,1090,84,59.1,87.0,22,1,21.0,4,1.58,30,33,-3,-0.13,-0.78,30.7,29.5,1.3,0.06,0,8,7,0,0,0,0,62,18,29,38.3,DEF,399776.0,exact,399776.0,2025-05-30,32000000.0,399776,1997-01-16,Spain,2028-06-30,192.0,left,27.958932238193018,41.9185282522996,17.281246492014,781.7018918998689,Peak,False,True,False,False,False,ESP,UEFA,False,False,False,False,False,True
Conor Townsend,eng ENG,DF,Ipswich Town,eng Premier League,31.0,1993.0,6,3,335,3.7,0,1,1,0,0,0,1,0,0.0,0.0,0.7,0.7,2,8,13,0.27,0.18,1,0,0.0,0.27,0.0,0.0,,16.7,0,0.03,0.0,0.0,80,127,63.0,1418,756,0.2,0.3,4,7,2,2,98,28,4,1,0,12,20,4,3,1,0,1,3,5,1.34,4,1,0,0,0,0,1,0.27,11,8,9,2,0,11,72.7,3,8,6,2,4,15,16,0,172,28,87,50,38,5,172,0,0,,0,,53,278,136,2,0,2,2,75,56,9.8,87.0,2,3,25.0,26,0.83,5,6,-1,-0.27,1.04,3.0,8.0,-5.0,-1.35,0,2,4,0,0,0,0,8,6,4,60.0,DEF,146509.0,exact,146509.0,2025-05-30,800000.0,146509,1993-03-04,England,2026-06-30,183.0,left,31.83025325119781,17.904073587385017,13.592368256649284,1013.1650220353888,Declining,False,True,False,False,False,ENG,UEFA,False,False,False,False,False,True
Hamari Traoré,ml MLI,DF,Real Sociedad,es La Liga,32.0,1992.0,11,9,700,7.8,0,1,1,0,0,0,2,0,0.0,0.0,0.2,0.3,12,26,20,0.13,0.04,1,0,0.0,0.13,0.0,0.0,,14.8,0,0.04,0.0,0.0,381,460,82.8,6499,2206,0.4,0.8,3,17,5,2,371,89,12,0,1,9,77,0,0,0,0,0,8,13,1.67,11,1,1,0,0,0,2,0.26,19,12,10,7,2,22,68.2,7,6,2,4,9,28,21,0,529,22,155,291,88,9,529,10,6,60.0,4,40.0,252,987,455,2,5,6,1,299,64,20.5,71.0,1,2,29.0,6,1.09,8,7,1,0.13,0.53,7.6,9.5,-1.9,-0.24,0,12,3,0,0,0,0,29,9,9,50.0,DEF,297070.0,exact,297070.0,2025-06-09,2000000.0,297070,1992-01-27,Mali,2027-06-30,175.0,right,32.930869267624914,29.894875164257556,14.508658238524095,1084.442150721403,Declining,False,False,True,False,False,MLI,CAF,False,True,False,False,False,False
Omar Traoré,de GER,DF,Heidenheim,de Bundesliga,26.0,1998.0,30,30,2616,29.1,0,1,1,0,0,0,7,0,0.5,0.5,1.6,2.2,103,117,115,0.03,0.07,16,3,18.8,0.55,0.1,0.0,0.0,24.8,0,0.03,-0.5,-0.5,989,1399,70.7,17339,7260,3.3,-0.6,20,101,36,14,1151,247,12,0,5,107,232,1,0,0,0,1,65,54,1.86,42,3,4,2,3,0,2,0.07,50,26,31,16,3,41,61.0,16,35,6,29,21,71,66,0,1712,70,516,775,448,21,1712,64,25,39.1,31,48.4,922,5801,3338,53,6,40,22,994,87,85.5,87.0,24,0,,2,0.87,32,53,-21,-0.72,0.49,33.7,45.9,-12.2,-0.42,0,23,37,1,0,1,0,136,15,24,38.5,DEF,388294.0,exact,388294.0,2025-06-05,4000000.0,388294,1998-02-04,Germany,2026-06-30,187.0,right,26.90759753593429,17.904073587385017,15.201805169084134,724.0188051558171,Peak,True,False,False,False,False,GER,UEFA,False,False,False,False,False,True
Christopher Trimmel,at AUT,"DF,MF",Union Berlin,de Bundesliga,37.0,1987.0,26,20,1740,19.3,0,3,3,0,0,0,5,0,0.2,0.2,2.1,2.3,18,73,45,0.16,0.12,9,3,33.3,0.47,0.16,0.0,0.0,22.0,0,0.03,-0.2,-0.2,474,783,60.5,9565,4987,3.2,0.9,35,60,18,10,553,227,23,1,2,111,154,50,18,31,1,3,26,57,2.94,30,25,0,1,1,0,6,0.31,38,25,23,14,1,42,66.7,14,14,6,8,18,56,92,0,979,91,300,427,256,13,979,8,2,25.0,5,62.5,365,1582,691,7,2,10,8,423,67,56.9,81.0,11,6,21.0,7,1.38,20,28,-8,-0.41,0.13,18.3,24.4,-6.1,-0.32,0,14,5,1,0,0,0,63,23,13,63.9,DEF,75921.0,exact,75921.0,2025-06-05,600000.0,75921,1987-02-24,Austria,2027-06-30,189.0,right,37.85352498288843,29.894875164257556,13.304686600863562,1432.8893536301584,Declining,True,False,False,False,False,AUT,UEFA,False,False,False,False,False,True
Kieran Trippier,eng ENG,DF,Newcastle Utd,eng Premier League,33.0,1990.0,25,14,1309,14.5,0,3,3,0,0,0,1,0,0.1,0.1,1.4,1.5,26,117,58,0.21,0.1,4,0,0.0,0.28,0.0,0.0,,23.6,2,0.03,-0.1,-0.1,1036,1256,82.5,17676,6130,1.5,1.6,22,70,22,2,1007,246,50,3,3,82,133,62,26,8,15,3,16,54,3.71,32,20,0,2,0,0,6,0.41,38,21,18,14,6,36,61.1,14,11,3,8,12,50,49,0,1388,50,375,616,406,13,1388,8,4,50.0,4,50.0,609,2258,1224,14,4,11,8,847,52,38.3,77.0,2,11,21.0,6,1.6,29,18,11,0.76,0.33,26.8,17.2,9.6,0.66,0,16,11,2,0,0,0,68,22,15,59.5,DEF,95810.0,exact,95810.0,2025-05-30,4000000.0,95810,1990-09-19,England,2026-06-30,173.0,right,34.286105407255306,17.904073587385017,15.201805169084134,1175.5370239974216,Declining,False,True,False,False,False,ENG,UEFA,False,False,False,False,False,True
Adrien Truffert,fr FRA,"DF,MF",Rennes,fr Ligue 1,22.0,2001.0,33,31,2752,30.6,2,2,4,2,0,0,3,0,2.4,2.3,3.2,5.5,69,104,243,0.13,0.18,23,10,43.5,0.75,0.33,0.09,0.2,19.7,0,0.1,-0.4,-0.3,1263,1601,78.9,19719,6114,4.0,-1.2,39,56,39,20,1312,283,27,1,3,145,218,38,11,19,0,6,39,76,2.49,53,12,2,5,3,1,8,0.26,61,36,27,21,13,48,66.7,16,44,6,38,27,88,56,1,1906,71,455,791,674,57,1906,44,16,36.4,22,50.0,971,5126,2605,45,15,36,25,1186,83,89.9,88.0,25,2,17.0,0,1.24,44,49,-5,-0.16,-1.92,42.1,42.9,-0.8,-0.02,0,25,34,4,0,0,0,139,27,27,50.0,DEF,654539.0,exact,654539.0,2025-06-03,15000000.0,654539,2001-11-20,France,2030-06-30,176.0,left,23.11567419575633,65.90013140604468,16.52356082573315,534.334393524355,Developing,False,False,False,True,False,FRA,UEFA,False,False,False,False,False,True
Axel Tuanzebe,cd COD,DF,Ipswich Town,eng Premier League,26.0,1997.0,22,20,1710,19.0,0,1,1,0,0,0,5,1,0.2,0.2,0.3,0.5,10,61,15,0.05,0.03,4,0,0.0,0.21,0.0,0.0,,15.7,0,0.05,-0.2,-0.2,682,814,83.8,10396,4020,0.3,0.7,5,63,6,1,651,163,30,0,1,10,133,0,0,0,0,0,14,19,1.0,17,1,0,0,1,0,2,0.11,31,19,21,4,6,26,65.4,9,21,10,11,23,54,56,1,971,97,407,426,145,8,971,10,4,40.0,6,60.0,402,1698,826,7,1,11,1,516,78,50.0,84.0,12,2,14.0,0,0.64,17,37,-20,-1.05,0.32,17.0,31.3,-14.3,-0.75,1,17,12,0,0,0,1,49,22,18,55.0,DEF,342046.0,exact,342046.0,2025-05-30,5000000.0,342046,1997-11-14,DR Congo,2026-06-30,188.0,right,27.132101300479125,17.904073587385017,15.424948670398354,736.150920979461,Peak,False,True,False,False,False,COD,CAF,False,True,False,False,False,False
Tuta,br BRA,"DF,MF",Eint Frankfurt,de Bundesliga,25.0,1999.0,30,26,2274,25.3,2,1,3,2,0,0,8,0,1.1,1.1,0.3,1.4,11,78,12,0.12,0.06,13,5,38.5,0.51,0.2,0.15,0.4,12.1,0,0.08,0.9,0.9,1265,1442,87.7,22286,8026,0.7,0.7,4,79,11,0,1380,58,40,4,2,3,10,0,0,0,0,4,16,26,1.03,23,1,0,2,0,0,1,0.04,44,27,25,17,2,40,70.0,12,42,21,21,40,84,135,1,1772,215,831,838,108,26,1772,17,13,76.5,4,23.5,1007,4503,1884,9,2,22,7,1130,76,74.3,85.0,19,4,16.0,0,1.9,54,34,20,0.79,0.56,48.1,35.8,12.4,0.49,0,30,9,0,0,0,1,120,45,44,50.6,DEF,546213.0,exact,546213.0,2025-06-05,15000000.0,546213,1999-07-04,Brazil,,185.0,right,25.49760438056126,,16.52356082573315,650.1278291476167,Developing,True,False,False,False,False,BRA,CONMEBOL,False,False,False,True,False,False
Destiny Udogie,it ITA,DF,Tottenham,eng Premier League,21.0,2002.0,25,24,1924,21.4,0,1,1,0,0,0,2,0,0.3,0.3,1.5,1.8,54,121,94,0.05,0.08,5,1,20.0,0.23,0.05,0.0,0.0,15.1,0,0.06,-0.3,-0.3,972,1115,87.2,14117,4770,1.2,-0.5,16,89,6,1,944,170,28,0,0,19,142,0,0,0,0,1,34,36,1.68,31,0,0,1,1,3,3,0.14,75,47,42,26,7,48,68.8,15,40,6,34,22,97,36,1,1376,63,394,609,389,49,1376,32,13,40.6,16,50.0,758,4340,2352,40,12,37,19,819,77,56.3,80.0,14,1,4.0,5,1.12,36,35,1,0.05,0.17,34.5,33.3,1.2,0.06,0,29,38,3,0,0,1,111,13,13,50.0,DEF,556385.0,exact,556385.0,2025-05-30,40000000.0,556385,2002-11-28,Italy,2030-06-30,188.0,left,22.094455852156056,65.90013140604468,17.50439003707821,488.164979402873,Developing,False,True,False,False,False,ITA,UEFA,False,False,False,False,False,True
Lukas Ullrich,de GER,DF,Gladbach,de Bundesliga,20.0,2004.0,26,24,1903,21.1,1,2,3,1,0,0,4,0,0.9,0.9,1.8,2.7,31,39,71,0.14,0.13,8,2,25.0,0.38,0.09,0.13,0.5,13.2,0,0.11,0.1,0.1,647,850,76.1,9822,3416,1.9,0.2,8,29,9,6,713,134,5,1,0,47,129,0,0,0,0,3,39,28,1.32,24,1,1,1,1,0,5,0.24,25,16,18,6,1,42,35.7,27,26,9,17,23,48,74,1,1073,82,432,434,218,26,1073,24,8,33.3,13,54.2,531,2734,1370,19,4,21,12,612,73,62.2,77.0,5,2,25.0,3,1.35,38,37,1,0.05,0.28,31.1,38.7,-7.6,-0.36,0,22,17,0,0,2,0,73,14,19,42.4,DEF,787151.0,exact,787151.0,2025-06-05,8000000.0,787151,2004-03-16,Germany,2029-06-30,180.0,left,20.79671457905544,53.90932982917214,15.894952224644102,432.5033372826971,Emerging,True,False,False,False,False,GER,UEFA,False,False,False,False,False,True
Dayot Upamecano,fr FRA,DF,Bayern Munich,de Bundesliga,25.0,1998.0,20,20,1759,19.5,2,0,2,2,0,0,6,0,1.2,1.2,0.5,1.7,17,137,4,0.1,0.09,13,6,46.2,0.67,0.31,0.15,0.33,11.1,0,0.09,0.8,0.8,1805,1923,93.9,34017,11145,1.2,-0.5,7,197,3,1,1880,42,21,0,2,6,8,0,0,0,0,1,7,20,1.02,20,0,0,0,0,0,0,0.0,36,22,18,16,2,29,55.2,13,17,7,10,34,70,45,1,2101,96,626,1364,116,17,2101,6,3,50.0,3,50.0,1440,7122,4165,27,0,6,4,1632,88,57.5,88.0,16,0,,2,2.5,60,16,44,2.25,0.66,47.1,12.5,34.6,1.77,0,20,11,0,0,0,0,115,59,42,58.4,DEF,344695.0,exact,344695.0,2025-06-05,50000000.0,344695,1998-10-27,France,2030-06-30,186.0,right,26.182067077344286,65.90013140604468,17.72753358339242,685.5006364425556,Peak,True,False,False,False,False,FRA,UEFA,False,False,False,False,False,True
Josha Vagnoman,de GER,"DF,MF",Stuttgart,de Bundesliga,23.0,2000.0,26,19,1834,20.4,1,1,2,1,0,0,4,0,1.5,1.5,2.1,3.5,24,47,96,0.1,0.17,15,6,40.0,0.74,0.29,0.07,0.17,16.2,0,0.1,-0.5,-0.5,725,902,80.4,11327,3154,2.2,-1.1,22,36,18,9,781,121,11,1,1,43,110,0,0,0,0,0,27,29,1.42,25,1,1,1,1,0,1,0.05,26,14,11,13,2,34,50.0,17,16,2,14,14,40,57,1,1105,61,325,484,302,36,1105,28,8,28.6,17,60.7,541,2576,966,19,10,27,19,675,71,59.9,86.0,12,7,29.0,2,1.73,38,32,6,0.29,-0.07,38.3,26.3,12.0,0.59,0,18,20,0,0,1,0,92,22,20,52.4,DEF,448258.0,exact,448258.0,2025-06-05,10000000.0,448258,2000-12-11,Germany,2028-06-30,190.0,right,24.057494866529773,41.9185282522996,16.118095750958314,578.7630592531063,Developing,True,False,False,False,False,GER,UEFA,False,False,False,False,False,True
Lautaro Valenti,ar ARG,DF,Parma,it Serie A,25.0,1999.0,20,18,1556,17.3,1,0,1,1,0,0,6,1,0.2,0.2,0.2,0.4,3,28,3,0.06,0.02,7,2,28.6,0.4,0.12,0.14,0.5,22.1,0,0.04,0.8,0.8,701,830,84.5,13631,4181,0.2,-0.2,4,26,3,1,752,76,36,0,1,2,4,0,0,0,0,2,6,11,0.64,8,1,0,0,0,2,0,0.0,17,12,13,3,1,9,77.8,2,26,13,13,13,30,94,1,1011,161,559,422,31,12,1011,1,0,0.0,1,100.0,556,2165,942,2,1,9,0,629,78,45.5,83.0,15,2,27.0,10,1.0,18,21,-3,-0.17,0.36,19.6,22.2,-2.6,-0.15,1,24,7,0,0,0,0,48,24,21,53.3,DEF,625202.0,exact,625202.0,2025-06-17,1500000.0,625202,1999-01-14,Argentina,2027-06-30,188.0,left,25.965776865160848,29.894875164257556,14.220976332738882,674.2215682113223,Developing,False,False,False,False,True,ARG,CONMEBOL,False,False,False,True,False,False
Nicolás Valentini,ar ARG,DF,Hellas Verona,it Serie A,23.0,2001.0,14,13,1129,12.5,0,0,0,0,0,0,5,1,0.3,0.3,0.8,1.2,4,42,1,0.0,0.09,8,0,0.0,0.64,0.0,0.0,,13.3,0,0.04,-0.3,-0.3,316,468,67.5,6762,3269,0.4,-0.8,6,52,2,0,441,26,17,1,8,5,9,0,0,0,0,1,11,11,0.88,11,0,0,0,0,0,0,0.0,35,23,22,12,1,31,64.5,11,15,7,8,15,50,97,0,654,75,314,310,35,14,654,2,2,100.0,0,0.0,268,1208,623,1,1,5,2,304,81,33.0,85.0,9,1,22.0,0,0.79,6,11,-5,-0.4,0.66,8.9,14.7,-5.8,-0.46,1,22,5,0,0,1,0,43,50,13,79.4,DEF,860992.0,exact,860992.0,2025-06-17,6000000.0,860992,2001-04-06,Argentina,2026-06-30,187.0,left,23.73990417522245,17.904073587385017,15.607270193858982,563.5830502487443,Developing,False,False,False,False,True,ARG,CONMEBOL,False,False,False,True,False,False
Emanuele Valeri,it ITA,DF,Parma,it Serie A,25.0,1998.0,35,34,2873,31.9,2,6,8,1,1,1,1,0,1.8,1.0,4.7,5.8,79,93,109,0.22,0.21,26,4,15.4,0.81,0.13,0.04,0.25,24.4,1,0.04,0.2,0.0,783,1193,65.6,14224,6316,3.4,1.3,36,69,31,19,912,280,37,1,11,129,234,9,3,4,0,1,26,75,2.35,48,10,2,4,5,6,10,0.31,51,31,33,15,3,61,49.2,31,31,10,21,29,80,103,4,1528,104,470,583,494,33,1527,47,12,25.5,31,66.0,740,4053,2376,45,9,42,5,739,82,84.0,83.0,26,1,45.0,1,0.97,31,45,-14,-0.44,-0.44,33.2,42.1,-9.0,-0.28,0,28,26,0,0,0,0,124,19,19,50.0,DEF,445126.0,exact,445126.0,2025-06-17,3000000.0,445126,1998-12-07,Italy,2028-06-30,180.0,left,26.069815195071868,41.9185282522996,14.914123179965662,679.6352643052,Peak,False,False,False,False,True,ITA,UEFA,False,False,False,False,False,True
Martin Valjent,sk SVK,DF,Mallorca,es La Liga,28.0,1995.0,31,31,2763,30.7,3,0,3,3,0,0,4,0,0.8,0.8,0.1,0.9,23,91,17,0.1,0.03,12,5,41.7,0.39,0.16,0.25,0.6,13.1,0,0.07,2.2,2.2,1195,1391,85.9,22418,8493,0.5,-0.1,4,84,4,0,1294,92,42,1,4,11,49,0,0,0,0,5,13,26,0.85,20,0,2,3,1,0,3,0.1,30,21,22,7,1,25,60.0,10,32,21,11,18,48,195,1,1723,224,877,774,81,16,1723,10,6,60.0,1,10.0,948,5700,3063,13,1,13,1,1049,89,80.8,89.0,29,0,,6,1.32,30,38,-8,-0.26,-0.12,30.7,39.4,-8.7,-0.28,0,15,13,0,0,0,0,102,49,41,54.4,DEF,277384.0,exact,277384.0,2025-06-09,6000000.0,277384,1995-12-11,Slovakia,2029-06-30,187.0,right,29.059548254620122,53.90932982917214,15.607270193858982,844.4573447625953,Peak,False,False,True,False,False,SVK,UEFA,False,False,False,False,False,True
Álex Valle,es ESP,DF,Como,it Serie A,20.0,2004.0,15,12,1030,11.4,0,0,0,0,0,0,2,0,0.3,0.3,0.7,1.0,19,44,30,0.0,0.08,9,1,11.1,0.79,0.09,0.0,0.0,22.2,0,0.03,-0.3,-0.3,562,661,85.0,8597,3030,0.5,-0.7,11,51,9,4,533,126,27,0,4,16,99,0,0,0,0,2,20,25,2.18,22,1,0,2,0,0,0,0.0,26,12,12,12,2,21,71.4,6,13,2,11,8,34,42,0,799,26,276,375,155,12,799,18,9,50.0,9,50.0,425,2246,1068,20,5,18,8,460,69,30.1,82.0,6,3,16.0,1,1.6,17,13,4,0.35,0.61,14.7,11.9,2.8,0.24,0,14,18,1,0,0,0,51,6,15,28.6,DEF,709957.0,exact,709957.0,2025-06-17,6000000.0,709957,2004-04-25,Spain,2029-06-30,178.0,left,20.687200547570157,53.90932982917214,15.607270193858982,427.96026649538703,Emerging,False,False,False,False,True,ESP,UEFA,False,False,False,False,False,True
Ignace Van Der Brempt,be BEL,DF,Como,it Serie A,22.0,2002.0,20,14,1257,14.0,0,1,1,0,0,0,3,0,0.5,0.5,0.5,0.9,19,42,34,0.07,0.07,7,3,42.9,0.5,0.21,0.0,0.0,11.4,0,0.07,-0.5,-0.5,551,679,81.1,8534,2594,0.4,0.5,10,32,6,3,544,135,13,0,2,20,122,0,0,0,0,0,17,22,1.58,16,0,0,1,3,2,3,0.21,40,32,27,10,3,33,72.7,9,14,5,9,17,57,34,0,841,44,270,392,194,14,841,28,13,46.4,12,42.9,432,2197,1039,12,5,21,10,463,63,36.8,81.0,9,6,22.0,6,1.45,20,18,2,0.14,0.35,17.7,14.6,3.1,0.22,0,21,15,0,0,0,0,59,18,15,54.5,DEF,490423.0,fuzzy_verified,490423.0,2025-06-17,4000000.0,490423,2002-04-01,Belgium,2028-06-30,187.0,right,22.754277891854894,41.9185282522996,15.201805169084134,517.7571623797564,Developing,False,False,False,False,True,BEL,UEFA,False,False,False,False,False,True
Siebe Van Der Heyden,be BEL,"DF,MF",St. Pauli,de Bundesliga,26.0,1998.0,13,11,872,9.7,1,0,1,1,0,0,4,1,1.7,1.7,0.0,1.8,10,28,26,0.1,0.18,3,2,66.7,0.31,0.21,0.33,0.5,2.8,0,0.58,-0.7,-0.7,386,487,79.3,6732,2240,0.2,0.0,2,36,6,3,445,39,6,0,1,18,19,0,0,0,0,3,12,8,0.83,6,0,0,0,0,2,0,0.0,17,10,10,7,0,18,44.4,10,8,4,4,17,34,43,2,602,54,249,284,72,11,602,5,1,20.0,4,80.0,265,1214,572,6,0,3,4,364,67,28.5,76.0,5,2,19.0,0,0.77,6,13,-7,-0.72,-0.48,9.2,14.0,-4.9,-0.5,1,16,9,0,0,2,0,32,31,17,64.6,DEF,400131.0,fuzzy_verified,400131.0,2025-06-05,2500000.0,400131,1998-05-30,Belgium,2028-06-30,185.0,left,26.5927446954141,41.9185282522996,14.731801689838349,707.1740704354748,Peak,True,False,False,False,False,BEL,UEFA,False,False,False,False,False,True
Virgil van Dijk,nl NED,DF,Liverpool,eng Premier League,33.0,1991.0,37,37,3330,37.0,3,1,4,3,0,0,5,0,2.2,2.2,0.7,3.0,22,198,6,0.11,0.08,27,8,29.6,0.73,0.22,0.11,0.38,13.1,1,0.08,0.8,0.8,2688,2935,91.6,49037,19110,1.0,0.3,12,290,7,0,2708,224,86,1,22,1,8,0,0,0,0,3,9,48,1.3,41,0,1,3,1,2,4,0.11,38,20,17,19,2,22,59.1,9,27,16,11,56,94,190,4,3301,450,1318,1827,166,48,3301,5,3,60.0,2,40.0,1856,8754,4846,24,3,10,5,2281,90,97.4,90.0,37,0,,1,2.27,84,38,46,1.24,2.24,79.9,36.4,43.5,1.18,0,17,13,0,0,0,0,115,119,46,72.1,DEF,139208.0,exact,139208.0,2025-05-30,23000000.0,139208,1991-07-08,Netherlands,2027-06-30,195.0,right,33.48665297741273,29.894875164257556,16.951004817371683,1121.3559276296648,Declining,False,True,False,False,False,NED,UEFA,False,False,False,False,False,True
Vanderson,br BRA,DF,Monaco,fr Ligue 1,23.0,2001.0,29,23,2064,22.9,1,3,4,1,0,0,6,1,2.2,2.2,3.1,5.3,57,102,151,0.17,0.23,21,8,38.1,0.92,0.35,0.05,0.13,17.7,0,0.11,-1.2,-1.2,1090,1403,77.7,18537,6599,3.8,-0.1,23,76,29,12,1175,220,30,4,13,59,190,0,0,0,0,8,30,58,2.53,49,0,5,2,1,1,8,0.35,76,48,37,30,9,64,70.3,19,43,6,37,39,115,65,2,1714,71,400,846,480,64,1714,48,24,50.0,20,41.7,876,4196,2211,31,13,38,14,976,71,67.5,81.0,11,6,35.0,2,1.83,42,33,9,0.39,-0.78,50.6,25.0,25.6,1.12,1,28,23,1,0,0,0,153,22,25,46.8,DEF,789082.0,exact_birthyear_corrected,789082.0,2025-06-03,20000000.0,789082,2001-06-21,Brazil,2028-06-30,173.0,right,23.531827515400412,41.9185282522996,16.811242881518265,553.7469062145559,Developing,False,False,False,True,False,BRA,CONMEBOL,False,False,False,True,False,False
Johan Vásquez,mx MEX,DF,Genoa,it Serie A,25.0,1998.0,36,34,3041,33.8,3,0,3,3,0,0,9,0,2.4,2.4,0.3,2.7,37,96,12,0.09,0.08,36,8,22.2,1.07,0.24,0.08,0.38,16.4,1,0.07,0.6,0.6,1491,1760,84.7,28470,8998,0.4,-0.3,7,76,6,2,1661,96,70,0,4,7,7,0,0,0,0,3,19,25,0.74,18,1,0,3,2,1,0,0.0,56,31,24,27,5,44,59.1,18,59,31,28,50,106,150,1,2190,304,1100,971,128,46,2190,7,5,71.4,2,28.6,1202,6541,3435,21,2,24,5,1387,84,88.9,88.0,32,2,23.0,0,1.08,29,43,-14,-0.41,-0.89,32.4,41.5,-9.2,-0.27,0,31,32,1,1,1,0,122,93,75,55.4,DEF,532937.0,exact,532937.0,2025-06-17,14000000.0,532937,1998-10-22,Mexico,2028-06-30,182.0,left,26.195756331279945,41.9185282522996,16.454567959008102,686.2176497677933,Peak,False,False,False,False,True,MEX,CONCACAF,False,False,True,False,False,False
Denis Vavro,sk SVK,DF,Wolfsburg,de Bundesliga,28.0,1996.0,29,27,2461,27.3,2,0,2,2,0,0,4,0,1.4,1.4,0.2,1.6,9,96,3,0.07,0.06,25,6,24.0,0.91,0.22,0.08,0.33,21.7,3,0.05,0.6,0.6,1297,1493,86.9,29352,9952,0.5,-0.2,7,102,6,0,1427,61,44,0,24,8,8,0,0,0,0,5,3,27,0.99,19,0,1,5,1,1,5,0.18,21,13,16,5,0,23,47.8,12,48,32,16,37,58,234,3,1901,306,992,843,72,20,1901,6,3,50.0,3,50.0,1036,4110,1713,12,2,8,1,1142,85,80.4,89.0,25,2,33.0,2,1.34,45,42,3,0.11,0.26,38.4,40.3,-1.8,-0.07,0,7,5,0,0,0,0,89,80,34,70.2,DEF,239962.0,exact,239962.0,2025-06-05,7000000.0,239962,1996-04-10,Slovakia,2027-06-30,189.0,right,28.72826830937714,29.894875164257556,15.76142084987672,825.3134000555629,Peak,True,False,False,False,False,SVK,UEFA,False,False,False,False,False,True
Jesus Vazquez,es ESP,DF,Valencia,es La Liga,21.0,2003.0,19,10,919,10.2,0,0,0,0,0,0,3,0,0.1,0.1,0.6,0.8,32,21,48,0.0,0.08,5,1,20.0,0.49,0.1,0.0,0.0,26.4,0,0.03,-0.1,-0.1,345,447,77.2,4732,1323,0.6,-0.6,3,18,3,2,332,112,8,0,0,23,103,0,0,0,0,3,22,9,0.88,6,0,1,1,0,1,1,0.1,23,18,12,9,2,19,52.6,9,16,5,11,10,33,30,0,586,36,170,237,188,14,586,36,14,38.9,17,47.2,250,1510,881,27,5,14,8,284,48,26.9,76.0,5,9,17.0,16,1.05,10,16,-6,-0.59,-0.44,9.0,15.0,-6.0,-0.59,0,17,11,1,0,0,0,42,12,13,48.0,DEF,623024.0,exact_birthyear_corrected,623024.0,2025-06-09,3000000.0,623024,2003-01-02,Spain,2028-06-30,182.0,left,21.998631074606433,41.9185282522996,14.914123179965662,483.9397691566398,Emerging,False,False,True,False,False,ESP,UEFA,False,False,False,False,False,True
Lucas Vázquez,es ESP,DF,Real Madrid,es La Liga,33.0,1991.0,32,25,2189,24.3,1,5,6,1,0,0,4,0,1.4,1.4,4.7,6.1,37,99,194,0.25,0.25,15,3,20.0,0.62,0.12,0.07,0.33,17.0,1,0.1,-0.4,-0.4,1415,1624,87.1,21508,5227,3.9,0.3,33,65,29,2,1415,204,37,1,7,63,151,16,4,7,0,5,27,65,2.67,54,5,1,2,2,1,8,0.33,58,34,33,17,8,48,56.3,21,24,6,18,17,75,35,1,1850,66,481,804,577,58,1850,36,19,52.8,15,41.7,1031,4132,2045,17,17,34,13,1331,68,64.0,84.0,14,7,11.0,3,2.13,52,33,19,0.78,-0.75,50.0,33.9,16.1,0.66,0,29,32,3,0,0,0,83,6,13,31.6,DEF,221316.0,exact,221316.0,2025-06-09,3000000.0,221316,1991-07-01,Spain,2027-06-30,173.0,right,33.50581793292265,29.894875164257556,14.914123179965662,1122.6398353541613,Declining,False,False,True,False,False,ESP,UEFA,False,False,False,False,False,True
Danilo Veiga,pt POR,DF,Lecce,it Serie A,21.0,2002.0,13,2,374,4.2,0,0,0,0,0,0,0,0,0.6,0.6,0.3,0.9,10,10,13,0.0,0.21,5,0,0.0,1.2,0.0,0.0,,17.1,0,0.12,-0.6,-0.6,104,161,64.6,1712,550,0.2,-0.3,6,11,5,3,132,28,2,0,0,17,26,0,0,0,0,1,5,14,3.38,8,0,2,2,2,0,1,0.24,8,6,4,4,0,13,46.2,7,5,0,5,4,12,14,0,225,10,55,95,76,5,225,14,6,42.9,6,42.9,111,679,390,6,1,10,5,111,29,10.9,83.0,1,11,19.0,3,0.77,1,6,-5,-1.2,-0.43,3.9,5.6,-1.7,-0.42,0,6,11,0,0,0,0,19,5,11,31.3,DEF,728485.0,exact,728485.0,2025-06-17,1000000.0,728485,2002-09-25,Portugal,2027-06-30,183.0,right,22.269678302532512,29.894875164257556,13.815511557963774,495.9385716982873,Developing,False,False,False,False,True,POR,UEFA,False,False,False,False,False,True
Renato Veiga,pt POR,DF,Juventus,it Serie A,21.0,2003.0,13,12,1093,12.1,0,1,1,0,0,0,2,0,1.0,1.0,0.1,1.1,9,40,0,0.08,0.09,12,5,41.7,0.99,0.41,0.0,0.0,14.6,1,0.09,-1.0,-1.0,500,568,88.0,10016,3525,0.2,0.9,2,35,2,0,530,38,23,1,4,0,0,0,0,0,0,0,1,9,0.74,9,0,0,0,0,0,1,0.08,17,12,7,9,1,14,64.3,5,17,13,4,19,36,81,0,727,130,384,311,35,11,727,1,1,100.0,0,0.0,388,2311,1173,5,0,2,0,423,84,32.0,87.0,11,1,45.0,1,2.08,18,11,7,0.58,-0.04,15.3,10.5,4.8,0.4,0,9,2,1,0,0,0,38,27,11,71.1,DEF,805714.0,exact,805714.0,2025-06-17,25000000.0,805714,2003-07-29,Portugal,2032-06-30,188.0,left,21.429158110882955,89.91458607095926,17.034386422832473,459.20881734122077,Emerging,False,False,False,False,True,POR,UEFA,False,False,False,False,False,True
Miloš Veljković,rs SRB,DF,Werder Bremen,de Bundesliga,28.0,1995.0,14,11,1029,11.4,0,1,1,0,0,0,1,0,0.6,0.6,0.2,0.7,9,64,2,0.09,0.06,2,1,50.0,0.17,0.09,0.0,0.0,2.1,0,0.28,-0.6,-0.6,562,648,86.7,11481,3929,0.6,0.8,3,50,4,3,620,25,18,0,12,9,0,0,0,0,0,3,7,14,1.22,14,0,0,0,0,0,1,0.09,10,5,6,3,1,15,46.7,8,14,9,5,2,12,47,1,738,67,327,368,45,5,738,0,0,,0,,460,2047,1146,6,0,2,2,507,74,33.6,85.0,9,3,31.0,4,0.93,19,25,-6,-0.52,-0.66,15.5,19.3,-3.8,-0.33,0,5,3,2,0,1,0,32,24,18,57.1,DEF,202228.0,exact_accent_stripped,202228.0,2025-06-05,3000000.0,202228,1995-09-26,Serbia,2028-06-30,188.0,right,29.267624914442163,41.9185282522996,14.914123179965662,856.5938681324756,Peak,True,False,False,False,False,SRB,UEFA,False,False,False,False,False,True
Joël Veltman,nl NED,DF,Brighton,eng Premier League,32.0,1992.0,21,19,1697,18.9,0,0,0,0,0,0,5,0,0.5,0.5,0.5,0.9,32,85,34,0.0,0.05,6,1,16.7,0.32,0.05,0.0,0.0,19.7,0,0.08,-0.5,-0.5,745,929,80.2,12563,3243,1.3,-0.5,6,66,9,5,756,170,42,2,3,24,128,0,0,0,0,3,21,23,1.22,16,2,2,1,2,0,2,0.11,43,29,24,16,3,52,59.6,21,22,7,15,19,62,66,0,1133,65,332,558,253,10,1133,15,4,26.7,5,33.3,548,2917,1521,25,3,19,7,626,81,49.6,86.0,14,2,27.0,3,1.81,32,24,8,0.42,0.48,26.5,24.3,2.2,0.11,0,27,44,0,0,1,0,68,21,18,53.8,DEF,111195.0,exact,111195.0,2025-05-30,4000000.0,111195,1992-01-15,Netherlands,2026-06-30,184.0,right,32.9637234770705,17.904073587385017,15.201805169084134,1086.607065472769,Declining,False,True,False,False,False,NED,UEFA,False,False,False,False,False,True
Micky van de Ven,nl NED,DF,Tottenham,eng Premier League,23.0,2001.0,13,12,1015,11.3,0,2,2,0,0,0,4,0,0.6,0.6,1.2,1.7,8,51,1,0.18,0.15,6,2,33.3,0.53,0.18,0.0,0.0,11.1,0,0.09,-0.6,-0.6,729,802,90.9,13817,4206,0.7,0.8,2,50,1,0,758,43,18,0,1,0,4,0,0,0,0,1,5,11,0.98,8,0,0,2,1,0,2,0.18,10,6,5,4,1,14,57.1,6,12,8,4,10,20,39,1,895,110,460,408,36,9,895,8,4,50.0,4,50.0,620,2883,1407,10,1,5,5,651,78,29.7,82.0,7,1,30.0,6,1.08,22,17,5,0.44,0.67,22.3,13.0,9.3,0.82,0,10,9,0,0,0,0,63,19,20,48.7,DEF,557459.0,exact,557459.0,2025-05-30,50000000.0,557459,2001-04-19,Netherlands,2029-06-30,193.0,left,23.704312114989733,53.90932982917214,17.72753358339242,561.8944128448491,Developing,False,True,False,False,False,NED,UEFA,False,False,False,False,False,True
Nikolas Veratschnig,at AUT,"DF,MF",Mainz 05,de Bundesliga,21.0,2003.0,15,2,364,4.0,0,0,0,0,0,0,1,0,0.2,0.2,0.3,0.5,7,7,30,0.0,0.13,7,1,14.3,1.73,0.25,0.0,0.0,19.5,0,0.03,-0.2,-0.2,106,146,72.6,1640,532,0.3,-0.3,5,7,4,1,115,31,0,0,0,7,30,0,0,0,0,0,6,9,2.23,6,2,0,0,1,0,0,0.0,9,6,1,4,4,3,66.7,1,4,0,4,5,14,8,0,200,7,36,72,94,18,200,11,2,18.2,7,63.6,99,434,211,3,2,7,3,102,24,11.9,77.0,0,13,16.0,12,1.27,7,8,-1,-0.25,-0.68,6.5,7.2,-0.6,-0.15,0,9,6,4,0,0,0,12,2,10,16.7,DEF,601143.0,exact,601143.0,2025-06-05,1500000.0,601143,2003-01-24,Austria,2028-06-30,180.0,right,21.93839835728953,41.9185282522996,14.220976332738882,481.2933224831239,Emerging,True,False,False,False,False,AUT,UEFA,False,False,False,False,False,True
Jannik Vestergaard,dk DEN,DF,Leicester City,eng Premier League,31.0,1992.0,18,16,1391,15.5,0,0,0,0,0,0,5,0,0.1,0.1,0.1,0.2,3,32,2,0.0,0.01,3,2,66.7,0.19,0.13,0.0,0.0,9.7,0,0.03,-0.1,-0.1,870,959,90.7,14697,5807,0.1,-0.1,3,34,1,0,890,68,26,0,2,0,0,0,0,0,0,1,4,7,0.45,6,0,0,0,0,1,0,0.0,22,10,16,6,0,15,60.0,6,21,14,7,16,38,74,1,1092,196,572,497,28,10,1092,4,4,100.0,0,0.0,672,2932,1458,3,0,2,0,757,77,40.7,81.0,10,2,51.0,2,0.5,7,35,-28,-1.81,-0.97,12.0,24.8,-12.9,-0.83,0,12,4,0,0,0,1,46,26,19,57.8,DEF,99331.0,exact,99331.0,2025-05-30,2000000.0,99331,1992-08-03,Denmark,2027-06-30,199.0,both,32.41341546885695,29.894875164257556,14.508658238524095,1050.6295023567347,Declining,False,True,False,False,False,DEN,UEFA,False,False,False,False,False,True
Mattia Viti,it ITA,DF,Empoli,it Serie A,22.0,2002.0,30,30,2572,28.6,1,0,1,1,0,0,3,0,0.8,0.8,0.2,1.0,17,86,10,0.03,0.03,11,2,18.2,0.38,0.07,0.09,0.5,14.3,0,0.07,0.2,0.2,933,1163,80.2,17070,5753,0.2,-0.2,5,71,3,0,977,185,76,1,5,0,2,0,0,0,0,1,8,23,0.8,14,2,0,2,2,3,0,0.0,65,45,42,20,3,52,65.4,18,41,18,23,48,113,128,4,1506,260,798,663,58,12,1506,11,6,54.5,3,27.3,633,3228,1714,9,0,20,17,752,86,75.2,86.0,25,0,,0,1.0,27,36,-9,-0.31,1.49,22.2,34.1,-11.9,-0.42,0,30,29,1,0,0,0,97,61,52,54.0,DEF,493702.0,exact,493702.0,2024-06-05,5000000.0,493702,2002-01-24,Italy,2026-06-30,190.0,left,22.937713894592743,17.904073587385017,15.424948670398354,526.138718710193,Developing,False,False,False,False,True,ITA,UEFA,False,False,False,False,False,True
Daniel Vivian,es ESP,DF,Athletic Club,es La Liga,25.0,1999.0,32,28,2608,29.0,4,0,4,4,0,0,3,0,1.9,1.9,0.4,2.3,36,185,6,0.14,0.08,18,5,27.8,0.62,0.17,0.22,0.8,13.8,0,0.11,2.1,2.1,1526,1753,87.1,31626,11850,0.7,-0.4,10,166,10,3,1685,65,58,2,11,8,2,0,0,0,0,3,13,34,1.17,32,0,1,0,0,1,1,0.03,40,26,23,14,3,32,65.6,11,26,10,16,47,87,152,2,2085,147,901,1119,79,26,2085,17,10,58.8,6,35.3,1169,6581,4326,17,1,19,13,1325,82,76.3,90.0,28,4,22.0,3,1.88,47,22,25,0.86,0.86,44.9,29.3,15.6,0.54,0,27,21,1,0,1,0,164,43,31,58.1,DEF,524000.0,fuzzy_verified,524000.0,2025-06-09,40000000.0,524000,1999-07-05,Spain,2032-06-30,184.0,right,25.49486652977413,89.91458607095926,17.50439003707821,649.9882193709972,Developing,False,False,True,False,False,ESP,UEFA,False,False,False,False,False,True
Alessandro Vogliacco,it ITA,DF,Genoa,it Serie A,25.0,1998.0,12,8,715,7.9,2,0,2,2,0,0,3,0,1.3,1.3,0.0,1.4,9,26,2,0.25,0.17,5,2,40.0,0.63,0.25,0.4,1.0,10.6,0,0.27,0.7,0.7,266,341,78.0,5278,2121,0.2,0.0,1,35,4,3,319,21,5,0,4,11,16,0,0,0,0,1,8,6,0.76,4,0,0,2,0,0,0,0.0,15,3,7,7,1,12,83.3,2,11,7,4,9,24,20,0,407,37,183,189,35,5,407,1,0,0.0,1,100.0,208,1139,666,8,1,2,1,258,60,20.9,75.0,5,4,29.0,7,1.17,5,14,-9,-1.13,-1.03,7.7,13.2,-5.5,-0.69,0,12,2,0,0,1,0,20,11,8,57.9,DEF,330208.0,exact,330208.0,2025-06-17,2800000.0,330208,1998-09-14,Italy,2026-06-30,186.0,right,26.299794661190965,17.904073587385017,14.845130332288226,691.6791992208088,Peak,False,False,False,False,True,ITA,UEFA,False,False,False,False,False,True
Alessandro Vogliacco,it ITA,DF,Parma,it Serie A,25.0,1998.0,10,10,772,8.6,0,0,0,0,0,0,2,0,0.1,0.1,0.1,0.2,2,21,0,0.0,0.02,1,1,100.0,0.12,0.12,0.0,0.0,6.7,0,0.1,-0.1,-0.1,437,477,91.6,8499,3028,0.1,-0.1,3,26,1,0,455,22,17,0,4,2,0,0,0,0,0,0,0,5,0.58,4,0,0,1,0,0,0,0.0,5,2,5,0,0,5,60.0,2,15,10,5,3,8,37,0,551,64,283,260,12,3,551,1,1,100.0,0,0.0,370,1561,873,1,0,4,0,395,77,22.6,77.0,7,0,,3,0.8,9,14,-5,-0.58,-0.28,10.0,9.9,0.1,0.01,0,10,5,0,0,0,1,24,17,13,56.7,DEF,330208.0,exact,330208.0,2025-06-17,2800000.0,330208,1998-09-14,Italy,2026-06-30,186.0,right,26.299794661190965,17.904073587385017,14.845130332288226,691.6791992208088,Peak,False,False,False,False,True,ITA,UEFA,False,False,False,False,False,True
Kevin Vogt,de GER,DF,Union Berlin,de Bundesliga,32.0,1991.0,18,16,1367,15.2,1,0,1,0,1,1,6,0,0.8,0.0,0.0,0.0,11,70,2,0.0,0.05,0,0,,0.0,0.0,,,,0,,0.2,0.0,790,897,88.1,16194,7116,0.3,0.0,2,71,8,0,828,67,38,0,3,0,2,0,0,0,0,2,2,17,1.12,15,2,0,0,0,0,0,0.0,12,8,7,5,0,13,61.5,5,16,8,8,9,21,75,1,1030,139,524,508,10,2,1029,5,4,80.0,1,20.0,560,2491,1303,3,1,5,2,619,76,44.7,82.0,10,2,29.0,5,1.0,12,19,-7,-0.46,0.02,14.6,18.8,-4.1,-0.27,0,10,7,0,0,1,0,90,14,13,51.9,DEF,84435.0,exact,84435.0,2025-06-05,1000000.0,84435,1991-09-23,Germany,2027-06-30,194.0,right,33.275838466803556,29.894875164257556,13.815511557963774,1107.2814256688032,Declining,True,False,False,False,False,GER,UEFA,False,False,False,False,False,True
Mërgim Vojvoda,xk KVX,DF,Torino,it Serie A,29.0,1995.0,17,12,1105,12.3,0,0,0,0,0,0,4,0,0.4,0.4,0.4,0.8,18,64,34,0.0,0.07,5,0,0.0,0.41,0.0,0.0,,20.3,0,0.08,-0.4,-0.4,662,792,83.6,12050,3725,0.9,-0.4,11,47,16,9,710,81,12,2,9,40,63,6,5,0,0,1,12,27,2.2,24,1,1,0,1,0,1,0.08,18,10,5,9,4,14,50.0,7,13,3,10,7,25,24,1,875,43,292,440,147,6,875,11,6,54.5,3,27.3,577,2761,1300,12,1,8,8,606,65,32.3,77.0,5,5,35.0,1,0.94,12,16,-4,-0.33,-0.25,12.3,15.7,-3.4,-0.28,0,13,4,1,0,0,0,53,8,10,44.4,DEF,336125.0,exact,336125.0,2025-06-17,3000000.0,336125,1995-02-01,Kosovo,2028-06-30,187.0,right,29.916495550992472,41.9185282522996,14.914123179965662,894.9967060525524,Peak,False,False,False,False,True,KVX,UEFA,False,False,False,False,False,True
Mërgim Vojvoda,xk KVX,DF,Como,it Serie A,29.0,1995.0,11,8,717,8.0,1,2,3,1,0,0,2,0,0.2,0.2,2.0,2.3,16,43,40,0.38,0.28,4,1,25.0,0.5,0.13,0.25,1.0,18.5,0,0.06,0.8,0.8,375,460,81.5,6049,2206,0.9,0.0,12,31,11,4,392,67,8,0,0,26,50,9,2,2,0,1,3,20,2.51,15,3,1,1,0,0,2,0.25,9,6,5,4,0,9,77.8,2,7,4,3,3,12,18,0,521,32,148,230,147,14,521,11,3,27.3,7,63.6,293,1217,592,11,4,4,4,343,65,21.0,81.0,5,3,22.0,1,2.09,12,8,4,0.5,0.74,11.6,11.4,0.2,0.02,0,8,2,1,0,0,0,28,6,6,50.0,DEF,336125.0,exact,336125.0,2025-06-17,3000000.0,336125,1995-02-01,Kosovo,2028-06-30,187.0,right,29.916495550992472,41.9185282522996,14.914123179965662,894.9967060525524,Peak,False,False,False,False,True,KVX,UEFA,False,False,False,False,False,True
Stefan de Vrij,nl NED,DF,Inter,it Serie A,32.0,1992.0,25,17,1636,18.2,3,0,3,3,0,0,2,0,1.1,1.1,0.0,1.1,11,76,5,0.17,0.06,13,3,23.1,0.72,0.17,0.23,1.0,10.6,0,0.08,1.9,1.9,1309,1403,93.3,24028,7772,0.3,0.0,1,64,1,0,1372,31,26,2,3,0,2,0,0,0,0,0,4,14,0.73,9,0,0,5,0,0,3,0.16,18,11,12,5,1,12,75.0,3,19,11,8,22,40,89,0,1613,151,693,885,41,19,1613,8,3,37.5,5,62.5,988,5474,2932,7,0,4,1,1162,65,47.9,84.0,14,8,26.0,9,2.42,46,16,30,1.65,0.94,37.2,16.2,21.0,1.1,0,8,4,0,0,0,0,66,65,38,63.1,DEF,111196.0,exact,111196.0,2025-06-17,5000000.0,111196,1992-02-05,Netherlands,2026-06-30,189.0,right,32.90622861054072,17.904073587385017,15.424948670398354,1082.8198813691688,Declining,False,False,False,False,True,NED,UEFA,False,False,False,False,False,True
Hauke Wahl,de GER,DF,St. Pauli,de Bundesliga,30.0,1994.0,33,33,2970,33.0,0,0,0,0,0,0,1,0,0.9,0.9,0.5,1.4,30,142,10,0.0,0.04,11,4,36.4,0.33,0.12,0.0,0.0,11.4,0,0.08,-0.9,-0.9,1520,1755,86.6,26509,9297,1.6,-0.5,9,120,8,1,1683,68,40,0,0,8,4,0,0,0,0,4,11,26,0.79,22,0,0,2,1,1,0,0.0,36,27,21,13,2,38,60.5,15,44,25,19,31,67,170,4,2096,246,991,1019,99,28,2096,10,8,80.0,2,20.0,1040,6302,3938,14,1,10,9,1305,90,97.1,90.0,33,0,,0,0.97,26,38,-12,-0.36,0.64,34.3,41.8,-7.5,-0.23,0,13,15,2,0,0,0,129,47,50,48.5,DEF,154147.0,exact,154147.0,2025-06-05,1500000.0,154147,1994-04-15,Germany,,189.0,right,30.715947980835043,,14.220976332738882,943.4694603613643,Declining,True,False,False,False,False,GER,UEFA,False,False,False,False,False,True
Kyle Walker,eng ENG,DF,Manchester City,eng Premier League,34.0,1990.0,15,9,970,10.8,0,0,0,0,0,0,3,0,0.1,0.1,0.4,0.6,12,64,11,0.0,0.05,5,2,40.0,0.46,0.19,0.0,0.0,27.7,0,0.03,-0.1,-0.1,724,826,87.7,11928,3918,1.3,-0.4,7,63,7,4,727,99,18,2,7,14,81,0,0,0,0,0,8,17,1.58,17,0,0,0,0,0,0,0.0,17,10,7,7,3,26,53.8,12,13,4,9,3,20,13,1,892,26,197,473,228,5,892,6,3,50.0,2,33.3,499,2284,1106,13,0,9,2,630,65,28.4,89.0,8,6,29.0,2,1.4,13,21,-8,-0.74,-2.06,15.4,19.3,-3.9,-0.36,0,6,5,1,0,0,0,46,9,7,56.3,DEF,95424.0,exact,95424.0,2025-06-17,4000000.0,95424,1990-05-28,England,2027-06-30,183.0,right,34.59822039698837,29.894875164257556,15.201805169084134,1197.0368546385819,Declining,False,True,False,False,False,ENG,UEFA,False,False,False,False,False,True
Kyle Walker,eng ENG,DF,Milan,it Serie A,34.0,1990.0,11,7,659,7.3,0,0,0,0,0,0,1,0,0.0,0.0,0.9,1.0,11,32,19,0.0,0.13,2,0,0.0,0.27,0.0,0.0,,31.9,0,0.02,0.0,0.0,370,422,87.7,6392,1909,0.5,-0.9,6,26,2,0,372,50,11,0,2,11,39,0,0,0,0,0,3,10,1.37,9,1,0,0,0,0,0,0.0,17,9,12,4,1,17,76.5,4,9,5,4,9,26,15,1,492,33,163,238,96,6,492,7,5,71.4,2,28.6,310,1392,674,5,2,6,4,323,60,19.3,79.0,4,4,26.0,0,2.09,14,9,5,0.68,0.26,13.5,9.5,4.1,0.55,0,7,4,0,0,0,0,37,6,3,66.7,DEF,95424.0,exact,95424.0,2025-06-17,4000000.0,95424,1990-05-28,England,2027-06-30,183.0,right,34.59822039698837,29.894875164257556,15.201805169084134,1197.0368546385819,Declining,False,False,False,False,True,ENG,UEFA,False,False,False,False,False,True
Kyle Walker-Peters,eng ENG,DF,Southampton,eng Premier League,27.0,1997.0,33,33,2918,32.4,0,2,2,0,0,0,5,0,0.8,0.8,2.8,3.6,114,139,144,0.06,0.11,20,6,30.0,0.62,0.19,0.0,0.0,18.3,0,0.04,-0.8,-0.8,1493,1693,88.2,22418,6584,2.3,-0.8,24,119,30,4,1500,190,36,5,2,51,144,3,0,0,0,3,33,63,1.94,40,3,10,5,3,2,7,0.22,44,29,22,15,7,35,45.7,19,27,15,12,19,63,90,1,2022,151,615,884,540,59,2022,92,38,41.3,39,42.4,1271,7917,4373,72,24,32,39,1433,88,85.3,88.0,29,0,,2,0.3,23,77,-54,-1.67,-0.59,26.6,74.2,-47.7,-1.47,0,28,52,2,0,0,0,135,11,21,34.4,DEF,341051.0,exact,341051.0,2025-05-30,15000000.0,341051,1997-04-13,England,2028-06-30,173.0,right,27.720739219712527,41.9185282522996,16.52356082573315,768.4393828873083,Peak,False,True,False,False,False,ENG,UEFA,False,False,False,False,False,True
Sebastian Walukiewicz,pl POL,DF,Torino,it Serie A,24.0,2000.0,29,20,1661,18.5,0,0,0,0,0,0,6,0,0.4,0.4,0.3,0.7,25,80,31,0.0,0.04,6,1,16.7,0.33,0.05,0.0,0.0,20.5,0,0.07,-0.4,-0.4,761,938,81.1,13048,4435,0.6,-0.3,4,74,14,5,827,107,14,0,3,24,93,0,0,0,0,4,13,16,0.87,15,0,0,1,0,0,1,0.05,38,20,18,16,4,31,74.2,8,21,8,13,18,56,60,0,1119,68,359,593,178,9,1119,22,6,27.3,14,63.6,557,2610,1425,13,0,9,5,694,57,48.6,72.0,9,9,24.0,5,1.28,17,19,-2,-0.11,0.1,14.9,23.5,-8.6,-0.47,0,29,7,1,0,0,0,52,23,36,39.0,DEF,345458.0,exact,345458.0,2025-06-17,4500000.0,345458,2000-04-05,Poland,,188.0,right,24.7419575633128,,15.319588176962746,612.1644640647714,Developing,False,False,False,False,True,POL,UEFA,False,False,False,False,False,True
Aaron Wan-Bissaka,eng ENG,DF,West Ham,eng Premier League,26.0,1997.0,36,35,3154,35.0,2,5,7,2,0,0,1,0,1.2,1.2,3.5,4.7,110,149,167,0.2,0.14,16,5,31.3,0.46,0.14,0.13,0.4,15.1,0,0.07,0.8,0.8,1472,1815,81.1,20696,7523,2.8,1.5,33,94,35,11,1568,243,11,5,1,76,232,0,0,0,0,4,62,93,2.65,75,4,7,3,2,2,10,0.29,70,49,33,32,5,32,71.9,9,37,11,26,66,136,125,0,2256,147,682,969,637,48,2256,122,64,52.5,43,35.2,1092,6700,3661,65,15,35,22,1322,88,92.2,89.0,33,1,29.0,1,1.17,44,59,-15,-0.43,-0.09,42.3,56.2,-13.9,-0.4,0,25,27,5,0,0,1,174,22,33,40.0,DEF,477758.0,exact,477758.0,2025-05-30,24000000.0,477758,1997-11-26,DR Congo,2031-06-30,183.0,right,27.09924709103354,77.8909329829172,16.993564429978885,734.3691929008897,Peak,False,True,False,False,False,ENG,UEFA,False,False,False,False,False,True
Timothy Weah,us USA,"DF,FW",Juventus,it Serie A,24.0,2000.0,30,18,1638,18.2,5,2,7,5,0,0,4,0,3.4,3.4,1.6,5.1,45,56,120,0.38,0.28,21,9,42.9,1.15,0.49,0.24,0.56,20.3,0,0.16,1.6,1.6,659,787,83.7,10475,2680,1.2,0.4,19,38,13,6,703,81,2,2,2,44,75,2,0,1,0,3,21,36,1.98,29,2,1,2,2,0,3,0.16,36,19,15,13,8,25,56.0,11,25,4,21,14,50,27,2,977,31,216,394,372,35,977,34,13,38.2,16,47.1,565,3194,1486,21,18,26,15,652,55,47.9,76.0,7,12,23.0,2,1.9,28,21,7,0.38,-0.42,24.4,18.9,5.5,0.3,0,20,14,3,0,0,0,60,19,24,44.2,DEF,370846.0,exact,370846.0,2025-06-17,17000000.0,370846,2000-02-22,United States,2030-06-30,183.0,right,24.859685147159478,65.90013140604468,16.648723960844016,618.0039456159016,Developing,False,False,False,False,True,USA,CONCACAF,False,False,True,False,False,False
Adam Webster,eng ENG,DF,Brighton,eng Premier League,29.0,1995.0,14,11,887,9.9,0,0,0,0,0,0,1,0,0.2,0.2,0.5,0.7,8,63,2,0.0,0.08,5,1,20.0,0.51,0.1,0.0,0.0,10.8,0,0.05,-0.2,-0.2,636,725,87.7,11765,4541,0.3,-0.5,3,64,2,0,650,73,30,0,3,2,0,0,0,0,0,2,5,14,1.42,10,2,0,2,0,0,4,0.41,10,6,5,4,1,14,42.9,8,16,9,7,20,30,41,2,824,119,389,399,43,15,824,3,1,33.3,2,66.7,476,2600,1475,6,0,5,1,552,63,25.9,77.0,8,3,14.0,7,2.29,26,11,15,1.52,1.81,19.0,14.3,4.6,0.47,0,7,2,1,0,1,0,35,24,6,80.0,DEF,212847.0,exact,212847.0,2025-05-30,11000000.0,212847,1995-01-04,England,2026-06-30,190.0,right,29.99315537303217,17.904073587385017,16.213405921671733,899.5893692308485,Peak,False,True,False,False,False,ENG,UEFA,False,False,False,False,False,True
Mitchell Weiser,de GER,"DF,MF",Werder Bremen,de Bundesliga,30.0,1994.0,32,32,2868,31.9,5,9,14,5,0,0,9,1,5.4,5.4,4.7,10.1,65,125,200,0.44,0.32,43,15,34.9,1.35,0.47,0.12,0.33,14.3,0,0.13,-0.4,-0.4,1151,1558,73.9,17209,6937,5.4,4.3,42,74,40,12,1280,273,7,10,7,78,263,0,0,0,0,5,64,87,2.73,73,2,2,3,5,2,13,0.41,61,40,19,34,8,56,50.0,28,33,3,30,22,83,61,3,1949,60,400,929,641,109,1949,84,35,41.7,41,48.8,990,4219,2131,44,13,71,36,1210,90,93.7,90.0,30,0,,0,1.5,50,52,-2,-0.06,0.41,44.5,44.2,0.3,0.01,1,30,45,1,0,0,0,152,31,50,38.3,DEF,119211.0,exact,119211.0,2025-06-05,5000000.0,119211,1994-04-21,Germany,2027-06-30,177.0,right,30.699520876112253,29.894875164257556,15.424948670398354,942.460582022852,Declining,True,False,False,False,False,GER,UEFA,False,False,False,False,False,True
Welington,br BRA,DF,Southampton,eng Premier League,23.0,2001.0,10,6,482,5.4,0,0,0,0,0,0,1,0,0.0,0.0,0.1,0.1,5,11,19,0.0,0.02,3,0,0.0,0.56,0.0,0.0,,31.3,0,0.01,0.0,0.0,145,186,78.0,2273,695,0.2,-0.1,3,8,5,4,147,39,5,0,1,17,28,6,5,0,0,0,8,7,1.31,6,1,0,0,0,0,1,0.19,21,9,15,5,1,19,63.2,7,5,1,4,7,28,36,0,276,31,113,102,64,3,276,9,5,55.6,3,33.3,100,389,197,4,1,9,4,120,48,14.1,73.0,2,4,11.0,3,0.6,4,10,-6,-1.12,0.53,3.0,11.6,-8.6,-1.61,0,6,8,1,0,1,0,21,5,4,55.6,DEF,729264.0,exact,729264.0,2025-05-30,3000000.0,729264,2001-02-19,Brazil,2029-06-30,170.0,left,23.865845311430526,53.90932982917214,14.914123179965662,569.5785724291304,Developing,False,True,False,False,False,BRA,CONMEBOL,False,False,False,True,False,False
Ben White,eng ENG,DF,Arsenal,eng Premier League,26.0,1997.0,17,13,1198,13.3,0,2,2,0,0,0,2,0,0.5,0.5,1.4,1.8,23,59,42,0.15,0.14,9,2,22.2,0.68,0.15,0.0,0.0,19.4,0,0.05,-0.5,-0.5,580,692,83.8,9173,2998,1.4,0.6,10,55,11,2,583,107,20,1,7,17,83,0,0,0,0,2,7,23,1.73,22,1,0,0,0,0,2,0.15,20,14,10,4,6,38,42.1,22,10,8,2,16,36,44,0,813,55,214,367,238,28,813,6,0,0.0,5,83.3,394,1617,953,16,4,10,6,494,70,35.0,86.0,10,4,19.0,3,1.47,20,13,7,0.53,-0.61,18.9,16.2,2.7,0.21,0,10,5,1,0,0,0,37,18,9,66.7,DEF,335721.0,exact,335721.0,2025-05-30,45000000.0,335721,1997-10-08,England,2028-06-30,186.0,right,27.23340177960301,41.9185282522996,17.622173069956816,741.6581724892844,Peak,False,True,False,False,False,ENG,UEFA,False,False,False,False,False,True
Silvan Widmer,ch SUI,DF,Mainz 05,de Bundesliga,31.0,1993.0,27,3,504,5.6,0,1,1,0,0,0,3,0,0.3,0.3,0.4,0.7,3,23,36,0.18,0.13,3,1,33.3,0.54,0.18,0.0,0.0,12.9,0,0.11,-0.3,-0.3,208,281,74.0,3639,1198,0.5,0.6,2,15,6,2,224,56,1,0,0,12,55,0,0,0,0,1,4,10,1.78,7,2,0,1,0,0,2,0.36,11,5,3,6,2,12,66.7,4,7,1,6,5,16,27,0,363,26,101,145,119,12,363,4,0,0.0,4,100.0,146,478,112,3,1,8,3,190,19,16.5,73.0,0,24,12.0,6,1.48,5,7,-2,-0.36,-0.85,7.4,8.2,-0.8,-0.15,0,5,4,2,0,0,0,16,12,14,46.2,DEF,168989.0,exact,168989.0,2025-06-05,1200000.0,168989,1993-03-05,Switzerland,,183.0,right,31.82751540041068,,13.997832948091215,1012.990736563379,Declining,True,False,False,False,False,SUI,UEFA,False,False,False,False,False,True
Mats Wieffer,nl NED,"DF,MF",Brighton,eng Premier League,24.0,1999.0,25,10,1015,11.3,1,3,4,1,0,0,6,0,0.8,0.8,1.6,2.4,18,62,23,0.35,0.21,9,4,44.4,0.8,0.35,0.11,0.25,13.2,0,0.08,0.2,0.2,594,698,85.1,9762,2650,1.0,1.4,16,53,9,2,647,49,13,0,1,13,36,0,0,0,0,2,14,32,2.83,28,0,0,2,2,0,6,0.53,58,34,27,27,4,47,68.1,15,18,2,16,17,75,28,3,867,55,223,450,206,22,867,15,7,46.7,7,46.7,483,2351,1051,20,1,19,9,533,41,29.7,79.0,5,15,15.0,3,1.6,25,22,3,0.27,0.12,17.5,19.1,-1.6,-0.15,0,23,10,1,1,1,0,68,32,25,56.1,DEF,415381.0,exact,415381.0,2025-05-30,25000000.0,415381,1999-11-16,Netherlands,2029-06-30,189.0,right,25.127994524298426,53.90932982917214,17.034386422832473,631.4161088131717,Developing,False,True,False,False,False,NED,UEFA,False,False,False,False,False,True
Caleb Wiley,us USA,"DF,MF",Strasbourg,fr Ligue 1,19.0,2004.0,6,3,266,3.0,0,1,1,0,0,0,1,0,0.0,0.0,0.7,0.7,3,7,9,0.34,0.24,1,0,0.0,0.34,0.0,0.0,,27.3,0,0.03,0.0,0.0,97,123,78.9,1476,602,0.3,0.3,2,2,3,2,100,22,2,1,2,7,20,0,0,0,0,1,4,4,1.35,3,0,0,0,1,0,1,0.34,1,0,0,1,0,1,0.0,1,3,1,2,4,5,5,0,149,7,56,59,35,4,149,1,0,0.0,1,100.0,70,337,144,2,0,7,4,90,44,8.7,71.0,0,3,18.0,0,0.67,6,7,-1,-0.34,-0.76,2.7,5.4,-2.7,-0.9,0,2,2,0,0,0,0,17,0,4,0.0,DEF,746833.0,exact,746833.0,2025-05-27,8000000.0,746833,2004-12-22,United States,2030-06-30,180.0,left,20.027378507871322,65.90013140604468,15.894952224644102,401.09588989754616,Emerging,False,False,False,True,False,USA,CONCACAF,False,False,True,False,False,False
Neco Williams,wls WAL,DF,Nott'ham Forest,eng Premier League,23.0,2001.0,35,28,2594,28.8,1,3,4,1,0,0,7,0,2.3,2.3,1.6,3.9,68,89,103,0.14,0.13,37,7,18.9,1.28,0.24,0.03,0.14,20.2,1,0.06,-1.3,-1.3,843,1116,75.5,12607,5011,1.5,1.4,18,69,22,10,888,224,19,1,4,59,203,2,0,2,0,4,31,51,1.77,37,6,0,5,3,0,6,0.21,90,57,63,19,8,86,61.6,33,42,10,32,31,121,137,3,1565,155,558,574,453,45,1565,46,18,39.1,19,41.3,650,3952,2169,28,16,36,21,744,74,75.8,88.0,23,7,17.0,3,1.77,47,31,16,0.56,0.99,35.1,37.5,-2.4,-0.08,0,24,43,2,0,0,0,110,40,30,57.1,DEF,503680.0,exact,503680.0,2025-05-30,20000000.0,503680,2001-04-13,Wales,2029-06-30,183.0,right,23.720739219712527,53.90932982917214,16.811242881518265,562.6734691296081,Developing,False,True,False,False,False,WAL,UEFA,False,False,False,False,False,True
Axel Witsel,be BEL,DF,Atlético Madrid,es La Liga,35.0,1989.0,14,9,852,9.5,0,1,1,0,0,0,1,0,0.0,0.0,0.5,0.6,2,21,1,0.11,0.06,1,0,0.0,0.11,0.0,0.0,,10.1,0,0.03,0.0,0.0,494,545,90.6,8980,3351,0.7,0.5,2,17,0,0,525,19,15,0,2,0,1,0,0,0,0,1,1,4,0.42,2,0,1,0,1,0,2,0.21,16,12,4,10,2,14,85.7,2,15,8,7,11,27,34,1,645,82,325,306,16,4,645,2,1,50.0,1,50.0,405,2146,1194,3,1,9,0,418,61,24.9,85.0,8,5,17.0,24,2.07,18,8,10,1.06,0.08,16.5,11.5,5.1,0.54,0,4,5,1,0,0,0,32,23,16,59.0,DEF,35047.0,exact,35047.0,2025-06-09,2000000.0,35047,1989-01-12,Belgium,2026-06-30,186.0,right,35.969883641341546,17.904073587385017,14.508658238524095,1293.83252917165,Declining,False,False,True,False,False,BEL,UEFA,False,False,False,False,False,True
Maximilian Wittek,de GER,DF,Bochum,de Bundesliga,28.0,1995.0,33,32,2706,30.1,0,0,0,0,0,0,8,0,1.4,1.4,4.4,5.7,47,141,83,0.0,0.19,41,7,17.1,1.36,0.23,0.0,0.0,26.4,7,0.03,-1.4,-1.4,1077,1525,70.6,20095,8995,6.2,-4.4,46,114,37,18,1105,415,64,8,6,164,279,72,44,24,0,5,39,100,3.33,62,28,1,5,4,0,6,0.2,65,42,40,19,6,54,70.4,16,54,8,46,27,92,89,3,1882,105,510,877,512,20,1882,30,12,40.0,14,46.7,769,3496,1783,43,7,38,12,860,82,88.4,84.0,21,1,13.0,0,0.67,27,64,-37,-1.23,-1.99,34.6,55.2,-20.6,-0.69,0,34,34,0,0,0,0,115,23,23,50.0,DEF,196793.0,exact,196793.0,2025-06-05,1500000.0,196793,1995-08-21,Germany,2028-06-30,173.0,left,29.366187542778917,41.9185282522996,14.220976332738882,862.3729707976637,Peak,True,False,False,False,False,GER,UEFA,False,False,False,False,False,True
Marius Wolf,de GER,DF,Augsburg,de Bundesliga,29.0,1995.0,32,28,2144,23.8,1,3,4,1,0,0,2,0,0.7,0.7,3.2,3.9,36,117,95,0.17,0.16,12,2,16.7,0.5,0.08,0.08,0.5,18.4,1,0.06,0.3,0.3,826,1205,68.5,14566,6535,4.4,-0.2,45,76,25,13,871,322,44,3,3,115,236,38,15,15,1,12,46,80,3.36,53,17,6,1,3,0,6,0.25,27,16,13,11,3,43,37.2,27,29,5,24,24,51,51,1,1427,54,302,599,544,46,1427,43,19,44.2,22,51.2,627,2489,1362,19,8,25,16,769,67,70.1,74.0,5,4,21.0,0,1.34,21,32,-11,-0.46,0.03,21.6,30.1,-8.5,-0.36,0,19,14,4,0,0,0,82,8,8,50.0,DEF,193900.0,exact,193900.0,2025-06-05,3000000.0,193900,1995-05-27,Germany,2027-06-30,188.0,right,29.60164271047228,29.894875164257556,14.914123179965662,876.2572511584567,Peak,True,False,False,False,False,GER,UEFA,False,False,False,False,False,True
Christopher Wooh,cm CMR,DF,Rennes,fr Ligue 1,22.0,2001.0,20,17,1456,16.2,0,0,0,0,0,0,6,1,1.3,1.3,0.1,1.4,14,59,2,0.0,0.09,10,4,40.0,0.62,0.25,0.0,0.0,9.2,0,0.13,-1.3,-1.3,749,860,87.1,14386,5490,0.3,-0.1,2,51,2,0,822,35,27,0,2,0,1,0,0,0,0,3,5,16,0.99,10,1,0,2,3,0,1,0.06,36,19,21,13,2,27,66.7,9,22,8,14,23,59,63,0,1028,118,477,516,45,13,1028,12,7,58.3,4,33.3,558,2873,1657,6,0,12,4,695,73,47.6,84.0,13,3,8.0,11,1.15,21,23,-2,-0.12,-0.29,22.5,22.7,-0.2,-0.01,0,33,8,0,0,1,1,53,42,18,70.0,DEF,572326.0,exact,572326.0,2025-06-03,6000000.0,572326,2001-09-18,Cameroon,2029-06-30,191.0,right,23.288158795345655,53.90932982917214,15.607270193858982,542.3383400772352,Developing,False,False,False,True,False,CMR,CAF,False,True,False,False,False,False
Luke Woolfenden,eng ENG,DF,Ipswich Town,eng Premier League,25.0,1998.0,15,12,1187,13.2,0,0,0,0,0,0,2,0,0.0,0.0,0.0,0.0,7,15,0,0.0,0.0,1,0,0.0,0.08,0.0,0.0,,12.9,0,0.03,0.0,0.0,496,562,88.3,9196,3071,0.0,0.0,0,31,0,0,547,13,9,0,2,0,1,0,0,0,0,2,2,2,0.15,2,0,0,0,0,0,0,0.0,9,6,5,4,0,5,40.0,3,21,14,7,19,28,76,0,694,147,407,278,9,3,694,0,0,,0,,368,2118,1249,3,0,4,0,442,79,34.7,90.0,11,3,36.0,13,0.47,12,28,-16,-1.21,0.0,9.2,25.7,-16.5,-1.25,0,5,2,1,0,0,0,38,15,15,50.0,DEF,527425.0,exact,527425.0,2025-05-30,2000000.0,527425,1998-10-21,England,2028-06-30,193.0,right,26.198494182067076,41.9185282522996,14.508658238524095,686.3610974078024,Peak,False,True,False,False,False,ENG,UEFA,False,False,False,False,False,True
Leny Yoro,fr FRA,DF,Manchester Utd,eng Premier League,18.0,2005.0,21,12,1165,12.9,0,0,0,0,0,0,5,0,0.7,0.7,0.1,0.8,19,52,4,0.0,0.06,5,1,20.0,0.39,0.08,0.0,0.0,8.6,0,0.15,-0.7,-0.7,708,766,92.4,11513,3678,0.2,-0.1,2,44,5,1,745,20,9,2,1,1,7,0,0,0,0,1,5,9,0.7,6,0,0,2,0,1,0,0.0,29,11,19,9,1,19,68.4,6,5,3,2,18,47,43,0,894,87,413,414,70,13,894,4,2,50.0,2,50.0,614,3173,1765,13,1,3,4,656,55,34.1,78.0,5,9,26.0,0,0.81,17,24,-7,-0.54,-0.42,18.1,19.4,-1.3,-0.1,0,9,2,1,0,0,0,46,16,16,50.0,DEF,923831.0,exact,923831.0,2025-05-30,55000000.0,923831,2005-11-13,France,2029-06-30,190.0,right,19.134839151266256,53.90932982917214,17.822843761378564,366.14206934483195,Emerging,False,True,False,False,False,FRA,UEFA,False,False,False,False,False,True
Ashley Young,eng ENG,DF,Everton,eng Premier League,39.0,1985.0,32,19,1875,20.8,1,3,4,1,0,0,7,1,0.3,0.3,2.3,2.6,24,90,32,0.19,0.12,6,3,50.0,0.29,0.14,0.17,0.33,24.5,3,0.04,0.7,0.7,708,999,70.9,13051,5809,2.9,0.7,26,78,25,14,770,222,25,3,4,75,180,15,8,6,0,7,20,47,2.25,34,8,0,1,2,2,6,0.29,58,33,25,25,8,57,61.4,22,14,4,10,25,83,64,2,1194,61,369,528,305,9,1194,20,7,35.0,9,45.0,487,2447,1378,26,1,11,1,618,59,54.8,85.0,14,13,20.0,4,1.34,21,22,-1,-0.05,0.01,21.0,26.3,-5.3,-0.26,0,30,22,0,0,0,0,75,10,11,47.6,DEF,14086.0,exact,14086.0,2025-05-30,500000.0,14086,1985-07-09,England,2026-06-30,175.0,both,39.48254620123203,17.904073587385017,13.122365377402328,1558.8714545324221,Declining,False,True,False,False,False,ENG,UEFA,False,False,False,False,False,True
Etienne Youte Kinkoue,fr FRA,DF,Le Havre,fr Ligue 1,22.0,2002.0,28,26,2320,25.8,0,0,0,0,0,0,4,1,1.3,1.3,0.2,1.5,12,63,4,0.0,0.06,14,1,7.1,0.54,0.04,0.0,0.0,16.9,2,0.09,-1.3,-1.3,1124,1262,89.1,23138,7156,0.3,-0.2,3,62,3,1,1185,76,59,0,5,2,4,0,0,0,0,1,4,14,0.54,12,0,0,2,0,0,1,0.04,19,10,11,7,1,20,65.0,7,36,23,13,29,48,158,3,1544,270,843,654,53,15,1544,2,2,100.0,0,0.0,861,4835,2565,10,0,6,1,1041,83,75.8,88.0,24,2,18.0,1,1.11,31,52,-21,-0.81,0.4,31.5,49.6,-18.1,-0.7,0,14,6,0,0,2,1,65,26,21,55.3,DEF,639712.0,exact_accent_stripped,639712.0,2025-06-03,7000000.0,639712,2002-01-14,France,2026-06-30,196.0,right,22.965092402464066,17.904073587385017,15.76142084987672,527.3954690537128,Developing,False,False,False,True,False,FRA,UEFA,False,False,False,False,False,True
Illia Zabarnyi,ua UKR,DF,Bournemouth,eng Premier League,21.0,2002.0,36,35,3109,34.5,0,1,1,0,0,0,4,1,1.3,1.3,0.7,2.0,27,140,4,0.03,0.06,12,1,8.3,0.35,0.03,0.0,0.0,9.8,0,0.11,-1.3,-1.3,1404,1710,82.1,29649,10860,0.8,0.3,12,153,7,0,1677,31,27,6,7,6,1,0,0,0,0,2,10,29,0.84,26,1,0,0,0,2,1,0.03,52,36,31,20,1,50,68.0,16,33,20,13,41,93,182,2,2062,234,929,1078,77,16,2062,9,6,66.7,2,22.2,1282,8351,4948,21,0,14,3,1306,86,90.9,88.0,30,1,45.0,0,1.53,53,41,12,0.35,0.35,57.2,42.0,15.2,0.44,0,20,7,0,0,0,0,157,77,44,63.6,DEF,659089.0,fuzzy_verified,659089.0,2025-05-30,42000000.0,659089,2002-09-01,Ukraine,2030-06-30,189.0,right,22.33538672142368,65.90013140604468,17.553180200057167,498.8694999955493,Developing,False,True,False,False,False,UKR,UEFA,False,False,False,False,False,True
Nicola Zalewski,pl POL,"DF,FW",Roma,it Serie A,22.0,2002.0,12,4,533,5.9,0,0,0,0,0,0,0,0,0.3,0.3,0.8,1.1,31,17,54,0.0,0.18,5,0,0.0,0.84,0.0,0.0,,21.4,0,0.06,-0.3,-0.3,194,265,73.2,3235,575,0.6,-0.8,10,10,14,7,236,28,2,0,1,29,26,0,0,0,0,1,12,20,3.37,18,0,0,0,2,0,0,0.0,8,6,3,2,3,7,28.6,5,7,2,5,4,12,8,2,325,9,53,122,155,15,325,16,2,12.5,13,81.3,193,1581,818,18,6,8,4,221,44,15.6,71.0,0,8,31.0,6,1.08,8,9,-1,-0.17,-0.85,8.7,6.6,2.1,0.36,0,2,13,1,0,0,0,23,5,8,38.5,DEF,550108.0,exact,550108.0,2025-06-17,12000000.0,550108,2002-01-23,Poland,2029-06-30,175.0,right,22.940451745379878,53.90932982917214,16.300417291085605,526.2643262821027,Developing,False,False,False,False,True,POL,UEFA,False,False,False,False,False,True
Nicola Zalewski,pl POL,"DF,MF",Inter,it Serie A,22.0,2002.0,11,4,435,4.8,1,1,2,1,0,0,4,0,0.2,0.2,1.7,1.9,29,18,47,0.41,0.39,5,3,60.0,1.03,0.62,0.2,0.33,22.1,0,0.05,0.8,0.8,205,245,83.7,3270,669,1.8,-0.7,11,11,11,6,230,15,1,2,3,23,14,0,0,0,0,0,7,20,4.14,17,0,1,1,1,0,1,0.21,7,4,3,2,2,6,66.7,2,5,1,4,2,9,5,1,293,6,50,122,124,16,293,20,9,45.0,4,20.0,206,1538,767,16,8,10,7,225,40,12.7,72.0,0,7,21.0,2,1.91,9,4,5,1.03,-0.14,8.4,5.7,2.7,0.57,0,7,11,0,0,0,0,21,2,3,40.0,DEF,550108.0,exact,550108.0,2025-06-17,12000000.0,550108,2002-01-23,Poland,2029-06-30,175.0,right,22.940451745379878,53.90932982917214,16.300417291085605,526.2643262821027,Developing,False,False,False,False,True,POL,UEFA,False,False,False,False,False,True
Gabriele Zappa,it ITA,DF,Cagliari,it Serie A,24.0,1999.0,37,35,3060,34.0,2,0,2,2,0,0,4,0,0.9,0.9,3.6,4.5,57,146,82,0.06,0.13,11,5,45.5,0.32,0.15,0.18,0.4,16.9,0,0.08,1.1,1.1,1318,1723,76.5,22297,10963,3.3,-3.6,28,126,24,15,1413,300,35,1,11,72,265,0,0,0,0,10,44,57,1.68,52,2,0,3,0,0,2,0.06,40,23,20,17,3,34,50.0,17,42,22,20,23,63,93,1,2017,120,803,887,342,34,2017,29,13,44.8,14,48.3,1100,5589,3187,39,4,31,7,1191,83,89.5,87.0,31,2,10.0,0,0.97,38,54,-16,-0.47,-0.47,37.9,52.1,-14.2,-0.42,0,25,18,0,0,0,0,123,21,27,43.8,DEF,392569.0,exact,392569.0,2025-06-17,4000000.0,392569,1999-12-22,Italy,2030-06-30,187.0,right,25.02943189596167,65.90013140604468,15.201805169084134,626.4724610345835,Developing,False,False,False,False,True,ITA,UEFA,False,False,False,False,False,True
Davide Zappacosta,it ITA,DF,Atalanta,it Serie A,32.0,1992.0,30,26,2067,23.0,4,2,6,4,0,0,3,0,2.2,2.2,2.1,4.3,67,107,139,0.26,0.19,39,12,30.8,1.7,0.52,0.1,0.33,19.2,0,0.06,1.8,1.8,986,1192,82.7,15489,4983,3.0,-0.1,23,60,37,23,958,230,17,2,2,95,200,13,10,2,0,4,23,53,2.31,42,5,1,5,0,0,6,0.26,26,16,15,5,6,39,51.3,19,28,6,22,11,37,32,2,1416,41,301,545,584,47,1416,41,12,29.3,27,65.9,780,4350,2348,38,14,26,17,889,69,60.4,76.0,10,4,24.0,4,1.97,48,23,25,1.09,0.02,39.4,25.3,14.1,0.61,0,19,14,6,0,0,0,89,9,12,42.9,DEF,173859.0,exact,173859.0,2025-06-17,5000000.0,173859,1992-06-11,Italy,2028-06-30,182.0,right,32.558521560574945,41.9185282522996,15.424948670398354,1060.0573262104235,Declining,False,False,False,False,True,ITA,UEFA,False,False,False,False,False,True
David Zec,si SVN,DF,Holstein Kiel,de Bundesliga,24.0,2000.0,18,18,1541,17.1,2,0,2,2,0,0,5,0,1.2,1.2,0.5,1.8,3,34,2,0.12,0.1,11,5,45.5,0.64,0.29,0.18,0.4,14.3,0,0.11,0.8,0.8,733,836,87.7,13801,5255,0.3,-0.5,8,25,1,0,795,41,38,0,3,1,2,0,0,0,0,0,8,13,0.76,13,0,0,0,0,0,0,0.0,23,10,17,6,0,20,65.0,7,32,18,14,17,40,93,3,1049,206,654,363,39,24,1049,9,5,55.6,4,44.4,527,2288,1173,3,1,11,5,633,86,50.4,86.0,14,0,,0,0.94,28,39,-11,-0.64,0.54,22.2,30.2,-8.0,-0.47,0,21,7,3,0,0,0,76,35,47,42.7,DEF,469709.0,exact,469709.0,2025-06-05,2500000.0,469709,2000-01-05,Slovenia,2029-06-30,190.0,right,24.99110198494182,53.90932982917214,14.731801689838349,624.555178421763,Developing,True,False,False,False,False,SVN,UEFA,False,False,False,False,False,True
Jordan Zemura,zw ZIM,DF,Udinese,it Serie A,24.0,1999.0,23,13,1415,15.7,1,2,3,1,0,0,2,0,1.0,1.0,1.0,2.0,25,42,76,0.19,0.13,14,3,21.4,0.89,0.19,0.07,0.33,19.0,3,0.07,0.0,0.0,475,621,76.5,7519,2859,1.4,1.0,11,24,15,9,488,132,11,0,0,39,116,5,1,2,0,1,20,30,1.91,19,7,1,1,1,1,4,0.25,31,14,14,12,5,29,58.6,12,17,4,13,16,47,41,0,815,44,232,331,263,23,815,48,20,41.7,24,50.0,403,2146,1080,18,3,24,17,434,62,41.4,86.0,9,10,30.0,11,0.96,17,28,-11,-0.7,-0.52,12.5,24.7,-12.2,-0.78,0,22,7,2,0,0,0,60,6,14,30.0,DEF,633530.0,exact,633530.0,2025-06-17,4500000.0,633530,1999-11-14,Zimbabwe,2027-06-30,173.0,left,25.13347022587269,29.894875164257556,15.319588176962746,631.691325594829,Developing,False,False,False,False,True,ZIM,CAF,False,True,False,False,False,False
Alessio Zerbin,it ITA,DF,Venezia,it Serie A,25.0,1999.0,18,17,1518,16.9,1,1,2,1,0,0,4,0,1.9,1.9,2.1,3.9,53,54,70,0.12,0.23,16,6,37.5,0.95,0.36,0.06,0.17,14.5,0,0.12,-0.9,-0.9,400,612,65.4,6494,2778,2.3,-1.1,24,26,21,10,441,168,24,1,4,74,126,18,6,6,0,3,26,42,2.49,25,10,2,1,3,1,2,0.12,51,28,30,12,9,52,55.8,23,28,3,25,15,66,25,1,864,34,187,336,358,53,864,63,21,33.3,36,57.1,383,2327,1234,26,20,37,19,401,84,44.4,88.0,14,1,15.0,0,0.83,12,22,-10,-0.59,0.07,15.3,23.4,-8.1,-0.48,0,36,34,3,0,0,0,69,10,12,45.5,DEF,433584.0,exact,433584.0,2025-06-17,4000000.0,433584,1999-03-03,Italy,2026-06-30,182.0,right,25.83436002737851,17.904073587385017,15.201805169084134,667.4141580242125,Developing,False,False,False,False,True,ITA,UEFA,False,False,False,False,False,True
Cedric Zesiger,ch SUI,DF,Augsburg,de Bundesliga,26.0,1998.0,15,15,1221,13.6,0,2,2,0,0,0,7,1,1.2,1.2,1.3,2.5,4,40,7,0.15,0.18,10,2,20.0,0.74,0.15,0.0,0.0,14.7,0,0.12,-1.2,-1.2,455,579,78.6,8607,3229,1.1,0.7,7,45,6,4,541,35,13,2,5,13,17,0,0,0,0,3,15,13,0.96,11,1,0,1,0,0,3,0.22,13,7,7,6,0,13,61.5,5,17,10,7,21,34,96,1,771,101,341,371,61,9,771,4,1,25.0,3,75.0,398,1750,815,9,0,8,3,424,81,39.9,81.0,10,0,,0,1.33,10,12,-2,-0.15,0.54,12.7,18.6,-5.9,-0.43,1,15,7,0,0,0,0,57,27,19,58.7,DEF,382478.0,exact_accent_stripped,382478.0,2025-06-05,7000000.0,382478,1998-06-24,Switzerland,2029-06-30,194.0,left,26.524298425735797,53.90932982917214,15.76142084987672,703.5384069774905,Peak,True,False,False,False,False,SUI,UEFA,False,False,False,False,False,True
Cedric Zesiger,ch SUI,DF,Wolfsburg,de Bundesliga,26.0,1998.0,7,5,522,5.8,0,0,0,0,0,0,4,0,0.1,0.1,0.0,0.1,3,19,2,0.0,0.01,2,1,50.0,0.34,0.17,0.0,0.0,25.0,0,0.03,-0.1,-0.1,189,237,79.7,3261,1271,0.2,0.0,1,15,2,1,204,33,13,0,2,3,4,0,0,0,0,0,4,5,0.86,5,0,0,0,0,0,0,0.0,13,8,6,5,2,12,50.0,6,6,5,1,3,16,28,0,303,48,153,131,19,0,303,3,3,100.0,0,0.0,135,653,299,0,0,1,1,154,75,17.1,90.0,5,2,36.0,9,1.43,12,12,0,0.0,-0.07,7.9,12.1,-4.2,-0.72,0,14,5,0,0,1,0,16,3,10,23.1,DEF,382478.0,exact_accent_stripped,382478.0,2025-06-05,7000000.0,382478,1998-06-24,Switzerland,2029-06-30,194.0,left,26.524298425735797,53.90932982917214,15.76142084987672,703.5384069774905,Peak,True,False,False,False,False,SUI,UEFA,False,False,False,False,False,True
Nathan Zeze,fr FRA,DF,Nantes,fr Ligue 1,19.0,2005.0,18,17,1512,16.8,0,0,0,0,0,0,6,0,0.3,0.3,0.0,0.3,2,46,0,0.0,0.02,6,2,33.3,0.36,0.12,0.0,0.0,10.5,0,0.05,-0.3,-0.3,737,859,85.8,14468,5641,0.2,0.0,1,47,2,0,826,32,20,1,4,1,5,0,0,0,0,1,2,10,0.6,9,0,0,0,1,0,0,0.0,38,22,22,16,0,33,69.7,10,22,9,13,23,61,120,1,1083,155,572,498,19,6,1083,4,3,75.0,1,25.0,600,2809,1477,2,0,9,1,678,84,49.4,88.0,15,1,19.0,4,1.17,17,20,-3,-0.18,0.4,16.0,23.3,-7.4,-0.44,0,17,17,0,0,0,0,63,28,25,52.8,DEF,923832.0,exact_accent_stripped,923832.0,2025-06-03,15000000.0,923832,2005-06-18,France,2030-06-30,190.0,left,19.540041067761805,65.90013140604468,16.52356082573315,381.8132049298179,Emerging,False,False,False,True,False,FRA,UEFA,False,False,False,False,False,True
Oleksandr Zinchenko,ua UKR,"DF,MF",Arsenal,eng Premier League,27.0,1996.0,15,5,527,5.9,0,1,1,0,0,0,1,0,0.6,0.6,0.2,0.8,10,48,14,0.17,0.14,10,0,0.0,1.71,0.0,0.0,,19.6,1,0.07,-0.6,-0.6,382,451,84.7,6080,1345,0.5,0.8,3,30,11,3,399,49,14,2,3,13,33,1,0,0,0,3,3,22,3.76,17,1,1,2,1,0,2,0.34,6,1,1,3,2,8,37.5,5,8,1,7,5,11,10,0,499,16,86,233,181,20,499,5,3,60.0,1,20.0,281,1348,573,8,3,3,4,348,35,15.4,72.0,1,10,17.0,16,1.87,9,1,8,1.37,0.53,8.7,3.1,5.6,0.95,0,8,3,1,0,0,0,19,12,11,52.2,DEF,203853.0,exact,203853.0,2025-05-30,20000000.0,203853,1996-12-15,Ukraine,2026-06-30,175.0,left,28.046543463381244,17.904073587385017,16.811242881518265,786.6086002433332,Peak,False,True,False,False,False,UKR,UEFA,False,False,False,False,False,True
Luck Zogbé,ci CIV,DF,Brest,fr Ligue 1,19.0,2005.0,13,7,638,7.1,0,0,0,0,0,0,2,0,0.3,0.3,0.1,0.4,4,19,19,0.0,0.06,8,1,12.5,1.13,0.14,0.0,0.0,23.2,0,0.03,-0.3,-0.3,253,328,77.1,4265,1357,0.1,-0.1,4,12,2,2,259,69,10,0,0,14,59,0,0,0,0,0,7,15,2.11,8,0,0,2,2,3,1,0.14,32,18,17,11,4,26,69.2,8,11,2,9,14,46,22,1,436,30,158,192,92,5,436,19,4,21.1,11,57.9,196,985,384,7,0,9,5,202,49,20.8,79.0,6,6,14.0,17,1.69,15,14,1,0.14,0.44,9.8,15.3,-5.5,-0.78,0,9,11,1,0,0,0,51,12,4,75.0,DEF,1144999.0,exact,1144999.0,2025-06-03,2500000.0,1144999,2005-03-24,Cote d'Ivoire,2029-06-30,178.0,right,19.77549623545517,53.90932982917214,14.731801689838349,391.07025135850154,Emerging,False,False,False,True,False,CIV,CAF,False,True,False,False,False,False
Nadir Zortea,it ITA,"DF,MF",Cagliari,it Serie A,25.0,1999.0,35,33,2713,30.1,6,2,8,6,0,0,2,0,3.1,3.1,2.4,5.5,69,63,144,0.27,0.18,33,10,30.3,1.09,0.33,0.18,0.6,19.3,0,0.09,2.9,2.9,557,827,67.4,9098,3140,2.2,-0.4,28,42,31,21,776,48,3,1,1,119,37,7,0,5,0,3,41,57,1.89,40,5,8,2,1,1,3,0.1,30,14,16,12,2,37,37.8,23,11,0,11,19,49,47,2,1115,43,260,487,387,31,1115,87,38,43.7,47,54.0,661,3945,1877,38,8,57,31,732,78,79.3,81.0,17,2,26.0,1,0.97,34,51,-17,-0.56,-0.69,32.7,46.1,-13.4,-0.45,0,33,22,1,0,1,0,96,17,30,36.2,DEF,392966.0,exact,392966.0,2025-06-17,5000000.0,392966,1999-06-19,Italy,2029-06-30,187.0,right,25.53867214236824,53.90932982917214,15.424948670398354,652.2237747953757,Developing,False,False,False,False,True,ITA,UEFA,False,False,False,False,False,True
Yanis Zouaoui,dz ALG,"DF,FW",Le Havre,fr Ligue 1,30.0,1994.0,17,9,976,10.8,0,2,2,0,0,0,3,0,0.1,0.1,2.9,3.1,33,32,33,0.18,0.28,5,2,40.0,0.46,0.18,0.0,0.0,28.6,2,0.03,-0.1,-0.1,408,595,68.6,7484,2710,3.1,-0.9,28,23,14,9,421,172,34,1,1,110,89,49,33,15,0,2,18,40,3.69,14,24,1,1,0,0,3,0.28,20,10,10,8,2,15,73.3,4,15,2,13,8,28,43,0,725,38,211,301,222,8,725,18,13,72.2,4,22.2,319,2191,1272,30,3,18,4,364,57,31.9,85.0,7,8,26.0,13,1.06,14,20,-6,-0.55,0.53,16.5,18.7,-2.2,-0.2,0,8,13,1,0,0,0,41,7,4,63.6,DEF,691841.0,exact,691841.0,2025-06-03,800000.0,691841,1998-04-28,France,2027-06-30,183.0,left,26.680355920602327,29.894875164257556,13.592368256649284,711.8413920500196,Peak,False,False,False,True,False,ALG,CAF,False,True,False,False,False,False
Igor Zubeldia,es ESP,DF,Real Sociedad,es La Liga,27.0,1997.0,28,27,2269,25.2,0,0,0,0,0,0,6,1,0.6,0.6,0.4,1.1,22,101,3,0.0,0.04,12,4,33.3,0.48,0.16,0.0,0.0,17.1,0,0.05,-0.6,-0.6,1281,1483,86.4,24957,7655,0.6,-0.4,4,93,6,0,1431,44,41,3,12,1,1,0,0,0,0,8,5,17,0.67,16,0,0,1,0,0,1,0.04,34,22,21,10,3,26,53.8,12,32,18,14,31,65,100,2,1732,163,768,923,46,14,1732,6,6,100.0,0,0.0,1036,5787,3741,8,1,8,1,1145,81,66.3,82.0,22,1,45.0,1,1.14,22,28,-6,-0.24,0.15,29.4,27.6,1.8,0.07,0,38,11,0,0,1,0,86,65,80,44.8,DEF,355628.0,exact,355628.0,2025-06-09,12000000.0,355628,1997-03-30,Spain,2029-06-30,181.0,right,27.759069130732374,53.90932982917214,16.300417291085605,770.5659190047791,Peak,False,False,True,False,False,ESP,UEFA,False,False,False,False,False,True
