Player,Nation,Pos,Squad,Comp,Age,Born,MP_playing_time,Starts_playing_time,Min_playing_time,90s,Gls,Ast,G+A,G-PK,PK,PKatt_shooting,CrdY,CrdR,xG,npxG,xAG,npxG+xAG,PrgC,PrgP,PrgR,G+A-PK,xG+xAG,Sh_shooting,SoT,SoT%,Sh/90,SoT/90,G/Sh,G/SoT,Dist,FK_shooting,npxG/Sh,G-xG,np:G-xG,Cmp_passing_types,Att_passing_types,Cmp%_passing,TotDist_passing,PrgDist_passing,xA,A-xAG,KP,1/3_passing,PPA,CrsPA,Live_passing_types,Dead,FK_passing_types,TB,Sw,Crs,TI,CK_passing_types,In,Out,Str,Off_passing_types,Blocks_passing_types,SCA,SCA90,PassLive,PassDead,TO,Sh_gca,Fld_gca,Def,GCA,GCA90,Tkl,TklW,Def 3rd_defense,Mid 3rd_defense,Att 3rd_defense,Att_defense,Tkl%,Lost_defense,Blocks_defense,Sh_defense,Pass,Int,Tkl+Int,Clr,Err,Touches,Def Pen,Def 3rd_possession,Mid 3rd_possession,Att 3rd_possession,Att Pen,Live_possession,Att_possession,Succ,Succ%,Tkld,Tkld%,Carries,TotDist_possession,PrgDist_possession,1/3_possession,CPA,Mis,Dis,Rec,Mn/MP,Min%,Mn/Start,Compl,Subs,Mn/Sub,unSub,PPM,onG,onGA,+/-,+/-90,On-Off,onxG,onxGA,xG+/-,xG+/-90,2CrdY,Fls,Fld_misc,Off_misc,PKwon,PKcon,OG_misc,Recov,Won,Lost_misc,Won%,position_group,tm_player_id,match_method,player_id,date,market_value_in_eur,player_id_tm,date_of_birth,country_of_citizenship,contract_expiration_date,height_in_cm,foot,age_precise,contract_months_remaining,log_market_value,age_squared,career_stage,league_de Bundesliga,league_eng Premier League,league_es La Liga,league_fr Ligue 1,league_it Serie A,nation_code,confederation,confed_AFC,confed_CAF,confed_CONCACAF,confed_CONMEBOL,confed_OFC,confed_UEFA
Matthis Abline,fr FRA,FW,Nantes,fr Ligue 1,21.0,2003.0,34,33,2768,30.8,9,2,11,8,1,1,3,0,8.5,7.7,3.8,11.5,75,48,169,0.33,0.4,73,26,35.6,2.37,0.85,0.11,0.31,15.0,0,0.11,0.5,0.3,351,538,65.2,5145,976,3.4,-1.8,27,23,15,4,510,26,1,3,4,30,1,0,0,0,0,2,27,61,1.98,43,0,8,6,3,1,9,0.29,11,5,2,4,5,9,33.3,6,15,1,14,4,15,36,1,878,34,75,382,438,142,877,86,35,40.7,48,55.8,587,3670,1743,42,42,92,65,689,81,90.5,83.0,12,1,23.0,0,1.06,34,42,-8,-0.26,1.28,34.6,47.1,-12.6,-0.41,0,34,53,5,0,0,0,83,64,76,45.7,FWD,659543.0,exact,659543.0,2025-06-03,18000000.0,659543,2003-03-28,France,2028-06-30,182.0,right,21.765913757700204,41.9185282522996,16.705882371415992,473.75500170764303,Emerging,False,False,False,True,False,FRA,UEFA,False,False,False,False,False,True
Tammy Abraham,eng ENG,FW,Milan,it Serie A,26.0,1997.0,28,12,1183,13.1,3,4,7,2,1,2,1,0,7.1,5.4,2.2,7.6,8,26,69,0.46,0.7,26,11,42.3,1.98,0.84,0.08,0.18,13.4,0,0.21,-4.1,-3.4,152,221,68.8,1956,534,1.3,1.8,14,13,10,0,203,17,0,5,0,3,0,0,0,0,0,1,6,33,2.51,28,0,0,4,1,0,9,0.68,17,11,2,10,5,8,75.0,2,13,0,13,2,19,16,0,367,20,46,172,149,57,365,14,4,28.6,10,71.4,158,572,205,6,4,22,13,241,42,34.6,70.0,2,16,22.0,6,1.75,27,14,13,0.99,0.79,24.1,12.8,11.3,0.86,0,23,12,7,1,0,0,12,36,33,52.2,FWD,331726.0,exact,331726.0,2025-06-17,15000000.0,331726,1997-10-02,England,2030-06-30,194.0,right,27.249828884325805,65.90013140604468,16.52356082573315,742.553174225037,Peak,False,False,False,False,True,ENG,UEFA,False,False,False,False,False,True
Akor Adams,ng NGA,FW,Montpellier,fr Ligue 1,24.0,2000.0,15,13,1075,11.9,3,1,4,3,0,0,2,0,4.3,4.3,1.0,5.3,11,6,45,0.33,0.44,26,12,46.2,2.18,1.0,0.12,0.25,13.3,0,0.16,-1.3,-1.3,112,179,62.6,1540,198,0.1,0.0,12,8,0,0,160,17,0,1,2,5,0,0,0,0,0,2,7,25,2.09,18,0,4,1,2,0,5,0.42,4,3,1,2,1,4,75.0,1,2,1,1,1,5,5,1,251,5,19,118,117,49,251,14,7,50.0,6,42.9,126,661,279,5,7,16,14,174,72,35.1,79.0,7,2,22.0,1,0.53,12,29,-17,-1.42,0.35,12.8,23.6,-10.8,-0.9,0,17,8,16,2,0,0,24,28,27,50.9,FWD,607034.0,exact,607034.0,2025-06-09,5000000.0,607034,2000-01-29,Nigeria,2029-06-30,190.0,right,24.92539356605065,53.90932982917214,15.424948670398354,621.2752444225192,Developing,False,False,False,True,False,NGA,CAF,False,True,False,False,False,False
Che Adams,sct SCO,FW,Torino,it Serie A,28.0,1996.0,36,30,2652,29.5,9,3,12,9,0,1,2,0,9.0,8.2,2.0,10.2,23,40,153,0.41,0.37,63,25,39.7,2.14,0.85,0.14,0.36,15.7,0,0.13,0.0,0.8,414,557,74.3,6531,1184,2.9,1.0,26,32,7,0,513,43,3,4,5,10,1,0,0,0,0,1,17,63,2.14,49,1,0,8,5,0,5,0.17,12,6,2,4,6,7,14.3,6,13,6,7,2,14,18,0,802,19,53,387,371,104,801,37,11,29.7,22,59.5,509,2066,702,18,9,63,34,630,74,77.5,82.0,20,6,33.0,1,1.14,31,36,-5,-0.17,-0.05,27.0,37.5,-10.4,-0.35,0,29,40,23,0,0,0,50,36,62,36.7,FWD,346779.0,exact_accent_stripped,346779.0,2025-06-17,15000000.0,346779,1996-07-13,Scotland,2027-06-30,175.0,right,28.470910335386723,29.894875164257556,16.52356082573315,810.5927353256305,Peak,False,False,False,False,True,SCO,UEFA,False,False,False,False,False,True
Junior Adamu,at AUT,FW,Freiburg,de Bundesliga,23.0,2001.0,25,19,1545,17.2,2,2,4,2,0,0,5,1,5.5,5.5,2.4,7.9,8,14,84,0.23,0.46,36,11,30.6,2.1,0.64,0.06,0.18,12.4,0,0.16,-3.5,-3.5,198,312,63.5,2376,316,1.9,-0.4,17,7,8,0,292,18,0,2,0,5,2,0,0,0,0,2,12,29,1.69,22,0,1,3,3,0,3,0.17,9,3,3,3,3,11,27.3,8,14,0,14,12,21,20,0,534,21,53,252,234,80,534,29,10,34.5,18,62.1,275,1026,349,5,4,59,24,350,62,50.5,75.0,4,6,20.0,5,1.4,20,29,-9,-0.52,-0.82,23.7,18.5,5.2,0.3,0,38,22,17,0,0,0,52,53,108,32.9,FWD,452477.0,exact,452477.0,2025-06-05,5000000.0,452477,2001-06-06,Austria,2026-06-30,183.0,right,23.572895277207394,17.904073587385017,15.424948670398354,555.6813917501867,Developing,True,False,False,False,False,AUT,UEFA,False,False,False,False,False,True
Karim Adeyemi,de GER,"FW,MF",Dortmund,de Bundesliga,22.0,2002.0,25,17,1433,15.9,7,6,13,7,0,0,4,0,5.5,5.5,6.0,11.5,68,28,153,0.82,0.72,46,18,39.1,2.89,1.13,0.15,0.39,17.6,0,0.12,1.5,1.5,298,401,74.3,4376,889,4.1,0.0,28,10,19,2,388,11,1,3,2,26,7,2,2,0,0,2,20,57,3.58,35,1,12,6,2,1,11,0.69,20,14,6,6,8,20,40.0,12,14,1,13,7,27,5,0,636,9,51,231,365,88,636,94,40,42.6,49,52.1,417,3230,1543,36,41,43,31,465,57,46.8,72.0,2,8,25.0,0,1.84,38,24,14,0.88,0.55,32.8,20.3,12.5,0.78,0,27,18,4,0,0,0,48,9,13,40.9,FWD,496094.0,exact,496094.0,2025-06-05,45000000.0,496094,2002-01-18,Germany,2027-06-30,180.0,left,22.954140999315538,29.894875164257556,17.622173069956816,526.8925890164585,Developing,True,False,False,False,False,GER,UEFA,False,False,False,False,False,True
Simon Adingra,ci CIV,"FW,MF",Brighton,eng Premier League,22.0,2002.0,29,12,1097,12.2,2,2,4,2,0,0,0,0,2.5,2.5,2.5,4.9,50,18,136,0.33,0.4,33,8,24.2,2.71,0.66,0.06,0.25,17.0,0,0.07,-0.5,-0.5,290,382,75.9,4148,820,2.8,-0.5,16,5,17,6,372,9,0,2,0,41,8,1,0,0,0,1,12,47,3.86,33,0,6,8,0,0,7,0.57,23,14,10,8,5,26,38.5,16,12,0,12,8,31,6,2,548,10,66,174,315,76,548,50,21,42.0,27,54.0,366,2514,1300,21,27,39,12,388,38,32.1,66.0,1,17,18.0,6,1.59,18,23,-5,-0.41,-0.88,18.2,19.0,-0.9,-0.07,0,13,4,4,0,0,0,47,7,4,63.6,FWD,658536.0,exact,658536.0,2025-05-30,28000000.0,658536,2002-01-01,Cote d'Ivoire,2026-06-30,175.0,right,23.000684462696782,17.904073587385017,17.147715103853763,529.0314857525411,Developing,False,True,False,False,False,CIV,CAF,False,True,False,False,False,False
Jeremy Agbonifo,se SWE,"FW,MF",Lens,fr Ligue 1,18.0,2005.0,8,1,300,3.3,1,0,1,1,0,0,1,0,0.7,0.7,0.2,0.9,13,6,36,0.3,0.26,6,4,66.7,1.8,1.2,0.17,0.25,14.1,0,0.11,0.3,0.3,58,80,72.5,743,182,0.4,-0.2,3,4,4,2,75,5,0,0,0,7,5,0,0,0,0,0,4,8,2.4,7,1,0,0,0,0,0,0.0,7,6,6,0,1,7,42.9,4,2,1,1,1,8,0,1,131,1,22,39,72,16,131,20,9,45.0,10,50.0,84,627,283,2,10,11,6,92,38,9.8,45.0,0,7,36.0,3,1.13,4,6,-2,-0.6,-0.76,5.9,7.6,-1.7,-0.52,0,14,5,2,0,0,0,9,1,9,10.0,FWD,1057820.0,exact,1057820.0,2025-06-03,5000000.0,1057820,2005-10-24,Sweden,2026-06-30,178.0,left,19.189596167008897,17.904073587385017,15.424948670398354,368.24060105288254,Emerging,False,False,False,True,False,SWE,UEFA,False,False,False,False,False,True
Ludovic Ajorque,fr FRA,FW,Brest,fr Ligue 1,30.0,1994.0,31,29,2495,27.7,13,2,15,13,0,1,5,0,10.4,9.6,3.1,12.7,10,41,124,0.54,0.49,53,25,47.2,1.91,0.9,0.25,0.52,12.1,0,0.18,2.6,3.4,462,671,68.9,6965,969,1.8,-1.1,35,29,11,1,660,8,0,2,12,7,1,0,0,0,0,3,16,60,2.17,49,0,2,5,2,2,8,0.29,26,19,3,12,11,32,31.3,22,20,5,15,6,32,26,0,914,32,84,446,389,125,913,17,8,47.1,9,52.9,410,1319,449,11,4,60,11,658,80,81.5,84.0,16,2,28.0,0,1.48,44,47,-3,-0.11,0.53,38.6,44.0,-5.4,-0.19,0,61,26,11,2,0,0,62,133,121,52.4,FWD,283994.0,exact,283994.0,2025-06-03,4000000.0,283994,1994-02-25,France,2027-06-30,196.0,left,30.850102669404517,29.894875164257556,15.201805169084134,951.7288347127998,Declining,False,False,False,True,False,FRA,UEFA,False,False,False,False,False,True
Maghnes Akliouche,fr FRA,"FW,MF",Monaco,fr Ligue 1,22.0,2002.0,32,27,2406,26.7,5,10,15,4,1,1,2,0,9.2,8.4,7.3,15.7,127,173,226,0.52,0.62,61,17,27.9,2.28,0.64,0.07,0.24,16.0,2,0.14,-4.2,-4.4,989,1216,81.3,13887,4098,7.8,2.7,49,90,64,3,1163,43,10,8,8,53,16,17,11,2,0,10,34,119,4.45,87,3,12,6,8,3,19,0.71,51,31,12,24,15,41,46.3,22,21,0,21,15,66,13,0,1566,22,150,644,794,156,1565,103,50,48.5,50,48.5,999,6581,3653,98,47,78,47,1149,75,78.6,86.0,20,5,19.0,0,1.78,53,31,22,0.82,0.82,59.5,28.7,30.8,1.15,0,31,38,8,0,0,0,131,5,23,17.9,FWD,745200.0,exact,745200.0,2025-06-03,45000000.0,745200,2002-02-25,France,2028-06-30,183.0,left,22.850102669404517,41.9185282522996,17.622173069956816,522.1271920023274,Developing,False,False,False,True,False,FRA,UEFA,False,False,False,False,False,True
Chuba Akpom,eng ENG,FW,Lille,fr Ligue 1,28.0,1995.0,14,6,639,7.1,3,1,4,2,1,2,0,0,5.0,3.4,0.5,3.9,6,7,38,0.42,0.78,18,9,50.0,2.54,1.27,0.11,0.22,13.2,0,0.19,-2.0,-1.4,67,99,67.7,822,138,0.4,0.5,5,1,4,0,87,11,0,1,0,1,0,0,0,0,0,1,8,17,2.39,8,0,2,5,2,0,3,0.42,8,5,0,4,4,6,33.3,4,9,0,9,0,8,3,0,165,4,13,76,79,30,163,9,4,44.4,4,44.4,80,422,192,4,2,12,5,113,46,20.9,69.0,0,8,28.0,0,1.79,10,9,1,0.14,-0.42,12.1,9.2,2.9,0.41,0,11,15,2,1,0,0,11,17,11,60.7,FWD,197642.0,exact,197642.0,2025-06-03,7000000.0,197642,1995-10-09,England,2026-06-30,183.0,right,29.232032854209447,17.904073587385017,15.76142084987672,854.5117447895805,Peak,False,False,False,True,False,ENG,UEFA,False,False,False,False,False,True
Carlos Alcaraz,ar ARG,"FW,MF",Everton,eng Premier League,21.0,2002.0,15,7,764,8.5,2,3,5,2,0,0,4,0,1.7,1.7,1.6,3.4,19,42,21,0.59,0.4,26,11,42.3,3.06,1.3,0.08,0.18,20.3,1,0.07,0.3,0.3,224,278,80.6,3963,1007,0.7,1.4,13,20,18,3,265,12,2,1,2,11,6,3,2,1,0,1,10,33,3.89,24,2,3,3,1,0,6,0.71,11,5,5,3,3,11,27.3,8,9,2,7,5,16,10,0,378,15,63,168,156,19,378,18,9,50.0,7,38.9,211,1331,707,21,2,14,13,247,51,22.3,84.0,2,8,22.0,0,1.47,12,9,3,0.35,0.52,8.2,11.0,-2.9,-0.34,0,13,12,1,0,0,0,37,14,8,63.6,FWD,748319.0,exact,748319.0,2025-05-30,14000000.0,748319,2002-11-30,Argentina,2027-06-30,176.0,right,22.088980150581794,29.894875164257556,16.454567959008102,487.9230440927965,Developing,False,True,False,False,False,ARG,CONMEBOL,False,False,False,True,False,False
Mohamed Ali Cho,fr FRA,"FW,MF",Nice,fr Ligue 1,20.0,2004.0,27,21,1621,18.0,3,4,7,3,0,0,2,0,4.0,4.0,4.0,7.9,81,59,133,0.39,0.44,36,15,41.7,2.0,0.83,0.08,0.2,17.7,0,0.11,-1.0,-1.0,338,481,70.3,4959,1248,3.5,0.0,30,23,36,5,456,23,3,9,2,51,0,9,4,4,0,2,23,59,3.28,45,3,5,1,5,0,11,0.61,13,9,4,5,4,12,33.3,8,17,1,16,5,18,8,0,720,9,75,308,356,74,720,70,20,28.6,41,58.6,460,3302,1943,39,30,68,26,545,60,53.0,72.0,0,6,18.0,2,1.74,34,22,12,0.67,-0.15,30.4,20.4,10.1,0.56,0,12,41,9,0,0,0,69,13,27,32.5,FWD,670847.0,fuzzy_verified,670847.0,2025-06-03,15000000.0,670847,2004-01-19,France,2028-06-30,182.0,left,20.95277207392197,41.9185282522996,16.52356082573315,439.01865758172437,Emerging,False,False,False,True,False,FRA,UEFA,False,False,False,False,False,True
Jim Allevinah,ga GAB,FW,Angers,fr Ligue 1,29.0,1995.0,28,23,1750,19.4,1,3,4,1,0,0,3,0,4.2,4.2,2.5,6.7,57,48,99,0.21,0.35,35,10,28.6,1.8,0.51,0.03,0.1,14.5,0,0.12,-3.2,-3.2,363,483,75.2,5265,1271,1.7,0.5,15,28,13,3,472,9,1,2,1,34,4,2,0,2,0,2,13,39,2.0,25,1,3,6,3,1,7,0.36,19,11,6,9,4,28,17.9,23,10,0,10,12,31,17,0,682,11,134,311,253,65,682,48,15,31.3,33,68.8,435,3164,1395,34,8,38,32,483,63,57.2,69.0,1,5,33.0,0,1.29,17,28,-11,-0.57,0.12,20.0,31.0,-11.0,-0.57,0,18,25,10,1,0,0,88,10,24,29.4,FWD,646733.0,exact,646733.0,2025-06-03,1500000.0,646733,1995-02-27,Gabon,2026-06-30,172.0,right,29.845311430527037,17.904073587385017,14.220976332738882,890.7426143851478,Peak,False,False,False,True,False,GAB,CAF,False,True,False,False,False,False
Pontus Almqvist,se SWE,"FW,MF",Parma,it Serie A,25.0,1999.0,29,10,1112,12.4,1,1,2,1,0,0,5,0,2.1,2.1,1.3,3.5,42,12,85,0.16,0.28,26,9,34.6,2.1,0.73,0.04,0.11,17.4,0,0.08,-1.1,-1.1,215,297,72.4,2758,504,0.9,-0.3,10,4,4,1,290,6,1,0,0,11,5,0,0,0,0,1,11,26,2.1,15,0,5,3,3,0,2,0.16,17,13,7,7,3,17,47.1,9,13,0,13,19,36,8,0,462,11,67,154,253,53,462,50,20,40.0,28,56.0,298,2165,1059,18,22,31,13,320,38,32.5,61.0,0,19,26.0,7,0.79,14,24,-10,-0.81,-0.65,15.7,21.5,-5.8,-0.47,0,15,15,2,1,0,0,40,9,15,37.5,FWD,300532.0,exact,300532.0,2025-06-17,2500000.0,300532,1999-07-10,Sweden,2027-06-30,183.0,left,25.481177275838466,29.894875164257556,14.731801689838349,649.2903953627066,Developing,False,False,False,False,True,SWE,UEFA,False,False,False,False,False,True
Julián Álvarez,ar ARG,FW,Atlético Madrid,es La Liga,24.0,2000.0,37,30,2509,27.9,17,4,21,13,4,4,5,0,14.1,11.0,5.3,16.3,79,92,162,0.61,0.7,70,36,51.4,2.51,1.29,0.19,0.36,18.3,5,0.16,2.9,2.0,717,966,74.2,10651,2652,5.3,-1.3,41,45,38,5,879,85,8,14,12,69,6,50,21,15,0,2,31,108,3.87,76,9,9,9,2,3,15,0.54,25,17,5,11,9,30,26.7,22,14,0,14,2,27,12,1,1238,9,105,501,649,116,1234,65,34,52.3,28,43.1,776,4621,2198,51,29,62,40,892,68,73.4,77.0,12,7,29.0,0,1.97,48,17,31,1.11,0.42,46.2,25.4,20.8,0.75,0,26,9,9,0,0,0,75,13,31,29.5,FWD,576024.0,exact_accent_stripped,576024.0,2025-06-09,100000000.0,576024,2000-01-31,Argentina,2030-06-30,170.0,right,24.919917864476385,65.90013140604468,18.420680753952364,621.0023063722493,Developing,False,False,True,False,False,ARG,CONMEBOL,False,False,False,True,False,False
Mohamed Amoura,dz ALG,FW,Wolfsburg,de Bundesliga,24.0,2000.0,31,29,2467,27.4,10,9,19,8,2,2,6,0,8.7,7.2,4.0,11.2,81,61,244,0.62,0.46,73,25,34.2,2.66,0.91,0.11,0.32,16.8,0,0.1,1.3,0.8,532,757,70.3,8149,1608,3.7,5.0,35,29,26,5,714,38,0,9,14,35,16,0,0,0,0,5,42,80,2.92,56,2,6,10,4,2,13,0.47,29,22,14,5,10,37,37.8,23,42,2,40,9,38,24,0,1106,17,119,385,629,127,1104,91,37,40.7,48,52.7,628,4108,2067,46,35,86,18,733,80,80.6,83.0,9,2,33.0,0,1.29,47,43,4,0.15,0.45,37.6,40.5,-2.9,-0.1,0,30,20,24,1,0,0,92,19,45,29.7,FWD,746910.0,exact,746910.0,2025-06-05,32000000.0,746910,2000-05-09,Algeria,2029-06-30,170.0,right,24.648870636550306,53.90932982917214,17.281246492014,607.5668236573919,Developing,True,False,False,False,False,ALG,CAF,False,True,False,False,False,False
Marcos André,br BRA,FW,Valladolid,es La Liga,27.0,1996.0,22,14,1188,13.2,1,2,3,1,0,0,5,0,2.7,2.7,0.8,3.5,11,16,39,0.23,0.27,22,2,9.1,1.67,0.15,0.05,0.5,14.0,0,0.12,-1.7,-1.7,138,210,65.7,2358,395,0.3,1.2,9,13,3,0,185,22,2,3,6,1,1,0,0,0,0,3,5,19,1.44,15,0,3,0,1,0,1,0.08,10,6,3,5,2,13,38.5,8,18,2,16,3,13,10,0,372,13,46,208,128,32,372,41,17,41.5,18,43.9,195,1010,345,9,5,40,23,255,54,34.7,75.0,2,8,17.0,13,0.41,11,32,-21,-1.59,0.14,11.4,22.8,-11.4,-0.87,0,12,28,5,0,0,0,44,47,44,51.6,FWD,481084.0,exact,481084.0,2025-06-09,1000000.0,481084,1996-10-20,Brazil,2029-06-30,185.0,right,28.199863107460644,53.90932982917214,13.815511557963774,795.2322792795198,Peak,False,False,True,False,False,BRA,CONMEBOL,False,False,False,True,False,False
Michail Antonio,jm JAM,FW,West Ham,eng Premier League,34.0,1990.0,14,11,836,9.3,1,1,2,1,0,0,1,0,2.2,2.2,1.6,3.8,29,18,59,0.22,0.41,19,4,21.1,2.05,0.43,0.05,0.25,12.6,0,0.12,-1.2,-1.2,114,188,60.6,2183,424,0.9,-0.6,9,11,6,2,175,11,0,3,6,25,7,0,0,0,0,2,14,22,2.37,14,0,1,5,1,1,4,0.43,2,2,0,1,1,3,66.7,1,6,0,6,0,2,2,0,296,3,26,124,151,36,296,27,9,33.3,13,48.1,173,1177,695,13,9,35,19,221,60,24.4,66.0,0,3,37.0,0,1.07,13,18,-5,-0.54,-0.16,11.4,17.8,-6.4,-0.69,0,12,7,4,0,0,0,22,17,22,43.6,FWD,104124.0,exact,104124.0,2025-05-30,700000.0,104124,1990-03-28,Jamaica,2026-06-30,180.0,right,34.76522929500342,17.904073587385017,13.45883704259595,1208.621167934164,Declining,False,True,False,False,False,JAM,CONCACAF,False,False,True,False,False,False
Antoniu,es ESP,"FW,MF",Espanyol,es La Liga,21.0,2002.0,26,13,1022,11.4,0,1,1,0,0,0,3,0,0.9,0.9,1.1,1.9,35,28,63,0.09,0.17,10,4,40.0,0.88,0.35,0.0,0.0,19.7,0,0.09,-0.9,-0.9,148,221,67.0,2071,636,1.1,-0.1,7,10,7,3,214,4,1,4,0,20,3,0,0,0,0,3,15,24,2.11,11,0,6,0,5,2,1,0.09,21,10,9,8,4,21,42.9,12,14,2,12,8,29,11,1,369,10,74,150,158,20,369,54,29,53.7,17,31.5,215,1556,966,23,5,27,12,225,39,29.9,61.0,0,13,17.0,9,1.08,14,10,4,0.35,0.92,12.7,12.2,0.5,0.04,0,19,23,4,0,0,0,39,6,18,25.0,FWD,610336.0,fuzzy_verified,610336.0,2025-06-25,350000.0,610336,2000-04-16,Spain,2028-06-30,182.0,right,24.711841204654345,41.9185282522996,12.765691290604371,610.6750957240523,Developing,False,False,True,False,False,ESP,UEFA,False,False,False,False,False,True
Antony,br BRA,FW,Betis,es La Liga,24.0,2000.0,17,15,1362,15.1,5,2,7,5,0,0,2,1,2.9,2.9,3.5,6.3,94,67,157,0.46,0.42,43,17,39.5,2.84,1.12,0.12,0.29,19.9,1,0.07,2.1,2.1,622,768,81.0,8403,2211,2.9,-1.5,36,34,43,7,722,45,11,7,5,40,20,14,4,4,0,1,18,77,5.09,61,4,5,4,3,0,9,0.6,25,11,6,9,10,22,36.4,14,12,1,11,10,35,9,1,982,9,100,315,585,63,982,63,24,38.1,33,52.4,663,4570,2729,77,30,53,20,751,80,39.8,85.0,10,2,40.0,0,1.88,34,20,14,0.93,1.23,24.3,18.8,5.4,0.36,0,15,27,1,1,0,0,73,5,14,26.3,FWD,602105.0,exact,602105.0,2025-06-09,35000000.0,602105,2000-02-24,Brazil,2030-06-30,172.0,left,24.854209445585216,65.90013140604468,17.370858648025116,617.7317271650173,Developing,False,False,True,False,False,BRA,CONMEBOL,False,False,False,True,False,False
Cameron Archer,eng ENG,FW,Southampton,eng Premier League,23.0,2001.0,35,13,1441,16.0,2,0,2,2,0,1,0,0,5.7,4.9,0.5,5.4,22,14,66,0.12,0.39,28,10,35.7,1.75,0.62,0.07,0.2,12.8,0,0.18,-3.7,-2.9,205,251,81.7,2612,367,0.7,-0.5,5,7,7,0,231,19,0,2,0,3,0,0,0,0,0,1,8,20,1.25,10,0,4,5,1,0,0,0.0,13,8,8,3,2,9,22.2,7,5,1,4,2,15,11,0,398,16,69,179,154,52,397,37,15,40.5,20,54.1,226,1182,564,10,14,40,26,274,41,42.1,71.0,0,22,24.0,2,0.26,10,34,-24,-1.5,0.14,15.7,36.6,-20.9,-1.31,0,16,13,8,0,0,0,35,9,30,23.1,FWD,533662.0,exact,533662.0,2025-05-30,12000000.0,533662,2001-12-09,England,2028-06-30,175.0,right,23.06365503080082,41.9185282522996,16.300417291085605,531.932183379784,Developing,False,True,False,False,False,ENG,UEFA,False,False,False,False,False,True
Adam Armstrong,eng ENG,"FW,MF",Southampton,eng Premier League,27.0,1997.0,20,15,1248,13.9,2,2,4,2,0,1,4,0,3.3,2.3,1.2,3.5,25,21,79,0.29,0.32,25,7,28.0,1.8,0.5,0.08,0.29,16.6,0,0.09,-1.3,-0.3,231,288,80.2,3320,446,0.6,0.8,9,10,8,2,268,18,0,0,1,14,3,0,0,0,0,2,12,19,1.37,12,1,2,4,0,0,4,0.29,12,3,2,7,3,14,21.4,11,6,1,5,3,15,8,0,377,11,44,143,192,49,376,14,6,42.9,8,57.1,235,1324,599,13,6,11,18,286,62,36.5,75.0,4,5,25.0,4,0.3,7,35,-28,-2.02,-0.69,12.8,32.4,-19.6,-1.41,0,12,5,9,0,0,0,23,5,9,35.7,FWD,250426.0,exact,250426.0,2025-05-27,12000000.0,250426,1997-02-10,England,2029-06-30,173.0,right,27.890485968514717,53.90932982917214,16.300417291085605,777.8792075599164,Peak,False,True,False,False,False,ENG,UEFA,False,False,False,False,False,True
Marko Arnautović,at AUT,FW,Inter,it Serie A,35.0,1989.0,17,5,527,5.9,4,2,6,4,0,0,1,0,3.3,3.3,1.2,4.4,4,16,61,1.02,0.73,13,6,46.2,2.22,1.02,0.31,0.67,8.7,0,0.23,0.7,0.7,113,158,71.5,1462,257,0.9,0.8,7,6,8,0,148,8,0,2,0,5,0,0,0,0,0,2,3,15,2.46,15,0,0,0,0,0,2,0.33,7,5,1,3,3,5,60.0,2,3,0,3,1,8,1,0,198,1,6,64,128,39,198,3,2,66.7,1,33.3,99,364,119,3,2,13,3,155,31,15.4,69.0,1,12,15.0,20,2.06,13,8,5,0.85,-0.36,11.4,7.0,4.4,0.72,0,3,6,8,0,0,0,10,12,7,63.2,FWD,41384.0,exact_accent_stripped,41384.0,2025-06-17,3000000.0,41384,1989-04-19,Austria,2027-06-30,192.0,both,35.70431211498973,29.894875164257556,14.914123179965662,1274.7979036046027,Declining,False,False,False,False,True,AUT,UEFA,False,False,False,False,False,True
Takuma Asano,jp JPN,"FW,MF",Mallorca,es La Liga,29.0,1994.0,21,13,1054,11.7,2,1,3,2,0,0,0,0,2.7,2.7,0.7,3.4,28,20,76,0.26,0.29,28,8,28.6,2.39,0.68,0.07,0.25,13.6,0,0.1,-0.7,-0.7,148,219,67.6,2071,485,0.6,0.3,6,8,3,2,217,2,1,0,3,20,0,0,0,0,0,0,13,22,1.88,16,0,2,2,2,0,2,0.17,13,9,5,7,1,11,54.5,5,7,0,7,6,19,9,0,356,8,53,141,169,53,356,25,6,24.0,16,64.0,207,1312,589,12,12,27,12,226,50,30.8,67.0,0,8,23.0,2,1.14,14,13,1,0.09,0.47,13.9,11.0,2.8,0.24,0,5,15,6,0,0,0,42,5,26,16.1,FWD,245744.0,exact,245744.0,2025-06-09,2500000.0,245744,1994-11-10,Japan,2026-06-30,173.0,right,30.143737166324435,17.904073587385017,14.731801689838349,908.6448903524491,Declining,False,False,True,False,False,JPN,AFC,True,False,False,False,False,False
Marco Asensio,es ESP,"FW,MF",Paris S-G,fr Ligue 1,28.0,1996.0,12,8,618,6.9,2,4,6,2,0,0,0,0,5.6,5.6,2.7,8.3,19,36,49,0.87,1.21,26,14,53.8,3.79,2.04,0.08,0.14,14.5,2,0.22,-3.6,-3.6,291,335,86.9,4166,808,1.7,1.3,16,31,4,1,314,19,2,4,1,13,3,6,2,0,0,2,7,37,5.39,27,2,2,6,0,0,7,1.02,4,3,1,3,0,6,0.0,6,1,0,1,0,4,1,0,377,2,20,180,182,40,377,8,4,50.0,3,37.5,260,1292,596,13,9,3,5,324,52,20.2,72.0,2,4,12.0,6,2.5,19,5,14,2.04,0.45,21.0,6.6,14.4,2.1,0,1,4,3,0,0,0,18,1,2,33.3,FWD,296622.0,exact,296622.0,2025-05-30,20000000.0,296622,1996-01-21,Spain,2028-06-30,182.0,left,28.947296372347708,41.9185282522996,16.811242881518265,837.9459672685348,Peak,False,False,False,True,False,ESP,UEFA,False,False,False,False,False,True
Iago Aspas,es ESP,"FW,MF",Celta Vigo,es La Liga,36.0,1987.0,30,19,1745,19.4,10,5,15,5,5,6,6,1,8.7,4.0,4.6,8.6,50,132,143,0.52,0.69,46,18,39.1,2.37,0.93,0.11,0.28,21.3,3,0.09,1.3,1.0,661,877,75.4,10703,3064,3.9,0.4,38,74,35,4,849,20,3,20,8,15,9,4,0,1,0,8,27,74,3.82,66,1,2,3,2,0,13,0.67,13,8,4,5,4,20,40.0,12,18,1,17,8,21,5,0,1038,4,75,510,466,67,1032,27,15,55.6,8,29.6,724,3480,1573,39,15,35,20,876,58,51.0,78.0,8,11,23.0,3,1.5,30,27,3,0.15,0.21,27.7,19.3,8.3,0.43,1,16,34,5,1,0,0,55,7,8,46.7,FWD,72047.0,exact,72047.0,2025-06-09,2000000.0,72047,1987-08-01,Spain,2027-06-30,176.0,left,37.42094455852156,29.894875164257556,14.508658238524095,1400.3270916519446,Declining,False,False,True,False,False,ESP,UEFA,False,False,False,False,False,True
Yaser Asprilla,co COL,"FW,MF",Girona,es La Liga,20.0,2003.0,27,15,1405,15.6,3,1,4,3,0,0,2,0,2.1,2.1,2.8,4.9,72,77,140,0.26,0.31,38,11,28.9,2.43,0.7,0.08,0.27,22.9,2,0.05,0.9,0.9,471,653,72.1,8613,2194,3.4,-1.8,24,35,38,9,591,56,15,6,10,93,10,24,16,4,0,6,24,61,3.91,45,7,7,1,1,0,7,0.45,22,12,6,8,8,23,34.8,15,14,0,14,7,29,7,1,831,11,69,319,453,48,831,64,29,45.3,25,39.1,534,3762,1860,37,29,45,17,607,52,41.1,76.0,6,12,22.0,3,1.0,18,28,-10,-0.64,-0.37,20.1,21.3,-1.1,-0.07,0,12,23,1,0,1,0,62,4,3,57.1,FWD,857818.0,exact_accent_stripped,857818.0,2025-06-09,15000000.0,857818,2003-11-19,Colombia,2026-06-30,176.0,left,21.11978097193703,17.904073587385017,16.52356082573315,446.0451483025934,Emerging,False,False,True,False,False,COL,CONMEBOL,False,False,False,True,False,False
Taiwo Awoniyi,ng NGA,FW,Nott'ham Forest,eng Premier League,26.0,1997.0,26,3,416,4.6,1,0,1,1,0,0,0,0,2.1,2.1,0.1,2.2,6,7,20,0.22,0.48,10,4,40.0,2.16,0.87,0.1,0.25,12.6,0,0.21,-1.1,-1.1,61,96,63.5,705,157,0.1,-0.1,2,5,2,0,96,0,0,1,0,2,0,0,0,0,0,0,4,9,1.95,5,0,1,2,1,0,1,0.22,6,3,0,3,3,5,80.0,1,1,0,1,0,6,7,0,167,5,16,78,74,21,167,9,4,44.4,5,55.6,90,402,183,5,2,19,19,113,16,12.2,64.0,0,23,10.0,7,1.92,5,10,-5,-1.08,-1.59,5.7,6.5,-0.8,-0.18,0,8,10,1,0,0,0,18,13,38,25.5,FWD,295313.0,exact,295313.0,2025-05-30,16000000.0,295313,1997-08-12,Nigeria,2027-06-30,183.0,right,27.38945927446954,29.894875164257556,16.588099342704055,750.1824793478255,Peak,False,True,False,False,False,NGA,CAF,False,True,False,False,False,False
Florian Ayé,fr FRA,FW,Auxerre,fr Ligue 1,27.0,1997.0,26,4,575,6.4,2,0,2,2,0,0,0,0,1.9,1.9,0.1,2.0,5,7,30,0.31,0.32,12,3,25.0,1.88,0.47,0.17,0.67,13.1,0,0.16,0.1,0.1,95,129,73.6,1234,154,0.1,-0.1,3,4,2,0,120,8,0,0,1,2,0,0,0,0,0,1,5,5,0.78,4,0,0,1,0,0,2,0.31,2,2,0,0,2,2,0.0,2,7,0,7,7,9,6,0,187,5,18,93,76,20,187,2,2,100.0,0,0.0,89,479,147,6,3,19,6,127,22,18.8,65.0,0,22,14.0,8,1.0,11,11,0,0.0,0.11,8.2,11.9,-3.7,-0.59,0,10,6,3,0,0,0,14,13,37,26.0,FWD,372713.0,exact,372713.0,2025-06-03,1200000.0,372713,1997-01-19,France,2028-06-30,184.0,right,27.95071868583162,41.9185282522996,13.997832948091215,781.2426750544969,Peak,False,False,False,True,False,FRA,UEFA,False,False,False,False,False,True
André Ayew,gh GHA,FW,Le Havre,fr Ligue 1,34.0,1989.0,27,15,1453,16.1,4,1,5,4,0,0,2,0,4.3,4.3,0.2,4.6,5,18,43,0.31,0.28,22,9,40.9,1.36,0.56,0.18,0.44,12.0,2,0.21,-0.3,-0.3,181,238,76.1,2231,272,0.3,0.8,8,7,3,0,196,42,1,0,0,7,3,0,0,0,0,0,10,20,1.24,15,0,1,2,2,0,1,0.06,18,10,3,7,8,13,53.8,6,9,2,7,3,21,21,1,378,21,44,207,134,40,378,13,5,38.5,7,53.8,159,641,164,3,3,26,26,226,54,47.5,77.0,5,12,25.0,0,1.04,18,35,-17,-1.05,-0.27,17.6,32.0,-14.3,-0.89,0,19,30,6,0,0,0,26,37,63,37.0,FWD,45403.0,exact,45403.0,2025-06-03,600000.0,45403,1989-12-17,Ghana,2026-06-30,175.0,left,35.04175222450377,17.904073587385017,13.304686600863562,1227.9243989635147,Declining,False,False,False,True,False,GHA,CAF,False,True,False,False,False,False
Jordan Ayew,gh GHA,"FW,MF",Leicester City,eng Premier League,32.0,1991.0,30,19,1638,18.2,5,0,5,4,1,1,5,0,3.2,2.4,1.1,3.5,49,46,86,0.22,0.24,31,8,25.8,1.7,0.44,0.13,0.5,18.8,4,0.08,1.8,1.6,401,540,74.3,5942,1216,1.5,-1.1,16,25,14,7,490,49,13,3,2,60,5,28,15,8,3,1,11,41,2.25,24,8,3,4,1,1,2,0.11,27,15,8,14,5,23,30.4,16,21,2,19,12,39,19,0,798,21,103,407,312,55,797,64,26,40.6,32,50.0,479,3374,1540,37,11,63,40,540,55,47.9,77.0,4,11,16.0,6,0.77,17,41,-24,-1.32,-0.16,16.1,28.9,-12.7,-0.7,0,30,59,7,0,0,0,93,37,80,31.6,FWD,108354.0,exact,108354.0,2025-05-30,2500000.0,108354,1991-09-11,Ghana,2026-06-30,182.0,right,33.308692676249144,17.904073587385017,14.731801689838349,1109.4690078008134,Declining,False,True,False,False,False,GHA,CAF,False,True,False,False,False,False
Leon Bailey,jm JAM,"FW,MF",Aston Villa,eng Premier League,26.0,1997.0,24,14,1139,12.7,1,2,3,1,0,0,3,0,1.7,1.7,1.5,3.3,58,35,121,0.24,0.26,28,6,21.4,2.21,0.47,0.04,0.17,17.3,2,0.06,-0.7,-0.7,277,390,71.0,4313,1055,3.0,0.5,16,16,20,2,369,18,0,5,1,34,1,17,9,0,0,3,24,38,3.01,23,1,8,3,3,0,4,0.32,7,5,2,3,2,11,27.3,8,6,0,6,3,10,12,0,545,18,77,155,323,70,545,57,22,38.6,24,42.1,348,2582,1371,23,34,35,25,390,47,33.3,65.0,2,10,23.0,5,1.54,22,19,3,0.24,0.08,20.3,13.7,6.7,0.53,0,12,18,3,1,0,0,59,6,9,40.0,FWD,387626.0,exact,387626.0,2025-05-30,28000000.0,387626,1997-08-09,Jamaica,2027-06-30,178.0,left,27.397672826830938,29.894875164257556,17.147715103853763,750.6324763260703,Peak,False,True,False,False,False,JAM,CONCACAF,False,False,True,False,False,False
Theo Bair,ca CAN,FW,Auxerre,fr Ligue 1,24.0,1999.0,29,11,939,10.4,2,1,3,2,0,0,1,0,3.0,3.0,1.2,4.2,15,16,42,0.29,0.4,26,13,50.0,2.49,1.25,0.08,0.15,13.2,0,0.12,-1.0,-1.0,132,213,62.0,1538,359,0.9,-0.2,10,10,0,0,206,7,0,0,1,7,1,0,0,0,0,0,5,17,1.63,14,0,1,2,0,0,2,0.19,4,3,1,2,1,2,0.0,2,6,2,4,3,7,10,0,306,11,27,133,147,50,306,8,2,25.0,6,75.0,143,644,288,4,9,18,7,218,32,30.7,60.0,0,18,15.0,5,1.34,13,14,-1,-0.1,-0.01,12.9,16.5,-3.6,-0.34,0,20,5,8,0,0,0,15,55,46,54.5,FWD,501709.0,exact,501709.0,2025-06-03,1800000.0,501709,1999-08-27,Canada,2026-06-30,194.0,right,25.349760438056126,17.904073587385017,14.403297778421795,642.6103542668355,Developing,False,False,False,True,False,CAN,CONCACAF,False,False,True,False,False,False
Cédric Bakambu,cd COD,FW,Betis,es La Liga,33.0,1991.0,25,6,710,7.9,2,2,4,2,0,0,4,0,3.2,3.2,0.6,3.7,9,14,43,0.51,0.47,24,11,45.8,3.04,1.39,0.08,0.18,13.7,0,0.13,-1.2,-1.2,84,126,66.7,967,218,0.8,1.4,8,9,5,0,120,5,0,1,0,2,0,0,0,0,0,1,7,11,1.39,9,0,0,1,1,0,3,0.38,6,4,0,5,1,7,42.9,4,13,2,11,0,6,5,0,226,6,16,97,115,33,226,7,1,14.3,5,71.4,113,505,274,4,7,28,11,157,28,20.8,57.0,0,19,19.0,7,1.46,15,8,7,0.89,0.89,13.3,12.0,1.3,0.17,0,23,7,12,1,0,0,25,12,26,31.6,FWD,127048.0,exact,127048.0,2025-06-09,1500000.0,127048,1991-04-11,DR Congo,2026-06-30,182.0,right,33.72758384668035,17.904073587385017,14.220976332738882,1137.5499121348535,Declining,False,False,True,False,False,COD,CAF,False,True,False,False,False,False
Mitchel Bakker,nl NED,"FW,DF",Lille,fr Ligue 1,24.0,2000.0,24,14,1139,12.7,3,2,5,3,0,0,3,1,3.0,3.0,2.7,5.6,43,57,120,0.4,0.44,23,10,43.5,1.82,0.79,0.13,0.3,18.9,5,0.13,0.0,0.0,499,641,77.8,8228,2642,2.3,-0.7,23,42,27,11,580,60,8,2,1,68,30,22,8,11,0,1,14,40,3.13,28,8,2,1,1,0,4,0.31,23,13,6,11,6,19,52.6,9,10,1,9,12,35,15,0,758,12,101,328,334,32,758,21,11,52.4,9,42.9,439,2124,1132,20,7,18,11,547,47,37.2,67.0,3,10,20.0,3,1.54,21,15,6,0.47,0.01,20.4,16.1,4.3,0.33,0,18,9,4,0,0,0,46,3,10,23.1,FWD,361065.0,exact,361065.0,2025-06-03,7000000.0,361065,2000-06-20,Netherlands,2027-06-30,189.0,left,24.53388090349076,29.894875164257556,15.76142084987672,601.9113121866686,Developing,False,False,False,True,False,NED,UEFA,False,False,False,False,False,True
Ridle Baku,de GER,"FW,MF",Wolfsburg,de Bundesliga,26.0,1998.0,15,14,1170,13.0,2,1,3,2,0,0,2,0,1.5,1.5,1.3,2.7,16,44,78,0.23,0.21,18,6,33.3,1.38,0.46,0.11,0.33,19.9,0,0.08,0.5,0.5,381,514,74.1,6541,1845,1.6,-0.3,13,33,14,6,467,46,6,3,2,37,40,0,0,0,0,1,22,31,2.38,22,2,1,3,1,2,4,0.31,23,15,9,9,5,19,42.1,11,22,1,21,15,38,15,0,646,15,112,307,234,34,646,20,9,45.0,10,50.0,352,1626,643,9,8,15,10,391,78,38.2,82.0,8,1,26.0,0,1.4,27,23,4,0.31,0.4,19.4,22.5,-3.1,-0.24,0,13,10,1,0,0,0,68,5,16,23.8,FWD,327251.0,exact,327251.0,2025-06-05,9000000.0,327251,1998-04-08,Germany,2027-06-30,176.0,right,26.73511293634497,29.894875164257556,16.012735246411598,714.76626371912,Peak,True,False,False,False,False,GER,UEFA,False,False,False,False,False,True
Keita Baldé,sn SEN,FW,Monza,it Serie A,29.0,1995.0,11,8,638,7.1,2,0,2,2,0,0,2,0,1.1,1.1,0.2,1.2,19,35,29,0.28,0.18,14,5,35.7,1.97,0.71,0.14,0.4,15.5,0,0.08,0.9,0.9,199,223,89.2,2878,575,0.4,-0.2,4,19,8,3,215,8,2,0,0,6,1,1,0,0,0,0,4,21,2.97,14,0,2,3,2,0,0,0.0,1,1,0,1,0,2,50.0,1,4,0,4,2,3,0,0,289,0,17,163,111,17,289,16,5,31.3,8,50.0,216,1250,631,15,2,20,15,255,58,18.7,72.0,2,3,20.0,0,0.45,6,18,-12,-1.69,-0.75,5.3,10.5,-5.2,-0.73,0,7,23,3,0,0,0,12,5,11,31.3,FWD,238752.0,exact,238752.0,2025-06-17,900000.0,238752,1995-03-08,Senegal,2027-06-30,178.0,both,29.82067077344285,29.894875164257556,13.710151153416941,889.2724053780686,Peak,False,False,False,False,True,SEN,CAF,False,True,False,False,False,False
Folarin Balogun,us USA,FW,Monaco,fr Ligue 1,23.0,2001.0,13,7,615,6.8,4,0,4,4,0,0,0,0,4.8,4.8,0.9,5.6,21,9,73,0.59,0.82,31,10,32.3,4.54,1.46,0.13,0.4,13.3,0,0.15,-0.8,-0.8,85,125,68.0,959,126,1.2,-0.9,6,5,1,0,118,6,0,0,0,5,1,0,0,0,0,1,6,19,2.78,13,0,1,4,1,0,2,0.29,1,1,0,0,1,4,0.0,4,0,0,0,1,2,0,0,220,0,6,91,126,51,220,18,4,22.2,12,66.7,143,889,408,12,12,33,13,178,47,20.1,76.0,3,6,14.0,1,2.08,14,6,8,1.17,0.66,13.5,6.0,7.5,1.09,0,7,9,8,0,0,0,15,4,20,16.7,FWD,503770.0,exact,503770.0,2025-06-03,18000000.0,503770,2001-07-03,United States,2028-06-30,179.0,right,23.498973305954827,41.9185282522996,16.705882371415992,552.2017464339775,Developing,False,False,False,True,False,USA,CONCACAF,False,False,True,False,False,False
Jonathan Bamba,ci CIV,"FW,MF",Celta Vigo,es La Liga,28.0,1996.0,12,10,811,9.0,0,1,1,0,0,0,1,0,0.8,0.8,1.8,2.6,31,30,71,0.11,0.29,13,6,46.2,1.44,0.67,0.0,0.0,18.4,0,0.06,-0.8,-0.8,287,364,78.8,4015,1041,1.6,-0.8,12,20,13,6,347,14,2,3,1,25,11,1,0,0,0,3,12,28,3.11,24,0,2,2,0,0,4,0.44,12,7,4,6,2,12,41.7,7,6,0,6,5,17,6,0,468,7,74,235,170,21,468,38,15,39.5,19,50.0,307,1885,936,15,8,20,13,351,68,23.7,76.0,4,2,26.0,4,0.92,10,20,-10,-1.11,-1.52,13.1,11.2,1.9,0.21,0,7,17,4,0,0,0,52,5,10,33.3,FWD,292818.0,exact,292818.0,2025-06-05,3500000.0,292818,1996-03-26,Cote d'Ivoire,2027-12-31,175.0,right,28.76933607118412,35.939553219448094,15.068273812173887,827.6746979767357,Peak,False,False,True,False,False,CIV,CAF,False,True,False,False,False,False
Lameck Banda,zm ZAM,"FW,MF",Lecce,it Serie A,23.0,2001.0,15,6,610,6.8,0,1,1,0,0,0,1,0,1.2,1.2,1.1,2.3,27,7,46,0.15,0.34,17,4,23.5,2.51,0.59,0.0,0.0,19.7,0,0.07,-1.2,-1.2,125,162,77.2,1873,408,0.8,-0.1,11,3,8,6,155,7,2,2,1,26,3,2,1,1,0,0,3,23,3.39,15,1,3,1,3,0,1,0.15,8,5,4,2,2,12,25.0,9,7,0,7,2,10,8,1,252,5,39,100,120,21,252,28,10,35.7,14,50.0,169,1620,859,10,17,17,9,171,41,17.8,59.0,0,9,29.0,7,0.6,2,11,-9,-1.33,-0.62,7.1,11.3,-4.3,-0.63,0,10,20,2,0,0,0,30,2,13,13.3,FWD,545538.0,exact,545538.0,2025-06-17,4500000.0,545538,2001-01-29,Zambia,2027-06-30,169.0,right,23.923340177960302,29.894875164257556,15.319588176962746,572.3262052704097,Developing,False,False,False,False,True,ZAM,CAF,False,True,False,False,False,False
Bradley Barcola,fr FRA,FW,Paris S-G,fr Ligue 1,21.0,2002.0,34,27,2181,24.2,14,10,24,14,0,0,2,0,13.4,13.4,10.1,23.5,137,96,374,0.99,0.97,74,38,51.4,3.05,1.57,0.19,0.37,13.2,0,0.18,0.6,0.6,749,917,81.7,10250,2486,5.9,-0.1,50,28,51,4,894,19,5,6,2,25,12,2,0,0,0,4,22,101,4.17,87,1,5,4,2,2,20,0.83,27,17,10,8,9,31,25.8,23,25,2,23,19,46,12,0,1278,13,84,393,814,214,1278,137,34,24.8,94,68.6,855,5835,3505,65,95,64,20,1019,64,71.3,74.0,7,7,28.0,0,2.47,66,21,45,1.86,0.63,63.5,19.2,44.3,1.83,0,30,22,7,0,0,0,67,14,7,66.7,FWD,708265.0,exact,708265.0,2025-06-03,70000000.0,708265,2002-09-02,France,2028-06-30,187.0,right,22.33264887063655,41.9185282522996,18.064005814299346,498.747205579144,Developing,False,False,False,True,False,FRA,UEFA,False,False,False,False,False,True
Kike Barja,es ESP,"FW,MF",Osasuna,es La Liga,27.0,1997.0,15,3,315,3.5,0,1,1,0,0,0,3,0,0.2,0.2,1.2,1.4,22,4,39,0.29,0.39,4,1,25.0,1.14,0.29,0.0,0.0,18.8,0,0.05,-0.2,-0.2,74,114,64.9,1428,431,1.3,-0.2,10,3,8,7,99,13,2,0,1,37,3,8,0,7,0,2,8,18,5.14,9,4,3,0,2,0,2,0.57,5,4,1,3,1,4,50.0,2,5,0,5,3,8,4,0,167,1,24,46,98,17,167,16,7,43.8,8,50.0,102,831,384,9,5,16,5,111,21,9.2,56.0,0,12,12.0,11,1.47,6,3,3,0.86,1.06,6.0,2.9,3.1,0.89,0,9,4,1,0,0,0,10,5,8,38.5,FWD,298575.0,exact,298575.0,2025-06-09,1500000.0,298575,1997-04-01,Spain,2026-06-30,179.0,right,27.753593429158112,17.904073587385017,14.220976332738882,770.2619482310083,Peak,False,False,True,False,False,ESP,UEFA,False,False,False,False,False,True
Harvey Barnes,eng ENG,FW,Newcastle Utd,eng Premier League,26.0,1997.0,33,17,1755,19.5,9,4,13,9,0,0,0,0,7.2,7.2,4.0,11.2,93,83,192,0.67,0.57,63,20,31.7,3.23,1.03,0.14,0.45,15.1,0,0.11,1.8,1.8,474,607,78.1,6642,1989,4.6,0.0,26,25,41,9,590,15,3,5,1,47,10,2,0,0,0,2,17,64,3.27,44,1,7,6,6,0,9,0.46,16,9,4,6,6,11,27.3,8,8,2,6,6,22,15,1,810,17,97,257,462,128,810,64,24,37.5,33,51.6,561,4196,2467,48,47,33,23,647,53,51.3,80.0,6,16,25.0,1,1.82,34,23,11,0.56,0.02,31.0,24.1,6.9,0.35,0,15,22,5,0,0,0,55,6,15,28.6,FWD,398065.0,exact,398065.0,2025-05-30,35000000.0,398065,1997-12-09,England,2028-06-30,182.0,right,27.06365503080082,41.9185282522996,17.370858648025116,732.4414236261905,Peak,False,True,False,False,False,ENG,UEFA,False,False,False,False,False,True
Thierno Barry,fr FRA,FW,Villarreal,es La Liga,21.0,2002.0,35,25,2323,25.8,11,4,15,10,1,1,4,0,12.5,11.7,2.9,14.6,44,27,124,0.54,0.6,71,24,33.8,2.75,0.93,0.14,0.42,12.0,0,0.17,-1.5,-1.7,209,337,62.0,2946,546,2.0,1.1,23,14,12,1,328,9,0,4,1,5,0,0,0,0,0,0,8,46,1.78,32,0,3,6,3,2,6,0.23,11,8,2,5,4,10,40.0,6,15,2,13,0,11,19,0,624,22,44,246,346,126,623,50,18,36.0,25,50.0,347,2237,1041,35,25,86,27,485,66,67.9,81.0,14,10,29.0,0,1.8,53,32,21,0.81,0.9,44.3,29.3,15.1,0.58,0,47,51,20,1,1,0,36,99,48,67.3,FWD,937941.0,exact,937941.0,2025-06-09,20000000.0,937941,2002-10-21,France,2029-06-30,195.0,right,22.198494182067076,53.90932982917214,16.811242881518265,492.7731439512658,Developing,False,False,True,False,False,FRA,UEFA,False,False,False,False,False,True
Michy Batshuayi,be BEL,FW,Eint Frankfurt,de Bundesliga,30.0,1993.0,10,3,300,3.3,3,0,3,3,0,0,2,0,1.2,1.2,0.0,1.3,3,8,15,0.9,0.38,5,3,60.0,1.5,0.9,0.6,1.0,11.3,0,0.24,1.8,1.8,53,66,80.3,747,198,0.4,0.0,1,4,2,0,61,4,1,0,0,1,0,0,0,0,0,1,0,4,1.2,3,0,0,0,1,0,0,0.0,1,1,1,0,0,1,100.0,0,2,0,2,1,2,0,0,101,1,8,57,37,14,101,7,2,28.6,5,71.4,60,319,103,2,2,11,1,67,30,9.8,53.0,0,7,20.0,4,1.0,4,4,0,0.0,-0.72,4.1,3.5,0.6,0.17,0,6,2,4,0,0,0,10,3,8,27.3,FWD,179184.0,exact,179184.0,2025-06-05,4000000.0,179184,1993-10-02,Belgium,2027-06-30,185.0,right,31.249828884325805,29.894875164257556,15.201805169084134,976.5518052996433,Declining,True,False,False,False,False,BEL,UEFA,False,False,False,False,False,True
Sheraldo Becker,sr SUR,"FW,MF",Real Sociedad,es La Liga,29.0,1995.0,22,11,995,11.1,2,1,3,2,0,0,1,1,2.0,2.0,2.0,4.0,51,23,110,0.27,0.36,22,13,59.1,1.99,1.18,0.09,0.15,19.1,0,0.09,0.0,0.0,200,313,63.9,3391,742,1.7,-1.0,8,6,17,5,304,8,0,0,1,64,4,2,0,0,0,1,14,21,1.9,17,0,2,1,1,0,1,0.09,3,2,0,3,0,2,0.0,2,4,0,4,1,4,10,0,384,10,41,113,236,36,384,11,4,36.4,4,36.4,242,1882,1038,16,14,17,4,300,45,29.1,71.0,2,11,19.0,4,1.0,8,11,-3,-0.27,0.03,11.5,13.5,-2.0,-0.18,0,8,15,9,0,0,0,30,7,16,30.4,FWD,188888.0,exact,188888.0,2025-06-09,2500000.0,188888,1995-02-09,Suriname,2026-06-30,180.0,right,29.894592744695416,17.904073587385017,14.731801689838349,893.6866753711957,Peak,False,False,True,False,False,SUR,CONMEBOL,False,False,False,True,False,False
Maximilian Beier,de GER,"FW,MF",Dortmund,de Bundesliga,21.0,2002.0,29,17,1591,17.7,8,5,13,8,0,0,2,0,7.7,7.7,3.3,11.0,24,33,124,0.74,0.62,42,13,31.0,2.38,0.74,0.19,0.62,12.6,0,0.18,0.3,0.3,291,413,70.5,3569,852,2.5,1.7,24,13,14,3,396,13,0,1,0,16,10,0,0,0,0,4,22,55,3.11,38,0,6,4,3,4,7,0.4,25,16,8,11,6,31,38.7,19,15,1,14,7,32,14,1,618,16,73,245,308,88,618,51,22,43.1,27,52.9,338,1481,748,12,9,39,26,423,55,52.0,75.0,6,12,27.0,1,1.55,38,24,14,0.79,0.42,31.2,22.0,9.3,0.52,0,17,16,9,0,0,0,49,23,20,53.5,FWD,578392.0,exact,578392.0,2025-06-05,25000000.0,578392,2002-10-17,Germany,2029-06-30,185.0,right,22.209445585215605,53.90932982917214,17.034386422832473,493.2594732026529,Developing,True,False,False,False,False,GER,UEFA,False,False,False,False,False,True
Andrea Belotti,it ITA,FW,Como,it Serie A,30.0,1993.0,18,7,593,6.6,2,0,2,2,0,0,1,0,2.5,2.5,0.4,2.8,9,9,33,0.3,0.43,19,3,15.8,2.88,0.46,0.11,0.67,12.7,0,0.13,-0.5,-0.5,90,120,75.0,1072,178,0.1,-0.4,7,5,1,0,108,12,0,1,0,5,0,0,0,0,0,0,6,14,2.13,9,0,0,3,2,0,0,0.0,7,5,1,4,2,4,25.0,3,4,0,4,1,8,8,0,185,7,23,82,82,28,185,6,2,33.3,2,33.3,106,477,203,5,3,10,10,131,33,17.3,66.0,0,11,12.0,5,0.83,5,12,-7,-1.06,-1.19,7.1,7.3,-0.2,-0.03,0,9,19,5,0,0,0,17,18,26,40.9,FWD,167727.0,exact,167727.0,2025-05-30,2000000.0,167727,1993-12-20,Italy,2026-06-30,181.0,right,31.033538672142367,17.904073587385017,14.508658238524095,963.0805225153558,Declining,False,False,False,False,True,ITA,UEFA,False,False,False,False,False,True
Lucas Beltrán,ar ARG,"FW,MF",Fiorentina,it Serie A,23.0,2001.0,32,20,1864,20.7,5,4,9,3,2,3,6,0,5.4,3.1,3.0,6.1,23,64,94,0.34,0.39,26,6,23.1,1.26,0.29,0.12,0.5,15.9,0,0.12,-0.4,-0.1,459,591,77.7,6934,1421,1.9,1.0,29,38,17,3,556,31,2,4,5,7,6,0,0,0,0,4,10,63,2.9,55,1,1,2,2,2,9,0.41,23,10,10,7,6,21,33.3,14,15,2,13,5,28,14,0,791,15,91,423,285,51,788,30,15,50.0,14,46.7,468,2320,853,18,7,41,41,592,58,54.5,77.0,5,12,27.0,4,1.58,34,25,9,0.43,-0.14,28.3,22.1,6.2,0.29,0,31,48,4,1,0,0,59,32,53,37.6,FWD,628366.0,exact,628366.0,2025-06-17,18000000.0,628366,2001-03-29,Argentina,2026-06-30,176.0,right,23.761806981519506,17.904073587385017,16.705882371415992,564.6234710269891,Developing,False,False,False,False,True,ARG,CONMEBOL,False,False,False,True,False,False
Saïd Benrahma,dz ALG,"FW,MF",Lyon,fr Ligue 1,28.0,1995.0,13,9,735,8.2,1,3,4,1,0,0,0,0,2.0,2.0,2.1,4.0,41,32,109,0.49,0.49,17,4,23.5,2.08,0.49,0.06,0.25,20.2,1,0.12,-1.0,-1.0,258,358,72.1,3787,1234,2.7,0.9,14,21,19,3,334,20,6,1,2,43,2,12,4,6,0,4,11,27,3.31,17,7,3,0,0,0,6,0.74,9,5,4,4,1,10,30.0,7,6,0,6,3,12,2,0,447,2,44,169,240,34,447,29,8,27.6,20,69.0,286,1930,956,20,15,15,11,346,57,24.0,74.0,2,4,17.0,3,1.46,12,10,2,0.24,-0.41,12.8,10.4,2.4,0.29,0,6,6,6,0,0,0,32,0,0,,FWD,290532.0,exact,290532.0,2025-06-24,10000000.0,290532,1995-08-10,Algeria,2027-06-30,172.0,right,29.39630390143737,29.894875164257556,16.118095750958314,864.142683065662,Peak,False,False,False,True,False,ALG,CAF,False,True,False,False,False,False
Álex Berenguer,es ESP,"FW,MF",Athletic Club,es La Liga,29.0,1995.0,36,28,2339,26.0,6,7,13,6,0,1,5,0,6.8,6.0,5.0,11.0,65,78,216,0.5,0.45,51,18,35.3,1.96,0.69,0.12,0.33,18.4,3,0.12,-0.8,0.0,628,954,65.8,10110,2537,4.4,2.0,46,49,28,11,769,178,57,7,3,178,15,101,42,36,1,7,28,98,3.77,64,19,9,2,2,2,14,0.54,32,16,6,16,10,31,45.2,17,23,2,21,10,42,18,0,1250,18,98,462,713,86,1249,82,33,40.2,41,50.0,643,4310,2050,40,27,52,50,809,65,68.4,76.0,6,8,26.0,1,1.78,36,18,18,0.69,0.11,36.8,26.6,10.2,0.39,0,29,30,5,2,0,0,113,27,50,35.1,FWD,338425.0,exact,338425.0,2025-06-09,9000000.0,338425,1995-07-04,Spain,2027-06-30,175.0,right,29.49760438056126,29.894875164257556,16.012735246411598,870.1086641921069,Peak,False,False,True,False,False,ESP,UEFA,False,False,False,False,False,True
Mergim Berisha,de GER,"FW,MF",Hoffenheim,de Bundesliga,26.0,1998.0,11,3,333,3.7,1,1,2,1,0,0,1,0,1.0,1.0,1.0,2.0,2,7,18,0.54,0.54,11,3,27.3,2.97,0.81,0.09,0.33,16.0,1,0.09,0.0,0.0,39,56,69.6,512,122,0.4,0.0,3,6,2,0,53,2,0,3,1,3,0,0,0,0,0,1,0,5,1.35,4,0,0,1,0,0,1,0.27,3,3,1,2,0,3,0.0,3,2,1,1,0,3,3,0,93,5,11,35,47,12,93,8,3,37.5,5,62.5,60,195,78,3,1,6,3,69,30,10.9,48.0,0,8,24.0,2,0.73,8,11,-3,-0.81,-0.18,4.8,7.5,-2.7,-0.74,0,5,5,3,0,0,0,10,3,14,17.6,FWD,307924.0,exact,307924.0,2025-06-05,3500000.0,307924,1998-05-11,Germany,2027-06-30,188.0,right,26.64476386036961,29.894875164257556,15.068273812173887,709.9434411748585,Peak,True,False,False,False,False,GER,UEFA,False,False,False,False,False,True
Alexander Bernhardsson,se SWE,"FW,MF",Holstein Kiel,de Bundesliga,25.0,1998.0,19,15,1263,14.0,7,2,9,7,0,0,3,0,4.1,4.1,1.3,5.5,25,33,72,0.64,0.39,27,14,51.9,1.92,1.0,0.26,0.5,17.5,0,0.15,2.9,2.9,193,319,60.5,3164,1076,1.2,0.7,17,16,10,4,294,23,4,2,4,34,8,10,4,5,1,2,13,36,2.57,21,5,4,4,1,1,7,0.5,29,15,9,9,11,31,64.5,11,14,0,14,5,34,25,0,520,23,109,223,202,41,520,53,22,41.5,26,49.1,264,1650,839,19,13,36,18,304,66,41.3,75.0,4,4,34.0,1,0.79,21,30,-9,-0.64,0.46,16.5,23.3,-6.8,-0.49,0,21,15,2,1,0,0,45,19,34,35.8,FWD,633454.0,exact,633454.0,2025-06-05,3000000.0,633454,1998-09-08,Sweden,2027-06-30,184.0,left,26.316221765913756,29.894875164257556,14.914123179965662,692.5435280327529,Peak,True,False,False,False,False,SWE,UEFA,False,False,False,False,False,True
Beto,gw GNB,FW,Everton,eng Premier League,26.0,1998.0,30,15,1534,17.0,8,0,8,8,0,0,2,0,8.2,8.2,1.2,9.4,15,16,77,0.47,0.55,49,23,46.9,2.87,1.35,0.16,0.35,13.1,0,0.17,-0.2,-0.2,156,268,58.2,2060,282,0.5,-1.2,12,7,8,1,264,4,0,1,2,4,0,1,0,0,0,0,13,26,1.52,16,0,3,3,4,0,1,0.06,14,6,2,8,4,8,62.5,3,12,2,10,4,18,24,1,520,29,51,233,242,86,520,38,19,50.0,17,44.7,267,1242,478,12,9,71,37,378,51,44.9,82.0,6,15,20.0,8,1.07,23,24,-1,-0.06,-0.01,21.3,18.6,2.7,0.16,0,33,23,16,0,0,0,40,99,105,48.5,FWD,595809.0,exact_birthyear_corrected,595809.0,2025-05-30,22000000.0,595809,1998-01-31,Guinea-Bissau,2027-06-30,194.0,right,26.91854893908282,29.894875164257556,16.906553056777135,724.6082769857969,Peak,False,True,False,False,False,GNB,CAF,False,True,False,False,False,False
Mika Biereth,dk DEN,FW,Monaco,fr Ligue 1,21.0,2003.0,16,16,1228,13.6,13,2,15,12,1,2,0,0,11.3,9.7,4.5,14.2,14,24,110,1.03,1.16,40,22,55.0,2.93,1.61,0.3,0.55,11.6,0,0.24,1.7,2.3,149,241,61.8,2062,532,3.2,-2.5,22,11,16,1,222,15,1,2,1,8,1,0,0,0,0,4,15,38,2.78,32,0,0,3,2,1,4,0.29,5,5,0,3,2,7,42.9,4,11,0,11,4,9,7,0,382,4,15,125,243,98,380,11,1,9.1,9,81.8,212,817,354,8,5,39,16,286,77,40.1,77.0,5,0,,1,1.88,31,16,15,1.1,0.76,32.7,14.3,18.4,1.35,0,19,30,6,1,0,0,23,18,29,38.3,FWD,565821.0,exact,565821.0,2025-06-03,30000000.0,565821,2003-02-08,Denmark,2030-06-30,187.0,right,21.897330595482547,65.90013140604468,17.216707972959764,479.49308720785604,Emerging,False,False,False,True,False,DEN,UEFA,False,False,False,False,False,True
El Bilal Touré,ml MLI,"FW,MF",Stuttgart,de Bundesliga,22.0,2001.0,12,3,356,4.0,2,1,3,2,0,0,0,0,1.6,1.6,1.1,2.8,6,7,25,0.76,0.7,14,4,28.6,3.54,1.01,0.14,0.5,15.2,0,0.12,0.4,0.4,75,96,78.1,960,201,0.8,-0.1,7,6,4,0,94,0,0,1,0,0,0,0,0,0,0,2,3,11,2.78,8,0,1,2,0,0,1,0.25,4,1,1,1,2,3,100.0,0,1,0,1,0,4,1,0,137,1,6,49,85,23,137,6,3,50.0,3,50.0,72,379,168,5,4,10,2,110,30,11.6,67.0,0,9,17.0,1,1.42,9,7,2,0.51,0.21,7.6,6.1,1.5,0.39,0,9,3,1,0,0,0,8,19,14,57.6,FWD,649016.0,exact,649016.0,2025-06-05,15000000.0,649016,2001-10-03,Mali,2026-06-30,185.0,right,23.247091033538673,17.904073587385017,16.52356082573315,540.4272415216342,Developing,True,False,False,False,False,MLI,CAF,False,True,False,False,False,False
Myron Boadu,nl NED,FW,Bochum,de Bundesliga,23.0,2001.0,19,11,1042,11.6,9,1,10,8,1,1,2,0,7.7,6.9,1.1,8.0,12,18,70,0.78,0.76,27,13,48.1,2.33,1.12,0.3,0.62,11.7,0,0.26,1.3,1.1,139,195,71.3,2358,375,1.6,-0.1,11,7,5,1,183,12,0,0,0,3,0,0,0,0,0,0,11,30,2.59,22,0,4,1,3,0,3,0.26,2,1,0,0,2,5,20.0,4,3,0,3,1,3,4,0,287,7,19,123,150,46,286,23,11,47.8,12,52.2,179,840,343,9,7,30,15,209,55,34.1,70.0,2,8,34.0,3,0.42,16,25,-9,-0.78,0.34,16.2,21.4,-5.2,-0.45,0,11,6,12,0,0,0,20,19,20,48.7,FWD,412932.0,exact,412932.0,2025-06-05,7000000.0,412932,2001-01-14,Netherlands,2026-06-30,183.0,right,23.964407939767284,17.904073587385017,15.76142084987672,574.2928479035812,Developing,True,False,False,False,False,NED,UEFA,False,False,False,False,False,True
Augustine Boakye,gh GHA,"FW,MF",Saint-Étienne,fr Ligue 1,23.0,2000.0,17,8,733,8.1,3,0,3,3,0,0,5,0,1.8,1.8,0.9,2.7,25,35,60,0.37,0.34,24,9,37.5,2.95,1.11,0.13,0.33,20.8,1,0.08,1.2,1.2,192,256,75.0,2549,798,1.0,-0.9,13,14,11,0,249,6,0,2,1,5,2,1,0,0,0,1,7,35,4.3,24,1,5,3,2,0,1,0.12,7,3,3,4,0,11,27.3,8,5,0,5,6,13,4,0,349,6,32,130,191,29,349,24,13,54.2,10,41.7,194,1180,579,20,9,18,25,251,43,24.0,63.0,0,9,25.0,3,0.76,9,13,-4,-0.49,0.82,9.9,14.8,-4.9,-0.6,0,19,7,3,0,0,0,27,5,14,26.3,FWD,579263.0,exact,579263.0,2025-06-03,2500000.0,579263,2000-11-03,Ghana,2028-06-30,178.0,left,24.161533196440793,41.9185282522996,14.731801689838349,583.7796864027105,Developing,False,False,False,True,False,GHA,CAF,False,True,False,False,False,False
Victor Boniface,ng NGA,FW,Leverkusen,de Bundesliga,23.0,2000.0,19,12,1008,11.2,8,1,9,8,0,1,2,0,7.8,7.1,1.1,8.1,26,23,61,0.8,0.8,50,17,34.0,4.46,1.52,0.16,0.47,14.5,0,0.14,0.2,0.9,172,245,70.2,2453,503,1.0,-0.1,10,10,8,2,237,6,0,1,2,6,2,0,0,0,0,2,7,32,2.86,19,0,5,8,0,0,3,0.27,5,4,0,3,2,4,75.0,1,1,0,1,0,5,5,0,400,5,24,163,215,77,399,35,15,42.9,19,54.3,207,1148,507,12,15,43,29,319,53,32.9,75.0,0,7,16.0,5,2.0,23,11,12,1.07,0.33,20.3,11.5,8.8,0.79,0,14,8,7,0,0,0,28,32,22,59.3,FWD,656681.0,exact,656681.0,2025-06-05,40000000.0,656681,2000-12-23,Nigeria,2026-06-30,190.0,right,24.024640657084188,17.904073587385017,17.50439003707821,577.1833587020226,Developing,True,False,False,False,False,NGA,CAF,False,True,False,False,False,False
Ange-Yoan Bonny,fr FRA,FW,Parma,it Serie A,20.0,2003.0,37,30,2529,28.1,6,4,10,4,2,3,2,0,9.4,7.1,2.9,9.9,41,53,163,0.28,0.44,61,19,31.1,2.17,0.68,0.07,0.21,16.7,0,0.12,-3.4,-3.1,431,573,75.2,6282,1251,2.2,1.1,30,31,15,2,520,52,2,3,3,14,1,3,0,0,0,1,19,67,2.39,44,1,11,6,5,0,8,0.28,34,16,4,23,7,14,57.1,6,17,2,15,3,37,17,0,898,14,70,412,435,112,895,67,33,49.3,28,41.8,527,2690,1112,35,17,86,70,647,68,73.9,75.0,7,7,40.0,0,0.97,33,36,-3,-0.11,1.0,31.2,37.7,-6.5,-0.23,0,21,47,14,1,0,0,64,23,70,24.7,FWD,827734.0,exact,827734.0,2025-06-17,20000000.0,827734,2003-10-25,Cote d'Ivoire,2030-06-30,189.0,right,21.188227241615333,65.90013140604468,16.811242881518265,448.9409736423301,Emerging,False,False,False,False,True,FRA,UEFA,False,False,False,False,False,True
Jarrod Bowen,eng ENG,"FW,MF",West Ham,eng Premier League,27.0,1996.0,34,34,2973,33.0,13,8,21,12,1,1,1,0,8.6,7.8,6.8,14.7,109,91,212,0.61,0.47,86,36,41.9,2.6,1.09,0.14,0.33,17.4,1,0.09,4.4,4.2,584,815,71.7,9476,2687,6.5,1.2,51,41,46,8,722,87,6,7,4,106,3,44,28,15,0,6,44,113,3.42,70,13,6,13,9,2,15,0.45,41,26,13,12,16,40,47.5,21,22,4,18,16,57,25,0,1252,28,132,466,678,171,1251,130,44,33.8,76,58.5,741,5306,2501,46,61,70,77,834,87,86.9,87.0,27,0,,0,1.15,41,50,-9,-0.27,1.14,41.4,50.6,-9.2,-0.28,0,20,51,10,0,0,0,129,12,48,20.0,FWD,314875.0,exact,314875.0,2025-05-30,40000000.0,314875,1996-12-20,England,2030-06-30,176.0,left,28.032854209445585,65.90013140604468,17.50439003707821,785.840915128031,Peak,False,True,False,False,False,ENG,UEFA,False,False,False,False,False,True
Iker Bravo,es ESP,"FW,MF",Udinese,it Serie A,19.0,2005.0,29,4,682,7.6,2,1,3,2,0,0,3,0,0.9,0.9,0.4,1.3,7,18,39,0.4,0.18,13,3,23.1,1.72,0.4,0.15,0.67,17.2,0,0.07,1.1,1.1,159,196,81.1,2278,412,0.4,0.6,7,10,6,0,176,18,5,1,0,8,3,6,2,2,0,2,4,14,1.85,10,2,1,1,0,0,0,0.0,10,6,3,5,2,9,55.6,4,4,1,3,1,11,4,0,294,4,27,131,140,28,294,29,11,37.9,18,62.1,157,852,281,5,6,31,14,190,24,19.9,64.0,0,25,17.0,7,1.17,7,11,-4,-0.53,-0.17,7.3,11.5,-4.2,-0.56,0,12,10,2,0,0,0,30,12,28,30.0,FWD,741292.0,exact,741292.0,2025-06-17,3000000.0,741292,2005-01-13,Spain,2026-06-30,182.0,right,19.967145790554415,17.904073587385017,14.914123179965662,398.6869110212549,Emerging,False,False,False,False,True,ESP,UEFA,False,False,False,False,False,True
Maximilian Breunig,de GER,"FW,MF",Heidenheim,de Bundesliga,23.0,2000.0,13,2,350,3.9,2,0,2,1,1,1,0,0,3.4,2.7,0.2,2.9,5,7,13,0.26,0.94,10,2,20.0,2.57,0.51,0.1,0.5,15.2,0,0.27,-1.4,-1.7,47,81,58.0,789,140,0.1,-0.2,4,5,0,0,78,3,0,0,1,1,3,0,0,0,0,0,6,8,2.06,5,1,1,1,0,0,0,0.0,4,3,1,2,1,6,50.0,3,9,2,7,1,5,3,0,140,5,17,77,51,17,139,7,3,42.9,3,42.9,78,304,138,4,2,15,6,96,27,11.4,70.0,0,11,19.0,6,0.77,5,9,-4,-1.03,-0.26,7.1,8.0,-0.8,-0.22,0,8,5,1,0,0,0,13,9,31,22.5,FWD,584254.0,exact,584254.0,2025-06-05,1500000.0,584254,2000-08-14,Germany,2026-06-30,195.0,left,24.383299110198493,17.904073587385017,14.220976332738882,594.5452754974066,Developing,True,False,False,False,False,GER,UEFA,False,False,False,False,False,True
Armando Broja,al ALB,FW,Everton,eng Premier League,22.0,2001.0,10,4,334,3.7,0,0,0,0,0,0,1,0,0.1,0.1,0.2,0.3,12,2,26,0.0,0.08,4,0,0.0,1.08,0.0,0.0,,17.3,0,0.03,-0.1,-0.1,53,73,72.6,594,101,0.1,-0.2,4,3,0,0,72,0,0,0,0,1,0,0,0,0,0,1,1,7,1.89,7,0,0,0,0,0,0,0.0,3,1,1,1,1,0,,0,3,0,3,1,4,4,0,127,4,14,47,72,18,127,16,8,50.0,7,43.8,64,577,281,8,3,16,13,94,33,9.8,58.0,0,6,17.0,3,1.0,1,2,-1,-0.27,-0.24,3.1,3.8,-0.7,-0.19,0,6,4,3,0,0,0,9,18,21,46.2,FWD,571743.0,exact,571743.0,2025-05-30,12000000.0,571743,2001-09-10,Albania,2030-06-30,191.0,right,23.310061601642712,65.90013140604468,16.300417291085605,543.358971872378,Developing,False,True,False,False,False,ALB,UEFA,False,False,False,False,False,True
David Brooks,wls WAL,"FW,MF",Bournemouth,eng Premier League,27.0,1997.0,29,9,960,10.7,2,0,2,2,0,0,3,0,2.5,2.5,1.9,4.4,35,35,83,0.19,0.41,25,12,48.0,2.34,1.13,0.08,0.17,16.3,0,0.1,-0.5,-0.5,310,411,75.4,4795,1429,2.0,-1.9,20,22,18,6,366,44,14,3,0,52,10,17,7,4,0,1,14,46,4.31,36,6,2,2,0,0,2,0.19,14,6,2,8,4,16,12.5,14,18,2,16,5,19,9,1,545,15,59,207,289,39,545,34,11,32.4,20,58.8,342,2344,1115,25,10,30,14,375,33,28.1,67.0,0,20,18.0,7,1.41,23,12,11,1.03,0.99,20.7,14.7,5.9,0.56,0,11,18,0,0,0,0,50,7,10,41.2,FWD,277033.0,exact,277033.0,2025-05-30,10000000.0,277033,1997-07-08,Wales,2029-06-30,173.0,left,27.485284052019164,53.90932982917214,16.118095750958314,755.440839420179,Peak,False,True,False,False,False,WAL,UEFA,False,False,False,False,False,True
Moritz Broschinski,de GER,"FW,MF",Bochum,de Bundesliga,23.0,2000.0,33,15,1390,15.4,1,3,4,1,0,0,1,0,4.2,4.2,1.8,6.0,37,20,130,0.26,0.39,38,11,28.9,2.46,0.71,0.03,0.09,17.1,0,0.11,-3.2,-3.2,187,295,63.4,2807,554,1.5,1.2,13,9,8,4,274,19,1,0,0,28,2,0,0,0,0,2,24,36,2.33,27,0,3,4,2,0,4,0.26,19,14,6,6,7,15,40.0,9,18,0,18,1,20,18,0,552,19,54,211,297,68,552,53,14,26.4,38,71.7,322,1887,814,21,13,69,33,385,42,45.4,70.0,0,18,19.0,1,0.76,11,37,-26,-1.68,-1.25,17.3,31.4,-14.1,-0.91,0,27,18,5,0,0,0,64,31,42,42.5,FWD,406973.0,exact,406973.0,2025-06-05,2000000.0,406973,2000-09-23,Germany,2029-06-30,190.0,right,24.27378507871321,53.90932982917214,14.508658238524095,589.2166420475601,Developing,True,False,False,False,False,GER,UEFA,False,False,False,False,False,True
Jacob Bruun Larsen,dk DEN,"FW,MF",Hoffenheim,de Bundesliga,25.0,1998.0,12,3,400,4.4,2,2,4,2,0,0,0,0,2.3,2.3,0.6,2.9,16,16,41,0.9,0.66,14,6,42.9,3.15,1.35,0.14,0.33,15.2,0,0.16,-0.3,-0.3,121,163,74.2,1819,401,0.7,1.4,8,7,6,2,150,13,1,2,2,19,5,5,2,3,0,0,3,19,4.29,12,1,2,4,0,0,4,0.9,4,3,1,2,1,8,37.5,5,5,1,4,1,5,2,0,226,3,17,82,133,30,226,21,7,33.3,13,61.9,147,896,471,13,8,9,9,167,33,13.1,79.0,0,9,18.0,3,0.92,7,10,-3,-0.68,-0.03,7.1,8.1,-1.0,-0.23,0,2,2,3,0,0,0,16,5,3,62.5,FWD,293281.0,exact,293281.0,2025-06-05,5000000.0,293281,1998-09-19,Denmark,2029-06-30,183.0,right,26.286105407255306,53.90932982917214,15.424948670398354,690.9593374813367,Peak,True,False,False,False,False,DEN,UEFA,False,False,False,False,False,True
Ante Budimir,hr CRO,FW,Osasuna,es La Liga,33.0,1991.0,38,34,2952,32.8,21,4,25,13,8,8,4,0,18.3,12.3,1.7,13.9,23,24,134,0.52,0.61,91,29,31.9,2.77,0.88,0.14,0.45,13.3,0,0.14,2.7,0.7,239,426,56.1,3022,503,1.2,2.3,16,12,7,0,399,24,1,1,0,6,1,0,0,0,0,3,9,46,1.4,25,0,3,9,9,0,14,0.43,20,9,3,11,6,13,23.1,10,19,4,15,2,22,26,0,788,31,52,335,407,170,780,43,10,23.3,29,67.4,380,1566,541,15,8,83,44,540,78,86.3,84.0,15,4,24.0,0,1.37,44,42,2,0.06,1.21,39.1,41.7,-2.6,-0.08,0,47,35,15,6,0,0,54,136,132,50.7,FWD,46413.0,exact,46413.0,2025-06-09,5000000.0,46413,1991-07-22,Croatia,2027-06-30,190.0,left,33.44832306639288,29.894875164257556,15.424948670398354,1118.79031595379,Declining,False,False,True,False,False,CRO,UEFA,False,False,False,False,False,True
Marius Bülter,de GER,"FW,DF",Hoffenheim,de Bundesliga,31.0,1993.0,25,22,1729,19.2,7,2,9,7,0,0,4,0,3.7,3.7,3.1,6.8,57,35,155,0.47,0.35,37,15,40.5,1.93,0.78,0.19,0.47,16.2,0,0.1,3.3,3.3,394,586,67.2,6403,1684,3.4,-1.1,22,30,25,12,530,55,2,3,3,84,46,0,0,0,0,1,31,48,2.5,34,0,3,3,7,1,7,0.36,13,10,5,6,2,17,52.9,8,10,3,7,4,17,14,1,774,25,108,297,379,83,774,47,24,51.1,22,46.8,511,2924,1435,24,23,39,21,576,69,56.5,74.0,7,3,31.0,0,0.92,33,41,-8,-0.42,0.53,25.1,31.6,-6.5,-0.34,0,11,36,6,1,0,0,63,18,28,39.1,FWD,116088.0,exact,116088.0,2025-06-05,2500000.0,116088,1993-03-29,Germany,2027-06-30,188.0,right,31.761806981519506,29.894875164257556,14.731801689838349,1008.8123827313012,Declining,True,False,False,False,False,GER,UEFA,False,False,False,False,False,True
Facundo Buonanotte,ar ARG,"FW,MF",Leicester City,eng Premier League,19.0,2004.0,31,14,1523,16.9,5,2,7,5,0,0,8,0,3.9,3.9,3.1,7.0,39,54,74,0.41,0.41,36,12,33.3,2.13,0.71,0.14,0.42,17.6,0,0.11,1.1,1.1,437,572,76.4,6930,1757,2.3,-1.1,24,41,13,2,501,67,24,7,4,43,10,26,19,1,0,4,9,51,3.01,27,11,9,1,3,0,5,0.3,53,32,17,22,14,67,31.3,46,34,6,28,12,65,14,0,874,26,128,452,307,39,874,83,28,33.7,49,59.0,479,2997,1347,26,9,58,39,528,49,44.5,80.0,6,17,24.0,3,0.52,17,33,-16,-0.95,0.53,16.8,28.6,-11.8,-0.7,0,37,35,3,0,0,0,79,18,36,33.3,FWD,983989.0,exact,983989.0,2025-05-30,20000000.0,983989,2004-12-23,Argentina,2026-06-30,174.0,left,20.024640657084188,17.904073587385017,16.811242881518265,400.98623344534906,Emerging,False,True,False,False,False,ARG,CONMEBOL,False,False,False,True,False,False
Jonathan Burkardt,de GER,FW,Mainz 05,de Bundesliga,24.0,2000.0,29,28,2109,23.4,18,2,20,16,2,2,0,0,14.8,13.2,3.1,16.3,32,42,157,0.77,0.76,70,28,40.0,2.99,1.19,0.23,0.57,13.6,0,0.19,3.2,2.8,379,523,72.5,6262,854,2.7,-1.1,20,25,16,4,475,47,0,2,8,27,6,0,0,0,0,1,24,54,2.31,41,0,3,6,4,0,8,0.34,15,8,1,7,7,10,60.0,4,11,1,10,1,16,14,0,788,19,49,364,378,121,786,39,16,41.0,23,59.0,447,1868,747,26,13,76,33,562,73,68.9,74.0,9,1,24.0,0,1.59,42,32,10,0.43,0.24,36.5,31.9,4.5,0.19,0,23,24,11,1,0,0,73,20,85,19.0,FWD,333647.0,exact,333647.0,2025-06-05,35000000.0,333647,2000-07-11,Germany,2030-06-30,181.0,right,24.476386036960985,65.90013140604468,17.370858648025116,599.0934734303387,Developing,True,False,False,False,False,GER,UEFA,False,False,False,False,False,True
Oliver Burke,sct SCO,FW,Werder Bremen,de Bundesliga,27.0,1997.0,25,9,908,10.1,5,0,5,5,0,0,4,0,4.1,4.1,1.7,5.8,22,15,88,0.5,0.57,35,12,34.3,3.47,1.19,0.14,0.42,13.4,0,0.12,0.9,0.9,179,299,59.9,2061,379,1.1,-1.7,14,5,7,3,292,5,0,0,0,20,4,0,0,0,0,2,16,33,3.27,24,1,2,4,1,1,2,0.2,11,4,5,1,5,6,66.7,2,20,0,20,2,13,6,0,440,5,38,167,241,79,440,12,7,58.3,5,41.7,246,1353,493,12,14,38,13,329,36,29.7,78.0,3,16,13.0,4,1.48,16,13,3,0.3,0.55,17.8,13.7,4.2,0.41,0,12,2,8,0,0,0,26,40,21,65.6,FWD,341317.0,exact,341317.0,2025-06-05,3000000.0,341317,1997-04-07,Scotland,2029-06-30,188.0,right,27.737166324435318,53.90932982917214,14.914123179965662,769.3503957093886,Peak,True,False,False,False,False,SCO,UEFA,False,False,False,False,False,True
Rémy Cabella,fr FRA,"FW,MF",Lille,fr Ligue 1,34.0,1990.0,23,12,1011,11.2,1,2,3,1,0,0,1,0,4.0,4.0,2.3,6.2,45,77,130,0.27,0.55,30,7,23.3,2.67,0.62,0.03,0.14,14.7,1,0.13,-3.0,-3.0,628,762,82.4,8904,2413,3.1,-0.3,26,39,25,8,685,72,19,0,0,60,14,34,4,18,0,5,9,60,5.33,36,11,2,6,4,1,6,0.53,39,19,16,13,10,33,57.6,14,10,1,9,8,47,5,0,900,6,75,357,483,51,900,38,19,50.0,18,47.4,546,2893,1530,35,12,16,10,667,44,33.0,72.0,2,11,13.0,4,1.61,15,12,3,0.27,-0.3,20.3,13.3,7.0,0.62,0,16,19,2,1,1,0,63,3,8,27.3,FWD,113707.0,exact,113707.0,2025-06-03,2500000.0,113707,1990-03-08,France,2026-06-30,172.0,right,34.81998631074607,17.904073587385017,14.731801689838349,1212.4314466805436,Declining,False,False,False,True,False,FRA,UEFA,False,False,False,False,False,True
Dominic Calvert-Lewin,eng ENG,FW,Everton,eng Premier League,27.0,1997.0,26,19,1609,17.9,3,1,4,3,0,0,2,0,6.7,6.7,0.6,7.4,23,20,112,0.22,0.41,50,19,38.0,2.8,1.06,0.06,0.16,12.3,0,0.14,-3.7,-3.7,181,289,62.6,2113,498,0.7,0.4,7,20,5,1,287,2,0,0,1,6,1,0,0,0,0,0,12,26,1.46,14,0,4,3,3,2,4,0.22,9,7,1,4,4,6,33.3,4,7,2,5,7,16,23,0,520,26,45,215,265,88,520,25,10,40.0,13,52.0,280,1445,463,8,17,77,33,417,62,47.0,77.0,8,7,20.0,0,1.27,17,18,-1,-0.06,-0.01,18.1,25.1,-7.0,-0.39,0,27,23,27,0,0,0,35,85,81,51.2,FWD,306024.0,exact,306024.0,2025-05-30,16000000.0,306024,1997-03-16,England,2028-06-30,189.0,right,27.797399041752225,41.9185282522996,16.588099342704055,772.6953934864075,Peak,False,True,False,False,False,ENG,UEFA,False,False,False,False,False,True
Nicolò Cambiaghi,it ITA,FW,Bologna,it Serie A,23.0,2000.0,18,4,620,6.9,1,3,4,1,0,0,0,0,0.8,0.8,1.9,2.7,45,25,63,0.58,0.39,14,4,28.6,2.03,0.58,0.07,0.25,17.1,0,0.06,0.2,0.2,177,245,72.2,2543,589,2.2,1.1,12,9,11,6,240,3,0,0,0,47,3,0,0,0,0,2,6,30,4.36,22,0,2,2,4,0,8,1.16,16,10,6,7,3,10,50.0,5,9,0,9,2,18,2,0,334,1,38,106,195,36,334,25,11,44.0,8,32.0,241,1731,884,9,15,16,11,257,34,18.1,69.0,1,14,25.0,1,1.61,11,7,4,0.58,0.39,10.5,5.6,4.9,0.72,0,9,34,0,1,0,0,29,3,8,27.3,FWD,459151.0,exact,459151.0,2025-06-17,8500000.0,459151,2000-12-28,Italy,2029-06-30,176.0,right,24.01095140314853,53.90932982917214,15.955576839107596,576.5257872843603,Developing,False,False,False,False,True,ITA,UEFA,False,False,False,False,False,True
Sergio Camello,es ESP,FW,Rayo Vallecano,es La Liga,23.0,2001.0,23,14,1134,12.6,3,2,5,3,0,0,2,0,4.1,4.1,2.0,6.1,20,27,68,0.4,0.48,32,9,28.1,2.54,0.71,0.09,0.33,16.3,0,0.13,-1.1,-1.1,207,263,78.7,2869,452,1.1,0.0,19,12,7,0,248,13,0,7,2,6,2,0,0,0,0,2,12,38,3.02,27,0,7,2,1,1,5,0.4,9,3,2,5,2,6,66.7,2,8,1,7,4,13,16,0,398,17,39,173,196,46,398,23,13,56.5,8,34.8,222,1128,554,16,8,38,23,308,49,33.2,64.0,0,9,27.0,2,1.52,14,15,-1,-0.08,0.04,15.0,14.9,0.1,0.01,0,11,10,2,0,0,0,32,11,26,29.7,FWD,505674.0,exact,505674.0,2025-06-09,3000000.0,505674,2001-02-10,Spain,2027-06-30,182.0,right,23.890485968514717,29.894875164257556,14.914123179965662,570.7553198117986,Developing,False,False,True,False,False,ESP,UEFA,False,False,False,False,False,True
Matteo Cancellieri,it ITA,"FW,MF",Parma,it Serie A,22.0,2002.0,27,19,1424,15.8,3,0,3,3,0,0,2,1,2.7,2.7,0.7,3.4,40,24,79,0.19,0.21,22,7,31.8,1.39,0.44,0.14,0.43,17.6,0,0.12,0.3,0.3,211,313,67.4,2943,842,0.7,-0.7,11,16,7,5,298,15,2,4,4,21,3,2,1,0,0,0,10,27,1.71,15,2,4,1,5,0,3,0.19,26,16,15,9,2,32,34.4,21,15,1,14,13,39,30,0,531,20,103,210,230,40,531,70,28,40.0,33,47.1,314,2108,1025,20,16,34,24,348,53,41.6,65.0,2,8,23.0,2,1.0,17,26,-9,-0.57,-0.34,16.1,26.3,-10.2,-0.65,0,26,41,2,0,0,0,55,29,28,50.9,FWD,550106.0,exact,550106.0,2025-06-17,4500000.0,550106,2002-02-12,Italy,2027-06-30,185.0,left,22.885694729637233,29.894875164257556,15.319588176962746,523.7550232581455,Developing,False,False,False,False,True,ITA,UEFA,False,False,False,False,False,True
Irvin Cardona,fr FRA,"FW,MF",Espanyol,es La Liga,26.0,1997.0,16,5,606,6.7,1,1,2,1,0,0,1,0,1.1,1.1,0.6,1.7,14,15,43,0.3,0.25,10,3,30.0,1.49,0.45,0.1,0.33,17.3,1,0.11,-0.1,-0.1,100,161,62.1,1428,432,1.2,0.4,9,9,11,4,154,6,0,1,2,14,4,0,0,0,0,1,6,20,2.97,16,1,0,2,1,0,3,0.45,8,5,2,4,2,16,37.5,10,5,1,4,4,12,10,0,246,7,27,98,123,23,246,13,3,23.1,8,61.5,114,874,460,14,6,22,4,167,38,17.7,68.0,0,11,24.0,2,0.94,7,5,2,0.3,0.71,7.0,6.0,1.0,0.15,0,8,8,5,0,0,0,19,8,11,42.1,FWD,342226.0,exact,342226.0,2025-06-03,2500000.0,342226,1997-08-08,Malta,2028-06-30,185.0,right,27.40041067761807,41.9185282522996,14.731801689838349,750.7825053021263,Peak,False,False,True,False,False,FRA,UEFA,False,False,False,False,False,True
Irvin Cardona,fr FRA,FW,Saint-Étienne,fr Ligue 1,26.0,1997.0,15,13,1063,11.8,5,3,8,5,0,1,2,0,4.5,3.7,1.4,5.0,30,32,135,0.68,0.54,23,10,43.5,1.95,0.85,0.22,0.5,14.7,0,0.18,0.5,1.3,255,381,66.9,3519,853,1.6,1.6,15,11,16,3,369,8,3,3,0,31,5,0,0,0,0,4,13,25,2.31,20,0,1,4,0,0,3,0.28,6,5,3,3,0,14,14.3,12,16,3,13,4,10,6,2,497,11,48,161,292,53,496,22,6,27.3,14,63.6,283,1519,693,21,10,38,12,395,71,34.7,75.0,3,2,45.0,0,0.8,21,27,-6,-0.51,0.93,14.7,28.9,-14.2,-1.31,0,12,10,3,0,0,0,26,10,8,55.6,FWD,342226.0,exact,342226.0,2025-06-03,2500000.0,342226,1997-08-08,Malta,2028-06-30,185.0,right,27.40041067761807,41.9185282522996,14.731801689838349,750.7825053021263,Peak,False,False,False,True,False,FRA,UEFA,False,False,False,False,False,True
Fabio Carvalho,pt POR,"FW,MF",Brentford,eng Premier League,21.0,2002.0,19,3,455,5.1,2,1,3,2,0,0,1,0,2.5,2.5,0.7,3.2,9,17,23,0.59,0.62,12,5,41.7,2.37,0.99,0.17,0.4,14.7,0,0.21,-0.5,-0.5,126,178,70.8,1755,442,0.6,0.3,4,11,5,1,163,14,4,2,0,10,1,7,3,0,0,1,7,10,1.97,7,0,1,2,0,0,1,0.2,13,9,4,4,5,13,46.2,7,6,1,5,3,16,2,0,247,4,44,91,113,22,247,14,2,14.3,10,71.4,137,698,356,3,0,13,8,145,24,13.3,81.0,0,16,13.0,6,1.47,9,14,-5,-0.99,-1.41,6.5,11.2,-4.7,-0.92,0,5,10,1,0,0,0,30,2,6,25.0,FWD,559263.0,exact_accent_stripped,559263.0,2025-05-30,14000000.0,559263,2002-08-30,Portugal,2029-06-30,170.0,right,22.340862422997947,53.90932982917214,16.454567959008102,499.1141338033217,Developing,False,True,False,False,False,POR,UEFA,False,False,False,False,False,True
Josué Casimir,fr FRA,"FW,MF",Le Havre,fr Ligue 1,22.0,2001.0,27,23,1997,22.2,4,4,8,4,0,0,5,0,3.3,3.3,3.4,6.7,71,41,151,0.36,0.3,27,9,33.3,1.22,0.41,0.15,0.44,15.7,0,0.12,0.7,0.7,410,597,68.7,6606,1453,2.2,0.6,26,22,13,7,543,53,6,2,3,85,33,5,2,0,0,1,25,60,2.7,36,2,6,5,9,2,8,0.36,37,26,15,15,7,18,50.0,9,19,0,19,7,44,35,1,814,23,161,301,370,76,814,48,22,45.8,20,41.7,465,3306,1680,33,28,47,30,526,74,65.3,84.0,10,4,18.0,0,1.15,30,45,-15,-0.68,0.68,26.7,42.1,-15.4,-0.7,0,28,46,8,3,0,0,83,9,23,28.1,FWD,763182.0,exact,763182.0,2025-06-03,4000000.0,763182,2001-09-24,Haiti,2028-06-30,178.0,right,23.27173169062286,41.9185282522996,15.201805169084134,541.5734958803404,Developing,False,False,False,True,False,FRA,UEFA,False,False,False,False,False,True
Santiago Castro,ar ARG,FW,Bologna,it Serie A,19.0,2004.0,36,27,2294,25.5,8,4,12,8,0,1,7,0,7.7,6.9,2.9,9.8,17,39,136,0.47,0.41,62,20,32.3,2.43,0.78,0.13,0.4,15.8,0,0.11,0.3,1.1,354,461,76.8,6386,993,1.5,1.1,28,23,8,0,401,57,1,5,9,8,9,0,0,0,0,3,10,69,2.71,45,1,6,7,8,2,11,0.43,18,10,4,9,5,17,35.3,11,13,2,11,3,21,20,0,722,23,55,312,363,101,721,43,18,41.9,22,51.2,428,1867,599,23,8,70,64,519,64,67.1,78.0,9,9,21.0,1,1.64,37,32,5,0.2,-0.2,33.8,26.2,7.6,0.3,0,49,52,9,0,0,1,69,37,68,35.2,FWD,849520.0,exact,849520.0,2025-06-17,35000000.0,849520,2004-09-18,Argentina,2030-06-30,179.0,right,20.28747433264887,65.90013140604468,17.370858648025116,411.5816147978867,Emerging,False,False,False,False,True,ARG,CONMEBOL,False,False,False,True,False,False
Franco Cervi,ar ARG,"FW,MF",Celta Vigo,es La Liga,30.0,1994.0,7,4,273,3.0,0,0,0,0,0,0,1,0,0.0,0.0,0.3,0.3,3,14,21,0.0,0.11,0,0,,0.0,0.0,,,,0,,0.0,0.0,91,132,68.9,1667,587,0.3,-0.3,5,12,2,0,108,24,4,2,0,6,18,2,1,1,0,0,7,5,1.65,5,0,0,0,0,0,0,0.0,8,3,2,6,0,8,37.5,5,4,0,4,8,16,7,0,160,4,37,78,45,1,160,2,1,50.0,1,50.0,82,404,173,2,0,3,2,95,39,8.0,60.0,0,3,11.0,25,1.43,3,6,-3,-0.99,-1.13,2.1,5.2,-3.1,-1.01,0,4,1,0,0,0,0,12,4,6,40.0,FWD,341110.0,exact,341110.0,2025-06-09,800000.0,341110,1994-05-26,Argentina,2026-06-30,166.0,left,30.60369609856263,17.904073587385017,13.592368256649284,936.5862148931775,Declining,False,False,True,False,False,ARG,CONMEBOL,False,False,False,True,False,False
Gabriel Charpentier,cg CGO,FW,Parma,it Serie A,25.0,1999.0,10,0,271,3.0,1,2,3,1,0,0,1,0,1.3,1.3,0.9,2.3,6,7,16,1.0,0.75,9,4,44.4,2.99,1.33,0.11,0.25,17.6,0,0.15,-0.3,-0.3,33,55,60.0,508,188,0.3,1.1,7,3,2,0,51,4,0,1,0,2,2,0,0,0,0,0,4,11,3.64,8,0,0,0,2,1,3,0.99,4,3,2,1,1,4,75.0,1,3,0,3,0,4,9,0,111,7,22,35,58,12,111,6,2,33.3,3,50.0,55,337,138,4,2,16,4,64,27,7.9,,0,10,27.0,0,1.0,5,6,-1,-0.33,0.04,5.9,5.8,0.1,0.04,0,13,10,0,1,0,0,12,9,14,39.1,FWD,660342.0,exact,660342.0,2025-06-17,1300000.0,660342,1999-05-17,Congo,2026-06-30,188.0,right,25.6290212183436,17.904073587385017,14.077875591662238,656.8467286103064,Developing,False,False,False,False,True,CGO,CAF,False,True,False,False,False,False
Walid Cheddira,ma MAR,FW,Espanyol,es La Liga,26.0,1998.0,22,5,640,7.1,1,1,2,1,0,0,3,0,1.0,1.0,1.2,2.2,8,12,34,0.28,0.31,13,4,30.8,1.83,0.56,0.08,0.25,12.7,0,0.08,0.0,0.0,73,103,70.9,1001,248,0.5,-0.2,6,3,1,0,94,9,0,0,0,2,0,0,0,0,0,0,3,20,2.81,10,0,2,4,4,0,5,0.7,5,0,1,1,3,1,0.0,1,4,0,4,1,6,6,0,203,5,21,99,86,33,203,20,4,20.0,14,70.0,108,516,219,6,8,25,9,141,29,18.7,59.0,0,17,20.0,12,1.0,8,9,-1,-0.14,0.18,7.4,11.0,-3.6,-0.51,0,30,27,11,1,0,0,19,15,25,37.5,FWD,521407.0,exact,521407.0,2025-06-09,2500000.0,521407,1998-01-22,Morocco,2026-06-30,187.0,right,26.94318959616701,17.904073587385017,14.731801689838349,725.9354656150022,Peak,False,False,True,False,False,MAR,CAF,False,True,False,False,False,False
Sidiki Cherif,fr FRA,FW,Angers,fr Ligue 1,17.0,2006.0,7,3,324,3.6,0,0,0,0,0,0,0,0,0.7,0.7,0.2,0.9,8,3,16,0.0,0.25,5,2,40.0,1.39,0.56,0.0,0.0,23.4,0,0.15,-0.7,-0.7,33,62,53.2,469,79,0.2,-0.2,2,3,1,1,60,1,0,3,0,4,0,0,0,0,0,1,5,4,1.11,3,0,1,0,0,0,0,0.0,5,5,1,3,1,4,75.0,1,4,1,3,0,5,0,1,107,1,7,50,51,12,107,12,3,25.0,8,66.7,71,404,183,5,3,11,9,78,46,10.6,81.0,1,4,21.0,0,0.86,2,7,-5,-1.39,-0.86,3.9,5.1,-1.3,-0.35,0,4,8,5,0,0,0,10,3,16,15.8,FWD,986288.0,exact_accent_stripped,986288.0,2025-06-03,800000.0,986288,2006-12-15,Guinea,2030-06-30,188.0,right,18.04791238877481,65.90013140604468,13.592368256649284,325.7271415928913,Emerging,False,False,False,True,False,FRA,UEFA,False,False,False,False,False,True
Rayan Cherki,fr FRA,"FW,MF",Lyon,fr Ligue 1,20.0,2003.0,30,22,2041,22.7,8,11,19,8,0,0,3,0,5.0,5.0,11.1,16.1,106,206,184,0.84,0.71,45,19,42.2,1.98,0.84,0.18,0.42,16.8,3,0.11,3.0,3.0,1079,1375,78.5,17006,5140,11.7,-0.1,75,97,77,3,1200,163,31,22,15,118,29,98,26,55,0,12,32,146,6.44,101,21,11,9,4,0,20,0.88,15,12,3,8,4,28,21.4,22,6,0,6,7,22,6,0,1573,6,120,653,826,132,1573,97,48,49.5,43,44.3,1021,6454,3610,91,41,48,43,1234,68,66.7,81.0,8,8,32.0,0,1.77,48,28,20,0.88,0.97,41.2,28.5,12.7,0.56,0,16,34,3,0,0,0,83,4,8,33.3,FWD,607223.0,exact,607223.0,2025-06-03,45000000.0,607223,2003-08-17,France,2030-06-30,177.0,both,21.377138945927445,65.90013140604468,17.622173069956816,456.98206951348794,Emerging,False,False,False,True,False,FRA,UEFA,False,False,False,False,False,True
Samuel Chukwueze,ng NGA,"FW,MF",Milan,it Serie A,25.0,1999.0,26,9,925,10.3,3,2,5,3,0,0,0,0,2.7,2.7,3.0,5.7,48,36,116,0.49,0.56,32,8,25.0,3.11,0.78,0.09,0.38,19.5,0,0.08,0.3,0.3,320,422,75.8,5644,1164,2.4,-1.0,27,18,21,5,384,34,4,4,6,50,13,17,11,1,0,4,9,49,4.77,38,2,6,2,1,0,2,0.19,17,11,7,6,4,19,26.3,14,3,0,3,2,19,9,0,556,8,62,195,307,54,556,47,26,55.3,20,42.6,369,2763,1494,37,20,23,11,406,36,27.0,73.0,1,17,16.0,8,1.46,17,11,6,0.58,0.15,19.1,12.7,6.4,0.63,0,3,10,3,0,0,0,38,6,10,37.5,FWD,401922.0,exact,401922.0,2025-06-17,10000000.0,401922,1999-05-22,Nigeria,2026-06-30,172.0,left,25.61533196440794,17.904073587385017,16.118095750958314,656.1452316468191,Developing,False,False,False,False,True,NGA,CAF,False,True,False,False,False,False
Jack Clarke,eng ENG,"FW,MF",Ipswich Town,eng Premier League,23.0,2000.0,32,12,1181,13.1,0,4,4,0,0,0,2,0,1.2,1.2,2.3,3.5,39,44,57,0.3,0.26,17,2,11.8,1.3,0.15,0.0,0.0,18.9,0,0.07,-1.2,-1.2,302,393,76.8,4942,1242,1.2,1.7,28,27,9,0,372,19,2,1,3,13,8,7,5,0,0,2,18,50,3.81,42,2,3,0,0,3,5,0.38,32,20,11,10,11,34,50.0,17,9,0,9,7,39,29,2,553,24,125,229,215,38,553,50,25,50.0,18,36.0,311,2356,1217,21,12,25,22,338,37,34.5,66.0,1,20,19.0,3,0.59,14,31,-17,-1.3,-0.13,13.0,26.5,-13.5,-1.03,0,15,23,3,0,0,0,75,7,18,28.0,FWD,559794.0,exact,559794.0,2025-05-30,15000000.0,559794,2000-11-23,England,2029-06-30,181.0,right,24.10677618069815,53.90932982917214,16.52356082573315,581.1366578262757,Developing,False,True,False,False,False,ENG,UEFA,False,False,False,False,False,True
Lorenzo Colombo,it ITA,"FW,MF",Empoli,it Serie A,22.0,2002.0,37,26,2233,24.8,6,2,8,5,1,1,5,1,5.9,5.1,2.9,8.0,27,48,116,0.28,0.35,55,18,32.7,2.22,0.73,0.09,0.28,18.1,0,0.09,0.1,-0.1,343,508,67.5,5088,1106,0.9,-0.9,21,25,12,2,472,35,0,3,6,10,3,0,0,0,0,1,16,55,2.21,33,0,5,8,8,1,3,0.12,31,14,7,16,8,21,33.3,14,33,2,31,2,33,16,1,837,18,77,417,355,83,836,50,24,48.0,25,50.0,438,2185,856,28,10,88,52,547,60,65.3,72.0,7,11,33.0,0,0.76,27,36,-9,-0.36,0.93,23.8,31.3,-7.5,-0.3,1,46,41,6,0,0,0,73,53,121,30.5,FWD,487843.0,exact,487843.0,2025-06-17,5000000.0,487843,2002-03-08,Italy,2029-06-30,183.0,left,22.819986310746064,53.90932982917214,15.424948670398354,520.7517752226378,Developing,False,False,False,False,True,ITA,UEFA,False,False,False,False,False,True
Andrea Colpani,it ITA,"FW,MF",Fiorentina,it Serie A,25.0,1999.0,24,17,1432,15.9,2,1,3,2,0,0,1,0,2.7,2.7,1.3,3.9,37,57,129,0.19,0.24,35,12,34.3,2.2,0.75,0.06,0.17,18.5,2,0.07,-0.7,-0.7,376,466,80.7,5907,1206,1.3,-0.3,17,19,15,1,429,34,7,2,6,33,5,22,12,1,0,3,7,43,2.7,34,4,0,4,1,0,5,0.31,15,9,5,7,3,12,33.3,8,7,0,7,8,23,10,0,609,9,62,251,299,49,609,27,12,44.4,13,48.1,395,2413,1094,35,13,26,22,449,60,41.9,74.0,2,7,25.0,2,1.44,25,20,5,0.31,-0.32,22.4,15.2,7.2,0.45,0,21,24,1,0,0,0,46,10,15,40.0,FWD,392959.0,exact,392959.0,2025-06-17,9500000.0,392959,1999-05-11,Italy,2028-06-30,184.0,left,25.645448323066393,41.9185282522996,16.066802461833923,657.6890196910689,Developing,False,False,False,False,True,ITA,UEFA,False,False,False,False,False,True
Kingsley Coman,fr FRA,FW,Bayern Munich,de Bundesliga,28.0,1996.0,28,14,1282,14.2,5,4,9,5,0,0,0,0,4.3,4.3,3.3,7.6,66,45,215,0.63,0.53,44,17,38.6,3.09,1.19,0.11,0.29,16.7,0,0.1,0.7,0.7,624,740,84.3,9720,1512,4.2,0.7,32,26,28,5,718,20,0,0,2,45,9,0,0,0,0,2,13,81,5.68,60,0,14,5,2,0,11,0.77,17,12,6,6,5,12,66.7,4,12,0,12,8,25,15,0,934,13,84,323,537,85,934,74,39,52.7,31,41.9,606,3834,1867,33,28,28,18,733,46,41.9,69.0,2,14,23.0,0,2.57,50,5,45,3.16,2.05,33.9,8.7,25.2,1.77,0,9,12,8,0,0,0,59,11,16,40.7,FWD,243714.0,exact,243714.0,2025-06-05,30000000.0,243714,1996-06-13,France,2028-06-30,181.0,right,28.553045859000683,41.9185282522996,17.216707972959764,815.276427826196,Peak,True,False,False,False,False,FRA,UEFA,False,False,False,False,False,True
Francisco Conceição,pt POR,"FW,MF",Juventus,it Serie A,21.0,2002.0,26,12,1340,14.9,3,3,6,3,0,0,5,1,2.3,2.3,4.3,6.6,95,35,143,0.4,0.45,40,13,32.5,2.69,0.87,0.08,0.23,18.1,1,0.06,0.7,0.7,427,545,78.3,7032,1122,4.4,-1.3,28,16,20,10,513,32,4,0,4,62,10,18,8,3,0,0,21,64,4.3,45,4,10,4,1,0,9,0.6,23,14,6,9,8,30,43.3,17,7,0,7,6,29,6,0,739,11,87,244,425,92,739,79,35,44.3,37,46.8,548,4309,2292,32,59,35,22,581,52,39.2,84.0,4,14,24.0,2,1.81,28,16,12,0.81,0.33,25.6,14.8,10.8,0.73,1,24,36,4,1,0,0,55,2,9,18.2,FWD,487474.0,exact,487474.0,2025-06-17,28000000.0,487474,2002-12-14,Portugal,2030-06-30,166.0,left,22.050650239561943,65.90013140604468,17.147715103853763,486.23117598749315,Developing,False,False,False,False,True,POR,UEFA,False,False,False,False,False,True
Tomás Conechny,ar ARG,"FW,MF",Alavés,es La Liga,26.0,1998.0,22,9,847,9.4,1,0,1,1,0,0,8,0,2.4,2.4,0.3,2.7,14,23,61,0.11,0.29,22,10,45.5,2.34,1.06,0.05,0.1,18.3,2,0.11,-1.4,-1.4,210,329,63.8,3305,1037,0.8,-0.3,7,14,11,8,310,16,0,2,0,31,12,3,0,3,0,3,13,14,1.48,13,0,0,1,0,0,0,0.0,15,12,6,7,2,27,33.3,18,14,2,12,6,21,10,0,457,10,66,197,196,34,457,13,6,46.2,7,53.8,249,1056,413,18,2,31,9,307,39,24.8,64.0,1,13,21.0,9,1.09,11,16,-5,-0.53,-0.36,10.3,11.9,-1.6,-0.17,0,28,11,5,0,0,0,45,23,20,53.5,FWD,401571.0,exact,401571.0,2025-06-09,1800000.0,401571,1998-03-30,Argentina,2029-12-31,176.0,left,26.759753593429156,59.95400788436268,14.403297778421795,716.0844123810447,Peak,False,False,True,False,False,ARG,CONMEBOL,False,False,False,True,False,False
Sirlord Conteh,de GER,"FW,MF",Heidenheim,de Bundesliga,28.0,1996.0,29,4,892,9.9,1,1,2,1,0,0,2,0,2.1,2.1,2.6,4.7,29,19,75,0.2,0.47,13,5,38.5,1.31,0.5,0.08,0.2,15.0,0,0.16,-1.1,-1.1,158,224,70.5,2401,567,1.4,-1.6,14,17,6,2,213,9,0,0,0,20,4,0,0,0,0,2,8,28,2.82,24,0,1,0,3,0,4,0.4,9,5,3,6,0,7,28.6,5,1,1,0,1,10,8,0,301,4,38,120,152,34,301,13,6,46.2,6,46.2,195,1243,705,11,12,23,8,218,31,29.2,58.0,0,25,26.0,4,0.69,14,27,-13,-1.31,-0.73,16.5,24.9,-8.4,-0.85,0,8,11,4,0,0,0,17,16,20,44.4,FWD,307183.0,exact,307183.0,2025-06-05,1500000.0,307183,1996-07-09,Germany,2027-06-30,178.0,right,28.48186173853525,29.894875164257556,14.220976332738882,811.2164480930383,Peak,True,False,False,False,False,GER,UEFA,False,False,False,False,False,True
Ángel Correa,ar ARG,"FW,MF",Atlético Madrid,es La Liga,29.0,1995.0,31,3,805,8.9,4,1,5,4,0,0,3,1,4.5,4.5,2.1,6.6,30,25,85,0.56,0.74,34,14,41.2,3.8,1.57,0.12,0.29,13.9,0,0.13,-0.5,-0.5,206,280,73.6,2697,745,2.2,-1.1,14,19,10,1,266,11,0,1,2,24,1,7,1,1,0,3,14,35,3.92,21,1,4,4,3,2,5,0.56,9,3,4,1,4,15,33.3,10,10,0,10,4,13,8,0,419,4,54,129,243,82,419,38,13,34.2,24,63.2,276,1444,768,20,13,29,16,303,26,23.5,57.0,0,28,23.0,3,2.0,21,5,16,1.79,1.03,18.7,6.4,12.4,1.38,0,18,11,4,0,0,0,40,1,8,11.1,FWD,266807.0,exact,266807.0,2025-06-09,10000000.0,266807,1995-03-09,Argentina,2030-06-30,171.0,right,29.817932922655714,65.90013140604468,16.118095750958314,889.1091237799956,Peak,False,False,True,False,False,ARG,CONMEBOL,False,False,False,True,False,False
Joaquín Correa,ar ARG,"FW,MF",Inter,it Serie A,29.0,1994.0,19,6,731,8.1,2,2,4,2,0,0,3,0,2.1,2.1,2.0,4.1,22,42,45,0.49,0.5,14,6,42.9,1.72,0.74,0.14,0.33,13.3,0,0.15,-0.1,-0.1,310,361,85.9,4766,1089,0.9,0.0,10,24,12,1,353,5,2,5,0,8,2,0,0,0,0,3,14,25,3.07,21,0,2,1,1,0,4,0.49,11,5,4,7,0,13,30.8,9,3,0,3,0,11,6,0,438,5,40,216,188,39,438,10,6,60.0,4,40.0,295,1432,680,17,4,13,5,353,38,21.4,79.0,4,13,20.0,14,2.11,13,7,6,0.74,-0.53,13.4,8.8,4.6,0.56,0,8,14,2,0,0,0,31,6,18,25.0,FWD,227081.0,exact,227081.0,2025-06-17,3000000.0,227081,1994-08-13,Argentina,2027-12-31,188.0,right,30.38740588637919,35.939553219448094,14.914123179965662,923.3944365035527,Declining,False,False,False,False,True,ARG,CONMEBOL,False,False,False,True,False,False
Tanguy Coulibaly,fr FRA,"FW,MF",Montpellier,fr Ligue 1,23.0,2001.0,25,17,1485,16.5,3,0,3,3,0,0,4,2,3.5,3.5,1.3,4.8,48,20,97,0.18,0.31,30,13,43.3,1.82,0.79,0.1,0.23,15.4,0,0.12,-0.5,-0.5,292,372,78.5,3857,626,1.0,-1.3,18,8,5,2,350,22,0,2,0,21,6,4,1,0,0,0,12,45,2.9,26,1,3,6,7,2,3,0.19,32,24,13,15,4,33,42.4,19,18,2,16,11,43,3,1,583,7,95,228,272,65,583,54,29,53.7,20,37.0,328,2483,1195,26,20,51,31,370,59,48.5,79.0,7,8,19.0,2,0.48,10,39,-29,-1.76,-0.21,13.9,29.0,-15.2,-0.98,1,45,21,3,0,1,0,70,19,23,45.2,FWD,618425.0,exact,618425.0,2025-06-03,1500000.0,618425,2001-02-18,France,2028-06-30,179.0,left,23.86858316221766,41.9185282522996,14.220976332738882,569.7092621717004,Developing,False,False,False,True,False,FRA,UEFA,False,False,False,False,False,True
Juan Cruz,es ESP,"FW,MF",Leganés,es La Liga,24.0,2000.0,34,26,2257,25.1,5,4,9,5,0,0,2,0,2.7,2.7,4.1,6.9,59,66,131,0.36,0.27,33,14,42.4,1.32,0.56,0.15,0.36,21.0,1,0.08,2.3,2.3,488,716,68.2,7691,2934,3.7,-0.1,24,34,32,14,616,93,16,9,2,92,59,17,10,4,0,7,27,51,2.03,34,6,2,5,2,2,6,0.24,32,19,14,16,2,35,48.6,18,18,2,16,13,45,31,0,951,23,176,381,413,41,951,78,40,51.3,32,41.0,543,3461,1661,43,21,40,24,570,66,66.0,78.0,10,8,28.0,4,0.97,27,36,-9,-0.36,0.26,24.3,38.7,-14.4,-0.57,0,14,23,7,0,0,0,109,15,19,44.1,FWD,585700.0,exact_birthyear_corrected,585700.0,2025-06-09,5000000.0,585700,2000-04-25,Spain,2029-06-30,180.0,left,24.687200547570157,53.90932982917214,15.424948670398354,609.4578708759483,Developing,False,False,True,False,False,ESP,UEFA,False,False,False,False,False,True
Patrick Cutrone,it ITA,FW,Como,it Serie A,26.0,1998.0,33,23,2047,22.7,7,4,11,7,0,1,1,0,7.1,6.3,2.1,8.4,53,31,155,0.48,0.41,69,26,37.7,3.03,1.14,0.1,0.27,15.9,0,0.09,-0.1,0.7,336,478,70.3,4423,668,2.1,1.9,19,16,10,2,423,51,0,0,2,30,2,0,0,0,0,4,19,49,2.15,33,0,1,10,3,2,6,0.26,16,11,0,10,6,14,50.0,7,11,0,11,5,21,7,0,692,5,28,281,388,119,691,24,9,37.5,12,50.0,445,2251,1067,16,26,62,26,508,62,59.9,77.0,5,10,27.0,5,1.09,27,31,-4,-0.18,-0.24,26.9,26.4,0.5,0.02,0,23,28,20,1,0,0,54,23,66,25.8,FWD,265078.0,exact,265078.0,2025-06-17,6000000.0,265078,1998-01-03,Italy,2026-06-30,183.0,right,26.99520876112252,17.904073587385017,15.607270193858982,728.7412960565861,Peak,False,False,False,False,True,ITA,UEFA,False,False,False,False,False,True
Tomáš Čvančara,cz CZE,FW,Gladbach,de Bundesliga,23.0,2000.0,28,7,831,9.2,2,0,2,2,0,0,5,1,3.8,3.8,0.9,4.7,15,23,50,0.22,0.51,24,9,37.5,2.6,0.97,0.08,0.22,13.9,0,0.16,-1.8,-1.8,171,239,71.5,2503,517,0.5,-0.9,6,13,8,2,229,9,1,0,1,15,6,0,0,0,0,1,8,15,1.62,13,0,0,1,1,0,1,0.11,4,1,3,1,0,7,28.6,5,6,3,3,5,9,17,0,336,19,47,152,138,36,336,17,6,35.3,9,52.9,185,899,352,7,5,18,6,235,30,27.2,76.0,2,21,14.0,5,1.25,12,21,-9,-0.97,-1.26,13.4,21.6,-8.3,-0.89,1,11,6,1,0,0,0,23,13,16,44.8,FWD,544148.0,exact_accent_stripped,544148.0,2025-06-05,3000000.0,544148,2000-08-13,Czech Republic,2026-06-30,190.0,right,24.386036960985628,17.904073587385017,14.914123179965662,594.6787986625571,Developing,True,False,False,False,False,CZE,UEFA,False,False,False,False,False,True
Thijs Dallinga,nl NED,FW,Bologna,it Serie A,23.0,2000.0,31,11,1154,12.8,3,2,5,3,0,0,1,0,4.3,4.3,0.6,4.9,9,17,84,0.39,0.38,31,11,35.5,2.42,0.86,0.1,0.27,11.6,0,0.14,-1.3,-1.3,210,293,71.7,2944,450,0.7,1.4,12,14,4,0,278,15,0,0,1,3,0,0,0,0,0,0,13,27,2.11,20,0,0,3,3,1,5,0.39,10,5,0,4,6,3,100.0,0,10,1,9,1,11,13,1,439,15,28,199,214,65,439,11,2,18.2,9,81.8,243,1033,213,6,8,42,22,343,37,33.7,73.0,2,20,18.0,7,1.68,19,15,4,0.31,0.07,15.9,10.4,5.5,0.43,0,24,17,8,1,0,0,35,41,36,53.2,FWD,538964.0,exact,538964.0,2025-06-17,12000000.0,538964,2000-08-03,Netherlands,2028-06-30,190.0,right,24.413415468856947,41.9185282522996,16.300417291085605,596.0148548550236,Developing,False,False,False,False,True,NED,UEFA,False,False,False,False,False,True
Arnaut Danjuma,nl NED,"FW,MF",Girona,es La Liga,27.0,1997.0,25,15,1335,14.8,2,0,2,2,0,0,2,0,3.6,3.6,1.7,5.3,91,41,185,0.13,0.35,30,14,46.7,2.02,0.94,0.07,0.14,16.0,1,0.12,-1.6,-1.6,318,438,72.6,5448,1472,2.3,-1.7,22,17,24,8,391,44,2,1,2,76,6,30,21,6,0,3,23,40,2.7,26,6,5,2,1,0,0,0.0,8,6,3,3,2,7,28.6,5,5,1,4,2,10,4,0,588,9,60,144,389,81,588,67,24,35.8,35,52.2,394,3594,2010,42,38,33,11,441,53,39.0,72.0,5,10,25.0,5,0.96,11,26,-15,-1.01,-0.97,14.2,21.3,-7.2,-0.48,0,16,16,14,0,1,0,40,1,3,25.0,FWD,355861.0,exact,355861.0,2025-06-09,4000000.0,355861,1997-01-31,Netherlands,2028-06-30,178.0,right,27.917864476386036,41.9185282522996,15.201805169084134,779.4071569218573,Peak,False,False,True,False,False,NED,UEFA,False,False,False,False,False,True
Jonathan David,ca CAN,FW,Lille,fr Ligue 1,24.0,2000.0,32,28,2554,28.4,16,5,21,10,6,7,4,0,16.2,10.7,4.4,15.1,40,65,184,0.53,0.73,66,28,42.4,2.33,0.99,0.15,0.36,15.3,0,0.16,-0.2,-0.7,563,686,82.1,7502,1225,3.2,0.6,36,29,26,0,646,38,1,4,3,4,2,0,0,0,0,2,24,74,2.61,59,0,4,6,5,0,8,0.28,24,8,3,12,9,21,42.9,12,13,2,11,7,31,10,1,952,16,56,396,507,145,945,42,20,47.6,20,47.6,518,2432,1154,25,20,68,40,717,80,83.5,86.0,20,4,33.0,0,1.78,46,26,20,0.7,1.42,44.6,33.3,11.3,0.4,0,25,36,10,1,0,0,66,16,42,27.6,FWD,533738.0,exact,533738.0,2025-06-03,45000000.0,533738,2000-01-14,Canada,2030-06-30,178.0,both,24.966461327857633,65.90013140604468,17.622173069956816,623.3241912354107,Developing,False,False,False,True,False,CAN,CONCACAF,False,False,True,False,False,False
Keinan Davis,eng ENG,FW,Udinese,it Serie A,26.0,1998.0,23,10,1066,11.8,2,1,3,2,0,0,2,0,2.9,2.9,2.1,5.0,26,22,77,0.25,0.42,29,11,37.9,2.45,0.93,0.07,0.18,12.7,0,0.1,-0.9,-0.9,208,275,75.6,3083,415,0.7,-1.1,20,13,8,0,255,19,1,0,2,3,0,0,0,0,0,1,1,35,2.95,27,0,4,3,0,1,2,0.17,9,4,1,4,4,6,50.0,3,2,1,1,1,10,5,0,404,5,19,195,194,67,404,35,17,48.6,18,51.4,231,1575,605,12,16,33,25,325,46,31.2,81.0,4,13,20.0,2,1.09,10,20,-10,-0.84,-0.65,11.0,16.4,-5.4,-0.46,0,24,12,8,0,0,0,34,37,40,48.1,FWD,412660.0,exact,412660.0,2025-06-17,3400000.0,412660,1998-02-13,England,2027-06-30,189.0,left,26.882956878850102,29.894875164257556,15.039286283703994,722.693370550114,Peak,False,False,False,False,True,ENG,UEFA,False,False,False,False,False,True
Zuriko Davitashvili,ge GEO,"FW,MF",Saint-Étienne,fr Ligue 1,23.0,2001.0,33,32,2778,30.9,9,8,17,7,2,2,3,0,8.1,6.6,4.7,11.3,95,73,224,0.49,0.43,68,24,35.3,2.2,0.78,0.1,0.29,19.4,5,0.1,0.9,0.4,737,938,78.6,10639,2497,5.5,3.3,50,38,23,4,799,134,40,6,1,85,16,68,13,34,0,5,22,115,3.85,55,23,16,13,8,0,15,0.5,22,14,9,7,6,49,30.6,34,20,0,20,14,36,14,0,1298,17,138,478,710,123,1296,123,46,37.4,71,57.7,764,5467,2388,56,47,74,57,905,84,90.8,85.0,20,1,45.0,0,0.82,35,68,-33,-1.07,0.53,32.9,65.0,-32.2,-1.08,0,20,40,5,2,0,0,117,14,47,23.0,FWD,427572.0,exact,427572.0,2025-06-03,10000000.0,427572,2001-02-15,Georgia,2028-06-30,175.0,right,23.876796714579054,41.9185282522996,16.118095750958314,570.1014213493331,Developing,False,False,False,True,False,GEO,UEFA,False,False,False,False,False,True
Bobby De Cordova-Reid,jm JAM,FW,Leicester City,eng Premier League,31.0,1993.0,23,9,744,8.3,1,2,3,1,0,0,2,0,0.8,0.8,1.2,2.0,14,15,48,0.36,0.24,7,3,42.9,0.85,0.36,0.14,0.33,25.1,0,0.11,0.2,0.2,145,206,70.4,1883,587,0.2,0.8,6,9,5,0,198,8,1,0,0,15,6,0,0,0,0,0,15,13,1.57,8,0,0,3,2,0,3,0.36,9,4,3,6,0,14,28.6,10,6,1,5,0,9,10,0,272,15,49,114,109,16,272,10,0,0.0,8,80.0,174,816,389,5,6,11,10,188,32,21.8,67.0,0,14,10.0,9,0.65,9,17,-8,-0.97,0.34,7.1,14.6,-7.5,-0.9,0,9,9,4,1,0,0,29,6,14,30.0,FWD,186186.0,exact,186186.0,2025-05-30,2500000.0,186186,1993-02-02,Jamaica,2027-06-30,170.0,right,31.912388774811774,29.894875164257556,14.731801689838349,1018.4005573147325,Declining,False,True,False,False,False,JAM,CONCACAF,False,False,True,False,False,False
Romain Del Castillo,fr FRA,FW,Brest,fr Ligue 1,28.0,1996.0,26,14,1259,14.0,6,4,10,3,3,4,0,0,4.7,1.5,3.4,4.9,29,61,106,0.5,0.58,17,8,47.1,1.22,0.57,0.18,0.38,19.7,0,0.09,1.3,1.5,480,688,69.8,8019,2803,4.1,0.6,37,44,26,11,592,92,34,3,7,103,17,39,17,19,0,4,27,67,4.79,33,24,2,3,4,1,9,0.64,31,22,9,13,9,32,59.4,13,16,0,16,6,37,5,0,840,6,69,392,393,41,836,44,19,43.2,25,56.8,438,2190,951,26,7,36,17,565,48,41.1,73.0,2,12,20.0,0,1.35,19,29,-10,-0.71,-0.86,17.8,24.9,-7.1,-0.51,0,11,17,0,0,0,0,73,8,12,40.0,FWD,353399.0,exact,353399.0,2025-06-03,7000000.0,353399,1996-03-29,France,2027-06-30,172.0,left,28.761122518822724,29.894875164257556,15.76142084987672,827.2021685427316,Peak,False,False,False,True,False,FRA,UEFA,False,False,False,False,False,True
Liam Delap,eng ENG,FW,Ipswich Town,eng Premier League,21.0,2003.0,37,32,2593,28.8,12,2,14,10,2,2,12,0,9.3,7.8,1.9,9.7,61,30,110,0.42,0.39,66,29,43.9,2.29,1.01,0.15,0.34,16.0,0,0.12,2.7,2.2,219,357,61.3,3011,657,1.4,0.1,21,17,6,0,350,5,0,8,1,5,2,0,0,0,0,2,16,62,2.15,28,0,12,7,13,2,7,0.24,11,8,3,3,5,15,13.3,13,8,0,8,2,13,28,0,682,29,78,291,335,92,680,86,40,46.5,37,43.0,445,3283,1586,46,30,104,60,537,70,75.8,78.0,3,5,18.0,0,0.59,25,58,-33,-1.15,0.27,25.7,52.1,-26.5,-0.92,0,72,51,14,2,0,0,68,55,74,42.6,FWD,610849.0,exact,610849.0,2025-05-30,40000000.0,610849,2003-02-08,England,2031-06-30,186.0,right,21.897330595482547,77.8909329829172,17.50439003707821,479.49308720785604,Emerging,False,True,False,False,False,ENG,UEFA,False,False,False,False,False,True
Andy Delort,dz ALG,FW,Montpellier,fr Ligue 1,32.0,1991.0,9,8,607,6.7,0,0,0,0,0,0,1,0,1.3,1.3,0.9,2.2,4,6,20,0.0,0.38,17,6,35.3,2.52,0.89,0.0,0.0,15.7,0,0.08,-1.3,-1.3,54,110,49.1,650,179,0.5,-0.9,7,5,2,2,104,5,0,0,0,11,1,0,0,0,0,1,7,12,2.09,9,0,1,1,1,0,1,0.17,4,3,1,2,1,2,50.0,1,3,1,2,0,4,3,0,171,4,12,69,91,24,171,5,3,60.0,2,40.0,90,342,172,2,2,16,8,130,67,19.8,73.0,2,1,25.0,0,0.0,1,17,-16,-2.37,-0.9,5.4,10.6,-5.2,-0.9,0,11,12,10,0,0,0,9,27,33,45.0,FWD,122797.0,exact,122797.0,2025-06-03,1500000.0,122797,1991-10-09,Algeria,,181.0,right,33.23203285420944,,14.220976332738882,1104.3680076232558,Declining,False,False,False,True,False,ALG,CAF,False,True,False,False,False,False
Ousmane Dembélé,fr FRA,FW,Paris S-G,fr Ligue 1,27.0,1997.0,29,20,1730,19.2,21,6,27,20,1,1,1,0,16.6,15.8,8.2,24.0,127,137,252,1.35,1.29,96,49,51.0,4.99,2.55,0.21,0.41,16.0,0,0.16,4.4,4.2,844,1068,79.0,13453,3685,7.2,-2.2,63,93,55,3,986,74,9,13,10,80,3,48,14,16,0,8,36,110,5.72,75,16,9,6,3,1,15,0.78,11,5,0,7,4,12,33.3,8,3,0,3,9,20,2,1,1323,2,47,481,805,161,1322,95,42,44.2,51,53.7,878,6064,3447,87,66,41,32,1127,60,56.5,75.0,5,9,25.0,1,2.48,56,16,40,2.08,0.93,51.9,16.6,35.2,1.83,0,8,14,9,1,0,0,39,4,6,40.0,FWD,288230.0,exact,288230.0,2025-06-03,90000000.0,288230,1997-05-15,France,2028-06-30,179.0,both,27.633127994524298,41.9185282522996,18.31532023940565,763.5897627617625,Peak,False,False,False,True,False,FRA,UEFA,False,False,False,False,False,True
Ermedin Demirović,ba BIH,FW,Stuttgart,de Bundesliga,26.0,1998.0,34,20,1855,20.6,15,1,16,15,0,2,2,0,14.1,12.4,1.9,14.3,20,31,115,0.78,0.78,64,27,42.2,3.11,1.31,0.23,0.56,11.3,0,0.19,0.9,2.6,258,367,70.3,2971,645,1.7,-0.9,18,15,10,0,349,15,0,3,0,3,0,0,0,0,0,3,11,47,2.28,35,0,2,7,3,0,7,0.34,12,7,3,4,5,12,25.0,9,14,3,11,3,15,12,0,582,10,45,239,301,126,580,25,5,20.0,19,76.0,305,1388,586,16,9,39,27,437,55,60.6,79.0,6,14,20.0,0,1.47,40,33,7,0.34,0.04,37.9,28.1,9.9,0.48,0,24,27,17,0,0,0,33,34,47,42.0,FWD,335457.0,exact_accent_stripped,335457.0,2025-06-05,22000000.0,335457,1998-03-25,Bosnia-Herzegovina,2028-06-30,185.0,right,26.77344284736482,41.9185282522996,16.906553056777135,716.8172419011104,Peak,True,False,False,False,False,BIH,UEFA,False,False,False,False,False,True
Mamadou Diakhon,fr FRA,"FW,MF",Reims,fr Ligue 1,18.0,2005.0,28,5,858,9.5,2,1,3,2,0,0,2,0,1.0,1.0,1.1,2.2,61,17,77,0.31,0.23,18,8,44.4,1.89,0.84,0.11,0.25,19.2,2,0.06,1.0,1.0,198,257,77.0,3478,420,0.6,-0.1,13,5,6,3,247,9,2,1,3,33,5,1,0,0,0,1,10,37,3.88,20,1,4,5,6,1,2,0.21,12,8,4,3,5,18,50.0,9,5,1,4,4,16,5,0,379,8,42,137,217,46,379,61,25,41.0,31,50.8,288,3150,1568,37,32,29,13,299,31,28.0,72.0,1,23,22.0,4,0.79,7,9,-2,-0.21,0.28,11.6,11.1,0.4,0.05,0,5,22,0,1,0,0,38,1,13,7.1,FWD,1054839.0,exact,1054839.0,2025-06-03,3000000.0,1054839,2005-09-22,Senegal,2029-06-30,180.0,right,19.277207392197127,53.90932982917214,14.914123179965662,371.61072484177953,Emerging,False,False,False,True,False,FRA,UEFA,False,False,False,False,False,True
Oumar Diakité,ci CIV,FW,Reims,fr Ligue 1,20.0,2003.0,26,20,1628,18.1,4,1,5,4,0,1,6,0,5.5,4.7,1.1,5.8,24,44,93,0.28,0.36,26,9,34.6,1.44,0.5,0.15,0.44,12.1,0,0.18,-1.5,-0.7,291,354,82.2,4122,691,1.2,-0.1,11,22,12,2,317,34,1,1,2,7,1,0,0,0,0,3,10,39,2.16,29,0,2,5,3,0,4,0.22,20,13,7,8,5,19,47.4,10,13,2,11,3,23,9,0,580,13,73,282,239,57,579,57,20,35.1,35,61.4,319,1848,728,20,4,64,38,397,63,53.2,73.0,1,6,28.0,3,0.88,20,26,-6,-0.33,0.17,21.4,30.3,-8.9,-0.49,0,27,25,11,0,0,0,59,25,59,29.8,FWD,847279.0,exact,847279.0,2025-06-03,6000000.0,847279,2003-12-20,Cote d'Ivoire,2026-06-30,182.0,right,21.034907597535934,17.904073587385017,15.607270193858982,442.46733763687496,Emerging,False,False,False,True,False,CIV,CAF,False,True,False,False,False,False
Assane Diao,sn SEN,"FW,MF",Como,it Serie A,18.0,2005.0,15,14,1252,13.9,8,1,9,8,0,0,2,0,4.0,4.0,0.4,4.4,50,36,116,0.65,0.31,28,13,46.4,2.01,0.93,0.29,0.62,15.5,0,0.14,4.0,4.0,241,304,79.3,3311,698,0.6,0.6,8,13,13,0,295,7,3,0,0,12,3,1,0,0,0,2,22,31,2.23,21,0,4,3,3,0,4,0.29,25,14,9,10,6,28,42.9,16,8,1,7,3,28,19,0,523,16,65,191,273,58,523,72,19,26.4,35,48.6,376,2757,1349,33,27,50,38,396,83,36.6,84.0,6,1,71.0,0,1.4,23,15,8,0.58,1.03,15.9,13.1,2.8,0.2,0,20,49,6,0,0,0,41,16,34,32.0,FWD,1061282.0,exact,1061282.0,2025-06-17,30000000.0,1061282,2005-09-07,Senegal,2029-06-30,185.0,right,19.318275154004105,53.90932982917214,17.216707972959764,373.19575492581237,Emerging,False,False,False,False,True,SEN,CAF,False,True,False,False,False,False
Assane Diao,sn SEN,FW,Betis,es La Liga,18.0,2005.0,10,2,277,3.1,1,2,3,1,0,0,0,0,0.8,0.8,1.5,2.3,9,1,27,0.97,0.75,7,1,14.3,2.27,0.32,0.14,1.0,14.4,0,0.11,0.2,0.2,49,66,74.2,626,139,0.6,0.5,8,2,1,1,61,5,0,0,0,4,2,0,0,0,0,0,4,7,2.28,6,0,0,1,0,0,2,0.65,5,3,1,3,1,9,44.4,5,3,0,3,0,5,3,0,122,4,12,42,68,19,122,11,2,18.2,9,81.8,63,372,145,3,3,15,2,81,28,8.1,62.0,0,8,19.0,8,1.6,3,4,-1,-0.32,-0.55,4.6,6.5,-1.9,-0.61,0,4,4,2,0,0,0,12,8,6,57.1,FWD,1061282.0,exact,1061282.0,2025-06-17,30000000.0,1061282,2005-09-07,Senegal,2029-06-30,185.0,right,19.318275154004105,53.90932982917214,17.216707972959764,373.19575492581237,Emerging,False,False,True,False,False,SEN,CAF,False,True,False,False,False,False
Brahim Díaz,ma MAR,"FW,MF",Real Madrid,es La Liga,24.0,1999.0,31,16,1385,15.4,4,2,6,4,0,0,0,0,5.3,5.3,3.3,8.6,39,74,110,0.39,0.56,28,15,53.6,1.82,0.97,0.14,0.27,12.6,0,0.19,-1.3,-1.3,573,660,86.8,7322,1909,2.3,-1.3,23,56,19,0,635,19,10,8,1,8,8,0,0,0,0,6,13,56,3.64,43,0,6,5,1,1,12,0.78,25,19,9,13,3,19,36.8,12,16,1,15,4,29,2,1,833,5,76,417,350,66,833,47,24,51.1,19,40.4,541,2501,1223,16,12,44,27,669,45,40.5,68.0,5,15,20.0,0,2.1,43,16,27,1.75,1.18,37.1,19.4,17.7,1.15,0,14,34,1,0,0,0,54,3,14,17.6,FWD,314678.0,exact,314678.0,2025-06-09,40000000.0,314678,1999-08-03,Morocco,2027-06-30,170.0,both,25.415468856947296,29.894875164257556,17.50439003707821,645.9460572184579,Developing,False,False,True,False,False,MAR,CAF,False,True,False,False,False,False
Luis Díaz,co COL,FW,Liverpool,eng Premier League,27.0,1997.0,36,28,2399,26.7,13,5,18,13,0,0,2,0,12.0,12.0,5.0,17.1,108,110,293,0.68,0.64,71,30,42.3,2.66,1.13,0.18,0.43,13.4,0,0.17,1.0,1.0,736,874,84.2,11789,2533,4.5,0.0,56,48,46,6,855,17,2,2,9,32,14,1,0,0,0,2,24,117,4.39,88,0,16,9,4,0,16,0.6,39,26,13,20,6,39,38.5,24,19,0,19,7,46,7,1,1184,17,90,409,706,167,1184,116,53,45.7,51,44.0,780,5710,2960,55,56,55,49,933,67,70.1,79.0,7,8,24.0,2,2.25,67,21,46,1.73,1.81,61.2,24.9,36.2,1.36,0,48,31,10,2,0,0,105,13,38,25.5,FWD,480692.0,exact,480692.0,2025-05-30,70000000.0,480692,1997-01-13,Colombia,2029-06-30,179.0,right,27.967145790554415,53.90932982917214,18.064005814299346,782.1612436701256,Peak,False,True,False,False,False,COL,CONMEBOL,False,False,False,True,False,False
Tyler Dibling,eng ENG,"FW,MF",Southampton,eng Premier League,18.0,2006.0,33,20,1874,20.8,2,0,2,2,0,0,6,0,2.5,2.5,1.5,4.1,69,64,96,0.1,0.2,28,9,32.1,1.34,0.43,0.07,0.22,19.3,0,0.09,-0.5,-0.5,504,620,81.3,7544,1553,1.5,-1.5,20,27,20,1,585,32,4,8,3,28,3,11,8,0,0,3,17,56,2.69,34,1,11,5,5,0,4,0.19,34,20,13,18,3,26,61.5,10,19,5,14,8,42,16,1,868,27,129,390,369,41,868,110,45,40.9,43,39.1,558,4418,2215,50,26,44,55,651,57,54.8,76.0,8,13,27.0,1,0.27,16,50,-34,-1.63,-0.12,19.5,48.5,-28.9,-1.39,0,30,50,2,2,0,0,80,10,25,28.6,FWD,866655.0,exact,866655.0,2025-05-30,25000000.0,866655,2006-02-17,England,2029-06-30,178.0,left,18.872005475701574,53.90932982917214,17.034386422832473,356.1525906749102,Emerging,False,True,False,False,False,ENG,UEFA,False,False,False,False,False,True
Bamba Dieng,sn SEN,FW,Angers,fr Ligue 1,24.0,2000.0,18,5,532,5.9,3,0,3,2,1,1,1,0,3.1,2.3,0.0,2.4,6,7,35,0.34,0.53,13,6,46.2,2.2,1.02,0.15,0.33,18.5,2,0.18,-0.1,-0.3,80,103,77.7,931,140,0.2,0.0,1,2,3,1,99,4,0,2,0,5,0,1,0,1,0,0,2,6,1.02,4,0,1,0,1,0,1,0.17,4,1,1,2,1,2,0.0,2,2,0,2,0,4,3,0,157,3,14,58,86,24,156,14,2,14.3,11,78.6,96,419,194,5,3,11,10,135,30,17.4,67.0,1,13,15.0,3,0.89,8,10,-2,-0.34,0.34,7.6,11.0,-3.3,-0.56,0,9,13,4,1,0,0,5,9,24,27.3,FWD,822458.0,exact,822458.0,2025-06-03,3000000.0,822458,2000-03-23,Senegal,2026-06-30,178.0,right,24.777549623545518,17.904073587385017,14.914123179965662,613.9269653472606,Developing,False,False,False,True,False,SEN,CAF,False,True,False,False,False,False
Álvaro djaló,es ESP,FW,Athletic Club,es La Liga,24.0,1999.0,17,7,659,7.3,1,0,1,1,0,0,2,0,0.8,0.8,0.9,1.7,22,13,60,0.14,0.23,15,3,20.0,2.05,0.41,0.07,0.33,18.5,0,0.06,0.2,0.2,85,128,66.4,1303,335,0.6,-0.9,4,6,6,4,123,4,0,0,4,14,1,0,0,0,0,1,3,12,1.64,5,0,1,1,5,0,1,0.14,8,5,3,2,3,3,33.3,2,4,0,4,1,9,4,0,230,3,26,77,134,25,230,36,14,38.9,17,47.2,151,986,562,23,6,29,13,177,39,19.3,58.0,0,10,25.0,12,1.76,7,6,1,0.14,-0.65,8.1,7.8,0.3,0.04,0,19,14,5,0,0,0,28,10,19,34.5,FWD,671649.0,fuzzy_verified,671649.0,2025-06-09,5000000.0,671649,1999-08-16,Guinea-Bissau,2026-06-30,175.0,right,25.37987679671458,17.904073587385017,15.424948670398354,644.1381462164111,Developing,False,False,True,False,False,ESP,UEFA,False,False,False,False,False,True
Ritsu Doan,jp JPN,"FW,MF",Freiburg,de Bundesliga,26.0,1998.0,34,33,2862,31.8,10,7,17,10,0,0,2,0,6.6,6.6,3.7,10.3,64,130,178,0.53,0.32,61,21,34.4,1.92,0.66,0.16,0.48,16.7,1,0.12,3.4,3.4,783,1090,71.8,12072,4302,5.9,3.3,27,70,48,15,1064,23,4,12,5,80,10,9,8,1,0,3,42,111,3.49,68,2,14,9,15,3,16,0.5,66,42,33,26,7,46,54.3,21,57,2,55,14,80,47,1,1537,40,215,665,679,108,1537,127,56,44.1,59,46.5,827,4440,2089,54,26,58,62,1031,84,93.5,86.0,18,1,33.0,0,1.62,48,47,1,0.03,2.3,42.1,40.4,1.7,0.05,0,27,56,8,1,1,0,133,16,36,30.8,FWD,358504.0,exact,358504.0,2025-06-05,25000000.0,358504,1998-06-16,Japan,2030-06-30,172.0,left,26.546201232032853,65.90013140604468,17.034386422832473,704.7007998515826,Peak,True,False,False,False,False,JPN,AFC,True,False,False,False,False,False
Jeremy Doku,be BEL,"FW,MF",Manchester City,eng Premier League,22.0,2002.0,29,16,1516,16.8,3,6,9,3,0,0,1,0,1.3,1.3,4.8,6.1,213,69,286,0.53,0.36,29,9,31.0,1.72,0.53,0.1,0.33,17.7,0,0.05,1.7,1.7,603,762,79.1,8464,1506,3.8,1.2,32,12,48,6,757,3,0,8,0,59,1,2,0,0,0,2,30,79,4.69,60,1,13,1,3,1,14,0.83,31,22,9,12,10,15,53.3,7,11,1,10,4,35,2,0,1027,4,46,233,772,161,1027,201,107,53.2,60,29.9,796,7581,4865,95,109,59,59,854,52,44.3,81.0,6,13,17.0,4,1.9,34,14,20,1.19,0.81,33.5,14.4,19.1,1.13,0,10,33,5,0,0,0,63,0,12,0.0,FWD,486049.0,exact_accent_stripped,486049.0,2025-05-30,50000000.0,486049,2002-05-27,Belgium,2028-06-30,173.0,right,22.600958247775495,41.9185282522996,17.72753358339242,510.80331371769114,Developing,False,True,False,False,False,BEL,UEFA,False,False,False,False,False,True
Marc Domenech,es ESP,"FW,MF",Mallorca,es La Liga,18.0,2006.0,10,3,303,3.4,0,0,0,0,0,0,0,0,0.7,0.7,0.2,0.9,1,4,21,0.0,0.27,8,2,25.0,2.38,0.59,0.0,0.0,15.2,0,0.09,-0.7,-0.7,34,49,69.4,465,132,0.3,-0.2,5,0,4,2,49,0,0,0,0,4,0,0,0,0,0,0,1,7,2.09,5,0,0,2,0,0,0,0.0,4,4,2,1,1,5,40.0,3,2,0,2,0,4,2,0,84,2,11,26,49,13,84,2,1,50.0,1,50.0,42,148,62,2,0,11,3,51,30,8.9,59.0,0,7,18.0,12,0.6,2,2,0,0.0,0.26,2.9,5.1,-2.2,-0.66,0,5,1,0,0,0,0,8,8,7,53.3,FWD,1296876.0,exact_accent_stripped,1296876.0,2025-06-09,1000000.0,1296876,2006-12-01,Spain,2026-06-30,182.0,left,18.086242299794662,17.904073587385017,13.815511557963774,327.1121605268817,Emerging,False,False,True,False,False,ESP,UEFA,False,False,False,False,False,True
Benjamín Domínguez,ar ARG,FW,Bologna,it Serie A,20.0,2003.0,24,16,1281,14.2,3,2,5,3,0,0,0,0,2.2,2.2,0.8,3.1,50,32,123,0.35,0.21,30,17,56.7,2.11,1.19,0.1,0.18,19.2,0,0.07,0.8,0.8,272,348,78.2,3724,625,0.9,1.2,10,12,13,1,340,5,0,2,0,11,5,0,0,0,0,3,17,41,2.88,30,0,5,1,4,1,7,0.49,18,7,2,11,5,20,30.0,14,15,1,14,4,22,7,0,555,6,34,200,335,55,555,74,28,37.8,41,55.4,396,2428,1263,26,23,45,33,420,53,37.5,71.0,1,8,17.0,11,1.71,22,16,6,0.42,0.25,19.7,13.2,6.5,0.46,0,10,31,4,0,0,0,62,2,21,8.7,FWD,961022.0,fuzzy_verified,961022.0,2025-06-17,15000000.0,961022,2003-09-19,Argentina,2029-06-30,172.0,right,21.286789869952088,53.90932982917214,16.52356082573315,453.12742296749485,Emerging,False,False,False,False,True,ARG,CONMEBOL,False,False,False,True,False,False
Désiré Doué,fr FRA,"FW,MF",Paris S-G,fr Ligue 1,19.0,2005.0,31,18,1730,19.2,6,6,12,6,0,0,1,0,5.1,5.1,7.8,13.0,97,139,232,0.62,0.67,55,20,36.4,2.86,1.04,0.11,0.3,17.9,0,0.09,0.9,0.9,933,1133,82.3,13916,3351,5.7,-1.8,55,83,51,16,1066,66,11,8,7,78,24,23,8,5,1,1,21,109,5.66,84,1,14,4,5,1,24,1.25,48,30,15,19,14,51,47.1,27,26,0,26,13,61,7,0,1461,4,137,646,701,123,1461,129,57,44.2,61,47.3,899,5730,3076,50,47,54,37,1164,56,56.5,75.0,5,13,29.0,1,2.48,51,21,30,1.56,-0.27,49.2,17.5,31.6,1.64,0,28,44,1,2,0,0,93,8,10,44.4,FWD,914562.0,exact,914562.0,2025-06-03,90000000.0,914562,2005-06-03,France,2029-06-30,181.0,right,19.581108829568787,53.90932982917214,18.31532023940565,383.4198229954167,Emerging,False,False,False,True,False,FRA,UEFA,False,False,False,False,False,True
Anastasios Douvikas,gr GRE,FW,Como,it Serie A,24.0,1999.0,13,6,580,6.4,2,2,4,2,0,0,1,0,2.5,2.5,1.1,3.7,8,6,36,0.62,0.57,14,5,35.7,2.17,0.78,0.14,0.4,12.4,0,0.18,-0.5,-0.5,81,106,76.4,1004,150,0.7,0.9,9,6,1,0,92,14,0,1,0,2,1,0,0,0,0,0,4,19,2.95,15,0,2,1,1,0,1,0.16,3,2,0,3,0,4,25.0,3,3,0,3,1,4,3,0,182,2,13,73,99,34,182,9,5,55.6,4,44.4,113,498,174,8,8,25,12,134,45,17.0,72.0,2,7,21.0,1,1.85,10,8,2,0.31,0.47,10.1,9.0,1.2,0.18,0,13,17,1,0,0,0,11,8,19,29.6,FWD,523318.0,exact,523318.0,2025-06-17,10000000.0,523318,1999-08-02,Greece,2029-06-30,186.0,right,25.418206707734427,53.90932982917214,16.118095750958314,646.0852322371154,Developing,False,False,False,False,True,GRE,UEFA,False,False,False,False,False,True
Anastasios Douvikas,gr GRE,FW,Celta Vigo,es La Liga,24.0,1999.0,20,6,700,7.8,3,1,4,3,0,0,2,0,4.4,4.4,0.2,4.7,6,6,43,0.51,0.6,17,9,52.9,2.19,1.16,0.18,0.33,11.1,0,0.26,-1.4,-1.4,76,107,71.0,1074,147,0.2,0.8,3,2,1,0,85,21,0,0,0,1,0,0,0,0,0,1,6,11,1.41,5,0,2,1,3,0,1,0.13,9,4,2,6,1,6,50.0,3,5,2,3,3,12,6,0,192,12,18,84,94,32,192,13,4,30.8,7,53.8,120,585,150,7,4,23,19,149,35,20.5,66.0,0,14,22.0,2,1.25,14,13,1,0.13,0.1,12.3,9.0,3.4,0.43,0,10,27,9,0,0,0,15,14,23,37.8,FWD,523318.0,exact,523318.0,2025-06-17,10000000.0,523318,1999-08-02,Greece,2029-06-30,186.0,right,25.418206707734427,53.90932982917214,16.118095750958314,646.0852322371154,Developing,False,False,True,False,False,GRE,UEFA,False,False,False,False,False,True
Artem Dovbyk,ua UKR,FW,Roma,it Serie A,27.0,1997.0,32,27,2418,26.9,12,2,14,10,2,2,0,0,11.9,10.3,2.4,12.7,24,16,175,0.45,0.53,61,25,41.0,2.27,0.93,0.16,0.4,13.7,0,0.17,0.1,-0.3,321,433,74.1,3515,432,1.5,-0.4,25,17,4,0,394,35,0,2,0,1,1,0,0,0,0,4,11,52,1.94,43,0,4,4,1,0,6,0.22,4,2,0,1,3,4,0.0,4,10,3,7,2,6,12,0,654,15,29,261,365,145,652,18,7,38.9,11,61.1,355,1332,447,10,14,79,33,504,76,70.7,84.0,10,5,31.0,3,1.59,39,27,12,0.45,-0.36,38.8,32.7,6.1,0.23,0,30,16,22,0,0,0,26,42,60,41.2,FWD,343537.0,exact,343537.0,2025-06-17,30000000.0,343537,1997-06-21,Ukraine,2029-06-30,189.0,left,27.531827515400412,53.90932982917214,17.216707972959764,758.0015263377592,Peak,False,False,False,False,True,UKR,UEFA,False,False,False,False,False,True
Marvin Ducksch,de GER,FW,Werder Bremen,de Bundesliga,30.0,1994.0,32,30,2418,26.9,8,8,16,7,1,2,3,0,10.1,8.5,8.5,17.0,26,86,166,0.56,0.69,70,27,38.6,2.61,1.0,0.1,0.26,17.3,8,0.12,-2.1,-1.5,560,908,61.7,9835,3215,9.1,-0.5,61,43,30,8,676,224,55,8,13,167,9,105,33,56,0,8,24,103,3.83,58,37,1,6,0,1,12,0.45,10,7,3,5,2,14,21.4,11,10,2,8,8,18,26,3,1105,31,83,457,575,116,1103,19,7,36.8,11,57.9,538,1826,816,20,12,31,11,673,76,79.0,79.0,9,2,20.0,0,1.5,41,41,0,0.0,0.42,35.0,37.2,-2.1,-0.08,0,6,17,14,0,0,0,65,19,29,39.6,FWD,125103.0,exact,125103.0,2025-06-05,6000000.0,125103,1994-03-07,Germany,2028-06-30,188.0,right,30.822724161533195,41.9185282522996,15.607270193858982,950.0403247379622,Declining,True,False,False,False,False,GER,UEFA,False,False,False,False,False,True
Pablo Durán,es ESP,"FW,MF",Celta Vigo,es La Liga,23.0,2001.0,27,15,1394,15.5,4,4,8,4,0,0,3,0,3.6,3.6,2.8,6.5,24,30,124,0.52,0.42,26,9,34.6,1.68,0.58,0.15,0.44,14.8,0,0.14,0.4,0.4,284,400,71.0,4181,735,1.0,1.2,17,21,10,3,375,23,0,1,3,18,7,1,0,1,0,2,19,30,1.94,22,0,2,4,2,0,4,0.26,17,9,4,7,6,16,31.3,11,12,3,9,8,25,18,0,584,11,68,257,265,64,584,42,12,28.6,28,66.7,338,1578,643,14,13,42,20,401,52,40.8,80.0,4,12,16.0,10,1.56,24,23,1,0.06,0.02,20.8,18.9,1.9,0.12,0,32,18,7,0,0,0,46,13,32,28.9,FWD,905997.0,exact,905997.0,2025-06-09,3500000.0,905997,2001-05-25,Spain,2028-06-30,176.0,right,23.60574948665298,41.9185282522996,15.068273812173887,557.2314088266173,Developing,False,False,True,False,False,ESP,UEFA,False,False,False,False,False,True
Julien Duranville,be BEL,"FW,MF",Dortmund,de Bundesliga,18.0,2006.0,12,2,283,3.1,0,0,0,0,0,0,3,0,0.2,0.2,0.3,0.6,16,7,33,0.0,0.18,5,2,40.0,1.59,0.64,0.0,0.0,17.7,0,0.05,-0.2,-0.2,59,84,70.2,856,171,0.9,-0.3,1,3,1,1,83,1,0,1,1,13,1,0,0,0,0,0,2,7,2.21,3,0,0,0,4,0,1,0.32,3,0,0,3,0,2,50.0,1,1,0,1,0,3,3,0,135,2,8,36,93,17,135,30,12,40.0,12,40.0,102,781,412,9,9,6,15,109,24,9.2,51.0,0,10,18.0,17,1.42,4,6,-2,-0.64,-1.35,4.9,3.5,1.4,0.45,0,10,7,2,1,0,0,5,0,1,0.0,FWD,819215.0,exact,819215.0,2025-06-05,8500000.0,819215,2006-05-05,Belgium,2026-06-30,173.0,right,18.661190965092402,17.904073587385017,15.955576839107596,348.24004823564627,Emerging,True,False,False,False,False,BEL,UEFA,False,False,False,False,False,True
Hugo Duro,es ESP,FW,Valencia,es La Liga,24.0,1999.0,31,25,2166,24.1,11,2,13,10,1,1,5,0,9.4,8.6,1.3,9.9,13,28,88,0.5,0.44,48,16,33.3,1.99,0.66,0.21,0.63,11.1,1,0.18,1.6,1.4,296,428,69.2,4100,492,0.5,0.7,14,18,3,0,386,41,1,0,1,7,1,0,0,0,0,1,15,29,1.2,19,0,1,4,5,0,5,0.21,13,8,4,7,2,13,38.5,8,11,2,9,10,23,11,0,634,15,47,328,265,90,633,20,7,35.0,13,65.0,297,1037,364,8,7,58,32,471,70,63.3,80.0,14,6,27.0,2,1.1,28,37,-9,-0.37,-0.3,28.4,32.8,-4.4,-0.18,0,38,50,7,2,1,1,46,59,101,36.9,FWD,573775.0,exact,573775.0,2025-06-09,14000000.0,573775,1999-11-10,Spain,2028-06-30,177.0,left,25.144421629021217,41.9185282522996,16.454567959008102,632.24193905799,Developing,False,False,True,False,False,ESP,UEFA,False,False,False,False,False,True
Paulo Dybala,ar ARG,"FW,MF",Roma,it Serie A,30.0,1993.0,24,16,1417,15.7,6,3,9,3,3,3,2,0,6.4,4.0,5.0,9.0,41,79,122,0.38,0.72,47,15,31.9,2.99,0.95,0.06,0.2,21.1,6,0.09,-0.4,-1.0,596,729,81.8,9980,2382,5.2,-2.0,40,47,26,5,645,81,26,2,16,62,5,36,11,14,2,3,16,84,5.34,47,19,1,6,11,0,8,0.51,17,7,3,9,5,19,42.1,11,12,1,11,2,19,2,0,909,6,67,415,439,75,906,43,11,25.6,17,39.5,595,3180,1472,42,17,40,28,709,59,41.4,80.0,5,8,18.0,7,1.63,29,15,14,0.89,0.57,25.3,18.7,6.7,0.42,0,6,60,6,2,0,0,63,8,17,32.0,FWD,206050.0,exact,206050.0,2025-06-17,8000000.0,206050,1993-11-15,Argentina,2026-06-30,177.0,left,31.129363449691994,17.904073587385017,15.894952224644102,969.0372687830198,Declining,False,False,False,False,True,ARG,CONMEBOL,False,False,False,True,False,False
Johannes Eggestein,de GER,FW,St. Pauli,de Bundesliga,26.0,1998.0,27,22,1853,20.6,3,4,7,2,1,2,3,0,4.7,3.1,2.1,5.2,25,43,138,0.29,0.33,34,10,29.4,1.65,0.49,0.06,0.2,15.7,0,0.09,-1.7,-1.1,404,547,73.9,5609,1043,1.3,1.9,24,25,9,2,515,29,0,4,2,35,0,0,0,0,0,3,28,43,2.09,36,0,0,4,2,1,4,0.19,5,3,0,2,3,5,20.0,4,5,0,5,0,5,8,0,713,6,46,371,302,78,711,17,7,41.2,10,58.8,384,1704,615,17,8,53,30,543,69,60.6,82.0,3,5,11.0,5,1.0,16,25,-9,-0.44,-0.14,17.4,25.6,-8.2,-0.4,0,11,12,14,0,0,0,58,28,85,24.8,FWD,251303.0,exact,251303.0,2025-06-05,2500000.0,251303,1998-05-08,Germany,2028-06-30,183.0,right,26.652977412731005,41.9185282522996,14.731801689838349,710.3812049635492,Peak,True,False,False,False,False,GER,UEFA,False,False,False,False,False,True
Chidera Ejuke,ng NGA,FW,Sevilla,es La Liga,26.0,1998.0,25,9,966,10.7,2,1,3,2,0,0,0,0,1.1,1.1,1.9,3.0,75,38,101,0.28,0.28,20,8,40.0,1.86,0.75,0.1,0.25,18.3,0,0.05,0.9,0.9,363,445,81.6,5949,1122,1.2,-0.9,21,18,20,5,409,35,0,2,8,22,12,23,11,1,0,1,17,45,4.19,28,5,9,0,3,0,2,0.19,19,13,8,9,2,20,45.0,11,12,0,12,5,24,8,0,612,6,66,272,292,43,612,85,47,55.3,33,38.8,416,3355,1898,35,26,35,22,443,39,28.2,72.0,2,16,20.0,4,1.04,11,12,-1,-0.09,0.35,11.7,16.2,-4.5,-0.42,0,6,16,4,0,0,0,63,4,9,30.8,FWD,500067.0,exact,500067.0,2025-06-09,4000000.0,500067,1998-01-02,Nigeria,2027-06-30,176.0,right,26.99794661190965,29.894875164257556,15.201805169084134,728.8891212595238,Peak,False,False,True,False,False,NGA,CAF,False,True,False,False,False,False
Jeff Ekhator,it ITA,"FW,MF",Genoa,it Serie A,17.0,2006.0,24,6,769,8.5,1,1,2,1,0,0,1,0,1.3,1.3,1.0,2.3,4,14,51,0.23,0.27,10,3,30.0,1.17,0.35,0.1,0.33,15.6,0,0.13,-0.3,-0.3,110,165,66.7,1427,387,0.6,0.0,11,8,4,0,156,7,0,3,0,10,2,1,0,0,0,2,6,21,2.46,15,0,0,2,4,0,2,0.23,7,4,4,1,2,9,44.4,5,10,1,9,2,9,5,0,254,9,34,96,130,26,254,13,4,30.8,6,46.2,130,631,163,5,5,34,9,170,32,22.5,70.0,0,18,19.0,9,1.04,10,11,-1,-0.12,0.26,9.6,9.6,0.0,0.0,0,15,13,3,0,0,0,32,15,32,31.9,FWD,934878.0,exact,934878.0,2025-06-17,5000000.0,934878,2006-11-11,Italy,2029-06-30,188.0,right,18.140999315537304,53.90932982917214,15.424948670398354,329.09585616632495,Emerging,False,False,False,False,True,ITA,UEFA,False,False,False,False,False,True
Hugo Ekitike,fr FRA,FW,Eint Frankfurt,de Bundesliga,22.0,2002.0,33,31,2563,28.5,15,8,23,14,1,3,1,0,21.6,19.3,6.8,26.0,93,53,215,0.77,0.99,114,44,38.6,4.0,1.55,0.12,0.32,15.3,1,0.17,-6.6,-5.3,486,644,75.5,6414,1191,5.4,1.2,44,24,31,4,586,56,2,6,5,17,1,0,0,0,0,2,23,101,3.55,63,0,14,20,4,0,12,0.42,16,12,3,8,5,12,33.3,8,13,1,12,7,23,24,0,1054,27,68,430,583,196,1051,119,52,43.7,61,51.3,633,4443,2307,57,52,99,34,777,78,83.8,81.0,9,2,25.0,0,1.73,54,36,18,0.63,-0.09,55.4,40.1,15.3,0.54,0,39,17,19,1,0,0,87,52,59,46.8,FWD,709726.0,exact_accent_stripped,709726.0,2025-06-05,75000000.0,709726,2002-06-20,France,2031-06-30,190.0,right,22.535249828884325,77.8909329829172,18.132998684833918,507.837484850231,Developing,True,False,False,False,False,FRA,UEFA,False,False,False,False,False,True
Caleb Ekuban,gh GHA,FW,Genoa,it Serie A,30.0,1994.0,18,3,555,6.2,1,3,4,1,0,0,1,0,2.8,2.8,0.8,3.5,7,8,42,0.65,0.57,18,6,33.3,2.92,0.97,0.06,0.17,13.0,0,0.15,-1.8,-1.8,72,107,67.3,1030,181,0.2,2.2,8,6,1,0,99,7,0,1,0,3,0,0,0,0,0,1,4,14,2.27,11,0,0,2,1,0,3,0.49,3,3,1,1,1,1,100.0,0,4,1,3,1,4,6,0,174,6,18,70,89,26,174,10,3,30.0,7,70.0,97,487,217,4,4,17,12,125,31,16.2,69.0,0,15,23.0,0,1.28,7,8,-1,-0.16,0.18,8.3,10.0,-1.7,-0.28,0,15,9,5,0,0,0,20,12,19,38.7,FWD,199953.0,exact,199953.0,2025-06-17,1300000.0,199953,1994-03-23,Ghana,2026-06-30,182.0,right,30.77891854893908,17.904073587385017,14.077875591662238,947.3418270422262,Declining,False,False,False,False,True,GHA,CAF,False,True,False,False,False,False
Anthony Elanga,se SWE,"FW,MF",Nott'ham Forest,eng Premier League,22.0,2002.0,38,31,2501,27.8,6,11,17,6,0,0,1,0,4.5,4.5,5.7,10.1,102,63,229,0.61,0.36,44,24,54.5,1.58,0.86,0.14,0.25,17.6,6,0.1,1.5,1.5,540,827,65.3,8021,2660,5.1,5.3,50,32,26,8,697,126,31,3,0,185,6,86,43,39,0,4,24,102,3.67,56,23,5,7,11,0,18,0.65,19,14,8,8,3,17,29.4,12,11,1,10,6,25,25,0,1115,29,136,319,679,110,1115,83,25,30.1,39,47.0,600,4509,2544,45,48,79,43,764,66,73.1,76.0,12,7,22.0,0,1.71,45,35,10,0.36,0.16,33.9,37.6,-3.6,-0.13,0,9,47,18,0,0,0,89,24,37,39.3,FWD,583189.0,exact,583189.0,2025-05-30,42000000.0,583189,2002-04-27,Sweden,2030-06-30,178.0,right,22.68309377138946,65.90013140604468,17.553180200057167,514.5227430416472,Developing,False,True,False,False,False,SWE,UEFA,False,False,False,False,False,True
Elif Elmas,mk MKD,"FW,MF",Torino,it Serie A,24.0,1999.0,13,12,1021,11.3,4,0,4,4,0,0,0,0,1.4,1.4,0.4,1.8,42,34,58,0.35,0.16,19,9,47.4,1.67,0.79,0.21,0.44,19.3,0,0.07,2.6,2.6,270,336,80.4,4155,1051,1.1,-0.4,9,22,15,5,321,13,0,0,3,23,10,2,1,0,0,2,4,29,2.56,19,0,4,4,2,0,3,0.26,10,7,3,5,2,10,40.0,6,8,2,6,6,16,5,2,444,5,44,187,220,38,444,38,13,34.2,20,52.6,303,2280,1175,28,14,22,10,324,79,29.9,83.0,6,1,29.0,1,1.23,10,13,-3,-0.26,-0.15,11.0,16.0,-5.0,-0.44,0,13,14,2,0,0,0,33,2,3,40.0,FWD,400489.0,fuzzy_verified,400489.0,2025-06-17,14000000.0,400489,1999-09-24,North Macedonia,2026-06-30,184.0,right,25.27310061601643,17.904073587385017,16.454567959008102,638.7296147472899,Developing,False,False,False,False,True,MKD,UEFA,False,False,False,False,False,True
Adri Embarba,es ESP,"FW,MF",Rayo Vallecano,es La Liga,32.0,1992.0,35,18,1607,17.9,1,1,2,1,0,0,4,0,2.1,2.1,2.7,4.8,47,45,114,0.11,0.27,37,12,32.4,2.07,0.67,0.03,0.08,22.1,2,0.06,-1.1,-1.1,383,599,63.9,6104,1485,2.5,-1.7,20,23,17,10,527,69,20,4,2,114,11,35,20,9,0,3,27,46,2.58,28,10,1,1,6,0,2,0.11,41,20,17,17,7,47,38.3,29,18,1,17,13,54,14,2,847,17,104,333,433,44,847,56,20,35.7,30,53.6,467,2748,1257,33,12,61,24,527,46,47.0,69.0,1,17,22.0,3,1.43,20,21,-1,-0.06,0.09,19.6,23.4,-3.8,-0.22,0,25,21,14,0,0,0,67,13,33,28.3,FWD,288318.0,fuzzy_verified,288318.0,2025-06-09,1200000.0,288318,1992-05-07,Spain,2028-06-30,173.0,right,32.65434633812457,41.9185282522996,13.997832948091215,1066.3063347701893,Declining,False,False,True,False,False,ESP,UEFA,False,False,False,False,False,True
Breel Embolo,ch SUI,"FW,MF",Monaco,fr Ligue 1,27.0,1997.0,29,19,1841,20.5,6,4,10,6,0,0,5,0,10.8,10.8,5.6,16.4,22,55,140,0.49,0.8,51,18,35.3,2.49,0.88,0.12,0.33,10.8,0,0.21,-4.8,-4.8,299,432,69.2,4346,1127,3.6,-1.6,32,22,23,0,397,30,2,8,1,6,0,0,0,0,0,5,9,54,2.64,42,0,2,4,4,2,10,0.49,22,17,7,7,8,16,31.3,11,11,0,11,3,25,10,1,668,13,57,289,329,121,668,42,14,33.3,25,59.5,397,1708,715,15,12,64,53,499,63,60.2,80.0,7,10,33.0,5,1.69,35,22,13,0.64,-0.03,45.5,17.9,27.6,1.35,0,27,43,11,2,0,0,58,30,30,50.0,FWD,237662.0,exact,237662.0,2025-06-03,12000000.0,237662,1997-02-14,Switzerland,2029-06-30,184.0,right,27.87953456536619,53.90932982917214,16.300417291085605,777.2684475814481,Peak,False,False,False,True,False,SUI,UEFA,False,False,False,False,False,True
Endrick,br BRA,FW,Real Madrid,es La Liga,18.0,2006.0,22,3,363,4.0,1,0,1,1,0,0,1,0,2.5,2.5,0.5,3.0,12,8,32,0.25,0.73,24,6,25.0,5.95,1.49,0.04,0.17,16.4,0,0.1,-1.5,-1.5,59,75,78.7,939,120,0.2,-0.5,4,1,2,0,69,6,0,0,1,2,2,0,0,0,0,0,0,8,1.96,6,0,1,0,1,0,2,0.49,1,1,1,0,0,3,33.3,2,0,0,0,4,5,1,0,127,1,7,41,80,23,127,11,4,36.4,6,54.5,83,569,308,5,10,10,3,103,17,10.6,64.0,0,19,9.0,15,2.18,6,5,1,0.25,-0.9,8.6,4.2,4.4,1.08,0,10,9,2,1,0,0,7,6,4,60.0,FWD,971570.0,exact_birthyear_corrected,971570.0,2025-06-09,35000000.0,971570,2006-07-21,Brazil,2026-06-30,172.0,left,18.45037645448323,17.904073587385017,17.370858648025116,340.4163913121492,Emerging,False,False,True,False,False,BRA,CONMEBOL,False,False,False,True,False,False
Sebastiano Esposito,it ITA,"FW,MF",Empoli,it Serie A,22.0,2002.0,33,27,2331,25.9,8,0,8,7,1,2,1,0,5.7,4.2,2.1,6.3,31,93,106,0.27,0.3,59,19,32.2,2.28,0.73,0.12,0.37,19.8,10,0.07,2.3,2.8,445,739,60.2,6868,2707,2.1,-2.1,36,57,31,5,678,56,15,7,6,55,7,19,9,4,0,5,41,79,3.05,52,4,6,9,7,1,6,0.23,57,29,15,31,11,35,51.4,17,20,2,18,12,69,14,0,1081,11,85,532,480,95,1079,67,29,43.3,31,46.3,565,2356,1092,26,11,88,50,712,71,68.2,80.0,8,6,27.0,1,0.79,25,42,-17,-0.66,0.09,22.9,34.7,-11.8,-0.45,0,47,56,10,2,0,0,106,26,56,31.7,FWD,538918.0,exact,538918.0,2025-06-17,8500000.0,538918,2002-07-02,Italy,2030-06-30,183.0,right,22.50239561943874,65.90013140604468,15.955576839107596,506.3578086137358,Developing,False,False,False,False,True,ITA,UEFA,False,False,False,False,False,True
Samuel Essende,cd COD,FW,Augsburg,de Bundesliga,26.0,1998.0,30,21,1636,18.2,7,2,9,7,0,0,4,2,4.2,4.2,1.3,5.5,33,21,118,0.5,0.3,44,13,29.5,2.42,0.72,0.16,0.54,13.9,0,0.1,2.8,2.8,195,301,64.8,2526,430,1.4,0.7,11,11,6,2,278,19,2,0,0,5,0,0,0,0,0,4,12,27,1.48,14,1,3,4,5,0,3,0.16,7,6,1,3,3,4,75.0,1,13,2,11,0,7,11,1,564,10,43,262,270,93,564,52,14,26.9,32,61.5,347,1652,699,19,20,86,37,433,55,53.5,67.0,3,9,25.0,1,1.3,17,37,-20,-1.1,-1.35,16.2,27.8,-11.6,-0.64,0,45,34,13,0,0,0,42,57,73,43.8,FWD,395522.0,exact,395522.0,2025-06-05,4500000.0,395522,1998-01-23,DR Congo,2029-06-30,193.0,right,26.940451745379878,53.90932982917214,15.319588176962746,725.7879402451417,Peak,True,False,False,False,False,COD,CAF,False,True,False,False,False,False
Evanilson,br BRA,FW,Bournemouth,eng Premier League,24.0,1999.0,31,28,2319,25.8,10,1,11,10,0,1,1,1,12.5,11.7,1.9,13.6,29,28,99,0.43,0.56,72,31,43.1,2.79,1.2,0.14,0.32,12.8,0,0.16,-2.5,-1.7,244,342,71.3,3038,622,1.8,-0.9,26,14,6,0,337,4,1,4,4,0,0,0,0,0,0,1,11,61,2.37,39,0,3,10,9,0,8,0.31,16,10,6,5,5,12,66.7,4,11,2,9,1,17,21,0,558,23,56,208,299,127,557,21,7,33.3,8,38.1,333,1822,861,18,15,38,24,400,75,67.8,80.0,7,3,23.0,1,1.45,34,29,5,0.19,-0.38,44.1,26.6,17.5,0.68,0,37,53,20,5,0,0,67,42,62,40.4,FWD,711337.0,exact,711337.0,2025-05-30,35000000.0,711337,1999-10-06,Brazil,2029-06-30,183.0,both,25.240246406570844,53.90932982917214,17.370858648025116,637.0700386644124,Developing,False,True,False,False,False,BRA,CONMEBOL,False,False,False,True,False,False
Abde Ezzalzouli,ma MAR,"FW,MF",Betis,es La Liga,22.0,2001.0,32,23,1984,22.0,2,2,4,2,0,1,2,0,8.0,7.2,2.0,9.3,117,68,215,0.18,0.46,61,25,41.0,2.77,1.13,0.03,0.08,15.6,1,0.12,-6.0,-5.2,542,757,71.6,6695,1928,2.1,0.0,27,42,19,2,732,23,6,2,4,49,15,1,0,0,0,2,27,66,2.99,43,0,10,8,4,1,7,0.32,37,25,17,16,4,27,55.6,12,22,3,19,7,44,19,0,1081,10,120,407,585,151,1080,103,46,44.7,37,35.9,706,5210,3025,75,58,64,50,797,62,58.0,75.0,2,9,28.0,1,1.47,31,31,0,0.0,-0.44,31.8,30.0,1.9,0.08,0,23,38,4,2,0,0,102,26,37,41.3,FWD,724520.0,exact,724520.0,2025-06-09,12000000.0,724520,2001-12-17,Morocco,2029-06-30,177.0,right,23.041752224503764,53.90932982917214,16.300417291085605,530.9223455754242,Developing,False,False,True,False,False,MAR,CAF,False,True,False,False,False,False
Alieu Fadera,gm GAM,"FW,DF",Como,it Serie A,22.0,2001.0,28,20,1644,18.3,1,3,4,1,0,0,2,1,1.7,1.7,4.0,5.7,74,36,160,0.22,0.31,28,9,32.1,1.53,0.49,0.04,0.11,18.6,0,0.06,-0.7,-0.7,441,591,74.6,6233,1638,1.9,-1.0,23,14,24,5,541,49,1,3,3,39,48,0,0,0,0,1,28,54,2.95,37,1,5,3,6,2,7,0.38,64,47,25,27,12,45,44.4,25,18,1,17,12,76,10,0,844,16,148,326,391,60,844,68,26,38.2,34,50.0,544,3868,2239,34,32,41,33,533,59,48.1,77.0,6,8,14.0,6,1.32,25,24,1,0.05,0.26,21.8,19.3,2.5,0.14,0,40,50,14,0,0,0,95,11,15,42.3,FWD,749552.0,exact,749552.0,2025-06-17,4500000.0,749552,2001-11-03,The Gambia,2026-06-30,182.0,right,23.16221765913758,17.904073587385017,15.319588176962746,536.4883268892647,Developing,False,False,False,False,True,GAM,CAF,False,True,False,False,False,False
João Félix,pt POR,"FW,MF",Chelsea,eng Premier League,24.0,1999.0,12,3,369,4.1,1,1,2,1,0,0,2,0,2.2,2.2,1.0,3.2,21,26,30,0.49,0.78,20,5,25.0,4.88,1.22,0.05,0.2,15.9,0,0.11,-1.2,-1.2,171,199,85.9,2588,663,0.5,0.0,6,22,8,0,193,5,2,2,1,0,3,0,0,0,0,1,5,18,4.38,12,0,2,3,1,0,3,0.73,8,3,2,5,1,9,55.6,4,2,0,2,3,11,2,0,272,2,26,128,125,30,272,31,10,32.3,14,45.2,193,1248,712,13,5,6,4,218,31,10.8,75.0,1,9,16.0,8,2.25,10,4,6,1.46,1.02,13.8,5.7,8.1,1.98,0,6,17,1,0,0,0,22,4,5,44.4,FWD,462250.0,exact,462250.0,2025-06-17,20000000.0,462250,1999-11-10,Portugal,2027-06-30,179.0,right,25.144421629021217,29.894875164257556,16.811242881518265,632.24193905799,Developing,False,True,False,False,False,POR,UEFA,False,False,False,False,False,True
Roberto Férnandez,es ESP,FW,Espanyol,es La Liga,22.0,2002.0,19,18,1497,16.6,6,0,6,6,0,0,1,0,3.6,3.6,0.6,4.2,7,17,50,0.36,0.25,21,9,42.9,1.26,0.54,0.29,0.67,14.0,0,0.17,2.4,2.4,187,259,72.2,2227,311,0.5,-0.6,8,9,7,0,236,23,0,2,0,2,0,0,0,0,0,0,12,28,1.68,18,0,3,2,4,1,3,0.18,4,4,2,1,1,5,0.0,5,9,1,8,3,7,26,0,436,26,70,222,151,37,436,27,11,40.7,16,59.3,227,877,283,10,3,55,16,292,79,43.8,82.0,5,1,28.0,0,1.37,17,16,1,0.06,0.62,15.4,18.7,-3.3,-0.2,0,28,25,9,1,0,0,33,34,54,38.6,FWD,720518.0,exact_birthyear_corrected,720518.0,2025-06-09,6000000.0,720518,2002-07-03,Spain,2031-06-30,186.0,right,22.49965776865161,77.8909329829172,15.607270193858982,506.2345997064447,Developing,False,False,True,False,False,ESP,UEFA,False,False,False,False,False,True
Matias Fernandez-Pardo,be BEL,"FW,MF",Lille,fr Ligue 1,19.0,2005.0,22,12,1065,11.8,4,2,6,4,0,0,4,0,2.9,2.9,2.8,5.7,46,26,85,0.51,0.48,23,12,52.2,1.94,1.01,0.17,0.33,17.8,0,0.12,1.1,1.1,224,307,73.0,3456,733,1.9,-0.8,16,10,11,0,286,20,2,1,2,30,1,17,10,3,0,1,13,30,2.54,17,7,2,1,1,2,6,0.51,12,9,3,6,3,12,50.0,6,9,0,9,3,15,6,0,429,7,38,137,267,51,429,50,20,40.0,26,52.0,285,2428,1270,30,26,23,13,311,48,34.8,71.0,2,10,21.0,3,1.82,19,12,7,0.59,0.19,17.9,11.5,6.4,0.54,0,18,21,3,1,0,0,35,0,11,0.0,FWD,724129.0,exact,724129.0,2025-06-03,15000000.0,724129,2005-02-03,Belgium,2029-06-30,188.0,right,19.90965092402464,53.90932982917214,16.52356082573315,396.39419991651516,Emerging,False,False,False,True,False,BEL,UEFA,False,False,False,False,False,True
Daniel Fila,cz CZE,FW,Venezia,it Serie A,21.0,2002.0,10,6,492,5.5,2,0,2,2,0,0,3,1,1.4,1.4,0.3,1.8,5,8,30,0.37,0.32,8,5,62.5,1.46,0.91,0.25,0.4,13.4,0,0.18,0.6,0.6,70,90,77.8,884,140,0.4,-0.3,6,4,3,0,80,10,0,0,0,0,0,0,0,0,0,0,2,15,2.74,9,0,2,1,3,0,0,0.0,2,0,0,1,1,2,0.0,2,6,0,6,0,2,5,0,147,5,12,68,68,19,147,4,2,50.0,1,25.0,82,372,121,6,1,16,14,102,49,14.4,68.0,0,4,22.0,4,0.7,3,6,-3,-0.55,0.1,5.1,8.0,-2.9,-0.53,1,13,7,3,0,0,0,9,7,20,25.9,FWD,666268.0,exact,666268.0,2025-06-17,3000000.0,666268,2002-08-21,Czech Republic,2026-06-30,190.0,left,22.365503080082135,17.904073587385017,14.914123179965662,500.21572802516346,Developing,False,False,False,False,True,CZE,UEFA,False,False,False,False,False,True
Malick Fofana,be BEL,FW,Lyon,fr Ligue 1,19.0,2005.0,29,16,1589,17.7,5,4,9,5,0,0,2,0,3.8,3.8,3.7,7.6,112,45,205,0.51,0.43,31,15,48.4,1.76,0.85,0.16,0.33,15.0,0,0.12,1.2,1.2,494,638,77.4,6737,1373,4.4,0.3,25,20,32,13,623,14,1,1,0,70,13,0,0,0,0,1,32,55,3.12,41,0,6,3,5,0,11,0.62,22,11,8,11,3,17,47.1,9,12,0,12,8,30,6,0,828,7,79,284,487,95,828,59,24,40.7,31,52.5,587,4362,2643,57,39,36,18,645,55,51.9,82.0,6,13,21.0,0,1.72,36,19,17,0.96,0.84,32.5,21.1,11.4,0.65,0,13,36,10,1,0,0,63,2,12,14.3,FWD,743386.0,exact,743386.0,2025-06-03,30000000.0,743386,2005-03-31,Belgium,2028-06-30,169.0,right,19.756331279945243,41.9185282522996,17.216707972959764,390.31262564294286,Emerging,False,False,False,True,False,BEL,UEFA,False,False,False,False,False,True
Michael Folorunsho,it ITA,"FW,MF",Fiorentina,it Serie A,26.0,1998.0,14,6,650,7.2,0,0,0,0,0,0,5,0,1.1,1.1,0.6,1.7,13,21,33,0.0,0.23,9,3,33.3,1.25,0.42,0.0,0.0,14.0,0,0.12,-1.1,-1.1,178,252,70.6,2796,786,0.5,-0.6,3,13,6,2,228,23,7,0,0,21,15,1,1,0,0,1,11,14,1.94,9,0,2,1,1,1,1,0.14,19,12,9,6,4,20,40.0,12,9,1,8,4,23,10,0,342,6,71,164,113,16,342,18,9,50.0,6,33.3,190,1030,429,5,5,12,9,213,46,19.0,83.0,3,8,19.0,1,1.5,9,6,3,0.42,-0.1,8.5,6.1,2.3,0.32,0,15,23,0,0,0,0,29,16,11,59.3,FWD,377042.0,exact,377042.0,2025-06-17,6000000.0,377042,1998-02-07,Italy,2026-06-30,190.0,right,26.899383983572896,17.904073587385017,15.607270193858982,723.5768586956981,Peak,False,False,False,False,True,ITA,UEFA,False,False,False,False,False,True
Ryan Fraser,sct SCO,"FW,DF",Southampton,eng Premier League,30.0,1994.0,8,4,306,3.4,0,0,0,0,0,0,0,1,0.0,0.0,0.1,0.1,10,8,18,0.0,0.04,1,1,100.0,0.29,0.29,0.0,0.0,31.6,0,0.03,0.0,0.0,77,103,74.8,1121,208,0.1,-0.1,2,3,1,0,97,5,0,0,0,12,3,2,2,0,0,1,2,5,1.47,5,0,0,0,0,0,0,0.0,6,2,2,4,0,6,66.7,2,1,1,0,1,7,9,0,131,12,45,50,37,3,131,3,2,66.7,1,33.3,74,492,252,5,2,4,2,94,38,8.9,60.0,0,4,17.0,5,0.25,4,10,-6,-1.76,-0.2,5.6,10.2,-4.6,-1.35,0,1,4,1,0,1,0,10,2,3,40.0,FWD,146795.0,exact,146795.0,2025-05-30,2000000.0,146795,1994-02-24,Scotland,2026-06-30,163.0,right,30.85284052019165,17.904073587385017,14.508658238524095,951.8977681643796,Declining,False,True,False,False,False,SCO,UEFA,False,False,False,False,False,True
Jorge de Frutos,es ESP,"FW,MF",Rayo Vallecano,es La Liga,27.0,1997.0,36,30,2495,27.7,6,3,9,6,0,0,3,1,6.3,6.3,3.4,9.8,77,44,201,0.32,0.35,52,18,34.6,1.88,0.65,0.12,0.33,15.9,0,0.12,-0.3,-0.3,455,666,68.3,6332,1601,2.3,-0.4,31,22,28,13,643,19,1,3,1,69,16,0,0,0,0,4,44,62,2.24,48,0,6,2,4,2,10,0.36,37,21,16,13,8,46,30.4,32,22,0,22,19,56,24,1,1010,25,165,328,544,107,1010,104,32,30.8,62,59.6,605,3941,2074,50,28,81,38,675,69,73.0,76.0,6,6,37.0,0,1.42,35,30,5,0.18,1.06,33.4,35.1,-1.6,-0.06,0,41,33,9,0,0,0,111,15,24,38.5,FWD,455181.0,exact,455181.0,2025-06-09,4000000.0,455181,1997-02-20,Spain,2028-06-30,173.0,right,27.863107460643395,41.9185282522996,15.201805169084134,776.3527573633617,Peak,False,False,True,False,False,ESP,UEFA,False,False,False,False,False,True
Niclas Füllkrug,de GER,FW,West Ham,eng Premier League,31.0,1993.0,18,6,790,8.8,3,2,5,3,0,0,2,0,2.2,2.2,1.9,4.1,7,14,31,0.57,0.46,16,7,43.8,1.82,0.8,0.19,0.43,10.3,0,0.14,0.8,0.8,133,198,67.2,1852,314,0.4,0.1,14,12,5,0,190,7,0,0,2,1,0,0,0,0,0,1,7,22,2.5,20,0,0,2,0,0,2,0.23,4,3,0,1,3,4,75.0,1,1,0,1,1,5,16,0,277,19,27,142,110,40,277,8,1,12.5,6,75.0,123,435,215,4,2,18,7,205,44,23.1,74.0,1,12,29.0,1,0.94,16,18,-2,-0.23,0.25,13.2,14.0,-0.9,-0.1,0,21,6,10,0,0,0,18,39,52,42.9,FWD,75489.0,exact,75489.0,2025-05-30,10000000.0,75489,1993-02-09,Germany,2026-06-30,189.0,right,31.89322381930185,17.904073587385017,16.118095750958314,1017.1777255880828,Declining,False,True,False,False,False,GER,UEFA,False,False,False,False,False,True
Manuel Fuster,es ESP,"FW,MF",Las Palmas,es La Liga,26.0,1997.0,28,8,1003,11.1,2,1,3,2,0,0,2,0,0.7,0.7,1.8,2.5,23,71,75,0.27,0.23,18,7,38.9,1.62,0.63,0.11,0.29,23.2,0,0.04,1.3,1.3,478,624,76.6,8055,2300,1.8,-0.8,28,56,24,5,559,61,25,3,10,67,13,22,7,10,1,4,17,56,5.02,44,8,1,1,1,1,6,0.54,19,11,5,8,6,28,53.6,13,13,3,10,4,23,17,0,742,19,93,364,288,23,742,17,5,29.4,9,52.9,410,2011,1016,15,3,20,16,533,36,29.3,69.0,2,20,23.0,10,0.61,12,21,-9,-0.81,-0.36,11.8,19.6,-7.8,-0.7,0,12,37,1,0,0,0,63,3,13,18.8,FWD,511021.0,fuzzy_verified,511021.0,2025-06-09,1500000.0,511021,1997-10-22,Spain,2028-06-30,169.0,right,27.195071868583163,41.9185282522996,14.220976332738882,739.5719339374033,Peak,False,False,True,False,False,ESP,UEFA,False,False,False,False,False,True
Cody Gakpo,nl NED,FW,Liverpool,eng Premier League,25.0,1999.0,35,23,1935,21.5,10,4,14,10,0,0,5,0,7.1,7.1,4.4,11.5,59,52,278,0.65,0.53,57,22,38.6,2.65,1.02,0.18,0.45,15.1,0,0.12,2.9,2.9,480,634,75.7,6870,1656,3.8,-0.4,38,24,27,8,616,16,4,3,4,74,11,1,0,0,0,2,10,80,3.72,57,0,9,7,5,2,8,0.37,28,16,6,13,9,25,52.0,12,23,3,20,12,40,19,1,888,28,91,258,557,110,888,61,31,50.8,21,34.4,605,4320,2208,34,28,45,24,677,55,56.6,73.0,6,12,21.0,0,2.2,45,25,20,0.93,-0.58,45.3,21.6,23.8,1.11,0,20,31,5,1,0,0,77,17,26,39.5,FWD,434675.0,exact,434675.0,2025-05-30,70000000.0,434675,1999-05-07,Netherlands,2030-06-30,193.0,right,25.65639972621492,65.90013140604468,18.064005814299346,658.2508469113211,Developing,False,True,False,False,False,NED,UEFA,False,False,False,False,False,True
Álvaro García,es ESP,"FW,MF",Rayo Vallecano,es La Liga,31.0,1992.0,36,28,2559,28.4,4,5,9,4,0,0,4,0,7.6,7.6,5.0,12.6,68,71,245,0.32,0.44,71,26,36.6,2.5,0.91,0.06,0.15,16.9,0,0.11,-3.6,-3.6,543,841,64.6,8345,2525,5.9,0.0,50,27,44,18,818,18,1,2,6,109,7,1,1,0,0,5,43,104,3.66,82,0,2,13,5,2,7,0.25,33,24,19,8,6,31,38.7,19,31,0,31,32,65,42,1,1164,31,204,357,611,127,1164,27,10,37.0,15,55.6,644,3004,1484,28,25,61,16,746,71,74.8,83.0,14,8,30.0,0,1.33,28,34,-6,-0.21,-0.42,34.5,35.4,-0.9,-0.03,0,18,19,16,1,1,0,94,9,18,33.3,FWD,257062.0,exact_birthyear_corrected,257062.0,2025-06-09,2000000.0,257062,1992-10-27,Spain,2028-06-30,167.0,both,32.18069815195072,41.9185282522996,14.508658238524095,1035.5973335469646,Declining,False,False,True,False,False,ESP,UEFA,False,False,False,False,False,True
Rubén García,es ESP,"FW,MF",Osasuna,es La Liga,31.0,1993.0,36,30,2413,26.8,5,5,10,5,0,0,2,0,3.2,3.2,3.6,6.8,37,112,157,0.37,0.25,27,10,37.0,1.01,0.37,0.19,0.5,16.1,3,0.12,1.8,1.8,903,1215,74.3,15826,3984,4.6,1.4,49,77,31,16,1069,139,44,1,25,136,12,72,31,14,2,7,37,104,3.88,62,32,2,4,4,0,12,0.45,52,31,20,21,11,60,43.3,34,37,3,34,15,67,34,1,1467,31,205,649,629,64,1467,36,12,33.3,20,55.6,779,3542,1382,46,13,39,21,969,67,70.6,75.0,4,6,27.0,0,1.28,34,32,2,0.07,0.61,31.2,33.8,-2.6,-0.1,0,36,31,10,1,0,0,122,28,37,43.1,FWD,213260.0,exact,213260.0,2025-06-09,2000000.0,213260,1993-07-14,Spain,2027-06-30,172.0,left,31.468856947296374,29.894875164257556,14.508658238524095,990.2889575694032,Declining,False,False,True,False,False,ESP,UEFA,False,False,False,False,False,True
Bryan Gil,es ESP,"FW,MF",Girona,es La Liga,23.0,2001.0,25,21,1721,19.1,3,3,6,3,0,0,4,0,2.3,2.3,2.9,5.2,76,74,210,0.31,0.27,32,15,46.9,1.67,0.78,0.09,0.2,19.0,0,0.07,0.7,0.7,621,759,81.8,8853,1808,3.2,0.1,21,27,33,7,731,23,1,0,0,78,8,14,6,6,0,5,23,56,2.93,39,3,8,1,4,1,5,0.26,34,20,10,15,9,30,46.7,16,24,0,24,10,44,9,4,1019,9,110,356,568,82,1019,104,41,39.4,52,50.0,715,4663,2103,43,34,56,39,795,69,50.3,78.0,4,4,22.0,0,1.32,29,31,-2,-0.1,0.64,23.5,24.2,-0.7,-0.03,0,22,40,4,0,0,0,78,0,5,0.0,FWD,537382.0,exact,537382.0,2025-06-09,15000000.0,537382,2001-02-11,Spain,2030-06-30,175.0,left,23.887748117727583,65.90013140604468,16.52356082573315,570.6245101359976,Developing,False,False,True,False,False,ESP,UEFA,False,False,False,False,False,True
Santiago Giménez,mx MEX,FW,Milan,it Serie A,23.0,2001.0,14,7,669,7.4,5,2,7,5,0,1,3,1,4.8,4.0,0.9,4.9,13,6,38,0.94,0.77,22,9,40.9,2.96,1.21,0.23,0.56,13.5,0,0.18,0.2,1.0,79,98,80.6,962,169,0.5,1.1,6,5,2,1,82,16,0,1,0,2,2,1,0,0,0,0,2,16,2.15,11,0,4,1,0,0,4,0.54,5,3,0,4,1,4,75.0,1,3,1,2,1,6,13,0,189,13,24,71,97,37,188,19,7,36.8,12,63.2,101,526,282,5,5,22,2,121,48,19.6,69.0,1,7,27.0,0,1.57,15,9,6,0.81,0.41,15.7,9.3,6.4,0.87,0,11,4,7,0,0,0,14,7,11,38.9,FWD,552955.0,exact_accent_stripped,552955.0,2025-06-17,30000000.0,552955,2001-04-18,Mexico,2029-06-30,180.0,left,23.707049965776864,53.90932982917214,17.216707972959764,562.0242180798408,Developing,False,False,False,False,True,MEX,CONCACAF,False,False,True,False,False,False
Jamie Gittens,eng ENG,"FW,MF",Dortmund,de Bundesliga,19.0,2004.0,32,21,1776,19.7,8,3,11,8,0,0,4,0,3.6,3.6,2.5,6.1,113,42,180,0.56,0.31,52,24,46.2,2.64,1.22,0.15,0.33,17.1,0,0.07,4.4,4.4,427,558,76.5,5844,1011,4.1,0.5,21,17,24,4,548,8,1,4,3,49,5,2,0,0,0,2,22,73,3.7,34,0,29,7,3,0,10,0.51,31,19,12,12,7,18,77.8,4,16,0,16,10,41,4,0,873,8,85,293,520,110,873,171,77,45.0,72,42.1,627,5171,2826,56,63,49,35,653,56,58.0,74.0,4,11,20.0,2,1.66,35,34,1,0.05,-1.28,32.7,24.0,8.8,0.44,0,25,44,3,1,0,0,63,5,7,41.7,FWD,670882.0,exact,670882.0,2025-06-05,50000000.0,670882,2004-08-08,England,2032-06-30,178.0,right,20.399726214921287,89.91458607095926,17.72753358339242,416.1488296437468,Emerging,True,False,False,False,False,ENG,UEFA,False,False,False,False,False,True
Serge Gnabry,de GER,"FW,MF",Bayern Munich,de Bundesliga,29.0,1995.0,27,13,1242,13.8,7,5,12,7,0,1,0,0,7.5,6.8,5.1,11.9,44,48,149,0.87,0.92,48,17,35.4,3.48,1.23,0.15,0.41,15.7,0,0.14,-0.5,0.2,498,597,83.4,7268,1449,4.3,-0.1,24,21,21,2,576,19,3,5,1,22,13,1,0,0,0,2,14,56,4.06,44,0,8,2,0,2,13,0.94,20,11,6,7,7,12,66.7,4,11,0,11,6,26,9,0,758,9,68,288,407,96,757,40,18,45.0,20,50.0,468,2491,1226,22,25,25,7,581,46,40.6,73.0,4,14,21.0,2,2.44,46,15,31,2.25,0.46,34.7,10.1,24.5,1.78,0,19,6,8,0,0,0,47,4,10,28.6,FWD,159471.0,exact,159471.0,2025-06-05,22000000.0,159471,1995-07-14,Germany,2028-06-30,176.0,right,29.470225872689937,41.9185282522996,16.906553056777135,868.4942129873634,Peak,True,False,False,False,False,GER,UEFA,False,False,False,False,False,True
Nicolás González,ar ARG,"FW,MF",Juventus,it Serie A,26.0,1998.0,26,23,1750,19.4,3,2,5,3,0,0,3,0,4.1,4.1,1.1,5.1,35,69,123,0.26,0.26,45,21,46.7,2.31,1.08,0.07,0.14,15.7,0,0.09,-1.1,-1.1,484,637,76.0,7755,1634,1.2,0.9,19,28,19,1,596,38,1,3,2,15,32,1,1,0,0,3,24,47,2.42,32,2,3,5,4,1,4,0.21,24,13,10,9,5,25,36.0,16,16,4,12,9,33,37,2,883,44,158,363,376,65,883,53,17,32.1,30,56.6,458,2797,1271,40,10,38,15,611,67,51.2,75.0,5,3,7.0,1,1.77,28,18,10,0.51,-0.19,23.4,17.9,5.5,0.28,0,30,40,6,0,0,0,69,59,47,55.7,FWD,486031.0,fuzzy_verified,486031.0,2025-06-17,24000000.0,486031,1998-04-06,Argentina,2026-06-30,180.0,left,26.740588637919235,17.904073587385017,16.993564429978885,715.0590807024153,Peak,False,False,False,False,True,ARG,CONMEBOL,False,False,False,True,False,False
Anthony Gordon,eng ENG,"FW,MF",Newcastle Utd,eng Premier League,23.0,2001.0,34,28,2434,27.0,6,5,11,5,1,2,2,0,8.0,6.5,5.0,11.4,121,98,214,0.37,0.48,57,16,28.1,2.11,0.59,0.09,0.31,17.0,1,0.11,-2.0,-1.5,720,982,73.3,11128,3642,5.1,0.0,51,65,55,17,857,117,24,9,4,131,34,53,35,7,0,8,38,101,3.74,73,10,7,3,8,0,12,0.44,32,18,9,18,5,37,32.4,25,25,2,23,7,39,9,3,1267,16,125,475,687,128,1265,103,38,36.9,47,45.6,818,6099,3295,62,56,36,38,924,72,71.2,81.0,9,6,26.0,0,1.68,43,33,10,0.37,-0.63,45.7,31.8,13.8,0.51,0,20,71,8,1,0,0,97,8,8,50.0,FWD,503733.0,exact,503733.0,2025-05-30,65000000.0,503733,2001-02-24,England,2030-06-30,183.0,right,23.852156057494867,65.90013140604468,17.989897843244528,568.925348591089,Developing,False,True,False,False,False,ENG,UEFA,False,False,False,False,False,True
Amine Gouiri,dz ALG,"FW,MF",Marseille,fr Ligue 1,24.0,2000.0,14,12,1048,11.6,10,3,13,10,0,0,0,0,8.4,8.4,3.6,12.1,17,20,97,1.12,1.04,51,24,47.1,4.38,2.06,0.2,0.42,15.2,1,0.17,1.6,1.6,284,351,80.9,3844,846,2.5,-0.6,26,8,8,0,271,79,6,1,0,57,0,49,19,28,0,1,5,56,4.81,24,18,3,10,1,0,7,0.6,5,5,0,1,4,3,66.7,1,9,0,9,1,6,1,0,472,3,15,150,311,82,472,22,10,45.5,11,50.0,248,1021,451,10,11,22,15,328,75,34.2,82.0,6,2,32.0,0,1.79,27,18,9,0.77,-0.03,25.2,14.0,11.1,0.96,0,11,7,5,0,0,0,24,2,10,16.7,FWD,418659.0,exact,418659.0,2025-06-03,30000000.0,418659,2000-02-16,Algeria,2029-06-30,180.0,right,24.876112251882272,53.90932982917214,17.216707972959764,618.8209607682473,Developing,False,False,False,True,False,ALG,CAF,False,True,False,False,False,False
Jack Grealish,eng ENG,"FW,MF",Manchester City,eng Premier League,28.0,1995.0,20,7,721,8.0,1,1,2,1,0,0,3,0,1.1,1.1,1.8,3.0,69,52,118,0.25,0.37,15,5,33.3,1.87,0.62,0.07,0.2,16.3,0,0.08,-0.1,-0.1,382,436,87.6,5685,986,1.7,-0.8,24,23,16,0,418,18,5,0,0,20,4,9,4,0,0,0,11,47,5.86,41,1,3,0,1,1,2,0.25,9,5,4,2,3,5,40.0,3,12,2,10,2,11,6,1,521,15,42,162,324,71,521,29,13,44.8,9,31.0,376,2881,1714,23,46,10,16,423,36,21.1,81.0,2,13,12.0,12,2.0,17,10,7,0.87,0.17,14.8,11.2,3.6,0.45,0,5,25,0,0,0,0,26,1,7,12.5,FWD,203460.0,exact,203460.0,2025-05-30,28000000.0,203460,1995-09-10,England,2026-06-30,180.0,right,29.311430527036276,17.904073587385017,17.147715103853763,859.1599595412741,Peak,False,True,False,False,False,ENG,UEFA,False,False,False,False,False,True
Mason Greenwood,eng ENG,"FW,MF",Marseille,fr Ligue 1,22.0,2001.0,34,32,2804,31.2,21,5,26,14,7,9,3,0,16.3,9.1,5.7,14.8,126,157,295,0.61,0.71,111,45,40.5,3.56,1.44,0.13,0.31,19.8,3,0.08,4.7,4.9,1089,1389,78.4,18128,4250,7.8,-0.7,47,78,70,14,1313,71,13,13,25,110,8,43,29,4,0,5,26,123,3.95,78,13,12,12,7,1,19,0.61,35,18,10,14,11,39,41.0,23,7,0,7,12,47,5,2,1746,4,107,726,929,151,1737,129,54,41.9,66,51.2,1214,7040,3609,71,67,63,44,1451,82,91.6,85.0,15,2,37.0,0,1.91,68,41,27,0.87,0.87,57.1,37.9,19.2,0.62,0,24,37,2,2,0,0,88,8,7,53.3,FWD,532826.0,exact,532826.0,2025-06-03,40000000.0,532826,2001-10-01,England,2029-06-30,181.0,both,23.252566735112936,53.90932982917214,17.50439003707821,540.6818597708807,Developing,False,False,False,True,False,ENG,UEFA,False,False,False,False,False,True
Michael Gregoritsch,at AUT,FW,Freiburg,de Bundesliga,30.0,1994.0,20,5,639,7.1,2,1,3,2,0,0,2,0,1.8,1.8,0.4,2.2,6,19,36,0.42,0.31,16,6,37.5,2.25,0.85,0.13,0.33,13.9,2,0.11,0.2,0.2,100,158,63.3,1528,375,0.7,0.6,5,9,4,0,149,8,0,0,0,1,0,0,0,0,0,1,8,19,2.67,15,0,1,2,0,1,5,0.7,4,2,1,0,3,5,20.0,4,2,1,1,1,5,10,0,220,6,27,96,99,33,220,7,4,57.1,3,42.9,94,425,202,3,3,14,9,149,32,20.9,73.0,1,15,18.0,8,1.25,15,13,2,0.28,0.5,10.2,11.9,-1.7,-0.24,0,7,5,4,0,0,0,18,31,34,47.7,FWD,120205.0,exact,120205.0,2025-06-05,3000000.0,120205,1994-04-18,Austria,2026-06-30,193.0,left,30.70773442847365,17.904073587385017,14.914123179965662,942.9649537296659,Declining,True,False,False,False,False,AUT,UEFA,False,False,False,False,False,True
Antoine Griezmann,fr FRA,"FW,MF",Atlético Madrid,es La Liga,33.0,1991.0,38,29,2469,27.4,8,7,15,7,1,2,2,0,7.4,5.9,7.1,12.9,46,143,177,0.51,0.53,48,17,35.4,1.75,0.62,0.15,0.41,18.5,5,0.13,0.6,1.1,1094,1463,74.8,17074,4671,6.5,-0.1,48,105,47,11,1313,145,26,12,9,138,13,81,28,29,0,5,39,93,3.39,69,15,0,6,2,1,13,0.47,30,17,13,13,4,29,24.1,22,20,1,19,6,36,23,1,1678,28,216,748,729,93,1676,35,15,42.9,18,51.4,969,4095,2040,56,6,41,20,1255,65,72.2,75.0,9,9,31.0,0,2.0,40,21,19,0.69,-1.11,41.2,22.7,18.5,0.67,0,11,26,14,0,0,0,93,21,23,47.7,FWD,125781.0,exact,125781.0,2025-06-09,18000000.0,125781,1991-03-21,France,2027-06-30,176.0,left,33.78507871321013,29.894875164257556,16.705882371415992,1141.4315436578045,Declining,False,False,True,False,False,FRA,UEFA,False,False,False,False,False,True
Vincenzo Grifo,it ITA,"FW,MF",Freiburg,de Bundesliga,31.0,1993.0,34,31,2432,27.0,8,11,19,8,0,3,2,0,7.9,5.6,6.9,12.5,58,128,147,0.7,0.55,63,26,41.3,2.33,0.96,0.13,0.31,20.8,10,0.09,0.1,2.4,1173,1529,76.7,20566,5422,8.0,4.1,66,104,48,10,1335,188,61,10,10,155,11,72,40,28,0,6,29,121,4.48,69,33,6,12,1,0,15,0.56,30,22,12,13,5,34,44.1,19,24,2,22,9,39,23,2,1768,35,240,921,618,71,1765,45,25,55.6,19,42.2,939,4935,2516,35,21,36,17,1186,72,79.5,76.0,6,3,30.0,0,1.62,43,42,1,0.04,0.75,36.7,33.1,3.6,0.13,0,15,12,2,0,0,0,134,15,16,48.4,FWD,185077.0,exact,185077.0,2025-06-05,6000000.0,185077,1993-04-07,Italy,2027-06-30,180.0,right,31.737166324435318,29.894875164257556,15.607270193858982,1007.2477263048712,Declining,True,False,False,False,False,ITA,UEFA,False,False,False,False,False,True
Marco Grüll,at AUT,"FW,MF",Werder Bremen,de Bundesliga,26.0,1998.0,30,13,1181,13.1,6,1,7,6,0,0,1,0,4.0,4.0,1.8,5.8,24,38,93,0.53,0.44,25,10,40.0,1.91,0.76,0.24,0.6,15.9,1,0.16,2.0,2.0,251,327,76.8,3274,839,1.5,-0.8,11,22,14,3,305,21,7,2,1,21,7,1,0,1,0,1,23,41,3.13,29,0,3,4,5,0,5,0.38,12,9,1,5,6,17,23.5,13,14,2,12,3,15,10,0,495,6,43,215,245,53,495,39,13,33.3,23,59.0,317,1617,623,19,9,43,39,361,39,38.6,71.0,1,17,15.0,1,1.6,23,27,-4,-0.3,-0.35,16.6,22.3,-5.7,-0.43,0,22,31,6,1,0,0,43,5,19,20.8,FWD,391766.0,exact,391766.0,2025-06-05,4000000.0,391766,1998-07-06,Austria,,181.0,both,26.491444216290212,,15.201805169084134,701.7966166648162,Peak,True,False,False,False,False,AUT,UEFA,False,False,False,False,False,True
Sergi Guardiola,es ESP,FW,Rayo Vallecano,es La Liga,33.0,1991.0,16,1,362,4.0,0,0,0,0,0,0,1,0,2.4,2.4,0.1,2.5,2,3,22,0.0,0.62,11,3,27.3,2.73,0.75,0.0,0.0,10.4,0,0.22,-2.4,-2.4,56,84,66.7,703,192,0.2,-0.1,5,2,3,1,81,3,0,0,0,4,0,0,0,0,0,0,5,9,2.24,9,0,0,0,0,0,0,0.0,5,3,0,5,0,3,66.7,1,1,0,1,1,6,2,0,130,3,11,55,64,18,130,2,0,0.0,2,100.0,81,239,90,3,1,11,5,96,23,10.6,54.0,0,15,21.0,18,1.25,6,4,2,0.5,0.67,7.8,4.4,3.4,0.84,0,9,7,2,0,0,0,7,6,12,33.3,FWD,256429.0,exact,256429.0,2024-06-07,800000.0,256429,1991-05-29,Spain,2026-06-30,185.0,left,33.596167008898014,17.904073587385017,13.592368256649284,1128.7024376897673,Declining,False,False,True,False,False,ESP,UEFA,False,False,False,False,False,True
Evann Guessand,ci CIV,"FW,MF",Nice,fr Ligue 1,23.0,2001.0,33,30,2565,28.5,12,8,20,12,0,0,2,0,9.2,9.2,5.4,14.6,87,79,162,0.7,0.51,63,27,42.9,2.21,0.95,0.19,0.44,12.7,0,0.15,2.8,2.8,421,574,73.3,5792,1599,5.3,2.6,32,46,27,4,549,22,3,9,1,36,0,0,0,0,0,3,30,91,3.19,56,0,16,7,8,4,17,0.6,44,29,12,15,17,14,42.9,8,27,3,24,15,59,16,0,926,19,97,414,444,134,926,103,49,47.6,48,46.6,581,3867,2205,44,30,75,71,687,78,83.8,84.0,16,3,14.0,1,1.73,53,34,19,0.67,-0.42,49.4,33.4,15.9,0.56,0,45,64,10,1,0,0,98,26,36,41.9,FWD,500689.0,exact,500689.0,2025-06-03,25000000.0,500689,2001-07-01,Cote d'Ivoire,2026-06-30,188.0,right,23.50444900752909,17.904073587385017,17.034386422832473,552.4591231475353,Developing,False,False,False,True,False,CIV,CAF,False,True,False,False,False,False
Morgan Guilavogui,gn GUI,"FW,MF",St. Pauli,de Bundesliga,26.0,1998.0,25,21,1807,20.1,6,2,8,6,0,0,6,0,7.1,7.1,1.9,9.1,42,41,135,0.4,0.45,41,15,36.6,2.04,0.75,0.15,0.4,13.6,0,0.18,-1.1,-1.1,362,549,65.9,4657,1289,2.4,0.1,27,29,10,3,541,2,0,1,3,13,2,0,0,0,0,6,24,52,2.59,38,0,7,3,2,2,4,0.2,32,17,11,16,5,31,45.2,17,28,0,28,13,45,33,0,832,30,116,343,384,103,832,48,21,43.8,22,45.8,384,2098,1035,28,22,50,24,565,72,59.1,80.0,7,4,31.0,0,1.0,17,16,1,0.05,1.06,21.2,25.3,-4.1,-0.2,0,48,34,11,0,0,0,71,66,75,46.8,FWD,691786.0,exact,691786.0,2025-06-05,4000000.0,691786,1998-03-10,Guinea,2029-06-30,189.0,right,26.8145106091718,53.90932982917214,15.201805169084134,719.0179792093871,Peak,True,False,False,False,False,GUI,CAF,False,True,False,False,False,False
Serhou Guirassy,gn GUI,FW,Dortmund,de Bundesliga,28.0,1996.0,30,29,2598,28.9,21,4,25,18,3,4,4,0,22.7,19.6,3.9,23.5,25,43,128,0.76,0.92,86,33,38.4,2.98,1.14,0.21,0.55,12.1,1,0.23,-1.7,-1.6,456,627,72.7,5726,933,3.1,0.1,25,28,14,0,578,48,0,9,3,1,0,0,0,0,0,1,12,53,1.84,36,0,1,10,6,0,10,0.35,7,6,2,2,3,5,40.0,3,10,3,7,4,11,38,0,965,40,76,485,410,160,961,39,11,28.2,21,53.8,528,2195,904,22,12,76,30,747,87,84.9,89.0,24,1,30.0,0,1.57,58,49,9,0.31,-1.83,52.8,37.1,15.7,0.54,0,16,53,12,2,0,0,45,109,97,52.9,FWD,270541.0,exact,270541.0,2025-06-05,45000000.0,270541,1996-03-12,Guinea,2028-06-30,187.0,right,28.80766598220397,41.9185282522996,17.622173069956816,829.8816193422319,Peak,True,False,False,False,False,GUI,CAF,False,True,False,False,False,False
Gorka Guruzeta,es ESP,FW,Athletic Club,es La Liga,27.0,1996.0,36,21,1840,20.4,7,2,9,7,0,0,2,0,6.7,6.6,1.5,8.1,8,31,64,0.44,0.4,59,19,32.2,2.89,0.93,0.12,0.37,13.6,0,0.11,0.3,0.4,298,411,72.5,4403,655,0.7,0.5,15,23,2,0,383,25,0,1,4,5,3,0,0,0,0,3,13,29,1.42,23,1,0,4,0,1,1,0.05,16,8,1,13,2,31,22.6,24,28,4,24,9,25,23,0,643,23,67,342,240,78,643,20,11,55.0,9,45.0,286,1120,375,12,2,48,20,415,51,53.8,69.0,4,15,26.0,1,1.92,28,13,15,0.73,0.16,25.7,18.9,6.8,0.33,0,40,21,7,0,0,0,61,36,69,34.3,FWD,340205.0,exact,340205.0,2025-06-09,9000000.0,340205,1996-09-12,Spain,2028-06-30,188.0,right,28.303901437371664,41.9185282522996,16.012735246411598,801.1108365764497,Peak,False,False,True,False,False,ESP,UEFA,False,False,False,False,False,True
Albert Guðmundsson,is ISL,"FW,MF",Fiorentina,it Serie A,27.0,1997.0,24,16,1273,14.1,6,1,7,4,2,2,2,0,4.5,2.9,1.8,4.8,35,37,59,0.35,0.45,25,13,52.0,1.77,0.92,0.16,0.31,20.8,2,0.12,1.5,1.1,415,500,83.0,5921,1164,1.0,-0.8,15,34,2,0,459,40,8,1,1,24,5,7,6,0,0,1,14,39,2.76,26,2,2,5,4,0,5,0.35,9,5,2,4,3,17,41.2,10,5,0,5,6,15,9,1,624,9,79,332,220,32,622,27,15,55.6,6,22.2,402,2519,1090,27,11,29,14,466,53,37.2,68.0,3,8,23.0,3,1.71,22,12,10,0.71,0.33,16.8,16.3,0.4,0.03,0,13,18,3,1,0,0,53,4,12,25.0,FWD,305947.0,fuzzy_verified,305947.0,2025-06-17,18000000.0,305947,1997-06-15,Iceland,2029-06-30,177.0,right,27.548254620123203,53.90932982917214,16.705882371415992,758.9063326151394,Peak,False,False,False,False,True,ISL,UEFA,False,False,False,False,False,True
Erling Haaland,no NOR,FW,Manchester City,eng Premier League,24.0,2000.0,31,31,2736,30.4,22,3,25,19,3,4,2,0,22.0,18.8,3.0,21.8,24,20,124,0.72,0.82,104,55,52.9,3.42,1.81,0.18,0.35,12.3,1,0.19,0.0,0.2,255,381,66.9,3086,593,2.0,0.0,29,10,8,1,372,7,0,1,0,3,1,0,0,0,0,2,10,71,2.34,51,0,8,10,2,0,9,0.3,11,6,3,3,5,8,37.5,5,12,1,11,5,16,23,0,639,22,40,222,384,190,635,36,13,36.1,20,55.6,310,1494,577,15,23,45,27,478,88,80.0,88.0,25,0,,1,1.77,58,38,20,0.66,-0.39,56.2,40.5,15.7,0.52,0,24,13,4,0,0,0,34,57,50,53.3,FWD,418560.0,exact,418560.0,2025-05-30,180000000.0,418560,2000-07-21,Norway,2034-06-30,195.0,left,24.449007529089666,113.89618922470433,19.00846741441004,597.7539691574832,Developing,False,True,False,False,False,NOR,UEFA,False,False,False,False,False,True
Robin Hack,de GER,"FW,MF",Gladbach,de Bundesliga,25.0,1998.0,33,27,2172,24.1,4,7,11,4,0,0,4,0,5.4,5.4,3.6,9.0,51,95,141,0.46,0.38,59,24,40.7,2.44,0.99,0.07,0.17,19.9,0,0.09,-1.4,-1.4,684,898,76.2,10640,3174,3.8,3.4,32,52,34,12,834,59,15,12,9,61,21,23,18,3,0,5,28,75,3.11,56,6,3,6,3,1,11,0.46,22,17,11,8,3,28,42.9,16,30,2,28,9,31,28,0,1186,26,208,565,431,84,1186,63,25,39.7,33,52.4,684,3945,1823,46,21,65,44,809,66,71.0,76.0,4,6,22.0,1,1.36,43,35,8,0.33,1.35,33.3,41.1,-7.7,-0.32,0,19,21,9,1,0,0,123,19,27,41.3,FWD,284010.0,exact,284010.0,2025-06-05,12000000.0,284010,1998-08-27,Germany,2029-06-30,178.0,right,26.349075975359344,53.90932982917214,16.300417291085605,694.273804755259,Peak,True,False,False,False,False,GER,UEFA,False,False,False,False,False,True
Munir El Haddadi,ma MAR,"FW,MF",Leganés,es La Liga,28.0,1995.0,25,10,862,9.6,4,0,4,4,0,0,1,1,1.6,1.6,0.8,2.3,11,29,42,0.42,0.24,21,9,42.9,2.19,0.94,0.19,0.44,20.1,3,0.07,2.4,2.4,201,268,75.0,2666,657,0.5,-0.8,8,19,6,1,251,14,5,1,0,13,3,2,0,1,0,3,6,21,2.2,13,0,1,2,5,0,2,0.21,12,9,5,4,3,12,25.0,9,8,1,7,1,13,1,1,372,1,34,176,164,17,372,21,7,33.3,12,57.1,242,1016,357,9,1,22,25,299,34,25.2,62.0,1,15,16.0,7,1.0,17,9,8,0.84,1.71,11.6,13.6,-2.0,-0.21,0,14,39,7,0,0,0,33,10,24,29.4,FWD,223725.0,exact,223725.0,2024-06-07,2500000.0,223725,1995-09-01,Morocco,2027-06-30,177.0,left,29.336071184120467,29.894875164257556,14.731801689838349,860.6050725197832,Peak,False,False,True,False,False,MAR,CAF,False,True,False,False,False,False
Sébastien Haller,ci CIV,FW,Leganés,es La Liga,30.0,1994.0,8,5,404,4.5,0,0,0,0,0,0,0,0,0.4,0.4,0.2,0.6,3,4,14,0.0,0.13,4,1,25.0,0.89,0.22,0.0,0.0,14.1,0,0.1,-0.4,-0.4,54,90,60.0,648,93,0.2,-0.2,1,4,0,0,85,5,0,2,0,0,0,0,0,0,0,0,1,4,0.89,3,0,1,0,0,0,0,0.0,2,0,1,0,1,2,50.0,1,1,0,1,0,2,7,0,129,7,21,66,45,11,129,3,1,33.3,1,33.3,56,227,105,2,0,17,5,94,51,11.8,71.0,1,3,16.0,4,0.75,2,9,-7,-1.56,-1.26,2.1,7.7,-5.6,-1.24,0,4,5,7,0,0,0,10,26,17,60.5,FWD,181375.0,exact,181375.0,2025-05-28,3000000.0,181375,1994-06-22,Cote d'Ivoire,2026-06-30,190.0,right,30.529774127310063,17.904073587385017,14.914123179965662,932.067108264571,Declining,False,False,True,False,False,CIV,CAF,False,True,False,False,False,False
Jack Harrison,eng ENG,FW,Everton,eng Premier League,27.0,1996.0,34,24,2076,23.1,1,0,1,1,0,0,0,0,3.5,3.5,3.7,7.2,73,51,127,0.04,0.31,29,7,24.1,1.26,0.3,0.03,0.14,16.2,0,0.12,-2.5,-2.5,414,659,62.8,6596,2477,3.1,-3.7,33,28,25,11,588,64,23,4,2,131,8,32,27,0,1,7,33,57,2.47,38,9,4,2,4,0,4,0.17,32,22,12,12,8,46,32.6,31,18,2,16,10,42,35,2,948,36,157,336,463,69,948,75,24,32.0,43,57.3,524,3153,1639,36,17,52,41,612,61,60.7,76.0,8,10,26.0,4,1.21,20,27,-7,-0.3,-0.64,23.9,31.2,-7.4,-0.32,0,13,28,4,1,0,0,73,4,28,12.5,FWD,417346.0,exact,417346.0,2025-05-30,14000000.0,417346,1996-11-20,England,2026-06-30,175.0,left,28.11498973305955,17.904073587385017,16.454567959008102,790.4526476900438,Peak,False,True,False,False,False,ENG,UEFA,False,False,False,False,False,True
Kai Havertz,de GER,"FW,MF",Arsenal,eng Premier League,25.0,1999.0,23,21,1875,20.8,9,3,12,9,0,0,5,0,9.5,9.5,2.4,12.0,35,61,113,0.58,0.57,53,21,39.6,2.54,1.01,0.17,0.43,11.6,0,0.18,-0.5,-0.5,407,519,78.4,4905,1033,1.7,0.6,17,27,9,1,511,6,1,1,0,11,5,0,0,0,0,2,11,42,2.02,35,0,1,6,0,0,3,0.14,16,9,3,6,7,15,26.7,11,23,4,19,6,22,33,1,785,31,92,287,411,107,785,38,9,23.7,24,63.2,418,2012,954,23,18,44,23,584,82,54.8,88.0,18,2,18.0,1,2.13,40,20,20,0.96,0.09,34.2,19.3,14.9,0.72,0,38,23,14,0,0,0,41,63,78,44.7,FWD,309400.0,exact,309400.0,2025-05-30,65000000.0,309400,1999-06-11,Germany,2028-06-30,193.0,left,25.560574948665298,41.9185282522996,17.989897843244528,653.342991706336,Developing,False,True,False,False,False,GER,UEFA,False,False,False,False,False,True
Son Heung-min,kr KOR,FW,Tottenham,eng Premier League,32.0,1992.0,30,24,2110,23.4,7,9,16,6,1,2,1,0,7.2,5.7,8.2,13.9,96,111,265,0.64,0.66,55,24,43.6,2.35,1.02,0.11,0.25,17.0,1,0.11,-0.2,0.3,730,925,78.9,10322,2867,5.1,0.8,50,40,51,6,853,70,15,4,4,78,12,38,25,5,0,2,26,117,4.99,87,8,10,7,5,0,15,0.64,17,9,3,8,6,27,18.5,22,11,0,11,5,22,17,1,1134,16,115,362,668,122,1132,83,29,34.9,41,49.4,761,4914,2613,49,44,25,32,867,70,61.7,79.0,11,6,35.0,0,1.13,44,35,9,0.38,1.07,36.2,39.0,-2.8,-0.12,0,6,28,12,1,0,0,85,6,12,33.3,FWD,91845.0,fuzzy_verified,91845.0,2025-05-30,20000000.0,91845,1992-07-08,"Korea, South",2027-12-31,183.0,both,32.48459958932238,35.939553219448094,16.811242881518265,1055.2492104786036,Declining,False,True,False,False,False,KOR,AFC,True,False,False,False,False,False
George Hirst,sct SCO,FW,Ipswich Town,eng Premier League,25.0,1999.0,26,5,661,7.3,3,1,4,3,0,0,3,0,2.1,2.1,0.3,2.5,9,13,31,0.54,0.34,14,7,50.0,1.91,0.95,0.21,0.43,11.3,0,0.15,0.9,0.9,69,122,56.6,785,188,0.3,0.7,4,1,4,0,121,0,0,0,0,3,0,0,0,0,0,1,5,9,1.22,7,0,0,1,1,0,3,0.41,3,3,1,0,2,4,25.0,3,1,1,0,2,5,10,0,188,12,28,61,101,28,188,6,2,33.3,3,50.0,101,529,211,2,7,21,16,161,25,19.3,72.0,0,21,14.0,0,0.5,10,16,-6,-0.82,0.49,7.1,15.0,-7.9,-1.08,0,13,12,3,0,0,0,12,32,23,58.2,FWD,420808.0,exact,420808.0,2025-05-30,4000000.0,420808,1999-02-15,Scotland,2029-06-30,191.0,right,25.87816563997262,53.90932982917214,15.201805169084134,669.6794568898596,Developing,False,True,False,False,False,SCO,UEFA,False,False,False,False,False,True
Adam Hložek,cz CZE,"FW,MF",Hoffenheim,de Bundesliga,22.0,2002.0,27,22,1871,20.8,8,4,12,8,0,0,2,0,5.6,5.6,3.5,9.1,54,68,102,0.58,0.44,59,24,40.7,2.84,1.15,0.14,0.33,17.3,1,0.1,2.4,2.4,348,508,68.5,5351,1301,3.2,0.5,20,37,19,4,493,12,0,1,1,20,4,0,0,0,0,3,19,57,2.74,41,1,7,4,4,0,10,0.48,22,10,7,8,7,20,55.0,9,13,1,12,4,26,20,0,761,20,73,334,367,114,761,64,33,51.6,27,42.2,429,2621,1336,31,19,51,37,552,69,61.1,81.0,13,5,18.0,0,0.85,28,44,-16,-0.77,-0.32,28.5,34.4,-5.9,-0.28,0,15,30,6,0,0,0,66,40,39,50.6,FWD,552057.0,exact_accent_stripped,552057.0,2025-06-05,18000000.0,552057,2002-07-25,Czech Republic,2029-06-30,188.0,right,22.439425051334702,53.90932982917214,16.705882371415992,503.5277966344674,Developing,True,False,False,False,False,CZE,UEFA,False,False,False,False,False,True
Philipp Hofmann,de GER,FW,Bochum,de Bundesliga,31.0,1993.0,32,27,2277,25.3,3,3,6,3,0,0,4,0,5.5,5.5,3.3,8.8,8,53,112,0.24,0.35,54,19,35.2,2.13,0.75,0.06,0.16,14.0,0,0.1,-2.5,-2.5,441,694,63.5,6603,1417,2.6,-0.3,26,40,9,0,673,16,0,2,2,10,1,0,0,0,0,5,12,55,2.17,42,0,0,9,2,2,3,0.12,17,12,4,6,7,15,53.3,7,14,1,13,4,21,33,0,938,40,88,548,307,100,938,20,10,50.0,10,50.0,486,1632,456,15,2,55,32,731,71,74.4,81.0,13,5,19.0,0,0.69,21,45,-24,-0.95,0.2,29.1,45.4,-16.2,-0.64,0,36,31,4,0,1,0,52,164,126,56.6,FWD,119037.0,exact,119037.0,2025-06-05,1000000.0,119037,1993-03-30,Germany,2028-06-30,195.0,left,31.759069130732374,41.9185282522996,13.815511557963774,1008.638472050638,Declining,True,False,False,False,False,GER,UEFA,False,False,False,False,False,True
Lucas Höler,de GER,"FW,MF",Freiburg,de Bundesliga,30.0,1994.0,31,21,1867,20.7,6,4,10,6,0,1,3,0,7.7,6.9,2.9,9.8,21,47,122,0.48,0.51,34,17,50.0,1.64,0.82,0.18,0.35,10.8,0,0.21,-1.7,-0.9,390,595,65.5,4821,957,1.7,1.1,22,34,9,1,577,16,1,1,1,14,3,0,0,0,0,2,19,51,2.46,37,1,2,7,4,0,6,0.29,37,24,18,15,4,24,37.5,15,29,7,22,7,44,36,0,854,40,132,382,352,89,853,34,18,52.9,13,38.2,395,1593,673,12,7,52,24,571,60,61.0,79.0,8,10,20.0,2,1.61,30,34,-4,-0.19,-0.19,26.8,28.2,-1.4,-0.07,0,30,30,8,0,0,0,68,80,61,56.7,FWD,248999.0,exact,248999.0,2025-06-05,3000000.0,248999,1994-07-10,Germany,,184.0,right,30.480492813141684,,14.914123179965662,929.0604421319819,Declining,True,False,False,False,False,GER,UEFA,False,False,False,False,False,True
Benedict Hollerbach,de GER,"FW,MF",Union Berlin,de Bundesliga,23.0,2001.0,34,30,2540,28.2,9,1,10,9,0,0,3,0,7.0,7.0,1.6,8.6,103,68,214,0.35,0.31,76,24,31.6,2.69,0.85,0.12,0.38,16.1,0,0.09,2.0,2.0,441,674,65.4,6054,1428,2.3,-0.6,26,24,22,3,660,13,0,3,4,73,2,0,0,0,0,1,54,79,2.8,49,1,12,10,6,1,7,0.25,43,22,8,23,12,51,41.2,30,35,0,35,2,45,13,1,1112,19,125,446,567,138,1112,115,42,36.5,62,53.9,710,5462,2582,68,52,111,94,781,75,83.0,80.0,11,4,35.0,0,1.18,33,42,-9,-0.32,0.89,34.1,38.0,-3.9,-0.14,0,42,45,17,2,1,0,111,29,65,30.9,FWD,453870.0,exact,453870.0,2025-06-05,12000000.0,453870,2001-05-17,Germany,2029-06-30,181.0,both,23.627652292950035,53.90932982917214,16.300417291085605,558.2659528765471,Developing,True,False,False,False,False,GER,UEFA,False,False,False,False,False,True
Franck Honorat,fr FRA,FW,Gladbach,de Bundesliga,27.0,1996.0,19,18,1439,16.0,4,7,11,4,0,0,0,0,4.5,4.5,5.3,9.8,63,45,124,0.69,0.61,31,9,29.0,1.94,0.56,0.13,0.44,15.2,0,0.15,-0.5,-0.5,409,606,67.5,6591,2419,4.9,1.7,50,24,26,17,509,95,15,0,1,125,21,59,17,36,0,2,26,83,5.19,46,26,3,7,0,1,8,0.5,17,7,10,4,3,8,25.0,6,9,1,8,5,22,28,1,762,30,127,260,389,60,762,32,12,37.5,19,59.4,373,2613,1549,35,26,22,12,456,76,47.0,78.0,1,1,31.0,1,1.37,31,22,9,0.56,1.17,24.9,25.6,-0.7,-0.04,0,7,5,8,0,0,0,72,9,12,42.9,FWD,229006.0,exact,229006.0,2025-06-05,12000000.0,229006,1996-08-11,France,2029-06-30,180.0,right,28.39151266255989,53.90932982917214,16.300417291085605,806.0779912682985,Peak,True,False,False,False,False,FRA,UEFA,False,False,False,False,False,True
Mathias Honsak,at AUT,"FW,DF",Heidenheim,de Bundesliga,27.0,1996.0,22,12,1181,13.1,5,1,6,5,0,0,1,0,3.3,3.3,1.6,4.9,37,29,58,0.46,0.38,29,10,34.5,2.21,0.76,0.17,0.5,17.1,1,0.12,1.7,1.7,324,462,70.1,5737,1580,1.9,-0.6,14,22,12,9,404,57,11,0,0,50,30,13,5,7,0,1,16,41,3.13,22,8,4,5,2,0,5,0.38,15,8,10,5,0,23,43.5,13,19,4,15,10,25,31,0,646,39,162,288,205,33,646,23,9,39.1,13,56.5,338,2014,987,28,9,38,12,376,54,38.6,82.0,7,10,20.0,0,0.68,12,32,-20,-1.52,-1.19,15.8,27.9,-12.1,-0.92,0,14,13,2,0,0,0,55,22,21,51.2,FWD,283497.0,exact,283497.0,2025-06-05,2000000.0,283497,1996-12-20,Austria,2027-06-30,188.0,left,28.032854209445585,29.894875164257556,14.508658238524095,785.840915128031,Peak,True,False,False,False,False,AUT,UEFA,False,False,False,False,False,True
Callum Hudson-Odoi,eng ENG,"FW,MF",Nott'ham Forest,eng Premier League,23.0,2000.0,31,25,2194,24.4,5,2,7,5,0,0,2,0,2.5,2.5,2.7,5.2,130,71,189,0.29,0.21,37,17,45.9,1.52,0.7,0.14,0.29,18.3,0,0.07,2.5,2.5,691,843,82.0,10242,2075,2.6,-0.7,44,38,33,11,817,23,3,5,6,79,6,5,4,1,0,3,16,94,3.86,74,3,10,3,4,0,11,0.45,22,14,8,8,6,18,66.7,6,11,0,11,13,35,12,1,1035,16,117,338,605,74,1035,63,37,58.7,18,28.6,641,5345,3401,61,47,45,23,784,71,64.2,81.0,8,6,28.0,1,1.74,38,23,15,0.62,0.84,28.7,26.9,1.8,0.07,0,12,25,8,1,0,0,92,3,10,23.1,FWD,392768.0,exact,392768.0,2025-05-30,25000000.0,392768,2000-11-07,England,2028-06-30,178.0,right,24.150581793292265,41.9185282522996,17.034386422832473,583.2506009544998,Developing,False,True,False,False,False,ENG,UEFA,False,False,False,False,False,True
Rasmus Højlund,dk DEN,FW,Manchester Utd,eng Premier League,21.0,2003.0,32,23,2004,22.3,4,0,4,4,0,0,2,0,5.3,5.3,1.8,7.1,28,18,101,0.18,0.32,32,13,40.6,1.44,0.58,0.13,0.31,12.9,0,0.16,-1.3,-1.3,251,336,74.7,2741,486,1.1,-1.8,16,14,5,1,310,23,0,2,0,8,0,0,0,0,0,3,6,34,1.53,22,0,3,5,4,0,1,0.04,3,1,0,2,1,5,0.0,5,6,0,6,2,5,6,0,515,6,36,251,237,74,515,33,9,27.3,21,63.6,308,1516,655,13,17,63,33,408,63,58.6,78.0,7,9,24.0,2,1.03,17,31,-14,-0.63,-0.88,25.9,29.6,-3.8,-0.17,0,17,28,13,1,0,0,35,31,94,24.8,FWD,610442.0,exact,610442.0,2025-05-30,35000000.0,610442,2003-02-04,Denmark,2030-06-30,191.0,left,21.908281998631075,65.90013140604468,17.370858648025116,479.97282013154245,Emerging,False,True,False,False,False,DEN,UEFA,False,False,False,False,False,True
Stanis Idumbo,be BEL,"FW,MF",Sevilla,es La Liga,19.0,2005.0,14,3,284,3.2,1,1,2,1,0,0,0,0,0.6,0.6,0.7,1.3,10,8,20,0.63,0.42,4,2,50.0,1.27,0.63,0.25,0.5,23.5,0,0.16,0.4,0.4,63,76,82.9,1003,217,0.1,0.3,6,2,1,0,72,3,0,1,0,0,3,0,0,0,0,1,3,7,2.21,7,0,0,0,0,0,1,0.32,9,5,3,4,2,5,60.0,2,3,1,2,4,13,2,0,130,6,26,54,55,6,130,19,9,47.4,9,47.4,88,704,332,5,4,12,11,91,20,8.3,50.0,0,11,12.0,22,1.0,7,7,0,0.0,0.37,3.7,5.6,-1.9,-0.6,0,1,7,0,0,0,0,19,1,0,100.0,FWD,743387.0,exact,743387.0,2025-06-09,2500000.0,743387,2005-06-29,Belgium,2030-06-30,171.0,right,19.509924709103355,65.90013140604468,14.731801689838349,380.63716215488165,Emerging,False,False,True,False,False,BEL,UEFA,False,False,False,False,False,True
Borja Iglesias,es ESP,FW,Celta Vigo,es La Liga,31.0,1993.0,37,24,1952,21.7,11,3,14,11,0,0,2,0,9.3,9.3,3.2,12.6,22,28,108,0.65,0.58,46,28,60.9,2.12,1.29,0.24,0.39,13.4,0,0.2,1.7,1.7,346,489,70.8,4981,820,1.4,-0.2,18,20,9,0,425,56,1,8,8,6,2,0,0,0,0,8,21,36,1.66,25,1,0,5,5,0,7,0.32,10,9,2,5,3,15,26.7,11,9,2,7,7,17,10,0,685,16,48,362,284,83,685,32,11,34.4,18,56.3,396,1588,536,13,13,62,32,514,53,57.1,70.0,1,13,21.0,1,1.49,30,31,-1,-0.05,-0.23,28.2,23.1,5.2,0.24,0,40,34,14,2,0,0,46,14,27,34.1,FWD,278359.0,exact,278359.0,2025-06-09,3000000.0,278359,1993-01-17,Spain,2027-06-30,187.0,right,31.956194387405887,29.894875164257556,14.914123179965662,1021.1983597256715,Declining,False,False,True,False,False,ESP,UEFA,False,False,False,False,False,True
Kelechi Iheanacho,ng NGA,FW,Sevilla,es La Liga,27.0,1996.0,9,5,400,4.4,0,0,0,0,0,0,0,0,1.5,1.5,0.3,1.8,6,5,17,0.0,0.41,9,2,22.2,2.03,0.45,0.0,0.0,13.9,0,0.16,-1.5,-1.5,60,80,75.0,831,125,0.2,-0.3,5,1,1,0,76,4,0,0,2,0,1,0,0,0,0,0,1,12,2.7,8,0,1,3,0,0,0,0.0,1,0,0,1,0,3,33.3,2,0,0,0,0,1,1,0,108,2,9,50,49,14,108,4,2,50.0,2,50.0,60,236,126,3,2,10,4,81,44,11.7,59.0,0,4,26.0,10,0.89,2,6,-4,-0.9,-0.63,4.2,4.5,-0.3,-0.07,0,5,1,7,0,0,0,7,2,8,20.0,FWD,295330.0,exact,295330.0,2025-05-27,4500000.0,295330,1996-10-03,Nigeria,2026-06-30,185.0,left,28.246406570841888,17.904073587385017,15.319588176962746,797.8594841652998,Peak,False,False,True,False,False,NGA,CAF,False,True,False,False,False,False
Jonathan Ikone,fr FRA,FW,Como,it Serie A,26.0,1998.0,13,5,540,6.0,2,0,2,2,0,0,1,0,1.8,1.8,0.2,1.9,23,17,55,0.33,0.32,16,5,31.3,2.67,0.83,0.13,0.4,13.0,0,0.11,0.2,0.2,136,168,81.0,1947,407,0.6,-0.2,2,8,7,0,164,4,0,4,1,1,3,0,0,0,0,0,3,14,2.33,7,0,2,2,2,1,3,0.5,15,9,4,3,8,11,54.5,5,5,1,4,0,15,1,1,257,4,26,110,125,31,257,29,8,27.6,20,69.0,168,1060,612,11,12,9,14,188,42,15.8,73.0,0,8,22.0,2,1.62,8,5,3,0.5,0.69,8.2,8.8,-0.7,-0.11,0,3,7,2,0,0,0,18,4,1,80.0,FWD,324690.0,exact_accent_stripped,324690.0,2025-06-17,7000000.0,324690,1998-05-02,France,2027-06-30,175.0,left,26.6694045174538,29.894875164257556,15.76142084987672,711.257137315585,Peak,False,False,False,False,True,FRA,UEFA,False,False,False,False,False,True
Jonathan Ikone,fr FRA,"FW,MF",Fiorentina,it Serie A,26.0,1998.0,14,1,334,3.7,0,0,0,0,0,0,0,0,0.8,0.8,0.1,0.9,12,13,39,0.0,0.23,9,5,55.6,2.43,1.35,0.0,0.0,14.5,0,0.09,-0.8,-0.8,86,102,84.3,1227,271,0.4,-0.1,2,7,4,0,100,2,2,0,1,1,0,0,0,0,0,0,4,13,3.5,8,0,2,1,2,0,0,0.0,5,2,3,2,0,4,50.0,2,3,0,3,1,6,1,0,148,2,21,52,79,19,148,17,7,41.2,9,52.9,101,790,399,9,4,4,7,110,24,9.8,55.0,0,13,21.0,3,1.57,7,0,7,1.89,1.54,5.9,3.1,2.8,0.75,0,3,7,0,0,0,0,19,0,6,0.0,FWD,324690.0,exact_accent_stripped,324690.0,2025-06-17,7000000.0,324690,1998-05-02,France,2027-06-30,175.0,left,26.6694045174538,29.894875164257556,15.76142084987672,711.257137315585,Peak,False,False,False,False,True,FRA,UEFA,False,False,False,False,False,True
George Ilenikhena,ng NGA,FW,Monaco,fr Ligue 1,17.0,2006.0,23,6,717,8.0,3,2,5,3,0,0,0,0,5.1,5.1,1.4,6.5,8,10,58,0.63,0.81,21,9,42.9,2.64,1.13,0.14,0.33,13.5,0,0.24,-2.1,-2.1,87,121,71.9,1117,192,0.5,0.6,9,3,3,0,111,9,0,1,0,0,0,0,0,0,0,1,2,17,2.14,11,0,2,2,2,0,3,0.38,4,2,0,3,1,2,50.0,1,0,0,0,2,6,0,0,189,0,9,68,114,36,189,17,3,17.6,12,70.6,121,492,199,5,5,12,16,163,31,23.4,66.0,0,17,19.0,5,1.78,16,9,7,0.88,0.3,17.4,6.3,11.2,1.41,0,14,10,9,0,0,0,10,14,16,46.7,FWD,1004834.0,exact,1004834.0,2025-06-03,15000000.0,1004834,2006-08-16,Nigeria,2029-06-30,185.0,left,18.379192334017795,53.90932982917214,16.52356082573315,337.7947108508185,Emerging,False,False,False,True,False,NGA,CAF,False,True,False,False,False,False
Andrej Ilic,rs SRB,FW,Union Berlin,de Bundesliga,24.0,2000.0,16,11,937,10.4,7,0,7,6,1,1,1,0,4.9,4.1,0.3,4.4,5,13,59,0.58,0.5,27,11,40.7,2.59,1.06,0.22,0.55,12.1,0,0.15,2.1,1.9,110,191,57.6,1223,314,0.2,-0.3,6,16,0,0,185,6,0,1,1,3,0,0,0,0,0,0,4,15,1.44,9,0,1,3,2,0,2,0.19,2,2,0,2,0,6,0.0,6,7,3,4,5,7,6,1,302,10,32,139,135,45,301,7,1,14.3,6,85.7,151,560,167,6,4,32,9,209,59,30.6,69.0,1,5,35.0,0,1.25,16,19,-3,-0.29,0.26,11.4,16.3,-4.9,-0.47,0,14,8,8,0,0,0,16,52,56,48.1,FWD,583699.0,exact,583699.0,2025-06-05,4000000.0,583699,2000-04-03,Serbia,2027-06-30,189.0,right,24.747433264887064,29.894875164257556,15.201805169084134,612.4354532000389,Developing,True,False,False,False,False,SRB,UEFA,False,False,False,False,False,True
Danny Ings,eng ENG,"FW,MF",West Ham,eng Premier League,32.0,1992.0,15,1,284,3.2,1,2,3,1,0,0,0,0,2.3,2.3,1.3,3.5,6,5,29,0.95,1.12,14,5,35.7,4.44,1.58,0.07,0.2,15.5,0,0.16,-1.3,-1.3,63,92,68.5,830,126,0.1,0.7,6,4,1,0,86,5,0,1,0,3,0,0,0,0,0,1,4,12,3.8,7,0,1,3,1,0,2,0.63,4,2,2,2,0,3,33.3,2,5,0,5,1,5,4,0,139,2,15,51,73,27,139,7,4,57.1,2,28.6,63,324,118,0,2,6,6,96,19,8.3,45.0,0,14,17.0,15,1.07,4,4,0,0.0,0.46,8.0,4.7,3.3,1.05,0,0,2,0,1,0,0,9,8,10,44.4,FWD,134294.0,exact,134294.0,2025-05-30,6000000.0,134294,1992-07-23,England,2026-06-30,177.0,right,32.4435318275154,17.904073587385017,15.607270193858982,1052.5827574430048,Declining,False,True,False,False,False,ENG,UEFA,False,False,False,False,False,True
Alexander Isak,se SWE,FW,Newcastle Utd,eng Premier League,24.0,1999.0,34,34,2756,30.6,23,6,29,19,4,4,1,0,20.3,17.2,4.3,21.6,83,88,217,0.82,0.81,95,41,43.2,3.1,1.34,0.2,0.46,14.5,3,0.18,2.7,1.8,519,689,75.3,7434,1644,3.6,1.7,41,35,31,1,606,77,0,6,3,16,9,3,0,0,0,6,24,92,3.01,70,1,8,9,2,2,14,0.46,12,5,2,3,7,15,33.3,10,18,2,16,3,15,17,1,1025,20,57,386,596,189,1021,91,42,46.2,47,51.6,615,3723,1861,42,43,66,55,740,81,80.6,81.0,15,0,,0,1.88,62,41,21,0.69,0.69,55.0,36.3,18.7,0.61,0,27,14,20,1,0,0,55,26,55,32.1,FWD,349066.0,exact,349066.0,2025-05-30,120000000.0,349066,1999-09-21,Sweden,2031-06-30,190.0,right,25.281314168377822,77.8909329829172,18.603002309079653,639.1448460802212,Developing,False,True,False,False,False,SWE,UEFA,False,False,False,False,False,True
Gustav Isaksen,dk DEN,FW,Lazio,it Serie A,23.0,2001.0,37,29,2210,24.6,4,2,6,4,0,0,5,0,5.2,5.2,2.1,7.3,95,46,249,0.24,0.3,54,24,44.4,2.2,0.98,0.07,0.17,18.9,0,0.1,-1.2,-1.2,610,796,76.6,10259,1771,2.8,-0.1,35,19,24,10,721,71,12,2,5,110,9,50,41,2,0,4,32,93,3.79,53,11,14,7,8,0,9,0.37,16,9,7,8,1,28,25.0,21,22,2,20,10,26,21,1,1084,17,105,393,609,120,1084,105,44,41.9,46,43.8,698,5227,2521,56,53,46,31,805,60,64.6,67.0,2,8,34.0,0,1.68,35,33,2,0.08,-0.66,33.7,24.1,9.7,0.39,0,23,46,3,1,0,0,68,13,24,35.1,FWD,462823.0,exact,462823.0,2025-06-17,20000000.0,462823,2001-04-19,Denmark,2028-06-30,181.0,left,23.704312114989733,41.9185282522996,16.811242881518265,561.8944128448491,Developing,False,False,False,False,True,DEN,UEFA,False,False,False,False,False,True
Junya Ito,jp JPN,"FW,MF",Reims,fr Ligue 1,31.0,1993.0,33,31,2690,29.9,4,3,7,4,0,0,1,0,4.6,4.6,7.1,11.7,100,133,256,0.23,0.39,31,11,35.5,1.04,0.37,0.13,0.36,13.7,0,0.15,-0.6,-0.6,811,1214,66.8,12385,4724,9.1,-4.1,82,69,67,28,1048,160,44,7,6,234,19,92,27,52,0,6,40,129,4.32,82,31,9,5,1,1,9,0.3,45,30,19,16,10,60,28.3,43,33,3,30,13,58,15,2,1533,19,222,546,798,83,1533,110,47,42.7,56,50.9,837,5599,2986,74,25,85,39,1034,82,87.9,84.0,18,2,36.0,0,1.0,31,40,-9,-0.3,0.92,31.2,51.1,-19.8,-0.66,0,14,34,10,0,0,0,135,17,28,37.8,FWD,348791.0,exact,348791.0,2025-06-03,6000000.0,348791,1993-03-09,Japan,2028-06-30,177.0,right,31.81656399726215,41.9185282522996,15.607270193858982,1012.2937445918781,Declining,False,False,False,True,False,JPN,AFC,True,False,False,False,False,False
Alex Iwobi,ng NGA,"FW,MF",Fulham,eng Premier League,28.0,1996.0,38,35,2981,33.1,9,6,15,9,0,0,1,0,4.7,4.7,7.0,11.8,144,213,246,0.45,0.36,68,29,42.6,2.05,0.88,0.13,0.31,18.3,0,0.07,4.3,4.3,1150,1532,75.1,19530,5723,7.0,-1.0,59,115,86,19,1487,39,7,15,21,126,24,2,0,1,0,6,52,122,3.68,106,0,8,6,2,0,16,0.48,44,25,14,21,9,34,64.7,12,26,1,25,14,58,29,1,1861,33,244,748,895,116,1861,97,48,49.5,42,43.3,1312,8012,4367,105,37,62,40,1447,78,87.2,83.0,14,3,26.0,0,1.42,40,45,-5,-0.15,-1.18,39.3,37.5,1.8,0.05,0,19,18,5,0,0,0,140,7,31,18.4,FWD,242631.0,exact,242631.0,2025-05-30,28000000.0,242631,1996-05-03,Nigeria,2028-06-30,183.0,right,28.6652977412731,41.9185282522996,17.147715103853763,821.6992945958367,Peak,False,True,False,False,False,NGA,CAF,False,True,False,False,False,False
Nicolas Jackson,sn SEN,FW,Chelsea,eng Premier League,23.0,2001.0,30,28,2220,24.7,10,5,15,10,0,0,7,1,12.3,12.3,4.3,16.6,47,38,129,0.61,0.67,76,34,44.7,3.08,1.38,0.13,0.29,12.9,0,0.16,-2.3,-2.3,303,399,75.9,4088,884,1.9,0.7,28,22,10,1,385,12,1,1,0,3,4,0,0,0,0,2,15,69,2.8,42,0,9,7,9,2,10,0.41,22,13,6,7,9,10,50.0,5,15,2,13,3,25,15,0,687,19,50,285,361,141,687,61,18,29.5,32,52.5,417,2510,1316,25,32,71,41,514,74,64.9,76.0,5,2,41.0,1,1.8,42,23,19,0.77,0.62,43.0,28.4,14.5,0.59,0,35,29,23,0,0,0,48,21,36,36.8,FWD,776890.0,exact,776890.0,2025-05-30,50000000.0,776890,2001-06-20,Senegal,2026-06-30,187.0,right,23.534565366187543,17.904073587385017,17.72753358339242,553.8757669753542,Developing,False,True,False,False,False,SEN,CAF,False,True,False,False,False,False
Gabriel Jesus,br BRA,FW,Arsenal,eng Premier League,27.0,1997.0,17,6,608,6.8,3,0,3,3,0,0,4,0,3.0,3.0,0.7,3.7,15,19,57,0.44,0.54,20,7,35.0,2.96,1.04,0.15,0.43,11.1,0,0.15,0.0,0.0,156,203,76.8,2030,378,0.5,-0.7,8,10,9,1,197,3,0,1,0,7,3,0,0,0,0,3,12,18,2.66,10,0,1,5,1,1,4,0.59,10,6,4,3,3,9,44.4,5,10,1,9,4,14,8,0,299,9,28,108,165,48,299,22,9,40.9,10,45.5,179,953,432,6,11,13,13,217,36,17.8,81.0,2,11,11.0,1,1.94,15,5,10,1.48,0.68,11.4,5.7,5.7,0.85,0,14,10,9,0,0,0,28,9,18,33.3,FWD,363205.0,exact,363205.0,2025-05-30,32000000.0,363205,1997-04-03,Brazil,2027-06-30,175.0,right,27.748117727583846,29.894875164257556,17.281246492014,769.9580374238529,Peak,False,True,False,False,False,BRA,CONMEBOL,False,False,False,True,False,False
Raúl Jiménez,mx MEX,FW,Fulham,eng Premier League,33.0,1991.0,38,30,2494,27.7,12,3,15,9,3,3,4,0,12.0,9.6,3.3,12.9,35,62,125,0.43,0.55,93,30,32.3,3.36,1.08,0.1,0.3,14.5,1,0.1,0.0,-0.6,458,643,71.2,6916,1618,2.1,-0.3,24,41,14,3,635,7,3,3,5,23,4,0,0,0,0,1,28,66,2.38,48,1,2,9,5,1,7,0.25,35,24,9,17,9,22,36.4,14,21,5,16,10,45,23,3,999,35,120,431,464,165,996,50,21,42.0,26,52.0,549,2557,1112,24,17,74,45,734,66,72.9,78.0,9,8,18.0,0,1.42,31,37,-6,-0.22,-0.8,34.4,33.0,1.4,0.05,0,39,41,15,1,0,0,80,91,99,47.9,FWD,206040.0,exact,206040.0,2025-05-30,5000000.0,206040,1991-05-05,Mexico,2026-06-30,188.0,right,33.661875427789184,17.904073587385017,15.424948670398354,1133.1218573159972,Declining,False,True,False,False,False,MEX,CONCACAF,False,False,True,False,False,False
João Pedro,br BRA,"FW,MF",Brighton,eng Premier League,22.0,2001.0,27,23,1948,21.6,10,6,16,5,5,5,4,1,8.9,5.0,5.0,10.0,66,78,128,0.51,0.64,42,15,35.7,1.94,0.69,0.12,0.33,17.2,0,0.12,1.1,0.0,482,661,72.9,6847,1766,3.1,1.0,30,42,36,5,631,26,5,10,3,22,9,4,0,0,0,4,20,72,3.32,56,0,3,2,10,1,9,0.42,16,12,6,6,4,11,36.4,7,12,0,12,9,25,12,0,940,12,60,387,508,122,935,86,29,33.7,47,54.7,616,3821,1821,39,30,72,38,732,72,57.0,81.0,12,4,23.0,0,1.48,33,27,6,0.28,0.22,36.3,25.7,10.6,0.49,0,26,46,2,3,1,0,59,41,43,48.8,FWD,626724.0,exact_birthyear_corrected,626724.0,2025-05-30,50000000.0,626724,2001-09-26,Brazil,2033-06-30,186.0,right,23.266255989048595,101.9053876478318,17.72753358339242,541.3186677479396,Developing,False,True,False,False,False,BRA,CONMEBOL,False,False,False,True,False,False
Brennan Johnson,wls WAL,FW,Tottenham,eng Premier League,23.0,2001.0,33,24,2177,24.2,11,3,14,11,0,0,5,0,10.4,10.4,2.3,12.7,60,71,197,0.58,0.52,54,20,37.0,2.23,0.83,0.2,0.55,11.4,0,0.19,0.6,0.6,449,638,70.4,5932,1611,2.0,0.7,19,25,35,6,624,12,0,0,1,53,12,0,0,0,0,2,41,46,1.9,30,0,6,4,5,1,7,0.29,39,26,9,20,10,34,47.1,18,25,3,22,4,43,14,0,853,18,98,292,475,125,853,44,19,43.2,22,50.0,544,2939,1460,23,35,26,17,626,66,63.7,79.0,14,9,31.0,2,1.03,40,38,2,0.08,0.3,39.5,38.8,0.7,0.03,0,27,26,12,2,0,0,63,7,20,25.9,FWD,470607.0,exact,470607.0,2025-05-30,40000000.0,470607,2001-05-23,Wales,2030-06-30,186.0,right,23.61122518822724,65.90013140604468,17.50439003707821,557.4899548891765,Developing,False,True,False,False,False,WAL,UEFA,False,False,False,False,False,True
Jota,pt POR,"FW,MF",Rennes,fr Ligue 1,25.0,1999.0,9,3,334,3.7,1,0,1,1,0,0,0,0,1.3,1.3,0.3,1.6,13,16,35,0.27,0.44,4,2,50.0,1.08,0.54,0.25,0.5,9.7,0,0.33,-0.3,-0.3,95,132,72.0,1498,360,0.4,-0.3,5,10,6,2,124,8,1,1,1,16,4,3,1,0,0,0,4,7,1.89,6,0,1,0,0,0,1,0.27,5,2,2,3,0,7,57.1,3,1,0,1,3,8,2,0,172,1,13,65,95,16,172,13,4,30.8,8,61.5,114,655,334,6,5,7,2,130,37,10.9,73.0,0,6,19.0,2,1.44,3,5,-2,-0.54,-0.64,5.2,3.7,1.5,0.42,0,3,2,3,0,0,0,11,1,1,50.0,FWD,329812.0,exact_birthyear_corrected,329812.0,2025-06-17,8000000.0,329812,1999-03-30,Portugal,2030-06-30,176.0,right,25.760438056125942,65.90013140604468,15.894952224644102,663.6001688435017,Developing,False,False,False,True,False,POR,UEFA,False,False,False,False,False,True
Diogo Jota,pt POR,FW,Liverpool,eng Premier League,27.0,1996.0,26,14,1196,13.3,6,3,9,6,0,0,2,0,7.9,7.9,1.8,9.8,37,34,88,0.68,0.74,51,13,25.5,3.84,0.98,0.12,0.46,12.4,0,0.16,-1.9,-1.9,216,310,69.7,3313,829,1.1,1.2,11,29,3,1,305,3,0,1,2,8,1,0,0,0,0,2,15,37,2.79,24,0,6,5,1,1,9,0.68,14,8,2,8,4,19,36.8,12,9,0,9,8,22,6,0,485,6,35,198,259,97,485,33,11,33.3,20,60.6,263,1500,796,23,21,40,22,333,46,35.0,67.0,2,12,22.0,3,2.12,29,12,17,1.28,0.15,28.9,12.0,16.9,1.28,0,23,14,1,1,0,0,41,22,32,40.7,FWD,340950.0,exact,340950.0,2025-05-30,40000000.0,340950,1996-12-04,Portugal,,178.0,right,28.076659822039698,,17.50439003707821,788.2988267625383,Peak,False,True,False,False,False,POR,UEFA,False,False,False,False,False,True
Luka Jović,rs SRB,"FW,MF",Milan,it Serie A,26.0,1997.0,15,6,557,6.2,2,0,2,2,0,0,1,0,2.4,2.4,1.4,3.8,8,26,24,0.32,0.61,11,4,36.4,1.78,0.65,0.18,0.5,12.6,0,0.22,-0.4,-0.4,115,141,81.6,1787,418,1.0,-1.4,12,11,8,1,128,12,0,3,1,2,1,0,0,0,0,1,1,16,2.59,14,0,2,0,0,0,0,0.0,0,0,0,0,0,0,,0,2,1,1,1,1,3,0,171,4,13,106,56,18,171,7,4,57.1,2,28.6,99,540,193,3,1,9,6,144,37,16.3,64.0,0,9,19.0,6,1.33,7,8,-1,-0.16,-0.76,10.2,9.0,1.2,0.19,0,4,7,0,0,0,0,9,9,9,50.0,FWD,257462.0,exact,257462.0,2025-06-17,4500000.0,257462,1997-12-23,Serbia,2027-06-30,182.0,right,27.025325119780973,29.894875164257556,15.319588176962746,730.3681978298645,Peak,False,False,False,False,True,SRB,UEFA,False,False,False,False,False,True
Juanmi,es ESP,"FW,MF",Getafe,es La Liga,31.0,1993.0,13,8,696,7.7,0,0,0,0,0,0,2,0,2.9,2.9,0.3,3.2,6,8,28,0.0,0.41,13,6,46.2,1.68,0.78,0.0,0.0,12.8,0,0.22,-2.9,-2.9,105,137,76.6,1513,254,0.2,-0.3,4,3,4,0,131,6,0,0,0,0,3,0,0,0,0,0,10,9,1.16,7,0,1,0,0,1,1,0.13,14,11,4,7,3,19,31.6,13,6,0,6,2,16,3,0,220,1,23,107,92,20,220,10,4,40.0,6,60.0,125,587,186,5,1,27,8,141,54,20.4,74.0,1,5,21.0,1,1.23,12,8,4,0.52,0.81,8.9,9.4,-0.5,-0.07,0,19,10,6,0,0,0,23,6,8,42.9,FWD,126737.0,exact,126737.0,2025-06-09,2000000.0,126737,1993-05-20,Spain,2027-06-30,172.0,right,31.619438740588638,29.894875164257556,14.508658238524095,999.7889062698376,Declining,False,False,True,False,False,ESP,UEFA,False,False,False,False,False,True
Vinicius Júnior,br BRA,FW,Real Madrid,es La Liga,24.0,2000.0,30,24,2253,25.0,11,8,19,9,2,3,8,1,10.4,8.2,8.0,16.2,169,85,256,0.68,0.73,78,24,30.8,3.12,0.96,0.12,0.38,17.5,0,0.11,0.6,0.8,673,901,74.7,10433,2523,7.0,0.0,58,53,36,6,862,29,9,15,16,56,10,8,0,0,0,10,45,135,5.39,80,1,29,11,11,3,18,0.72,21,10,7,4,10,18,27.8,13,9,0,9,3,24,1,2,1264,4,75,378,839,199,1261,191,82,42.9,95,49.7,952,7763,4525,87,106,72,49,1059,75,65.9,86.0,12,6,31.0,0,2.1,44,24,20,0.8,-0.74,43.8,27.0,16.8,0.67,0,30,70,10,2,0,0,71,1,7,12.5,FWD,371998.0,exact_accent_stripped,371998.0,2025-06-09,170000000.0,371998,2000-07-12,Brazil,2027-06-30,176.0,right,24.473648186173854,29.894875164257556,18.951309000896888,598.9594555406107,Developing,False,False,True,False,False,BRA,CONMEBOL,False,False,False,True,False,False
Arnaud Kalimuendo,fr FRA,"FW,MF",Rennes,fr Ligue 1,22.0,2002.0,33,31,2578,28.6,17,3,20,12,5,8,2,0,14.9,8.9,2.0,10.9,50,72,167,0.52,0.59,68,29,42.6,2.37,1.01,0.18,0.41,16.7,1,0.13,2.1,3.1,477,605,78.8,7080,1245,2.1,1.0,19,36,14,1,549,53,4,3,5,13,1,0,0,0,0,3,24,49,1.71,37,0,3,6,2,1,6,0.21,19,12,6,9,4,15,46.7,8,9,2,7,4,23,16,1,885,18,74,432,392,126,877,62,21,33.9,39,62.9,521,2746,1273,30,27,59,59,684,78,84.2,81.0,14,2,33.0,0,1.15,43,41,2,0.07,0.26,40.3,38.2,2.1,0.07,0,29,40,12,1,0,0,63,22,59,27.2,FWD,585959.0,exact,585959.0,2025-06-03,22000000.0,585959,2002-01-20,France,2026-06-30,178.0,right,22.94866529774127,17.904073587385017,16.906553056777135,526.6412389477545,Developing,False,False,False,True,False,FRA,UEFA,False,False,False,False,False,True
Harry Kane,eng ENG,FW,Bayern Munich,de Bundesliga,31.0,1993.0,31,28,2381,26.5,26,9,35,17,9,9,5,0,20.3,13.3,5.3,18.6,29,97,143,0.98,0.97,105,45,42.9,3.97,1.7,0.16,0.38,16.3,6,0.13,5.7,3.7,509,645,78.9,9141,2258,5.6,3.7,35,56,36,2,621,18,1,17,14,13,9,1,0,0,0,6,21,89,3.36,59,1,9,15,5,0,21,0.79,13,11,3,8,2,6,33.3,4,16,2,14,2,15,16,0,917,20,77,333,511,162,908,53,23,43.4,29,54.7,513,2260,954,19,21,41,22,716,77,77.8,82.0,15,3,29.0,0,2.52,82,18,64,2.42,2.02,65.0,17.8,47.2,1.79,0,9,21,16,2,0,0,61,29,20,59.2,FWD,132098.0,exact,132098.0,2025-06-05,75000000.0,132098,1993-07-28,England,2027-06-30,188.0,right,31.430527036276523,29.894875164257556,18.132998684833918,987.8780297781094,Declining,True,False,False,False,False,ENG,UEFA,False,False,False,False,False,True
Lee Kang-in,kr KOR,"FW,MF",Paris S-G,fr Ligue 1,23.0,2001.0,30,19,1663,18.5,6,6,12,6,0,0,1,0,3.5,3.5,5.6,9.1,50,143,138,0.65,0.5,41,14,34.1,2.22,0.76,0.15,0.43,19.0,1,0.09,2.5,2.5,1110,1268,87.5,17230,4215,6.4,0.4,56,103,43,7,1149,114,15,13,10,94,7,84,24,32,0,5,16,97,5.26,70,21,3,3,0,0,6,0.33,25,17,7,11,7,35,54.3,16,11,1,10,3,28,3,1,1432,13,107,616,720,68,1432,51,29,56.9,19,37.3,938,4933,2194,45,18,22,26,1172,55,54.3,73.0,4,11,26.0,2,2.5,46,22,24,1.3,-0.83,44.0,18.2,25.8,1.4,0,21,28,1,0,0,0,73,5,10,33.3,FWD,557149.0,fuzzy_verified,557149.0,2025-06-03,25000000.0,557149,2001-02-19,"Korea, South",2028-06-30,174.0,left,23.865845311430526,41.9185282522996,17.034386422832473,569.5785724291304,Developing,False,False,False,True,False,KOR,AFC,True,False,False,False,False,False
Jesper Karlsson,se SWE,FW,Bologna,it Serie A,26.0,1998.0,7,3,298,3.3,1,0,1,1,0,0,1,0,0.7,0.7,0.1,0.8,6,6,31,0.3,0.25,6,2,33.3,1.81,0.6,0.17,0.5,20.3,1,0.12,0.3,0.3,72,96,75.0,962,159,0.1,-0.1,2,2,2,1,91,5,3,0,0,4,2,0,0,0,0,0,6,9,2.72,9,0,0,0,0,0,1,0.3,1,0,0,0,1,2,0.0,2,4,0,4,0,1,3,0,128,1,14,48,68,6,128,6,2,33.3,3,50.0,97,557,207,8,0,6,9,106,43,8.7,54.0,0,4,34.0,10,1.29,5,7,-2,-0.6,-0.95,4.3,4.2,0.1,0.03,0,6,4,1,0,0,0,8,2,4,33.3,FWD,367992.0,exact,367992.0,2025-06-17,4000000.0,367992,1998-07-25,Sweden,2026-06-30,179.0,right,26.439425051334702,17.904073587385017,15.201805169084134,699.043197045145,Peak,False,False,False,False,True,SWE,UEFA,False,False,False,False,False,True
Jesper Karlsson,se SWE,FW,Lecce,it Serie A,26.0,1998.0,13,6,495,5.5,1,0,1,0,1,1,2,0,1.5,0.7,0.6,1.3,11,12,32,0.0,0.38,9,4,44.4,1.64,0.73,0.0,0.0,22.1,2,0.07,-0.5,-0.7,109,158,69.0,1711,437,0.5,-0.6,10,7,9,4,137,20,4,0,2,28,1,15,7,4,0,1,7,18,3.26,10,8,0,0,0,0,0,0.0,3,2,3,0,0,8,25.0,6,2,0,2,0,3,4,0,202,5,25,77,101,9,201,9,6,66.7,3,33.3,111,667,290,10,1,10,6,136,38,14.5,58.0,0,7,21.0,7,0.92,5,6,-1,-0.18,0.74,4.8,7.9,-3.2,-0.57,0,4,0,0,0,1,0,12,1,6,14.3,FWD,367992.0,exact,367992.0,2025-06-17,4000000.0,367992,1998-07-25,Sweden,2026-06-30,179.0,right,26.439425051334702,17.904073587385017,15.201805169084134,699.043197045145,Peak,False,False,False,False,True,SWE,UEFA,False,False,False,False,False,True
Mikkel Kaufmann,dk DEN,FW,Heidenheim,de Bundesliga,23.0,2001.0,9,3,372,4.1,0,0,0,0,0,0,2,0,0.5,0.5,0.1,0.6,4,10,21,0.0,0.15,3,3,100.0,0.73,0.73,0.0,0.0,14.6,0,0.18,-0.5,-0.5,45,91,49.5,716,193,0.5,-0.1,3,6,6,0,87,3,1,1,1,1,1,0,0,0,0,1,4,12,2.92,7,1,0,1,3,0,1,0.24,6,4,1,3,2,5,40.0,3,5,2,3,2,8,7,0,139,6,19,71,51,12,139,7,2,28.6,3,42.9,77,367,171,6,4,11,2,99,41,12.2,63.0,0,6,31.0,4,0.33,3,9,-6,-1.45,-0.75,5.0,8.6,-3.7,-0.89,0,5,14,0,1,0,0,13,17,19,47.2,FWD,545332.0,exact,545332.0,2025-06-19,1200000.0,545332,2001-01-03,Denmark,2028-06-30,189.0,right,23.994524298425734,41.9185282522996,13.997832948091215,575.7371963077429,Developing,True,False,False,False,False,DEN,UEFA,False,False,False,False,False,True
Moise Kean,it ITA,FW,Fiorentina,it Serie A,24.0,2000.0,31,30,2615,29.1,17,3,20,16,1,2,5,0,19.4,17.9,1.9,19.7,42,26,143,0.65,0.71,98,45,45.9,3.37,1.55,0.16,0.36,15.0,0,0.18,-0.4,0.1,228,326,69.9,3457,552,1.1,1.1,19,15,10,1,295,29,1,1,5,8,3,1,0,0,0,2,15,57,1.9,26,1,16,8,5,1,7,0.23,7,5,1,2,4,4,75.0,1,12,0,12,5,12,26,1,700,28,49,306,366,132,698,101,44,43.6,49,48.5,454,2460,1078,28,32,97,53,541,84,76.5,86.0,22,1,35.0,0,1.56,46,34,12,0.41,-0.37,41.2,36.3,4.9,0.16,0,40,51,56,0,1,0,52,51,48,51.5,FWD,364135.0,exact,364135.0,2025-06-17,50000000.0,364135,2000-02-28,Italy,2029-06-30,183.0,right,24.843258042436688,53.90932982917214,17.72753358339242,617.1874701630952,Developing,False,False,False,False,True,ITA,UEFA,False,False,False,False,False,True
Wahbi Khazri,tn TUN,"FW,MF",Montpellier,fr Ligue 1,33.0,1991.0,30,10,1118,12.4,1,1,2,1,0,0,4,0,2.3,2.3,2.2,4.4,24,33,53,0.16,0.37,36,6,16.7,2.9,0.48,0.03,0.17,24.7,4,0.06,-1.3,-1.3,229,337,68.0,3894,1196,1.8,-1.2,18,27,8,5,288,48,9,3,5,48,5,20,5,11,0,1,13,39,3.27,23,5,3,3,4,1,2,0.17,25,18,5,16,4,21,38.1,13,13,1,12,5,30,7,0,486,14,63,213,219,34,486,26,7,26.9,16,61.5,259,1515,710,13,10,21,25,306,37,36.5,69.0,1,20,21.0,2,0.5,7,28,-21,-1.69,-0.07,13.9,23.8,-9.9,-0.83,0,23,28,7,0,0,0,44,8,21,27.6,FWD,103565.0,exact,103565.0,2025-06-03,1000000.0,103565,1991-02-08,Tunisia,,176.0,right,33.89733059548254,,13.815511557963774,1149.029021499437,Declining,False,False,False,True,False,TUN,CAF,False,True,False,False,False,False
Joshua King,no NOR,"FW,MF",Toulouse,fr Ligue 1,32.0,1992.0,28,21,1673,18.6,6,3,9,6,0,0,2,0,6.6,6.6,2.0,8.7,39,29,108,0.48,0.47,50,20,40.0,2.69,1.08,0.12,0.3,15.3,0,0.13,-0.6,-0.6,253,358,70.7,3233,592,1.6,1.0,17,13,10,1,332,23,1,0,1,9,5,0,0,0,0,3,8,31,1.67,21,0,3,3,2,2,4,0.22,11,11,4,4,3,12,41.7,7,10,3,7,6,17,19,0,574,22,70,238,282,94,574,64,35,54.7,28,43.8,307,2017,1006,24,15,47,33,393,60,54.7,72.0,6,7,23.0,0,1.18,25,18,7,0.38,0.77,24.9,20.0,5.0,0.27,0,35,27,7,1,0,0,60,35,51,40.7,FWD,91059.0,exact,91059.0,2025-06-03,1800000.0,91059,1992-01-15,Norway,2027-06-30,180.0,right,32.9637234770705,29.894875164257556,14.403297778421795,1086.607065472769,Declining,False,False,False,True,False,NOR,UEFA,False,False,False,False,False,True
Tim Kleindienst,de GER,FW,Gladbach,de Bundesliga,28.0,1995.0,31,31,2737,30.4,16,7,23,15,1,2,5,1,13.6,11.9,6.2,18.0,45,63,145,0.72,0.65,73,36,49.3,2.4,1.18,0.21,0.42,12.9,0,0.16,2.4,3.1,466,765,60.9,6509,1615,4.0,0.8,29,30,22,1,713,46,0,7,6,16,14,0,0,0,0,6,43,68,2.24,48,1,1,10,4,4,14,0.46,30,15,6,15,9,35,28.6,25,45,9,36,12,42,66,1,1149,74,145,613,403,137,1147,37,14,37.8,23,62.2,545,2407,1024,21,24,82,42,797,88,89.4,88.0,23,0,,0,1.35,53,49,4,0.13,1.8,46.1,53.8,-7.7,-0.25,1,75,25,23,2,1,0,74,149,123,54.8,FWD,193033.0,exact,193033.0,2025-06-05,17000000.0,193033,1995-08-31,Germany,2029-06-30,194.0,both,29.338809034907598,53.90932982917214,16.648723960844016,860.7657155867757,Peak,True,False,False,False,False,GER,UEFA,False,False,False,False,False,True
Randal Kolo Muani,fr FRA,FW,Juventus,it Serie A,25.0,1998.0,16,13,1160,12.9,8,1,9,7,1,1,0,0,4.7,3.9,1.6,5.5,21,20,100,0.62,0.49,25,13,52.0,1.94,1.01,0.28,0.54,13.2,0,0.16,3.3,3.1,151,216,69.9,1910,347,0.8,-0.6,17,8,9,0,192,23,0,2,1,8,1,0,0,0,0,1,7,27,2.09,20,0,6,0,1,0,3,0.23,11,7,3,5,3,5,80.0,1,8,0,8,4,15,2,0,364,3,27,147,193,71,363,44,18,40.9,24,54.5,213,1135,468,10,14,41,23,269,73,33.9,83.0,6,3,25.0,1,1.88,17,15,2,0.16,-0.68,15.3,13.1,2.2,0.17,0,27,20,6,0,0,0,33,10,27,27.0,FWD,487969.0,exact,487969.0,2025-06-17,30000000.0,487969,1998-12-05,France,2026-06-30,187.0,right,26.075290896646134,17.904073587385017,17.216707972959764,679.9207953447168,Peak,False,False,False,False,True,FRA,UEFA,False,False,False,False,False,True
Randal Kolo Muani,fr FRA,FW,Paris S-G,fr Ligue 1,25.0,1998.0,10,2,358,4.0,2,1,3,1,1,1,0,0,4.7,3.9,0.9,4.7,8,5,35,0.5,1.39,15,6,40.0,3.77,1.51,0.07,0.17,11.8,0,0.26,-2.7,-2.9,57,78,73.1,755,123,0.6,0.1,5,0,3,0,73,5,0,2,1,0,0,0,0,0,0,0,3,13,3.27,7,0,1,3,1,1,3,0.75,4,4,1,1,2,2,0.0,2,1,0,1,0,4,5,0,132,5,9,41,83,31,131,14,7,50.0,7,50.0,78,370,149,4,5,11,10,104,36,11.7,68.0,1,8,28.0,3,2.4,10,7,3,0.75,-1.04,10.6,3.0,7.7,1.92,0,7,7,2,1,0,0,8,9,3,75.0,FWD,487969.0,exact,487969.0,2025-06-17,30000000.0,487969,1998-12-05,France,2026-06-30,187.0,right,26.075290896646134,17.904073587385017,17.216707972959764,679.9207953447168,Peak,False,False,False,True,False,FRA,UEFA,False,False,False,False,False,True
Christian Kouamé,ci CIV,"FW,MF",Fiorentina,it Serie A,26.0,1997.0,18,5,622,6.9,0,1,1,0,0,0,1,0,1.1,1.1,1.5,2.5,7,16,46,0.14,0.37,11,1,9.1,1.59,0.14,0.0,0.0,14.3,0,0.1,-1.1,-1.1,137,197,69.5,2017,386,0.7,-0.5,9,10,4,1,188,7,1,0,0,6,6,0,0,0,0,2,4,22,3.19,18,0,2,1,1,0,0,0.0,13,8,4,4,5,3,0.0,3,3,1,2,2,15,10,0,286,10,28,127,132,35,286,20,7,35.0,11,55.0,151,713,288,6,3,17,13,205,35,18.2,74.0,1,13,19.0,3,1.78,10,1,9,1.3,0.98,9.2,5.1,4.0,0.59,0,13,14,2,0,0,0,20,29,19,60.4,FWD,337725.0,exact,337725.0,2025-06-17,4000000.0,337725,1997-12-06,Cote d'Ivoire,2027-06-30,193.0,right,27.071868583162217,29.894875164257556,15.201805169084134,732.8860685840054,Peak,False,False,False,False,True,CIV,CAF,False,True,False,False,False,False
Christian Kouamé,ci CIV,"FW,MF",Empoli,it Serie A,26.0,1997.0,8,5,507,5.6,1,0,1,1,0,0,0,0,2.7,2.7,0.7,3.3,5,13,39,0.18,0.59,16,5,31.3,2.84,0.89,0.06,0.2,14.3,0,0.17,-1.7,-1.7,93,153,60.8,1277,304,0.6,-0.7,8,9,8,1,146,6,0,1,2,2,4,0,0,0,0,1,2,23,4.08,15,0,3,2,2,1,0,0.0,5,4,0,3,2,4,50.0,2,4,2,2,0,5,4,0,217,6,10,104,105,22,217,13,5,38.5,7,53.8,114,568,245,4,1,13,7,171,63,14.8,79.0,3,3,37.0,0,0.38,1,11,-10,-1.78,-1.28,6.2,8.5,-2.2,-0.4,0,7,15,2,0,0,0,18,48,24,66.7,FWD,337725.0,exact,337725.0,2025-06-17,4000000.0,337725,1997-12-06,Cote d'Ivoire,2027-06-30,193.0,right,27.071868583162217,29.894875164257556,15.201805169084134,732.8860685840054,Peak,False,False,False,False,True,CIV,CAF,False,True,False,False,False,False
Goduine Koyalipou,cf CTA,FW,Lens,fr Ligue 1,24.0,2000.0,15,12,885,9.8,4,0,4,4,0,0,0,0,4.8,4.8,0.8,5.6,15,20,68,0.41,0.57,42,14,33.3,4.27,1.42,0.1,0.29,14.3,0,0.12,-0.8,-0.8,132,189,69.8,1852,286,0.7,-0.8,10,4,6,0,179,10,0,0,1,2,0,0,0,0,0,0,12,26,2.64,12,0,4,9,1,0,1,0.1,3,2,0,3,0,1,100.0,0,4,0,4,1,4,8,0,318,9,18,147,157,60,318,25,12,48.0,13,52.0,174,821,393,8,8,29,16,233,59,28.9,69.0,0,3,19.0,3,1.47,13,12,1,0.1,0.02,16.0,13.2,2.8,0.28,0,7,6,6,0,0,0,15,16,24,40.0,FWD,525140.0,exact,525140.0,2025-06-03,2500000.0,525140,2000-02-15,Central African Republic,2026-06-30,184.0,right,24.878850102669404,17.904073587385017,14.731801689838349,618.9571824310934,Developing,False,False,False,True,False,CTA,CAF,False,True,False,False,False,False
Nikola Krstović,me MNE,FW,Lecce,it Serie A,24.0,2000.0,37,37,3057,34.0,11,5,16,9,2,3,6,0,12.1,9.7,2.9,12.6,42,56,149,0.41,0.44,134,38,28.4,3.95,1.12,0.07,0.24,18.8,6,0.07,-1.1,-0.7,434,654,66.4,6532,1347,1.7,2.1,30,38,15,1,585,67,3,4,4,8,8,0,0,0,0,2,28,87,2.56,57,2,8,12,5,3,7,0.21,18,9,4,7,7,16,43.8,9,12,7,5,7,25,24,0,1051,30,63,476,526,152,1048,65,17,26.2,43,66.2,571,2693,1162,22,24,86,40,786,83,89.4,83.0,23,0,,0,0.89,24,52,-28,-0.82,-0.08,28.9,50.7,-21.8,-0.64,0,57,55,20,0,0,0,72,91,128,41.6,FWD,434433.0,exact,434433.0,2025-06-17,15000000.0,434433,2000-04-05,Montenegro,2030-06-30,185.0,right,24.7419575633128,65.90013140604468,16.52356082573315,612.1644640647714,Developing,False,False,False,False,True,MNE,UEFA,False,False,False,False,False,True
Mohammed Kudus,gh GHA,"FW,MF",West Ham,eng Premier League,23.0,2000.0,32,31,2590,28.8,5,3,8,5,0,0,2,1,6.9,6.9,3.1,10.0,98,79,216,0.28,0.35,75,21,28.0,2.61,0.73,0.07,0.24,16.0,0,0.09,-1.9,-1.9,715,855,83.6,11695,1800,2.7,-0.1,31,46,29,15,837,16,5,2,13,81,3,1,0,0,0,2,29,107,3.72,74,1,16,12,2,2,10,0.35,38,23,9,18,11,27,37.0,17,24,1,23,4,42,8,2,1274,13,171,536,612,127,1274,208,92,44.2,98,47.1,842,5574,2613,59,42,77,93,989,81,75.7,83.0,14,1,19.0,0,1.13,33,46,-13,-0.45,-0.13,34.1,42.9,-8.9,-0.31,0,39,64,18,0,0,0,138,11,40,21.6,FWD,543499.0,exact,543499.0,2025-05-30,45000000.0,543499,2000-08-02,Ghana,2031-06-30,177.0,left,24.416153319644078,77.8909329829172,17.622173069956816,596.1485429283665,Developing,False,True,False,False,False,GHA,CAF,False,True,False,False,False,False
Khvicha Kvaratskhelia,ge GEO,"FW,MF",Napoli,it Serie A,23.0,2001.0,17,15,1178,13.1,5,3,8,4,1,1,1,0,4.1,3.4,3.7,7.0,74,57,89,0.53,0.6,49,16,32.7,3.74,1.22,0.08,0.25,19.4,3,0.07,0.9,0.6,352,461,76.4,5985,1769,3.0,-0.7,28,31,23,4,401,56,14,7,5,51,11,30,20,5,0,4,14,57,4.35,40,10,2,2,3,0,6,0.46,15,9,4,10,1,15,26.7,11,13,0,13,4,19,7,0,659,2,55,275,342,74,658,72,19,26.4,42,58.3,405,3292,1912,51,37,25,21,471,69,34.4,76.0,4,2,19.0,0,2.24,19,6,13,0.99,0.23,18.7,9.4,9.3,0.71,0,12,33,0,0,0,0,45,4,5,44.4,FWD,502670.0,exact,502670.0,2025-06-03,90000000.0,502670,2001-02-12,Georgia,2029-06-30,183.0,both,23.88501026694045,53.90932982917214,18.31532023940565,570.4937154518508,Developing,False,False,False,False,True,GEO,UEFA,False,False,False,False,False,True
Khvicha Kvaratskhelia,ge GEO,FW,Paris S-G,fr Ligue 1,23.0,2001.0,14,11,916,10.2,4,3,7,4,0,0,0,0,3.3,3.3,4.9,8.2,50,43,131,0.69,0.8,34,15,44.1,3.34,1.47,0.12,0.27,19.0,2,0.1,0.7,0.7,468,547,85.6,6585,1480,3.8,-1.9,25,32,20,4,507,38,5,5,3,33,5,27,6,12,0,2,15,60,5.89,39,3,9,3,3,3,8,0.79,19,13,4,12,3,23,56.5,10,7,0,7,2,21,4,0,668,4,31,242,404,71,668,53,25,47.2,25,47.2,444,2947,1517,37,28,19,25,555,65,29.9,77.0,4,3,24.0,2,2.5,24,10,14,1.38,-0.43,25.4,8.7,16.7,1.64,0,12,18,0,0,0,0,27,3,5,37.5,FWD,502670.0,exact,502670.0,2025-06-03,90000000.0,502670,2001-02-12,Georgia,2029-06-30,183.0,both,23.88501026694045,53.90932982917214,18.31532023940565,570.4937154518508,Developing,False,False,False,True,False,GEO,UEFA,False,False,False,False,False,True
Rémy Labeau Lascary,gp GLP,"FW,MF",Lens,fr Ligue 1,21.0,2003.0,14,6,637,7.1,2,1,3,2,0,0,5,0,2.5,2.5,1.1,3.6,17,7,71,0.42,0.51,14,5,35.7,1.98,0.71,0.14,0.4,13.2,0,0.18,-0.5,-0.5,127,174,73.0,1772,335,0.6,-0.1,7,7,9,6,167,5,0,1,1,19,1,0,0,0,0,2,3,20,2.83,10,0,7,2,1,0,5,0.71,16,10,7,6,3,11,45.5,6,5,0,5,1,17,7,0,275,3,37,92,151,31,275,26,12,46.2,13,50.0,162,900,355,7,9,32,7,198,46,20.8,72.0,1,8,26.0,0,1.64,13,9,4,0.57,0.6,13.7,7.7,6.0,0.85,0,23,9,10,0,0,0,21,6,7,46.2,FWD,917778.0,exact,917778.0,2025-06-03,2000000.0,917778,2003-03-03,France,2026-06-30,184.0,right,21.83436002737851,17.904073587385017,14.508658238524095,476.73927780518443,Emerging,False,False,False,True,False,GLP,CONCACAF,False,False,True,False,False,False
Gaëtan Laborde,fr FRA,FW,Nice,fr Ligue 1,30.0,1994.0,28,20,1829,20.3,11,4,15,7,4,4,1,0,11.7,8.6,3.5,12.0,30,40,131,0.54,0.75,70,20,28.6,3.44,0.98,0.1,0.35,14.6,0,0.12,-0.7,-1.6,346,497,69.6,4628,917,2.6,0.5,27,26,12,2,459,36,1,3,2,27,0,0,0,0,0,2,15,63,3.1,48,0,4,9,2,0,7,0.34,19,13,9,8,2,22,40.9,13,16,4,12,6,25,20,0,730,28,74,333,333,127,726,37,18,48.6,18,48.6,362,1576,843,16,13,48,18,494,65,59.8,81.0,3,8,25.0,0,1.82,41,19,22,1.08,0.86,35.7,20.7,15.0,0.74,0,29,18,8,1,0,0,49,48,47,50.5,FWD,181378.0,exact,181378.0,2024-06-03,10000000.0,181378,1994-05-03,France,2028-06-30,181.0,left,30.666666666666668,41.9185282522996,16.118095750958314,940.4444444444446,Declining,False,False,False,True,False,FRA,UEFA,False,False,False,False,False,True
Alexandre Lacazette,fr FRA,FW,Lyon,fr Ligue 1,33.0,1991.0,30,24,2051,22.8,15,2,17,10,5,6,5,0,16.3,11.7,3.4,15.0,24,66,159,0.53,0.86,53,31,58.5,2.33,1.36,0.19,0.32,13.5,1,0.22,-1.3,-1.7,393,547,71.8,5201,1351,4.9,-1.4,26,34,25,4,510,33,0,4,7,17,1,0,0,0,0,4,20,56,2.46,41,0,4,7,3,1,5,0.22,13,6,3,7,3,16,31.3,11,13,3,10,8,21,7,0,742,11,50,281,416,137,736,31,14,45.2,15,48.4,418,1475,575,11,10,51,20,572,68,67.0,80.0,8,6,22.0,0,1.77,43,26,17,0.75,0.57,41.6,29.7,11.9,0.52,0,48,33,20,0,1,0,28,16,32,33.3,FWD,93720.0,exact,93720.0,2025-06-03,6000000.0,93720,1991-05-28,France,2027-06-30,175.0,right,33.59890485968515,29.894875164257556,15.607270193858982,1128.8864077701744,Declining,False,False,False,True,False,FRA,UEFA,False,False,False,False,False,True
Gianluca Lapadula,pe PER,"FW,MF",Cagliari,it Serie A,34.0,1990.0,12,1,310,3.4,0,0,0,0,0,0,1,0,1.4,1.4,0.1,1.4,7,7,16,0.0,0.42,15,3,20.0,4.35,0.87,0.0,0.0,12.8,0,0.1,-1.4,-1.4,38,63,60.3,433,77,0.2,-0.1,3,3,1,0,60,3,0,0,0,3,0,0,0,0,0,0,4,13,3.77,5,0,1,7,0,0,0,0.0,2,0,1,0,1,1,0.0,1,0,0,0,0,2,1,0,96,1,6,32,58,22,96,2,2,100.0,0,0.0,43,229,112,2,5,6,1,71,26,9.1,59.0,0,11,23.0,7,1.0,4,2,2,0.58,1.1,5.8,3.2,2.6,0.76,0,9,1,1,0,0,0,5,11,8,57.9,FWD,130394.0,exact,130394.0,2025-06-02,750000.0,130394,1990-02-07,Peru,2026-06-30,178.0,left,34.899383983572896,17.904073587385017,13.527829818844937,1217.9670024328643,Declining,False,False,False,False,True,PER,CONMEBOL,False,False,False,True,False,False
Cyle Larin,ca CAN,FW,Mallorca,es La Liga,29.0,1995.0,32,21,1764,19.6,7,2,9,6,1,1,4,0,6.9,6.1,1.4,7.5,20,20,95,0.41,0.42,38,14,36.8,1.94,0.71,0.16,0.43,11.7,0,0.16,0.1,-0.1,214,317,67.5,2655,399,0.4,0.6,8,11,3,0,309,7,0,0,0,6,2,0,0,0,0,1,11,21,1.07,13,0,0,4,4,0,3,0.15,12,6,1,6,5,9,33.3,6,12,3,9,1,13,16,0,561,20,55,266,247,72,560,30,8,26.7,20,66.7,316,1633,550,18,9,72,58,429,55,51.6,72.0,2,11,23.0,4,1.19,13,20,-7,-0.36,-0.25,18.9,23.2,-4.3,-0.22,0,32,31,24,1,0,0,46,66,86,43.4,FWD,343463.0,exact,343463.0,2025-06-09,3500000.0,343463,1995-04-17,Canada,2026-06-30,188.0,right,29.711156741957563,17.904073587385017,15.068273812173887,882.7528349451703,Peak,False,False,True,False,False,CAN,CONCACAF,False,False,True,False,False,False
Juanmi Latasa,es ESP,FW,Valladolid,es La Liga,23.0,2001.0,28,14,1398,15.5,3,0,3,3,0,0,6,1,4.2,4.2,0.9,5.1,3,17,40,0.19,0.33,40,13,32.5,2.58,0.84,0.08,0.23,11.8,0,0.11,-1.2,-1.2,154,260,59.2,2311,420,0.4,-0.9,13,11,5,1,232,26,3,1,3,5,0,0,0,0,0,2,1,30,1.93,21,0,1,5,2,1,0,0.0,4,2,1,1,2,6,33.3,4,4,1,3,0,4,11,1,390,16,28,202,163,74,390,15,8,53.3,6,40.0,153,469,126,3,0,31,18,291,50,40.9,77.0,7,14,22.0,3,0.32,10,41,-31,-2.0,-0.53,15.7,28.3,-12.6,-0.81,0,40,36,7,0,1,0,24,90,58,60.8,FWD,623521.0,exact,623521.0,2025-06-09,2000000.0,623521,2001-03-23,Spain,2029-06-30,192.0,left,23.7782340862423,53.90932982917214,14.508658238524095,565.4044162601352,Developing,False,False,True,False,False,ESP,UEFA,False,False,False,False,False,True
Rafael Leão,pt POR,FW,Milan,it Serie A,25.0,1999.0,34,25,2323,25.8,8,8,16,8,0,0,5,0,7.6,7.6,8.4,15.9,123,93,262,0.62,0.62,66,29,43.9,2.56,1.12,0.12,0.28,16.6,0,0.11,0.4,0.4,630,849,74.2,10407,2763,6.2,-0.4,58,37,51,10,814,31,4,10,4,55,19,8,0,0,0,4,27,113,4.38,78,1,16,11,6,1,16,0.62,16,10,4,8,4,29,37.9,18,15,1,14,6,22,4,0,1135,7,71,455,636,152,1135,129,59,45.7,59,45.7,780,5745,3058,71,67,53,36,940,68,67.9,79.0,11,9,38.0,2,1.56,45,27,18,0.7,0.7,45.7,28.9,16.8,0.65,0,19,52,7,1,0,0,66,26,20,56.5,FWD,357164.0,exact,357164.0,2025-06-17,70000000.0,357164,1999-06-10,Portugal,2028-06-30,188.0,right,25.56331279945243,41.9185282522996,18.064005814299346,653.4829612826484,Developing,False,False,False,False,True,POR,UEFA,False,False,False,False,False,True
Esteban Lepaul,fr FRA,FW,Angers,fr Ligue 1,24.0,2000.0,28,18,1629,18.1,9,0,9,9,0,0,2,0,5.1,5.1,0.8,6.0,26,20,68,0.5,0.33,41,17,41.5,2.27,0.94,0.22,0.53,13.2,0,0.13,3.9,3.9,241,359,67.1,3512,623,1.7,-0.8,7,13,7,2,331,25,0,1,3,15,2,0,0,0,0,3,15,22,1.22,11,0,2,7,2,0,1,0.06,11,6,2,6,3,16,25.0,12,15,2,13,4,15,10,0,504,14,50,264,197,60,504,21,6,28.6,13,61.9,246,1412,621,15,10,34,13,348,58,53.2,83.0,9,10,13.0,4,1.18,16,26,-10,-0.55,0.14,14.4,34.4,-20.0,-1.11,0,16,17,16,0,0,0,45,35,47,42.7,FWD,461607.0,exact_accent_stripped,461607.0,2025-06-03,7000000.0,461607,2000-04-18,France,2029-06-30,181.0,right,24.706365503080082,53.90932982917214,15.76142084987672,610.4044963717855,Developing,False,False,False,True,False,FRA,UEFA,False,False,False,False,False,True
Robert Lewandowski,pl POL,FW,Barcelona,es La Liga,35.0,1988.0,34,32,2667,29.6,27,2,29,24,3,4,1,0,27.1,24.0,2.3,26.3,27,48,164,0.88,0.99,111,45,40.5,3.75,1.52,0.22,0.53,13.2,5,0.22,-0.1,0.0,383,522,73.4,4856,900,1.5,-0.3,19,31,9,0,503,15,1,3,6,5,0,0,0,0,0,4,22,50,1.69,33,0,4,8,5,0,3,0.1,10,5,1,5,4,11,45.5,6,14,2,12,3,13,26,0,841,32,59,314,475,179,837,35,20,57.1,13,37.1,472,1785,589,11,16,75,45,667,78,78.0,82.0,15,2,27.0,2,2.24,73,27,46,1.55,-0.48,63.4,31.2,32.2,1.09,0,30,39,17,0,0,0,45,37,39,48.7,FWD,38253.0,exact,38253.0,2025-06-09,12000000.0,38253,1988-08-21,Poland,2026-06-30,186.0,right,36.36413415468857,17.904073587385017,16.300417291085605,1322.350252820188,Declining,False,False,True,False,False,POL,UEFA,False,False,False,False,False,True
Jesper Lindstrøm,dk DEN,FW,Everton,eng Premier League,24.0,2000.0,25,15,1239,13.8,0,1,1,0,0,0,2,0,2.1,2.1,2.0,4.1,30,25,81,0.07,0.3,28,10,35.7,2.03,0.73,0.0,0.0,21.0,6,0.08,-2.1,-2.1,297,428,69.4,4593,1335,2.0,-1.0,19,18,12,7,383,42,11,1,0,71,6,25,12,8,2,3,18,46,3.35,30,7,2,3,3,1,1,0.07,45,25,24,19,2,55,34.5,36,15,3,12,12,57,17,0,625,22,127,206,303,40,625,43,8,18.6,31,72.1,302,1627,780,19,7,31,24,347,50,36.2,67.0,1,10,23.0,3,1.2,15,14,1,0.07,0.2,17.4,13.2,4.2,0.31,0,15,10,1,0,0,0,70,6,12,33.3,FWD,513245.0,exact,513245.0,2025-05-30,18000000.0,513245,2000-02-29,Denmark,2026-06-30,182.0,right,24.840520191649556,17.904073587385017,16.705882371415992,617.0514433917493,Developing,False,True,False,False,False,DEN,UEFA,False,False,False,False,False,True
Dailon Livramento,cv CPV,"FW,MF",Hellas Verona,it Serie A,23.0,2001.0,29,8,940,10.4,1,1,2,1,0,0,2,1,1.8,1.8,0.9,2.7,23,13,67,0.19,0.26,13,4,30.8,1.24,0.38,0.08,0.25,12.0,0,0.14,-0.8,-0.8,97,180,53.9,1330,282,0.9,0.1,8,9,3,1,177,2,0,0,3,18,0,0,0,0,0,1,14,19,1.82,12,0,4,1,1,1,4,0.38,15,11,2,7,6,13,53.8,6,10,2,8,3,18,9,0,307,11,29,109,177,39,307,25,6,24.0,17,68.0,161,1052,524,11,9,30,12,202,32,27.5,65.0,0,21,20.0,7,1.1,10,22,-12,-1.15,-0.42,9.9,14.3,-4.4,-0.42,0,21,6,8,0,0,0,21,32,51,38.6,FWD,676411.0,exact,676411.0,2025-06-17,800000.0,676411,2001-05-04,Cape Verde,2026-06-30,185.0,right,23.66324435318275,17.904073587385017,13.592368256649284,559.9491333184353,Developing,False,False,False,False,True,CPV,CAF,False,True,False,False,False,False
Marin Ljubicic,hr CRO,"FW,MF",Union Berlin,de Bundesliga,22.0,2002.0,13,1,281,3.1,1,1,2,1,0,0,1,0,0.4,0.4,0.6,1.1,1,6,19,0.64,0.34,2,1,50.0,0.64,0.32,0.5,1.0,17.7,0,0.22,0.6,0.6,34,60,56.7,453,132,0.4,0.4,2,3,1,0,56,4,0,0,1,1,1,0,0,0,0,0,3,9,2.88,5,1,0,0,3,0,3,0.96,2,1,0,2,0,3,33.3,2,2,0,2,0,2,7,0,90,6,15,36,39,11,90,3,1,33.3,1,33.3,52,202,71,0,0,6,1,59,22,9.2,45.0,0,12,20.0,1,1.46,7,8,-1,-0.32,0.17,4.0,7.7,-3.7,-1.19,0,9,8,1,0,0,0,12,3,11,21.4,FWD,838236.0,exact_birthyear_corrected,838236.0,2025-06-05,4000000.0,838236,2002-02-28,Croatia,2026-06-30,183.0,right,22.84188911704312,17.904073587385017,15.201805169084134,521.7518984352929,Developing,True,False,False,False,False,CRO,UEFA,False,False,False,False,False,True
Fer López,es ESP,"FW,MF",Celta Vigo,es La Liga,,,17,7,671,7.5,2,0,2,2,0,0,2,0,2.7,2.7,1.9,4.6,27,43,58,0.27,0.62,20,5,25.0,2.68,0.67,0.1,0.4,15.7,0,0.14,-0.7,-0.7,220,260,84.6,3701,847,1.4,-1.9,14,19,12,0,254,2,0,7,4,2,0,2,1,1,0,4,5,30,4.02,23,0,3,2,1,1,3,0.4,9,5,1,6,2,13,15.4,11,10,0,10,2,11,7,0,365,6,37,162,174,32,365,34,18,52.9,13,38.2,264,1696,867,20,7,33,20,298,39,19.6,66.0,1,10,21.0,3,1.65,12,8,4,0.54,0.6,13.1,8.6,4.5,0.6,0,13,8,2,0,0,0,25,2,9,18.2,FWD,1064471.0,exact,1064471.0,2025-06-09,5000000.0,1064471,2004-05-24,Spain,2026-06-30,188.0,left,20.607802874743328,17.904073587385017,15.424948670398354,424.68153932427936,Emerging,False,False,True,False,False,ESP,UEFA,False,False,False,False,False,True
Iker Losada,es ESP,"FW,MF",Celta Vigo,es La Liga,22.0,2001.0,12,4,358,4.0,1,0,1,1,0,0,2,0,1.1,1.1,0.3,1.5,9,17,23,0.25,0.38,3,2,66.7,0.75,0.5,0.33,0.5,11.7,0,0.38,-0.1,-0.1,96,128,75.0,1448,366,0.6,-0.3,5,14,6,2,127,0,0,3,2,5,0,0,0,0,0,1,4,8,2.02,8,0,0,0,0,0,0,0.0,3,3,0,1,2,5,20.0,4,4,1,3,1,4,8,0,162,4,21,78,66,15,162,5,2,40.0,3,60.0,87,492,280,5,4,9,3,123,30,10.5,54.0,0,8,18.0,5,2.0,7,7,0,0.0,-0.06,6.3,5.6,0.6,0.16,0,3,0,0,0,0,0,8,2,7,22.2,FWD,632741.0,exact,632741.0,2025-06-09,1500000.0,632741,2001-08-01,Spain,2026-06-30,175.0,right,23.419575633127995,17.904073587385017,14.220976332738882,548.4765228358025,Developing,False,False,True,False,False,ESP,UEFA,False,False,False,False,False,True
Lorenzo Lucca,it ITA,FW,Udinese,it Serie A,23.0,2000.0,33,27,2353,26.1,12,1,13,11,1,1,10,0,7.6,6.8,1.6,8.4,15,18,98,0.46,0.35,64,25,39.1,2.45,0.96,0.17,0.44,13.6,0,0.11,4.4,4.2,240,375,64.0,3772,404,0.8,-0.6,14,17,1,0,328,47,1,1,3,5,0,0,0,0,0,0,10,33,1.26,19,0,1,10,3,0,4,0.15,10,6,3,2,5,11,45.5,6,18,1,17,7,17,27,0,641,27,57,335,259,109,640,25,12,48.0,11,44.0,350,1530,483,18,9,73,29,478,71,68.8,79.0,12,6,36.0,0,1.18,33,35,-2,-0.08,1.02,26.3,37.9,-11.6,-0.44,0,65,55,16,0,0,0,44,59,68,46.5,FWD,572265.0,exact,572265.0,2025-06-17,22000000.0,572265,2000-09-10,Italy,2026-06-30,201.0,right,24.309377138945926,17.904073587385017,16.906553056777135,590.9458168835068,Developing,False,False,False,False,True,ITA,UEFA,False,False,False,False,False,True
Romelu Lukaku,be BEL,FW,Napoli,it Serie A,31.0,1993.0,36,35,2843,31.6,14,10,24,11,3,4,4,0,13.0,9.8,4.0,13.8,31,36,219,0.66,0.54,60,20,33.3,1.9,0.63,0.18,0.55,14.3,1,0.17,1.0,1.2,353,497,71.0,4407,659,2.6,6.0,35,15,11,1,452,45,1,6,2,4,0,0,0,0,0,0,21,76,2.4,63,0,2,9,2,0,16,0.51,4,2,0,2,2,4,25.0,3,7,2,5,1,5,17,0,725,18,34,306,388,143,721,26,6,23.1,18,69.2,380,1608,677,13,23,55,53,589,79,83.1,80.0,6,1,29.0,0,2.19,53,20,33,1.04,1.2,43.6,23.3,20.3,0.64,0,47,36,24,0,0,0,34,42,56,42.9,FWD,96341.0,exact,96341.0,2025-06-17,22000000.0,96341,1993-05-13,Belgium,2027-06-30,190.0,left,31.638603696098563,29.894875164257556,16.906553056777135,1001.0012438387816,Declining,False,False,False,False,True,BEL,UEFA,False,False,False,False,False,True
Dodi Lukebakio,be BEL,FW,Sevilla,es La Liga,26.0,1997.0,38,36,3092,34.4,11,2,13,10,1,1,3,1,10.1,9.3,4.5,13.8,131,93,247,0.35,0.42,93,38,40.9,2.71,1.11,0.11,0.26,19.2,2,0.1,0.9,0.7,780,1052,74.1,12204,2657,4.0,-2.5,54,50,24,6,945,101,24,7,12,124,8,64,43,12,0,6,30,119,3.46,65,18,21,5,8,2,9,0.26,22,14,8,8,6,27,55.6,12,18,1,17,11,33,17,2,1494,11,147,552,818,145,1493,167,84,50.3,75,44.9,889,6488,3565,83,65,117,57,1110,81,90.4,84.0,23,2,35.0,0,1.08,40,47,-7,-0.2,1.44,38.5,42.0,-3.5,-0.1,0,39,55,27,0,0,0,120,18,21,46.2,FWD,303259.0,exact_accent_stripped,303259.0,2025-06-09,20000000.0,303259,1997-09-24,Belgium,2030-06-30,184.0,left,27.27173169062286,65.90013140604468,16.811242881518265,743.7473494053232,Peak,False,False,True,False,False,BEL,UEFA,False,False,False,False,False,True
Zito Luvumbo,ao ANG,"FW,MF",Cagliari,it Serie A,22.0,2002.0,26,19,1606,17.8,2,2,4,2,0,0,2,0,2.1,2.1,3.1,5.2,70,31,125,0.22,0.29,23,4,17.4,1.29,0.22,0.09,0.5,16.0,0,0.09,-0.1,-0.1,181,302,59.9,2768,863,2.1,-1.1,17,16,13,8,287,15,1,0,1,65,4,2,1,0,0,0,16,35,1.96,24,1,4,3,3,0,4,0.22,10,6,4,3,3,19,31.6,13,5,0,5,4,14,4,0,477,4,44,166,277,67,477,63,25,39.7,25,39.7,347,2694,1426,21,35,67,29,367,62,47.0,73.0,5,7,30.0,2,0.92,20,27,-7,-0.39,0.05,21.6,24.4,-2.8,-0.16,0,38,51,11,0,0,0,50,6,17,26.1,FWD,666547.0,exact,666547.0,2025-06-17,5000000.0,666547,2002-03-09,Angola,2026-06-30,171.0,left,22.817248459958932,17.904073587385017,15.424948670398354,520.6268272834983,Developing,False,False,False,False,True,ANG,CAF,False,True,False,False,False,False
Othmane Maamma,ma MAR,"FW,MF",Montpellier,fr Ligue 1,18.0,2005.0,12,2,361,4.0,1,1,2,1,0,0,1,0,0.7,0.7,0.2,0.9,8,2,24,0.5,0.29,10,3,30.0,2.49,0.75,0.1,0.33,14.7,0,0.1,0.3,0.3,51,78,65.4,657,162,0.5,0.8,3,2,2,1,75,3,0,1,0,12,3,0,0,0,0,0,2,4,1.33,2,0,1,0,1,0,1,0.33,3,1,2,1,0,4,25.0,3,4,0,4,1,4,2,1,149,3,17,57,78,13,149,30,7,23.3,23,76.7,95,784,273,11,3,17,10,110,30,11.8,78.0,1,10,21.0,1,0.83,3,3,0,0.0,1.87,2.9,4.8,-1.9,-0.64,0,4,8,2,0,0,0,12,1,4,20.0,FWD,1081219.0,exact,1081219.0,2024-06-03,300000.0,1081219,2005-10-06,Morocco,2029-06-30,182.0,both,19.238877481177276,53.90932982917214,12.611541086966115,370.1344067357501,Emerging,False,False,False,True,False,MAR,CAF,False,True,False,False,False,False
Shuto Machino,jp JPN,"FW,MF",Holstein Kiel,de Bundesliga,24.0,1999.0,32,23,1953,21.7,11,2,13,9,2,2,2,0,6.5,4.9,3.0,7.9,30,59,108,0.51,0.44,49,21,42.9,2.26,0.97,0.18,0.43,17.2,4,0.1,4.5,4.1,454,707,64.2,8004,2740,2.6,-1.0,27,35,20,6,561,143,6,3,0,35,112,7,4,2,0,3,27,74,3.41,48,19,2,3,2,0,9,0.41,8,5,4,3,1,16,37.5,10,12,3,9,7,15,28,1,899,33,139,389,377,63,897,18,10,55.6,6,33.3,449,1976,945,17,13,44,20,581,61,63.8,71.0,8,9,35.0,2,0.69,31,52,-21,-0.97,-0.15,25.0,35.7,-10.7,-0.49,0,19,25,9,0,0,0,50,27,42,39.1,FWD,550580.0,exact,550580.0,2025-06-05,5000000.0,550580,1999-09-30,Japan,2029-06-30,185.0,right,25.256673511293634,53.90932982917214,15.424948670398354,637.8995568560815,Developing,True,False,False,False,False,JPN,AFC,True,False,False,False,False,False
Noni Madueke,eng ENG,FW,Chelsea,eng Premier League,22.0,2002.0,32,27,2033,22.6,7,3,10,7,0,0,3,0,9.6,9.6,4.2,13.9,154,69,226,0.44,0.61,80,30,37.5,3.54,1.33,0.09,0.23,14.4,0,0.12,-2.6,-2.6,530,685,77.4,7705,1853,3.2,-1.2,32,16,35,8,660,20,1,1,4,63,18,1,0,0,0,5,15,79,3.5,57,0,10,7,4,1,8,0.35,25,18,8,12,5,38,36.8,24,17,0,17,10,35,11,0,980,22,101,301,595,184,980,102,45,44.1,46,45.1,641,5413,3485,50,93,52,25,756,64,59.4,73.0,6,5,14.0,1,1.97,38,28,10,0.44,-0.27,43.1,28.9,14.3,0.63,0,22,25,5,0,0,0,84,11,19,36.7,FWD,503987.0,exact,503987.0,2025-05-30,40000000.0,503987,2002-03-10,England,2030-06-30,182.0,left,22.8145106091718,65.90013140604468,17.50439003707821,520.5018943360127,Developing,False,True,False,False,False,ENG,UEFA,False,False,False,False,False,True
Frank Magri,cm CMR,"FW,MF",Toulouse,fr Ligue 1,24.0,1999.0,31,17,1516,16.8,5,1,6,5,0,0,5,1,6.0,6.0,1.5,7.5,17,25,80,0.36,0.45,44,18,40.9,2.61,1.07,0.11,0.28,12.4,0,0.14,-1.0,-1.0,178,251,70.9,2361,438,1.9,-0.5,9,15,7,1,223,25,0,3,1,4,3,0,0,0,0,3,9,29,1.72,14,0,2,6,7,0,3,0.18,8,2,1,6,1,8,37.5,5,16,2,14,4,12,11,0,420,10,32,213,178,70,420,18,4,22.2,12,66.7,244,1196,461,8,7,43,31,316,49,49.5,76.0,6,14,16.0,0,1.16,21,26,-5,-0.3,-0.65,23.2,20.2,3.0,0.18,0,26,28,4,0,0,0,21,40,82,32.8,FWD,807689.0,exact,807689.0,2025-06-03,3000000.0,807689,1999-09-04,Cameroon,2026-06-30,178.0,right,25.32785763175907,17.904073587385017,14.914123179965662,641.5003722146562,Developing,False,False,False,True,False,CMR,CAF,False,True,False,False,False,False
Donyell Malen,nl NED,FW,Aston Villa,eng Premier League,25.0,1999.0,14,2,305,3.4,3,0,3,3,0,0,0,0,2.2,2.2,0.2,2.4,12,6,30,0.89,0.69,15,9,60.0,4.43,2.66,0.2,0.33,15.2,0,0.14,0.8,0.8,53,77,68.8,712,144,0.2,-0.2,3,2,2,0,71,5,0,0,2,8,1,0,0,0,0,1,3,6,1.76,5,0,1,0,0,0,0,0.0,7,4,3,3,1,4,25.0,3,2,0,2,0,7,1,0,129,2,9,33,94,25,129,11,4,36.4,5,45.5,79,652,370,7,7,8,7,87,22,8.9,62.0,0,12,15.0,3,1.93,7,6,1,0.3,0.12,7.0,4.7,2.3,0.67,0,1,5,2,0,0,0,9,4,4,50.0,FWD,326029.0,exact,326029.0,2025-05-30,25000000.0,326029,1999-01-19,Netherlands,2030-06-30,178.0,right,25.95208761122519,65.90013140604468,17.034386422832473,673.5108513807079,Developing,False,True,False,False,False,NED,UEFA,False,False,False,False,False,True
Donyell Malen,nl NED,"FW,MF",Dortmund,de Bundesliga,25.0,1999.0,14,6,614,6.8,3,0,3,3,0,0,1,0,2.9,2.9,0.2,3.2,23,17,75,0.44,0.46,19,6,31.6,2.79,0.88,0.16,0.5,14.2,0,0.15,0.1,0.1,136,190,71.6,1735,423,0.5,-0.2,1,6,6,1,180,9,3,1,3,13,5,1,0,0,0,1,10,12,1.76,9,0,2,1,0,0,3,0.44,0,0,0,0,0,2,0.0,2,2,0,2,3,3,6,0,278,3,23,84,175,46,278,32,11,34.4,19,59.4,187,911,439,9,17,16,9,214,44,20.1,72.0,1,8,23.0,2,1.5,15,8,7,1.03,0.55,11.1,7.6,3.5,0.52,0,2,7,3,0,0,0,15,1,3,25.0,FWD,326029.0,exact,326029.0,2025-05-30,25000000.0,326029,1999-01-19,Netherlands,2030-06-30,178.0,right,25.95208761122519,65.90013140604468,17.034386422832473,673.5108513807079,Developing,True,False,False,False,False,NED,UEFA,False,False,False,False,False,True
Dennis Man,ro ROU,"FW,MF",Parma,it Serie A,25.0,1998.0,33,23,1995,22.2,4,4,8,4,0,0,0,0,5.5,5.5,4.2,9.7,67,60,142,0.36,0.44,49,20,40.8,2.21,0.9,0.08,0.2,17.1,0,0.11,-1.5,-1.5,631,793,79.6,8923,2252,2.7,-0.2,45,46,25,5,736,56,8,4,3,33,12,30,7,1,0,1,28,80,3.61,62,8,5,3,1,1,7,0.32,13,6,7,3,3,24,25.0,18,15,3,12,8,21,11,0,1027,8,100,426,517,87,1027,75,25,33.3,45,60.0,665,4491,1914,40,31,44,31,741,60,58.3,77.0,9,10,24.0,2,0.94,26,40,-14,-0.63,-0.63,25.9,40.4,-14.5,-0.65,0,8,17,4,0,0,0,72,9,17,34.6,FWD,397486.0,exact,397486.0,2025-06-17,10000000.0,397486,1998-08-26,Romania,2029-06-30,183.0,left,26.351813826146476,53.90932982917214,16.118095750958314,694.4180919278846,Peak,False,False,False,False,True,ROU,UEFA,False,False,False,False,False,True
Johan Manzambi,ch SUI,"FW,MF",Freiburg,de Bundesliga,18.0,2005.0,11,4,335,3.7,2,1,3,2,0,0,2,0,1.3,1.3,0.4,1.8,7,10,12,0.81,0.47,11,3,27.3,2.96,0.81,0.18,0.67,16.4,0,0.12,0.7,0.7,108,143,75.5,1826,276,0.6,0.6,3,6,3,0,143,0,0,1,0,5,0,0,0,0,0,0,3,13,3.49,6,0,3,2,2,0,2,0.54,8,2,1,3,4,4,25.0,3,6,0,6,4,12,7,0,209,7,36,104,72,14,209,10,6,60.0,2,20.0,118,592,237,5,1,7,9,129,30,10.9,66.0,0,7,10.0,9,2.0,9,6,3,0.81,1.04,5.2,4.4,0.9,0.23,0,7,7,0,0,0,0,14,9,5,64.3,FWD,927353.0,exact,927353.0,2025-06-05,8000000.0,927353,2005-10-14,Switzerland,2030-06-30,182.0,right,19.21697467488022,65.90013140604468,15.894952224644102,369.29211565498775,Emerging,True,False,False,False,False,SUI,UEFA,False,False,False,False,False,True
Sekou Mara,fr FRA,"FW,MF",Strasbourg,fr Ligue 1,22.0,2002.0,25,7,768,8.5,1,1,2,1,0,0,2,0,2.0,2.0,1.0,3.0,9,11,47,0.23,0.35,19,5,26.3,2.23,0.59,0.05,0.2,16.2,0,0.11,-1.0,-1.0,128,185,69.2,1759,307,0.5,0.0,5,9,2,0,172,13,0,2,1,3,1,0,0,0,0,0,11,10,1.17,5,0,2,3,0,0,2,0.23,9,6,0,5,4,9,33.3,6,11,0,11,3,12,3,0,303,4,24,163,118,30,303,27,11,40.7,14,51.9,181,773,262,6,5,29,15,223,31,25.1,67.0,2,18,16.0,7,1.44,11,18,-7,-0.82,-1.57,9.4,19.7,-10.3,-1.21,0,18,16,3,0,0,0,21,19,23,45.2,FWD,557612.0,exact_accent_stripped,557612.0,2025-06-03,5000000.0,557612,2002-07-30,France,2026-06-30,183.0,right,22.425735797399042,17.904073587385017,15.424948670398354,502.91362605474484,Developing,False,False,False,True,False,FRA,UEFA,False,False,False,False,False,True
Mirko Marić,hr CRO,FW,Venezia,it Serie A,29.0,1995.0,10,4,356,4.0,0,0,0,0,0,0,0,0,0.6,0.6,0.0,0.6,4,9,27,0.0,0.16,6,0,0.0,1.52,0.0,0.0,,13.6,0,0.1,-0.6,-0.6,85,114,74.6,1122,251,0.1,0.0,2,9,1,0,106,7,1,0,0,3,2,0,0,0,0,1,0,9,2.27,8,0,0,1,0,0,0,0.0,6,3,5,1,0,5,40.0,3,3,1,2,1,7,10,0,161,11,24,79,60,12,161,6,2,33.3,4,66.7,83,292,136,5,0,12,5,110,36,10.4,67.0,0,6,15.0,3,0.8,0,5,-5,-1.26,-0.71,2.5,5.7,-3.2,-0.8,0,3,4,3,0,0,0,11,13,22,37.1,FWD,215649.0,exact,215649.0,2025-06-17,700000.0,215649,1995-05-16,Croatia,2026-06-30,188.0,left,29.631759069130734,17.904073587385017,13.45883704259595,878.0411455310115,Peak,False,False,False,False,True,CRO,UEFA,False,False,False,False,False,True
Omar Marmoush,eg EGY,"FW,MF",Manchester City,eng Premier League,25.0,1999.0,16,14,1175,13.1,7,0,7,7,0,0,0,0,5.5,5.5,2.8,8.3,29,37,78,0.54,0.64,49,17,34.7,3.75,1.3,0.14,0.41,18.6,7,0.11,1.5,1.5,252,318,79.2,3443,849,2.1,-2.8,15,10,29,4,291,24,4,2,0,28,1,14,8,3,0,3,3,39,2.99,22,3,2,5,7,0,2,0.15,13,8,2,9,2,16,50.0,8,15,1,14,6,19,3,0,504,6,34,152,326,68,504,46,20,43.5,21,45.7,320,1975,960,20,15,45,19,361,73,34.4,82.0,4,2,15.0,0,2.06,26,12,14,1.07,0.51,23.9,14.1,9.8,0.75,0,15,20,10,1,0,0,37,5,11,31.3,FWD,445939.0,exact,445939.0,2025-05-30,75000000.0,445939,1999-02-07,Egypt,2029-06-30,183.0,right,25.900068446269678,53.90932982917214,18.132998684833918,670.8135455214542,Developing,False,True,False,False,False,EGY,CAF,False,True,False,False,False,False
Omar Marmoush,eg EGY,FW,Eint Frankfurt,de Bundesliga,25.0,1999.0,17,17,1448,16.1,15,9,24,13,2,2,2,0,8.8,7.3,6.2,13.5,73,50,125,1.37,0.94,75,34,45.3,4.66,2.11,0.17,0.38,18.1,6,0.1,6.2,5.7,300,430,69.8,4868,1774,4.1,2.8,34,30,22,1,332,95,29,5,2,78,6,50,22,24,0,3,10,91,5.66,39,20,13,9,9,1,21,1.31,12,8,0,3,9,7,42.9,4,7,1,6,2,14,2,0,671,1,40,230,421,109,669,101,46,45.5,46,45.5,442,3318,1810,53,45,66,37,483,85,47.3,85.0,10,0,,0,1.94,40,22,18,1.12,0.9,31.8,23.8,8.0,0.5,0,8,55,7,1,0,0,51,7,14,33.3,FWD,445939.0,exact,445939.0,2025-05-30,75000000.0,445939,1999-02-07,Egypt,2029-06-30,183.0,right,25.900068446269678,53.90932982917214,18.132998684833918,670.8135455214542,Developing,True,False,False,False,False,EGY,CAF,False,True,False,False,False,False
Carlos Martín,es ESP,"FW,MF",Alavés,es La Liga,22.0,2002.0,26,16,1333,14.8,2,2,4,2,0,0,3,0,2.3,2.3,2.7,5.0,13,21,67,0.27,0.34,26,12,46.2,1.76,0.81,0.08,0.17,17.0,0,0.09,-0.3,-0.3,261,400,65.3,3767,914,1.4,-0.7,13,15,7,4,394,6,2,4,2,24,4,0,0,0,0,0,23,29,1.96,20,0,3,4,2,0,3,0.2,43,21,18,16,9,49,26.5,36,30,1,29,5,48,20,0,612,21,117,265,236,40,612,36,9,25.0,26,72.2,305,1180,507,11,4,32,19,375,51,39.0,66.0,1,10,27.0,10,1.08,11,14,-3,-0.2,0.1,14.8,19.2,-4.3,-0.29,0,32,28,6,0,0,0,55,15,19,44.1,FWD,618813.0,exact,618813.0,2025-06-09,2800000.0,618813,2002-04-22,Spain,2026-06-30,184.0,right,22.69678302532512,17.904073587385017,14.845130332288226,515.1439596986866,Developing,False,False,True,False,False,ESP,UEFA,False,False,False,False,False,True
Gabriel Martinelli,br BRA,"FW,MF",Arsenal,eng Premier League,23.0,2001.0,33,25,2290,25.4,8,4,12,8,0,0,1,0,7.4,7.4,5.0,12.4,124,52,289,0.47,0.49,55,24,43.6,2.16,0.94,0.15,0.33,12.9,0,0.14,0.6,0.6,499,699,71.4,7113,1534,4.7,-1.0,40,11,37,15,679,15,0,5,2,92,12,3,3,0,0,5,37,74,2.91,55,1,8,7,3,0,7,0.27,23,15,9,6,8,23,30.4,16,15,0,15,5,28,19,0,994,17,102,247,660,182,994,109,33,30.3,60,55.0,670,4985,2620,33,64,50,38,752,69,67.0,81.0,10,8,33.0,2,1.94,45,25,20,0.79,-0.41,38.5,25.9,12.6,0.49,0,16,21,8,0,0,0,78,17,39,30.4,FWD,655488.0,exact,655488.0,2025-05-30,55000000.0,655488,2001-06-18,Brazil,2027-06-30,178.0,right,23.540041067761805,29.894875164257556,17.822843761378564,554.1335334719124,Developing,False,True,False,False,False,BRA,CONMEBOL,False,False,False,True,False,False
Lautaro Martínez,ar ARG,FW,Inter,it Serie A,26.0,1997.0,30,30,2474,27.5,12,3,15,12,0,0,1,0,13.5,13.5,4.3,17.8,34,68,197,0.55,0.62,99,33,33.3,3.6,1.2,0.12,0.36,13.8,0,0.13,-1.5,-1.5,472,634,74.4,7494,1609,4.3,-1.3,36,41,22,1,596,30,3,9,10,11,2,0,0,0,0,8,21,77,2.7,58,0,2,12,4,1,8,0.28,30,16,10,12,8,25,52.0,12,21,3,18,10,40,15,0,981,15,84,413,494,162,981,47,17,36.2,25,53.2,625,2739,1101,27,12,70,54,754,82,72.4,82.0,14,0,,1,2.0,58,24,34,1.24,0.28,48.7,25.8,22.9,0.8,0,41,40,22,0,0,0,73,35,38,47.9,FWD,406625.0,exact,406625.0,2025-06-17,95000000.0,406625,1997-08-22,Argentina,2029-06-30,174.0,right,27.362080766598222,53.90932982917214,18.36938746009113,748.6834638778444,Peak,False,False,False,False,True,ARG,CONMEBOL,False,False,False,True,False,False
Toni Martínez,es ESP,FW,Alavés,es La Liga,27.0,1997.0,28,9,1012,11.2,4,0,4,4,0,0,1,0,3.6,3.6,0.6,4.2,13,11,57,0.36,0.37,46,15,32.6,4.09,1.33,0.09,0.27,17.1,0,0.08,0.4,0.4,140,240,58.3,1676,280,0.9,-0.6,11,11,4,1,227,10,0,2,3,7,1,0,0,0,0,3,2,27,2.4,16,0,5,2,2,2,1,0.09,12,7,5,4,3,8,50.0,4,8,2,6,1,13,15,0,401,15,34,171,203,70,401,15,9,60.0,5,33.3,162,801,270,9,7,41,11,272,36,29.6,71.0,2,19,19.0,8,1.0,12,17,-5,-0.44,-0.26,12.9,14.9,-2.0,-0.17,0,17,13,8,0,1,0,30,79,68,53.7,FWD,302371.0,exact,302371.0,2025-06-09,2500000.0,302371,1997-06-30,Spain,2028-06-30,187.0,right,27.50718685831622,41.9185282522996,14.731801689838349,756.6453288583245,Peak,False,False,True,False,False,ESP,UEFA,False,False,False,False,False,True
Giorgos Masouras,gr GRE,"FW,MF",Bochum,de Bundesliga,30.0,1994.0,14,12,1055,11.7,2,1,3,2,0,0,1,0,3.9,3.9,1.1,5.0,26,19,82,0.26,0.43,30,15,50.0,2.56,1.28,0.07,0.13,14.5,1,0.13,-1.9,-1.9,200,284,70.4,2740,688,1.1,-0.1,10,11,7,4,276,5,1,0,1,26,3,0,0,0,0,3,9,29,2.47,21,0,2,5,1,0,5,0.43,18,10,6,7,5,16,43.8,9,9,1,8,4,22,3,1,403,7,54,156,202,53,403,14,5,35.7,9,64.3,220,1064,507,7,13,28,6,260,75,34.5,80.0,2,2,45.0,0,0.93,14,18,-4,-0.34,1.01,15.6,18.4,-2.9,-0.25,0,12,10,15,0,0,0,44,26,36,41.9,FWD,329517.0,fuzzy_verified,329517.0,2025-06-05,2000000.0,329517,1994-01-01,Greece,2026-06-30,184.0,right,31.000684462696782,17.904073587385017,14.508658238524095,961.0424371556896,Declining,True,False,False,False,False,GRE,UEFA,False,False,False,False,False,True
Jaime Mata,es ESP,"FW,MF",Las Palmas,es La Liga,35.0,1988.0,30,4,656,7.3,0,0,0,0,0,0,9,0,2.6,2.6,0.1,2.8,6,10,48,0.0,0.38,17,6,35.3,2.33,0.82,0.0,0.0,11.3,0,0.15,-2.6,-2.6,127,187,67.9,1817,282,0.3,-0.1,3,8,3,1,182,4,0,0,0,9,1,0,0,0,0,1,6,16,2.19,11,0,1,3,1,0,1,0.14,8,2,2,6,0,9,33.3,6,5,1,4,3,11,11,0,270,11,20,135,116,38,270,9,5,55.6,3,33.3,118,458,158,3,2,17,3,192,22,19.2,69.0,0,26,15.0,6,0.84,10,11,-1,-0.14,0.51,11.1,10.7,0.4,0.05,0,20,14,12,0,0,0,18,26,30,46.4,FWD,227961.0,exact,227961.0,2024-06-07,900000.0,227961,1988-10-24,Spain,2026-06-30,186.0,right,36.18891170431211,17.904073587385017,13.710151153416941,1309.6373303424982,Declining,False,False,True,False,False,ESP,UEFA,False,False,False,False,False,True
Igor Matanovic,hr CRO,FW,Eint Frankfurt,de Bundesliga,21.0,2003.0,16,2,312,3.5,1,0,1,1,0,0,0,0,1.1,1.1,0.0,1.2,2,6,19,0.29,0.34,12,4,33.3,3.46,1.15,0.08,0.25,14.1,0,0.1,-0.1,-0.1,57,75,76.0,837,209,0.1,0.0,1,8,1,0,69,6,0,1,0,0,0,0,0,0,0,0,3,8,2.31,3,1,1,3,0,0,1,0.29,2,0,0,2,0,1,0.0,1,3,0,3,1,3,9,0,133,8,17,73,44,17,133,5,3,60.0,2,40.0,78,363,118,3,2,21,9,103,20,10.2,56.0,0,14,14.0,6,1.88,7,10,-3,-0.87,-1.68,7.1,5.8,1.3,0.37,0,6,11,1,0,0,0,8,10,15,40.0,FWD,605268.0,exact,605268.0,2025-06-05,5000000.0,605268,2003-03-31,Croatia,,194.0,right,21.75770020533881,,15.424948670398354,473.3975182254005,Emerging,True,False,False,False,False,CRO,UEFA,False,False,False,False,False,True
Jean-Philippe Mateta,fr FRA,FW,Crystal Palace,eng Premier League,27.0,1997.0,37,33,2648,29.4,14,2,16,12,2,2,2,0,13.5,11.9,3.2,15.1,45,52,122,0.48,0.57,68,29,42.6,2.31,0.99,0.18,0.41,15.6,0,0.18,0.5,0.1,291,447,65.1,3849,1016,2.3,-1.2,29,34,16,2,438,8,0,7,0,26,0,0,0,0,0,1,17,65,2.21,44,0,5,11,5,0,10,0.34,18,12,5,11,2,16,18.8,13,19,4,15,2,20,23,0,739,26,64,350,340,94,737,46,20,43.5,22,47.8,400,2143,1048,22,10,72,45,539,72,77.4,78.0,17,4,19.0,0,1.35,43,37,6,0.2,0.9,47.3,36.6,10.7,0.37,0,27,28,21,0,0,0,68,63,107,37.1,FWD,420002.0,exact,420002.0,2025-05-30,30000000.0,420002,1997-06-28,France,2027-06-30,192.0,right,27.512662559890487,29.894875164257556,17.216707972959764,756.9466011343998,Peak,False,True,False,False,False,FRA,UEFA,False,False,False,False,False,True
Neal Maupay,fr FRA,FW,Marseille,fr Ligue 1,27.0,1996.0,22,13,1042,11.6,4,4,8,4,0,0,3,1,4.1,4.1,2.2,6.3,12,37,81,0.69,0.54,19,10,52.6,1.64,0.86,0.21,0.4,10.6,0,0.22,-0.1,-0.1,250,297,84.2,3404,651,1.3,1.8,13,15,12,0,264,33,4,1,0,1,4,0,0,0,0,0,9,22,1.9,20,0,2,0,0,0,5,0.43,9,4,1,6,2,6,50.0,3,5,0,5,2,11,0,0,386,2,20,198,174,48,386,14,6,42.9,7,50.0,201,989,397,14,7,34,20,300,47,34.1,65.0,1,9,23.0,9,1.77,23,19,4,0.35,-0.68,16.4,17.9,-1.5,-0.13,1,10,17,2,0,0,0,21,8,14,36.4,FWD,217115.0,exact,217115.0,2025-06-03,8000000.0,217115,1996-08-14,France,2026-06-30,171.0,right,28.383299110198493,17.904073587385017,15.894952224644102,805.6116683789945,Peak,False,False,False,True,False,FRA,UEFA,False,False,False,False,False,True
Stephy Mavididi,eng ENG,FW,Leicester City,eng Premier League,26.0,1998.0,30,16,1615,17.9,4,1,5,4,0,0,2,0,1.8,1.8,2.6,4.4,91,57,138,0.28,0.25,26,7,26.9,1.45,0.39,0.15,0.57,16.1,1,0.07,2.2,2.2,460,613,75.0,6191,1429,3.3,-1.6,22,32,26,7,588,20,2,6,0,69,11,7,4,2,0,5,24,50,2.78,39,2,4,2,2,1,7,0.39,34,19,16,10,8,42,33.3,28,26,2,24,11,45,15,0,863,23,132,327,421,61,863,95,35,36.8,47,49.5,583,4343,2355,40,27,39,35,623,54,47.2,81.0,3,14,23.0,3,0.5,18,38,-20,-1.11,0.23,17.9,36.1,-18.1,-1.01,0,18,18,3,0,0,0,83,9,15,37.5,FWD,340328.0,exact,340328.0,2025-05-30,10000000.0,340328,1998-05-31,England,2028-06-30,182.0,right,26.590006844626966,41.9185282522996,16.118095750958314,707.0284639973089,Peak,False,True,False,False,False,ENG,UEFA,False,False,False,False,False,True
Borja Mayoral,es ESP,FW,Getafe,es La Liga,27.0,1997.0,24,7,1114,12.4,5,1,6,4,1,1,0,0,3.4,2.6,0.9,3.6,10,13,43,0.4,0.35,19,8,42.1,1.54,0.65,0.21,0.5,13.9,0,0.14,1.6,1.4,197,254,77.6,2876,459,0.3,0.1,8,11,2,0,225,27,2,0,5,9,3,0,0,0,0,2,7,19,1.54,16,0,1,1,0,1,2,0.16,5,4,2,2,1,9,33.3,6,4,0,4,2,7,6,0,366,9,27,174,171,40,365,20,6,30.0,10,50.0,209,852,321,9,8,23,20,251,46,32.6,86.0,4,17,30.0,1,1.25,17,16,1,0.08,0.31,13.8,17.3,-3.6,-0.29,0,9,15,12,0,0,0,36,17,41,29.3,FWD,298976.0,exact,298976.0,2025-06-09,7500000.0,298976,1997-04-05,Spain,2027-06-30,182.0,right,27.742642026009584,29.894875164257556,15.830413711839864,769.6541865833132,Peak,False,False,True,False,False,ESP,UEFA,False,False,False,False,False,True
Samuel Mbangula,be BEL,FW,Juventus,it Serie A,20.0,2004.0,23,7,709,7.9,3,3,6,3,0,0,1,0,0.6,0.6,1.4,2.0,25,17,44,0.76,0.25,9,5,55.6,1.14,0.63,0.33,0.6,18.7,0,0.07,2.4,2.4,230,269,85.5,3018,589,0.8,1.6,15,15,10,4,263,5,1,0,0,17,4,0,0,0,0,1,3,23,2.92,20,0,1,0,1,1,5,0.63,15,10,7,6,2,13,53.8,6,7,0,7,3,18,4,0,349,6,46,147,159,20,349,27,9,33.3,13,48.1,229,1362,711,11,7,13,10,270,31,20.7,72.0,1,16,13.0,13,1.65,16,6,10,1.27,0.84,10.7,6.6,4.1,0.52,0,6,14,0,1,0,0,33,2,7,22.2,FWD,654991.0,exact,654991.0,2025-06-17,14000000.0,654991,2004-01-16,Belgium,2030-06-30,179.0,right,20.960985626283367,65.90013140604468,16.454567959008102,439.36291842525793,Emerging,False,False,False,False,True,BEL,UEFA,False,False,False,False,False,True
Kylian Mbappé,fr FRA,FW,Real Madrid,es La Liga,25.0,1998.0,34,34,2907,32.3,31,3,34,24,7,9,3,1,25.9,18.6,7.7,26.3,150,140,386,0.84,1.04,152,75,49.3,4.71,2.32,0.16,0.32,17.3,3,0.12,5.1,5.4,949,1145,82.9,13622,2382,6.6,-4.7,51,75,52,3,1074,66,3,6,19,35,11,6,0,0,0,5,33,133,4.12,83,2,23,17,8,0,15,0.46,8,5,1,3,4,5,20.0,4,3,0,3,1,9,1,1,1572,1,35,439,1114,320,1563,187,83,44.4,91,48.7,1065,6987,3808,95,96,84,49,1355,86,85.0,86.0,22,0,,0,2.24,68,32,36,1.11,0.41,69.0,35.2,33.8,1.05,0,25,40,44,3,0,0,36,4,6,40.0,FWD,342229.0,exact,342229.0,2025-06-09,180000000.0,342229,1998-12-20,France,2029-06-30,180.0,right,26.034223134839152,53.90932982917214,19.00846741441004,677.7807742345941,Peak,False,False,True,False,False,FRA,UEFA,False,False,False,False,False,True
Ibrahim Mbaye,fr FRA,"FW,MF",Paris S-G,fr Ligue 1,16.0,2008.0,9,4,340,3.8,1,1,2,1,0,0,0,0,1.8,1.8,1.1,2.9,15,9,54,0.53,0.78,12,7,58.3,3.18,1.85,0.08,0.14,14.4,0,0.15,-0.8,-0.8,128,148,86.5,1753,259,0.3,-0.1,3,6,3,0,147,0,0,0,0,5,0,0,0,0,0,1,2,8,2.12,6,0,1,0,0,1,2,0.53,4,2,1,2,1,8,37.5,5,2,0,2,2,6,2,0,198,2,23,79,98,16,198,16,5,31.3,11,68.8,161,1031,433,10,7,10,11,170,38,11.1,71.0,2,5,11.0,8,2.67,11,5,6,1.59,-0.1,8.9,3.1,5.8,1.54,0,6,3,1,0,0,0,10,2,4,33.3,FWD,1185888.0,exact,1185888.0,2025-06-03,3000000.0,1185888,2008-01-24,Senegal,2028-06-30,175.0,right,16.93908281998631,41.9185282522996,14.914123179965662,286.9325267823554,Emerging,False,False,False,True,False,FRA,UEFA,False,False,False,False,False,True
Bryan Mbeumo,cm CMR,FW,Brentford,eng Premier League,24.0,1999.0,38,38,3414,37.9,20,7,27,15,5,6,3,0,12.3,7.5,8.3,15.9,130,141,351,0.58,0.54,79,34,43.0,2.08,0.9,0.19,0.44,17.9,6,0.1,7.7,7.5,872,1319,66.1,13902,4325,9.3,-1.3,70,63,59,19,1162,149,40,13,9,202,17,87,70,2,0,8,50,144,3.8,98,23,11,8,4,0,20,0.53,49,31,18,15,16,35,60.0,14,26,3,23,14,63,55,1,1781,62,246,567,998,168,1775,111,52,46.8,47,42.3,1077,6721,3519,69,75,106,47,1204,90,99.8,90.0,35,0,,0,1.47,66,55,11,0.29,30.29,58.5,54.6,3.9,0.1,0,25,44,11,0,0,0,156,34,74,31.5,FWD,413039.0,exact,413039.0,2025-05-30,55000000.0,413039,1999-08-07,Cameroon,2030-06-30,171.0,left,25.404517453798768,65.90013140604468,17.822843761378564,645.3895070603662,Developing,False,True,False,False,False,CMR,CAF,False,True,False,False,False,False
Kasey McAteer,ie IRL,FW,Leicester City,eng Premier League,22.0,2001.0,18,9,852,9.5,1,1,2,1,0,0,3,0,1.0,1.0,0.7,1.7,19,14,71,0.21,0.18,13,7,53.8,1.37,0.74,0.08,0.14,16.4,0,0.08,0.0,0.0,183,252,72.6,2556,613,0.6,0.3,9,13,6,2,241,7,0,0,0,21,7,0,0,0,0,4,13,20,2.11,18,0,0,0,2,0,2,0.21,23,16,11,9,3,29,48.3,15,18,2,16,5,28,15,0,379,21,76,141,169,30,379,25,6,24.0,15,60.0,224,1455,575,11,9,20,16,243,47,24.9,78.0,1,9,16.0,2,0.78,10,16,-6,-0.63,0.8,10.0,19.6,-9.5,-1.01,0,18,15,3,0,0,0,45,13,17,43.3,FWD,621193.0,exact,621193.0,2025-05-30,2000000.0,621193,2001-11-22,Ireland,2029-06-30,177.0,right,23.110198494182068,53.90932982917214,14.508658238524095,534.0812744404951,Developing,False,True,False,False,False,IRL,UEFA,False,False,False,False,False,True
Oliver McBurnie,sct SCO,FW,Las Palmas,es La Liga,28.0,1996.0,34,20,1837,20.4,3,6,9,3,0,0,3,0,4.8,4.8,2.8,7.6,7,27,75,0.44,0.37,32,12,37.5,1.57,0.59,0.09,0.25,12.3,0,0.15,-1.8,-1.8,276,419,65.9,3391,779,1.0,3.2,24,23,7,1,386,31,1,0,0,2,5,0,0,0,0,2,5,42,2.06,32,0,3,4,3,0,6,0.29,15,7,5,8,2,12,41.7,7,15,5,10,6,21,24,0,605,29,57,307,247,93,605,34,16,47.1,18,52.9,269,958,233,4,7,38,21,426,54,53.7,77.0,8,14,21.0,4,0.68,21,37,-16,-0.78,-0.5,20.8,36.1,-15.3,-0.75,0,32,19,9,0,0,0,40,87,93,48.3,FWD,298477.0,fuzzy_verified,298477.0,2025-06-09,2500000.0,298477,1996-06-04,Scotland,2028-06-30,188.0,right,28.577686516084874,41.9185282522996,14.731801689838349,816.6841666116193,Peak,False,False,True,False,False,SCO,UEFA,False,False,False,False,False,True
Mohamed Meité,fr FRA,FW,Rennes,fr Ligue 1,16.0,2007.0,12,5,544,6.0,2,0,2,2,0,0,0,0,2.5,2.5,0.6,3.1,8,6,37,0.33,0.51,15,5,33.3,2.48,0.83,0.13,0.4,10.8,0,0.16,-0.5,-0.5,62,94,66.0,781,184,0.4,-0.6,5,3,3,0,88,6,0,1,0,2,0,0,0,0,0,0,4,13,2.17,11,0,0,1,1,0,1,0.17,2,0,0,2,0,1,100.0,0,1,0,1,0,2,5,0,155,4,9,66,81,29,155,11,1,9.1,9,81.8,100,440,190,5,5,21,17,126,45,17.8,88.0,3,7,15.0,4,1.0,7,6,1,0.17,0.17,7.4,7.8,-0.4,-0.07,0,14,8,4,0,0,0,5,15,11,57.7,FWD,895402.0,fuzzy_verified,895402.0,2025-06-12,1200000.0,895402,2002-03-25,Belgium,2027-06-30,175.0,right,22.77344284736482,29.894875164257556,13.997832948091215,518.6296991221918,Developing,False,False,False,True,False,FRA,UEFA,False,False,False,False,False,True
Valentin Mihaila,ro ROU,"FW,MF",Parma,it Serie A,24.0,2000.0,21,16,1288,14.3,0,3,3,0,0,0,2,0,2.4,2.4,1.2,3.6,25,41,72,0.21,0.25,31,11,35.5,2.17,0.77,0.0,0.0,22.1,5,0.08,-2.4,-2.4,325,431,75.4,4879,1423,1.1,1.8,17,28,17,3,368,61,14,3,4,33,6,40,12,6,1,2,8,48,3.36,34,5,3,3,3,0,5,0.35,29,15,8,13,8,22,40.9,13,18,0,18,8,37,6,0,582,5,58,226,311,31,582,27,10,37.0,14,51.9,332,1995,835,26,11,29,20,389,61,37.7,73.0,3,5,25.0,2,0.81,15,22,-7,-0.49,-0.19,14.4,23.6,-9.2,-0.64,0,17,20,1,0,1,0,39,13,27,32.5,FWD,535469.0,exact_accent_stripped,535469.0,2025-06-17,3000000.0,535469,2000-02-02,Romania,2029-06-30,180.0,right,24.914442162902123,53.90932982917214,14.914123179965662,620.729428288595,Developing,False,False,False,False,True,ROU,UEFA,False,False,False,False,False,True
Georges Mikautadze,ge GEO,FW,Lyon,fr Ligue 1,23.0,2000.0,34,13,1449,16.1,11,6,17,8,3,4,2,0,10.3,7.0,4.3,11.4,37,54,140,0.87,0.91,52,22,42.3,3.23,1.37,0.15,0.36,14.1,0,0.14,0.7,1.0,326,426,76.5,4382,925,3.7,1.7,21,21,14,0,406,17,1,4,3,9,3,0,0,0,0,3,14,49,3.05,39,0,3,4,3,0,12,0.75,7,6,1,3,3,9,33.3,6,11,0,11,4,11,6,0,653,9,45,259,357,119,649,59,17,28.8,39,66.1,402,2305,919,16,21,49,20,510,43,47.4,81.0,7,21,19.0,0,1.68,35,30,5,0.31,-0.47,29.8,24.4,5.5,0.34,0,7,23,3,2,0,0,44,15,40,27.3,FWD,729814.0,exact,729814.0,2025-06-03,22000000.0,729814,2000-10-31,Georgia,2031-06-30,176.0,right,24.16974674880219,77.8909329829172,16.906553056777135,584.1766579012341,Developing,False,False,False,True,False,GEO,UEFA,False,False,False,False,False,True
Yankuba Minteh,gm GAM,"FW,MF",Brighton,eng Premier League,20.0,2004.0,32,20,1838,20.4,6,4,10,6,0,0,6,0,4.1,4.1,5.0,9.1,90,48,201,0.49,0.44,34,16,47.1,1.66,0.78,0.18,0.38,13.8,0,0.12,1.9,1.9,348,557,62.5,5531,1843,5.0,-1.0,29,14,36,9,510,45,9,4,4,91,20,16,7,6,0,2,36,64,3.14,37,8,13,3,2,1,13,0.64,48,35,25,13,10,45,37.8,28,22,0,22,11,59,31,0,836,30,135,228,491,146,836,98,46,46.9,43,43.9,481,3573,2105,24,67,53,28,511,57,53.7,78.0,3,12,24.0,1,1.59,37,33,4,0.2,0.03,34.5,27.6,6.9,0.34,0,21,11,6,0,0,0,85,17,34,33.3,FWD,1012534.0,exact,1012534.0,2025-05-30,30000000.0,1012534,2004-07-22,The Gambia,2029-06-30,180.0,left,20.44626967830253,53.90932982917214,17.216707972959764,418.0499437578735,Emerging,False,True,False,False,False,GAM,CAF,False,True,False,False,False,False
Bojan Miovski,mk MKD,FW,Girona,es La Liga,25.0,1999.0,17,12,869,9.7,2,1,3,2,0,0,0,0,2.7,2.7,0.2,2.9,4,4,33,0.31,0.3,14,4,28.6,1.45,0.41,0.14,0.5,12.3,0,0.19,-0.7,-0.7,86,113,76.1,1260,106,0.2,0.8,4,2,1,1,94,18,0,0,0,3,0,0,0,0,0,1,4,10,1.03,4,0,1,2,2,1,4,0.41,7,5,2,2,3,7,28.6,5,4,0,4,2,9,7,0,182,5,20,73,89,29,182,7,3,42.9,2,28.6,88,325,83,1,4,17,6,121,51,25.4,67.0,1,5,14.0,13,1.12,11,18,-7,-0.72,-0.41,8.8,11.6,-2.8,-0.29,0,13,11,8,1,0,0,13,13,22,37.1,FWD,476219.0,exact,476219.0,2025-06-09,2500000.0,476219,1999-06-24,North Macedonia,2029-06-30,189.0,left,25.52498288843258,53.90932982917214,14.731801689838349,651.5247514547759,Developing,False,False,True,False,False,MKD,UEFA,False,False,False,False,False,True
Rafa Mir,es ESP,"FW,MF",Valencia,es La Liga,27.0,1997.0,20,5,753,8.4,1,2,3,1,0,0,4,0,3.0,3.0,0.7,3.8,10,20,28,0.36,0.45,27,7,25.9,3.23,0.84,0.04,0.14,16.5,0,0.11,-2.0,-2.0,144,200,72.0,2224,401,0.5,1.3,4,15,4,2,197,2,0,0,1,7,0,0,0,0,0,1,9,11,1.31,8,0,0,3,0,0,4,0.48,12,6,8,4,0,9,33.3,6,5,0,5,5,17,9,0,294,12,48,137,111,27,294,14,2,14.3,11,78.6,145,652,266,7,0,12,8,203,38,22.0,74.0,0,15,25.0,3,1.1,10,9,1,0.12,0.49,9.9,12.1,-2.3,-0.27,0,13,7,5,0,0,0,18,12,21,36.4,FWD,361254.0,exact,361254.0,2025-06-09,800000.0,361254,1997-06-18,Spain,2026-06-30,191.0,right,27.540041067761805,17.904073587385017,13.592368256649284,758.4538620140069,Peak,False,False,True,False,False,ESP,UEFA,False,False,False,False,False,True
Kaoru Mitoma,jp JPN,"FW,MF",Brighton,eng Premier League,27.0,1997.0,36,28,2603,28.9,10,4,14,10,0,0,1,0,9.2,9.2,4.6,13.8,146,89,291,0.48,0.48,57,27,47.4,1.97,0.93,0.18,0.37,13.9,0,0.16,0.8,0.8,749,988,75.8,9777,2226,4.0,-0.6,37,36,36,8,965,19,0,9,1,75,19,0,0,0,0,4,39,87,3.01,73,0,6,3,4,1,10,0.35,45,27,15,14,16,49,38.8,30,48,3,45,14,59,10,0,1375,17,155,468,782,164,1375,131,52,39.7,74,56.5,830,6659,3906,82,56,53,23,966,72,76.1,85.0,14,8,29.0,0,1.64,53,40,13,0.45,1.11,44.1,37.1,6.9,0.24,0,40,24,5,0,0,0,99,26,27,49.1,FWD,504849.0,exact,504849.0,2025-05-30,40000000.0,504849,1997-05-20,Japan,2027-06-30,178.0,right,27.619438740588638,29.894875164257556,17.50439003707821,762.8333963451284,Peak,False,True,False,False,False,JPN,AFC,True,False,False,False,False,False
Koji Miyoshi,jp JPN,"FW,MF",Bochum,de Bundesliga,27.0,1997.0,15,6,464,5.2,1,0,1,1,0,0,0,1,1.1,1.1,0.8,1.9,11,15,23,0.19,0.36,12,5,41.7,2.33,0.97,0.08,0.2,21.1,0,0.09,-0.1,-0.1,77,130,59.2,1216,422,0.6,-0.8,5,10,4,0,123,7,0,4,1,9,1,2,2,0,0,0,15,9,1.75,7,0,1,1,0,0,0,0.0,8,5,2,1,5,9,44.4,5,10,1,9,2,10,2,0,201,3,31,90,85,21,201,14,5,35.7,9,64.3,120,684,303,6,3,14,5,124,31,15.2,50.0,0,9,18.0,6,0.67,3,11,-8,-1.55,-0.65,5.5,12.9,-7.5,-1.45,0,10,4,2,0,0,0,22,2,13,13.3,FWD,295060.0,exact,295060.0,2025-06-05,1500000.0,295060,1997-03-26,Japan,2028-06-30,167.0,left,27.770020533880903,41.9185282522996,14.220976332738882,771.174040452167,Peak,True,False,False,False,False,JPN,AFC,True,False,False,False,False,False
Max Moerstedt,de GER,FW,Hoffenheim,de Bundesliga,,,12,5,451,5.0,0,0,0,0,0,0,2,0,0.8,0.8,0.6,1.3,6,10,36,0.0,0.27,12,4,33.3,2.39,0.8,0.0,0.0,12.2,0,0.06,-0.8,-0.8,69,103,67.0,784,204,0.6,-0.6,7,5,2,0,101,1,0,1,0,1,0,0,0,0,0,1,2,16,3.18,11,0,1,1,3,0,0,0.0,5,5,1,3,1,2,50.0,1,4,0,4,0,5,5,0,159,6,15,62,85,31,159,4,1,25.0,3,75.0,84,310,128,2,3,13,11,125,38,14.7,65.0,0,7,18.0,7,1.08,4,5,-1,-0.2,0.52,4.2,7.2,-3.1,-0.61,0,6,10,1,0,0,0,11,16,22,42.1,FWD,923595.0,exact,923595.0,2025-06-05,7000000.0,923595,2006-01-15,Germany,2030-06-30,194.0,right,18.962354551676935,65.90013140604468,15.76142084987672,359.57089014350294,Emerging,True,False,False,False,False,GER,UEFA,False,False,False,False,False,True
Mostafa Mohamed,eg EGY,FW,Nantes,fr Ligue 1,26.0,1997.0,30,11,1252,13.9,5,0,5,5,0,0,3,0,5.5,5.5,0.4,5.9,11,20,50,0.36,0.43,43,16,37.2,3.09,1.15,0.12,0.31,13.7,2,0.13,-0.5,-0.5,160,247,64.8,2461,647,0.4,-0.4,6,16,6,0,227,17,0,2,0,4,1,0,0,0,0,3,9,17,1.22,9,0,4,3,1,0,2,0.14,18,9,6,8,4,12,33.3,8,10,2,8,10,28,27,0,452,34,69,177,217,76,452,26,12,46.2,14,53.8,239,1011,438,15,2,47,22,285,42,40.9,74.0,2,19,23.0,0,1.03,19,18,1,0.07,0.77,17.8,26.9,-9.1,-0.65,0,32,36,5,1,0,0,50,57,49,53.8,FWD,462348.0,exact,462348.0,2025-06-03,5000000.0,462348,1997-11-28,Egypt,2027-06-30,185.0,right,27.093771389459274,29.894875164257556,15.424948670398354,734.0724481042819,Peak,False,False,False,True,False,EGY,CAF,False,True,False,False,False,False
Alberto Moleiro,es ESP,"FW,MF",Las Palmas,es La Liga,20.0,2003.0,35,32,2714,30.2,6,1,7,6,0,0,5,0,5.6,5.6,3.3,8.9,97,116,179,0.23,0.3,68,24,35.3,2.25,0.8,0.09,0.25,19.0,0,0.08,0.4,0.4,845,1039,81.3,11961,2734,3.6,-2.3,41,75,29,5,1006,30,11,9,1,32,11,2,0,1,0,3,24,106,3.52,76,0,17,7,5,1,6,0.2,27,12,12,14,1,48,37.5,30,24,0,24,18,45,8,0,1416,4,153,682,607,102,1416,150,64,42.7,78,52.0,946,5912,3126,71,28,76,48,1097,78,79.4,81.0,16,3,40.0,1,0.83,35,48,-13,-0.43,0.59,31.1,50.5,-19.4,-0.64,0,31,40,2,0,0,0,132,5,22,18.5,FWD,733576.0,exact,733576.0,2025-06-09,25000000.0,733576,2003-09-30,Spain,2030-06-30,171.0,right,21.256673511293634,65.90013140604468,17.034386422832473,451.84616876573244,Emerging,False,False,True,False,False,ESP,UEFA,False,False,False,False,False,True
Mikey Moore,eng ENG,FW,Tottenham,eng Premier League,16.0,2007.0,10,3,366,4.1,0,1,1,0,0,0,0,0,0.2,0.2,0.3,0.5,12,9,40,0.25,0.13,3,0,0.0,0.74,0.0,0.0,,19.5,0,0.07,-0.2,-0.2,67,96,69.8,853,226,0.6,0.7,3,2,5,1,88,8,0,0,0,16,2,6,3,0,0,0,5,12,2.95,7,2,0,1,2,0,2,0.49,2,1,2,0,0,4,0.0,4,2,0,2,1,3,4,0,142,4,17,43,83,13,142,17,2,11.8,13,76.5,106,781,374,6,5,10,7,107,37,10.7,64.0,0,7,25.0,8,1.0,4,5,-1,-0.25,-0.25,4.7,6.7,-2.1,-0.51,0,3,7,3,0,0,0,11,1,6,14.3,FWD,1011147.0,exact,1011147.0,2025-05-30,18000000.0,1011147,2007-08-11,England,2026-06-30,180.0,right,17.39356605065024,17.904073587385017,16.705882371415992,302.53613995833257,Emerging,False,True,False,False,False,ENG,UEFA,False,False,False,False,False,True
Álvaro Morata,es ESP,"FW,MF",Milan,it Serie A,31.0,1992.0,16,13,1099,12.2,5,0,5,5,0,0,5,0,3.9,3.9,0.8,4.7,18,26,63,0.41,0.39,27,10,37.0,2.21,0.82,0.19,0.5,11.3,0,0.15,1.1,1.1,202,268,75.4,3147,538,0.3,-0.8,7,15,3,0,249,19,2,3,5,13,0,0,0,0,0,0,4,21,1.72,16,0,1,1,2,1,3,0.25,16,10,5,8,3,8,62.5,3,7,2,5,5,21,5,0,383,6,34,180,170,61,383,17,6,35.3,7,41.2,215,1182,519,13,7,24,16,292,69,32.1,77.0,5,3,34.0,0,1.81,16,10,6,0.49,0.03,18.3,10.2,8.1,0.66,0,25,18,11,0,0,0,31,14,20,41.2,FWD,128223.0,exact,128223.0,2025-06-18,11000000.0,128223,1992-10-23,Spain,2029-06-30,189.0,right,32.19164955509925,53.90932982917214,16.213405921671733,1036.3023010783215,Declining,False,False,False,False,True,ESP,UEFA,False,False,False,False,False,True
Gerard Moreno,es ESP,FW,Villarreal,es La Liga,32.0,1992.0,17,6,721,8.0,3,2,5,0,3,3,0,0,4.2,1.8,3.6,5.5,19,53,60,0.25,0.98,23,9,39.1,2.87,1.12,0.0,0.0,18.2,0,0.08,-1.2,-1.8,235,305,77.0,4192,1161,1.9,-1.6,17,30,15,2,289,12,1,2,2,10,0,0,0,0,0,4,10,39,4.87,31,0,2,3,2,1,4,0.5,7,4,3,2,2,12,25.0,9,0,0,0,2,9,8,0,404,8,30,183,195,48,401,31,18,58.1,13,41.9,243,1387,601,14,9,17,9,324,42,21.1,67.0,1,11,29.0,4,1.76,17,10,7,0.87,0.44,19.3,7.8,11.5,1.44,0,10,11,1,1,0,0,25,17,4,81.0,FWD,177467.0,exact,177467.0,2025-06-09,4000000.0,177467,1992-04-07,Spain,2027-06-30,180.0,left,32.73648186173853,29.894875164257556,15.201805169084134,1071.677244683936,Declining,False,False,True,False,False,ESP,UEFA,False,False,False,False,False,True
Tete Morente,es ESP,"FW,MF",Lecce,it Serie A,27.0,1996.0,31,23,2021,22.5,3,2,5,3,0,0,5,0,2.9,2.9,1.6,4.5,48,102,144,0.22,0.2,41,13,31.7,1.83,0.58,0.07,0.23,20.8,0,0.07,0.1,0.1,545,729,74.8,9087,2766,1.2,0.4,25,54,23,9,697,27,2,3,5,56,21,4,0,3,0,5,29,61,2.72,50,1,4,3,2,1,4,0.18,27,17,10,11,6,36,27.8,26,16,1,15,14,41,31,1,983,24,146,465,388,40,983,55,30,54.5,22,40.0,560,3477,1689,43,6,43,15,643,65,59.1,76.0,8,8,33.0,5,0.84,16,37,-21,-0.94,-0.29,18.6,32.1,-13.4,-0.6,0,26,24,0,0,0,0,104,37,23,61.7,FWD,339816.0,exact,339816.0,2025-06-17,2000000.0,339816,1996-12-04,Spain,2028-06-30,184.0,right,28.076659822039698,41.9185282522996,14.508658238524095,788.2988267625383,Peak,False,False,False,False,True,ESP,UEFA,False,False,False,False,False,True
Daniel Mosquera,co COL,FW,Hellas Verona,it Serie A,24.0,1999.0,35,12,1375,15.3,5,1,6,5,0,0,4,0,6.6,6.6,1.3,7.9,17,25,83,0.39,0.52,57,15,26.3,3.73,0.98,0.09,0.33,13.5,0,0.12,-1.6,-1.6,230,335,68.7,2878,544,0.9,-0.3,12,21,4,0,319,15,0,1,0,2,1,0,0,0,0,1,9,43,2.82,28,0,1,11,1,2,3,0.2,11,8,3,5,3,15,6.7,14,11,1,10,2,13,10,0,509,12,36,246,236,74,509,25,16,64.0,8,32.0,250,1249,490,15,9,43,17,352,39,40.2,67.0,1,23,25.0,2,1.06,16,25,-9,-0.59,0.42,19.3,21.1,-1.8,-0.12,0,44,17,8,0,0,0,54,79,89,47.0,FWD,651569.0,exact,651569.0,2025-06-17,1500000.0,651569,1999-10-20,Colombia,2028-06-30,180.0,right,25.201916495550993,41.9185282522996,14.220976332738882,635.1365950487252,Developing,False,False,False,False,True,COL,CONMEBOL,False,False,False,True,False,False
Dany Mota,pt POR,"FW,MF",Monza,it Serie A,26.0,1998.0,31,24,2104,23.4,5,2,7,5,0,0,3,0,5.1,5.1,1.8,6.9,53,47,139,0.3,0.29,42,11,26.2,1.8,0.47,0.12,0.45,13.1,0,0.12,-0.1,-0.1,412,569,72.4,6464,1039,1.7,0.2,22,27,19,6,533,35,2,4,6,38,6,0,0,0,0,1,24,55,2.35,41,0,3,4,7,0,3,0.13,13,3,2,3,8,8,50.0,4,18,1,17,9,22,27,3,820,24,85,376,368,80,820,39,13,33.3,22,56.4,501,3114,1295,29,12,63,29,605,68,61.5,78.0,9,7,32.0,0,0.35,16,42,-26,-1.11,-0.09,17.6,32.3,-14.7,-0.63,0,30,36,7,0,0,0,61,60,71,45.8,FWD,347253.0,exact,347253.0,2024-06-05,5000000.0,347253,1998-05-02,Portugal,2027-06-30,180.0,right,26.6694045174538,29.894875164257556,15.424948670398354,711.257137315585,Peak,False,False,False,False,True,POR,UEFA,False,False,False,False,False,True
Steve Mounié,bj BEN,"FW,MF",Augsburg,de Bundesliga,29.0,1994.0,16,1,347,3.9,1,0,1,1,0,0,2,0,3.2,3.2,0.0,3.2,8,11,27,0.26,0.83,22,7,31.8,5.71,1.82,0.05,0.14,10.5,0,0.15,-2.2,-2.2,69,110,62.7,1037,191,0.2,0.0,1,5,1,0,108,2,0,0,0,3,1,0,0,0,0,0,6,7,1.82,2,0,1,4,0,0,0,0.0,4,4,0,1,3,1,0.0,1,1,1,0,1,5,5,1,164,5,14,58,92,36,164,4,1,25.0,3,75.0,86,349,152,5,3,12,5,129,22,11.3,56.0,0,15,19.0,11,1.0,6,5,1,0.26,0.82,7.8,5.5,2.3,0.61,0,9,5,1,0,0,0,8,26,25,51.0,FWD,238639.0,exact,238639.0,2025-06-05,2000000.0,238639,1994-09-29,Benin,2026-06-30,189.0,right,30.258726899383984,17.904073587385017,14.508658238524095,915.5905535715038,Declining,True,False,False,False,False,BEN,CAF,False,True,False,False,False,False
Rodrigo Muniz,br BRA,FW,Fulham,eng Premier League,23.0,2001.0,31,8,964,10.7,8,1,9,8,0,0,1,0,5.8,5.8,0.7,6.5,6,27,31,0.84,0.61,39,19,48.7,3.64,1.77,0.21,0.42,12.0,0,0.15,2.2,2.2,92,142,64.8,1540,528,0.2,0.3,7,13,3,0,135,6,1,3,2,1,0,0,0,0,0,1,4,17,1.59,10,0,2,2,2,1,2,0.19,10,5,3,5,2,4,100.0,0,9,2,7,5,15,14,0,311,14,27,161,127,55,311,18,6,33.3,9,50.0,157,651,187,4,3,47,24,237,31,28.2,72.0,0,23,17.0,1,1.55,25,17,8,0.75,1.04,16.9,15.2,1.6,0.15,0,11,31,3,0,0,0,14,67,63,51.5,FWD,735571.0,exact,735571.0,2025-05-30,20000000.0,735571,2001-05-04,Brazil,2030-06-30,186.0,right,23.66324435318275,65.90013140604468,16.811242881518265,559.9491333184353,Developing,False,True,False,False,False,BRA,CONMEBOL,False,False,False,True,False,False
Vedat Muriqi,xk KVX,FW,Mallorca,es La Liga,30.0,1994.0,29,24,2058,22.9,7,2,9,5,2,3,1,2,9.7,7.3,2.2,9.5,23,30,103,0.31,0.52,52,16,30.8,2.27,0.7,0.1,0.31,12.3,0,0.14,-2.7,-2.3,295,487,60.6,4299,870,1.7,-0.2,26,23,6,0,475,8,0,3,2,10,0,0,0,0,0,4,19,45,1.97,30,0,2,8,4,1,6,0.26,7,5,3,2,2,7,42.9,4,7,1,6,7,14,43,0,733,48,75,358,307,114,730,26,9,34.6,15,57.7,334,1463,476,12,10,55,26,550,71,60.2,80.0,10,5,28.0,0,1.1,20,30,-10,-0.44,-0.5,22.2,27.7,-5.5,-0.24,0,29,41,19,1,1,1,49,135,98,57.9,FWD,256267.0,exact,256267.0,2025-06-09,5000000.0,256267,1994-04-24,Kosovo,2029-06-30,194.0,left,30.691307323750856,53.90932982917214,15.424948670398354,941.9563452409229,Declining,False,False,True,False,False,KVX,UEFA,False,False,False,False,False,True
Jacob Murphy,eng ENG,FW,Newcastle Utd,eng Premier League,29.0,1995.0,35,31,2360,26.2,8,12,20,8,0,0,4,0,5.7,5.7,8.9,14.6,79,83,231,0.76,0.56,43,15,34.9,1.64,0.57,0.19,0.53,18.2,0,0.13,2.3,2.3,688,1004,68.5,10412,3438,6.2,3.1,42,58,41,15,943,53,5,5,6,120,32,16,1,0,0,8,51,82,3.13,65,5,4,3,3,2,15,0.57,28,19,10,12,6,44,45.5,24,31,0,31,13,41,35,1,1271,27,188,474,622,92,1271,69,35,50.7,31,44.9,733,4416,2339,40,27,32,37,911,67,69.0,72.0,6,4,30.0,2,1.69,54,31,23,0.88,1.05,48.9,27.7,21.2,0.81,0,11,15,3,1,0,0,98,5,16,23.8,FWD,199527.0,exact,199527.0,2025-05-30,16000000.0,199527,1995-02-24,England,2027-06-30,179.0,right,29.853524982888434,29.894875164257556,16.588099342704055,891.2329539039439,Peak,False,True,False,False,False,ENG,UEFA,False,False,False,False,False,True
Konan N'dri,ci CIV,"FW,MF",Lecce,it Serie A,23.0,2000.0,11,2,306,3.4,0,0,0,0,0,0,0,0,0.5,0.5,0.2,0.7,16,2,22,0.0,0.21,9,2,22.2,2.65,0.59,0.0,0.0,19.2,0,0.06,-0.5,-0.5,45,67,67.2,718,112,0.1,-0.2,6,1,2,2,65,2,0,0,1,13,0,2,1,0,0,0,1,13,3.84,5,0,3,1,3,1,0,0.0,3,3,0,0,3,3,66.7,1,4,0,4,1,4,0,0,122,1,5,36,82,9,122,20,7,35.0,9,45.0,78,819,424,13,2,11,8,84,28,8.9,50.0,0,9,23.0,4,0.64,4,4,0,0.0,0.9,4.4,2.6,1.8,0.53,0,7,6,0,0,0,0,7,1,3,25.0,FWD,649490.0,fuzzy_verified,649490.0,2025-06-17,1400000.0,649490,2000-10-27,Niger,2027-06-30,174.0,left,24.18069815195072,29.894875164257556,14.151983508870947,584.7061631157529,Developing,False,False,False,False,True,CIV,CAF,False,True,False,False,False,False
Keito Nakamura,jp JPN,"FW,MF",Reims,fr Ligue 1,24.0,2000.0,32,31,2649,29.4,11,2,13,11,0,0,5,0,9.1,9.1,2.9,12.1,90,82,197,0.44,0.41,84,32,38.1,2.85,1.09,0.13,0.34,16.8,1,0.11,1.9,1.9,575,775,74.2,8999,1919,3.4,-0.9,26,32,24,10,743,29,6,3,10,56,10,4,1,2,0,3,27,68,2.31,51,1,7,9,0,0,7,0.24,24,16,7,10,7,31,35.5,20,21,1,20,13,37,19,0,1110,28,179,391,554,129,1110,78,30,38.5,45,57.7,675,4372,2356,45,33,67,43,776,83,86.6,85.0,17,1,18.0,0,1.03,28,36,-8,-0.27,1.04,33.4,47.7,-14.3,-0.49,0,29,8,10,0,0,0,116,7,14,33.3,FWD,405397.0,exact,405397.0,2025-06-03,8000000.0,405397,2000-07-28,Japan,2028-06-30,180.0,right,24.42984257357974,41.9185282522996,15.894952224644102,596.8172081698892,Developing,False,False,False,True,False,JPN,AFC,True,False,False,False,False,False
Jesús Navas,es ESP,"FW,MF",Sevilla,es La Liga,38.0,1985.0,15,3,424,4.7,1,0,1,1,0,0,0,0,0.5,0.5,0.5,1.0,13,23,48,0.21,0.22,3,2,66.7,0.64,0.42,0.33,0.5,14.9,0,0.18,0.5,0.5,203,262,77.5,3443,816,0.6,-0.5,10,16,6,5,237,24,4,0,4,33,19,1,0,0,0,1,7,15,3.18,13,2,0,0,0,0,0,0.0,5,2,3,0,2,3,0.0,3,1,0,1,4,9,6,0,295,6,40,124,131,5,295,6,4,66.7,2,33.3,150,837,453,7,1,5,4,219,28,12.4,66.0,0,12,19.0,3,1.47,5,6,-1,-0.21,0.15,6.9,6.2,0.6,0.13,0,1,4,3,0,0,0,10,5,5,50.0,FWD,15956.0,exact,15956.0,2024-12-27,2500000.0,15956,1985-11-21,Spain,,170.0,right,39.1129363449692,,14.731801689838349,1529.8217895256125,Declining,False,False,True,False,False,ESP,UEFA,False,False,False,False,False,True
Iliman Ndiaye,sn SEN,FW,Everton,eng Premier League,24.0,2000.0,33,29,2430,27.0,9,0,9,7,2,2,3,0,6.2,4.7,1.9,6.5,86,59,122,0.26,0.3,35,15,42.9,1.3,0.56,0.2,0.47,17.1,0,0.13,2.8,2.3,602,736,81.8,9038,1875,1.4,-1.9,18,42,14,5,709,25,5,2,2,38,5,10,4,0,2,2,22,65,2.41,49,0,9,1,6,0,8,0.3,53,28,20,16,17,49,44.9,27,30,5,25,20,73,24,1,1084,36,219,451,464,83,1082,143,68,47.6,64,44.8,621,4800,2367,44,32,55,44,674,74,71.1,80.0,14,4,29.0,0,1.24,32,24,8,0.3,1.21,28.2,29.2,-1.0,-0.04,0,24,52,5,0,0,0,172,6,19,24.0,FWD,623570.0,exact,623570.0,2025-05-30,22000000.0,623570,2000-03-06,Senegal,2029-06-30,180.0,right,24.824093086926762,53.90932982917214,16.906553056777135,616.2355975884051,Developing,False,True,False,False,False,SEN,CAF,False,True,False,False,False,False
Junior Ndiaye,fr FRA,FW,Montpellier,fr Ligue 1,19.0,2005.0,15,4,441,4.9,0,0,0,0,0,0,0,0,0.5,0.5,0.4,0.9,5,7,26,0.0,0.19,5,2,40.0,1.02,0.41,0.0,0.0,16.2,0,0.1,-0.5,-0.5,57,80,71.3,757,112,0.5,-0.4,5,2,4,0,71,9,0,1,0,1,2,0,0,0,0,0,3,9,1.84,7,0,1,1,0,0,0,0.0,3,2,2,1,0,4,25.0,3,2,1,1,0,3,2,0,124,2,10,63,51,16,124,8,2,25.0,4,50.0,61,327,142,4,5,14,4,90,29,14.4,73.0,1,11,13.0,5,0.4,2,10,-8,-1.63,0.02,5.1,10.1,-5.0,-1.02,0,9,11,4,0,0,0,4,6,16,27.3,FWD,986262.0,exact,986262.0,2024-06-03,50000.0,986262,2005-03-29,United Arab Emirates,2026-06-30,183.0,left,19.761806981519506,17.904073587385017,10.819798284210286,390.5290151748331,Emerging,False,False,False,True,False,FRA,UEFA,False,False,False,False,False,True
Dan Ndoye,ch SUI,FW,Bologna,it Serie A,23.0,2000.0,30,26,2143,23.8,8,4,12,6,2,2,4,0,7.0,5.4,3.8,9.2,132,74,231,0.42,0.45,50,17,34.0,2.1,0.71,0.12,0.35,17.5,0,0.11,1.0,0.6,519,704,73.7,8220,1854,2.7,0.2,27,39,26,2,676,26,5,6,9,44,17,1,0,1,0,2,28,88,3.7,57,2,9,3,15,2,9,0.38,26,19,8,8,10,28,57.1,12,23,0,23,9,35,4,0,1021,4,74,410,560,105,1019,96,37,38.5,43,44.8,755,5756,3035,54,50,82,46,825,71,62.7,80.0,13,4,18.0,1,1.73,35,25,10,0.42,0.42,30.9,22.8,8.1,0.34,0,23,101,13,1,0,0,89,14,21,40.0,FWD,365108.0,exact,365108.0,2025-06-17,35000000.0,365108,2000-10-25,Switzerland,2030-06-30,184.0,right,24.186173853524984,65.90013140604468,17.370858648025116,584.9710056729356,Developing,False,False,False,False,True,SUI,UEFA,False,False,False,False,False,True
Reiss Nelson,eng ENG,FW,Fulham,eng Premier League,24.0,1999.0,11,5,487,5.4,1,1,2,1,0,0,1,0,1.1,1.1,1.0,2.1,45,35,63,0.37,0.39,12,6,50.0,2.22,1.11,0.08,0.17,15.4,0,0.09,-0.1,-0.1,232,268,86.6,3429,761,1.0,0.0,13,7,15,3,261,6,0,2,2,23,1,5,3,1,0,1,2,31,5.73,21,2,3,4,0,1,1,0.18,8,6,3,3,2,13,38.5,8,11,0,11,5,13,2,0,347,5,30,110,212,35,347,35,13,37.1,13,37.1,259,1956,960,25,21,14,8,274,44,14.2,73.0,0,6,21.0,0,1.64,5,9,-4,-0.74,-0.86,7.6,6.2,1.4,0.26,0,6,9,1,0,0,0,29,0,4,0.0,FWD,340325.0,exact,340325.0,2025-05-30,16000000.0,340325,1999-12-10,England,2026-06-30,175.0,right,25.062286105407257,17.904073587385017,16.588099342704055,628.1181848292896,Developing,False,True,False,False,False,ENG,UEFA,False,False,False,False,False,True
David Neres,br BRA,FW,Napoli,it Serie A,27.0,1997.0,28,13,1283,14.3,2,4,6,2,0,0,1,0,2.7,2.7,3.5,6.2,73,32,143,0.42,0.44,29,7,24.1,2.03,0.49,0.07,0.29,18.1,0,0.09,-0.7,-0.7,420,555,75.7,6127,1548,3.2,0.5,26,23,21,14,504,49,4,3,0,92,9,35,10,19,1,2,20,59,4.14,39,7,10,2,1,0,9,0.63,21,11,10,4,7,15,66.7,5,7,0,7,7,28,4,0,724,8,73,287,388,60,724,75,33,44.0,36,48.0,443,3801,1903,37,30,38,23,513,46,37.5,82.0,2,15,15.0,1,2.36,28,10,18,1.26,0.67,21.4,12.1,9.3,0.65,0,14,10,4,0,0,0,52,3,10,23.1,FWD,469822.0,exact,469822.0,2025-06-17,30000000.0,469822,1997-03-03,Brazil,2028-06-30,176.0,left,27.83299110198494,41.9185282522996,17.216707972959764,774.675393683173,Peak,False,False,False,False,True,BRA,CONMEBOL,False,False,False,True,False,False
Pedro Neto,pt POR,FW,Chelsea,eng Premier League,24.0,2000.0,35,24,2269,25.2,4,6,10,4,0,0,8,0,3.5,3.5,6.7,10.2,126,60,253,0.4,0.4,59,17,28.8,2.34,0.67,0.07,0.24,18.2,0,0.06,0.5,0.5,702,895,78.4,11347,2418,4.8,-0.7,46,30,37,23,807,86,14,0,5,149,13,56,16,15,5,2,26,90,3.57,64,9,6,7,4,0,9,0.36,23,9,9,9,5,21,42.9,12,14,2,12,9,32,6,0,1153,13,100,336,735,116,1153,104,34,32.7,46,44.2,746,6336,3342,57,45,45,30,838,65,66.3,82.0,15,11,27.0,1,1.71,40,25,15,0.59,0.13,39.2,28.2,10.9,0.43,0,21,33,3,0,0,0,81,11,30,26.8,FWD,487465.0,exact,487465.0,2025-05-30,50000000.0,487465,2000-03-09,Portugal,2031-06-30,174.0,left,24.815879534565365,77.8909329829172,17.72753358339242,615.8278770740601,Developing,False,True,False,False,False,POR,UEFA,False,False,False,False,False,True
Steve Ngoura,fr FRA,FW,Le Havre,fr Ligue 1,19.0,2005.0,8,2,289,3.2,0,0,0,0,0,0,0,0,1.3,1.3,0.4,1.7,3,8,19,0.0,0.54,10,2,20.0,3.11,0.62,0.0,0.0,11.9,0,0.13,-1.3,-1.3,37,57,64.9,556,181,0.1,-0.4,2,2,2,0,49,8,0,0,0,2,0,0,0,0,0,0,4,6,1.87,1,0,2,2,1,0,0,0.0,4,2,1,1,2,3,100.0,0,2,1,1,0,4,2,0,106,3,9,45,56,18,106,12,7,58.3,5,41.7,54,277,104,5,1,14,9,74,36,9.4,84.0,0,6,20.0,1,0.38,1,10,-9,-2.8,-2.09,3.0,7.0,-4.0,-1.25,0,5,1,2,0,0,0,7,5,6,45.5,FWD,923838.0,exact,923838.0,2025-06-12,800000.0,923838,2005-02-22,France,2028-06-30,193.0,right,19.857631759069132,41.9185282522996,13.592368256649284,394.32553907879105,Emerging,False,False,False,True,False,FRA,UEFA,False,False,False,False,False,True
Justin Njinmah,de GER,"FW,MF",Werder Bremen,de Bundesliga,23.0,2000.0,26,10,952,10.6,3,2,5,3,0,0,1,0,3.7,3.7,1.6,5.2,33,23,103,0.47,0.49,31,8,25.8,2.93,0.76,0.1,0.38,14.6,0,0.12,-0.7,-0.7,150,243,61.7,2157,521,1.5,0.4,12,8,10,3,234,8,0,1,1,19,6,0,0,0,0,1,16,39,3.69,27,0,5,2,5,0,4,0.38,6,2,1,4,1,5,60.0,2,5,0,5,3,9,1,0,349,2,17,124,213,58,349,27,11,40.7,14,51.9,230,1424,711,16,12,23,7,264,37,31.1,63.0,1,16,20.0,1,1.38,17,14,3,0.28,0.54,17.6,13.4,4.2,0.4,0,7,17,12,1,0,0,20,15,20,42.9,FWD,596153.0,exact,596153.0,2025-06-05,7000000.0,596153,2000-11-15,Germany,,185.0,right,24.128678986995208,,15.76142084987672,582.1931496574641,Developing,True,False,False,False,False,GER,UEFA,False,False,False,False,False,True
Eddie Nketiah,eng ENG,"FW,MF",Crystal Palace,eng Premier League,25.0,1999.0,29,9,1034,11.5,3,1,4,3,0,0,6,1,5.8,5.8,1.7,7.4,41,19,79,0.35,0.65,43,16,37.2,3.74,1.39,0.07,0.19,13.8,0,0.13,-2.8,-2.8,179,241,74.3,2722,563,0.9,-0.7,13,11,5,0,229,12,0,2,0,5,1,0,0,0,0,0,12,31,2.69,20,0,3,3,5,0,3,0.26,15,8,7,4,4,13,53.8,6,10,1,9,3,18,12,0,412,11,47,176,198,67,412,31,11,35.5,16,51.6,246,1713,878,25,14,34,17,294,36,30.2,77.0,2,20,17.0,2,1.52,15,17,-2,-0.17,-0.25,19.5,13.8,5.6,0.49,1,31,29,5,1,0,0,26,21,38,35.6,FWD,340324.0,exact,340324.0,2025-05-30,18000000.0,340324,1999-05-30,England,2029-06-30,175.0,right,25.593429158110883,53.90932982917214,16.705882371415992,655.0236160712403,Developing,False,True,False,False,False,ENG,UEFA,False,False,False,False,False,True
Christopher Nkunku,fr FRA,FW,Chelsea,eng Premier League,26.0,1997.0,27,9,921,10.2,3,2,5,3,0,0,2,0,4.8,4.8,2.1,6.9,17,25,68,0.49,0.68,25,11,44.0,2.44,1.07,0.12,0.27,12.6,0,0.19,-1.8,-1.8,299,334,89.5,3928,760,1.0,-0.1,14,26,7,0,327,7,1,2,1,4,0,2,0,0,0,0,3,34,3.32,21,0,5,5,1,2,4,0.39,12,8,3,4,5,8,75.0,2,9,2,7,7,19,10,0,448,10,52,183,217,52,448,27,10,37.0,14,51.9,280,1368,628,16,13,18,17,356,34,26.9,74.0,2,18,14.0,6,1.67,16,16,0,0.0,-0.76,21.2,16.0,5.3,0.51,0,16,11,3,0,0,0,29,16,22,42.1,FWD,344381.0,exact,344381.0,2025-05-30,35000000.0,344381,1997-11-14,France,2030-06-30,177.0,right,27.132101300479125,65.90013140604468,17.370858648025116,736.150920979461,Peak,False,True,False,False,False,FRA,UEFA,False,False,False,False,False,True
Lukas Nmecha,de GER,"FW,MF",Wolfsburg,de Bundesliga,25.0,1998.0,19,3,467,5.2,3,0,3,3,0,0,1,0,4.5,4.5,0.3,4.8,8,6,32,0.58,0.92,20,9,45.0,3.85,1.73,0.15,0.33,14.2,0,0.23,-1.5,-1.5,76,119,63.9,978,189,0.5,-0.3,3,2,5,1,114,5,0,2,0,6,1,0,0,0,0,0,9,8,1.54,5,0,1,1,1,0,1,0.19,2,0,1,1,0,1,0.0,1,3,0,3,2,4,4,0,183,7,17,79,89,24,183,8,4,50.0,3,37.5,109,470,173,4,3,14,3,139,25,15.3,68.0,0,16,16.0,1,1.11,14,9,5,0.96,1.07,10.1,8.6,1.4,0.28,0,7,17,0,0,0,0,15,16,12,57.1,FWD,314288.0,exact,314288.0,2025-06-05,3000000.0,314288,1998-12-14,Germany,2027-06-30,185.0,right,26.050650239561943,29.894875164257556,14.914123179965662,678.6363779039887,Peak,True,False,False,False,False,GER,UEFA,False,False,False,False,False,True
Arnaud Nordin,fr FRA,FW,Montpellier,fr Ligue 1,26.0,1998.0,16,14,1166,13.0,4,1,5,3,1,2,2,0,4.1,2.5,0.9,3.4,51,23,111,0.31,0.39,26,11,42.3,2.01,0.85,0.12,0.27,18.2,0,0.1,-0.1,0.5,232,332,69.9,3260,583,1.1,0.1,15,6,12,6,316,13,3,3,0,35,8,0,0,0,0,3,15,30,2.32,21,0,3,3,2,1,3,0.23,24,15,6,16,2,21,52.4,10,12,0,12,5,29,7,0,499,6,63,190,259,49,497,51,23,45.1,23,45.1,323,2372,1247,21,22,37,14,359,73,38.1,78.0,7,2,36.0,0,0.75,14,34,-20,-1.54,0.17,14.7,27.2,-12.6,-0.97,0,13,40,1,0,0,0,47,12,19,38.7,FWD,324811.0,exact,324811.0,2025-06-05,5000000.0,324811,1998-06-17,France,2026-06-30,170.0,both,26.543463381245722,17.904073587385017,15.424948670398354,704.5554482715326,Peak,False,False,False,True,False,FRA,UEFA,False,False,False,False,False,True
Tijjani Noslin,nl NED,"FW,MF",Lazio,it Serie A,25.0,1999.0,30,8,861,9.6,2,2,4,2,0,0,2,0,2.0,2.0,1.6,3.6,13,16,56,0.42,0.38,19,6,31.6,1.99,0.63,0.11,0.33,12.6,0,0.11,0.0,0.0,186,248,75.0,2629,593,1.1,0.4,12,12,11,5,232,15,0,3,3,15,2,0,0,0,0,1,9,27,2.82,20,0,2,2,2,1,4,0.42,6,5,2,1,3,8,12.5,7,15,1,14,1,7,7,0,347,8,31,150,167,47,347,19,8,42.1,10,52.6,194,1124,495,12,6,24,13,252,29,25.2,67.0,2,22,15.0,7,1.73,17,19,-2,-0.21,-0.7,15.1,11.7,3.4,0.36,0,21,15,1,0,0,0,22,27,29,48.2,FWD,457736.0,exact,457736.0,2025-06-17,7500000.0,457736,1999-07-07,Netherlands,2029-06-30,178.0,right,25.489390828199863,53.90932982917214,15.830413711839864,649.7090447927193,Developing,False,False,False,False,True,NED,UEFA,False,False,False,False,False,True
Randy Nteka,ao ANG,FW,Rayo Vallecano,es La Liga,26.0,1997.0,24,16,1129,12.5,3,0,3,3,0,0,6,0,2.6,2.6,0.5,3.1,10,8,44,0.24,0.25,16,8,50.0,1.28,0.64,0.19,0.38,13.6,0,0.16,0.4,0.4,144,223,64.6,1834,230,0.3,-0.5,9,5,2,0,209,13,0,0,0,4,0,0,0,0,0,1,9,21,1.67,12,1,1,4,3,0,0,0.0,16,5,3,9,4,12,41.7,7,13,2,11,4,20,20,0,366,24,45,148,175,40,366,15,5,33.3,8,53.3,159,610,202,3,5,32,17,241,47,33.0,62.0,0,8,17.0,9,1.17,10,15,-5,-0.4,-0.44,12.3,17.7,-5.4,-0.43,0,39,15,16,0,0,0,26,41,51,44.6,FWD,560483.0,exact,560483.0,2025-06-09,1500000.0,560483,1997-12-06,Angola,2028-06-30,189.0,left,27.071868583162217,41.9185282522996,14.220976332738882,732.8860685840054,Peak,False,False,True,False,False,ANG,CAF,False,True,False,False,False,False
Ernest Nuamah,gh GHA,"FW,MF",Lyon,fr Ligue 1,20.0,2003.0,23,13,1052,11.7,3,1,4,3,0,0,2,0,2.2,2.2,1.5,3.7,44,33,131,0.34,0.32,28,13,46.4,2.4,1.11,0.11,0.23,17.3,0,0.08,0.8,0.8,358,448,79.9,5021,917,1.3,-0.5,18,11,17,4,432,14,1,2,1,30,5,8,4,3,0,2,18,35,2.99,27,3,0,4,1,0,2,0.17,21,11,15,4,2,27,44.4,15,9,1,8,8,29,8,1,597,13,100,214,300,51,597,43,22,51.2,19,44.2,388,2425,1388,26,18,31,22,431,46,34.4,65.0,3,10,21.0,1,1.7,18,20,-2,-0.17,-1.11,17.2,18.1,-0.9,-0.08,0,18,11,7,0,1,0,60,13,14,48.1,FWD,955070.0,exact,955070.0,2025-06-03,15000000.0,955070,2003-11-01,Ghana,2028-06-30,178.0,left,21.169062286105408,41.9185282522996,16.52356082573315,448.12919807301034,Emerging,False,False,False,True,False,GHA,CAF,False,True,False,False,False,False
Darwin Núñez,uy URU,FW,Liverpool,eng Premier League,25.0,1999.0,30,8,1133,12.6,5,2,7,5,0,0,8,0,5.8,5.8,1.3,7.1,23,27,78,0.56,0.57,34,13,38.2,2.7,1.03,0.15,0.38,14.3,0,0.17,-0.8,-0.8,163,230,70.9,2390,587,0.5,0.7,11,9,3,1,225,4,0,1,6,3,2,0,0,0,0,1,13,31,2.46,21,0,4,1,2,3,4,0.32,21,18,11,4,6,18,38.9,11,6,0,6,4,25,12,0,366,10,45,122,210,74,366,23,8,34.8,14,60.9,201,1063,568,19,12,24,21,248,38,33.1,78.0,2,22,23.0,5,2.07,29,21,8,0.64,-0.82,27.2,16.6,10.6,0.84,0,27,14,12,1,0,0,41,20,33,37.7,FWD,546543.0,exact,546543.0,2025-05-30,45000000.0,546543,1999-06-24,Uruguay,2028-06-30,185.0,right,25.52498288843258,41.9185282522996,17.622173069956816,651.5247514547759,Developing,False,True,False,False,False,URU,CONMEBOL,False,False,False,True,False,False
Ethan Nwaneri,eng ENG,"FW,MF",Arsenal,eng Premier League,17.0,2007.0,26,11,895,9.9,4,2,6,4,0,0,1,0,1.2,1.2,1.2,2.4,46,33,113,0.6,0.24,24,9,37.5,2.41,0.91,0.17,0.44,18.5,1,0.05,2.8,2.8,342,425,80.5,4906,1216,1.8,0.8,16,17,16,6,386,36,3,3,1,54,4,27,18,0,0,3,14,29,2.91,15,6,5,2,1,0,3,0.3,11,7,4,4,3,21,33.3,14,8,2,6,2,13,4,1,544,3,44,167,339,44,544,62,37,59.7,19,30.6,365,2852,1329,25,17,23,17,398,34,26.2,65.0,1,15,12.0,10,1.85,16,4,12,1.21,0.39,14.5,5.4,9.1,0.91,0,9,5,6,0,0,0,34,4,8,33.3,FWD,890719.0,exact,890719.0,2025-05-30,55000000.0,890719,2007-03-21,England,2026-06-30,176.0,left,17.78507871321013,17.904073587385017,17.822843761378564,316.3090248350801,Emerging,False,True,False,False,False,ENG,UEFA,False,False,False,False,False,True
M'Bala Nzola,ao ANG,FW,Lens,fr Ligue 1,27.0,1996.0,21,16,1460,16.2,6,1,7,6,0,0,3,1,8.6,8.6,1.3,9.9,26,22,118,0.43,0.61,47,18,38.3,2.9,1.11,0.13,0.33,12.1,0,0.19,-2.6,-2.6,227,302,75.2,2579,415,0.9,-0.3,20,7,9,0,296,5,0,0,1,1,1,0,0,0,0,1,8,39,2.4,28,0,3,6,1,1,5,0.31,5,4,0,1,4,9,33.3,6,9,1,8,5,10,7,0,490,4,29,176,290,95,490,38,14,36.8,24,63.2,284,1466,509,10,14,62,47,381,70,47.7,83.0,8,5,27.0,1,1.19,17,18,-1,-0.06,-0.29,22.6,21.1,1.5,0.09,0,30,13,24,0,0,0,36,38,36,51.4,FWD,354814.0,exact,354814.0,2025-06-03,6000000.0,354814,1996-08-18,Angola,2026-06-30,185.0,left,28.372347707049965,17.904073587385017,15.607270193858982,804.9901144097433,Peak,False,False,False,True,False,ANG,CAF,False,True,False,False,False,False
Wilson Odobert,fr FRA,"FW,MF",Tottenham,eng Premier League,19.0,2004.0,16,9,850,9.4,1,0,1,1,0,0,0,0,1.6,1.6,1.0,2.6,45,27,66,0.11,0.27,13,4,30.8,1.38,0.42,0.08,0.25,16.4,0,0.12,-0.6,-0.6,212,274,77.4,2878,567,0.8,-1.0,6,11,12,3,262,8,0,0,1,25,2,1,0,0,0,4,13,16,1.7,14,0,0,2,0,0,1,0.11,14,5,5,4,5,14,57.1,6,6,0,6,4,18,5,1,381,7,46,142,197,35,381,32,12,37.5,17,53.1,265,1949,1146,25,18,21,17,273,53,24.9,77.0,3,7,23.0,0,0.88,9,20,-11,-1.16,-1.51,10.8,16.3,-5.5,-0.58,0,2,3,1,0,0,0,34,4,8,33.3,FWD,743498.0,exact,743498.0,2025-05-30,20000000.0,743498,2004-11-28,France,2029-06-30,182.0,right,20.093086926762492,53.90932982917214,16.811242881518265,403.7321422464338,Emerging,False,True,False,False,False,FRA,UEFA,False,False,False,False,False,True
Noah Okafor,ch SUI,FW,Milan,it Serie A,24.0,2000.0,11,5,414,4.6,1,0,1,1,0,0,0,0,1.5,1.5,0.3,1.9,21,12,48,0.22,0.41,13,7,53.8,2.83,1.52,0.08,0.14,14.8,0,0.12,-0.5,-0.5,77,105,73.3,1323,270,0.7,-0.3,4,4,7,2,96,9,1,0,0,13,1,1,1,0,0,0,2,11,2.39,9,0,2,0,0,0,2,0.43,2,1,0,0,2,1,0.0,1,1,0,1,2,4,1,0,163,1,10,62,97,28,163,25,12,48.0,11,44.0,111,891,563,11,10,12,9,123,38,12.1,65.0,0,6,15.0,4,1.45,7,8,-1,-0.22,-0.79,7.0,6.0,1.0,0.21,0,6,5,1,0,0,0,8,2,5,28.6,FWD,346890.0,exact,346890.0,2025-06-17,13000000.0,346890,2000-05-24,Switzerland,2029-06-30,185.0,right,24.607802874743328,53.90932982917214,16.380459992348886,605.543962322226,Developing,False,False,False,False,True,SUI,UEFA,False,False,False,False,False,True
Ben Old,nz NZL,"FW,MF",Saint-Étienne,fr Ligue 1,21.0,2002.0,13,4,528,5.9,0,0,0,0,0,0,0,0,1.0,1.0,0.8,1.8,16,14,48,0.0,0.31,11,2,18.2,1.87,0.34,0.0,0.0,18.7,0,0.09,-1.0,-1.0,108,146,74.0,1641,467,0.5,-0.8,9,6,4,1,137,8,1,2,0,19,2,5,4,0,0,1,7,16,2.73,11,0,2,1,1,1,1,0.17,7,5,3,3,1,11,27.3,8,8,1,7,2,9,2,0,218,4,40,72,112,23,218,22,9,40.9,12,54.5,134,906,400,6,8,19,6,163,41,17.3,74.0,0,9,26.0,1,1.0,4,15,-11,-1.87,-0.92,6.2,12.1,-5.9,-1.0,0,4,10,0,0,0,0,24,1,5,16.7,FWD,617021.0,exact,617021.0,2025-06-03,700000.0,617021,2002-08-13,New Zealand,2028-06-30,173.0,left,22.38740588637919,41.9185282522996,13.45883704259595,501.1959423214857,Developing,False,False,False,True,False,NZL,OFC,False,False,False,False,True,False
Michael Olise,fr FRA,"FW,MF",Bayern Munich,de Bundesliga,22.0,2001.0,34,28,2334,25.9,12,15,27,12,0,0,3,0,9.7,9.7,12.0,21.7,119,184,381,1.04,0.84,86,36,41.9,3.32,1.39,0.14,0.33,17.6,7,0.11,2.3,2.3,1290,1585,81.4,19018,5660,12.5,3.0,90,89,111,13,1451,128,14,25,7,131,41,72,45,3,0,6,44,169,6.51,121,17,15,7,9,0,25,0.96,36,23,10,21,5,38,44.7,21,23,1,22,8,44,16,2,1957,18,107,665,1208,148,1957,151,72,47.7,60,39.7,1305,7418,3808,69,46,59,29,1556,69,76.3,78.0,10,6,24.0,0,2.41,70,23,47,1.81,-0.67,61.1,20.4,40.7,1.57,0,22,65,5,2,0,0,105,11,12,47.8,FWD,566723.0,exact,566723.0,2025-06-05,100000000.0,566723,2001-12-12,France,2029-06-30,180.0,left,23.055441478439427,53.90932982917214,18.420680753952364,531.5533817657451,Developing,True,False,False,False,False,FRA,UEFA,False,False,False,False,False,True
Paul Onuachu,ng NGA,FW,Southampton,eng Premier League,30.0,1994.0,25,11,1050,11.7,4,1,5,4,0,0,4,0,3.6,3.6,0.5,4.1,7,13,40,0.43,0.35,34,15,44.1,2.91,1.29,0.12,0.27,10.4,0,0.11,0.4,0.4,160,263,60.8,2292,365,0.3,0.5,8,13,2,0,261,0,0,0,4,0,0,0,0,0,0,2,8,9,0.77,8,0,0,1,0,0,1,0.09,7,2,1,5,1,7,42.9,4,7,2,5,1,8,16,1,440,17,45,235,163,67,440,26,8,30.8,14,53.8,214,857,248,5,2,50,36,358,42,30.7,72.0,4,14,19.0,3,0.36,11,26,-15,-1.29,0.42,10.5,23.5,-13.0,-1.12,0,28,16,10,0,0,0,19,93,59,61.2,FWD,272855.0,exact,272855.0,2025-05-30,6000000.0,272855,1994-05-28,Nigeria,2028-06-30,201.0,right,30.598220396988363,41.9185282522996,15.607270193858982,936.2510914626747,Declining,False,True,False,False,False,NGA,CAF,False,True,False,False,False,False
Loïs Openda,be BEL,"FW,MF",RB Leipzig,de Bundesliga,24.0,2000.0,33,28,2453,27.3,9,5,14,9,0,1,5,1,9.0,8.2,3.4,11.6,58,47,229,0.51,0.45,77,31,40.3,2.83,1.14,0.12,0.29,16.8,2,0.11,0.0,0.8,377,591,63.8,4849,996,2.3,1.6,28,24,20,1,564,24,4,2,6,27,3,0,0,0,0,3,36,66,2.42,41,0,4,10,11,0,10,0.37,9,4,3,4,2,11,27.3,8,19,1,18,5,14,12,0,904,12,54,368,492,158,903,74,22,29.7,37,50.0,521,2988,1477,26,37,82,27,718,74,80.2,83.0,12,5,27.0,0,1.52,43,40,3,0.11,-0.19,37.5,41.2,-3.7,-0.14,1,29,77,27,4,0,0,54,19,31,38.0,FWD,368887.0,exact,368887.0,2025-06-05,50000000.0,368887,2000-02-16,Belgium,2030-06-30,177.0,right,24.876112251882272,65.90013140604468,17.72753358339242,618.8209607682473,Developing,True,False,False,False,False,BEL,UEFA,False,False,False,False,False,True
Gift Orban,ng NGA,FW,Hoffenheim,de Bundesliga,22.0,2002.0,13,7,687,7.6,4,0,4,4,0,0,2,0,3.4,3.4,0.2,3.6,8,7,35,0.52,0.47,11,4,36.4,1.44,0.52,0.36,1.0,17.4,0,0.31,0.6,0.6,102,144,70.8,1446,244,0.9,-0.2,2,1,2,1,130,14,0,1,1,6,3,1,1,0,0,0,10,12,1.57,9,0,2,0,1,0,2,0.26,3,1,2,1,0,6,16.7,5,7,0,7,0,3,3,0,208,1,20,92,96,22,208,11,4,36.4,7,63.6,108,436,163,6,3,14,5,123,53,22.5,71.0,0,6,32.0,4,0.77,9,13,-4,-0.52,0.16,8.9,12.6,-3.7,-0.48,0,15,7,8,0,0,0,18,10,17,37.0,FWD,1018259.0,exact,1018259.0,2025-06-05,10000000.0,1018259,2002-07-17,Nigeria,2026-06-30,178.0,right,22.46132785763176,17.904073587385017,16.118095750958314,504.5112491280245,Developing,True,False,False,False,False,NGA,CAF,False,True,False,False,False,False
Gaetano Oristanio,it ITA,"FW,MF",Venezia,it Serie A,21.0,2002.0,37,29,2315,25.7,3,3,6,3,0,0,3,0,4.1,4.1,2.6,6.8,72,64,131,0.23,0.26,44,12,27.3,1.71,0.47,0.07,0.25,17.1,3,0.09,-1.1,-1.1,307,443,69.3,4984,1398,2.2,0.4,33,32,22,8,419,21,5,4,6,59,2,9,7,0,0,3,20,69,2.68,43,4,9,3,9,1,7,0.27,17,13,5,8,4,15,46.7,8,16,0,16,6,23,6,1,758,5,70,300,416,88,757,123,55,44.7,59,48.0,543,4131,2046,48,30,80,72,569,63,67.7,71.0,4,8,30.0,1,0.76,18,35,-17,-0.66,-0.09,22.7,40.2,-17.5,-0.68,0,50,71,11,0,0,0,84,14,38,26.9,FWD,613393.0,exact,613393.0,2025-06-17,6000000.0,613393,2002-09-28,Italy,2026-06-30,174.0,left,22.261464750171115,17.904073587385017,15.607270193858982,495.57281282311106,Developing,False,False,False,False,True,ITA,UEFA,False,False,False,False,False,True
Riccardo Orsolini,it ITA,FW,Bologna,it Serie A,27.0,1997.0,30,23,1878,20.9,15,4,19,12,3,3,2,0,10.1,7.8,3.7,11.5,61,69,186,0.77,0.66,72,25,34.7,3.45,1.2,0.17,0.48,17.5,6,0.11,4.9,4.2,425,646,65.8,7551,2206,2.9,0.3,30,34,29,11,615,29,5,4,13,70,4,20,18,0,0,2,31,59,2.83,39,5,4,6,5,0,5,0.24,16,13,6,6,4,11,45.5,6,26,0,26,8,24,10,1,916,9,85,349,494,88,913,73,33,45.2,35,47.9,589,3830,1777,27,25,48,25,675,63,54.9,74.0,6,7,25.0,3,1.47,34,24,10,0.48,0.48,26.5,21.0,5.5,0.26,0,27,46,12,0,0,0,65,23,19,54.8,FWD,368482.0,exact,368482.0,2025-06-17,25000000.0,368482,1997-01-24,Italy,2027-06-30,186.0,left,27.93702943189596,29.894875164257556,17.034386422832473,780.4776134786212,Peak,False,False,False,False,True,ITA,UEFA,False,False,False,False,False,True
Dango Ouattara,bf BFA,FW,Bournemouth,eng Premier League,22.0,2002.0,32,21,2005,22.3,7,4,11,7,0,0,3,0,8.4,8.4,5.5,13.8,79,43,191,0.49,0.62,62,20,32.3,2.78,0.9,0.11,0.35,13.5,1,0.14,-1.4,-1.4,367,612,60.0,5725,1706,3.3,-1.5,35,21,26,11,579,30,0,5,5,88,26,3,1,0,0,3,22,72,3.23,57,0,3,10,1,1,6,0.27,35,26,14,11,10,41,41.5,24,36,10,26,11,46,51,0,959,62,165,316,497,128,959,82,39,47.6,34,41.5,492,3577,1777,35,38,63,32,577,63,58.6,81.0,7,11,27.0,0,1.56,36,23,13,0.58,0.65,35.9,31.2,4.7,0.21,0,16,19,14,0,0,0,92,45,63,41.7,FWD,823231.0,exact,823231.0,2025-05-30,28000000.0,823231,2002-02-11,Burkina Faso,2030-06-30,177.0,left,22.888432580424368,65.90013140604468,17.147715103853763,523.8803459886317,Developing,False,True,False,False,False,BFA,CAF,False,True,False,False,False,False
Mikel Oyarzabal,es ESP,FW,Real Sociedad,es La Liga,27.0,1997.0,35,28,2250,25.0,9,3,12,5,4,4,4,1,9.9,6.8,2.4,9.2,31,28,133,0.32,0.5,39,13,33.3,1.56,0.52,0.13,0.38,13.4,0,0.17,-0.9,-1.8,371,505,73.5,4901,837,1.8,0.6,15,19,10,3,468,36,0,2,3,10,4,0,0,0,0,1,17,38,1.52,27,0,1,4,6,0,5,0.2,25,16,9,10,6,23,43.5,13,17,1,16,4,29,15,0,729,15,59,348,326,107,725,20,9,45.0,9,45.0,393,1837,772,18,16,63,30,532,64,65.8,74.0,8,7,26.0,2,1.29,24,26,-2,-0.08,0.61,29.8,23.9,5.8,0.23,0,14,22,18,1,0,0,48,32,73,30.5,FWD,351478.0,exact,351478.0,2025-06-09,25000000.0,351478,1997-04-21,Spain,2028-06-30,181.0,left,27.698836413415467,41.9185282522996,17.034386422832473,767.2255386571507,Peak,False,False,True,False,False,ESP,UEFA,False,False,False,False,False,True
Leonardo Pavoletti,it ITA,"FW,MF",Cagliari,it Serie A,35.0,1988.0,26,1,445,4.9,2,0,2,2,0,0,5,0,2.7,2.7,1.0,3.7,1,17,26,0.4,0.74,18,7,38.9,3.64,1.42,0.11,0.29,11.5,0,0.15,-0.7,-0.7,92,158,58.2,1149,333,0.7,-1.0,9,9,6,0,155,3,0,0,0,0,1,0,0,0,0,0,5,17,3.42,15,0,0,1,1,0,1,0.2,1,0,0,1,0,0,,0,4,1,3,0,1,3,0,225,4,15,107,104,28,225,1,0,0.0,0,0.0,86,189,63,2,0,18,2,168,17,13.0,74.0,0,25,15.0,6,0.96,5,6,-1,-0.2,0.25,9.6,6.3,3.3,0.67,0,25,7,7,0,0,0,9,56,44,56.0,FWD,64793.0,exact,64793.0,2025-06-17,700000.0,64793,1988-11-26,Italy,2026-06-30,188.0,right,36.09856262833676,17.904073587385017,13.45883704259595,1303.1062238319512,Declining,False,False,False,False,True,ITA,UEFA,False,False,False,False,False,True
Nicolas Pays,fr FRA,"FW,MF",Montpellier,fr Ligue 1,20.0,2003.0,9,4,447,5.0,0,0,0,0,0,0,0,0,1.3,1.3,0.1,1.5,21,14,53,0.0,0.29,11,1,9.1,2.21,0.2,0.0,0.0,20.0,0,0.12,-1.3,-1.3,139,179,77.7,2176,467,0.5,-0.1,3,8,5,3,168,11,1,1,0,17,4,2,0,1,0,0,5,11,2.21,7,0,0,2,1,1,1,0.2,13,6,3,4,6,8,50.0,4,1,0,1,4,17,2,0,247,3,21,87,148,17,247,26,10,38.5,15,57.7,170,1399,618,20,5,8,13,188,50,14.6,82.0,1,5,24.0,2,0.0,1,13,-12,-2.42,-0.9,4.0,11.1,-7.1,-1.43,0,2,6,0,0,0,0,20,5,4,55.6,FWD,1093482.0,exact,1093482.0,2025-06-03,700000.0,1093482,2003-07-07,France,,177.0,left,21.489390828199863,,13.45883704259595,461.79391816712035,Emerging,False,False,False,True,False,FRA,UEFA,False,False,False,False,False,True
Pietro Pellegri,it ITA,FW,Empoli,it Serie A,23.0,2001.0,11,5,414,4.6,3,0,3,3,0,0,2,0,0.3,0.3,0.6,0.9,12,8,28,0.65,0.19,8,4,50.0,1.74,0.87,0.38,0.75,18.5,0,0.04,2.7,2.7,50,72,69.4,725,123,0.2,-0.6,7,3,2,0,62,10,0,0,0,3,0,0,0,0,0,0,10,15,3.27,10,0,4,1,0,0,2,0.44,7,2,0,6,1,4,50.0,2,2,0,2,0,7,3,0,128,4,7,66,58,14,128,14,5,35.7,7,50.0,80,682,215,6,6,16,15,91,38,12.1,60.0,0,6,19.0,2,1.36,3,6,-3,-0.65,0.04,2.1,5.6,-3.5,-0.75,0,10,5,1,0,0,0,15,3,20,13.0,FWD,364133.0,exact,364133.0,2024-06-05,3000000.0,364133,2001-03-17,Italy,2026-06-30,189.0,right,23.794661190965094,17.904073587385017,14.914123179965662,566.1859011928204,Developing,False,False,False,False,True,ITA,UEFA,False,False,False,False,False,True
Mateo Pellegrino,ar ARG,FW,Parma,it Serie A,23.0,2001.0,13,8,737,8.2,3,1,4,3,0,0,2,0,3.3,3.3,0.7,4.0,6,15,37,0.49,0.49,22,9,40.9,2.69,1.1,0.14,0.33,12.9,0,0.15,-0.3,-0.3,89,164,54.3,1520,423,0.6,0.3,5,11,6,1,160,4,0,1,2,4,0,0,0,0,0,0,6,20,2.44,12,0,3,4,1,0,3,0.37,3,2,1,2,0,4,25.0,3,6,1,5,1,4,6,0,263,6,18,123,125,39,263,9,3,33.3,5,55.6,164,626,214,5,3,29,16,210,57,21.5,77.0,2,5,24.0,2,1.23,11,5,6,0.73,1.4,8.1,5.5,2.6,0.32,0,27,16,0,0,0,0,20,49,44,52.7,FWD,856530.0,exact,856530.0,2025-06-17,6000000.0,856530,2001-10-22,Argentina,2030-06-30,192.0,left,23.195071868583163,65.90013140604468,15.607270193858982,538.011358988738,Developing,False,False,False,False,True,ARG,CONMEBOL,False,False,False,True,False,False
Rubén Peña,es ESP,"FW,DF",Osasuna,es La Liga,33.0,1991.0,25,7,775,8.6,0,0,0,0,0,0,1,0,0.7,0.7,0.6,1.3,18,27,57,0.0,0.15,10,3,30.0,1.16,0.35,0.0,0.0,15.4,0,0.07,-0.7,-0.7,183,309,59.2,3045,1408,0.7,-0.6,13,20,10,6,275,33,2,0,1,52,27,4,2,1,0,1,19,23,2.67,19,1,1,0,2,0,1,0.12,12,5,4,3,5,24,20.8,19,11,0,11,6,18,12,0,418,13,64,165,192,18,418,27,10,37.0,14,51.9,219,1069,536,11,4,25,12,256,31,22.7,67.0,1,18,17.0,11,1.28,9,12,-3,-0.35,-0.31,10.3,13.4,-3.1,-0.36,0,12,7,0,1,0,0,33,7,15,31.8,FWD,238868.0,exact,238868.0,2025-06-09,1200000.0,238868,1991-07-18,Spain,2027-06-30,170.0,right,33.45927446954141,29.894875164257556,13.997832948091215,1119.5230480281057,Declining,False,False,True,False,False,ESP,UEFA,False,False,False,False,False,True
Nicolas Pépé,ci CIV,"FW,MF",Villarreal,es La Liga,29.0,1995.0,28,15,1500,16.7,3,6,9,3,0,0,3,0,3.8,3.8,4.8,8.6,76,60,159,0.54,0.52,38,17,44.7,2.28,1.02,0.08,0.18,16.0,1,0.1,-0.8,-0.8,499,631,79.1,6872,1622,4.1,1.2,33,25,27,3,575,51,13,5,2,44,8,20,12,2,0,5,24,65,3.9,46,8,5,2,4,0,7,0.42,22,9,12,6,4,17,35.3,11,12,1,11,5,27,12,0,842,20,112,266,477,89,842,64,27,42.2,29,45.3,518,3665,1976,40,30,52,20,622,54,43.9,78.0,5,13,25.0,0,2.11,30,23,7,0.42,-0.19,27.5,23.0,4.4,0.27,0,20,25,8,1,0,0,53,16,18,47.1,FWD,343052.0,exact,343052.0,2025-06-09,6000000.0,343052,1995-05-29,Cote d'Ivoire,2028-06-30,183.0,left,29.596167008898014,41.9185282522996,15.607270193858982,875.9331016185832,Peak,False,False,True,False,False,CIV,CAF,False,True,False,False,False,False
Mathias Pereira Lage,pt POR,"FW,MF",Brest,fr Ligue 1,27.0,1996.0,29,18,1571,17.5,2,7,9,2,0,0,4,0,3.3,3.3,3.5,6.8,32,41,100,0.52,0.39,36,15,41.7,2.06,0.86,0.06,0.13,17.2,3,0.09,-1.3,-1.3,308,490,62.9,4867,1688,3.3,3.5,22,23,14,6,411,77,25,2,2,99,6,46,26,18,0,2,20,53,3.04,23,15,3,6,5,1,10,0.57,37,24,16,13,8,39,46.2,21,17,2,15,20,57,20,2,714,24,120,277,324,37,714,28,10,35.7,17,60.7,317,1874,824,17,9,38,18,387,54,51.3,79.0,5,11,13.0,5,1.59,30,27,3,0.17,0.78,25.2,27.3,-2.1,-0.12,0,30,28,2,0,1,0,77,35,41,46.1,FWD,424072.0,exact,424072.0,2025-06-03,2500000.0,424072,1996-11-30,Portugal,2028-06-30,180.0,right,28.087611225188226,41.9185282522996,14.731801689838349,788.9139043373197,Peak,False,False,False,True,False,POR,UEFA,False,False,False,False,False,True
Ayoze Pérez,es ESP,FW,Villarreal,es La Liga,31.0,1993.0,30,22,1970,21.9,19,2,21,19,0,0,4,0,12.7,12.7,3.0,15.7,59,73,124,0.96,0.71,75,31,41.3,3.43,1.42,0.25,0.61,14.2,0,0.18,6.3,6.3,314,414,75.8,5024,1316,1.9,-1.0,32,37,21,5,369,41,2,8,0,15,1,0,0,0,0,4,12,72,3.26,50,0,9,7,4,2,5,0.23,27,14,5,18,4,24,25.0,18,17,0,17,8,35,15,0,705,7,66,296,355,136,705,78,34,43.6,36,46.2,429,2599,1453,31,33,62,34,514,66,57.6,80.0,9,8,27.0,0,1.93,37,25,12,0.55,0.05,36.1,25.3,10.9,0.49,0,22,39,6,0,0,0,56,13,32,28.9,FWD,246968.0,exact,246968.0,2025-06-09,10000000.0,246968,1993-07-29,Spain,2028-06-30,178.0,right,31.42778918548939,41.9185282522996,16.118095750958314,987.705933087564,Declining,False,False,True,False,False,ESP,UEFA,False,False,False,False,False,True
Francisco Perez,es ESP,"FW,MF",Valencia,es La Liga,21.0,2002.0,26,4,570,6.3,0,0,0,0,0,0,1,0,0.3,0.3,2.6,2.9,24,13,71,0.0,0.45,6,1,16.7,0.95,0.16,0.0,0.0,18.3,0,0.05,-0.3,-0.3,169,230,73.5,2529,533,1.5,-2.6,7,7,6,2,222,8,0,1,2,27,7,1,0,0,0,0,16,16,2.53,16,0,0,0,0,0,1,0.16,17,12,7,8,2,16,62.5,6,8,1,7,3,20,6,0,327,5,50,126,154,16,327,22,8,36.4,14,63.6,198,1440,658,11,4,17,14,230,22,16.7,53.0,0,22,16.0,5,1.54,5,9,-4,-0.63,-0.44,7.7,9.6,-2.0,-0.31,0,6,12,0,0,0,0,27,5,7,41.7,FWD,600956.0,fuzzy_verified,600956.0,2025-05-26,500000.0,600956,2000-12-03,Mexico,,185.0,right,24.079397672826833,,13.122365377402328,579.8173922861383,Developing,False,False,True,False,False,ESP,UEFA,False,False,False,False,False,True
Andrea Petagna,it ITA,FW,Monza,it Serie A,29.0,1995.0,13,2,335,3.7,0,0,0,0,0,0,1,0,0.2,0.2,0.0,0.2,2,1,17,0.0,0.05,4,0,0.0,1.07,0.0,0.0,,14.6,0,0.04,-0.2,-0.2,45,70,64.3,696,55,0.1,0.0,1,2,0,0,63,7,0,0,1,1,0,0,0,0,0,0,2,2,0.54,2,0,0,0,0,0,0,0.0,2,1,0,1,1,2,50.0,1,0,0,0,1,3,2,0,100,1,15,51,34,12,100,4,2,50.0,2,50.0,66,327,96,3,1,9,4,74,26,9.8,76.0,1,11,17.0,15,0.62,1,6,-5,-1.34,-0.29,2.1,4.4,-2.3,-0.62,0,6,4,4,0,0,0,7,7,17,29.2,FWD,199258.0,exact,199258.0,2025-06-17,1000000.0,199258,1995-06-30,Italy,2027-06-30,190.0,left,29.508555783709788,29.894875164257556,13.815511557963774,870.7548644403124,Peak,False,False,False,False,True,ITA,UEFA,False,False,False,False,False,True
Roberto Piccoli,it ITA,FW,Cagliari,it Serie A,23.0,2001.0,37,37,3127,34.7,10,1,11,9,1,1,6,0,12.7,12.0,0.9,12.9,30,37,165,0.29,0.39,97,28,28.9,2.79,0.81,0.09,0.32,13.1,1,0.12,-2.7,-3.0,343,517,66.3,4700,823,0.5,0.1,13,32,7,0,447,66,0,0,4,8,3,0,0,0,0,4,17,57,1.64,25,1,2,16,13,0,8,0.23,13,9,2,6,5,12,25.0,9,12,4,8,3,16,31,0,919,29,76,468,385,144,918,63,14,22.2,41,65.1,511,2406,774,27,14,114,46,666,85,91.4,85.0,19,0,,0,0.89,35,54,-19,-0.55,-1.47,35.4,52.5,-17.1,-0.49,0,60,54,23,2,0,0,54,110,147,42.8,FWD,432092.0,exact,432092.0,2025-06-17,12000000.0,432092,2001-01-27,Italy,2030-06-30,190.0,right,23.928815879534564,65.90013140604468,16.300417291085605,572.5882293966655,Developing,False,False,False,False,True,ITA,UEFA,False,False,False,False,False,True
Benedikt Pichler,at AUT,FW,Holstein Kiel,de Bundesliga,27.0,1997.0,18,7,785,8.7,1,2,3,1,0,0,1,0,2.3,2.3,1.1,3.4,18,19,58,0.34,0.39,20,9,45.0,2.29,1.03,0.05,0.11,13.8,0,0.11,-1.3,-1.3,134,212,63.2,1987,336,1.2,0.9,12,11,7,2,195,17,0,2,0,11,0,0,0,0,0,0,9,30,3.44,20,1,2,5,2,0,3,0.34,5,2,1,0,4,4,50.0,2,4,2,2,2,7,11,0,310,13,29,149,133,44,310,18,8,44.4,9,50.0,152,863,383,7,8,23,12,230,44,25.7,78.0,5,11,22.0,5,0.5,9,23,-14,-1.61,-0.93,10.5,17.3,-6.8,-0.78,0,14,16,13,0,0,0,15,41,31,56.9,FWD,331362.0,exact,331362.0,2025-06-05,1500000.0,331362,1997-07-20,Austria,2027-06-30,189.0,right,27.45242984257358,29.894875164257556,14.220976332738882,753.6359042614245,Peak,True,False,False,False,False,AUT,UEFA,False,False,False,False,False,True
Marvin Pieringer,de GER,"FW,MF",Heidenheim,de Bundesliga,24.0,1999.0,31,26,2206,24.5,7,4,11,4,3,3,7,0,8.9,6.6,4.0,10.6,23,59,115,0.33,0.53,57,17,29.8,2.33,0.69,0.07,0.24,15.1,1,0.12,-1.9,-2.6,363,552,65.8,4923,1299,2.3,0.0,30,36,12,1,531,19,1,5,1,11,4,0,0,0,0,2,22,69,2.81,48,1,5,7,7,1,7,0.29,23,13,5,12,6,10,50.0,5,21,2,19,8,31,32,0,849,31,103,427,328,97,846,35,16,45.7,15,42.9,467,1979,796,22,5,69,24,607,71,72.1,77.0,7,5,39.0,0,0.84,28,40,-12,-0.49,1.09,28.3,36.6,-8.3,-0.34,0,50,46,15,2,0,0,63,73,124,37.1,FWD,471055.0,exact,471055.0,2025-06-05,5500000.0,471055,1999-10-04,Germany,2027-06-30,191.0,right,25.245722108145106,29.894875164257556,15.520258832020865,637.3464847616866,Developing,True,False,False,False,False,GER,UEFA,False,False,False,False,False,True
Santiago Pierotti,ar ARG,FW,Lecce,it Serie A,23.0,2001.0,36,22,1937,21.5,4,2,6,4,0,0,6,1,3.1,3.1,2.4,5.5,43,38,85,0.28,0.25,32,7,21.9,1.49,0.33,0.13,0.57,15.1,0,0.1,0.9,0.9,311,436,71.3,4334,1135,1.4,-0.4,25,27,9,3,421,12,3,2,2,17,8,0,0,0,0,3,24,50,2.32,34,0,6,6,3,1,2,0.09,46,24,22,18,6,51,45.1,28,31,5,26,14,60,32,0,730,45,148,322,279,81,730,49,22,44.9,26,53.1,353,2266,1103,25,21,60,33,406,54,56.6,70.0,4,14,28.0,1,0.94,16,31,-15,-0.7,0.27,19.0,34.1,-15.1,-0.7,1,55,13,12,0,0,0,111,49,61,44.5,FWD,674806.0,exact,674806.0,2025-06-17,4000000.0,674806,2001-04-03,Argentina,2027-06-30,189.0,right,23.748117727583846,29.894875164257556,15.201805169084134,563.9730956031822,Developing,False,False,False,False,True,ARG,CONMEBOL,False,False,False,True,False,False
Andrea Pinamonti,it ITA,FW,Genoa,it Serie A,25.0,1999.0,36,33,2850,31.7,10,1,11,10,0,1,4,0,7.7,7.0,1.7,8.7,20,46,132,0.35,0.3,78,29,37.2,2.46,0.92,0.13,0.34,16.1,2,0.09,2.3,3.0,419,667,62.8,6023,1027,1.3,-0.7,15,24,9,3,609,53,1,4,2,17,1,0,0,0,0,5,28,48,1.52,35,1,0,10,2,0,5,0.16,10,6,0,7,3,8,25.0,6,16,4,12,1,11,28,2,952,32,77,531,349,116,951,23,11,47.8,12,52.2,491,1829,557,12,11,67,34,710,79,83.3,83.0,20,3,35.0,1,1.08,28,39,-11,-0.35,-0.19,27.5,38.7,-11.3,-0.36,0,21,43,16,0,0,0,53,83,111,42.8,FWD,315865.0,exact,315865.0,2025-06-17,15000000.0,315865,1999-05-19,Italy,2027-06-30,185.0,right,25.623545516769337,29.894875164257556,16.52356082573315,656.56608484995,Developing,False,False,False,False,True,ITA,UEFA,False,False,False,False,False,True
Matteo Politano,it ITA,"FW,MF",Napoli,it Serie A,30.0,1993.0,37,34,2804,31.2,3,4,7,3,0,0,3,0,3.1,3.1,4.8,7.9,135,129,278,0.22,0.25,56,14,25.0,1.8,0.45,0.05,0.21,19.5,1,0.06,-0.1,-0.1,873,1261,69.2,14730,4786,5.2,-0.8,56,65,55,23,1131,123,18,1,10,229,26,78,66,3,1,7,57,105,3.37,73,20,5,4,3,0,10,0.32,29,15,17,11,1,43,34.9,28,21,1,20,13,42,50,1,1561,49,233,533,804,90,1561,80,32,40.0,36,45.0,920,6414,3264,57,38,47,24,1137,76,82.0,80.0,3,3,26.0,0,2.14,49,23,26,0.83,-0.04,41.4,25.3,16.1,0.52,0,14,31,6,1,0,0,95,6,20,23.1,FWD,165895.0,exact,165895.0,2025-06-17,10000000.0,165895,1993-08-03,Italy,2028-06-30,171.0,left,31.41409993155373,41.9185282522996,16.118095750958314,986.845674509644,Declining,False,False,False,False,True,ITA,UEFA,False,False,False,False,False,True
Portu,es ESP,"FW,MF",Girona,es La Liga,32.0,1992.0,27,6,779,8.7,1,2,3,1,0,0,4,0,1.6,1.6,1.7,3.3,20,16,79,0.35,0.38,8,3,37.5,0.92,0.35,0.13,0.33,16.6,0,0.21,-0.6,-0.6,169,237,71.3,2427,444,1.5,0.3,14,12,7,3,218,16,3,1,0,26,1,10,7,2,0,3,8,25,2.88,20,1,3,1,0,0,4,0.46,13,7,5,5,3,10,70.0,3,8,0,8,0,13,2,0,301,4,33,110,160,25,301,10,4,40.0,5,50.0,168,846,518,15,4,11,3,214,29,22.8,70.0,0,21,17.0,3,0.93,10,10,0,0.0,0.55,10.9,10.7,0.2,0.02,0,14,10,7,0,0,0,24,10,12,45.5,FWD,99353.0,exact,99353.0,2025-06-09,1800000.0,99353,1992-05-21,Spain,2027-06-30,167.0,right,32.616016427104725,29.894875164257556,14.403297778421795,1063.8045275731652,Declining,False,False,True,False,False,ESP,UEFA,False,False,False,False,False,True
Yussuf Poulsen,dk DEN,"FW,MF",RB Leipzig,de Bundesliga,30.0,1994.0,22,2,378,4.2,2,0,2,2,0,0,1,0,3.3,3.3,0.6,3.9,2,12,30,0.48,0.93,15,8,53.3,3.57,1.9,0.13,0.25,9.4,0,0.23,-1.3,-1.3,84,141,59.6,952,285,0.5,-0.6,7,7,5,0,139,1,1,0,0,2,0,0,0,0,0,1,8,15,3.57,12,0,0,1,2,0,2,0.48,10,5,2,6,2,8,50.0,4,7,2,5,0,10,14,0,221,14,37,91,94,32,221,6,1,16.7,4,66.7,89,362,111,4,0,16,10,148,17,12.4,64.0,0,20,13.0,2,1.45,3,2,1,0.24,0.1,7.8,6.0,1.8,0.42,0,8,14,1,0,0,0,16,27,11,71.1,FWD,157635.0,exact,157635.0,2025-06-05,5000000.0,157635,1994-06-15,Denmark,2027-06-30,192.0,right,30.548939082819988,29.894875164257556,15.424948670398354,933.2376790858465,Declining,True,False,False,False,False,DEN,UEFA,False,False,False,False,False,True
Abdón Prats,es ESP,"FW,MF",Mallorca,es La Liga,31.0,1992.0,24,3,456,5.1,2,0,2,1,1,1,4,0,2.2,1.5,0.1,1.6,0,7,14,0.2,0.47,13,4,30.8,2.57,0.79,0.08,0.25,14.7,0,0.11,-0.2,-0.5,58,87,66.7,837,164,0.1,-0.1,3,5,1,0,82,5,0,0,0,0,0,0,0,0,0,0,1,7,1.39,5,0,0,1,1,0,1,0.2,2,1,1,1,0,2,50.0,1,2,1,1,1,3,5,0,146,6,15,76,55,25,145,3,1,33.3,2,66.7,77,215,41,0,0,17,12,104,19,13.3,72.0,1,21,11.0,8,1.38,7,6,1,0.2,0.5,7.7,6.9,0.8,0.16,0,6,19,2,1,0,0,13,19,32,37.3,FWD,177452.0,exact,177452.0,2025-06-09,1200000.0,177452,1992-12-07,Spain,2028-06-30,181.0,left,32.068446269678304,41.9185282522996,13.997832948091215,1028.3852461512442,Declining,False,False,True,False,False,ESP,UEFA,False,False,False,False,False,True
Javi Puado,es ESP,"FW,MF",Espanyol,es La Liga,26.0,1998.0,35,35,2974,33.0,12,4,16,7,5,5,8,0,11.6,7.7,3.0,10.7,73,75,113,0.33,0.44,66,19,28.8,2.0,0.57,0.11,0.37,20.7,0,0.12,0.4,-0.7,521,678,76.8,7991,1449,2.1,1.0,22,36,15,4,651,23,0,6,6,27,7,1,0,0,0,4,19,55,1.66,44,0,2,5,4,0,7,0.21,22,17,14,4,4,20,40.0,12,18,3,15,5,27,19,0,985,27,140,452,413,102,980,61,21,34.4,35,57.4,623,4528,1960,48,22,71,33,703,85,87.0,85.0,20,0,,0,1.03,30,42,-12,-0.36,-0.56,29.6,46.9,-17.3,-0.52,0,22,27,6,1,0,0,105,9,30,23.1,FWD,408471.0,exact,408471.0,2025-06-09,10000000.0,408471,1998-05-25,Spain,2030-06-30,177.0,right,26.60643394934976,65.90013140604468,16.118095750958314,707.9023275011115,Peak,False,False,True,False,False,ESP,UEFA,False,False,False,False,False,True
Christian Pulisic,us USA,"FW,MF",Milan,it Serie A,25.0,1998.0,34,29,2478,27.5,11,9,20,8,3,4,1,0,12.0,8.9,6.4,15.2,121,105,191,0.62,0.67,53,20,37.7,1.92,0.73,0.15,0.4,16.7,1,0.17,-1.0,-0.9,825,1078,76.5,12131,3064,6.3,2.6,69,56,35,8,960,111,23,15,2,119,16,72,49,6,0,7,25,125,4.54,86,17,6,8,5,3,14,0.51,43,29,17,14,12,37,40.5,22,24,2,22,5,48,13,2,1367,15,156,524,709,128,1363,87,39,44.8,36,41.4,859,6117,3406,75,37,57,40,985,73,72.5,80.0,10,5,30.0,0,1.71,50,32,18,0.65,0.65,51.9,29.3,22.6,0.82,0,20,37,3,1,0,0,94,11,42,20.8,FWD,315779.0,exact,315779.0,2025-06-17,50000000.0,315779,1998-09-18,United States,2027-06-30,177.0,right,26.288843258042437,29.894875164257556,17.72753358339242,691.1032798459233,Peak,False,False,False,False,True,USA,CONCACAF,False,False,True,False,False,False
Dani Raba,es ESP,"FW,MF",Leganés,es La Liga,28.0,1995.0,29,24,1879,20.9,8,6,14,4,4,5,6,0,7.5,3.6,5.3,8.9,42,69,101,0.48,0.61,39,12,30.8,1.87,0.57,0.1,0.33,25.5,4,0.09,0.5,0.4,435,648,67.1,7619,2499,4.6,0.7,47,50,24,4,504,134,54,15,3,90,6,46,15,23,0,10,16,107,5.12,47,22,19,3,11,5,14,0.67,37,23,17,15,5,42,40.5,25,27,3,24,14,51,19,1,930,23,111,445,398,43,925,91,46,50.5,38,41.8,523,2894,1474,42,10,53,40,572,65,54.9,74.0,6,5,20.0,5,1.14,25,27,-2,-0.1,0.78,22.1,32.2,-10.1,-0.48,0,40,56,9,1,0,0,90,5,15,25.0,FWD,413262.0,exact,413262.0,2025-06-09,2500000.0,413262,1995-10-29,Spain,2027-06-30,185.0,left,29.177275838466805,29.894875164257556,14.731801689838349,851.3134253539788,Peak,False,False,True,False,False,ESP,UEFA,False,False,False,False,False,True
Sandro Ramírez,es ESP,"FW,MF",Las Palmas,es La Liga,29.0,1995.0,31,25,2034,22.6,9,3,12,8,1,1,6,0,4.1,3.3,3.4,6.7,52,52,121,0.49,0.33,51,20,39.2,2.26,0.88,0.16,0.4,24.3,14,0.06,4.9,4.7,438,682,64.2,7317,2293,3.2,-0.4,28,33,10,3,580,94,26,3,3,122,8,60,17,36,0,8,26,59,2.61,31,18,0,2,8,0,6,0.27,27,15,10,13,4,30,43.3,17,20,0,20,16,43,22,2,930,26,146,383,417,64,929,47,16,34.0,26,55.3,469,2578,1134,21,24,49,28,575,66,59.5,75.0,6,6,28.0,1,0.94,26,33,-7,-0.31,0.6,21.8,39.8,-18.0,-0.8,0,26,43,5,1,1,0,93,12,16,42.9,FWD,199369.0,exact,199369.0,2024-06-07,1500000.0,199369,1995-07-09,Spain,2026-06-30,174.0,right,29.4839151266256,17.904073587385017,14.220976332738882,869.3012511940619,Peak,False,False,True,False,False,ESP,UEFA,False,False,False,False,False,True
Gonçalo Ramos,pt POR,FW,Paris S-G,fr Ligue 1,23.0,2001.0,22,12,1066,11.8,10,3,13,8,2,3,1,0,13.6,11.3,2.2,13.4,11,24,63,0.93,1.33,52,29,55.8,4.39,2.45,0.15,0.28,11.3,0,0.22,-3.6,-3.3,193,241,80.1,2279,367,1.4,0.8,15,9,9,0,237,3,2,2,0,1,1,0,0,0,0,1,8,30,2.54,23,0,0,5,2,0,6,0.51,11,6,5,5,1,6,50.0,3,5,1,4,0,11,5,0,353,6,27,108,220,97,350,11,1,9.1,9,81.8,155,755,342,6,4,16,11,282,48,34.8,72.0,5,10,20.0,0,2.36,33,14,19,1.6,-0.11,32.1,11.4,20.7,1.75,0,8,11,9,1,0,0,18,20,15,57.1,FWD,550550.0,exact,550550.0,2025-06-03,40000000.0,550550,2001-06-20,Portugal,2028-06-30,185.0,right,23.534565366187543,41.9185282522996,17.50439003707821,553.8757669753542,Developing,False,False,False,True,False,POR,UEFA,False,False,False,False,False,True
Jacob Ramsey,eng ENG,"FW,MF",Aston Villa,eng Premier League,23.0,2001.0,29,19,1623,18.0,1,3,4,1,0,0,4,1,1.6,1.6,2.3,3.9,61,68,114,0.22,0.22,19,4,21.1,1.05,0.22,0.05,0.25,16.8,0,0.08,-0.6,-0.6,497,586,84.8,6645,1578,2.2,0.7,21,31,21,1,581,2,0,3,3,12,2,0,0,0,0,3,15,51,2.83,40,0,4,1,6,0,8,0.44,30,15,14,10,6,20,50.0,10,23,4,19,8,38,8,1,762,12,146,272,359,74,762,46,25,54.3,13,28.3,496,3441,1766,31,21,42,23,577,56,47.5,68.0,2,10,34.0,0,1.79,25,26,-1,-0.06,-0.46,24.7,23.9,0.8,0.04,1,13,28,5,1,0,0,83,7,13,35.0,FWD,503749.0,exact,503749.0,2025-05-30,32000000.0,503749,2001-05-28,England,2030-06-30,180.0,right,23.59753593429158,65.90013140604468,17.281246492014,556.8437021701825,Developing,False,True,False,False,False,ENG,UEFA,False,False,False,False,False,True
Raphinha,br BRA,"FW,MF",Barcelona,es La Liga,27.0,1996.0,36,32,2839,31.5,18,9,27,16,2,2,4,0,19.2,17.6,12.7,30.3,94,135,349,0.79,1.01,112,40,35.7,3.55,1.27,0.14,0.4,19.1,18,0.16,-1.2,-1.6,1064,1497,71.1,17773,4933,10.1,-3.7,91,87,67,18,1260,225,49,11,15,215,19,140,48,41,0,12,36,163,5.17,101,31,8,12,10,1,22,0.7,36,22,6,19,11,39,48.7,20,29,2,27,11,47,26,0,1863,31,114,661,1113,183,1861,103,52,50.5,44,42.7,1016,5592,2865,66,46,53,29,1316,79,83.0,84.0,23,4,35.0,1,2.28,85,31,54,1.71,0.32,75.3,36.1,39.2,1.24,0,11,37,10,2,0,0,94,9,6,60.0,FWD,411295.0,exact,411295.0,2025-06-09,90000000.0,411295,1996-12-14,Brazil,2028-06-30,176.0,left,28.04928131416838,41.9185282522996,18.31532023940565,786.7621822413554,Peak,False,False,True,False,False,BRA,CONMEBOL,False,False,False,True,False,False
Marcus Rashford,eng ENG,"FW,MF",Manchester Utd,eng Premier League,26.0,1997.0,15,12,978,10.9,4,1,5,4,0,0,2,0,1.7,1.7,2.1,3.8,20,21,79,0.46,0.35,16,9,56.3,1.47,0.83,0.25,0.44,16.4,0,0.11,2.3,2.3,253,343,73.8,3508,868,1.4,-1.1,15,13,16,8,334,9,1,6,5,27,4,1,1,0,0,0,10,29,2.67,24,1,2,2,0,0,1,0.09,7,4,2,2,3,9,33.3,6,8,0,8,4,11,7,0,440,3,35,189,222,34,440,39,9,23.1,26,66.7,293,1694,728,19,12,14,6,341,65,28.6,74.0,4,3,31.0,1,1.27,15,9,6,0.55,1.14,15.2,14.5,0.7,0.06,0,8,7,7,0,0,0,24,5,7,41.7,FWD,258923.0,exact,258923.0,2025-05-30,50000000.0,258923,1997-10-31,England,2026-06-30,185.0,right,27.170431211498972,17.904073587385017,17.72753358339242,738.2323322187975,Peak,False,True,False,False,False,ENG,UEFA,False,False,False,False,False,True
Marcus Rashford,eng ENG,FW,Aston Villa,eng Premier League,26.0,1997.0,10,4,444,4.9,2,2,4,1,1,1,0,0,3.1,2.3,2.3,4.5,22,13,42,0.61,1.08,18,5,27.8,3.65,1.01,0.06,0.2,19.4,2,0.13,-1.1,-1.3,117,164,71.3,1772,447,2.1,-0.3,13,2,9,2,134,29,5,3,1,28,1,21,15,0,0,1,9,27,5.49,14,5,3,2,3,0,3,0.61,10,7,2,3,5,6,66.7,2,2,0,2,1,11,3,0,227,2,14,58,159,30,226,22,9,40.9,13,59.1,127,892,471,10,15,8,1,149,44,13.0,68.0,0,6,29.0,0,2.0,7,6,1,0.2,0.02,8.9,6.9,2.0,0.41,0,1,3,1,0,0,0,14,1,8,11.1,FWD,258923.0,exact,258923.0,2025-05-30,50000000.0,258923,1997-10-31,England,2026-06-30,185.0,right,27.170431211498972,17.904073587385017,17.72753358339242,738.2323322187975,Peak,False,True,False,False,False,ENG,UEFA,False,False,False,False,False,True
Giacomo Raspadori,it ITA,"FW,MF",Napoli,it Serie A,24.0,2000.0,26,11,1103,12.3,6,1,7,6,0,0,1,0,4.0,4.0,2.4,6.4,18,42,57,0.57,0.52,42,14,33.3,3.43,1.14,0.14,0.43,16.0,2,0.1,2.0,2.0,280,410,68.3,5058,1374,2.2,-1.4,28,27,7,3,341,68,15,2,2,67,1,39,25,10,0,1,18,51,4.16,29,12,2,6,2,0,4,0.33,18,9,6,10,2,12,66.7,4,10,2,8,3,21,13,0,549,10,62,246,247,54,549,14,9,64.3,3,21.4,263,1291,502,6,5,25,9,343,42,32.3,79.0,2,15,16.0,12,1.92,15,13,2,0.16,-1.0,16.6,9.1,7.5,0.61,0,12,20,1,0,0,0,43,5,11,31.3,FWD,405885.0,exact,405885.0,2025-06-17,25000000.0,405885,2000-02-18,Italy,2030-06-30,172.0,right,24.870636550308006,65.90013140604468,17.034386422832473,618.5485624175166,Developing,False,False,False,False,True,ITA,UEFA,False,False,False,False,False,True
Raúl,es ESP,"FW,MF",Osasuna,es La Liga,23.0,2000.0,32,5,750,8.3,4,0,4,4,0,0,1,0,3.5,3.5,0.7,4.1,10,16,49,0.48,0.5,25,12,48.0,3.0,1.44,0.16,0.33,14.4,0,0.14,0.5,0.5,116,168,69.0,1510,219,0.4,-0.7,3,11,1,0,154,12,1,0,1,6,1,0,0,0,0,2,7,16,1.92,5,0,4,3,4,0,2,0.24,13,8,3,6,4,10,50.0,5,4,0,4,0,13,6,0,266,8,18,113,141,42,266,20,11,55.0,8,40.0,153,732,286,11,4,24,13,196,23,21.9,66.0,0,27,16.0,2,1.25,9,13,-4,-0.48,-0.48,9.7,15.9,-6.2,-0.74,0,11,12,6,0,0,0,14,20,22,47.6,FWD,520093.0,exact_accent_stripped,520093.0,2025-06-06,100000.0,520093,1997-07-28,Brazil,2027-12-31,190.0,right,27.430527036276523,35.939553219448094,11.51293546492023,752.4338134878973,Peak,False,False,True,False,False,ESP,UEFA,False,False,False,False,False,True
Ante Rebić,hr CRO,"FW,MF",Lecce,it Serie A,30.0,1993.0,27,7,788,8.8,1,0,1,1,0,0,3,2,2.1,2.1,2.1,4.2,17,36,63,0.11,0.48,13,5,38.5,1.48,0.57,0.08,0.2,16.7,0,0.16,-1.1,-1.1,182,298,61.1,2549,865,1.2,-2.1,18,18,11,3,275,22,0,2,0,32,2,8,5,3,0,1,24,30,3.43,16,6,3,0,5,0,1,0.11,12,9,5,5,2,9,33.3,6,7,1,6,2,14,4,1,429,5,40,184,210,43,429,30,8,26.7,17,56.7,223,1133,449,9,7,39,14,312,29,23.0,62.0,0,20,18.0,6,0.89,9,13,-4,-0.46,0.47,11.5,12.4,-0.9,-0.11,0,19,14,7,0,0,0,33,27,37,42.2,FWD,187587.0,exact,187587.0,2025-06-17,1000000.0,187587,1993-09-21,Croatia,2026-06-30,185.0,right,31.279945242984258,17.904073587385017,13.815511557963774,978.4349744040935,Declining,False,False,False,False,True,CRO,UEFA,False,False,False,False,False,True
Mateo Retegui,it ITA,FW,Atalanta,it Serie A,25.0,1999.0,36,32,2383,26.5,25,8,33,21,4,5,3,0,18.9,14.9,4.9,19.8,21,46,199,1.1,0.9,99,32,32.3,3.74,1.21,0.21,0.66,12.8,2,0.15,6.1,6.1,440,575,76.5,6210,971,2.2,3.1,38,29,9,1,527,46,0,2,6,15,2,0,0,0,0,2,19,76,2.87,62,0,2,8,4,0,14,0.53,14,9,0,9,5,16,18.8,13,7,0,7,4,18,17,0,874,19,30,378,474,173,869,30,12,40.0,12,40.0,557,2233,472,12,11,96,48,704,66,69.7,72.0,6,4,21.0,0,2.0,63,28,35,1.32,0.8,46.5,26.2,20.3,0.77,0,32,34,6,2,0,0,69,51,68,42.9,FWD,554903.0,exact,554903.0,2025-06-17,45000000.0,554903,1999-04-29,Italy,2028-06-30,186.0,right,25.678302532511978,41.9185282522996,17.622173069956816,659.3752209512111,Developing,False,False,False,False,True,ITA,UEFA,False,False,False,False,False,True
Richarlison,br BRA,FW,Tottenham,eng Premier League,27.0,1997.0,15,4,504,5.6,4,1,5,4,0,0,2,0,3.7,3.7,0.9,4.6,8,11,22,0.89,0.82,17,7,41.2,3.04,1.25,0.24,0.57,9.1,0,0.22,0.3,0.3,62,103,60.2,937,280,0.6,0.1,4,8,4,2,97,6,1,0,3,7,0,0,0,0,0,0,6,8,1.43,5,0,0,2,1,0,1,0.18,5,3,0,4,1,3,0.0,3,1,1,0,0,5,8,0,173,8,21,89,64,29,173,16,1,6.3,14,87.5,89,424,168,8,3,9,8,120,34,14.7,72.0,1,11,20.0,2,0.93,11,9,2,0.36,0.45,8.4,7.3,1.0,0.18,0,7,13,3,0,0,0,11,10,23,30.3,FWD,378710.0,exact,378710.0,2025-05-30,20000000.0,378710,1997-05-10,Brazil,2027-06-30,184.0,right,27.64681724845996,29.894875164257556,16.811242881518265,764.3465039697431,Peak,False,True,False,False,False,BRA,CONMEBOL,False,False,False,True,False,False
Álvaro Rodríguez,uy URU,FW,Getafe,es La Liga,20.0,2004.0,22,7,852,9.5,2,0,2,2,0,0,6,0,1.2,1.2,0.3,1.5,6,13,50,0.21,0.16,25,10,40.0,2.64,1.06,0.08,0.2,16.8,0,0.05,0.8,0.8,110,239,46.0,1496,344,0.4,-0.3,5,15,2,1,233,1,0,2,1,5,0,0,0,0,0,5,2,16,1.69,9,0,4,2,1,0,0,0.0,10,7,0,7,3,10,50.0,5,23,0,23,3,13,12,0,415,15,27,194,204,55,415,33,16,48.5,15,45.5,186,735,221,13,2,37,20,300,39,24.9,68.0,0,15,25.0,8,1.05,5,9,-4,-0.42,-0.39,8.4,13.1,-4.8,-0.5,0,30,19,6,0,0,0,31,104,84,55.3,FWD,948275.0,exact,948275.0,2025-06-09,2500000.0,948275,2004-07-14,Uruguay,2029-06-30,193.0,left,20.468172484599588,53.90932982917214,14.731801689838349,418.9460848593197,Emerging,False,False,True,False,False,URU,CONMEBOL,False,False,False,True,False,False
Jesus Rodríguez,es ESP,FW,Betis,es La Liga,18.0,2005.0,21,15,1111,12.3,2,0,2,2,0,0,0,0,2.3,2.3,0.2,2.5,53,35,99,0.16,0.2,23,8,34.8,1.86,0.65,0.09,0.25,17.9,0,0.1,-0.3,-0.3,241,331,72.8,3111,935,0.7,-0.2,8,15,19,2,322,8,1,0,0,18,4,3,0,1,0,1,16,34,2.75,17,0,8,2,7,0,5,0.41,16,14,6,6,4,18,27.8,13,16,0,16,6,22,3,0,532,5,47,212,284,69,532,84,30,35.7,46,54.8,361,2868,1506,36,39,38,20,381,53,32.5,67.0,0,6,17.0,3,1.71,20,14,6,0.49,0.45,15.9,14.5,1.5,0.12,0,17,38,2,1,0,0,58,3,8,27.3,FWD,1190411.0,exact_birthyear_corrected,1190411.0,2025-06-09,30000000.0,1190411,2005-11-21,Spain,2030-06-30,185.0,right,19.1129363449692,65.90013140604468,17.216707972959764,365.30433572684456,Emerging,False,False,True,False,False,ESP,UEFA,False,False,False,False,False,True
Rodrygo,br BRA,"FW,MF",Real Madrid,es La Liga,23.0,2001.0,30,22,1928,21.4,6,5,11,6,0,0,0,0,4.0,3.9,3.0,6.9,113,108,253,0.51,0.33,54,20,37.0,2.52,0.93,0.11,0.3,16.4,3,0.07,2.0,2.1,939,1093,85.9,12276,3000,4.2,2.0,49,66,26,2,986,102,23,1,3,81,17,57,24,22,0,5,15,106,4.95,66,18,13,3,5,1,9,0.42,21,14,14,5,2,23,30.4,16,18,1,17,11,32,9,0,1340,14,97,464,802,127,1340,111,49,44.1,46,41.4,889,5906,3404,87,50,47,15,1068,64,56.4,76.0,5,8,33.0,1,2.2,42,17,25,1.17,0.26,39.6,22.2,17.5,0.82,0,8,37,1,1,0,0,71,7,16,30.4,FWD,412363.0,exact,412363.0,2025-06-09,90000000.0,412363,2001-01-09,Brazil,2028-06-30,174.0,right,23.978097193702943,41.9185282522996,18.31532023940565,574.949145030665,Developing,False,False,True,False,False,BRA,CONMEBOL,False,False,False,True,False,False
Morgan Rogers,eng ENG,"FW,MF",Aston Villa,eng Premier League,22.0,2002.0,37,37,3114,34.6,8,10,18,8,0,0,10,0,6.6,6.6,7.8,14.4,114,123,188,0.52,0.42,55,20,36.4,1.59,0.58,0.15,0.4,15.9,0,0.12,1.4,1.4,664,907,73.2,9771,3327,5.2,2.2,51,73,56,3,853,47,2,22,6,27,9,0,0,0,0,7,45,105,3.04,80,0,13,7,5,0,16,0.46,43,22,15,15,13,47,51.1,23,26,7,19,6,49,20,2,1362,43,200,592,597,142,1362,160,66,41.3,74,46.3,794,5594,3232,68,33,114,74,956,84,91.1,84.0,19,0,,0,1.7,52,40,12,0.35,1.82,51.3,43.5,7.8,0.23,0,50,51,2,1,0,0,119,13,52,20.0,FWD,503743.0,exact,503743.0,2025-05-30,55000000.0,503743,2002-07-26,England,2031-06-30,187.0,right,22.43668720054757,77.8909329829172,17.822843761378564,503.40493253521515,Developing,False,True,False,False,False,ENG,UEFA,False,False,False,False,False,True
Isaac Romero,es ESP,FW,Sevilla,es La Liga,24.0,2000.0,31,26,2156,24.0,4,2,6,4,0,1,10,1,6.8,6.0,2.1,8.1,21,29,95,0.25,0.37,53,17,32.1,2.21,0.71,0.08,0.24,16.9,0,0.11,-2.8,-2.0,310,441,70.3,4995,703,2.2,-0.1,20,20,11,4,388,48,0,1,1,18,3,0,0,0,0,5,17,44,1.84,30,1,5,3,5,0,7,0.29,13,7,4,4,5,16,18.8,13,18,1,17,7,20,27,0,751,21,69,340,349,89,750,65,21,32.3,36,55.4,382,1633,576,10,14,79,61,520,70,63.0,78.0,8,5,27.0,1,0.97,27,37,-10,-0.42,-0.2,25.3,33.1,-7.8,-0.32,0,38,37,11,1,1,0,59,29,51,36.3,FWD,687609.0,exact,687609.0,2025-06-09,6000000.0,687609,2000-05-18,Spain,2028-06-30,183.0,left,24.62422997946612,41.9185282522996,15.607270193858982,606.352702081638,Developing,False,False,True,False,False,ESP,UEFA,False,False,False,False,False,True
Vitor Roque,br BRA,FW,Betis,es La Liga,19.0,2005.0,22,14,1235,13.7,4,0,4,4,0,0,4,0,6.1,6.1,1.2,7.3,24,17,57,0.29,0.53,41,18,43.9,2.99,1.31,0.1,0.22,14.5,0,0.15,-2.1,-2.1,142,195,72.8,1986,451,0.7,-1.2,12,4,10,3,163,32,0,1,0,6,1,1,0,0,0,0,7,34,2.48,19,0,5,5,5,0,4,0.29,11,6,1,6,4,5,20.0,4,5,0,5,7,18,4,0,365,3,27,167,179,57,365,39,10,25.6,25,64.1,213,1250,554,14,16,41,35,239,56,36.1,74.0,3,8,24.0,0,1.45,18,23,-5,-0.36,-0.86,19.1,19.5,-0.4,-0.03,0,30,30,5,2,0,0,35,15,29,34.1,FWD,943837.0,exact,943837.0,2025-06-06,20000000.0,943837,2005-02-28,Brazil,2029-12-31,174.0,right,19.84120465434634,59.95400788436268,16.811242881518265,393.6734021356548,Emerging,False,False,True,False,False,BRA,CONMEBOL,False,False,False,True,False,False
Abel Ruiz,es ESP,FW,Girona,es La Liga,24.0,2000.0,23,17,1346,15.0,4,0,4,3,1,2,3,0,4.6,3.0,0.5,3.5,21,23,71,0.2,0.34,21,7,33.3,1.4,0.47,0.14,0.43,14.0,0,0.14,-0.6,0.0,239,272,87.9,3608,480,0.7,-0.5,8,14,5,0,238,33,0,1,1,4,2,0,0,0,0,1,5,17,1.14,12,0,1,3,1,0,1,0.07,6,2,2,2,2,5,40.0,3,7,2,5,5,11,7,0,391,11,28,188,177,59,389,20,7,35.0,10,50.0,225,1274,413,12,10,32,18,281,59,39.4,70.0,1,6,26.0,4,1.09,15,21,-6,-0.4,0.03,16.2,19.1,-2.9,-0.2,0,7,13,5,0,0,0,21,9,19,32.1,FWD,340376.0,exact,340376.0,2025-06-09,4000000.0,340376,2000-01-28,Spain,2029-06-30,182.0,right,24.928131416837783,53.90932982917214,15.201805169084134,621.4117359351349,Developing,False,False,True,False,False,ESP,UEFA,False,False,False,False,False,True
Emmanuel Sabbi,us USA,"FW,MF",Le Havre,fr Ligue 1,26.0,1997.0,15,7,653,7.3,0,0,0,0,0,0,1,0,1.9,1.9,0.6,2.5,11,15,39,0.0,0.35,15,4,26.7,2.07,0.55,0.0,0.0,12.5,0,0.13,-1.9,-1.9,91,128,71.1,1424,409,0.3,-0.6,4,5,5,1,121,7,1,1,0,15,1,1,0,0,0,0,4,20,2.76,10,0,4,2,3,1,2,0.28,14,7,7,4,3,8,62.5,3,2,0,2,3,17,4,0,230,3,38,88,106,23,230,29,11,37.9,13,44.8,130,747,274,4,3,20,10,149,44,21.3,66.0,1,8,24.0,1,0.67,4,12,-8,-1.1,-0.24,8.5,14.5,-6.0,-0.82,0,11,16,2,0,0,0,26,9,13,40.9,FWD,381187.0,exact,381187.0,2025-06-05,1500000.0,381187,1997-12-24,United States,2027-12-31,178.0,right,27.02258726899384,35.939553219448094,14.220976332738882,730.2202227103879,Peak,False,False,False,True,False,USA,CONCACAF,False,False,True,False,False,False
Umar Sadiq,ng NGA,FW,Valencia,es La Liga,27.0,1997.0,16,9,825,9.2,5,0,5,5,0,0,4,0,3.4,3.4,0.7,4.1,9,7,49,0.55,0.45,20,7,35.0,2.18,0.76,0.25,0.71,13.2,0,0.19,1.6,1.6,125,173,72.3,1721,228,0.4,-0.7,6,4,0,0,155,17,0,0,3,0,1,0,0,0,0,1,5,15,1.64,8,0,2,2,1,2,3,0.33,10,5,3,5,2,6,66.7,2,7,0,7,1,11,7,0,301,8,22,133,150,41,301,25,11,44.0,12,48.0,175,940,274,8,3,41,24,229,52,24.1,71.0,2,7,26.0,2,1.69,13,13,0,0.0,0.35,11.3,10.9,0.4,0.05,0,29,16,13,0,0,0,14,23,19,54.8,FWD,337715.0,exact,337715.0,2025-06-09,5000000.0,337715,1997-02-02,Nigeria,2028-06-30,191.0,right,27.912388774811774,41.9185282522996,15.424948670398354,779.1014471162383,Peak,False,False,True,False,False,NGA,CAF,False,True,False,False,False,False
Osame Sahraoui,ma MAR,"FW,MF",Lille,fr Ligue 1,23.0,2001.0,30,10,1293,14.4,3,3,6,3,0,0,1,0,2.9,2.9,3.6,6.5,69,89,159,0.42,0.45,23,8,34.8,1.6,0.56,0.13,0.38,15.6,0,0.13,0.1,0.1,515,614,83.9,7130,2046,4.3,-0.6,29,47,41,3,597,14,3,6,0,12,10,1,0,0,0,3,23,67,4.66,57,1,5,3,1,0,6,0.42,13,9,4,4,5,8,37.5,5,14,1,13,7,20,8,1,804,11,58,300,456,67,804,79,35,44.3,43,54.4,535,3452,1750,39,23,39,23,631,43,42.3,73.0,1,20,28.0,1,1.77,23,9,14,0.97,0.87,22.9,16.2,6.7,0.47,0,8,12,1,0,0,0,58,0,8,0.0,FWD,580657.0,exact,580657.0,2025-06-03,12000000.0,580657,2001-06-11,Morocco,2029-06-30,170.0,right,23.55920602327173,53.90932982917214,16.300417291085605,555.036188446963,Developing,False,False,False,True,False,MAR,CAF,False,True,False,False,False,False
Wesley Saïd,fr FRA,FW,Lens,fr Ligue 1,29.0,1995.0,24,11,905,10.1,3,0,3,3,0,0,4,0,3.2,3.2,1.0,4.2,16,24,53,0.3,0.42,17,7,41.2,1.69,0.7,0.18,0.43,11.2,0,0.19,-0.2,-0.2,193,248,77.8,2430,495,1.0,-1.0,9,11,12,0,227,20,2,2,1,8,2,0,0,0,0,1,3,27,2.69,18,0,5,1,2,1,0,0.0,16,11,3,10,3,13,46.2,7,6,0,6,2,18,2,0,325,3,21,151,156,41,325,19,9,47.4,10,52.6,185,884,419,10,8,18,9,239,38,29.6,67.0,0,13,13.0,2,1.5,11,11,0,0.0,-0.13,12.5,14.4,-1.9,-0.19,0,22,4,7,0,0,0,17,10,16,38.5,FWD,182916.0,exact,182916.0,2025-06-03,3000000.0,182916,1995-04-19,France,2026-06-30,171.0,right,29.7056810403833,17.904073587385017,14.914123179965662,882.4274860729879,Peak,False,False,False,True,False,FRA,UEFA,False,False,False,False,False,True
Bukayo Saka,eng ENG,"FW,MF",Arsenal,eng Premier League,22.0,2001.0,25,20,1729,19.2,6,10,16,5,1,1,3,0,6.8,6.0,7.6,13.7,96,70,255,0.78,0.75,66,22,33.3,3.44,1.15,0.08,0.23,15.6,1,0.09,-0.8,-1.0,552,731,75.5,8408,2487,7.8,2.4,58,15,38,12,644,83,7,4,2,117,12,64,56,0,2,4,21,117,6.09,71,20,12,10,4,0,23,1.2,29,15,9,11,9,24,54.2,11,22,0,22,3,32,8,0,979,6,57,216,715,162,978,90,41,45.6,37,41.1,628,4253,2460,32,51,34,40,711,69,50.6,79.0,7,5,32.0,0,1.96,38,21,17,0.88,-0.07,34.8,17.6,17.3,0.9,0,15,39,7,1,0,0,70,10,20,33.3,FWD,433177.0,exact,433177.0,2025-05-30,150000000.0,433177,2001-09-05,England,2030-06-30,178.0,left,23.32375085557837,65.90013140604468,18.826145858727198,543.9973539730928,Developing,False,True,False,False,False,ENG,UEFA,False,False,False,False,False,True
Ibrahim Salah,ma MAR,FW,Brest,fr Ligue 1,22.0,2001.0,12,4,358,4.0,1,1,2,1,0,0,0,0,0.6,0.6,0.6,1.1,15,7,40,0.5,0.29,13,4,30.8,3.27,1.01,0.08,0.25,19.7,0,0.04,0.4,0.4,88,129,68.2,1255,239,0.4,0.4,6,2,2,2,127,1,0,0,1,15,0,1,0,1,0,1,7,11,2.76,8,0,2,1,0,0,2,0.5,4,2,1,1,2,6,16.7,5,2,0,2,2,6,0,0,186,0,15,81,94,16,186,25,9,36.0,16,64.0,124,780,423,8,6,12,6,138,30,11.7,59.0,1,8,15.0,7,1.08,5,7,-2,-0.5,-0.34,3.6,9.4,-5.8,-1.45,0,6,3,2,0,0,0,20,1,3,25.0,FWD,928323.0,exact,928323.0,2025-06-03,3000000.0,928323,2001-08-30,Morocco,2029-06-30,186.0,right,23.340177960301162,53.90932982917214,14.914123179965662,544.7639072185281,Developing,False,False,False,True,False,MAR,CAF,False,True,False,False,False,False
Mohamed Salah,eg EGY,FW,Liverpool,eng Premier League,32.0,1992.0,38,38,3371,37.5,29,18,47,20,9,9,1,0,25.2,18.2,14.2,32.4,154,144,488,1.01,1.05,121,50,41.3,3.23,1.33,0.17,0.4,14.5,1,0.15,3.8,1.8,892,1263,70.6,13343,3919,9.1,3.8,88,53,93,15,1227,30,7,19,3,79,23,0,0,0,0,6,62,169,4.51,123,2,22,14,5,3,27,0.72,21,11,7,5,9,17,47.1,9,12,0,12,9,30,5,0,1695,11,97,500,1119,356,1686,137,58,42.3,72,52.6,1149,6973,3695,59,126,116,67,1407,89,98.6,89.0,29,0,,0,2.21,85,40,45,1.2,1.2,81.6,38.1,43.5,1.16,0,25,39,18,0,0,0,101,9,14,39.1,FWD,148455.0,exact,148455.0,2025-05-30,50000000.0,148455,1992-06-15,Egypt,2027-06-30,175.0,left,32.54757015742642,29.894875164257556,17.72753358339242,1059.3443231525948,Declining,False,True,False,False,False,EGY,CAF,False,True,False,False,False,False
Amine Salama,fr FRA,FW,Reims,fr Ligue 1,24.0,2000.0,17,2,373,4.1,0,0,0,0,0,0,0,0,0.7,0.7,0.3,1.0,12,9,28,0.0,0.25,9,3,33.3,2.17,0.72,0.0,0.0,16.3,1,0.08,-0.7,-0.7,62,82,75.6,976,197,0.2,-0.3,5,5,2,0,75,7,0,0,2,4,0,0,0,0,0,0,4,8,1.93,5,0,0,2,0,1,0,0.0,3,2,0,2,1,3,0.0,3,2,1,1,1,4,0,0,132,1,9,56,73,22,132,17,7,41.2,10,58.8,81,639,252,9,5,18,9,96,22,12.2,68.0,0,15,16.0,2,1.29,4,7,-3,-0.72,-0.36,5.3,7.9,-2.6,-0.63,0,2,1,5,0,0,0,11,2,3,40.0,FWD,980576.0,exact,980576.0,2025-06-17,1500000.0,980576,2000-07-18,France,2026-06-30,192.0,right,24.45722108145106,17.904073587385017,14.220976332738882,598.1556630269741,Developing,False,False,False,True,False,FRA,UEFA,False,False,False,False,False,True
Antonio Sanabria,py PAR,FW,Torino,it Serie A,28.0,1996.0,26,16,1318,14.6,2,1,3,2,0,1,2,0,2.9,2.1,0.5,2.6,6,18,54,0.2,0.23,18,4,22.2,1.23,0.27,0.11,0.5,15.1,0,0.12,-0.9,-0.1,210,268,78.4,2844,451,0.7,0.5,9,13,3,0,256,11,1,2,1,0,1,0,0,0,0,1,2,21,1.44,14,1,0,3,3,0,3,0.21,3,3,1,1,1,4,25.0,3,6,1,5,1,4,13,0,377,16,43,199,140,34,376,11,6,54.5,5,45.5,227,898,220,6,1,32,23,301,51,38.5,73.0,6,10,16.0,10,1.12,10,15,-5,-0.34,-0.3,11.6,18.3,-6.7,-0.46,0,16,13,1,1,0,0,24,26,58,31.0,FWD,234523.0,exact,234523.0,2025-06-17,2800000.0,234523,1996-03-04,Paraguay,2028-06-30,180.0,right,28.829568788501028,41.9185282522996,14.845130332288226,831.1440365309127,Peak,False,False,False,False,True,PAR,CONMEBOL,False,False,False,True,False,False
Alexis Sánchez,cl CHI,FW,Udinese,it Serie A,35.0,1988.0,13,6,437,4.9,0,0,0,0,0,0,0,0,0.8,0.8,0.2,1.0,2,19,19,0.0,0.2,7,0,0.0,1.44,0.0,0.0,,15.9,0,0.12,-0.8,-0.8,125,163,76.7,1951,551,0.3,-0.2,3,11,5,0,151,11,4,1,2,8,0,6,4,0,0,1,4,18,3.71,13,1,0,2,2,0,0,0.0,3,1,0,2,1,7,14.3,6,5,0,5,4,7,1,1,211,3,16,97,101,14,211,7,4,57.1,2,28.6,121,476,145,4,0,17,8,161,34,12.8,58.0,0,7,13.0,7,1.15,5,6,-1,-0.21,0.22,5.8,3.6,2.2,0.45,0,4,11,4,0,0,0,17,2,12,14.3,FWD,40433.0,exact,40433.0,2025-06-17,1500000.0,40433,1988-12-19,Chile,2026-06-30,169.0,right,36.035592060232716,17.904073587385017,14.220976332738882,1298.5638951315073,Declining,False,False,False,False,True,CHI,CONMEBOL,False,False,False,True,False,False
Jadon Sancho,eng ENG,FW,Chelsea,eng Premier League,24.0,2000.0,31,19,1764,19.6,3,4,7,3,0,0,2,0,2.2,2.2,3.7,5.8,102,90,225,0.36,0.3,24,8,33.3,1.22,0.41,0.13,0.38,15.1,0,0.09,0.8,0.8,663,803,82.6,8932,2093,3.1,0.3,38,28,48,0,791,11,1,7,1,25,9,1,1,0,0,1,24,70,3.57,63,0,3,1,3,0,10,0.51,13,7,3,3,7,12,41.7,7,11,0,11,2,15,8,2,975,13,117,283,585,121,975,97,45,46.4,40,41.2,653,4450,2435,35,57,30,21,760,57,51.6,76.0,7,12,27.0,1,1.84,35,24,11,0.56,0.02,35.6,23.5,12.1,0.62,0,6,11,6,2,0,0,99,6,11,35.3,FWD,401173.0,exact,401173.0,2025-05-30,28000000.0,401173,2000-03-25,England,2026-06-30,180.0,right,24.772073921971252,17.904073587385017,17.147715103853763,613.6556463956082,Developing,False,True,False,False,False,ENG,UEFA,False,False,False,False,False,True
Leroy Sané,de GER,FW,Bayern Munich,de Bundesliga,28.0,1996.0,30,17,1637,18.2,11,5,16,11,0,0,2,0,10.2,10.2,5.5,15.8,75,64,266,0.88,0.87,67,29,43.3,3.68,1.59,0.16,0.38,16.6,2,0.15,0.8,0.8,750,909,82.5,10629,1878,6.1,-0.5,36,24,35,7,865,42,3,5,2,51,8,15,6,0,0,2,28,76,4.18,55,1,8,5,5,2,9,0.49,23,15,4,8,11,23,52.2,11,8,0,8,7,30,3,0,1184,8,68,399,736,121,1184,100,39,39.0,55,55.0,787,5003,2266,47,38,65,27,953,55,53.5,79.0,7,13,23.0,2,2.4,53,21,32,1.76,-0.45,44.7,13.0,31.7,1.74,0,16,25,6,1,0,0,82,7,6,53.8,FWD,192565.0,exact,192565.0,2025-06-05,32000000.0,192565,1996-01-11,Germany,2028-06-30,183.0,left,28.974674880219027,41.9185282522996,17.281246492014,839.5317844143955,Peak,True,False,False,False,False,GER,UEFA,False,False,False,False,False,True
Maroan Sannadi,ma MAR,FW,Athletic Club,es La Liga,23.0,2001.0,16,7,754,8.4,1,1,2,1,0,0,0,0,3.5,3.5,0.6,4.1,21,15,67,0.24,0.48,19,7,36.8,2.27,0.84,0.05,0.14,15.1,0,0.18,-2.5,-2.5,115,159,72.3,1558,325,0.7,0.4,7,13,8,0,156,3,0,1,0,6,0,0,0,0,0,0,9,16,1.91,8,0,4,2,2,0,2,0.24,5,0,1,4,0,7,28.6,5,1,0,1,1,6,2,1,282,2,12,128,145,44,282,30,14,46.7,13,43.3,198,1096,512,7,9,41,18,237,47,22.0,75.0,1,9,25.0,1,1.81,13,7,6,0.72,0.07,11.8,8.1,3.7,0.44,0,20,30,7,1,0,0,24,14,17,45.2,FWD,1054934.0,exact,1054934.0,2025-06-09,10000000.0,1054934,2001-02-01,Morocco,2029-06-30,192.0,right,23.915126625598905,53.90932982917214,16.118095750958314,571.9332815184297,Developing,False,False,True,False,False,MAR,CAF,False,True,False,False,False,False
Amin Sarr,se SWE,FW,Hellas Verona,it Serie A,23.0,2001.0,32,25,1907,21.2,4,1,5,4,0,0,1,0,3.2,3.2,2.1,5.4,31,41,103,0.24,0.25,23,7,30.4,1.09,0.33,0.17,0.57,14.3,0,0.15,0.8,0.8,322,460,70.0,4253,808,1.0,-1.1,22,26,16,2,435,24,0,1,1,7,2,0,0,0,0,1,16,45,2.13,35,0,3,5,2,0,4,0.19,22,12,3,8,11,10,50.0,5,18,3,15,3,25,14,0,681,21,54,302,328,58,681,33,14,42.4,18,54.5,345,1701,712,13,11,57,26,495,60,55.8,71.0,3,7,20.0,4,0.88,14,35,-21,-0.99,-0.34,14.3,30.6,-16.3,-0.77,0,47,20,13,0,1,0,42,65,91,41.7,FWD,748382.0,exact,748382.0,2025-06-17,5000000.0,748382,2001-03-11,Sweden,2029-06-30,188.0,right,23.811088295687885,53.90932982917214,15.424948670398354,566.9679258250445,Developing,False,False,False,False,True,SWE,UEFA,False,False,False,False,False,True
Sávio,br BRA,"FW,MF",Manchester City,eng Premier League,20.0,2004.0,29,21,1766,19.6,1,8,9,1,0,0,3,0,5.0,5.0,6.9,11.9,137,67,246,0.46,0.61,55,21,38.2,2.8,1.07,0.02,0.05,17.6,1,0.09,-4.0,-4.0,692,856,80.8,10296,1727,6.1,1.1,46,19,47,8,824,32,4,5,7,84,9,18,10,2,0,0,33,111,5.66,80,2,15,4,7,3,15,0.76,23,17,5,10,8,19,52.6,9,14,2,12,6,29,9,1,1095,14,55,286,774,154,1095,113,52,46.0,40,35.4,783,6489,3559,45,75,42,38,852,61,51.6,79.0,7,8,13.0,7,1.69,32,25,7,0.36,-0.79,36.1,21.0,15.1,0.77,0,17,28,3,2,0,0,79,1,2,33.3,FWD,607093.0,exact,607093.0,2024-06-06,200000.0,607093,1995-05-26,Brazil,2025-06-30,173.0,left,29.60438056125941,5.913272010512483,12.206077645517674,876.4193484158741,Peak,False,True,False,False,False,BRA,CONMEBOL,False,False,False,True,False,False
Kevin Schade,de GER,FW,Brentford,eng Premier League,22.0,2001.0,38,26,2293,25.5,11,2,13,11,0,0,3,0,8.2,8.2,3.7,11.9,61,38,165,0.51,0.47,55,27,49.1,2.16,1.06,0.2,0.41,11.5,0,0.15,2.8,2.8,323,541,59.7,4930,1389,1.8,-1.7,23,32,11,3,483,57,0,1,4,38,54,0,0,0,0,1,20,57,2.24,35,6,6,4,5,1,9,0.35,39,25,17,10,12,23,56.5,10,19,4,15,5,44,34,0,883,43,154,238,507,146,883,89,30,33.7,52,58.4,434,3086,1357,28,38,60,36,543,60,67.0,79.0,6,12,21.0,0,1.47,45,34,11,0.43,0.59,41.8,30.3,11.5,0.45,0,21,38,13,1,0,0,83,90,80,52.9,FWD,473050.0,exact,473050.0,2025-05-30,30000000.0,473050,2001-11-27,Germany,2028-06-30,185.0,right,23.096509240246405,41.9185282522996,17.216707972959764,533.4487390847876,Developing,False,True,False,False,False,GER,UEFA,False,False,False,False,False,True
Patrik Schick,cz CZE,FW,Leverkusen,de Bundesliga,28.0,1996.0,31,19,1684,18.7,21,0,21,20,1,1,4,0,12.7,11.9,0.6,12.5,7,21,107,1.07,0.71,68,32,47.1,3.63,1.71,0.29,0.63,11.8,0,0.17,8.3,8.1,287,368,78.0,3565,473,0.9,-0.6,11,11,6,0,353,14,0,0,0,1,1,0,0,0,0,1,9,34,1.82,22,0,4,3,5,0,3,0.16,6,5,1,3,2,5,20.0,4,9,1,8,4,10,17,1,578,16,52,244,287,108,577,26,10,38.5,14,53.8,312,1042,266,2,7,43,30,452,54,55.0,77.0,8,12,18.0,2,2.0,47,27,20,1.07,0.48,30.7,20.2,10.5,0.56,0,24,23,7,1,0,0,29,45,55,45.0,FWD,242086.0,exact,242086.0,2025-06-05,27000000.0,242086,1996-01-24,Czech Republic,2030-06-30,191.0,left,28.93908281998631,65.90013140604468,17.11134746100564,837.4705144620268,Peak,True,False,False,False,False,CZE,UEFA,False,False,False,False,False,True
Léo Scienza,br BRA,"FW,MF",Heidenheim,de Bundesliga,25.0,1998.0,25,13,1153,12.8,3,3,6,3,0,0,1,0,2.0,2.0,3.7,5.8,70,30,90,0.47,0.45,38,15,39.5,2.97,1.17,0.08,0.2,21.7,4,0.05,1.0,1.0,262,395,66.3,4508,1847,4.1,-0.7,34,30,14,8,294,100,41,1,1,81,23,31,12,16,0,1,13,82,6.39,31,20,10,3,18,0,7,0.55,17,12,10,5,2,18,38.9,11,13,1,12,5,22,9,1,584,8,71,248,286,44,584,83,37,44.6,35,42.2,368,3423,2126,40,17,41,13,369,46,37.7,61.0,2,12,30.0,6,0.6,14,27,-13,-1.01,-0.35,16.1,18.8,-2.7,-0.21,0,16,63,5,0,0,0,53,3,13,18.8,FWD,804219.0,exact,804219.0,2025-06-05,3000000.0,804219,1998-09-13,Brazil,2029-06-30,175.0,both,26.302532511978097,53.90932982917214,14.914123179965662,691.8232165436648,Peak,True,False,False,False,False,BRA,CONMEBOL,False,False,False,True,False,False
Antoine Semenyo,gh GHA,FW,Bournemouth,eng Premier League,24.0,2000.0,37,36,3203,35.6,11,5,16,11,0,0,9,0,10.0,10.0,5.8,15.8,140,109,282,0.45,0.44,125,40,32.0,3.51,1.12,0.09,0.28,17.0,0,0.08,1.0,1.0,821,1119,73.4,11674,2915,4.3,-0.8,46,49,45,8,1049,60,4,9,6,59,53,3,0,1,0,10,40,132,3.71,85,4,21,15,5,2,13,0.37,55,35,17,25,13,43,37.2,27,67,9,58,11,66,39,2,1653,46,206,573,909,191,1653,135,69,51.1,57,42.2,979,7353,3581,69,67,84,77,1140,87,93.7,88.0,28,1,26.0,0,1.43,53,41,12,0.34,0.34,57.8,43.8,14.0,0.39,0,73,37,15,1,0,0,158,66,76,46.5,FWD,583255.0,exact,583255.0,2025-05-30,40000000.0,583255,2000-01-07,Ghana,2031-06-30,185.0,right,24.985626283367555,77.8909329829172,17.50439003707821,624.2815207721076,Developing,False,True,False,False,False,GHA,CAF,False,True,False,False,False,False
Benjamin Šeško,si SVN,"FW,MF",RB Leipzig,de Bundesliga,21.0,2003.0,33,30,2380,26.4,13,5,18,11,2,2,2,1,10.0,8.4,2.1,10.5,47,46,141,0.61,0.46,66,29,43.9,2.5,1.1,0.17,0.38,17.5,0,0.13,3.0,2.6,415,614,67.6,5132,1145,1.7,2.9,19,25,9,0,590,21,1,3,1,7,3,0,0,0,0,3,26,51,1.93,31,0,11,7,2,0,9,0.34,7,3,0,4,3,11,27.3,8,15,4,11,5,12,20,0,901,25,90,473,357,91,899,75,39,52.0,32,42.7,444,2670,1230,29,14,66,55,692,72,77.8,78.0,9,3,18.0,0,1.52,41,34,7,0.26,0.53,33.6,39.0,-5.3,-0.2,1,26,20,18,0,0,0,62,70,49,58.8,FWD,627442.0,exact_accent_stripped,627442.0,2025-06-05,70000000.0,627442,2003-05-31,Slovenia,2030-06-30,195.0,right,21.590691307323752,65.90013140604468,18.064005814299346,466.15795112814544,Emerging,True,False,False,False,False,SVN,UEFA,False,False,False,False,False,True
Ryan Sessegnon,eng ENG,"FW,DF",Fulham,eng Premier League,24.0,2000.0,16,7,580,6.4,4,2,6,4,0,0,1,0,1.6,1.6,1.1,2.7,18,22,59,0.93,0.42,14,8,57.1,2.17,1.24,0.29,0.5,12.8,0,0.12,2.4,2.4,189,241,78.4,2728,859,1.1,0.9,12,18,7,2,226,15,0,0,0,16,13,1,0,0,0,0,9,24,3.72,20,0,1,2,1,0,4,0.62,27,13,11,11,5,20,45.0,11,13,1,12,3,30,18,0,363,15,88,131,149,45,363,21,8,38.1,10,47.6,180,1054,549,14,10,19,8,210,36,17.0,73.0,1,9,7.0,16,1.56,13,10,3,0.47,0.56,9.3,8.1,1.3,0.19,0,20,4,1,0,0,0,30,8,11,42.1,FWD,392775.0,exact,392775.0,2025-05-30,15000000.0,392775,2000-05-18,England,2027-06-30,178.0,left,24.62422997946612,29.894875164257556,16.52356082573315,606.352702081638,Developing,False,True,False,False,False,ENG,UEFA,False,False,False,False,False,True
Eldor Shomurodov,uz UZB,"FW,MF",Roma,it Serie A,29.0,1995.0,27,11,1097,12.2,4,4,8,4,0,0,1,0,4.7,4.7,1.3,6.1,19,21,62,0.66,0.5,29,13,44.8,2.38,1.07,0.14,0.31,11.9,0,0.16,-0.7,-0.7,215,286,75.2,2887,467,1.4,2.7,17,10,6,0,280,6,0,1,2,6,0,0,0,0,0,0,14,32,2.62,27,0,0,4,0,1,7,0.57,14,6,2,7,5,6,50.0,3,10,1,9,3,17,5,0,446,5,33,182,236,52,446,28,8,28.6,19,67.9,246,1197,515,17,9,49,19,333,41,32.1,72.0,1,16,19.0,10,2.04,20,10,10,0.82,0.39,16.5,10.9,5.6,0.46,0,14,7,3,0,0,0,36,26,38,40.6,FWD,358166.0,exact,358166.0,2025-06-17,5000000.0,358166,1995-06-29,Uzbekistan,2029-06-30,190.0,right,29.51129363449692,53.90932982917214,15.424948670398354,870.9164519814984,Peak,False,False,False,False,True,UZB,AFC,True,False,False,False,False,False
Armindo Sieb,de GER,"FW,MF",Mainz 05,de Bundesliga,21.0,2003.0,27,5,762,8.5,2,2,4,2,0,0,2,0,2.8,2.8,1.1,3.9,28,18,64,0.47,0.47,29,7,24.1,3.43,0.83,0.07,0.29,16.3,0,0.1,-0.8,-0.8,136,195,69.7,1814,544,0.6,0.9,8,12,8,2,185,8,0,1,0,6,2,0,0,0,0,2,6,17,2.0,10,0,2,4,1,0,4,0.47,10,4,4,5,1,10,30.0,7,4,0,4,1,11,7,0,333,4,33,147,156,46,333,36,11,30.6,24,66.7,184,1187,551,7,8,33,25,238,28,24.9,55.0,0,22,22.0,7,1.56,14,10,4,0.47,0.16,11.7,13.0,-1.3,-0.15,0,13,13,10,0,0,0,29,15,25,37.5,FWD,569033.0,exact,569033.0,2025-06-05,3000000.0,569033,2003-02-17,Germany,2026-06-30,175.0,both,21.872689938398356,17.904073587385017,14.914123179965662,478.41456514131266,Emerging,True,False,False,False,False,GER,UEFA,False,False,False,False,False,True
André Silva,pt POR,FW,Werder Bremen,de Bundesliga,28.0,1995.0,7,4,375,4.2,1,0,1,0,1,2,1,0,2.6,1.0,0.4,1.4,6,10,28,0.0,0.71,12,5,41.7,2.88,1.2,0.0,0.0,16.6,0,0.08,-1.6,-1.0,82,116,70.7,1137,188,0.6,-0.4,5,3,6,1,99,14,1,1,0,4,1,0,0,0,0,3,8,15,3.6,11,0,1,2,1,0,1,0.24,2,2,1,1,0,1,0.0,1,3,1,2,0,2,3,0,176,4,11,78,89,26,174,16,1,6.3,12,75.0,103,529,199,6,4,13,9,124,54,12.3,71.0,0,3,30.0,7,0.86,4,12,-8,-1.92,-2.09,6.8,9.3,-2.5,-0.61,0,4,7,2,0,0,0,10,12,12,50.0,FWD,198008.0,exact,198008.0,2025-06-05,4000000.0,198008,1995-11-06,Portugal,2026-06-30,186.0,right,29.155373032169745,17.904073587385017,15.201805169084134,850.0357766449708,Peak,True,False,False,False,False,POR,UEFA,False,False,False,False,False,True
Fábio Silva,pt POR,FW,Las Palmas,es La Liga,22.0,2002.0,24,22,1866,20.7,10,3,13,8,2,3,7,0,8.8,6.4,2.0,8.4,30,26,119,0.53,0.52,46,20,43.5,2.22,0.96,0.17,0.4,14.8,0,0.14,1.2,1.6,309,466,66.3,4149,710,1.8,1.0,16,13,14,3,421,44,1,3,3,21,5,0,0,0,0,1,24,43,2.08,30,0,4,3,5,1,5,0.24,12,7,4,5,3,14,28.6,10,12,0,12,4,16,27,0,706,32,69,311,335,101,703,53,21,39.6,29,54.7,330,1969,810,11,21,58,30,491,78,54.6,82.0,9,2,37.0,0,1.21,27,33,-6,-0.29,0.58,19.2,39.8,-20.6,-0.99,0,39,43,20,0,0,0,48,51,52,49.5,FWD,505653.0,exact,505653.0,2025-06-09,20000000.0,505653,2002-07-19,Portugal,2030-06-30,185.0,right,22.455852156057496,65.90013140604468,16.811242881518265,504.2652960547121,Developing,False,False,True,False,False,POR,UEFA,False,False,False,False,False,True
Jota Silva,pt POR,"FW,MF",Nott'ham Forest,eng Premier League,24.0,1999.0,31,5,854,9.5,3,1,4,3,0,0,5,0,2.1,2.1,2.9,5.0,21,18,59,0.42,0.53,23,7,30.4,2.42,0.74,0.13,0.43,14.5,0,0.09,0.9,0.9,118,196,60.2,1692,471,1.8,-1.9,14,4,9,3,191,3,0,1,1,21,2,1,0,0,0,2,12,29,3.06,22,0,1,3,3,0,3,0.32,27,14,12,13,2,27,22.2,21,9,1,8,12,39,17,0,357,19,83,104,181,46,357,34,10,29.4,15,44.1,175,1153,632,13,9,24,12,202,28,25.0,68.0,0,26,20.0,6,1.71,16,16,0,0.0,-0.42,14.9,12.6,2.4,0.25,0,24,23,8,1,0,0,43,21,30,41.2,FWD,663244.0,exact,663244.0,2025-05-30,15000000.0,663244,1999-08-01,Portugal,2026-06-30,179.0,right,25.420944558521562,17.904073587385017,16.52356082573315,646.224422247427,Developing,False,True,False,False,False,POR,UEFA,False,False,False,False,False,True
Abdallah Sima,sn SEN,"FW,MF",Brest,fr Ligue 1,23.0,2001.0,27,14,1238,13.8,7,2,9,7,0,0,2,0,5.9,5.9,1.0,6.9,36,24,92,0.65,0.5,37,18,48.6,2.69,1.31,0.19,0.39,13.1,0,0.16,1.1,1.1,231,332,69.6,3140,660,0.9,1.0,13,13,6,1,327,5,2,0,1,16,3,0,0,0,0,0,15,28,2.04,20,0,1,4,3,0,3,0.22,15,11,2,5,8,11,36.4,7,9,1,8,1,16,9,0,510,10,66,194,256,66,510,23,6,26.1,13,56.5,299,1998,711,16,20,53,22,378,46,40.5,66.0,1,13,24.0,1,1.44,22,30,-8,-0.58,-0.63,19.8,24.1,-4.3,-0.31,0,16,25,4,0,0,0,61,41,44,48.2,FWD,776798.0,exact,776798.0,2025-06-03,9000000.0,776798,2001-06-17,Senegal,2029-06-30,188.0,right,23.54277891854894,53.90932982917214,16.012735246411598,554.2624392076724,Developing,False,False,False,True,False,SEN,CAF,False,True,False,False,False,False
Giovanni Simeone,ar ARG,FW,Napoli,it Serie A,29.0,1995.0,30,1,419,4.7,1,1,2,1,0,0,1,0,2.6,2.6,0.8,3.4,11,7,30,0.43,0.73,13,3,23.1,2.79,0.64,0.08,0.33,16.0,0,0.2,-1.6,-1.6,79,113,69.9,988,151,0.3,0.2,8,5,2,0,110,3,0,1,1,3,0,0,0,0,0,0,6,12,2.59,9,0,1,1,1,0,2,0.43,2,0,0,1,1,6,16.7,5,9,2,7,1,3,6,0,194,8,20,84,95,22,194,12,6,50.0,6,50.0,110,633,285,9,3,21,14,144,14,12.3,78.0,0,29,12.0,8,2.2,6,5,1,0.21,-0.71,7.6,3.1,4.5,0.98,0,7,16,2,0,0,0,25,8,34,19.0,FWD,282388.0,exact,282388.0,2025-06-17,5000000.0,282388,1995-07-05,Argentina,2028-06-30,180.0,right,29.49486652977413,41.9185282522996,15.424948670398354,869.9471516091902,Peak,False,False,False,False,True,ARG,CONMEBOL,False,False,False,True,False,False
Moses Simon,ng NGA,"FW,MF",Nantes,fr Ligue 1,29.0,1995.0,32,31,2609,29.0,8,10,18,4,4,4,2,0,5.8,2.7,6.7,9.4,147,59,222,0.48,0.43,40,13,32.5,1.38,0.45,0.1,0.31,19.6,2,0.07,2.2,1.3,505,815,62.0,8898,2519,5.7,3.3,56,27,41,24,692,123,27,5,1,222,23,67,35,24,0,0,48,108,3.73,55,20,20,6,6,1,15,0.52,20,14,4,7,9,22,31.8,15,11,0,11,12,32,13,0,1131,10,111,379,669,129,1127,147,65,44.2,77,52.4,731,6203,3281,81,60,67,55,778,82,85.3,83.0,13,1,21.0,0,1.09,34,40,-6,-0.21,1.19,32.6,44.1,-11.5,-0.4,0,11,51,9,1,0,0,118,10,38,20.8,FWD,274862.0,exact,274862.0,2025-06-03,12000000.0,274862,1995-07-12,Nigeria,2028-06-30,168.0,right,29.475701574264203,41.9185282522996,16.300417291085605,868.8169832950812,Peak,False,False,False,True,False,NGA,CAF,False,True,False,False,False,False
Danel Sinani,lu LUX,"FW,MF",St. Pauli,de Bundesliga,27.0,1997.0,26,14,1250,13.9,2,2,4,2,0,0,3,0,1.7,1.7,3.0,4.6,16,60,64,0.29,0.33,35,12,34.3,2.52,0.86,0.06,0.17,21.5,3,0.05,0.3,0.3,390,546,71.4,6196,2012,2.5,-1.0,24,45,16,3,452,90,11,5,2,67,4,54,31,16,0,4,12,60,4.32,32,18,1,5,3,1,4,0.29,14,11,2,7,5,14,42.9,8,12,1,11,1,15,13,0,693,11,61,336,302,30,693,22,10,45.5,9,40.9,297,1440,630,15,6,31,16,433,48,40.8,81.0,1,12,10.0,7,0.96,10,18,-8,-0.58,-0.33,16.9,18.9,-2.0,-0.14,0,25,14,4,0,0,0,52,10,32,23.8,FWD,346499.0,exact,346499.0,2025-06-05,1500000.0,346499,1997-04-05,Luxembourg,2026-06-30,185.0,left,27.742642026009584,17.904073587385017,14.220976332738882,769.6541865833132,Peak,True,False,False,False,False,LUX,UEFA,False,False,False,False,False,True
Lassine Sinayoko,ml MLI,"FW,MF",Auxerre,fr Ligue 1,24.0,1999.0,34,25,2299,25.5,5,8,13,4,1,1,5,0,6.5,5.7,5.5,11.3,53,62,193,0.47,0.47,60,16,26.7,2.35,0.63,0.07,0.25,16.1,0,0.1,-1.5,-1.7,528,688,76.7,7014,1529,3.4,2.5,37,28,17,3,653,32,2,5,0,25,3,1,0,0,0,3,26,96,3.76,68,1,12,9,5,1,20,0.78,33,20,10,14,9,23,47.8,12,16,2,14,13,46,38,0,993,35,148,390,465,127,992,73,28,38.4,41,56.2,576,3080,1441,30,28,51,43,690,68,75.1,82.0,9,9,28.0,0,1.24,39,42,-3,-0.12,-0.12,30.8,45.4,-14.6,-0.57,0,36,33,13,2,0,0,76,27,64,29.7,FWD,569140.0,exact,569140.0,2025-06-03,4000000.0,569140,1999-12-08,Mali,2027-06-30,186.0,right,25.06776180698152,29.894875164257556,15.201805169084134,628.3926820115613,Developing,False,False,False,True,False,MLI,CAF,False,True,False,False,False,False
Tim Skarke,de GER,"FW,MF",Union Berlin,de Bundesliga,27.0,1996.0,33,11,1164,12.9,0,2,2,0,0,0,1,0,2.1,2.1,1.2,3.3,26,25,96,0.15,0.25,20,9,45.0,1.55,0.7,0.0,0.0,18.5,0,0.1,-2.1,-2.1,243,347,70.0,3324,789,1.2,0.8,16,12,15,9,338,8,1,0,2,29,3,0,0,0,0,1,15,34,2.63,26,0,2,3,3,0,4,0.31,14,11,5,8,1,19,52.6,9,7,0,7,5,19,17,0,487,10,71,204,216,31,487,24,10,41.7,13,54.2,293,1433,566,13,10,34,21,336,35,38.0,58.0,0,22,24.0,1,1.21,12,19,-7,-0.54,-0.11,11.6,17.9,-6.3,-0.49,0,10,15,10,0,0,0,56,10,40,20.0,FWD,287920.0,exact,287920.0,2025-06-05,2000000.0,287920,1996-09-07,Germany,,181.0,right,28.317590691307323,,14.508658238524095,801.8859425604152,Peak,True,False,False,False,False,GER,UEFA,False,False,False,False,False,True
Andreas Skov Olsen,dk DEN,"FW,MF",Wolfsburg,de Bundesliga,24.0,1999.0,12,4,535,5.9,1,1,2,1,0,0,0,0,0.8,0.8,1.9,2.7,22,22,48,0.34,0.46,7,1,14.3,1.18,0.17,0.14,1.0,14.2,0,0.12,0.2,0.2,217,270,80.4,3677,768,1.3,-0.9,18,12,10,2,251,19,2,0,4,29,8,9,9,0,0,0,6,32,5.38,24,4,1,2,1,0,1,0.17,8,6,5,3,0,4,100.0,0,4,0,4,2,10,12,0,329,9,64,112,154,27,329,14,4,28.6,9,64.3,188,1102,570,11,7,7,5,226,45,17.5,75.0,1,8,29.0,4,1.17,9,9,0,0.0,-0.07,9.1,9.2,-0.1,-0.01,0,2,3,2,0,0,0,18,3,3,50.0,FWD,432982.0,exact,432982.0,2025-06-05,14000000.0,432982,1999-12-29,Denmark,2026-06-30,187.0,left,25.010266940451746,17.904073587385017,16.454567959008102,625.5134524326536,Developing,True,False,False,False,False,DEN,UEFA,False,False,False,False,False,True
Dominic Solanke,eng ENG,FW,Tottenham,eng Premier League,26.0,1997.0,27,25,2201,24.5,9,3,12,8,1,1,0,0,10.9,10.1,2.9,13.1,31,47,88,0.45,0.57,59,24,40.7,2.41,0.98,0.14,0.33,12.4,0,0.17,-1.9,-2.1,255,361,70.6,3429,944,1.2,0.1,14,28,9,0,321,38,0,3,1,4,2,0,0,0,0,2,15,37,1.51,25,0,0,9,2,1,8,0.33,18,11,1,12,5,16,25.0,12,20,9,11,1,19,23,0,655,33,74,299,288,112,654,51,17,33.3,31,60.8,385,2126,848,23,14,69,51,459,82,64.4,86.0,18,2,21.0,1,0.89,45,43,2,0.08,0.3,40.4,40.6,-0.2,-0.01,0,36,36,5,0,0,1,38,46,60,43.4,FWD,258889.0,exact,258889.0,2025-05-30,40000000.0,258889,1997-09-14,England,2030-06-30,186.0,right,27.299110198494184,65.90013140604468,17.50439003707821,745.2414176295291,Peak,False,True,False,False,False,ENG,UEFA,False,False,False,False,False,True
Ramón Sosa,py PAR,"FW,MF",Nott'ham Forest,eng Premier League,24.0,1999.0,19,1,295,3.3,1,0,1,1,0,0,1,0,1.0,1.0,0.5,1.5,12,6,17,0.31,0.45,11,5,45.5,3.36,1.53,0.09,0.2,18.6,0,0.09,0.0,0.0,66,97,68.0,1016,283,0.4,-0.5,8,2,5,3,86,10,2,0,1,8,4,4,2,1,0,1,2,14,4.23,11,0,2,1,0,0,0,0.0,5,3,3,0,2,5,20.0,4,9,0,9,4,9,5,0,154,6,36,48,77,15,154,13,8,61.5,5,38.5,75,601,333,7,5,6,5,81,16,8.6,67.0,0,18,13.0,13,1.58,3,5,-2,-0.61,-1.01,3.5,4.6,-1.0,-0.31,0,6,8,3,0,0,0,25,4,7,36.4,FWD,745191.0,exact,745191.0,2025-05-30,12000000.0,745191,1999-08-31,Paraguay,2030-06-30,178.0,right,25.338809034907598,65.90013140604468,16.300417291085605,642.055243307515,Developing,False,True,False,False,False,PAR,CONMEBOL,False,False,False,True,False,False
Florian Sotoca,fr FRA,"FW,MF",Lens,fr Ligue 1,33.0,1990.0,31,22,1794,19.9,1,1,2,1,0,0,2,1,4.6,4.6,1.5,6.1,44,105,170,0.1,0.31,47,18,38.3,2.36,0.9,0.02,0.06,14.7,0,0.1,-3.6,-3.6,732,996,73.5,10828,2837,2.9,-0.5,18,74,29,9,943,43,5,8,5,75,29,2,0,0,0,10,42,53,2.66,44,0,4,2,3,0,3,0.15,22,13,3,8,11,22,54.5,10,12,2,10,14,36,25,0,1186,25,105,546,544,89,1186,39,16,41.0,19,48.7,679,2942,1488,43,7,20,22,932,58,58.6,74.0,7,9,20.0,0,1.45,18,21,-3,-0.15,-0.58,30.4,26.2,4.2,0.21,0,15,20,6,0,0,0,79,43,26,62.3,FWD,354726.0,exact,354726.0,2025-06-03,2000000.0,354726,1990-10-25,France,2027-06-30,187.0,right,34.18754277891855,29.894875164257556,14.508658238524095,1168.7880812603858,Declining,False,False,False,True,False,FRA,UEFA,False,False,False,False,False,True
Riccardo Sottil,it ITA,"FW,MF",Fiorentina,it Serie A,25.0,1999.0,18,8,833,9.3,1,1,2,1,0,0,1,0,0.9,0.9,0.9,1.7,71,18,100,0.22,0.19,22,6,27.3,2.38,0.65,0.05,0.17,19.7,1,0.04,0.1,0.1,196,278,70.5,3011,484,1.0,0.1,12,5,12,4,265,12,3,1,0,41,4,5,2,0,0,1,8,35,3.78,23,0,5,3,4,0,4,0.43,5,4,3,1,1,4,75.0,1,1,0,1,4,9,3,0,356,2,35,118,217,41,356,27,11,40.7,9,33.3,272,2907,1868,31,27,21,8,285,46,24.4,77.0,2,10,22.0,4,1.61,13,12,1,0.11,-0.52,10.0,9.6,0.4,0.05,0,7,33,1,1,0,0,44,4,9,30.8,FWD,386455.0,exact,386455.0,2025-06-17,5000000.0,386455,1999-06-03,Italy,2026-06-30,180.0,right,25.582477754962355,17.904073587385017,15.424948670398354,654.4631680831437,Developing,False,False,False,False,True,ITA,UEFA,False,False,False,False,False,True
Issa Soumaré,sn SEN,"FW,MF",Le Havre,fr Ligue 1,23.0,2000.0,29,21,1902,21.1,5,4,9,5,0,0,0,0,3.8,3.8,3.1,6.9,61,45,144,0.43,0.33,43,19,44.2,2.03,0.9,0.12,0.26,16.5,2,0.09,1.2,1.2,339,554,61.2,5031,1198,1.9,0.9,28,17,16,4,544,6,2,1,4,42,3,0,0,0,0,4,21,52,2.46,36,0,3,5,7,1,9,0.43,25,14,8,10,7,49,26.5,36,19,4,15,16,41,32,0,839,30,132,354,379,87,839,57,16,28.1,34,59.6,495,3210,1559,40,13,62,32,596,66,62.2,82.0,12,8,23.0,1,1.07,28,39,-11,-0.52,1.03,25.1,37.6,-12.4,-0.59,0,17,60,4,0,0,0,98,84,56,60.0,FWD,568698.0,exact,568698.0,2025-06-03,2000000.0,568698,2000-10-10,Senegal,2026-06-30,184.0,right,24.227241615331966,17.904073587385017,14.508658238524095,586.9592362876731,Developing,False,False,False,True,False,SEN,CAF,False,True,False,False,False,False
Lucas Stassin,be BEL,FW,Saint-Étienne,fr Ligue 1,19.0,2004.0,28,23,1887,21.0,12,4,16,12,0,0,4,0,7.0,7.0,3.4,10.4,26,35,149,0.76,0.53,44,23,52.3,2.1,1.1,0.27,0.52,14.1,0,0.18,3.0,3.0,350,473,74.0,4654,669,3.1,0.6,18,13,12,1,408,63,0,5,1,19,0,0,0,0,0,2,23,34,1.7,27,0,3,2,2,0,8,0.4,16,11,3,5,8,20,30.0,14,10,0,10,3,19,8,0,655,9,39,273,347,85,655,36,15,41.7,19,52.8,326,1346,558,13,13,57,20,455,67,61.7,79.0,9,5,14.0,0,0.96,28,46,-18,-0.86,0.68,23.0,46.3,-23.3,-1.17,0,32,26,7,1,0,0,34,15,29,34.1,FWD,655012.0,exact,655012.0,2025-06-03,18000000.0,655012,2004-11-29,Belgium,2028-06-30,183.0,right,20.09034907597536,41.9185282522996,16.705882371415992,403.62212599454404,Emerging,False,False,False,True,False,BEL,UEFA,False,False,False,False,False,True
Raheem Sterling,eng ENG,"FW,MF",Arsenal,eng Premier League,29.0,1994.0,17,7,499,5.5,0,2,2,0,0,0,1,0,1.4,1.4,0.5,1.9,27,18,79,0.36,0.34,11,0,0.0,1.98,0.0,0.0,,15.1,2,0.13,-1.4,-1.4,158,201,78.6,2022,403,0.5,1.5,8,4,9,2,197,2,0,0,1,16,1,1,0,0,0,2,7,19,3.43,14,0,3,2,0,0,3,0.54,9,4,1,3,5,10,50.0,5,3,0,3,1,10,4,0,274,2,10,58,209,38,274,30,10,33.3,10,33.3,201,1407,750,11,15,13,14,211,29,14.6,56.0,0,10,11.0,12,2.0,12,4,8,1.44,0.61,9.1,4.1,5.0,0.9,0,12,8,4,0,0,0,16,1,3,25.0,FWD,134425.0,exact,134425.0,2025-05-30,10000000.0,134425,1994-12-08,England,2026-06-30,170.0,right,30.067077344284737,17.904073587385017,16.118095750958314,904.0291400272005,Declining,False,True,False,False,False,ENG,UEFA,False,False,False,False,False,True
Ross Stewart,sct SCO,FW,Southampton,eng Premier League,28.0,1996.0,12,4,389,4.3,1,0,1,1,0,0,1,0,1.1,1.1,0.0,1.1,3,2,10,0.23,0.25,9,2,22.2,2.08,0.46,0.11,0.5,10.8,0,0.12,-0.1,-0.1,67,95,70.5,861,86,0.1,0.0,0,2,1,0,94,1,1,0,0,0,0,0,0,0,0,0,3,5,1.16,1,0,1,2,1,0,0,0.0,6,4,1,1,4,8,37.5,5,3,0,3,1,7,7,0,140,9,25,55,62,15,140,5,3,60.0,2,40.0,64,298,81,0,4,7,9,100,32,11.4,51.0,0,8,23.0,0,0.25,5,9,-4,-0.93,0.74,3.9,9.6,-5.7,-1.31,0,7,7,1,0,0,0,6,13,23,36.1,FWD,447995.0,exact_birthyear_corrected,447995.0,2025-05-30,4000000.0,447995,1996-07-11,Scotland,2026-06-30,188.0,right,28.476386036960985,17.904073587385017,15.201805169084134,810.9045617260266,Peak,False,True,False,False,False,SCO,UEFA,False,False,False,False,False,True
Jørgen Strand Larsen,no NOR,FW,Wolves,eng Premier League,24.0,2000.0,35,30,2587,28.7,14,4,18,14,0,0,4,0,10.3,10.3,3.0,13.3,17,29,112,0.63,0.46,54,33,61.1,1.88,1.15,0.26,0.42,11.3,0,0.19,3.7,3.7,295,457,64.6,3818,697,1.0,1.0,21,19,4,1,443,14,0,1,2,6,0,0,0,0,0,0,19,42,1.46,33,1,1,3,2,2,6,0.21,10,6,2,3,5,27,14.8,23,19,4,15,6,16,29,0,736,36,85,348,304,108,736,20,8,40.0,11,55.0,345,1194,464,14,9,90,34,534,74,75.6,80.0,11,5,35.0,0,1.11,43,52,-9,-0.31,0.34,32.3,43.2,-10.9,-0.38,0,46,19,16,0,0,0,42,67,100,40.1,FWD,429983.0,exact,429983.0,2025-05-30,30000000.0,429983,2000-02-06,Norway,2030-06-30,193.0,right,24.903490759753595,65.90013140604468,17.216707972959764,620.1838520211327,Developing,False,True,False,False,False,NOR,UEFA,False,False,False,False,False,True
Gabriel Strefezza,br BRA,"FW,MF",Como,it Serie A,27.0,1997.0,37,32,2619,29.1,6,4,10,6,0,0,5,0,3.7,3.7,3.9,7.6,80,106,190,0.34,0.26,58,21,36.2,1.99,0.72,0.1,0.29,20.5,2,0.06,2.3,2.3,875,1158,75.6,13294,3416,4.1,0.1,57,67,29,9,1045,105,31,8,10,123,7,63,20,23,0,8,41,111,3.82,76,23,3,3,4,2,4,0.14,57,39,20,20,17,55,38.2,34,24,2,22,13,70,26,0,1483,27,197,595,704,93,1483,82,36,43.9,33,40.2,1033,5397,2707,42,33,49,53,1110,71,76.6,79.0,9,5,19.0,0,1.32,37,34,3,0.1,0.78,30.9,28.5,2.3,0.08,0,46,71,2,0,0,0,108,10,24,29.4,FWD,457673.0,exact,457673.0,2025-06-17,6000000.0,457673,1997-04-18,Brazil,2026-06-30,168.0,right,27.707049965776864,17.904073587385017,15.607270193858982,767.6806178060557,Peak,False,False,False,False,True,BRA,CONMEBOL,False,False,False,True,False,False
Cristhian Stuani,uy URU,FW,Girona,es La Liga,37.0,1986.0,32,6,1078,12.0,11,2,13,8,3,3,4,0,8.1,5.8,0.6,6.5,2,10,36,0.83,0.73,31,16,51.6,2.59,1.34,0.26,0.5,12.7,0,0.19,2.9,2.2,107,154,69.5,1450,161,1.0,1.4,6,1,3,0,133,21,0,1,0,2,1,0,0,0,0,0,3,14,1.17,10,0,1,3,0,0,3,0.25,9,7,1,7,1,8,62.5,3,4,1,3,7,16,11,0,256,10,32,107,118,55,253,5,2,40.0,2,40.0,96,292,83,0,2,24,7,156,34,31.5,79.0,0,26,23.0,6,1.16,21,15,6,0.5,1.35,17.1,16.1,1.1,0.09,0,35,7,11,0,0,0,14,22,17,56.4,FWD,59323.0,exact,59323.0,2025-06-09,1000000.0,59323,1986-10-12,Uruguay,2026-06-30,184.0,right,38.223134839151264,17.904073587385017,13.815511557963774,1461.0080369319392,Declining,False,False,True,False,False,URU,CONMEBOL,False,False,False,True,False,False
Kamaldeen Sulemana,gh GHA,"FW,MF",Southampton,eng Premier League,22.0,2002.0,26,17,1402,15.6,1,1,2,1,0,0,2,0,1.5,1.5,1.0,2.5,63,27,87,0.13,0.16,29,8,27.6,1.86,0.51,0.03,0.13,18.6,0,0.05,-0.5,-0.5,285,357,79.8,4101,627,0.8,0.0,10,6,13,7,354,2,0,0,2,26,2,0,0,0,0,1,9,30,1.93,15,1,10,3,1,0,3,0.19,22,17,9,5,8,15,66.7,5,16,4,12,6,28,9,0,587,17,92,219,301,59,587,103,39,37.9,56,54.4,380,3283,1620,37,28,50,25,410,54,41.0,74.0,5,9,16.0,2,0.27,11,36,-25,-1.6,-0.04,10.0,34.8,-24.7,-1.59,0,22,11,3,0,0,0,63,13,27,32.5,FWD,746695.0,exact,746695.0,2025-05-30,13000000.0,746695,2002-02-15,Ghana,2029-06-30,174.0,right,22.87748117727584,53.90932982917214,16.380459992348886,523.3791450166103,Developing,False,True,False,False,False,GHA,CAF,False,True,False,False,False,False
Crysencio Summerville,nl NED,"FW,MF",West Ham,eng Premier League,22.0,2001.0,19,7,786,8.7,1,1,2,1,0,0,2,0,1.6,1.6,1.7,3.3,29,18,71,0.23,0.38,14,4,28.6,1.6,0.46,0.07,0.25,13.4,0,0.12,-0.6,-0.6,194,254,76.4,2881,640,1.7,-0.7,17,13,12,5,241,13,2,3,0,21,2,8,6,0,0,0,13,35,4.01,21,3,5,0,5,1,1,0.11,13,7,2,8,3,9,33.3,6,13,4,9,0,13,7,0,372,9,47,147,181,38,372,39,13,33.3,18,46.2,207,1463,762,15,13,20,16,259,41,23.0,67.0,1,12,26.0,1,1.05,13,20,-7,-0.8,-0.49,13.6,17.1,-3.5,-0.4,0,9,23,4,0,0,0,38,4,9,30.8,FWD,474701.0,exact,474701.0,2025-05-30,22000000.0,474701,2001-10-30,Netherlands,2029-06-30,172.0,right,23.173169062286107,53.90932982917214,16.906553056777135,536.995764389294,Developing,False,True,False,False,False,NED,UEFA,False,False,False,False,False,True
Suso,es ESP,"FW,MF",Sevilla,es La Liga,30.0,1993.0,16,4,606,6.7,0,2,2,0,0,0,3,0,0.7,0.7,1.6,2.3,20,43,74,0.3,0.35,16,4,25.0,2.38,0.59,0.0,0.0,22.9,2,0.05,-0.7,-0.7,285,385,74.0,4789,1573,1.3,0.4,22,31,13,4,333,49,11,2,5,59,5,30,18,7,1,3,11,45,6.68,25,8,8,3,1,0,3,0.45,10,7,3,6,1,11,36.4,7,4,0,4,4,14,2,0,463,1,53,159,257,15,463,32,14,43.8,16,50.0,280,1526,769,22,2,9,15,334,38,17.7,86.0,2,12,22.0,14,1.25,10,11,-1,-0.15,0.24,11.9,6.9,5.0,0.74,0,6,16,2,0,0,0,31,2,5,28.6,FWD,111961.0,exact,111961.0,2024-06-07,4000000.0,111961,1993-11-19,Spain,2029-06-30,177.0,left,31.11841204654346,53.90932982917214,15.201805169084134,968.3555682984612,Declining,False,False,True,False,False,ESP,UEFA,False,False,False,False,False,True
Williot Swedberg,se SWE,"FW,MF",Celta Vigo,es La Liga,20.0,2004.0,32,15,1348,15.0,4,5,9,4,0,0,1,0,5.2,5.2,2.6,7.9,34,28,116,0.6,0.52,32,15,46.9,2.14,1.0,0.13,0.27,14.7,0,0.17,-1.2,-1.2,266,363,73.3,3749,737,2.2,2.4,16,16,12,1,360,2,0,4,1,18,2,0,0,0,0,1,18,36,2.4,24,0,3,8,1,0,8,0.53,23,16,9,10,4,20,65.0,7,12,1,11,3,26,10,1,562,6,53,222,293,72,562,44,10,22.7,29,65.9,351,2103,1032,21,18,50,16,412,42,39.4,62.0,0,17,25.0,1,1.28,29,19,10,0.67,1.02,25.6,17.1,8.5,0.56,0,21,32,7,0,0,0,46,8,15,34.8,FWD,764859.0,exact,764859.0,2025-06-09,5000000.0,764859,2004-02-01,Sweden,2029-06-30,187.0,right,20.917180013689254,53.90932982917214,15.424948670398354,437.52841972508116,Emerging,False,False,True,False,False,SWE,UEFA,False,False,False,False,False,True
Mamadou Sylla,sn SEN,"FW,MF",Valladolid,es La Liga,30.0,1994.0,29,17,1583,17.6,5,1,6,1,4,4,5,0,5.1,2.0,1.7,3.6,15,22,52,0.11,0.39,18,3,16.7,1.02,0.17,0.06,0.33,17.4,0,0.11,-0.1,-1.0,177,282,62.8,2675,420,0.6,-0.7,14,13,5,0,246,33,1,0,1,9,4,0,0,0,0,3,12,22,1.25,16,0,1,1,4,0,5,0.28,8,4,3,3,2,9,22.2,7,8,0,8,3,11,14,1,431,14,44,226,163,37,427,17,5,29.4,8,47.1,188,873,399,8,6,43,20,284,55,46.3,79.0,6,12,20.0,6,0.45,14,47,-33,-1.88,-0.36,16.4,33.7,-17.2,-0.98,0,16,32,13,2,0,0,35,41,58,41.4,FWD,166683.0,exact,166683.0,2025-06-09,1200000.0,166683,1994-03-20,Senegal,,180.0,right,30.78713210130048,,13.997832948091215,947.8475030229264,Declining,False,False,True,False,False,SEN,CAF,False,True,False,False,False,False
Sammie Szmodics,ie IRL,"FW,MF",Ipswich Town,eng Premier League,28.0,1995.0,20,13,992,11.0,4,0,4,4,0,0,2,0,3.4,3.4,0.2,3.6,16,19,47,0.36,0.33,21,12,57.1,1.91,1.09,0.19,0.33,14.0,0,0.16,0.6,0.6,149,201,74.1,2458,724,0.5,-0.2,5,11,4,1,190,11,1,0,0,14,0,6,6,0,0,0,13,10,0.91,8,0,1,1,0,0,0,0.0,16,10,4,10,2,26,26.9,19,10,2,8,6,22,14,0,318,17,80,125,119,33,318,12,4,33.3,6,50.0,179,1003,407,8,7,24,17,193,50,29.0,70.0,0,7,12.0,2,0.65,11,18,-7,-0.64,0.81,11.4,22.8,-11.4,-1.03,0,9,8,8,0,1,0,42,6,11,35.3,FWD,292139.0,exact,292139.0,2025-05-30,10000000.0,292139,1995-09-24,Ireland,2026-06-30,168.0,right,29.27310061601643,17.904073587385017,16.118095750958314,856.9144196754214,Peak,False,True,False,False,False,IRL,UEFA,False,False,False,False,False,True
Alexander Sørloth,no NOR,FW,Atlético Madrid,es La Liga,28.0,1995.0,35,15,1566,17.4,20,2,22,19,1,1,4,0,16.8,16.0,1.6,17.6,32,31,81,1.21,1.06,78,40,51.3,4.48,2.3,0.24,0.48,12.0,0,0.21,3.2,3.0,229,359,63.8,2905,601,0.7,0.4,13,19,10,1,341,12,0,1,0,5,0,0,0,0,0,6,5,30,1.73,19,0,4,5,2,0,5,0.29,9,5,2,5,2,6,50.0,3,6,1,5,1,10,28,0,602,29,58,276,276,116,601,37,14,37.8,22,59.5,323,1713,787,13,15,63,32,454,45,45.8,68.0,2,20,27.0,2,2.06,40,13,27,1.55,1.02,35.4,14.0,21.3,1.23,0,26,13,8,0,0,0,41,98,50,66.2,FWD,238407.0,exact,238407.0,2025-06-09,25000000.0,238407,1995-12-05,Norway,2028-06-30,196.0,left,29.075975359342916,41.9185282522996,17.034386422832473,845.4123430971164,Peak,False,False,True,False,False,NOR,UEFA,False,False,False,False,False,True
Haris Tabakovic,ba BIH,FW,Hoffenheim,de Bundesliga,30.0,1994.0,22,6,821,9.1,3,1,4,3,0,0,0,0,3.3,3.3,1.2,4.6,4,7,45,0.44,0.5,30,10,33.3,3.29,1.1,0.1,0.3,11.2,0,0.11,-0.3,-0.3,134,213,62.9,1672,273,0.9,-0.2,9,8,2,1,203,7,0,0,0,4,0,0,0,0,0,3,5,16,1.76,12,0,0,4,0,0,3,0.33,3,1,1,0,2,3,0.0,3,4,2,2,1,4,16,0,334,20,40,148,147,50,334,12,4,33.3,8,66.7,165,517,164,8,3,25,10,240,37,26.8,74.0,1,16,24.0,8,0.91,16,17,-1,-0.11,0.73,12.6,14.2,-1.6,-0.18,0,15,8,11,0,0,0,13,45,37,54.9,FWD,203123.0,exact,203123.0,2025-06-05,2500000.0,203123,1994-06-20,Bosnia-Herzegovina,2026-06-30,196.0,right,30.535249828884325,17.904073587385017,14.731801689838349,932.4014821123802,Declining,True,False,False,False,False,BIH,UEFA,False,False,False,False,False,True
Mehdi Taremi,ir IRN,FW,Inter,it Serie A,32.0,1992.0,25,7,807,9.0,1,2,3,0,1,1,1,0,3.5,2.7,1.6,4.2,10,25,47,0.22,0.56,13,5,38.5,1.45,0.56,0.0,0.0,12.0,0,0.21,-2.5,-2.7,185,231,80.1,2442,471,1.1,0.4,15,12,5,0,222,6,1,4,0,1,1,0,0,0,0,3,8,33,3.64,25,0,1,3,4,0,4,0.44,7,1,2,2,3,4,25.0,3,11,2,9,0,7,11,0,318,11,36,140,148,45,317,11,6,54.5,3,27.3,186,920,363,9,6,14,5,230,32,23.6,71.0,2,18,17.0,10,2.19,15,5,10,1.12,-0.06,17.8,9.9,7.9,0.87,0,9,13,6,1,0,0,29,19,24,44.2,FWD,307058.0,exact,307058.0,2025-06-17,3500000.0,307058,1992-07-18,Iran,2027-06-30,187.0,right,32.45722108145106,29.894875164257556,15.068273812173887,1053.471200330191,Declining,False,False,False,False,True,IRN,AFC,True,False,False,False,False,False
Marcus Tavernier,eng ENG,"FW,MF",Bournemouth,eng Premier League,25.0,1999.0,29,20,1939,21.5,3,5,8,3,0,0,6,0,5.5,5.5,4.0,9.5,53,128,129,0.37,0.44,57,17,29.8,2.65,0.79,0.05,0.18,21.1,4,0.1,-2.5,-2.5,689,934,73.8,11654,3481,3.6,1.0,43,80,40,14,804,125,34,5,9,108,29,49,36,4,1,5,26,98,4.55,68,12,3,10,5,0,11,0.51,43,24,15,19,9,27,37.0,17,16,3,13,5,48,11,0,1196,20,135,468,622,58,1196,65,28,43.1,31,47.7,705,4335,2068,51,9,46,47,790,67,56.7,85.0,11,9,26.0,0,1.45,29,29,0,0.0,-0.73,36.1,25.3,10.8,0.5,0,34,28,4,0,0,0,119,26,33,44.1,FWD,399434.0,exact,399434.0,2025-05-30,18000000.0,399434,1999-03-22,England,2029-06-30,178.0,left,25.782340862423,53.90932982917214,16.705882371415992,664.7291003461667,Developing,False,True,False,False,False,ENG,UEFA,False,False,False,False,False,True
Loum Tchaouna,fr FRA,"FW,MF",Lazio,it Serie A,20.0,2003.0,24,6,660,7.3,1,0,1,1,0,0,4,1,2.5,2.5,0.6,3.1,22,20,66,0.14,0.42,23,8,34.8,3.14,1.09,0.04,0.13,17.8,0,0.11,-1.5,-1.5,172,247,69.6,2582,567,0.7,-0.6,10,9,8,1,223,24,1,1,2,32,4,15,11,3,0,0,5,25,3.4,20,1,0,2,0,2,6,0.82,8,4,2,2,4,9,33.3,6,5,1,4,4,12,14,2,341,14,35,133,174,33,341,10,5,50.0,5,50.0,188,1050,516,8,8,26,6,246,28,19.3,52.0,0,18,19.0,13,1.58,19,10,9,1.23,1.13,12.6,12.2,0.5,0.07,1,10,7,0,0,0,0,18,5,26,16.1,FWD,607226.0,exact,607226.0,2025-06-17,10000000.0,607226,2003-09-08,France,2030-06-30,180.0,left,21.31690622861054,65.90013140604468,16.118095750958314,454.4104911593749,Emerging,False,False,False,False,True,FRA,UEFA,False,False,False,False,False,True
Mathys Tel,fr FRA,FW,Tottenham,eng Premier League,19.0,2005.0,13,11,911,10.1,2,1,3,1,1,1,2,0,3.0,2.2,2.6,4.7,28,21,72,0.2,0.55,22,8,36.4,2.17,0.79,0.05,0.13,16.0,1,0.1,-1.0,-1.2,185,266,69.5,3172,666,1.5,-1.6,14,12,14,4,243,22,3,2,1,35,7,8,6,2,0,1,12,28,2.77,18,1,3,2,4,0,2,0.2,16,6,5,6,5,13,38.5,8,8,1,7,2,18,8,2,414,9,58,150,217,40,413,53,15,28.3,31,58.5,266,1578,805,23,11,28,15,279,70,26.6,82.0,6,2,4.0,1,0.77,10,20,-10,-0.99,-1.31,14.6,17.2,-2.5,-0.25,0,14,16,1,1,0,0,38,4,7,36.4,FWD,801734.0,exact,801734.0,2025-05-30,35000000.0,801734,2005-04-27,France,2031-06-30,183.0,right,19.682409308692677,77.8909329829172,17.370858648025116,387.3972361949121,Emerging,False,True,False,False,False,FRA,UEFA,False,False,False,False,False,True
Casper Tengstedt,dk DEN,FW,Hellas Verona,it Serie A,24.0,2000.0,25,20,1517,16.9,6,1,7,5,1,1,2,0,5.3,4.5,0.9,5.4,29,29,85,0.36,0.37,37,10,27.0,2.2,0.59,0.14,0.5,14.2,0,0.12,0.7,0.5,201,298,67.4,2875,528,1.1,0.1,12,11,8,1,266,31,0,4,2,10,6,0,0,0,0,1,18,24,1.42,17,0,1,4,2,0,3,0.18,7,5,0,5,2,9,44.4,5,5,1,4,4,11,29,0,458,30,47,199,217,58,457,27,9,33.3,16,59.3,238,1247,564,14,13,36,6,303,61,44.4,69.0,2,5,27.0,4,0.8,16,34,-18,-1.07,-0.41,15.0,25.9,-10.8,-0.64,0,6,9,6,0,0,0,37,20,61,24.7,FWD,464598.0,exact,464598.0,2025-06-17,6000000.0,464598,2000-06-01,Denmark,2029-06-30,184.0,right,24.58590006844627,53.90932982917214,15.607270193858982,604.4664821756264,Developing,False,False,False,False,True,DEN,UEFA,False,False,False,False,False,True
Florian Thauvin,fr FRA,"FW,MF",Udinese,it Serie A,31.0,1993.0,25,24,1956,21.7,8,3,11,7,1,3,0,0,8.1,5.7,3.8,9.5,92,90,148,0.46,0.55,51,23,45.1,2.35,1.06,0.14,0.3,18.5,3,0.11,-0.1,1.3,544,819,66.4,9660,3359,4.7,-0.8,39,58,43,20,700,111,30,5,13,168,7,56,18,26,1,8,28,93,4.28,63,13,5,8,3,1,9,0.41,20,14,9,8,3,25,40.0,15,6,0,6,7,27,10,0,1062,8,105,432,537,82,1059,92,39,42.4,47,51.1,682,5087,2388,53,34,60,38,790,78,57.2,81.0,7,1,13.0,0,1.36,29,33,-4,-0.18,0.49,23.7,28.9,-5.2,-0.24,0,10,27,3,0,0,0,68,5,10,33.3,FWD,184892.0,exact,184892.0,2025-06-17,5000000.0,184892,1993-01-26,France,2028-06-30,181.0,left,31.9315537303217,41.9185282522996,15.424948670398354,1019.6241236324216,Declining,False,False,False,False,True,FRA,UEFA,False,False,False,False,False,True
Sorba Thomas,wls WAL,"FW,MF",Nantes,fr Ligue 1,24.0,1999.0,25,15,1321,14.7,1,3,4,1,0,0,3,0,1.5,1.5,3.7,5.2,41,34,93,0.27,0.35,9,1,11.1,0.61,0.07,0.11,1.0,17.0,0,0.17,-0.5,-0.5,360,550,65.5,6320,2228,3.0,-0.7,36,27,24,17,456,93,18,0,1,130,22,53,22,25,0,1,16,54,3.68,36,16,0,1,1,0,6,0.41,14,6,7,5,2,18,55.6,8,12,2,10,9,23,27,1,674,25,111,276,303,20,674,24,9,37.5,14,58.3,372,2173,1059,29,7,26,25,427,53,43.2,74.0,1,10,21.0,4,1.16,19,25,-6,-0.41,-0.05,17.1,23.4,-6.3,-0.43,0,13,17,2,0,0,0,66,7,17,29.2,FWD,475416.0,exact,475416.0,2025-06-03,3500000.0,475416,1999-01-25,Wales,2028-06-30,185.0,right,25.935660506502394,41.9185282522996,15.068273812173887,672.6584859085481,Developing,False,False,False,True,False,WAL,UEFA,False,False,False,False,False,True
Marcus Thuram,fr FRA,FW,Inter,it Serie A,26.0,1997.0,31,26,2200,24.4,14,4,18,14,0,0,1,0,9.9,9.9,4.4,14.3,62,53,170,0.74,0.56,64,27,42.2,2.62,1.1,0.22,0.52,13.1,0,0.15,4.1,4.1,412,559,73.7,5263,1082,4.1,-0.4,39,24,27,4,525,32,0,4,2,13,0,0,0,0,0,2,12,90,3.54,66,0,7,7,9,1,16,0.63,18,8,7,5,6,14,21.4,11,16,3,13,3,21,15,0,830,21,71,333,439,160,830,53,24,45.3,22,41.5,453,3025,1468,33,36,55,29,612,71,64.3,80.0,12,5,25.0,3,2.16,62,21,41,1.68,1.46,45.6,23.5,22.1,0.87,0,30,33,13,2,0,0,71,45,34,57.0,FWD,318528.0,exact,318528.0,2025-06-17,75000000.0,318528,1997-08-06,France,2028-06-30,192.0,right,27.405886379192335,41.9185282522996,18.132998684833918,751.0826082292,Peak,False,False,False,False,True,FRA,UEFA,False,False,False,False,False,True
Phillip Tietz,de GER,FW,Augsburg,de Bundesliga,27.0,1997.0,34,19,1686,18.7,7,2,9,6,1,1,4,0,6.1,5.3,1.2,6.5,8,29,113,0.43,0.39,51,19,37.3,2.72,1.01,0.12,0.32,16.3,3,0.1,0.9,0.7,300,481,62.4,4032,671,1.4,0.8,22,18,9,1,465,15,0,1,0,1,1,1,0,0,0,1,21,48,2.56,35,1,3,7,2,0,5,0.27,11,6,2,7,2,8,62.5,3,10,1,9,5,16,26,1,677,22,68,298,320,89,676,31,15,48.4,15,48.4,347,1102,318,12,4,46,17,502,50,55.1,71.0,4,15,22.0,0,1.26,24,29,-5,-0.27,0.45,21.6,24.4,-2.8,-0.15,0,36,12,16,0,0,0,48,78,85,47.9,FWD,288340.0,exact,288340.0,2025-06-05,5000000.0,288340,1997-07-09,Germany,2028-06-30,190.0,right,27.482546201232033,41.9185282522996,15.424948670398354,755.2903457028533,Peak,True,False,False,False,False,GER,UEFA,False,False,False,False,False,True
Tiago Tomás,pt POR,"FW,MF",Wolfsburg,de Bundesliga,22.0,2002.0,32,23,1884,20.9,6,1,7,6,0,0,7,0,5.4,5.4,2.6,8.1,31,50,125,0.33,0.38,42,20,47.6,2.01,0.96,0.14,0.3,16.0,0,0.13,0.6,0.6,329,475,69.3,4977,1438,1.5,-1.6,20,33,13,3,467,6,0,5,3,22,3,0,0,0,0,2,17,55,2.63,33,0,7,8,6,1,8,0.38,33,19,15,11,7,35,42.9,20,17,4,13,9,42,19,0,782,18,114,342,339,78,782,80,29,36.3,42,52.5,503,2477,987,19,14,55,35,556,59,61.6,74.0,4,9,21.0,1,1.16,29,29,0,0.0,-0.15,26.9,30.3,-3.4,-0.16,0,30,48,6,1,0,0,74,9,30,23.1,FWD,616344.0,exact,616344.0,2025-06-05,12000000.0,616344,2002-06-16,Portugal,2029-06-30,180.0,right,22.546201232032853,53.90932982917214,16.300417291085605,508.33118999531973,Developing,True,False,False,False,False,POR,UEFA,False,False,False,False,False,True
Ferrán Torres,es ESP,"FW,MF",Barcelona,es La Liga,24.0,2000.0,27,12,1106,12.3,10,6,16,10,0,0,1,1,8.0,8.0,3.1,11.0,23,35,98,1.3,0.9,48,22,45.8,3.91,1.79,0.21,0.45,14.6,2,0.17,2.0,2.0,267,360,74.2,3409,773,2.6,2.9,19,17,18,2,329,28,5,2,2,17,1,9,2,0,0,3,14,38,3.09,26,2,4,2,3,1,7,0.57,8,4,2,3,3,8,37.5,5,7,1,6,4,12,5,0,498,3,30,153,317,81,498,21,11,52.4,8,38.1,291,1348,566,14,13,28,13,397,41,32.3,64.0,2,15,22.0,2,2.33,35,21,14,1.14,-0.77,30.9,15.6,15.2,1.24,0,5,16,6,0,0,0,27,5,9,35.7,FWD,398184.0,exact_accent_stripped,398184.0,2025-06-09,40000000.0,398184,2000-02-29,Spain,2027-06-30,183.0,right,24.840520191649556,29.894875164257556,17.50439003707821,617.0514433917493,Developing,False,False,True,False,False,ESP,UEFA,False,False,False,False,False,True
Bazoumana Touré,ci CIV,"FW,MF",Hoffenheim,de Bundesliga,18.0,2006.0,13,7,609,6.8,0,3,3,0,0,0,1,0,1.4,1.4,1.9,3.3,24,14,56,0.44,0.49,19,5,26.3,2.81,0.74,0.0,0.0,17.6,0,0.07,-1.4,-1.4,125,187,66.8,1869,423,1.8,1.1,13,9,11,5,181,4,0,0,2,24,3,1,0,0,0,2,8,25,3.7,17,0,3,3,1,1,4,0.59,12,10,2,7,3,8,25.0,6,4,0,4,3,15,2,0,291,4,37,105,156,36,291,22,12,54.5,9,40.9,183,1175,580,12,11,36,8,198,47,19.9,74.0,1,6,15.0,1,0.85,12,17,-5,-0.74,-0.11,9.2,9.9,-0.6,-0.09,0,13,3,7,0,0,0,27,12,17,41.4,FWD,1067904.0,exact,1067904.0,2025-06-05,9000000.0,1067904,2006-03-02,Cote d'Ivoire,2029-06-30,178.0,left,18.836413415468858,53.90932982917214,16.012735246411598,354.8104703584552,Emerging,True,False,False,False,False,CIV,CAF,False,True,False,False,False,False
Adama Traoré,es ESP,"FW,MF",Fulham,eng Premier League,28.0,1996.0,36,18,1772,19.7,2,7,9,2,0,0,3,0,4.0,4.0,4.9,8.9,100,68,161,0.46,0.45,39,12,30.8,1.98,0.61,0.05,0.17,14.2,0,0.1,-2.0,-2.0,424,587,72.2,6645,1683,4.5,2.1,42,36,38,22,584,1,0,6,2,100,1,0,0,0,0,2,19,82,4.16,66,0,9,4,1,2,10,0.51,20,13,9,6,5,13,38.5,8,7,0,7,1,21,6,4,801,4,83,285,455,91,801,97,48,49.5,36,37.1,538,4631,2486,45,33,37,25,607,49,51.8,76.0,4,18,23.0,1,1.47,32,28,4,0.2,0.42,27.9,24.6,3.3,0.17,0,24,32,1,0,0,0,87,25,26,49.0,FWD,204103.0,exact_birthyear_corrected,204103.0,2025-05-30,9000000.0,204103,1996-01-25,Spain,2026-06-30,178.0,right,28.93634496919918,17.904073587385017,16.012735246411598,837.3120601764987,Peak,False,True,False,False,False,ESP,UEFA,False,False,False,False,False,True
Leandro Trossard,be BEL,FW,Arsenal,eng Premier League,29.0,1994.0,38,28,2546,28.3,8,7,15,8,0,0,4,1,7.2,7.2,6.1,13.3,80,101,226,0.53,0.47,72,21,29.2,2.55,0.74,0.11,0.38,15.9,0,0.1,0.8,0.8,711,954,74.5,11435,2972,4.1,0.9,41,45,48,10,917,29,5,7,5,86,7,10,9,0,0,8,41,93,3.29,72,2,7,6,4,2,8,0.28,31,20,6,16,9,34,35.3,22,32,0,32,9,40,18,0,1278,17,135,399,762,158,1278,86,38,44.2,37,43.0,828,5024,2218,55,30,66,52,956,67,74.4,82.0,14,10,25.0,0,1.95,53,26,27,0.95,0.13,44.5,24.2,20.3,0.72,1,27,46,6,0,0,0,104,6,24,20.0,FWD,144028.0,exact,144028.0,2025-05-30,22000000.0,144028,1994-12-04,Belgium,2027-06-30,172.0,right,30.078028747433265,29.894875164257556,16.906553056777135,904.6878133314219,Declining,False,True,False,False,False,BEL,UEFA,False,False,False,False,False,True
Viktor Tsyhankov,ua UKR,"FW,MF",Girona,es La Liga,26.0,1997.0,27,23,1913,21.3,2,5,7,2,0,0,1,0,2.8,2.8,3.9,6.7,62,65,195,0.33,0.31,35,9,25.7,1.65,0.42,0.06,0.22,19.9,5,0.08,-0.8,-0.8,646,871,74.2,9793,2532,4.3,1.1,33,38,24,6,751,116,23,3,1,124,12,80,36,29,1,4,23,65,3.06,34,22,1,3,4,1,8,0.38,19,12,4,7,8,19,47.4,10,7,1,6,15,34,16,1,1064,23,103,408,564,74,1064,35,15,42.9,19,54.3,650,4031,1883,46,27,32,25,770,71,55.9,79.0,10,4,22.0,1,1.0,20,34,-14,-0.66,-0.54,22.5,29.8,-7.3,-0.34,0,14,28,4,1,0,0,69,9,18,33.3,FWD,264372.0,fuzzy_verified,264372.0,2025-06-09,18000000.0,264372,1997-11-15,Ukraine,2027-06-30,178.0,left,27.129363449691994,29.894875164257556,16.705882371415992,736.0023611854839,Peak,False,False,True,False,False,UKR,UEFA,False,False,False,False,False,True
Christantus Uche,ng NGA,"FW,MF",Getafe,es La Liga,21.0,2003.0,33,30,2486,27.6,4,6,10,4,0,0,8,2,3.8,3.8,2.9,6.7,43,49,148,0.36,0.24,50,14,28.0,1.81,0.51,0.08,0.29,17.1,0,0.08,0.2,0.2,387,592,65.4,5080,1266,3.1,3.1,29,37,16,4,578,11,0,1,2,22,0,0,0,0,0,3,23,78,2.82,53,0,7,2,15,1,10,0.36,35,21,8,19,8,20,45.0,11,20,2,18,10,45,19,0,971,17,102,391,498,105,971,91,32,35.2,49,53.8,553,3077,1160,26,18,113,67,726,75,72.7,80.0,10,3,34.0,0,1.27,29,23,6,0.22,1.28,25.6,27.8,-2.2,-0.08,1,55,68,19,0,0,0,110,91,124,42.3,FWD,1124005.0,exact,1124005.0,2025-06-09,15000000.0,1124005,2003-05-19,Nigeria,2026-06-30,190.0,both,21.623545516769337,17.904073587385017,16.52356082573315,467.5777207157953,Emerging,False,False,True,False,False,NGA,CAF,False,True,False,False,False,False
Enes Ünal,tr TUR,"FW,MF",Bournemouth,eng Premier League,27.0,1997.0,17,2,345,3.8,2,1,3,2,0,0,2,0,2.7,2.7,0.4,3.1,4,12,22,0.78,0.82,20,7,35.0,5.22,1.83,0.1,0.29,14.6,3,0.14,-0.7,-0.7,63,99,63.6,685,192,0.3,0.6,4,4,4,0,96,2,1,1,1,4,0,0,0,0,0,1,6,9,2.35,6,0,0,2,1,0,3,0.78,1,0,0,0,1,3,0.0,3,1,0,1,0,1,6,0,172,6,14,63,95,26,172,12,1,8.3,10,83.3,91,261,95,3,1,17,13,133,20,10.1,62.0,0,15,15.0,0,1.65,6,3,3,0.78,0.52,7.8,6.3,1.5,0.38,0,6,9,1,0,0,0,16,24,22,52.2,FWD,251106.0,exact,251106.0,2025-05-30,10000000.0,251106,1997-05-10,Türkiye,2028-06-30,187.0,right,27.64681724845996,41.9185282522996,16.118095750958314,764.3465039697431,Peak,False,True,False,False,False,TUR,UEFA,False,False,False,False,False,True
Deniz Undav,de GER,"FW,MF",Stuttgart,de Bundesliga,28.0,1996.0,27,20,1726,19.2,9,3,12,9,0,0,4,0,11.7,11.7,3.6,15.2,31,70,141,0.63,0.79,75,31,41.3,3.91,1.62,0.12,0.29,13.9,0,0.16,-2.7,-2.7,431,589,73.2,6294,1741,3.8,-0.6,26,38,27,2,561,24,1,6,5,11,7,0,0,0,0,4,21,58,3.02,44,0,0,11,0,3,8,0.42,11,10,2,3,6,17,5.9,16,15,2,13,3,14,10,0,797,11,61,379,369,118,797,24,10,41.7,13,54.2,469,2107,964,18,12,51,28,624,64,56.4,79.0,10,7,21.0,0,1.37,36,30,6,0.31,-0.02,34.2,26.3,7.9,0.41,0,25,22,12,0,0,0,48,21,31,40.4,FWD,339314.0,exact,339314.0,2025-06-05,20000000.0,339314,1996-07-19,Germany,2029-06-30,179.0,both,28.45448323066393,53.90932982917214,16.811242881518265,809.6576159241347,Peak,True,False,False,False,False,GER,UEFA,False,False,False,False,False,True
Jamie Vardy,eng ENG,FW,Leicester City,eng Premier League,37.0,1987.0,35,35,2823,31.4,9,4,13,8,1,2,5,0,11.2,9.6,3.0,12.6,29,22,120,0.38,0.45,56,23,41.1,1.79,0.73,0.14,0.35,12.1,1,0.17,-2.2,-1.6,258,389,66.3,3776,424,2.6,1.0,19,11,10,1,335,47,0,1,1,11,0,0,0,0,0,7,15,47,1.5,33,0,6,2,6,0,10,0.32,19,13,7,7,5,13,30.8,9,8,4,4,5,24,24,0,586,30,61,272,260,111,584,23,11,47.8,10,43.5,285,1504,717,13,16,34,14,382,81,82.5,81.0,20,0,,0,0.71,28,68,-40,-1.28,-0.22,27.5,61.9,-34.4,-1.1,0,25,23,27,2,0,0,39,50,55,47.6,FWD,197838.0,exact,197838.0,2025-05-30,1000000.0,197838,1987-01-11,England,2026-06-30,179.0,right,37.973990417522245,17.904073587385017,13.815511557963774,1442.0239482300713,Declining,False,True,False,False,False,ENG,UEFA,False,False,False,False,False,True
Ruben Vargas,ch SUI,"FW,MF",Sevilla,es La Liga,25.0,1998.0,11,9,671,7.5,2,1,3,2,0,0,0,0,2.0,2.0,0.8,2.7,29,14,63,0.4,0.37,17,5,29.4,2.28,0.67,0.12,0.4,13.8,0,0.12,0.0,0.0,166,247,67.2,2714,696,0.9,0.2,13,11,9,5,219,28,3,0,0,37,9,16,12,2,0,0,13,31,4.16,16,5,4,5,1,0,3,0.4,7,4,1,5,1,8,37.5,5,9,0,9,3,10,10,0,362,8,50,144,173,30,362,33,12,36.4,16,48.5,186,1260,676,15,11,31,6,231,61,19.6,69.0,0,2,23.0,1,1.0,11,9,2,0.27,0.76,8.0,8.8,-0.8,-0.11,0,11,9,3,0,0,0,31,7,6,53.8,FWD,345886.0,exact_accent_stripped,345886.0,2025-06-09,7000000.0,345886,1998-08-05,Switzerland,2029-06-30,179.0,right,26.409308692676248,53.90932982917214,15.76142084987672,697.4515856250653,Peak,False,False,True,False,False,SUI,UEFA,False,False,False,False,False,True
Alejo Véliz,ar ARG,FW,Espanyol,es La Liga,20.0,2003.0,27,10,1127,12.5,1,0,1,1,0,0,3,0,2.3,2.3,0.6,2.8,2,8,27,0.08,0.22,19,6,31.6,1.52,0.48,0.05,0.17,10.7,0,0.12,-1.3,-1.3,122,187,65.2,1608,182,0.1,-0.6,3,9,0,0,161,26,0,0,0,0,2,0,0,0,0,0,2,14,1.1,7,0,0,2,5,0,4,0.31,1,1,0,1,0,7,14.3,6,12,2,10,4,5,23,1,317,25,35,189,93,30,317,5,1,20.0,3,60.0,123,408,116,3,0,34,12,205,42,33.0,71.0,2,17,25.0,11,0.89,18,22,-4,-0.32,-0.04,13.7,21.7,-8.0,-0.63,0,20,33,5,1,0,0,20,51,58,46.8,FWD,888493.0,exact_accent_stripped,888493.0,2025-06-09,2500000.0,888493,2003-09-19,Argentina,2026-06-30,186.0,right,21.286789869952088,17.904073587385017,14.731801689838349,453.12742296749485,Emerging,False,False,True,False,False,ARG,CONMEBOL,False,False,False,True,False,False
Carlos Vicente,es ESP,"FW,MF",Alavés,es La Liga,25.0,1999.0,37,35,3092,34.4,5,5,10,4,1,1,3,0,3.5,2.7,5.4,8.1,104,68,226,0.26,0.26,35,13,37.1,1.02,0.38,0.11,0.31,18.2,1,0.08,1.5,1.3,720,1140,63.2,12031,4061,5.9,-0.4,63,36,38,29,950,181,46,3,2,269,50,85,24,43,5,9,67,107,3.11,53,38,3,6,5,2,9,0.26,47,31,26,11,10,64,39.1,39,34,2,32,14,61,40,0,1551,28,218,574,780,86,1550,106,34,32.1,63,59.4,781,4788,2188,48,28,83,49,898,84,90.4,86.0,27,2,35.0,1,1.14,34,39,-5,-0.15,1.23,37.1,40.8,-3.6,-0.11,0,38,62,10,0,0,0,133,34,60,36.2,FWD,540536.0,exact,540536.0,2024-06-07,4000000.0,540536,1999-04-23,Spain,2029-06-30,179.0,right,25.694729637234772,53.90932982917214,15.201805169084134,660.219131130591,Developing,False,False,True,False,False,ESP,UEFA,False,False,False,False,False,True
Pau Victor,es ESP,FW,Barcelona,es La Liga,22.0,2001.0,21,2,319,3.5,2,1,3,2,0,0,2,0,3.0,3.0,0.9,3.9,6,11,28,0.85,1.09,14,8,57.1,3.95,2.26,0.14,0.25,15.2,0,0.22,-1.0,-1.0,98,121,81.0,1416,221,0.4,0.1,8,5,4,0,117,4,1,0,0,3,1,0,0,0,0,0,2,13,3.64,11,0,1,0,1,0,2,0.56,3,1,0,2,1,3,0.0,3,6,1,5,2,5,5,0,170,5,15,71,87,21,170,12,7,58.3,5,41.7,92,375,171,2,6,7,8,125,15,9.3,60.0,0,19,11.0,17,2.1,14,7,7,1.97,0.35,13.5,5.2,8.3,2.32,0,7,3,0,0,0,0,14,3,1,75.0,FWD,707572.0,exact_accent_stripped,707572.0,2025-06-09,4000000.0,707572,2001-11-26,Spain,2030-06-30,184.0,right,23.09924709103354,65.90013140604468,15.201805169084134,533.5752161726215,Developing,False,False,True,False,False,ESP,UEFA,False,False,False,False,False,True
Asier Villalibre,es ESP,FW,Alavés,es La Liga,26.0,1997.0,16,2,333,3.7,1,1,2,0,1,1,2,0,1.6,0.8,1.0,1.8,4,7,18,0.27,0.69,8,1,12.5,2.16,0.27,0.0,0.0,14.7,0,0.1,-0.6,-0.8,44,69,63.8,645,153,0.3,0.0,1,3,4,0,64,5,0,1,0,2,0,0,0,0,0,0,1,7,1.89,4,0,0,1,2,0,1,0.27,2,2,0,1,1,2,50.0,1,1,0,1,1,3,7,0,116,6,8,57,52,22,115,12,2,16.7,9,75.0,55,299,114,3,3,9,5,75,21,9.7,66.0,0,14,14.0,22,0.5,3,10,-7,-1.89,-1.8,4.3,8.0,-3.7,-0.99,0,11,7,2,0,0,0,7,22,12,64.7,FWD,251897.0,exact,251897.0,2024-06-07,2500000.0,251897,1997-09-30,Spain,2026-06-30,182.0,left,27.255304585900067,17.904073587385017,14.731801689838349,742.8516280701853,Peak,False,False,True,False,False,ESP,UEFA,False,False,False,False,False,True
Nicolas Viola,it ITA,"FW,MF",Cagliari,it Serie A,34.0,1989.0,27,18,1267,14.1,3,1,4,3,0,0,2,0,2.2,2.2,1.9,4.1,21,46,70,0.28,0.29,31,9,29.0,2.2,0.64,0.1,0.33,20.4,4,0.07,0.8,0.8,285,452,63.1,5124,2017,2.6,-0.9,28,34,11,2,367,83,26,4,1,79,4,45,19,25,0,2,16,59,4.19,30,21,3,2,3,0,4,0.28,14,7,6,7,1,10,10.0,9,5,0,5,3,17,5,0,595,8,57,294,255,34,595,30,11,36.7,16,53.3,326,1527,700,17,7,30,21,389,47,37.0,61.0,0,9,19.0,10,1.11,14,25,-11,-0.78,-0.57,15.8,22.5,-6.7,-0.47,0,20,34,8,0,0,0,52,21,24,46.7,FWD,85393.0,exact,85393.0,2025-06-17,1000000.0,85393,1989-10-12,Italy,2028-06-30,180.0,left,35.22245037645448,41.9185282522996,13.815511557963774,1240.6210105217986,Declining,False,False,False,False,True,ITA,UEFA,False,False,False,False,False,True
Vitinha,pt POR,"FW,MF",Genoa,it Serie A,24.0,2000.0,25,16,1328,14.8,2,3,5,2,0,0,2,0,1.6,1.6,3.3,5.0,38,19,71,0.34,0.34,33,5,15.2,2.24,0.34,0.06,0.4,20.3,1,0.05,0.4,0.4,191,322,59.3,2886,753,2.0,-0.3,16,12,10,7,290,31,10,3,2,45,8,2,0,2,0,1,21,41,2.78,25,4,5,2,5,0,3,0.2,23,8,12,6,5,30,36.7,19,14,2,12,12,35,22,0,572,32,91,255,242,54,572,68,22,32.4,42,61.8,309,2034,987,27,16,54,34,348,53,38.8,70.0,3,9,23.0,1,1.08,16,23,-7,-0.47,-0.26,15.2,19.0,-3.9,-0.26,0,23,25,8,0,0,0,53,31,28,52.5,FWD,586853.0,exact_birthyear_corrected,586853.0,2025-06-17,8000000.0,586853,2000-03-15,Portugal,2028-06-30,178.0,right,24.799452429842574,41.9185282522996,15.894952224644102,615.0128408200247,Developing,False,False,False,False,True,POR,UEFA,False,False,False,False,False,True
Dušan Vlahović,rs SRB,FW,Juventus,it Serie A,24.0,2000.0,29,21,1784,19.8,10,4,14,6,4,4,3,0,12.3,9.2,1.3,10.5,27,22,117,0.5,0.69,73,25,34.2,3.68,1.26,0.08,0.24,15.9,7,0.13,-2.3,-3.2,253,366,69.1,3895,421,0.9,2.7,15,11,7,0,326,35,0,3,4,9,0,0,0,0,0,5,12,41,2.07,28,0,6,5,2,0,8,0.4,4,2,0,1,3,5,20.0,4,7,3,4,1,5,9,3,564,14,28,238,303,125,560,28,9,32.1,18,64.3,308,1398,509,10,17,51,28,431,62,52.2,80.0,11,8,13.0,3,1.93,36,17,19,0.96,0.74,30.0,15.6,14.4,0.73,0,27,18,12,0,0,0,36,39,42,48.1,FWD,357498.0,exact,357498.0,2025-06-17,35000000.0,357498,2000-01-28,Serbia,2026-06-30,190.0,left,24.928131416837783,17.904073587385017,17.370858648025116,621.4117359351349,Developing,False,False,False,False,True,SRB,UEFA,False,False,False,False,False,True
Ibrahima Wadji,sn SEN,"FW,MF",Saint-Étienne,fr Ligue 1,29.0,1995.0,10,2,347,3.9,0,0,0,0,0,0,1,0,0.8,0.8,0.0,0.8,11,4,24,0.0,0.2,12,1,8.3,3.11,0.26,0.0,0.0,15.7,0,0.06,-0.8,-0.8,53,63,84.1,680,65,0.1,0.0,1,2,1,0,54,9,0,0,0,2,0,0,0,0,0,0,1,8,2.09,4,0,2,2,0,0,1,0.26,7,6,3,3,1,7,42.9,4,1,0,1,1,8,0,0,112,0,13,45,54,16,112,10,7,70.0,3,30.0,65,488,185,5,3,19,10,77,35,11.3,76.0,0,8,25.0,4,0.3,5,13,-8,-2.07,-1.08,3.0,11.0,-8.0,-2.09,0,11,5,4,0,0,0,7,4,10,28.6,FWD,364232.0,exact,364232.0,2025-06-03,700000.0,364232,1995-05-05,Senegal,2026-06-30,175.0,right,29.661875427789184,17.904073587385017,13.45883704259595,879.8268538936837,Peak,False,False,False,True,False,SEN,CAF,False,True,False,False,False,False
Elye Wahi,fr FRA,FW,Marseille,fr Ligue 1,21.0,2003.0,13,7,574,6.4,3,1,4,2,1,1,1,0,6.0,5.2,0.4,5.6,7,7,41,0.47,1.0,16,9,56.3,2.51,1.41,0.13,0.22,12.1,0,0.33,-3.0,-3.2,88,111,79.3,1129,158,0.2,0.6,6,7,0,0,102,8,0,0,1,2,0,0,0,0,0,1,6,16,2.5,12,0,2,2,0,0,4,0.63,0,0,0,0,0,4,0.0,4,1,0,1,1,1,0,0,161,0,8,87,67,30,160,10,2,20.0,8,80.0,103,423,177,0,5,15,11,126,44,18.8,62.0,0,6,24.0,2,2.0,17,8,9,1.41,0.76,14.1,8.0,6.1,0.96,0,17,8,10,0,0,0,8,4,13,23.5,FWD,659542.0,exact,659542.0,2025-06-05,22000000.0,659542,2003-01-02,Cote d'Ivoire,2026-06-30,184.0,right,21.998631074606433,17.904073587385017,16.906553056777135,483.9397691566398,Emerging,False,False,False,True,False,FRA,UEFA,False,False,False,False,False,True
Ollie Watkins,eng ENG,FW,Aston Villa,eng Premier League,28.0,1995.0,38,31,2598,28.9,16,8,24,14,2,2,2,0,15.3,13.8,3.3,17.1,55,31,165,0.76,0.65,82,36,43.9,2.84,1.25,0.17,0.39,12.1,0,0.17,0.7,0.2,307,424,72.4,3915,656,2.1,4.7,24,12,13,0,415,6,0,1,1,7,0,0,0,0,0,3,17,53,1.84,36,0,4,7,6,0,12,0.42,10,7,0,6,4,11,27.3,8,11,3,8,8,18,15,2,695,18,50,248,407,168,693,41,10,24.4,27,65.9,409,2243,1125,21,38,60,50,552,68,76.0,78.0,11,7,25.0,0,1.74,49,40,9,0.31,0.53,43.8,38.7,5.1,0.18,0,29,33,16,2,0,0,43,52,71,42.3,FWD,324358.0,exact,324358.0,2025-05-30,40000000.0,324358,1995-12-30,England,2028-06-30,180.0,right,29.00752908966461,41.9185282522996,17.50439003707821,841.4367438877387,Peak,False,True,False,False,False,ENG,UEFA,False,False,False,False,False,True
Nelson Weiper,de GER,"FW,MF",Mainz 05,de Bundesliga,19.0,2005.0,23,7,704,7.8,3,2,5,3,0,0,2,0,4.1,4.1,1.9,6.0,12,13,62,0.64,0.77,22,12,54.5,2.81,1.53,0.14,0.25,12.8,0,0.19,-1.1,-1.1,116,173,67.1,1561,339,0.7,0.1,10,12,5,0,160,12,0,0,0,6,2,0,0,0,0,1,9,16,2.05,11,0,2,3,0,0,2,0.26,5,4,2,3,0,4,50.0,2,5,0,5,2,7,5,1,311,5,22,127,164,50,311,21,10,47.6,11,52.4,149,702,248,6,5,54,11,213,31,23.0,71.0,1,16,13.0,6,1.35,9,8,1,0.13,-0.29,11.1,10.8,0.3,0.04,0,19,1,8,0,0,0,20,34,44,43.6,FWD,796213.0,exact,796213.0,2025-06-05,10000000.0,796213,2005-03-17,Germany,2029-06-30,192.0,right,19.794661190965094,53.90932982917214,16.118095750958314,391.82861166509963,Emerging,True,False,False,False,False,GER,UEFA,False,False,False,False,False,True
Noah Weißhaupt,de GER,"FW,MF",St. Pauli,de Bundesliga,22.0,2001.0,19,13,1160,12.9,1,0,1,1,0,0,0,0,2.1,2.1,1.8,3.9,42,33,94,0.08,0.3,18,4,22.2,1.4,0.31,0.06,0.25,15.9,0,0.12,-1.1,-1.1,226,363,62.3,3943,1254,1.8,-1.8,18,19,15,11,325,35,8,1,5,72,2,24,11,11,1,3,8,42,3.26,19,8,4,2,9,0,1,0.08,6,4,3,0,3,8,37.5,5,7,0,7,2,8,8,1,509,6,61,192,264,43,509,38,13,34.2,17,44.7,306,2019,1010,27,17,37,11,355,61,37.9,77.0,1,6,28.0,0,0.95,10,12,-2,-0.16,0.37,13.3,16.1,-2.8,-0.21,0,10,42,6,0,0,0,51,15,19,44.1,FWD,392163.0,exact,392163.0,2024-05-29,5000000.0,392163,2001-09-20,Germany,2026-06-30,182.0,right,23.28268309377139,17.904073587385017,15.424948670398354,542.0833320449881,Developing,True,False,False,False,False,GER,UEFA,False,False,False,False,False,True
Danny Welbeck,eng ENG,FW,Brighton,eng Premier League,33.0,1990.0,30,24,2115,23.5,10,4,14,9,1,1,5,0,9.6,8.8,1.4,10.1,21,47,95,0.55,0.46,59,23,39.0,2.51,0.98,0.15,0.39,15.3,9,0.15,0.4,0.2,417,491,84.9,4936,1008,1.4,2.6,23,18,14,0,472,18,2,0,0,3,2,0,0,0,0,1,13,53,2.26,39,1,3,4,6,0,8,0.34,26,16,6,15,5,20,40.0,12,19,4,15,5,31,14,0,726,18,58,318,356,102,725,37,13,35.1,21,56.8,448,2065,890,23,8,49,28,547,71,61.8,84.0,11,6,17.0,0,1.7,41,37,4,0.17,-0.04,34.9,36.8,-1.8,-0.08,0,11,23,4,0,0,0,46,17,32,34.7,FWD,67063.0,exact,67063.0,2025-05-30,5000000.0,67063,1990-11-26,England,2027-06-30,185.0,right,34.09993155373032,29.894875164257556,15.424948670398354,1162.8053319690928,Declining,False,True,False,False,False,ENG,UEFA,False,False,False,False,False,True
Timo Werner,de GER,"FW,MF",Tottenham,eng Premier League,28.0,1996.0,18,4,516,5.7,0,3,3,0,0,0,0,0,1.0,1.0,2.5,3.5,42,30,89,0.52,0.61,8,3,37.5,1.4,0.52,0.0,0.0,18.2,0,0.12,-1.0,-1.0,158,236,66.9,2383,597,1.5,0.5,10,3,15,2,222,12,2,2,2,28,8,2,1,0,0,2,15,18,3.13,14,0,2,1,1,0,3,0.52,6,4,3,3,0,13,23.1,10,10,1,9,1,7,7,0,298,8,24,78,203,33,298,19,10,52.6,8,42.1,215,1768,1062,24,18,14,6,227,29,15.1,71.0,0,14,17.0,3,0.83,10,12,-2,-0.35,-0.38,11.3,11.5,-0.2,-0.04,0,3,5,5,0,0,0,18,0,1,0.0,FWD,170527.0,exact,170527.0,2025-05-30,7000000.0,170527,1996-03-06,Germany,2028-06-30,180.0,right,28.824093086926762,41.9185282522996,15.76142084987672,830.8283422838192,Peak,False,True,False,False,False,GER,UEFA,False,False,False,False,False,True
Iñaki Williams,gh GHA,FW,Athletic Club,es La Liga,30.0,1994.0,35,29,2652,29.5,6,8,14,6,0,0,1,0,7.6,7.6,7.8,15.4,107,76,302,0.48,0.52,63,24,38.1,2.14,0.81,0.1,0.25,16.4,0,0.12,-1.6,-1.6,525,830,63.3,7922,2296,5.0,0.2,43,38,51,15,798,26,0,7,7,115,21,0,0,0,0,6,35,80,2.72,61,1,6,7,3,2,14,0.48,17,10,4,8,5,23,52.2,11,34,5,29,12,29,32,0,1169,35,113,392,679,138,1169,101,33,32.7,56,55.4,739,4233,2259,39,49,65,44,898,76,77.5,86.0,21,6,29.0,0,1.8,47,23,24,0.81,0.7,44.9,28.5,16.4,0.56,0,22,39,17,1,0,0,87,30,20,60.0,FWD,255508.0,exact,255508.0,2025-06-09,15000000.0,255508,1994-06-15,Ghana,2028-06-30,186.0,right,30.548939082819988,41.9185282522996,16.52356082573315,933.2376790858465,Declining,False,False,True,False,False,GHA,CAF,False,True,False,False,False,False
Nico Williams,es ESP,FW,Athletic Club,es La Liga,22.0,2002.0,29,22,1996,22.2,5,5,10,5,0,0,1,0,4.2,4.2,3.5,7.7,118,69,254,0.45,0.35,54,19,35.2,2.43,0.86,0.09,0.26,17.6,1,0.08,0.8,0.8,497,705,70.5,7797,1800,4.2,1.5,40,23,29,8,640,60,8,0,3,107,12,40,12,20,0,5,36,112,5.05,67,13,21,3,5,3,13,0.59,28,18,10,11,7,32,34.4,21,20,1,19,7,35,9,0,1064,8,84,333,671,113,1064,187,68,36.4,104,55.6,697,5556,2949,58,58,62,46,767,69,58.4,82.0,12,7,26.0,0,1.83,31,16,15,0.68,0.04,30.7,21.6,9.1,0.41,0,17,35,10,0,0,0,96,11,17,39.3,FWD,709187.0,exact,709187.0,2025-06-09,70000000.0,709187,2002-07-12,Spain,2035-06-30,181.0,right,22.47501711156742,125.88699080157687,18.064005814299346,505.12639416524837,Developing,False,False,True,False,False,ESP,UEFA,False,False,False,False,False,True
Callum Wilson,eng ENG,FW,Newcastle Utd,eng Premier League,32.0,1992.0,18,2,370,4.1,0,0,0,0,0,0,1,0,0.4,0.4,0.1,0.5,5,4,17,0.0,0.12,6,1,16.7,1.46,0.24,0.0,0.0,15.4,0,0.06,-0.4,-0.4,40,53,75.5,504,89,0.1,-0.1,3,2,0,0,46,6,0,0,0,2,0,0,0,0,0,1,4,10,2.43,7,0,0,1,1,1,0,0.0,2,2,0,1,1,2,0.0,2,2,0,2,1,3,1,0,95,1,5,55,38,19,95,7,1,14.3,4,57.1,47,243,105,4,5,16,12,60,21,10.8,66.0,0,16,15.0,0,1.5,4,7,-3,-0.73,-1.44,4.9,6.0,-1.1,-0.26,0,4,1,3,0,0,0,11,2,16,11.1,FWD,123682.0,exact,123682.0,2025-05-30,8000000.0,123682,1992-02-27,England,2026-06-30,180.0,right,32.84599589322382,17.904073587385017,15.894952224644102,1078.8594462176761,Declining,False,True,False,False,False,ENG,UEFA,False,False,False,False,False,True
Harry Wilson,wls WAL,"FW,MF",Fulham,eng Premier League,27.0,1997.0,25,12,1162,12.9,6,1,7,6,0,0,2,0,4.2,4.2,1.1,5.3,22,51,96,0.54,0.41,43,17,39.5,3.33,1.32,0.14,0.35,18.0,1,0.1,1.8,1.8,326,445,73.3,5413,1378,1.2,-0.1,20,26,15,1,393,51,16,1,5,41,4,27,14,6,1,1,6,44,3.41,30,6,0,5,2,1,3,0.23,20,14,13,3,4,18,66.7,6,15,1,14,7,27,10,1,598,11,81,203,324,63,598,24,9,37.5,10,41.7,342,1879,864,18,11,19,6,390,46,34.0,77.0,1,13,18.0,3,1.28,23,21,2,0.15,0.23,16.6,16.7,-0.1,-0.01,0,12,22,1,1,0,0,55,5,20,20.0,FWD,279455.0,exact,279455.0,2025-05-30,15000000.0,279455,1997-03-22,Wales,2026-06-30,173.0,left,27.78097193702943,17.904073587385017,16.52356082573315,771.7824017660167,Peak,False,True,False,False,False,WAL,UEFA,False,False,False,False,False,True
Jonas Wind,dk DEN,"FW,MF",Wolfsburg,de Bundesliga,25.0,1999.0,31,21,1966,21.8,9,3,12,8,1,2,2,0,5.7,4.0,4.2,8.1,17,100,94,0.5,0.45,38,11,28.9,1.74,0.5,0.21,0.73,13.4,0,0.1,3.3,4.0,432,612,70.6,6257,2209,4.7,-1.2,34,66,24,0,591,17,1,6,0,7,0,0,0,0,0,4,20,65,2.97,56,0,0,4,5,0,6,0.27,10,6,1,8,1,8,50.0,4,17,3,14,6,16,15,0,810,17,63,426,325,88,808,20,6,30.0,12,60.0,450,1534,496,10,12,55,28,637,63,64.2,81.0,9,10,27.0,2,1.19,30,31,-1,-0.05,-0.29,29.7,32.2,-2.5,-0.12,0,15,40,4,0,0,0,59,98,100,49.5,FWD,391004.0,exact,391004.0,2025-06-05,12000000.0,391004,1999-02-07,Denmark,2026-06-30,190.0,right,25.900068446269678,17.904073587385017,16.300417291085605,670.8135455214542,Developing,True,False,False,False,False,DEN,UEFA,False,False,False,False,False,True
Yoane Wissa,cd COD,FW,Brentford,eng Premier League,27.0,1996.0,35,34,2919,32.4,19,4,23,19,0,0,5,0,18.5,18.5,2.6,21.1,60,67,154,0.71,0.65,90,41,45.6,2.77,1.26,0.21,0.46,13.2,0,0.21,0.5,0.5,450,588,76.5,6490,1617,1.8,1.4,27,44,13,1,552,33,4,5,1,20,2,1,0,0,0,3,23,69,2.13,40,1,4,13,10,1,10,0.31,22,12,6,8,8,27,40.7,16,29,8,21,8,30,21,3,925,34,136,376,432,163,925,49,15,30.6,24,49.0,550,3469,1662,26,34,77,35,658,83,85.4,85.0,23,1,25.0,0,1.49,56,45,11,0.34,0.7,50.4,44.5,6.0,0.18,0,34,51,14,1,0,0,81,30,36,45.5,FWD,388165.0,exact,388165.0,2025-05-30,32000000.0,388165,1996-09-03,DR Congo,2029-06-30,176.0,right,28.32854209445585,53.90932982917214,17.281246492014,802.5062971973572,Peak,False,True,False,False,False,COD,CAF,False,True,False,False,False,False
Nick Woltemade,de GER,"FW,MF",Stuttgart,de Bundesliga,22.0,2002.0,28,17,1622,18.0,12,2,14,10,2,3,5,1,10.2,8.0,4.6,12.6,31,52,141,0.67,0.82,46,23,50.0,2.55,1.28,0.22,0.43,12.3,0,0.17,1.8,2.0,345,489,70.6,4286,1058,3.4,-2.6,37,31,23,0,477,9,0,5,2,6,1,0,0,0,0,3,14,79,4.38,55,0,8,12,3,1,10,0.55,10,7,2,4,4,10,60.0,4,23,2,21,1,11,15,1,788,19,60,332,405,159,785,71,31,43.7,37,52.1,470,2268,971,28,22,84,50,623,58,53.0,82.0,9,11,21.0,5,1.36,39,28,11,0.61,0.61,37.5,25.1,12.5,0.69,1,24,35,6,0,0,0,53,47,62,43.1,FWD,455661.0,exact,455661.0,2025-06-05,30000000.0,455661,2002-02-14,Germany,2031-06-30,198.0,right,22.88021902806297,77.8909329829172,17.216707972959764,523.5044227721348,Developing,True,False,False,False,False,GER,UEFA,False,False,False,False,False,True
Chris Wood,nz NZL,FW,Nott'ham Forest,eng Premier League,32.0,1991.0,36,35,2959,32.9,20,3,23,17,3,3,1,0,13.4,11.0,2.6,13.6,14,42,94,0.61,0.49,65,32,49.2,1.98,0.97,0.26,0.53,13.5,0,0.17,6.6,6.0,315,490,64.3,4434,1018,1.5,0.4,22,19,12,1,485,0,0,2,1,1,0,0,0,0,0,5,7,44,1.34,36,0,2,4,0,2,5,0.15,6,5,2,2,2,11,27.3,8,12,7,5,5,11,29,1,770,40,89,361,322,105,767,13,4,30.8,8,61.5,376,1279,506,11,5,75,28,563,82,86.5,84.0,14,1,28.0,0,1.72,52,37,15,0.46,1.04,39.0,39.5,-0.5,-0.01,0,25,24,28,0,0,0,50,94,143,39.7,FWD,108725.0,exact,108725.0,2025-05-30,10000000.0,108725,1991-12-07,New Zealand,2027-06-30,191.0,right,33.07049965776865,29.894875164257556,16.118095750958314,1093.6579476144764,Declining,False,True,False,False,False,NZL,OFC,False,False,False,False,True,False
Lamine Yamal,es ESP,FW,Barcelona,es La Liga,17.0,2007.0,35,31,2856,31.7,9,13,22,9,0,0,3,0,9.8,9.8,13.9,23.8,181,160,433,0.69,0.75,144,46,31.9,4.54,1.45,0.06,0.2,19.4,0,0.07,-0.8,-0.8,1161,1553,74.8,16208,4559,11.6,-0.9,64,78,95,16,1497,48,5,33,4,108,23,20,5,0,0,8,57,188,5.92,112,3,38,20,11,4,29,0.91,42,28,8,17,17,38,42.1,22,12,0,12,16,58,3,0,2094,9,104,667,1364,226,2094,316,161,50.9,128,40.5,1486,10141,5270,96,95,102,49,1723,82,83.5,87.0,20,4,41.0,0,2.49,92,28,64,2.02,2.18,80.6,31.3,49.3,1.55,0,30,60,13,2,0,0,123,1,3,25.0,FWD,937958.0,exact,937958.0,2025-06-09,200000000.0,937958,2007-07-13,Spain,2031-06-30,183.0,left,17.472963723477072,77.8909329829172,19.11382792951231,305.30446128194575,Emerging,False,False,True,False,False,ESP,UEFA,False,False,False,False,False,True
Erencan Yardimci,tr TUR,"FW,MF",Hoffenheim,de Bundesliga,22.0,2002.0,8,3,313,3.5,0,0,0,0,0,0,2,0,1.0,1.0,0.0,1.0,4,4,12,0.0,0.3,6,1,16.7,1.73,0.29,0.0,0.0,9.3,0,0.17,-1.0,-1.0,34,56,60.7,531,56,0.0,0.0,0,3,1,0,50,6,0,0,1,1,0,0,0,0,0,0,0,5,1.44,2,0,0,3,0,0,2,0.58,4,3,1,3,0,2,50.0,1,2,0,2,1,5,2,0,99,4,9,51,39,12,99,0,0,,0,,41,147,87,4,1,13,3,67,39,10.2,71.0,0,5,20.0,5,1.13,4,9,-5,-1.44,-0.88,3.6,6.0,-2.4,-0.69,0,8,5,5,0,0,0,4,17,29,37.0,FWD,618898.0,fuzzy_verified,618898.0,2025-06-05,2500000.0,618898,2002-02-04,Türkiye,2026-06-30,188.0,right,22.90759753593429,17.904073587385017,14.731801689838349,524.7580248683428,Developing,True,False,False,False,False,TUR,UEFA,False,False,False,False,False,True
Bertuğ Yıldırım,tr TUR,FW,Getafe,es La Liga,22.0,2002.0,22,14,1083,12.0,1,0,1,1,0,0,7,0,2.5,2.5,1.2,3.7,8,14,48,0.08,0.31,19,7,36.8,1.58,0.58,0.05,0.14,11.4,0,0.13,-1.5,-1.5,101,186,54.3,1304,287,0.6,-1.2,9,9,9,3,176,9,0,0,0,7,0,0,0,0,0,1,4,21,1.75,13,0,1,2,4,1,1,0.08,10,5,0,7,3,7,28.6,5,13,2,11,1,11,16,0,323,21,32,145,150,46,323,16,7,43.8,6,37.5,133,633,148,4,2,40,15,209,49,31.7,68.0,2,8,16.0,12,1.05,5,10,-5,-0.42,-0.42,11.9,12.9,-0.9,-0.08,0,33,18,14,1,0,0,24,73,63,53.7,FWD,672803.0,exact,672803.0,2025-06-09,2000000.0,672803,2002-07-12,Türkiye,2029-06-30,191.0,right,22.47501711156742,53.90932982917214,14.508658238524095,505.12639416524837,Developing,False,False,True,False,False,TUR,UEFA,False,False,False,False,False,True
Kenan Yıldız,tr TUR,"FW,MF",Juventus,it Serie A,19.0,2005.0,35,28,2402,26.7,7,4,11,7,0,0,2,1,4.3,4.3,5.0,9.3,115,121,223,0.41,0.35,61,22,36.1,2.29,0.82,0.11,0.32,17.5,0,0.07,2.7,2.7,896,1124,79.7,13767,3753,4.8,-1.0,57,70,52,13,1040,79,6,9,2,115,21,50,24,14,0,5,24,130,4.87,86,11,13,12,5,3,10,0.37,54,30,13,26,15,32,56.3,14,25,0,25,5,59,13,3,1485,17,161,590,752,103,1485,111,59,53.2,49,44.1,964,6159,3376,59,43,86,41,1116,69,70.2,80.0,13,7,25.0,1,1.94,39,15,24,0.9,0.99,34.9,20.1,14.8,0.56,0,25,48,4,0,0,0,123,8,26,23.5,FWD,845654.0,exact,845654.0,2025-06-17,50000000.0,845654,2005-05-04,Türkiye,2030-06-30,187.0,both,19.66324435318275,65.90013140604468,17.72753358339242,386.64317849297333,Emerging,False,False,False,False,True,TUR,UEFA,False,False,False,False,False,True
Mattia Zaccagni,it ITA,FW,Lazio,it Serie A,29.0,1995.0,34,33,2686,29.8,8,6,14,6,2,2,10,0,6.4,4.9,4.6,9.5,91,114,264,0.4,0.37,46,14,30.4,1.54,0.47,0.13,0.43,17.3,2,0.11,1.6,1.1,872,1151,75.8,14136,3758,4.1,1.4,55,51,39,6,989,160,39,10,6,156,20,101,48,30,0,2,31,107,3.59,69,24,1,6,6,1,9,0.3,38,27,13,21,4,32,50.0,16,19,1,18,29,67,22,2,1458,26,143,561,774,100,1456,96,44,45.8,37,38.5,911,6501,3083,63,27,49,40,1084,79,78.5,81.0,11,1,18.0,0,1.68,40,37,3,0.1,-1.0,40.1,26.7,13.4,0.45,0,35,98,9,0,0,0,86,19,21,47.5,FWD,283735.0,exact,283735.0,2025-06-17,20000000.0,283735,1995-06-16,Italy,2029-06-30,177.0,right,29.54688569472964,53.90932982917214,16.811242881518265,873.018454257419,Peak,False,False,False,False,True,ITA,UEFA,False,False,False,False,False,True
Nicolò Zaniolo,it ITA,FW,Fiorentina,it Serie A,25.0,1999.0,9,4,343,3.8,0,0,0,0,0,0,2,1,0.7,0.6,0.2,0.9,8,5,20,0.0,0.22,9,4,44.4,2.36,1.05,0.0,0.0,20.6,1,0.07,-0.7,-0.6,52,74,70.3,859,175,0.2,-0.2,5,4,1,0,70,3,1,0,1,4,1,1,0,0,0,1,4,10,2.42,6,0,1,0,3,0,0,0.0,3,1,1,2,0,4,0.0,4,2,1,1,0,3,2,0,131,2,13,58,64,12,131,17,6,35.3,8,47.1,100,671,255,6,1,18,10,116,38,10.0,71.0,0,5,12.0,2,1.67,1,2,-1,-0.26,-0.85,3.4,2.7,0.7,0.17,0,11,15,3,0,0,0,11,3,9,25.0,FWD,392085.0,exact,392085.0,2025-06-17,12000000.0,392085,1999-07-02,Italy,2029-06-30,190.0,left,25.503080082135522,53.90932982917214,16.300417291085605,650.4070936758176,Developing,False,False,False,False,True,ITA,UEFA,False,False,False,False,False,True
Nicolò Zaniolo,it ITA,"FW,MF",Atalanta,it Serie A,25.0,1999.0,14,0,356,4.0,2,2,4,2,0,0,4,0,0.9,0.9,0.5,1.5,7,13,33,1.01,0.37,11,4,36.4,2.78,1.01,0.18,0.5,15.1,0,0.08,1.1,1.1,85,102,83.3,1138,252,0.6,1.5,7,5,5,0,97,5,2,1,0,4,0,0,0,0,0,0,1,15,3.79,10,0,1,2,2,0,3,0.76,0,0,0,0,0,2,0.0,2,0,0,0,1,1,0,0,153,0,3,62,90,25,153,16,6,37.5,7,43.8,118,584,237,6,5,18,14,147,25,10.4,,0,14,25.0,6,2.0,12,3,9,2.28,1.34,8.5,3.6,4.9,1.25,0,9,17,0,0,0,0,11,4,5,44.4,FWD,392085.0,exact,392085.0,2025-06-17,12000000.0,392085,1999-07-02,Italy,2029-06-30,190.0,left,25.503080082135522,53.90932982917214,16.300417291085605,650.4070936758176,Developing,False,False,False,False,True,ITA,UEFA,False,False,False,False,False,True
Alessandro Zanoli,it ITA,"FW,DF",Genoa,it Serie A,23.0,2000.0,31,19,1711,19.0,1,0,1,1,0,0,3,0,0.4,0.4,1.6,2.0,65,27,90,0.05,0.11,11,3,27.3,0.58,0.16,0.09,0.33,20.8,0,0.04,0.6,0.6,339,507,66.9,5557,1725,1.1,-1.6,19,10,21,13,464,43,0,2,1,65,43,0,0,0,0,0,24,32,1.68,25,2,2,1,1,1,1,0.05,29,20,11,14,4,23,43.5,13,20,3,17,12,41,40,0,720,29,165,298,267,43,720,56,20,35.7,32,57.1,364,3333,1829,48,24,32,9,442,55,50.0,74.0,3,12,26.0,4,1.06,20,22,-2,-0.11,0.42,15.4,22.9,-7.5,-0.4,0,17,19,1,0,0,0,60,19,19,50.0,FWD,397225.0,exact,397225.0,2025-06-17,6000000.0,397225,2000-10-03,Italy,2029-06-30,188.0,right,24.246406570841888,53.90932982917214,15.607270193858982,587.8882315985646,Developing,False,False,False,False,True,ITA,UEFA,False,False,False,False,False,True
Duván Zapata,co COL,FW,Torino,it Serie A,33.0,1991.0,7,7,587,6.5,3,0,3,3,0,0,1,0,3.4,3.4,0.5,3.9,6,7,36,0.46,0.59,21,8,38.1,3.22,1.23,0.14,0.38,11.6,0,0.16,-0.4,-0.4,87,126,69.0,1223,191,0.5,-0.5,9,4,4,1,114,10,1,0,0,3,0,0,0,0,0,2,3,20,3.07,14,0,1,3,1,1,1,0.15,7,5,2,0,5,3,0.0,3,2,1,1,2,9,7,0,192,11,25,72,96,39,192,9,1,11.1,7,77.8,104,470,207,4,4,9,8,141,84,17.2,84.0,4,0,,0,1.57,11,9,2,0.31,0.56,8.5,11.0,-2.4,-0.37,0,10,8,2,0,0,0,15,20,28,41.7,FWD,73794.0,exact,73794.0,2025-06-17,3500000.0,73794,1991-04-01,Colombia,2027-06-30,188.0,right,33.75496235455168,29.894875164257556,15.068273812173887,1139.397483557201,Declining,False,False,False,False,True,COL,CONMEBOL,False,False,False,True,False,False
Bryan Zaragoza,es ESP,"FW,MF",Osasuna,es La Liga,23.0,2001.0,27,22,1836,20.4,1,6,7,1,0,0,4,0,2.7,2.7,3.2,5.9,105,50,140,0.34,0.29,42,13,31.0,2.06,0.64,0.02,0.08,20.2,0,0.06,-1.7,-1.7,358,554,64.6,6526,1835,5.1,2.8,36,23,34,20,484,67,17,4,5,104,16,28,10,5,0,3,19,71,3.49,41,11,13,1,5,0,9,0.44,13,9,8,4,1,21,28.6,15,10,0,10,4,17,8,0,782,4,70,286,444,84,782,131,57,43.5,67,51.1,544,4839,2697,62,51,41,15,585,68,53.7,77.0,2,5,28.0,1,1.48,29,27,2,0.1,0.44,23.3,28.7,-5.4,-0.27,0,19,39,9,0,0,0,55,2,10,16.7,FWD,713644.0,exact,713644.0,2025-06-09,12000000.0,713644,2001-09-09,Spain,2026-06-30,164.0,right,23.312799452429843,17.904073587385017,16.300417291085605,543.4866183092132,Developing,False,False,True,False,False,ESP,UEFA,False,False,False,False,False,True
Anass Zaroury,ma MAR,"FW,MF",Lens,fr Ligue 1,23.0,2000.0,28,16,1405,15.6,2,2,4,2,0,0,3,1,1.7,1.7,2.9,4.6,49,65,107,0.26,0.29,35,12,34.3,2.24,0.77,0.06,0.17,22.4,0,0.05,0.3,0.3,506,746,67.8,8251,2733,3.3,-0.9,35,39,34,13,661,82,17,3,5,125,14,39,27,4,0,3,31,72,4.61,49,14,2,4,3,0,4,0.26,23,17,6,12,5,26,34.6,17,9,0,9,6,29,15,0,893,11,106,387,408,26,893,35,17,48.6,18,51.4,541,2941,1437,41,8,27,14,660,50,45.9,74.0,4,12,19.0,4,1.39,26,22,4,0.26,0.31,29.5,22.1,7.4,0.48,1,13,24,2,1,0,0,59,2,5,28.6,FWD,491296.0,exact,491296.0,2025-06-03,8000000.0,491296,2000-11-07,Morocco,2026-06-30,176.0,right,24.150581793292265,17.904073587385017,15.894952224644102,583.2506009544998,Developing,False,False,False,True,False,MAR,CAF,False,True,False,False,False,False
Edon Zhegrova,xk KVX,"FW,MF",Lille,fr Ligue 1,25.0,1999.0,12,12,978,10.9,4,1,5,4,0,0,1,0,2.3,2.3,2.2,4.5,37,54,81,0.46,0.41,23,9,39.1,2.12,0.83,0.17,0.44,22.2,2,0.1,1.7,1.7,316,416,76.0,4971,1467,2.4,-1.2,16,17,26,3,352,58,17,2,1,58,8,33,9,14,0,6,8,38,3.5,21,9,5,1,2,0,3,0.28,5,2,3,0,2,7,28.6,5,8,0,8,4,9,1,0,524,0,29,156,346,35,524,55,23,41.8,30,54.5,360,2623,1236,31,18,23,29,396,82,32.0,82.0,4,0,,0,1.67,18,11,7,0.64,0.26,17.2,14.5,2.7,0.25,0,10,11,5,0,0,0,42,3,2,60.0,FWD,496857.0,exact,496857.0,2025-06-03,25000000.0,496857,1999-03-31,Kosovo,2030-06-30,180.0,left,25.75770020533881,65.90013140604468,17.034386422832473,663.459119868111,Developing,False,False,False,True,False,KVX,UEFA,False,False,False,False,False,True
Joshua Zirkzee,nl NED,"FW,MF",Manchester Utd,eng Premier League,23.0,2001.0,32,14,1402,15.6,3,1,4,3,0,0,2,0,4.8,4.8,1.5,6.3,14,44,69,0.26,0.41,28,11,39.3,1.8,0.71,0.11,0.27,13.1,0,0.17,-1.8,-1.8,292,410,71.2,3600,901,1.1,-0.5,12,26,6,0,400,9,1,6,2,4,0,0,0,0,0,1,15,31,1.99,28,0,0,2,1,0,3,0.19,14,8,3,8,3,10,50.0,5,15,4,11,6,20,8,1,587,16,71,303,219,56,587,35,11,31.4,24,68.6,327,1483,523,21,4,41,30,418,44,41.0,72.0,4,18,22.0,0,1.19,26,24,2,0.13,0.66,22.8,24.4,-1.6,-0.1,0,9,13,3,1,0,0,57,21,54,28.0,FWD,435648.0,exact,435648.0,2025-05-30,30000000.0,435648,2001-05-22,Netherlands,2029-06-30,193.0,right,23.613963039014372,53.90932982917214,17.216707972959764,557.6192504079369,Developing,False,True,False,False,False,NED,UEFA,False,False,False,False,False,True
Budu Zivzivadze,ge GEO,FW,Heidenheim,de Bundesliga,30.0,1994.0,15,10,958,10.6,2,3,5,2,0,0,0,0,1.7,1.7,1.5,3.2,11,20,43,0.47,0.3,22,9,40.9,2.07,0.85,0.09,0.22,14.3,0,0.08,0.3,0.3,142,205,69.3,2120,442,1.4,1.5,12,7,8,2,200,5,0,1,0,4,1,0,0,0,0,0,10,26,2.45,22,0,1,1,1,1,4,0.38,17,11,1,9,7,8,50.0,4,9,0,9,3,20,7,0,332,7,26,158,152,37,332,30,9,30.0,19,63.3,185,904,370,12,2,27,16,219,64,31.3,84.0,8,5,23.0,0,1.07,13,16,-3,-0.28,0.75,12.0,16.1,-4.1,-0.39,0,9,15,6,0,0,0,33,23,63,26.7,FWD,187097.0,exact,187097.0,2025-06-05,2000000.0,187097,1994-03-10,Georgia,2029-06-30,189.0,both,30.8145106091718,53.90932982917214,14.508658238524095,949.5340640827615,Declining,True,False,False,False,False,GEO,UEFA,False,False,False,False,False,True
