Player,Nation,Pos,Squad,Comp,Age,Born,MP_playing_time,Starts_playing_time,Min_playing_time,90s,Gls,Ast,G+A,G-PK,PK,PKatt_shooting,CrdY,CrdR,xG,npxG,xAG,npxG+xAG,PrgC,PrgP,PrgR,G+A-PK,xG+xAG,Sh_shooting,SoT,Sh/90,SoT/90,FK_shooting,G-xG,np:G-xG,Cmp_passing_types,Att_passing_types,Cmp%_passing,TotDist_passing,PrgDist_passing,xA,A-xAG,KP,1/3_passing,PPA,CrsPA,Live_passing_types,Dead,FK_passing_types,TB,Sw,Crs,TI,CK_passing_types,In,Out,Str,Off_passing_types,Blocks_passing_types,SCA,SCA90,PassLive,PassDead,TO,Sh_gca,Fld_gca,Def,GCA,GCA90,Tkl,TklW,Def 3rd_defense,Mid 3rd_defense,Att 3rd_defense,Att_defense,Tkl%,Lost_defense,Blocks_defense,Sh_defense,Pass,Int,Tkl+Int,Clr,Err,Touches,Def Pen,Def 3rd_possession,Mid 3rd_possession,Att 3rd_possession,Att Pen,Live_possession,Att_possession,Succ,Succ%,Tkld,Tkld%,Carries,TotDist_possession,PrgDist_possession,1/3_possession,CPA,Mis,Dis,Rec,Mn/MP,Min%,Mn/Start,Compl,Subs,Mn/Sub,unSub,PPM,onG,onGA,+/-,+/-90,On-Off,onxG,onxGA,xG+/-,xG+/-90,2CrdY,Fls,Fld_misc,Off_misc,PKwon,PKcon,OG_misc,Recov,Won,Lost_misc,Won%,MP_keeper,Starts_keeper,Min_keeper,GA,GA90,SoTA,Saves,Save%,W,D,L,CS,CS%,PKatt_keeper,PKA,PKsv,PKm,FK_keeper_adv,CK_keeper_adv,OG_keeper_adv,PSxG,PSxG/SoT,PSxG+/-,/90,Cmp_keeper_adv,Att_keeper_adv,Cmp%_keeper_adv,Att (GK),Thr,Launch%,AvgLen,Opp,Stp,Stp%,#OPA,#OPA/90,AvgDist,position_group,tm_player_id,match_method,player_id,date,market_value_in_eur,player_id_tm,date_of_birth,country_of_citizenship,contract_expiration_date,height_in_cm,foot,age_precise,contract_months_remaining,log_market_value,age_squared,career_stage,league_de Bundesliga,league_eng Premier League,league_es La Liga,league_fr Ligue 1,league_it Serie A,nation_code,confederation,confed_AFC,confed_CAF,confed_CONCACAF,confed_CONMEBOL,confed_OFC,confed_UEFA
Julen Agirrezabala,es ESP,GK,Athletic Club,es La Liga,23.0,2000.0,14,14,1206,13.4,0,0,0,0,0,0,1,1,0.0,0.0,0.0,0.0,0,0,0,0.0,0.0,0,0,0.0,0.0,0,0.0,0.0,281,411,68.4,7681,5777,0.0,0.0,0,1,0,0,305,102,36,0,0,0,0,0,0,0,0,4,0,3,0.22,3,0,0,0,0,0,0,0.0,0,0,0,0,0,1,0.0,1,0,0,0,0,0,4,0,437,357,436,1,0,0,437,0,0,,0,,237,1238,682,0,0,1,0,211,86,35.3,86.0,12,0,,22,2.21,22,9,13,0.97,0.48,19.0,11.0,8.0,0.6,0,3,1,0,0,2,0,21,5,0,100.0,14.0,14.0,1206.0,9.0,0.67,34.0,24.0,76.5,9.0,4.0,1.0,5.0,35.7,2.0,1.0,1.0,0.0,2.0,1.0,0.0,10.5,0.27,1.5,0.11,57.0,178.0,32.0,341.0,51.0,37.5,33.9,143.0,20.0,14.0,17.0,1.27,14.2,GK,625014.0,exact,625014.0,2025-06-09,15000000.0,625014,2000-12-26,Spain,2026-06-30,187.0,left,24.016427104722794,17.904073587385017,16.52356082573315,576.7887708764637,Developing,False,False,True,False,False,ESP,UEFA,False,False,False,False,False,True
Alisson,br BRA,GK,Liverpool,eng Premier League,31.0,1992.0,28,28,2508,27.9,0,0,0,0,0,0,0,0,0.0,0.0,0.6,0.6,0,1,0,0.0,0.02,0,0,0.0,0.0,0,0.0,0.0,794,959,82.8,17555,11360,0.2,-0.6,1,12,0,0,836,121,41,1,1,0,0,0,0,0,0,2,1,7,0.25,7,0,0,0,0,0,1,0.04,1,0,1,0,0,1,0.0,1,0,0,0,0,1,13,1,1011,742,991,20,0,0,1011,1,1,100.0,0,0.0,658,2625,1586,0,0,1,0,618,90,73.3,90.0,27,0,,0,2.18,64,29,35,1.26,0.27,62.2,27.4,34.9,1.25,0,0,2,0,0,0,0,47,7,0,100.0,28.0,28.0,2508.0,29.0,1.04,100.0,73.0,72.0,18.0,7.0,3.0,9.0,32.1,1.0,1.0,0.0,0.0,0.0,2.0,2.0,30.5,0.3,3.5,0.13,68.0,203.0,33.5,877.0,128.0,19.7,26.6,255.0,11.0,4.3,49.0,1.76,16.0,GK,105470.0,exact,105470.0,2025-05-30,20000000.0,105470,1992-10-02,Brazil,2027-06-30,193.0,right,32.24914442162902,29.894875164257556,16.811242881518265,1040.007315927086,Declining,False,True,False,False,False,BRA,CONMEBOL,False,False,False,True,False,False
Alphonse Areola,fr FRA,GK,West Ham,eng Premier League,31.0,1993.0,26,25,2260,25.1,0,0,0,0,0,0,0,0,0.0,0.0,0.0,0.0,0,1,0,0.0,0.0,0,0,0.0,0.0,0,0.0,0.0,688,989,69.6,18224,12284,0.0,0.0,0,11,0,0,716,268,72,0,3,0,0,0,0,0,0,5,3,3,0.12,2,1,0,0,0,0,0,0.0,2,2,2,0,0,3,66.7,1,0,0,0,0,2,15,3,1049,833,1038,12,0,0,1049,0,0,,0,,601,2480,1348,0,0,0,0,555,87,66.1,88.0,24,1,55.0,8,0.96,29,41,-12,-0.48,-0.17,30.1,37.3,-7.2,-0.29,0,0,0,0,0,0,1,29,2,0,100.0,26.0,25.0,2260.0,41.0,1.63,115.0,77.0,64.3,5.0,7.0,13.0,5.0,20.0,0.0,0.0,0.0,0.0,0.0,5.0,3.0,35.4,0.31,-2.6,-0.1,135.0,384.0,35.2,788.0,119.0,34.4,32.1,394.0,15.0,3.8,30.0,1.19,15.0,GK,120629.0,exact,120629.0,2025-05-30,9000000.0,120629,1993-02-27,France,2027-06-30,195.0,right,31.84394250513347,29.894875164257556,16.012735246411598,1014.0366742702461,Declining,False,True,False,False,False,FRA,UEFA,False,False,False,False,False,True
Kepa Arrizabalaga,es ESP,GK,Bournemouth,eng Premier League,29.0,1994.0,31,31,2790,31.0,0,0,0,0,0,0,3,0,0.1,0.1,0.0,0.1,0,2,0,0.0,0.0,1,0,0.03,0.0,0,-0.1,-0.1,752,1027,73.2,20531,13943,0.0,0.0,1,10,0,0,728,295,103,0,0,0,0,0,0,0,0,4,2,4,0.13,2,2,0,0,0,0,0,0.0,1,0,1,0,0,2,0.0,2,2,0,2,0,1,15,3,1087,800,1057,29,1,1,1087,1,1,100.0,0,0.0,621,3129,1797,0,0,0,0,486,90,81.6,90.0,31,0,,1,1.48,50,39,11,0.35,0.21,53.6,38.3,15.3,0.49,0,2,6,0,0,2,0,56,7,1,87.5,31.0,31.0,2790.0,39.0,1.26,134.0,95.0,73.9,13.0,7.0,11.0,8.0,25.8,4.0,4.0,0.0,0.0,0.0,4.0,0.0,41.0,0.28,2.0,0.07,132.0,365.0,36.2,831.0,122.0,33.2,32.9,367.0,22.0,6.0,54.0,1.74,16.0,GK,192279.0,exact,192279.0,2025-05-30,10000000.0,192279,1994-10-03,Spain,2028-06-30,188.0,right,30.247775496235455,41.9185282522996,16.118095750958314,914.927922470662,Declining,False,True,False,False,False,ESP,UEFA,False,False,False,False,False,True
Noah Atubolu,de GER,GK,Freiburg,de Bundesliga,22.0,2002.0,26,26,2307,25.6,0,0,0,0,0,0,2,0,0.0,0.0,0.0,0.0,0,2,0,0.0,0.0,0,0,0.0,0.0,0,0.0,0.0,849,1140,74.5,23928,17335,0.1,0.0,0,27,1,0,952,186,60,0,2,0,0,0,0,0,0,2,1,6,0.23,5,1,0,0,0,0,0,0.0,0,0,0,0,0,0,,0,0,0,0,0,0,13,4,1198,918,1188,11,0,0,1198,0,0,,0,,680,3599,1803,0,0,0,0,680,89,75.4,89.0,25,0,,2,1.62,37,37,0,0.0,0.48,33.0,32.1,0.8,0.03,0,0,0,0,0,0,0,53,10,1,90.9,26.0,26.0,2307.0,37.0,1.44,120.0,81.0,69.2,12.0,6.0,8.0,10.0,38.5,2.0,0.0,2.0,0.0,1.0,3.0,0.0,37.0,0.3,0.0,0.0,159.0,414.0,38.4,1012.0,110.0,32.4,33.1,377.0,34.0,9.0,28.0,1.09,12.7,GK,526845.0,exact,526845.0,2025-06-05,18000000.0,526845,2002-05-25,Germany,2027-06-30,190.0,right,22.60643394934976,29.894875164257556,16.705882371415992,511.0508559063134,Developing,True,False,False,False,False,GER,UEFA,False,False,False,False,False,True
Emil Audero,id IDN,GK,Como,it Serie A,27.0,1997.0,8,8,720,8.0,0,0,0,0,0,0,0,0,0.0,0.0,0.0,0.0,0,0,0,0.0,0.0,0,0,0.0,0.0,0,0.0,0.0,209,253,82.6,4830,3117,0.0,0.0,0,1,0,0,217,36,15,0,0,0,0,0,0,0,0,0,0,0,0.0,0,0,0,0,0,0,0,0.0,0,0,0,0,0,1,0.0,1,0,0,0,0,0,4,1,269,219,268,1,0,0,269,0,0,,0,,177,821,476,0,0,0,0,162,90,21.1,90.0,8,0,,15,1.0,11,18,-7,-0.87,-1.01,9.7,11.3,-1.6,-0.2,0,0,1,0,0,0,0,12,2,1,66.7,8.0,8.0,720.0,18.0,2.25,34.0,16.0,58.8,2.0,2.0,4.0,0.0,0.0,4.0,4.0,0.0,0.0,0.0,2.0,0.0,12.4,0.27,-5.6,-0.7,17.0,55.0,30.9,232.0,30.0,22.0,28.6,95.0,5.0,5.3,8.0,1.0,12.9,GK,256339.0,exact,256339.0,2025-06-02,3200000.0,256339,1997-01-18,Indonesia,2026-06-30,192.0,right,27.953456536618756,17.904073587385017,14.978661680269907,781.3957323446339,Peak,False,False,False,False,True,IDN,AFC,True,False,False,False,False,False
Augusto Batalla,ar ARG,GK,Rayo Vallecano,es La Liga,28.0,1996.0,32,32,2880,32.0,0,0,0,0,0,0,6,0,0.0,0.0,0.0,0.0,0,2,0,0.0,0.0,0,0,0.0,0.0,0,0.0,0.0,784,1177,66.6,23121,17259,0.1,0.0,1,25,1,0,882,291,107,0,2,0,0,0,0,0,0,4,3,7,0.22,6,1,0,0,0,0,0,0.0,4,2,4,0,0,6,66.7,2,0,0,0,0,4,15,4,1260,1034,1245,15,0,0,1260,6,6,100.0,0,0.0,769,3644,2275,0,0,1,0,628,90,84.2,90.0,32,0,,3,1.31,34,39,-5,-0.16,-0.32,40.6,41.5,-0.9,-0.03,0,1,6,0,0,0,0,49,9,0,100.0,32.0,32.0,2880.0,39.0,1.22,133.0,93.0,75.2,10.0,12.0,10.0,8.0,25.0,8.0,6.0,2.0,0.0,0.0,6.0,1.0,40.0,0.25,2.0,0.06,177.0,534.0,33.1,989.0,129.0,42.3,38.2,453.0,35.0,7.7,38.0,1.19,14.4,GK,275218.0,exact,275218.0,2025-06-09,6000000.0,275218,1996-04-30,Argentina,2030-06-30,185.0,right,28.673511293634498,65.90013140604468,15.607270193858982,822.1702499061851,Peak,False,False,True,False,False,ARG,CONMEBOL,False,False,False,True,False,False
Oliver Baumann,de GER,GK,Hoffenheim,de Bundesliga,34.0,1990.0,28,28,2520,28.0,0,0,0,0,0,0,1,0,0.0,0.0,1.0,1.0,0,1,0,0.0,0.03,0,0,0.0,0.0,0,0.0,0.0,734,1062,69.1,21741,16685,0.7,-1.0,3,39,4,0,844,215,79,3,2,0,0,0,0,0,0,3,0,10,0.36,6,4,0,0,0,0,2,0.07,2,2,2,0,0,4,50.0,2,0,0,0,0,2,15,2,1147,901,1123,25,0,0,1147,1,1,100.0,0,0.0,678,3213,1803,0,0,0,0,574,90,82.4,90.0,28,0,,0,0.93,35,53,-18,-0.64,0.02,33.0,44.5,-11.4,-0.41,0,0,6,0,0,0,0,53,8,0,100.0,28.0,28.0,2520.0,53.0,1.89,138.0,84.0,63.0,6.0,8.0,14.0,4.0,14.3,5.0,2.0,3.0,0.0,1.0,7.0,2.0,52.1,0.36,1.1,0.04,178.0,478.0,37.2,923.0,121.0,41.6,36.5,407.0,18.0,4.4,31.0,1.11,14.5,GK,55089.0,exact,55089.0,2025-06-05,3000000.0,55089,1990-06-02,Germany,2028-06-30,187.0,right,34.5845311430527,41.9185282522996,14.914123179965662,1196.0897943847822,Declining,True,False,False,False,False,GER,UEFA,False,False,False,False,False,True
Altay Bayındır,tr TUR,GK,Manchester Utd,eng Premier League,26.0,1998.0,4,4,360,4.0,0,0,0,0,0,0,0,0,0.0,0.0,0.0,0.0,0,0,0,0.0,0.0,0,0,0.0,0.0,0,0.0,0.0,92,152,60.5,2444,1386,0.0,0.0,0,1,0,0,121,31,7,0,0,0,0,0,0,0,0,0,2,0,0.0,0,0,0,0,0,0,0,0.0,0,0,0,0,0,1,0.0,1,0,0,0,0,0,9,1,168,145,166,2,0,0,168,0,0,,0,,110,432,196,0,0,0,0,103,90,10.5,90.0,4,0,,27,0.75,6,10,-4,-1.0,-0.82,7.3,7.0,0.3,0.06,0,0,1,0,0,0,0,3,1,1,50.0,4.0,4.0,360.0,10.0,2.5,17.0,8.0,41.2,1.0,0.0,3.0,1.0,25.0,0.0,0.0,0.0,0.0,0.0,0.0,1.0,10.1,0.59,1.1,0.27,13.0,62.0,21.0,128.0,12.0,34.4,34.1,56.0,4.0,7.1,7.0,1.75,12.0,GK,336077.0,exact,336077.0,2025-05-30,8000000.0,336077,1998-04-14,Türkiye,2027-06-30,198.0,right,26.718685831622178,29.894875164257556,15.894952224644102,713.8881725689278,Peak,False,True,False,False,False,TUR,UEFA,False,False,False,False,False,True
Dimitry Bertaud,cd COD,GK,Montpellier,fr Ligue 1,26.0,1998.0,4,4,360,4.0,0,0,0,0,0,0,0,0,0.0,0.0,0.0,0.0,0,0,0,0.0,0.0,0,0,0.0,0.0,0,0.0,0.0,82,114,71.9,2389,1824,0.0,0.0,0,3,0,0,80,33,6,0,0,0,0,0,0,0,0,1,0,0,0.0,0,0,0,0,0,0,0,0.0,0,0,0,0,0,0,,0,0,0,0,0,0,2,0,122,104,122,0,0,0,122,0,0,,0,,63,344,194,0,0,0,0,50,90,11.8,90.0,4,0,,30,0.75,6,11,-5,-1.25,0.45,4.2,9.9,-5.8,-1.45,0,0,0,0,0,0,0,2,0,0,,4.0,4.0,360.0,11.0,2.75,21.0,10.0,57.1,1.0,0.0,3.0,0.0,0.0,2.0,2.0,0.0,0.0,0.0,0.0,0.0,8.8,0.35,-2.2,-0.54,20.0,47.0,42.6,86.0,19.0,38.4,34.5,55.0,8.0,14.5,3.0,0.75,13.3,GK,371816.0,exact,371816.0,2024-06-03,1200000.0,371816,1998-06-06,DR Congo,,183.0,right,26.573579739904176,,13.997832948091215,706.1551401930457,Peak,False,False,False,True,False,COD,CAF,False,True,False,False,False,False
Marco Bizot,nl NED,GK,Brest,fr Ligue 1,33.0,1991.0,32,32,2880,32.0,0,0,0,0,0,0,4,0,0.0,0.0,0.0,0.0,0,1,0,0.0,0.0,0,0,0.0,0.0,0,0.0,0.0,775,1121,69.1,24224,18621,0.0,0.0,0,8,0,0,818,300,84,0,2,0,0,0,0,0,0,3,0,2,0.06,2,0,0,0,0,0,0,0.0,2,1,2,0,0,2,50.0,1,0,0,0,0,2,33,0,1204,1035,1197,7,0,0,1204,0,0,,0,,658,3269,1538,0,0,2,0,587,90,94.1,90.0,32,0,,0,1.47,47,54,-7,-0.22,-0.22,42.2,55.3,-13.2,-0.41,0,1,5,0,0,0,0,34,5,0,100.0,32.0,32.0,2880.0,54.0,1.69,128.0,74.0,64.1,14.0,5.0,13.0,10.0,31.3,10.0,8.0,1.0,1.0,1.0,4.0,1.0,46.2,0.31,-6.8,-0.21,218.0,522.0,41.8,902.0,134.0,42.0,36.0,459.0,33.0,7.2,53.0,1.66,16.2,GK,124884.0,exact,124884.0,2025-06-03,3000000.0,124884,1991-03-10,Netherlands,2027-06-30,193.0,right,33.81519507186858,29.894875164257556,14.914123179965662,1143.4674177485251,Declining,False,False,False,True,False,NED,UEFA,False,False,False,False,False,True
Jean Butez,fr FRA,GK,Como,it Serie A,29.0,1995.0,19,18,1666,18.5,0,0,0,0,0,0,0,0,0.0,0.0,0.0,0.0,0,1,0,0.0,0.0,0,0,0.0,0.0,0,0.0,0.0,588,752,78.2,15581,11219,0.0,0.0,1,20,1,0,666,86,43,0,0,0,0,0,0,0,0,0,1,5,0.27,5,0,0,0,0,0,0,0.0,0,0,0,0,0,2,0.0,2,0,0,0,0,0,18,1,799,641,791,9,0,0,799,0,0,,0,,534,2755,1559,0,0,1,0,447,88,48.7,90.0,18,1,46.0,1,1.47,26,20,6,0.32,0.79,22.2,21.5,0.8,0.04,0,1,2,0,0,1,0,43,6,0,100.0,19.0,18.0,1666.0,20.0,1.08,68.0,48.0,73.5,8.0,4.0,6.0,5.0,27.8,2.0,2.0,0.0,0.0,0.0,1.0,0.0,20.1,0.27,0.1,0.0,90.0,235.0,38.3,709.0,92.0,30.2,32.0,190.0,22.0,11.6,51.0,2.76,18.2,GK,290537.0,exact,290537.0,2025-06-17,3500000.0,290537,1995-06-08,France,2030-06-30,189.0,right,29.568788501026695,65.90013140604468,15.068273812173887,874.3132534184485,Peak,False,False,False,False,True,FRA,UEFA,False,False,False,False,False,True
Marcin Bułka,pl POL,GK,Nice,fr Ligue 1,24.0,1999.0,34,34,3060,34.0,0,0,0,0,0,0,0,0,0.0,0.0,0.2,0.2,0,2,0,0.0,0.01,0,0,0.0,0.0,0,0.0,0.0,898,1110,80.9,21944,15371,0.1,-0.2,1,12,0,0,878,232,70,0,0,0,0,0,0,0,0,0,1,3,0.09,3,0,0,0,0,0,1,0.03,0,0,0,0,0,1,0.0,1,0,0,0,0,0,16,6,1196,957,1187,9,1,1,1196,1,0,0.0,1,100.0,702,3363,2185,0,0,2,0,605,90,100.0,90.0,34,0,,0,1.76,66,41,25,0.74,,61.6,40.2,21.4,0.63,0,0,5,0,0,0,0,62,8,0,100.0,34.0,34.0,3060.0,41.0,1.21,161.0,120.0,75.8,17.0,9.0,8.0,8.0,23.5,3.0,2.0,1.0,0.0,0.0,4.0,1.0,43.0,0.26,3.0,0.09,112.0,272.0,41.2,948.0,173.0,22.8,28.6,470.0,39.0,8.3,33.0,0.97,12.8,GK,465955.0,fuzzy_verified,465955.0,2025-06-03,20000000.0,465955,1999-10-04,Poland,2029-06-30,199.0,right,25.245722108145106,53.90932982917214,16.811242881518265,637.3464847616866,Developing,False,False,False,True,False,POL,UEFA,False,False,False,False,False,True
Elia Caprile,it ITA,GK,Cagliari,it Serie A,22.0,2001.0,18,18,1620,18.0,0,0,0,0,0,0,0,0,0.0,0.0,0.0,0.0,0,0,0,0.0,0.0,0,0,0.0,0.0,0,0.0,0.0,482,706,68.3,15126,11822,0.0,0.0,0,6,0,0,490,215,56,0,0,0,0,0,0,0,0,1,0,0,0.0,0,0,0,0,0,0,0,0.0,1,0,1,0,0,2,0.0,2,0,0,0,0,1,9,1,756,620,754,2,0,0,756,0,0,,0,,408,1899,1065,0,0,1,0,335,90,47.4,90.0,18,0,,0,1.06,22,22,0,0.0,0.8,17.4,21.5,-4.1,-0.23,0,0,6,0,0,0,0,16,4,0,100.0,18.0,18.0,1620.0,22.0,1.22,66.0,44.0,68.2,5.0,4.0,9.0,5.0,27.8,1.0,1.0,0.0,0.0,0.0,4.0,0.0,23.5,0.35,1.5,0.08,132.0,332.0,39.8,546.0,93.0,44.1,36.8,266.0,18.0,6.8,23.0,1.28,15.6,GK,421873.0,exact,421873.0,2025-06-17,9000000.0,421873,2001-08-25,Italy,2029-06-30,191.0,right,23.353867214236825,53.90932982917214,16.012735246411598,545.4031138602056,Developing,False,False,False,False,True,ITA,UEFA,False,False,False,False,False,True
Elia Caprile,it ITA,GK,Napoli,it Serie A,22.0,2001.0,4,3,325,3.6,0,0,0,0,0,0,0,0,0.0,0.0,0.0,0.0,0,0,0,0.0,0.0,0,0,0.0,0.0,0,0.0,0.0,81,98,82.7,2186,1425,0.0,0.0,0,2,0,0,77,20,5,0,0,0,0,0,0,0,0,1,0,0,0.0,0,0,0,0,0,0,0,0.0,0,0,0,0,0,0,,0,0,0,0,0,0,2,0,105,79,105,0,0,0,105,0,0,,0,,44,234,161,0,0,0,0,62,81,9.5,90.0,3,1,55.0,15,2.5,6,1,5,1.38,0.6,4.5,1.6,2.9,0.8,0,0,0,0,0,0,0,3,1,0,100.0,4.0,3.0,325.0,1.0,0.28,8.0,7.0,87.5,3.0,0.0,0.0,3.0,100.0,0.0,0.0,0.0,0.0,0.0,0.0,0.0,2.2,0.27,1.2,0.32,11.0,25.0,44.0,82.0,9.0,25.6,31.7,31.0,3.0,9.7,3.0,0.83,13.7,GK,421873.0,exact,421873.0,2025-06-17,9000000.0,421873,2001-08-25,Italy,2029-06-30,191.0,right,23.353867214236825,53.90932982917214,16.012735246411598,545.4031138602056,Developing,False,False,False,False,True,ITA,UEFA,False,False,False,False,False,True
Dani Cárdenas,es ESP,GK,Rayo Vallecano,es La Liga,27.0,1997.0,6,6,540,6.0,0,0,0,0,0,0,0,0,0.0,0.0,0.0,0.0,0,0,0,0.0,0.0,0,0,0.0,0.0,0,0.0,0.0,94,179,52.5,3014,2377,0.0,0.0,0,2,0,0,111,67,21,0,0,0,0,0,0,0,0,1,0,1,0.17,0,1,0,0,0,0,0,0.0,0,0,0,0,0,0,,0,0,0,0,0,0,3,0,190,165,189,1,0,0,190,0,0,,0,,95,468,246,0,0,0,0,71,90,15.8,90.0,6,0,,32,1.67,7,6,1,0.17,0.32,4.9,7.5,-2.7,-0.44,0,0,1,0,0,0,0,6,0,0,,6.0,6.0,540.0,6.0,1.0,20.0,14.0,70.0,3.0,1.0,2.0,2.0,33.3,0.0,0.0,0.0,0.0,0.0,0.0,0.0,5.6,0.29,-0.4,-0.06,26.0,106.0,24.5,132.0,21.0,56.8,44.3,79.0,2.0,2.5,1.0,0.17,10.2,GK,397676.0,exact,397676.0,2025-06-09,1800000.0,397676,1997-03-28,Spain,2027-06-30,186.0,right,27.76454483230664,29.894875164257556,14.403297778421795,770.8699497451654,Peak,False,False,True,False,False,ESP,UEFA,False,False,False,False,False,True
Patrik Carlgren,se SWE,GK,Nantes,fr Ligue 1,32.0,1992.0,5,4,417,4.6,0,0,0,0,0,0,0,0,0.0,0.0,0.0,0.0,0,0,0,0.0,0.0,0,0,0.0,0.0,0,0.0,0.0,90,137,65.7,2681,2084,0.0,0.0,0,1,0,0,83,53,16,0,0,0,0,0,0,0,0,1,0,0,0.0,0,0,0,0,0,0,0,0.0,0,0,0,0,0,0,,0,0,0,0,0,0,0,0,144,124,144,0,0,0,144,0,0,,0,,75,502,319,0,0,0,0,50,83,13.6,90.0,4,1,57.0,26,1.0,5,7,-2,-0.43,-0.06,4.1,7.7,-3.6,-0.77,0,0,1,0,0,0,0,3,0,1,0.0,5.0,4.0,417.0,7.0,1.51,28.0,21.0,75.0,1.0,2.0,1.0,1.0,25.0,0.0,0.0,0.0,0.0,0.0,1.0,0.0,8.5,0.3,1.5,0.31,22.0,63.0,34.9,99.0,27.0,36.4,34.4,80.0,1.0,1.3,1.0,0.22,10.9,GK,190280.0,exact,190280.0,2025-06-03,600000.0,190280,1992-01-08,Sweden,2026-06-30,189.0,right,32.982888432580424,17.904073587385017,13.304686600863562,1087.8709293560476,Declining,False,False,False,True,False,SWE,UEFA,False,False,False,False,False,True
Marco Carnesecchi,it ITA,GK,Atalanta,it Serie A,24.0,2000.0,34,34,3060,34.0,0,0,0,0,0,0,1,0,0.0,0.0,0.2,0.2,0,0,0,0.0,0.01,0,0,0.0,0.0,0,0.0,0.0,811,1082,75.0,22450,14922,0.0,-0.2,1,9,0,0,821,258,57,0,0,0,0,0,0,0,0,3,0,5,0.15,4,1,0,0,0,0,1,0.03,0,0,0,0,0,0,,0,1,0,1,0,0,26,2,1178,1034,1175,3,0,0,1178,0,0,,0,,678,3476,1966,0,0,0,0,578,90,89.5,90.0,34,0,,2,1.88,65,34,31,0.91,-1.59,56.1,33.6,22.5,0.66,0,0,5,0,0,0,0,57,7,0,100.0,34.0,34.0,3060.0,34.0,1.0,129.0,97.0,75.2,19.0,7.0,8.0,13.0,38.2,2.0,2.0,0.0,0.0,0.0,4.0,2.0,36.1,0.28,4.1,0.12,121.0,374.0,32.4,878.0,177.0,28.2,32.3,319.0,21.0,6.6,45.0,1.32,14.5,GK,459763.0,exact,459763.0,2025-06-17,25000000.0,459763,2000-07-01,Italy,2028-06-30,191.0,right,24.503764544832308,41.9185282522996,17.034386422832473,600.4344768685809,Developing,False,False,False,False,True,ITA,UEFA,False,False,False,False,False,True
Lucas Chevalier,fr FRA,GK,Lille,fr Ligue 1,22.0,2001.0,34,34,3060,34.0,0,0,0,0,0,0,0,0,0.0,0.0,0.9,0.9,0,1,0,0.0,0.03,0,0,0.0,0.0,0,0.0,0.0,862,1083,79.6,21173,14738,0.2,-0.9,3,13,0,0,907,173,61,1,0,0,0,0,0,0,0,3,0,6,0.18,5,1,0,0,0,0,1,0.03,3,2,3,0,0,4,75.0,1,0,0,0,0,3,13,4,1150,914,1144,7,0,0,1150,0,0,,0,,736,3821,2320,0,0,0,0,645,90,100.0,90.0,34,0,,0,1.76,52,36,16,0.47,,54.7,42.5,12.2,0.36,0,0,7,0,0,0,0,70,6,0,100.0,34.0,34.0,3060.0,36.0,1.06,126.0,91.0,74.6,17.0,9.0,8.0,11.0,32.4,4.0,4.0,0.0,0.0,0.0,6.0,1.0,42.2,0.32,7.2,0.21,112.0,288.0,38.9,968.0,144.0,25.7,29.6,373.0,21.0,5.6,24.0,0.71,13.9,GK,463600.0,exact,463600.0,2025-06-03,30000000.0,463600,2001-11-06,France,2030-06-30,189.0,right,23.15400410677618,65.90013140604468,17.216707972959764,536.1079061766083,Developing,False,False,False,True,False,FRA,UEFA,False,False,False,False,False,True
Jasper Cillessen,nl NED,GK,Las Palmas,es La Liga,35.0,1989.0,27,27,2335,25.9,0,0,0,0,0,0,1,0,0.0,0.0,0.0,0.0,0,0,0,0.0,0.0,0,0,0.0,0.0,0,0.0,0.0,683,1002,68.2,18003,13417,0.0,0.0,0,15,0,0,727,272,93,0,0,0,0,0,0,0,0,3,0,1,0.04,1,0,0,0,0,0,0,0.0,1,0,1,0,0,4,25.0,3,0,0,0,0,1,11,2,1079,867,1066,13,0,0,1079,0,0,,0,,609,3115,2050,0,0,4,0,514,86,68.3,86.0,25,0,,5,0.96,31,42,-11,-0.42,0.41,25.0,47.9,-22.9,-0.88,0,0,5,0,0,0,0,20,2,2,50.0,27.0,27.0,2335.0,42.0,1.62,128.0,85.0,70.3,6.0,8.0,13.0,3.0,11.1,8.0,4.0,3.0,1.0,0.0,4.0,2.0,44.3,0.3,4.3,0.16,124.0,409.0,30.3,820.0,142.0,39.5,34.5,413.0,13.0,3.1,20.0,0.77,14.5,GK,146227.0,exact,146227.0,2025-06-09,800000.0,146227,1989-04-22,Netherlands,2026-06-30,187.0,right,35.696098562628336,17.904073587385017,13.592368256649284,1274.2114525928769,Declining,False,False,True,False,False,NED,UEFA,False,False,False,False,False,True
Diego Conde,es ESP,GK,Villarreal,es La Liga,25.0,1998.0,22,22,1962,21.8,0,1,1,0,0,0,2,0,0.0,0.0,0.2,0.2,0,0,0,0.05,0.01,0,0,0.0,0.0,0,0.0,0.0,519,640,81.1,12478,8097,0.0,0.8,2,7,1,0,500,139,32,0,0,0,0,0,0,0,0,1,0,3,0.14,1,2,0,0,0,0,1,0.05,2,2,2,0,0,4,50.0,2,0,0,0,1,3,9,2,696,602,691,5,0,0,696,0,0,,0,,393,1972,1157,0,0,1,0,347,89,57.4,89.0,21,0,,11,1.77,41,33,8,0.37,-0.37,36.4,24.7,11.7,0.54,0,0,1,0,0,0,0,30,1,0,100.0,22.0,22.0,1962.0,33.0,1.51,94.0,62.0,68.1,11.0,6.0,5.0,2.0,9.1,4.0,3.0,0.0,1.0,1.0,6.0,1.0,26.3,0.26,-5.7,-0.26,61.0,161.0,37.9,532.0,111.0,22.7,28.2,323.0,18.0,5.6,16.0,0.73,11.9,GK,341713.0,exact,341713.0,2025-06-09,7500000.0,341713,1998-10-28,Spain,2029-06-30,188.0,right,26.17932922655715,53.90932982917214,15.830413711839864,685.3572787524695,Peak,False,False,True,False,False,ESP,UEFA,False,False,False,False,False,True
Thibaut Courtois,be BEL,GK,Real Madrid,es La Liga,32.0,1992.0,30,30,2700,30.0,0,0,0,0,0,0,1,0,0.0,0.0,0.1,0.1,0,0,0,0.0,0.0,0,0,0.0,0.0,0,0.0,0.0,848,1020,83.1,20000,12835,0.0,-0.1,1,4,0,0,841,178,30,0,2,0,0,0,0,0,0,1,0,4,0.13,3,1,0,0,0,0,0,0.0,0,0,0,0,0,0,,0,0,0,0,1,1,15,1,1088,960,1083,5,0,0,1088,1,0,0.0,1,100.0,659,3096,1989,0,0,0,0,650,90,78.9,90.0,30,0,,2,2.2,62,29,33,1.1,0.23,57.8,33.6,24.2,0.81,0,0,2,0,0,0,1,45,8,0,100.0,30.0,30.0,2700.0,29.0,0.97,104.0,76.0,75.0,20.0,6.0,4.0,11.0,36.7,3.0,3.0,0.0,0.0,0.0,6.0,1.0,28.7,0.27,0.7,0.02,62.0,214.0,29.0,871.0,173.0,18.5,28.2,350.0,16.0,4.6,14.0,0.47,10.7,GK,108390.0,exact,108390.0,2025-06-09,20000000.0,108390,1992-05-11,Belgium,2027-06-30,199.0,left,32.643394934976044,29.894875164257556,16.811242881518265,1065.5912328808197,Declining,False,False,True,False,False,BEL,UEFA,False,False,False,False,False,True
Finn Dahmen,de GER,GK,Augsburg,de Bundesliga,26.0,1998.0,19,19,1710,19.0,0,0,0,0,0,0,0,0,0.0,0.0,0.0,0.0,0,3,0,0.0,0.0,0,0,0.0,0.0,0,0.0,0.0,528,761,69.4,15853,11241,0.1,0.0,0,11,0,0,555,204,59,0,1,0,0,0,0,0,0,2,0,2,0.11,2,0,0,0,0,0,1,0.05,1,0,1,0,0,2,50.0,1,0,0,0,0,1,9,0,811,553,790,21,0,0,811,0,0,,0,,479,2439,1355,0,0,0,0,426,90,55.9,90.0,19,0,,10,1.42,18,19,-1,-0.05,0.95,18.3,27.7,-9.4,-0.5,0,0,1,0,0,0,0,33,5,0,100.0,19.0,19.0,1710.0,19.0,1.0,82.0,65.0,79.3,7.0,6.0,6.0,9.0,47.4,2.0,2.0,0.0,0.0,0.0,3.0,2.0,24.2,0.29,7.2,0.38,129.0,341.0,37.8,614.0,51.0,38.6,34.9,337.0,9.0,2.7,26.0,1.37,14.7,GK,251299.0,exact,251299.0,2025-06-05,9000000.0,251299,1998-03-27,Germany,2027-06-30,186.0,right,26.767967145790553,29.894875164257556,16.012735246411598,716.5240651181225,Peak,True,False,False,False,False,GER,UEFA,False,False,False,False,False,True
Thomas Dähne,de GER,GK,Holstein Kiel,de Bundesliga,30.0,1994.0,9,9,810,9.0,0,0,0,0,0,0,0,0,0.0,0.0,0.0,0.0,0,0,0,0.0,0.0,0,0,0.0,0.0,0,0.0,0.0,304,395,77.0,7965,5004,0.0,0.0,0,1,0,0,286,109,18,0,0,0,0,0,0,0,0,0,0,1,0.11,1,0,0,0,0,0,0,0.0,0,0,0,0,0,0,,0,0,0,0,0,0,7,2,432,355,425,7,0,0,432,0,0,,0,,234,1112,603,0,0,0,0,213,90,26.5,90.0,9,0,,25,0.89,12,19,-7,-0.78,0.18,11.1,17.9,-6.8,-0.75,0,1,1,0,0,1,0,15,6,0,100.0,9.0,9.0,810.0,19.0,2.11,55.0,36.0,69.1,2.0,2.0,5.0,0.0,0.0,3.0,2.0,1.0,0.0,1.0,1.0,1.0,18.5,0.3,0.5,0.06,47.0,133.0,35.3,304.0,55.0,25.7,30.3,177.0,15.0,8.5,5.0,0.56,9.3,GK,115979.0,exact,115979.0,2025-06-05,400000.0,115979,1994-01-04,Germany,2026-06-30,193.0,both,30.99247091033539,17.904073587385017,12.899222326086994,960.5332531279853,Declining,True,False,False,False,False,GER,UEFA,False,False,False,False,False,True
Arthur Desmas,fr FRA,GK,Le Havre,fr Ligue 1,30.0,1994.0,18,18,1620,18.0,0,0,0,0,0,0,2,0,0.0,0.0,0.0,0.0,0,0,0,0.0,0.0,0,0,0.0,0.0,0,0.0,0.0,411,522,78.7,10272,6469,0.0,0.0,1,7,0,0,365,156,39,0,1,0,0,0,0,0,0,1,0,3,0.17,2,1,0,0,0,0,0,0.0,0,0,0,0,0,1,0.0,1,0,0,0,0,0,9,1,561,458,556,5,0,0,561,0,0,,0,,296,1746,1078,0,0,2,0,254,90,52.9,90.0,18,0,,15,0.83,16,38,-22,-1.22,-0.66,21.1,32.1,-11.0,-0.61,0,1,6,0,0,1,0,12,2,0,100.0,18.0,18.0,1620.0,38.0,2.11,93.0,54.0,61.3,5.0,0.0,13.0,3.0,16.7,3.0,2.0,1.0,0.0,1.0,4.0,0.0,38.7,0.4,0.7,0.04,56.0,151.0,37.1,404.0,72.0,28.5,30.9,277.0,12.0,4.3,7.0,0.39,11.9,GK,379869.0,exact,379869.0,2024-06-03,2500000.0,379869,1994-04-07,France,,196.0,right,30.7378507871321,,14.731801689838349,944.8154710119975,Declining,False,False,False,True,False,FRA,UEFA,False,False,False,False,False,True
Michele Di Gregorio,it ITA,GK,Juventus,it Serie A,27.0,1997.0,33,33,2970,33.0,0,0,0,0,0,0,0,0,0.0,0.0,0.5,0.5,0,0,0,0.0,0.01,0,0,0.0,0.0,0,0.0,0.0,761,994,76.6,20100,14111,0.0,-0.5,1,25,0,0,799,195,49,0,0,0,0,0,0,0,0,0,0,2,0.06,2,0,0,0,0,0,0,0.0,0,0,0,0,0,0,,0,0,0,0,1,1,14,0,1046,866,1036,11,0,0,1046,0,0,,0,,672,3631,2211,0,0,0,0,587,90,86.8,90.0,33,0,,5,1.85,50,32,18,0.55,-0.45,43.5,30.3,13.3,0.4,0,0,7,0,0,0,0,36,7,1,87.5,33.0,33.0,2970.0,32.0,0.97,103.0,71.0,73.8,16.0,13.0,4.0,14.0,42.4,5.0,5.0,0.0,0.0,0.0,6.0,0.0,28.1,0.24,-3.9,-0.12,128.0,333.0,38.4,848.0,126.0,30.0,31.4,469.0,29.0,6.2,30.0,0.91,13.1,GK,301238.0,exact,301238.0,2025-06-17,18000000.0,301238,1997-07-27,Italy,2029-06-30,187.0,right,27.433264887063654,53.90932982917214,16.705882371415992,752.5840223637996,Peak,False,False,False,False,True,ITA,UEFA,False,False,False,False,False,True
Stole Dimitrievski,mk MKD,GK,Valencia,es La Liga,30.0,1993.0,4,4,360,4.0,0,0,0,0,0,0,1,0,0.0,0.0,0.0,0.0,0,0,0,0.0,0.0,0,0,0.0,0.0,0,0.0,0.0,68,133,51.1,2105,1516,0.0,0.0,0,3,0,0,88,45,25,0,0,0,0,0,0,0,0,0,0,0,0.0,0,0,0,0,0,0,0,0.0,0,0,0,0,0,0,,0,0,0,0,0,0,3,1,143,96,135,9,0,0,143,0,0,,0,,68,362,240,0,0,1,0,52,90,10.5,90.0,4,0,,34,0.5,4,6,-2,-0.5,-0.26,5.6,6.9,-1.3,-0.33,0,0,0,0,0,0,0,7,0,0,,4.0,4.0,360.0,6.0,1.5,12.0,6.0,58.3,0.0,2.0,2.0,0.0,0.0,2.0,1.0,0.0,1.0,0.0,0.0,0.0,4.5,0.29,-1.5,-0.38,15.0,72.0,20.8,113.0,25.0,49.6,40.5,51.0,3.0,5.9,16.0,4.0,25.7,GK,165467.0,exact,165467.0,2025-06-09,2500000.0,165467,1993-12-25,North Macedonia,2028-06-30,188.0,right,31.019849418206707,41.9185282522996,14.731801689838349,962.231057928219,Declining,False,False,True,False,False,MKD,UEFA,False,False,False,False,False,True
Yehvann Diouf,sn SEN,GK,Reims,fr Ligue 1,24.0,1999.0,34,34,3060,34.0,0,0,0,0,0,0,1,0,0.1,0.1,0.0,0.1,0,1,0,0.0,0.0,1,1,0.03,0.03,0,-0.1,-0.1,848,1219,69.6,23052,16792,0.0,0.0,0,12,0,0,874,339,119,0,2,0,0,0,0,0,0,6,1,7,0.21,6,1,0,0,0,0,0,0.0,2,1,2,0,0,3,33.3,2,0,0,0,1,3,22,4,1324,1062,1304,19,1,1,1324,2,2,100.0,0,0.0,684,3495,2108,0,0,2,0,575,90,100.0,90.0,34,0,,0,0.97,33,47,-14,-0.41,,37.4,57.4,-19.9,-0.59,0,0,3,0,0,0,0,45,6,0,100.0,34.0,34.0,3060.0,47.0,1.38,179.0,131.0,76.0,8.0,9.0,17.0,7.0,20.6,5.0,4.0,1.0,0.0,1.0,8.0,0.0,61.6,0.33,14.6,0.43,154.0,477.0,32.3,993.0,153.0,34.4,33.3,554.0,31.0,5.6,42.0,1.24,14.6,GK,448632.0,exact,448632.0,2025-06-03,12000000.0,448632,1999-11-16,Senegal,2030-06-30,188.0,right,25.127994524298426,65.90013140604468,16.300417291085605,631.4161088131717,Developing,False,False,False,True,False,SEN,CAF,False,True,False,False,False,False
Marko Dmitrović,rs SRB,GK,Leganés,es La Liga,32.0,1992.0,32,32,2880,32.0,0,0,0,0,0,0,0,0,0.0,0.0,0.2,0.2,0,1,0,0.0,0.01,0,0,0.0,0.0,0,0.0,0.0,470,1052,44.7,17633,14941,0.1,-0.2,1,28,0,0,620,426,122,0,1,0,1,0,0,0,0,6,0,6,0.19,3,3,0,0,0,0,0,0.0,1,1,1,0,0,2,50.0,1,0,0,0,0,1,27,3,1145,937,1132,13,0,0,1145,1,1,100.0,0,0.0,542,3220,1877,0,0,1,0,338,90,84.2,90.0,32,0,,6,1.09,36,49,-13,-0.41,0.26,32.0,51.2,-19.2,-0.6,0,1,6,0,0,1,0,37,13,0,100.0,32.0,32.0,2880.0,49.0,1.53,150.0,103.0,72.0,8.0,11.0,13.0,10.0,31.3,8.0,7.0,0.0,1.0,1.0,9.0,2.0,50.2,0.3,3.2,0.1,201.0,765.0,26.3,743.0,112.0,65.3,47.2,579.0,49.0,8.5,53.0,1.66,14.5,GK,94308.0,exact_accent_stripped,94308.0,2025-06-09,800000.0,94308,1992-01-24,Serbia,2028-06-30,189.0,left,32.93908281998631,41.9185282522996,13.592368256649284,1084.9831770219173,Declining,False,False,True,False,False,SRB,UEFA,False,False,False,False,False,True
Gianluigi Donnarumma,it ITA,GK,Paris S-G,fr Ligue 1,25.0,1999.0,24,24,2091,23.2,0,0,0,0,0,0,2,0,0.0,0.0,0.0,0.0,0,0,0,0.0,0.0,0,0,0.0,0.0,0,0.0,0.0,552,632,87.3,12174,7092,0.0,0.0,0,3,0,0,508,124,35,0,0,0,0,0,0,0,0,0,0,2,0.09,1,1,0,0,0,0,0,0.0,1,1,1,0,0,2,50.0,1,0,0,0,0,1,14,0,677,559,665,12,0,0,677,0,0,,0,,349,1664,1055,0,0,0,0,366,87,68.3,87.0,23,0,,5,2.46,62,25,37,1.59,-0.27,62.9,19.8,43.1,1.86,0,0,3,0,0,0,0,40,4,0,100.0,24.0,24.0,2091.0,25.0,1.08,74.0,49.0,67.6,18.0,5.0,1.0,4.0,16.7,1.0,1.0,0.0,0.0,1.0,4.0,0.0,21.7,0.29,-3.3,-0.14,35.0,101.0,34.7,543.0,90.0,13.6,25.1,199.0,10.0,5.0,19.0,0.82,14.4,GK,315858.0,exact,315858.0,2025-06-03,40000000.0,315858,1999-02-25,Italy,2030-06-30,196.0,right,25.8507871321013,65.90013140604468,17.50439003707821,668.2631953492141,Developing,False,False,False,True,False,ITA,UEFA,False,False,False,False,False,True
Patrick Drewes,de GER,GK,Bochum,de Bundesliga,31.0,1993.0,21,21,1890,21.0,0,0,0,0,0,0,2,0,0.0,0.0,0.0,0.0,0,0,0,0.0,0.0,0,0,0.0,0.0,0,0.0,0.0,565,860,65.7,19116,15776,0.0,0.0,0,7,0,0,598,260,83,0,0,0,0,0,0,0,0,2,1,2,0.1,1,1,0,0,0,0,0,0.0,0,0,0,0,0,1,0.0,1,1,0,1,0,0,11,1,913,709,902,11,0,0,913,0,0,,0,,479,2471,1284,0,0,0,0,425,90,61.8,90.0,21,0,,12,0.62,19,46,-27,-1.29,-0.75,25.3,42.7,-17.4,-0.83,0,1,3,0,0,1,0,36,3,0,100.0,21.0,21.0,1890.0,46.0,2.19,99.0,51.0,56.6,2.0,5.0,14.0,2.0,9.5,5.0,3.0,2.0,0.0,2.0,4.0,0.0,42.3,0.38,-3.7,-0.18,218.0,484.0,45.0,681.0,65.0,50.1,37.6,285.0,12.0,4.2,33.0,1.57,15.8,GK,94192.0,exact,94192.0,2025-06-05,500000.0,94192,1993-02-04,Germany,2027-06-30,194.0,right,31.906913073237508,29.894875164257556,13.122365377402328,1018.0511018631346,Declining,True,False,False,False,False,GER,UEFA,False,False,False,False,False,True
Martin Dúbravka,sk SVK,GK,Newcastle Utd,eng Premier League,35.0,1989.0,10,10,900,10.0,0,0,0,0,0,0,0,0,0.0,0.0,0.0,0.0,0,0,0,0.0,0.0,0,0,0.0,0.0,0,0.0,0.0,265,333,79.6,5932,3082,0.0,0.0,0,0,0,0,246,86,27,0,1,0,0,0,0,0,0,1,0,0,0.0,0,0,0,0,0,0,0,0.0,0,0,0,0,0,0,,0,0,0,0,0,0,3,0,350,262,337,14,0,0,350,0,0,,0,,202,1043,643,0,0,0,0,175,90,26.3,90.0,10,0,,24,2.1,23,12,11,1.1,0.74,20.2,10.8,9.4,0.94,0,0,1,0,0,0,0,18,4,0,100.0,10.0,10.0,900.0,12.0,1.2,41.0,29.0,70.7,7.0,0.0,3.0,5.0,50.0,0.0,0.0,0.0,0.0,0.0,1.0,0.0,12.9,0.32,0.9,0.09,18.0,80.0,22.5,273.0,54.0,15.8,25.2,127.0,10.0,7.9,11.0,1.1,15.3,GK,74960.0,exact,74960.0,2025-05-30,1000000.0,74960,1989-01-15,Slovakia,2026-06-30,191.0,right,35.96167008898015,17.904073587385017,13.815511557963774,1293.2417155886496,Declining,False,True,False,False,False,SVK,UEFA,False,False,False,False,False,True
Ederson,br BRA,GK,Manchester City,eng Premier League,30.0,1993.0,26,26,2320,25.8,0,4,4,0,0,0,4,0,0.0,0.0,1.5,1.5,0,2,0,0.16,0.06,0,0,0.0,0.0,0,0.0,0.0,811,923,87.9,19885,13212,0.2,2.5,4,21,1,0,817,106,29,1,2,0,0,0,0,0,0,0,1,6,0.23,6,0,0,0,0,0,4,0.16,0,0,0,0,0,2,0.0,2,0,0,0,1,1,11,4,975,689,962,13,0,0,975,0,0,,0,,654,3060,1981,0,0,1,0,616,89,67.8,89.0,25,0,,4,2.0,49,26,23,0.89,0.48,49.0,28.7,20.3,0.79,0,1,0,0,0,1,0,42,4,1,80.0,26.0,26.0,2320.0,26.0,1.01,78.0,53.0,69.2,16.0,4.0,6.0,10.0,38.5,2.0,2.0,0.0,0.0,0.0,3.0,1.0,30.0,0.37,5.0,0.19,72.0,165.0,43.6,846.0,108.0,17.4,27.9,224.0,13.0,5.8,49.0,1.9,17.5,GK,238223.0,exact_birthyear_corrected,238223.0,2025-05-30,20000000.0,238223,1993-08-17,Brazil,2028-06-30,188.0,left,31.37577002053388,41.9185282522996,16.811242881518265,984.4389443814326,Declining,False,True,False,False,False,BRA,CONMEBOL,False,False,False,True,False,False
Łukasz Fabiański,pl POL,GK,West Ham,eng Premier League,39.0,1985.0,14,13,1160,12.9,0,0,0,0,0,0,2,0,0.0,0.0,0.0,0.0,0,0,0,0.0,0.0,0,0,0.0,0.0,0,0.0,0.0,332,495,67.1,9586,6808,0.0,0.0,0,5,0,0,351,143,43,0,0,0,0,0,0,0,0,1,0,3,0.23,2,1,0,0,0,0,0,0.0,0,0,0,0,0,1,0.0,1,0,0,0,0,0,5,1,530,414,525,5,0,0,530,3,3,100.0,0,0.0,285,1485,890,0,0,0,0,248,83,33.9,86.0,12,1,45.0,21,1.5,17,21,-4,-0.31,0.17,16.9,22.4,-5.5,-0.43,0,2,1,0,0,2,0,5,3,1,75.0,14.0,13.0,1160.0,21.0,1.63,71.0,50.0,74.6,6.0,3.0,4.0,2.0,15.4,3.0,3.0,0.0,0.0,1.0,3.0,0.0,22.6,0.29,1.6,0.12,77.0,226.0,34.1,394.0,55.0,41.9,35.5,220.0,10.0,4.5,12.0,0.93,13.1,GK,29692.0,fuzzy_verified,29692.0,2025-05-30,500000.0,29692,1985-04-18,Poland,2026-06-30,190.0,right,39.70704996577687,17.904073587385017,13.122365377402328,1576.6498169847007,Declining,False,True,False,False,False,POL,UEFA,False,False,False,False,False,True
Wladimiro Falcone,it ITA,GK,Lecce,it Serie A,29.0,1995.0,38,38,3420,38.0,0,0,0,0,0,0,2,0,0.0,0.0,0.0,0.0,0,0,0,0.0,0.0,0,0,0.0,0.0,0,0.0,0.0,731,1200,60.9,22646,17716,0.1,0.0,0,22,0,0,892,303,125,0,1,0,0,0,0,0,0,5,0,11,0.29,8,3,0,0,0,0,1,0.03,0,0,0,0,0,0,,0,0,0,0,0,0,29,3,1321,1174,1315,6,0,0,1321,0,0,,0,,727,3904,2291,0,0,1,0,585,90,100.0,90.0,38,0,,0,0.89,27,58,-31,-0.82,,34.6,57.1,-22.5,-0.59,0,1,10,0,0,1,0,32,13,0,100.0,38.0,38.0,3420.0,58.0,1.53,181.0,125.0,72.4,8.0,10.0,20.0,9.0,23.7,10.0,8.0,1.0,1.0,3.0,5.0,3.0,53.8,0.26,-1.2,-0.03,220.0,656.0,33.5,1017.0,120.0,51.9,39.1,590.0,29.0,4.9,19.0,0.5,11.0,GK,238537.0,exact,238537.0,2025-06-17,3500000.0,238537,1995-04-12,Italy,2028-06-30,195.0,right,29.724845995893222,41.9185282522996,15.068273812173887,883.5664694795694,Peak,False,False,False,False,True,ITA,UEFA,False,False,False,False,False,True
André Ferreira,pt POR,GK,Valladolid,es La Liga,28.0,1996.0,6,6,540,6.0,0,0,0,0,0,0,0,0,0.0,0.0,0.0,0.0,0,0,0,0.0,0.0,0,0,0.0,0.0,0,0.0,0.0,138,195,70.8,3984,2985,0.0,0.0,0,1,0,0,117,77,21,0,0,0,0,0,0,0,0,1,0,1,0.17,0,1,0,0,0,0,0,0.0,0,0,0,0,0,0,,0,0,0,0,0,0,4,2,216,185,215,1,0,0,216,0,0,,0,,83,441,280,0,0,0,0,78,90,15.8,90.0,6,0,,27,0.0,7,20,-13,-2.17,-0.57,7.1,12.5,-5.3,-0.89,0,0,0,0,0,0,0,6,0,1,0.0,6.0,6.0,540.0,20.0,3.33,39.0,19.0,56.4,0.0,0.0,6.0,0.0,0.0,3.0,3.0,0.0,0.0,0.0,1.0,0.0,15.3,0.35,-4.7,-0.79,30.0,83.0,36.1,138.0,26.0,37.0,33.8,92.0,4.0,4.3,3.0,0.5,10.4,GK,290346.0,exact_birthyear_corrected,290346.0,2025-06-09,700000.0,290346,1996-05-29,Portugal,2028-06-30,193.0,right,28.594113620807665,41.9185282522996,13.45883704259595,817.6233337596584,Peak,False,False,True,False,False,POR,UEFA,False,False,False,False,False,True
Mark Flekken,nl NED,GK,Brentford,eng Premier League,31.0,1993.0,37,37,3275,36.4,0,2,2,0,0,0,1,0,0.0,0.0,0.5,0.5,0,0,0,0.05,0.01,0,0,0.0,0.0,0,0.0,0.0,1254,1717,73.0,37000,25308,0.1,1.5,3,50,2,0,1367,343,131,0,5,0,0,0,0,0,0,7,0,10,0.27,6,4,0,0,0,0,2,0.05,4,4,4,0,0,9,33.3,6,2,0,2,0,4,26,4,1824,1436,1777,52,0,0,1824,1,1,100.0,0,0.0,1122,5725,3253,0,0,3,0,1015,89,95.8,89.0,36,0,,0,1.51,66,55,11,0.3,1.54,55.9,54.0,1.9,0.05,0,0,3,0,0,0,0,39,4,0,100.0,37.0,37.0,3275.0,55.0,1.51,203.0,150.0,73.4,16.0,8.0,13.0,7.0,18.9,1.0,1.0,0.0,0.0,0.0,2.0,2.0,52.7,0.26,-0.3,-0.01,249.0,659.0,37.8,1498.0,122.0,33.7,34.4,581.0,46.0,7.9,34.0,0.93,11.5,GK,125714.0,exact,125714.0,2025-05-30,10000000.0,125714,1993-06-13,Netherlands,2028-06-30,195.0,both,31.55373032169747,41.9185282522996,16.118095750958314,995.6378972144103,Declining,False,True,False,False,False,NED,UEFA,False,False,False,False,False,True
Yahia Fofana,ci CIV,GK,Angers,fr Ligue 1,23.0,2000.0,33,33,2970,33.0,0,0,0,0,0,0,4,0,0.0,0.0,0.1,0.1,0,0,0,0.0,0.0,0,0,0.0,0.0,0,0.0,0.0,697,1014,68.7,20260,14214,0.0,-0.1,1,11,0,0,654,358,97,0,1,0,0,0,0,0,0,2,0,4,0.12,3,1,0,0,0,0,0,0.0,0,0,0,0,0,2,0.0,2,0,0,0,1,1,25,2,1110,981,1104,6,0,0,1110,2,2,100.0,0,0.0,555,3389,2288,0,0,0,0,366,90,97.1,90.0,33,0,,1,1.09,32,51,-19,-0.58,1.42,35.6,53.9,-18.3,-0.56,0,0,11,0,0,0,0,36,6,3,66.7,33.0,33.0,2970.0,51.0,1.55,186.0,135.0,74.2,10.0,6.0,17.0,7.0,21.2,4.0,3.0,0.0,1.0,0.0,7.0,0.0,63.5,0.34,12.5,0.38,144.0,435.0,33.1,751.0,180.0,38.6,35.8,531.0,48.0,9.0,20.0,0.61,10.7,GK,418651.0,exact,418651.0,2025-06-03,7000000.0,418651,2000-08-21,Cote d'Ivoire,2028-06-30,194.0,right,24.36413415468857,41.9185282522996,15.76142084987672,593.6110331076621,Developing,False,False,False,True,False,CIV,CAF,False,True,False,False,False,False
Fraser Forster,eng ENG,GK,Tottenham,eng Premier League,36.0,1988.0,7,7,630,7.0,0,0,0,0,0,0,0,0,0.0,0.0,0.0,0.0,0,0,0,0.0,0.0,0,0,0.0,0.0,0,0.0,0.0,168,198,84.8,3349,2105,0.0,0.0,0,1,0,0,125,72,16,0,1,0,0,0,0,0,0,1,0,0,0.0,0,0,0,0,0,0,0,0.0,0,0,0,0,0,1,0.0,1,0,0,0,0,0,7,3,228,212,228,0,0,0,228,1,1,100.0,0,0.0,113,501,264,0,0,1,0,94,90,18.4,90.0,7,0,,11,0.71,14,15,-1,-0.14,-0.14,11.1,16.0,-4.9,-0.7,0,0,0,0,0,0,0,1,1,0,100.0,7.0,7.0,630.0,15.0,2.14,42.0,27.0,69.0,1.0,2.0,4.0,1.0,14.3,2.0,2.0,0.0,0.0,0.0,1.0,0.0,16.5,0.36,1.5,0.21,11.0,31.0,35.5,141.0,30.0,21.3,27.2,81.0,4.0,4.9,3.0,0.43,11.1,GK,52570.0,exact,52570.0,2025-05-30,1000000.0,52570,1988-03-17,England,2026-06-30,201.0,right,36.79397672826831,17.904073587385017,13.815511557963774,1353.7967234803502,Declining,False,True,False,False,False,ENG,UEFA,False,False,False,False,False,True
Joan García,es ESP,GK,Espanyol,es La Liga,23.0,2001.0,38,38,3420,38.0,0,0,0,0,0,0,2,0,0.1,0.1,0.0,0.1,0,1,0,0.0,0.0,1,1,0.03,0.03,0,-0.1,-0.1,901,1259,71.6,25475,19491,0.1,0.0,0,25,1,0,913,343,127,0,5,0,0,0,0,0,0,3,1,9,0.24,5,4,0,0,0,0,1,0.03,0,0,0,0,0,1,0.0,1,1,0,1,0,0,18,4,1348,1137,1341,7,1,1,1348,0,0,,0,,781,4759,3182,0,0,2,0,524,90,100.0,90.0,38,0,,0,1.11,40,51,-11,-0.29,,34.4,53.8,-19.4,-0.51,0,0,7,0,0,0,0,35,21,1,95.5,38.0,38.0,3420.0,51.0,1.34,192.0,140.0,75.5,11.0,9.0,18.0,8.0,21.1,6.0,4.0,2.0,0.0,2.0,6.0,1.0,57.7,0.28,7.7,0.2,194.0,526.0,36.9,1040.0,197.0,37.6,34.8,670.0,64.0,9.6,35.0,0.92,12.0,GK,561613.0,exact,561613.0,2025-06-09,25000000.0,561613,2001-05-04,Spain,2031-06-30,194.0,right,23.66324435318275,77.8909329829172,17.034386422832473,559.9491333184353,Developing,False,False,True,False,False,ESP,UEFA,False,False,False,False,False,True
Paulo Gazzaniga,ar ARG,GK,Girona,es La Liga,32.0,1992.0,36,36,3195,35.5,0,0,0,0,0,0,4,0,0.0,0.0,0.0,0.0,0,0,0,0.0,0.0,0,0,0.0,0.0,0,0.0,0.0,969,1211,80.0,23463,15697,0.0,0.0,0,11,0,0,971,235,55,0,1,0,0,0,0,0,0,5,1,1,0.03,1,0,0,0,0,0,0,0.0,1,1,1,0,0,1,100.0,0,1,0,1,0,1,17,3,1289,1118,1283,6,0,0,1289,4,3,75.0,1,25.0,775,3613,2167,0,0,1,0,749,89,93.4,89.0,35,0,,2,1.14,41,51,-10,-0.28,2.12,39.3,43.7,-4.4,-0.12,0,1,3,0,0,0,0,47,1,2,33.3,36.0,36.0,3195.0,51.0,1.44,143.0,90.0,65.7,11.0,8.0,17.0,8.0,22.2,5.0,2.0,3.0,0.0,1.0,5.0,1.0,45.4,0.29,-4.6,-0.13,93.0,298.0,31.2,1026.0,137.0,21.6,29.4,419.0,36.0,8.6,33.0,0.93,12.6,GK,195488.0,exact,195488.0,2025-06-09,2500000.0,195488,1992-01-02,Argentina,2027-06-30,195.0,right,32.99931553730322,29.894875164257556,14.731801689838349,1088.9548259305016,Declining,False,False,True,False,False,ARG,CONMEBOL,False,False,False,True,False,False
David de Gea,es ESP,GK,Fiorentina,it Serie A,33.0,1990.0,34,34,3060,34.0,0,1,1,0,0,0,1,0,0.0,0.0,0.4,0.4,0,0,0,0.03,0.01,0,0,0.0,0.0,0,0.0,0.0,832,1136,73.2,25780,19540,0.0,0.6,3,22,0,0,803,324,83,0,1,0,0,0,0,0,0,9,0,10,0.29,8,2,0,0,0,0,3,0.09,1,0,1,0,0,1,100.0,0,0,0,0,0,1,12,0,1207,1055,1204,3,0,0,1207,0,0,,0,,675,3252,1943,0,0,0,0,583,90,89.5,90.0,34,0,,3,1.69,54,38,16,0.47,-0.28,45.2,40.2,5.0,0.14,0,0,2,0,0,0,0,26,6,0,100.0,34.0,34.0,3060.0,38.0,1.12,133.0,94.0,72.2,18.0,5.0,11.0,10.0,29.4,3.0,1.0,2.0,0.0,0.0,3.0,1.0,37.0,0.26,0.0,0.0,218.0,490.0,44.5,886.0,129.0,40.1,35.8,478.0,13.0,2.7,28.0,0.8,14.5,GK,59377.0,exact,59377.0,2025-06-17,5000000.0,59377,1990-11-07,Spain,2028-06-30,192.0,right,34.15195071868583,41.9185282522996,15.424948670398354,1166.3557378915457,Declining,False,False,False,False,True,ESP,UEFA,False,False,False,False,False,True
Pierluigi Gollini,it ITA,GK,Genoa,it Serie A,29.0,1995.0,7,7,630,7.0,0,0,0,0,0,0,1,0,0.0,0.0,0.0,0.0,0,0,0,0.0,0.0,0,0,0.0,0.0,0,0.0,0.0,206,250,82.4,5777,4236,0.0,0.0,0,3,0,0,181,69,17,0,0,0,0,0,0,0,0,0,0,4,0.57,1,3,0,0,0,0,0,0.0,0,0,0,0,0,0,,0,1,0,1,0,0,2,1,269,220,268,1,0,0,269,0,0,,0,,131,705,467,0,0,0,0,140,90,18.4,90.0,7,0,,8,0.71,5,15,-10,-1.43,-1.36,7.1,13.9,-6.8,-0.97,0,0,0,0,0,0,0,5,0,0,,7.0,7.0,630.0,15.0,2.14,32.0,16.0,62.5,1.0,2.0,4.0,1.0,14.3,4.0,3.0,1.0,0.0,0.0,1.0,0.0,12.2,0.29,-2.8,-0.39,33.0,75.0,44.0,198.0,21.0,24.7,30.4,92.0,2.0,2.2,2.0,0.29,9.6,GK,244192.0,exact,244192.0,2025-06-17,1000000.0,244192,1995-03-18,Italy,2027-06-30,194.0,right,29.793292265571527,29.894875164257556,13.815511557963774,887.6402640217641,Peak,False,False,False,False,True,ITA,UEFA,False,False,False,False,False,True
Mathieu Gorgelin,fr FRA,GK,Le Havre,fr Ligue 1,33.0,1990.0,16,16,1440,16.0,0,0,0,0,0,0,2,0,0.0,0.0,0.0,0.0,0,0,0,0.0,0.0,0,0,0.0,0.0,0,0.0,0.0,417,536,77.8,11316,7296,0.0,0.0,0,3,0,0,385,149,50,0,2,0,0,0,0,0,0,2,0,2,0.12,1,1,0,0,0,0,0,0.0,2,2,2,0,0,3,66.7,1,0,0,0,0,2,8,2,576,462,572,4,0,0,576,1,1,100.0,0,0.0,322,1556,949,0,0,1,0,277,90,47.1,90.0,16,0,,17,1.19,24,33,-9,-0.56,0.66,20.3,30.7,-10.4,-0.65,0,0,2,0,0,0,0,16,7,2,77.8,16.0,16.0,1440.0,33.0,2.06,82.0,50.0,63.4,5.0,4.0,7.0,1.0,6.3,3.0,3.0,0.0,0.0,0.0,4.0,1.0,34.2,0.4,2.2,0.14,79.0,183.0,43.2,435.0,75.0,32.9,32.4,269.0,21.0,7.8,8.0,0.5,10.5,GK,60543.0,exact,60543.0,2025-06-03,300000.0,60543,1990-08-05,France,2026-06-30,187.0,left,34.40930869267625,17.904073587385017,12.611541086966115,1184.0005247078852,Declining,False,False,False,True,False,FRA,UEFA,False,False,False,False,False,True
Kamil Grabara,pl POL,GK,Wolfsburg,de Bundesliga,25.0,1999.0,29,29,2585,28.7,0,0,0,0,0,0,2,0,0.0,0.0,0.0,0.0,0,2,0,0.0,0.0,0,0,0.0,0.0,0,0.0,0.0,791,1139,69.4,23935,16376,0.1,0.0,2,40,3,0,896,237,83,1,2,0,0,0,0,0,0,6,0,6,0.21,5,1,0,0,0,0,0,0.0,0,0,0,0,0,2,0.0,2,1,0,1,0,0,16,2,1224,880,1195,29,0,0,1224,2,2,100.0,0,0.0,708,3037,1760,0,0,0,0,675,89,84.5,89.0,28,0,,0,1.17,50,49,1,0.03,-0.15,40.7,45.4,-4.7,-0.16,0,0,3,0,0,0,0,43,8,0,100.0,29.0,29.0,2585.0,49.0,1.71,137.0,88.0,65.7,9.0,7.0,13.0,5.0,17.2,3.0,2.0,1.0,0.0,0.0,9.0,1.0,49.7,0.35,1.7,0.06,186.0,511.0,36.4,979.0,114.0,41.7,36.7,413.0,15.0,3.6,19.0,0.66,12.2,GK,346551.0,exact,346551.0,2025-06-05,14000000.0,346551,1999-01-08,Poland,2028-06-30,195.0,right,25.982203969883642,41.9185282522996,16.454567959008102,675.0749231326373,Developing,True,False,False,False,False,POL,UEFA,False,False,False,False,False,True
Dominik Greif,sk SVK,GK,Mallorca,es La Liga,27.0,1997.0,31,31,2790,31.0,0,0,0,0,0,0,1,0,0.0,0.0,0.0,0.0,0,0,0,0.0,0.0,0,0,0.0,0.0,0,0.0,0.0,735,1047,70.2,22443,17751,0.1,0.0,0,17,2,0,745,295,102,0,2,0,0,0,0,0,0,7,1,5,0.16,3,2,0,0,0,0,0,0.0,0,0,0,0,0,0,,0,0,0,0,0,0,13,1,1109,906,1098,11,0,0,1109,2,2,100.0,0,0.0,621,2993,1668,0,0,1,0,526,90,81.6,90.0,31,0,,7,1.32,30,34,-4,-0.13,0.59,32.3,32.2,0.0,0.0,0,0,3,0,0,0,0,42,7,2,77.8,31.0,31.0,2790.0,34.0,1.1,116.0,83.0,72.4,11.0,8.0,12.0,7.0,22.6,2.0,2.0,0.0,0.0,0.0,3.0,1.0,33.9,0.28,0.9,0.03,191.0,475.0,40.2,847.0,126.0,41.9,36.4,511.0,15.0,2.9,21.0,0.68,12.9,GK,316884.0,exact,316884.0,2025-06-09,6000000.0,316884,1997-04-06,Slovakia,2029-06-30,197.0,right,27.73990417522245,53.90932982917214,15.607270193858982,769.5022836505239,Peak,False,False,True,False,False,SVK,UEFA,False,False,False,False,False,True
Vicente Guaita,es ESP,GK,Celta Vigo,es La Liga,37.0,1987.0,34,34,3060,34.0,0,0,0,0,0,0,0,0,0.0,0.0,0.0,0.0,0,1,0,0.0,0.0,0,0,0.0,0.0,0,0.0,0.0,798,972,82.1,18728,11766,0.0,0.0,0,2,0,0,680,290,60,0,1,0,0,0,0,0,0,2,0,3,0.09,1,2,0,0,0,0,1,0.03,0,0,0,0,0,0,,0,0,0,0,0,0,21,3,1039,928,1033,6,0,0,1039,0,0,,0,,538,2660,1561,0,0,3,1,431,90,89.5,90.0,34,0,,3,1.44,49,48,1,0.03,-0.22,47.8,36.3,11.4,0.34,0,0,5,0,0,0,0,75,10,0,100.0,34.0,34.0,3060.0,48.0,1.41,127.0,79.0,64.6,14.0,7.0,13.0,8.0,23.5,3.0,3.0,0.0,0.0,0.0,6.0,0.0,40.6,0.3,-7.4,-0.22,66.0,220.0,30.0,740.0,195.0,18.4,27.3,436.0,26.0,6.0,44.0,1.29,14.0,GK,64399.0,exact,64399.0,2025-06-09,700000.0,64399,1987-01-10,Spain,,190.0,right,37.97672826830938,,13.45883704259595,1442.2318899650088,Declining,False,False,True,False,False,ESP,UEFA,False,False,False,False,False,True
Péter Gulácsi,hu HUN,GK,RB Leipzig,de Bundesliga,34.0,1990.0,30,30,2631,29.2,0,0,0,0,0,0,0,0,0.0,0.0,0.0,0.0,0,0,0,0.0,0.0,0,0,0.0,0.0,0,0.0,0.0,742,904,82.1,18391,11161,0.0,0.0,0,4,0,0,660,241,45,0,0,0,0,0,0,0,0,3,0,2,0.07,2,0,0,0,0,0,0,0.0,1,1,1,0,0,2,50.0,1,0,0,0,0,1,16,4,994,821,975,20,0,0,994,0,0,,0,,518,2411,1221,0,0,1,0,425,88,86.0,88.0,28,0,,1,1.57,44,39,5,0.17,0.17,39.5,46.2,-6.7,-0.23,0,0,1,0,0,0,0,41,11,1,91.7,30.0,30.0,2631.0,39.0,1.33,137.0,97.0,73.0,12.0,11.0,7.0,14.0,46.7,3.0,2.0,1.0,0.0,1.0,4.0,0.0,42.6,0.3,3.6,0.12,79.0,209.0,37.8,705.0,140.0,20.3,28.6,434.0,23.0,5.3,34.0,1.16,14.8,GK,57071.0,exact,57071.0,2025-06-05,2000000.0,57071,1990-05-06,Hungary,2027-06-30,193.0,right,34.65845311430527,29.894875164257556,14.508658238524095,1201.2083722764964,Declining,True,False,False,False,False,HUN,UEFA,False,False,False,False,False,True
Kjetil Haug,no NOR,GK,Toulouse,fr Ligue 1,26.0,1998.0,6,5,498,5.5,0,0,0,0,0,0,0,0,0.0,0.0,0.0,0.0,0,0,0,0.0,0.0,0,0,0.0,0.0,0,0.0,0.0,82,130,63.1,2380,1676,0.0,0.0,0,3,0,0,81,49,14,0,0,0,0,0,0,0,0,0,0,0,0.0,0,0,0,0,0,0,0,0.0,0,0,0,0,0,0,,0,0,0,0,0,0,3,0,140,116,136,4,0,0,140,0,0,,0,,71,330,193,0,0,0,0,54,83,16.3,90.0,5,1,48.0,11,1.33,12,7,5,0.9,1.04,9.6,7.7,1.9,0.35,0,0,0,0,0,0,0,6,0,0,,6.0,5.0,498.0,7.0,1.27,16.0,9.0,56.3,2.0,2.0,1.0,1.0,20.0,0.0,0.0,0.0,0.0,0.0,2.0,0.0,6.6,0.45,-0.4,-0.06,16.0,60.0,26.7,95.0,13.0,37.9,34.1,72.0,5.0,6.9,3.0,0.54,12.1,GK,328770.0,exact,328770.0,2025-06-03,600000.0,328770,1998-06-12,Norway,2026-06-30,191.0,right,26.55715263518138,17.904073587385017,13.304686600863562,705.2823560883214,Peak,False,False,False,True,False,NOR,UEFA,False,False,False,False,False,True
Dean Henderson,eng ENG,GK,Crystal Palace,eng Premier League,27.0,1997.0,38,38,3420,38.0,0,0,0,0,0,0,3,0,0.0,0.0,0.2,0.2,0,0,0,0.0,0.0,1,0,0.03,0.0,0,0.0,0.0,745,1216,61.3,20401,13551,0.1,-0.2,3,23,1,0,842,373,100,0,0,0,0,0,0,0,0,1,1,4,0.11,3,1,0,0,0,0,0,0.0,2,1,2,0,0,6,33.3,4,0,0,0,0,2,22,0,1308,1065,1303,4,1,1,1308,0,0,,0,,751,4483,2136,0,0,2,0,580,90,100.0,90.0,38,0,,0,1.39,51,51,0,0.0,,60.4,49.1,11.3,0.3,0,0,2,0,0,0,0,26,11,1,91.7,38.0,38.0,3420.0,51.0,1.34,150.0,101.0,66.7,13.0,14.0,11.0,11.0,28.9,2.0,1.0,1.0,0.0,1.0,5.0,3.0,51.2,0.35,3.2,0.08,157.0,600.0,26.2,942.0,115.0,47.5,38.5,559.0,30.0,5.4,40.0,1.05,14.3,GK,258919.0,exact,258919.0,2025-05-30,20000000.0,258919,1997-03-12,England,2028-06-30,188.0,right,27.808350444900753,41.9185282522996,16.811242881518265,773.304354466412,Peak,False,True,False,False,False,ENG,UEFA,False,False,False,False,False,True
Mads Hermansen,dk DEN,GK,Leicester City,eng Premier League,24.0,2000.0,27,27,2385,26.5,0,0,0,0,0,0,1,0,0.0,0.0,0.0,0.0,0,1,0,0.0,0.0,0,0,0.0,0.0,0,0.0,0.0,654,1073,61.0,17066,12387,0.0,0.0,0,20,1,0,840,229,86,0,2,0,0,0,0,0,0,4,1,3,0.11,3,0,0,0,0,0,0,0.0,1,1,1,0,0,1,100.0,0,1,0,1,0,1,13,4,1147,831,1106,43,0,0,1147,1,1,100.0,0,0.0,734,3625,1904,0,0,1,0,625,88,69.7,88.0,26,0,,0,0.56,23,58,-35,-1.32,-0.28,22.4,54.1,-31.7,-1.2,0,0,3,0,0,0,0,17,4,1,80.0,27.0,27.0,2385.0,58.0,2.19,155.0,99.0,64.5,3.0,6.0,18.0,1.0,3.7,4.0,3.0,1.0,0.0,0.0,3.0,3.0,56.4,0.35,1.4,0.05,114.0,471.0,24.2,926.0,133.0,39.2,34.6,419.0,26.0,6.2,26.0,0.98,13.1,GK,400536.0,exact,400536.0,2025-05-30,15000000.0,400536,2000-07-11,Denmark,2030-06-30,187.0,right,24.476386036960985,65.90013140604468,16.52356082573315,599.0934734303387,Developing,False,True,False,False,False,DEN,UEFA,False,False,False,False,False,True
Sergio Herrera,es ESP,GK,Osasuna,es La Liga,31.0,1993.0,37,37,3330,37.0,0,0,0,0,0,0,5,0,0.0,0.0,0.0,0.0,0,2,0,0.0,0.0,0,0,0.0,0.0,0,0.0,0.0,871,1246,69.9,29072,23382,0.1,0.0,0,29,0,0,851,391,114,0,3,0,1,0,0,0,0,4,0,6,0.16,4,2,0,0,0,0,0,0.0,2,1,2,0,0,6,33.3,4,1,0,1,0,2,29,1,1358,1099,1344,14,0,0,1358,1,1,100.0,0,0.0,698,4037,2294,0,0,2,0,521,90,97.4,90.0,37,0,,0,1.38,48,52,-4,-0.11,-0.11,43.7,53.0,-9.3,-0.25,0,1,4,0,0,1,0,33,5,1,83.3,37.0,37.0,3330.0,52.0,1.41,182.0,131.0,75.3,12.0,15.0,10.0,8.0,21.6,7.0,7.0,0.0,0.0,1.0,4.0,1.0,56.2,0.28,5.2,0.14,277.0,614.0,45.1,966.0,139.0,43.2,37.6,524.0,32.0,6.1,85.0,2.3,19.7,GK,248738.0,exact,248738.0,2025-06-09,3000000.0,248738,1993-06-05,Spain,2028-06-30,192.0,right,31.575633127994525,41.9185282522996,14.914123179965662,997.0206074337053,Declining,False,False,True,False,False,ESP,UEFA,False,False,False,False,False,True
Timo Horn,de GER,GK,Bochum,de Bundesliga,31.0,1993.0,13,13,1170,13.0,0,0,0,0,0,0,2,0,0.0,0.0,0.0,0.0,0,1,0,0.0,0.0,0,0,0.0,0.0,0,0.0,0.0,284,499,56.9,11052,9708,0.1,0.0,1,24,1,0,358,140,42,0,0,0,0,0,0,0,0,1,0,3,0.23,1,2,0,0,0,0,0,0.0,0,0,0,0,0,0,,0,0,0,0,0,0,9,2,535,379,525,10,0,0,535,0,0,,0,,285,1421,807,0,0,1,0,254,90,38.2,90.0,13,0,,21,0.92,13,22,-9,-0.69,0.5,16.5,20.5,-3.9,-0.3,0,0,2,0,0,0,0,25,3,0,100.0,13.0,13.0,1170.0,22.0,1.69,54.0,32.0,59.3,3.0,3.0,7.0,3.0,23.1,1.0,0.0,0.0,1.0,1.0,3.0,0.0,18.5,0.35,-3.5,-0.27,129.0,332.0,38.9,400.0,29.0,60.8,43.6,182.0,6.0,3.3,18.0,1.38,14.8,GK,84938.0,exact,84938.0,2025-06-05,800000.0,84938,1993-05-12,Germany,2028-06-30,192.0,left,31.641341546885695,41.9185282522996,13.592368256649284,1001.1744948866748,Declining,True,False,False,False,False,GER,UEFA,False,False,False,False,False,True
Lukáš Hrádecký,fi FIN,GK,Leverkusen,de Bundesliga,34.0,1989.0,29,29,2610,29.0,0,0,0,0,0,0,1,0,0.0,0.0,0.0,0.0,0,0,0,0.0,0.0,0,0,0.0,0.0,0,0.0,0.0,687,912,75.3,18432,14162,0.0,0.0,0,5,0,0,714,195,60,0,0,0,0,0,0,0,0,3,0,4,0.14,4,0,0,0,0,0,1,0.03,0,0,0,0,0,1,0.0,1,0,0,0,0,0,8,2,962,782,952,11,0,0,962,0,0,,0,,538,2925,1638,0,0,0,0,504,90,85.3,90.0,29,0,,4,2.03,63,38,25,0.86,0.06,49.9,32.5,17.4,0.6,0,0,2,0,0,0,0,70,1,1,50.0,29.0,29.0,2610.0,38.0,1.31,118.0,83.0,71.2,16.0,11.0,2.0,6.0,20.7,4.0,4.0,0.0,0.0,1.0,2.0,3.0,35.8,0.28,0.8,0.03,123.0,306.0,40.2,774.0,110.0,30.9,31.5,296.0,12.0,4.1,39.0,1.34,17.3,GK,48015.0,exact_accent_stripped,48015.0,2025-06-05,2000000.0,48015,1989-11-24,Finland,2027-06-30,192.0,right,35.1047227926078,29.894875164257556,14.508658238524095,1232.3415623458377,Declining,True,False,False,False,False,FIN,UEFA,False,False,False,False,False,True
Karl-Johan Johnsson,se SWE,GK,Strasbourg,fr Ligue 1,34.0,1990.0,3,3,270,3.0,0,0,0,0,0,0,0,0,0.0,0.0,0.0,0.0,0,0,0,0.0,0.0,0,0,0.0,0.0,0,0.0,0.0,107,129,82.9,2158,1272,0.0,0.0,0,0,0,0,118,11,4,0,0,0,0,0,0,0,0,0,0,0,0.0,0,0,0,0,0,0,0,0.0,0,0,0,0,0,1,0.0,1,0,0,0,0,0,3,0,142,122,142,0,0,0,142,0,0,,0,,98,445,248,0,0,0,0,84,90,8.8,90.0,3,0,,31,1.33,7,6,1,0.33,-0.02,4.3,5.3,-1.0,-0.32,0,1,0,0,0,1,0,2,1,0,100.0,3.0,3.0,270.0,6.0,2.0,22.0,16.0,77.3,1.0,1.0,1.0,0.0,0.0,1.0,1.0,0.0,0.0,0.0,0.0,0.0,6.7,0.26,0.7,0.22,6.0,22.0,27.3,122.0,21.0,15.6,23.9,48.0,2.0,4.2,3.0,1.0,11.1,GK,112822.0,exact,112822.0,2025-06-03,300000.0,112822,1990-01-28,Sweden,2026-06-30,188.0,right,34.926762491444215,17.904073587385017,12.611541086966115,1219.8787381337545,Declining,False,False,False,True,False,SWE,UEFA,False,False,False,False,False,True
Sam Johnstone,eng ENG,GK,Wolves,eng Premier League,31.0,1993.0,7,7,630,7.0,0,0,0,0,0,0,0,0,0.0,0.0,0.0,0.0,0,0,0,0.0,0.0,0,0,0.0,0.0,0,0.0,0.0,184,278,66.2,5548,4270,0.0,0.0,1,6,0,0,230,47,22,0,0,0,0,0,0,0,0,1,2,2,0.29,2,0,0,0,0,0,0,0.0,0,0,0,0,0,1,0.0,1,0,0,0,0,0,7,0,306,229,304,2,0,0,306,0,0,,0,,196,1221,756,0,0,0,0,179,90,18.4,90.0,7,0,,16,0.14,9,17,-8,-1.14,-0.92,6.9,13.1,-6.2,-0.89,0,0,0,0,0,0,0,9,4,0,100.0,7.0,7.0,630.0,17.0,2.43,39.0,23.0,61.5,0.0,1.0,6.0,0.0,0.0,2.0,2.0,0.0,0.0,0.0,5.0,1.0,13.0,0.29,-3.0,-0.43,52.0,129.0,40.3,252.0,28.0,45.6,36.6,104.0,8.0,7.7,11.0,1.57,13.4,GK,110864.0,exact,110864.0,2025-05-30,6000000.0,110864,1993-03-25,England,2028-06-30,193.0,right,31.772758384668034,41.9185282522996,15.607270193858982,1009.5081753704928,Declining,False,True,False,False,False,ENG,UEFA,False,False,False,False,False,True
Jesse Joronen,fi FIN,GK,Venezia,it Serie A,31.0,1993.0,8,7,703,7.8,0,0,0,0,0,0,0,0,0.0,0.0,0.0,0.0,0,0,0,0.0,0.0,0,0,0.0,0.0,0,0.0,0.0,223,302,73.8,5362,3464,0.0,0.0,0,1,0,0,241,60,19,0,0,0,0,0,0,0,0,1,2,0,0.0,0,0,0,0,0,0,0,0.0,0,0,0,0,0,0,,0,0,0,0,0,0,4,1,327,290,327,0,0,0,327,0,0,,0,,196,1068,567,0,0,0,0,171,88,20.6,90.0,7,1,73.0,28,0.5,7,15,-8,-1.02,-0.49,7.6,11.6,-4.0,-0.52,0,1,0,0,0,1,1,11,3,0,100.0,8.0,7.0,703.0,15.0,1.92,40.0,27.0,70.0,1.0,1.0,5.0,2.0,28.6,3.0,3.0,0.0,0.0,0.0,3.0,2.0,12.6,0.26,-0.4,-0.05,20.0,84.0,23.8,260.0,46.0,28.1,31.0,125.0,6.0,4.8,5.0,0.64,9.4,GK,131758.0,exact,131758.0,2025-06-17,500000.0,131758,1993-03-21,Finland,2026-06-30,197.0,right,31.783709787816566,17.904073587385017,13.122365377402328,1010.2042078761466,Declining,False,False,False,False,True,FIN,UEFA,False,False,False,False,False,True
Filip Jørgensen,dk DEN,GK,Chelsea,eng Premier League,22.0,2002.0,6,6,540,6.0,0,0,0,0,0,0,0,0,0.0,0.0,0.0,0.0,0,0,0,0.0,0.0,0,0,0.0,0.0,0,0.0,0.0,158,189,83.6,2843,1649,0.0,0.0,0,1,0,0,169,20,2,0,0,0,0,0,0,0,0,0,0,1,0.17,1,0,0,0,0,0,0,0.0,0,0,0,0,0,0,,0,0,0,0,0,0,0,3,202,174,201,1,0,0,202,0,0,,0,,145,676,423,0,0,0,0,139,90,15.8,90.0,6,0,,31,1.5,12,9,3,0.5,-0.06,14.0,8.8,5.2,0.86,0,1,1,0,0,1,0,5,0,0,,6.0,6.0,540.0,9.0,1.5,28.0,19.0,71.4,3.0,0.0,3.0,1.0,16.7,1.0,1.0,0.0,0.0,0.0,1.0,0.0,9.3,0.3,0.3,0.04,7.0,33.0,21.2,171.0,19.0,18.1,24.1,53.0,2.0,3.8,2.0,0.33,13.2,GK,585323.0,exact,585323.0,2025-05-30,18000000.0,585323,2002-04-16,Denmark,2031-06-30,192.0,right,22.713210130047912,77.8909329829172,16.705882371415992,515.8899144117111,Developing,False,True,False,False,False,DEN,UEFA,False,False,False,False,False,True
Caoimhín Kelleher,ie IRL,GK,Liverpool,eng Premier League,25.0,1998.0,10,10,900,10.0,0,0,0,0,0,0,0,0,0.0,0.0,0.0,0.0,0,0,0,0.0,0.0,0,0,0.0,0.0,0,0.0,0.0,289,382,75.7,6252,3968,0.0,0.0,0,6,0,0,344,38,20,0,0,0,0,0,0,0,0,0,1,3,0.3,3,0,0,0,0,0,1,0.1,0,0,0,0,0,0,,0,0,0,0,0,0,1,2,398,286,396,2,0,0,398,1,1,100.0,0,0.0,290,1131,616,0,0,1,0,275,90,26.3,90.0,10,0,,27,2.3,22,12,10,1.0,-0.25,19.8,11.1,8.7,0.87,0,0,3,0,0,0,0,18,1,0,100.0,10.0,10.0,900.0,12.0,1.2,37.0,24.0,67.6,7.0,2.0,1.0,4.0,40.0,1.0,0.0,1.0,0.0,0.0,1.0,0.0,11.6,0.3,-0.4,-0.04,29.0,115.0,25.2,364.0,49.0,28.6,29.0,113.0,6.0,5.3,9.0,0.9,14.0,GK,340918.0,exact,340918.0,2025-05-30,20000000.0,340918,1998-11-23,Ireland,2030-06-30,188.0,right,26.10814510609172,65.90013140604468,16.811242881518265,681.635240880741,Peak,False,True,False,False,False,IRL,UEFA,False,False,False,False,False,True
Antonín Kinský,cz CZE,GK,Tottenham,eng Premier League,21.0,2003.0,6,6,540,6.0,0,0,0,0,0,0,0,0,0.0,0.0,0.1,0.1,1,1,0,0.0,0.01,0,0,0.0,0.0,0,0.0,0.0,167,217,77.0,3990,2480,0.0,-0.1,1,2,0,0,177,39,9,0,0,0,0,0,0,0,0,1,1,1,0.17,1,0,0,0,0,0,0,0.0,3,1,3,0,0,1,100.0,0,0,0,0,0,3,9,1,237,205,234,3,0,0,237,0,0,,0,,144,760,491,0,0,0,0,126,90,15.8,90.0,6,0,,12,0.5,6,11,-5,-0.83,-0.96,5.0,11.6,-6.6,-1.09,0,0,0,0,0,0,0,6,2,0,100.0,6.0,6.0,540.0,11.0,1.83,32.0,23.0,65.6,1.0,0.0,5.0,1.0,16.7,0.0,0.0,0.0,0.0,0.0,1.0,2.0,10.5,0.33,1.5,0.25,17.0,58.0,29.3,186.0,37.0,26.9,30.7,112.0,10.0,8.9,9.0,1.5,12.1,GK,725912.0,exact,725912.0,2025-05-30,15000000.0,725912,2003-03-13,Czech Republic,2029-06-30,190.0,right,21.806981519507186,53.90932982917214,16.52356082573315,475.5444429921279,Emerging,False,True,False,False,False,CZE,UEFA,False,False,False,False,False,True
Gregor Kobel,ch SUI,GK,Dortmund,de Bundesliga,26.0,1997.0,32,32,2880,32.0,0,0,0,0,0,0,1,0,0.0,0.0,0.0,0.0,0,1,0,0.0,0.0,0,0,0.0,0.0,0,0.0,0.0,993,1241,80.0,24180,16099,0.0,0.0,1,5,0,0,1043,195,74,0,0,0,0,0,0,0,0,3,0,4,0.12,3,0,0,0,1,0,0,0.0,0,0,0,0,0,0,,0,0,0,0,1,1,23,3,1312,992,1300,12,0,0,1312,2,2,100.0,0,0.0,831,4028,2240,0,0,0,1,776,90,94.1,90.0,32,0,,0,1.69,68,47,21,0.66,1.16,58.3,40.3,18.0,0.56,0,0,2,0,0,0,0,61,5,0,100.0,32.0,32.0,2880.0,47.0,1.47,129.0,82.0,66.7,16.0,6.0,10.0,7.0,21.9,4.0,4.0,0.0,0.0,0.0,5.0,1.0,47.4,0.35,1.4,0.04,112.0,336.0,33.3,1117.0,126.0,23.7,28.6,420.0,22.0,5.2,47.0,1.47,15.7,GK,257814.0,exact,257814.0,2025-06-05,40000000.0,257814,1997-12-06,Switzerland,2028-06-30,196.0,right,27.071868583162217,41.9185282522996,17.50439003707821,732.8860685840054,Peak,True,False,False,False,False,SUI,UEFA,False,False,False,False,False,True
Hervé Koffi,bf BFA,GK,Lens,fr Ligue 1,27.0,1996.0,5,5,450,5.0,0,0,0,0,0,0,2,0,0.0,0.0,0.0,0.0,0,0,0,0.0,0.0,0,0,0.0,0.0,0,0.0,0.0,98,135,72.6,2631,1938,0.0,0.0,0,4,0,0,111,23,4,0,0,0,0,0,0,0,0,1,0,0,0.0,0,0,0,0,0,0,0,0.0,1,1,1,0,0,1,100.0,0,0,0,0,0,1,5,0,151,125,149,2,0,0,151,0,0,,0,,105,457,280,0,0,0,0,77,90,14.7,90.0,5,0,,20,0.6,3,8,-5,-1.0,-1.28,6.4,9.3,-2.9,-0.59,0,0,0,0,0,0,0,3,1,0,100.0,5.0,5.0,450.0,8.0,1.6,26.0,18.0,76.9,1.0,0.0,4.0,0.0,0.0,2.0,2.0,0.0,0.0,0.0,1.0,0.0,11.1,0.38,3.1,0.61,14.0,42.0,33.3,115.0,22.0,29.6,33.2,53.0,4.0,7.5,2.0,0.4,9.4,GK,415383.0,exact,415383.0,2025-06-03,1200000.0,415383,1996-10-16,Burkina Faso,2026-06-30,186.0,right,28.210814510609172,17.904073587385017,13.997832948091215,795.850055351997,Peak,False,False,False,True,False,BFA,CAF,False,True,False,False,False,False
Philipp Köhn,ch SUI,GK,Monaco,fr Ligue 1,26.0,1998.0,19,19,1710,19.0,0,0,0,0,0,0,1,0,0.0,0.0,0.0,0.0,0,0,0,0.0,0.0,0,0,0.0,0.0,0,0.0,0.0,414,546,75.8,10461,7297,0.0,0.0,0,2,0,0,411,135,36,0,1,0,0,0,0,0,0,0,0,4,0.21,2,2,0,0,0,0,1,0.05,0,0,0,0,0,1,0.0,1,0,0,0,0,0,11,2,580,477,576,4,0,0,580,0,0,,0,,353,1863,967,0,0,0,0,281,90,55.9,90.0,19,0,,15,2.0,32,19,13,0.68,0.08,37.4,16.1,21.3,1.12,0,0,1,0,0,0,0,37,3,0,100.0,19.0,19.0,1710.0,19.0,1.0,63.0,44.0,71.4,11.0,5.0,3.0,8.0,42.1,1.0,1.0,0.0,0.0,0.0,2.0,0.0,17.2,0.26,-1.8,-0.1,50.0,157.0,31.8,447.0,70.0,25.7,29.9,225.0,16.0,7.1,20.0,1.05,14.8,GK,251322.0,exact,251322.0,2025-06-03,5000000.0,251322,1998-04-02,Switzerland,2028-06-30,190.0,right,26.751540041067763,41.9185282522996,15.424948670398354,715.6448945688518,Peak,False,False,False,True,False,SUI,UEFA,False,False,False,False,False,True
Matej Kovar,cz CZE,GK,Leverkusen,de Bundesliga,24.0,2000.0,5,5,450,5.0,0,0,0,0,0,0,0,0,0.0,0.0,0.0,0.0,0,0,0,0.0,0.0,0,0,0.0,0.0,0,0.0,0.0,123,147,83.7,2919,1733,0.0,0.0,0,2,0,0,125,21,6,0,0,0,0,0,0,0,0,1,0,0,0.0,0,0,0,0,0,0,0,0.0,0,0,0,0,0,0,,0,0,0,0,0,0,0,1,155,134,155,0,0,0,155,0,0,,0,,99,489,214,0,0,0,0,84,90,14.7,90.0,5,0,,28,2.0,9,5,4,0.8,-0.06,7.0,3.7,3.2,0.65,0,0,1,0,0,0,0,6,1,1,50.0,5.0,5.0,450.0,5.0,1.0,16.0,12.0,68.8,3.0,1.0,1.0,3.0,60.0,0.0,0.0,0.0,0.0,0.0,0.0,1.0,3.5,0.22,-0.5,-0.09,12.0,32.0,37.5,131.0,16.0,21.4,27.9,52.0,2.0,3.8,6.0,1.2,16.9,GK,550829.0,exact,550829.0,2025-06-05,5000000.0,550829,2000-05-17,Czech Republic,2026-06-30,196.0,right,24.62696783025325,17.904073587385017,15.424948670398354,606.4875445123284,Developing,True,False,False,False,False,CZE,UEFA,False,False,False,False,False,True
Nediljko Labrović,hr CRO,GK,Augsburg,de Bundesliga,24.0,1999.0,15,15,1350,15.0,0,0,0,0,0,0,0,0,0.0,0.0,0.0,0.0,0,0,0,0.0,0.0,0,0,0.0,0.0,0,0.0,0.0,354,504,70.2,10392,7820,0.1,0.0,0,10,1,0,361,141,36,0,0,0,0,0,0,0,0,2,1,1,0.07,1,0,0,0,0,0,0,0.0,0,0,0,0,0,0,,0,0,0,0,0,0,12,1,546,451,537,9,0,0,546,0,0,,0,,306,1571,923,0,0,0,0,238,90,44.1,90.0,15,0,,19,1.07,17,32,-15,-1.0,-0.95,16.4,21.2,-4.8,-0.32,0,0,2,0,0,0,0,14,6,1,85.7,15.0,15.0,1350.0,32.0,2.13,74.0,42.0,60.8,4.0,4.0,7.0,2.0,13.3,3.0,3.0,0.0,0.0,1.0,2.0,0.0,25.9,0.32,-6.1,-0.4,83.0,220.0,37.7,397.0,72.0,38.8,35.2,217.0,12.0,5.5,18.0,1.2,13.3,GK,610190.0,exact_accent_stripped,610190.0,2025-06-05,2500000.0,610190,1999-10-10,Croatia,2029-06-30,196.0,right,25.229295003422312,53.90932982917214,14.731801689838349,636.5173263697101,Developing,True,False,False,False,False,CRO,UEFA,False,False,False,False,False,True
Alban Lafont,fr FRA,GK,Nantes,fr Ligue 1,25.0,1999.0,12,12,1080,12.0,0,0,0,0,0,0,1,0,0.0,0.0,0.0,0.0,0,0,0,0.0,0.0,0,0,0.0,0.0,0,0.0,0.0,256,367,69.8,7058,5292,0.0,0.0,2,10,0,0,278,88,31,0,1,0,0,0,0,0,0,1,1,2,0.17,1,1,0,0,0,0,0,0.0,1,1,1,0,0,1,100.0,0,2,0,2,0,1,8,1,408,334,401,7,0,0,408,0,0,,0,,228,1065,545,0,0,0,0,212,90,35.3,90.0,12,0,,4,0.83,14,19,-5,-0.42,-0.05,13.1,16.9,-3.8,-0.32,0,0,0,0,0,0,0,11,5,0,100.0,12.0,12.0,1080.0,19.0,1.58,49.0,32.0,67.3,2.0,4.0,6.0,2.0,16.7,3.0,3.0,0.0,0.0,0.0,2.0,2.0,16.8,0.3,-0.2,-0.02,40.0,143.0,28.0,309.0,56.0,34.0,34.9,200.0,16.0,8.0,6.0,0.5,10.6,GK,357117.0,exact,357117.0,2025-06-03,3000000.0,357117,1999-01-23,Cote d'Ivoire,2026-06-30,196.0,right,25.94113620807666,17.904073587385017,14.914123179965662,672.9425477659859,Developing,False,False,False,True,False,FRA,UEFA,False,False,False,False,False,True
Gautier Larsonneur,fr FRA,GK,Saint-Étienne,fr Ligue 1,27.0,1997.0,34,34,3060,34.0,0,0,0,0,0,0,5,0,0.0,0.0,0.0,0.0,0,0,0,0.0,0.0,0,0,0.0,0.0,0,0.0,0.0,782,1185,66.0,20526,15608,0.0,0.0,1,11,0,0,866,317,112,0,0,0,0,0,0,0,0,2,0,3,0.09,2,1,0,0,0,0,1,0.03,1,0,1,0,0,2,0.0,2,1,0,1,0,1,25,1,1303,1082,1292,12,0,0,1303,0,0,,0,,712,3299,2029,0,0,0,0,608,90,100.0,90.0,34,0,,0,0.88,39,77,-38,-1.12,,36.4,74.3,-37.9,-1.15,0,0,13,0,0,0,0,41,7,4,63.6,34.0,34.0,3060.0,77.0,2.26,209.0,132.0,69.4,8.0,6.0,20.0,5.0,14.7,15.0,13.0,2.0,0.0,0.0,4.0,2.0,73.5,0.3,-1.5,-0.04,131.0,486.0,27.0,978.0,145.0,38.8,34.7,510.0,24.0,4.7,33.0,1.0,14.0,GK,357047.0,exact,357047.0,2025-06-03,3000000.0,357047,1997-02-23,France,2028-06-30,181.0,right,27.854893908281998,41.9185282522996,14.914123179965662,775.8951146416456,Peak,False,False,False,True,False,FRA,UEFA,False,False,False,False,False,True
Nicola Leali,it ITA,GK,Genoa,it Serie A,31.0,1993.0,29,29,2610,29.0,0,0,0,0,0,0,1,0,0.0,0.0,0.0,0.0,0,0,0,0.0,0.0,0,0,0.0,0.0,0,0.0,0.0,667,938,71.1,18776,13282,0.0,0.0,0,10,0,0,636,300,86,0,1,0,0,0,0,0,0,2,2,2,0.07,2,0,0,0,0,0,1,0.03,0,0,0,0,0,0,,0,0,0,0,0,0,14,1,999,879,985,14,0,0,999,0,0,,0,,523,2571,1480,0,0,0,0,434,90,76.3,90.0,29,0,,9,1.17,27,31,-4,-0.14,0.75,28.6,30.8,-2.3,-0.08,0,1,6,0,0,0,1,30,6,0,100.0,29.0,29.0,2610.0,31.0,1.07,111.0,82.0,74.8,8.0,10.0,11.0,10.0,34.5,4.0,3.0,1.0,0.0,0.0,4.0,3.0,34.3,0.29,6.3,0.22,150.0,391.0,38.4,722.0,112.0,39.3,33.9,390.0,21.0,5.4,14.0,0.48,11.2,GK,136111.0,exact,136111.0,2025-06-17,1500000.0,136111,1993-02-17,Italy,2026-06-30,193.0,right,31.871321013004792,17.904073587385017,14.220976332738882,1015.7811031140008,Declining,False,False,False,False,True,ITA,UEFA,False,False,False,False,False,True
Benjamin Lecomte,fr FRA,GK,Montpellier,fr Ligue 1,33.0,1991.0,30,30,2700,30.0,0,0,0,0,0,0,0,0,0.0,0.0,0.1,0.1,0,1,0,0.0,0.0,0,0,0.0,0.0,0,0.0,0.0,676,1000,67.6,20370,16563,0.1,-0.1,3,25,1,0,729,269,85,0,1,0,0,0,0,0,0,2,1,10,0.34,10,0,0,0,0,0,0,0.0,0,0,0,0,0,0,,0,0,0,0,0,0,18,2,1090,856,1074,17,0,0,1090,0,0,,0,,595,3708,2382,0,0,1,0,534,90,88.2,90.0,30,0,,4,0.43,17,68,-51,-1.7,-0.45,29.3,53.4,-24.1,-0.83,0,0,2,0,0,0,0,35,4,0,100.0,30.0,30.0,2700.0,68.0,2.27,173.0,107.0,64.2,3.0,4.0,23.0,1.0,3.3,7.0,6.0,1.0,0.0,0.0,5.0,3.0,57.3,0.31,-5.7,-0.2,177.0,449.0,39.4,814.0,115.0,42.5,36.2,408.0,20.0,4.9,26.0,0.9,14.3,GK,127181.0,exact,127181.0,2025-06-03,1500000.0,127181,1991-04-26,France,2027-06-30,186.0,left,33.686516084873375,29.894875164257556,14.220976332738882,1134.7813659364326,Declining,False,False,False,True,False,FRA,UEFA,False,False,False,False,False,True
Bernd Leno,de GER,GK,Fulham,eng Premier League,32.0,1992.0,38,38,3420,38.0,0,1,1,0,0,0,5,0,0.0,0.0,0.1,0.1,0,0,0,0.03,0.0,0,0,0.0,0.0,0,0.0,0.0,1149,1404,81.8,28206,16978,0.1,0.9,2,16,2,0,1160,243,71,0,0,0,0,0,0,0,0,1,1,6,0.16,6,0,0,0,0,0,2,0.05,2,2,2,0,0,2,100.0,0,1,0,1,0,2,11,5,1479,1190,1466,13,0,0,1479,0,0,,0,,955,3956,2233,0,0,0,0,862,90,100.0,90.0,38,0,,0,1.42,54,54,0,0.0,,49.0,47.2,1.8,0.05,0,0,4,0,0,0,0,50,9,1,90.0,38.0,38.0,3420.0,54.0,1.42,159.0,106.0,67.9,15.0,9.0,14.0,5.0,13.2,4.0,3.0,1.0,0.0,0.0,6.0,2.0,48.9,0.29,-3.1,-0.08,141.0,367.0,38.4,1231.0,167.0,22.7,28.9,507.0,23.0,4.5,33.0,0.87,13.3,GK,72476.0,exact,72476.0,2025-05-30,10000000.0,72476,1992-03-04,Germany,2027-06-30,190.0,right,32.82956878850103,29.894875164257556,16.118095750958314,1077.780586838921,Declining,False,True,False,False,False,GER,UEFA,False,False,False,False,False,True
Donovan Léon,gf GUF,GK,Auxerre,fr Ligue 1,31.0,1992.0,32,32,2880,32.0,0,2,2,0,0,0,4,0,0.0,0.0,0.4,0.4,0,1,0,0.06,0.01,0,0,0.0,0.0,0,0.0,0.0,670,1132,59.2,22274,17974,0.1,1.6,3,32,2,0,810,320,124,0,4,0,1,0,0,0,0,2,0,12,0.37,9,3,0,0,0,0,2,0.06,0,0,0,0,0,3,0.0,3,2,0,2,0,0,26,1,1231,1033,1225,5,1,0,1231,2,2,100.0,0,0.0,708,3787,2184,0,0,0,0,521,90,94.1,90.0,32,0,,0,1.28,47,48,-1,-0.03,0.97,38.8,54.3,-15.5,-0.48,0,1,4,0,0,1,0,33,7,1,87.5,32.0,32.0,2880.0,48.0,1.5,164.0,118.0,73.8,11.0,8.0,13.0,9.0,28.1,6.0,5.0,1.0,0.0,0.0,7.0,3.0,55.8,0.32,10.8,0.34,213.0,649.0,32.8,935.0,173.0,53.0,42.0,518.0,28.0,5.4,39.0,1.22,14.6,GK,170911.0,exact,170911.0,2025-06-03,1000000.0,170911,1992-11-03,French Guiana,2027-06-30,187.0,right,32.16153319644079,29.894875164257556,13.815511557963774,1034.364217545763,Declining,False,False,False,True,False,GUF,CONMEBOL,False,False,False,True,False,False
Anthony Lopes,pt POR,GK,Nantes,fr Ligue 1,33.0,1990.0,18,18,1563,17.4,0,0,0,0,0,0,2,0,0.0,0.0,0.0,0.0,0,0,0,0.0,0.0,0,0,0.0,0.0,0,0.0,0.0,356,547,65.1,10874,8064,0.0,0.0,0,4,0,0,376,171,75,0,2,0,0,0,0,0,0,0,0,1,0.06,1,0,0,0,0,0,0,0.0,1,0,1,0,0,1,100.0,0,0,0,0,1,2,7,1,597,489,591,6,0,0,597,0,0,,0,,320,1763,1169,0,0,1,0,276,87,51.1,87.0,17,0,,0,1.17,20,26,-6,-0.35,0.08,21.9,31.0,-9.1,-0.52,0,1,7,0,0,1,0,11,2,1,66.7,18.0,18.0,1563.0,26.0,1.5,71.0,46.0,69.0,5.0,6.0,7.0,3.0,16.7,5.0,4.0,0.0,1.0,0.0,1.0,1.0,25.6,0.32,0.6,0.03,89.0,257.0,34.6,451.0,56.0,40.4,35.8,308.0,16.0,5.2,8.0,0.46,11.0,GK,60561.0,exact,60561.0,2025-06-03,1200000.0,60561,1990-10-01,Portugal,2026-06-30,184.0,left,34.25325119780972,17.904073587385017,13.997832948091215,1173.2852176202528,Declining,False,False,False,True,False,POR,UEFA,False,False,False,False,False,True
Joe Lumley,eng ENG,GK,Southampton,eng Premier League,29.0,1995.0,3,3,270,3.0,0,0,0,0,0,0,0,0,0.0,0.0,0.0,0.0,0,0,0,0.0,0.0,0,0,0.0,0.0,0,0.0,0.0,106,151,70.2,2342,1476,0.0,0.0,0,2,0,0,128,22,7,0,0,0,0,0,0,0,0,1,0,0,0.0,0,0,0,0,0,0,0,0.0,0,0,0,0,0,0,,0,0,0,0,0,0,3,3,164,116,161,3,0,0,164,0,0,,0,,103,476,296,0,0,0,0,108,90,7.9,90.0,3,0,,5,0.33,2,7,-5,-1.67,-0.1,2.8,9.1,-6.3,-2.09,0,0,0,0,0,0,0,2,2,1,66.7,3.0,3.0,270.0,7.0,2.33,20.0,13.0,65.0,0.0,1.0,2.0,0.0,0.0,0.0,0.0,0.0,0.0,0.0,1.0,0.0,7.7,0.39,0.7,0.22,15.0,50.0,30.0,135.0,14.0,34.1,30.0,56.0,2.0,3.6,7.0,2.33,18.0,GK,336367.0,exact,336367.0,2025-05-30,500000.0,336367,1995-02-15,England,2027-06-30,190.0,right,29.87816563997262,29.894875164257556,13.122365377402328,892.7047820096406,Peak,False,True,False,False,False,ENG,UEFA,False,False,False,False,False,True
Andriy Lunin,ua UKR,GK,Real Madrid,es La Liga,25.0,1999.0,7,7,630,7.0,0,1,1,0,0,0,0,0,0.0,0.0,0.9,0.9,0,0,0,0.14,0.13,0,0,0.0,0.0,0,0.0,0.0,174,202,86.1,4252,2741,0.0,0.1,1,1,0,0,147,53,8,0,1,0,0,0,0,0,0,2,1,1,0.14,1,0,0,0,0,0,1,0.14,1,0,1,0,0,0,,0,0,0,0,0,1,3,0,209,178,208,1,0,0,209,0,0,,0,,116,399,212,0,0,0,0,109,90,18.4,90.0,7,0,,29,2.57,15,7,8,1.14,0.11,14.0,8.4,5.6,0.8,0,0,1,0,0,0,0,14,2,0,100.0,7.0,7.0,630.0,7.0,1.0,20.0,13.0,65.0,6.0,0.0,1.0,4.0,57.1,0.0,0.0,0.0,0.0,0.0,0.0,0.0,6.4,0.32,-0.6,-0.09,21.0,42.0,50.0,155.0,29.0,20.0,26.9,61.0,2.0,3.3,12.0,1.71,14.9,GK,404839.0,exact,404839.0,2025-06-09,18000000.0,404839,1999-02-11,Ukraine,2030-06-30,191.0,right,25.88911704312115,65.90013140604468,16.705882371415992,670.246381272426,Developing,False,False,True,False,False,UKR,UEFA,False,False,False,False,False,True
Mike Maignan,fr FRA,GK,Milan,it Serie A,29.0,1995.0,37,37,3294,36.6,0,0,0,0,0,0,1,0,0.0,0.0,0.8,0.8,0,4,0,0.0,0.02,0,0,0.0,0.0,0,0.0,0.0,1338,1553,86.2,33388,21322,0.2,-0.8,5,19,0,0,1281,268,73,2,2,0,1,0,0,0,0,4,1,6,0.16,6,0,0,0,0,0,0,0.0,0,0,0,0,0,1,0.0,1,1,0,1,0,0,19,3,1635,1059,1606,30,0,0,1635,1,1,100.0,0,0.0,1026,5265,3456,0,0,1,0,959,89,96.3,89.0,36,0,,0,1.62,56,41,15,0.41,-1.73,59.1,39.9,19.3,0.53,0,1,7,0,0,1,0,67,4,0,100.0,37.0,37.0,3294.0,41.0,1.12,136.0,97.0,70.6,17.0,9.0,11.0,12.0,32.4,2.0,1.0,1.0,0.0,1.0,3.0,3.0,36.8,0.26,-1.2,-0.03,118.0,306.0,38.6,1355.0,174.0,17.4,27.8,447.0,26.0,5.8,68.0,1.86,18.7,GK,182906.0,exact,182906.0,2025-06-17,25000000.0,182906,1995-07-03,France,2031-06-30,191.0,right,29.50034223134839,77.8909329829172,17.034386422832473,870.2701917666774,Peak,False,False,False,False,True,FRA,UEFA,False,False,False,False,False,True
Radosław Majecki,pl POL,GK,Monaco,fr Ligue 1,24.0,1999.0,15,15,1350,15.0,0,0,0,0,0,0,1,0,0.0,0.0,0.0,0.0,0,1,0,0.0,0.0,0,0,0.0,0.0,0,0.0,0.0,304,407,74.7,7178,5015,0.0,0.0,0,1,0,0,293,114,27,0,0,0,0,0,0,0,0,0,0,1,0.07,1,0,0,0,0,0,0,0.0,0,0,0,0,0,2,0.0,2,0,0,0,0,0,8,1,434,363,425,9,0,0,434,0,0,,0,,233,1219,725,0,0,0,0,181,90,44.1,90.0,15,0,,11,1.53,31,22,9,0.6,-0.08,35.4,18.7,16.7,1.11,0,0,1,0,0,0,0,19,5,0,100.0,15.0,15.0,1350.0,22.0,1.47,65.0,43.0,69.2,7.0,2.0,6.0,3.0,20.0,2.0,2.0,0.0,0.0,1.0,1.0,0.0,21.1,0.31,-0.9,-0.06,27.0,112.0,24.1,320.0,76.0,26.6,30.5,154.0,14.0,9.1,18.0,1.2,14.0,GK,346546.0,fuzzy_verified,346546.0,2025-06-03,6000000.0,346546,1999-11-16,Poland,2026-06-30,193.0,right,25.127994524298426,17.904073587385017,15.607270193858982,631.4161088131717,Developing,False,False,False,True,False,POL,UEFA,False,False,False,False,False,True
Giorgi Mamardashvili,ge GEO,GK,Valencia,es La Liga,23.0,2000.0,34,34,3060,34.0,0,0,0,0,0,0,2,0,0.0,0.0,0.1,0.1,1,0,0,0.0,0.0,0,0,0.0,0.0,0,0.0,0.0,732,1080,67.8,20581,15111,0.1,-0.1,2,11,1,0,742,336,117,0,3,0,0,0,0,0,0,2,1,9,0.26,6,3,0,0,0,0,2,0.06,2,2,2,0,0,3,66.7,1,0,0,0,1,3,16,3,1163,978,1155,8,0,0,1163,0,0,,0,,574,2610,1452,0,0,0,0,490,90,89.5,90.0,34,0,,0,1.29,40,48,-8,-0.24,0.26,37.6,44.9,-7.3,-0.21,0,1,6,0,0,1,0,29,4,2,66.7,34.0,34.0,3060.0,48.0,1.41,136.0,89.0,68.4,11.0,11.0,12.0,8.0,23.5,7.0,5.0,2.0,0.0,0.0,4.0,3.0,46.1,0.3,1.1,0.03,141.0,449.0,31.4,859.0,134.0,36.0,34.5,472.0,33.0,7.0,38.0,1.12,14.3,GK,502676.0,exact,502676.0,2025-06-09,30000000.0,502676,2000-09-29,Georgia,2031-06-30,197.0,left,24.257357973990416,77.8909329829172,17.216707972959764,588.4194158783164,Developing,False,False,True,False,False,GEO,UEFA,False,False,False,False,False,True
Steve Mandanda,fr FRA,GK,Rennes,fr Ligue 1,39.0,1985.0,18,17,1486,16.5,0,0,0,0,0,0,0,0,0.0,0.0,0.1,0.1,0,0,1,0.0,0.01,0,0,0.0,0.0,0,0.0,0.0,353,499,70.7,9384,6967,0.0,-0.1,2,8,0,0,388,111,38,0,0,0,0,0,0,0,0,0,0,4,0.24,3,1,0,0,0,0,0,0.0,0,0,0,0,0,1,0.0,1,0,0,0,0,0,6,2,523,418,519,4,0,0,523,2,2,100.0,0,0.0,305,1511,930,0,0,2,1,273,83,48.6,87.0,16,1,1.0,16,1.11,23,23,0,0.0,-0.06,21.0,18.3,2.7,0.16,0,0,1,0,0,0,0,26,1,0,100.0,18.0,17.0,1486.0,23.0,1.39,51.0,29.0,58.8,6.0,2.0,9.0,6.0,35.3,3.0,2.0,1.0,0.0,0.0,2.0,2.0,17.0,0.29,-4.0,-0.24,61.0,180.0,33.9,426.0,66.0,33.6,32.7,175.0,7.0,4.0,21.0,1.27,15.7,GK,23951.0,exact,23951.0,2025-06-03,500000.0,23951,1985-03-28,France,,187.0,right,39.76454483230664,,13.122365377402328,1581.2190257205248,Declining,False,False,False,True,False,FRA,UEFA,False,False,False,False,False,True
Christos Mandas,gr GRE,GK,Lazio,it Serie A,22.0,2001.0,9,9,810,9.0,0,0,0,0,0,0,0,0,0.0,0.0,0.0,0.0,0,3,0,0.0,0.0,0,0,0.0,0.0,0,0.0,0.0,240,335,71.6,6911,4716,0.0,0.0,0,11,1,0,286,47,22,0,2,0,0,0,0,0,0,2,0,2,0.22,2,0,0,0,0,0,1,0.11,0,0,0,0,0,0,,0,0,0,0,0,0,4,0,351,266,339,13,0,0,351,0,0,,0,,237,1192,754,0,0,0,1,210,90,23.7,90.0,9,0,,29,1.56,10,7,3,0.33,0.02,12.7,5.6,7.1,0.79,0,0,3,0,0,0,0,18,6,1,85.7,9.0,9.0,810.0,7.0,0.78,27.0,20.0,74.1,3.0,5.0,1.0,4.0,44.4,0.0,0.0,0.0,0.0,0.0,1.0,0.0,7.9,0.29,0.9,0.1,42.0,124.0,33.9,308.0,36.0,36.4,35.9,130.0,20.0,15.4,22.0,2.44,16.8,GK,481675.0,exact,481675.0,2025-06-17,10000000.0,481675,2001-09-17,Greece,2026-06-30,189.0,right,23.290896646132786,17.904073587385017,16.118095750958314,542.4658665808395,Developing,False,False,False,False,True,GRE,UEFA,False,False,False,False,False,True
Emiliano Martínez,ar ARG,GK,Aston Villa,eng Premier League,31.0,1992.0,37,37,3194,35.5,0,0,0,0,0,0,5,1,0.0,0.0,0.5,0.5,0,4,0,0.0,0.02,0,0,0.0,0.0,0,0.0,0.0,1091,1387,78.7,28659,17513,0.1,-0.5,2,27,0,0,1117,263,91,0,2,0,0,0,0,0,0,7,0,6,0.17,5,1,0,0,0,0,1,0.03,3,3,3,0,0,2,100.0,0,1,0,1,0,3,17,6,1449,1095,1429,20,0,0,1449,1,1,100.0,0,0.0,889,4616,2936,0,0,1,0,784,86,93.4,86.0,34,0,,0,1.7,56,45,11,0.31,1.9,53.5,44.7,8.9,0.25,0,2,6,0,0,0,0,34,10,1,90.9,37.0,37.0,3194.0,45.0,1.27,142.0,96.0,69.0,18.0,9.0,10.0,8.0,21.6,2.0,1.0,1.0,0.0,1.0,2.0,0.0,45.8,0.32,0.8,0.02,162.0,420.0,38.6,1208.0,132.0,26.3,30.4,498.0,56.0,11.2,35.0,0.99,13.7,GK,111873.0,exact,111873.0,2025-05-30,20000000.0,111873,1992-09-02,Argentina,2029-06-30,195.0,right,32.33127994524298,53.90932982917214,16.811242881518265,1045.311662897671,Declining,False,True,False,False,False,ARG,CONMEBOL,False,False,False,True,False,False
Josep Martinez,es ESP,GK,Inter,it Serie A,26.0,1998.0,5,5,450,5.0,0,0,0,0,0,0,0,0,0.0,0.0,0.1,0.1,0,0,0,0.0,0.02,0,0,0.0,0.0,0,0.0,0.0,206,241,85.5,5110,3113,0.0,-0.1,1,0,0,0,206,35,10,0,1,0,0,0,0,0,0,0,0,1,0.2,0,1,0,0,0,0,0,0.0,0,0,0,0,0,0,,0,0,0,0,0,0,0,0,246,218,245,1,0,0,246,0,0,,0,,176,619,344,0,0,0,0,179,90,13.2,90.0,5,0,,33,2.6,8,3,5,1.0,-0.18,8.2,5.5,2.7,0.55,0,0,1,0,0,0,0,4,1,0,100.0,5.0,5.0,450.0,3.0,0.6,14.0,11.0,78.6,4.0,1.0,0.0,3.0,60.0,0.0,0.0,0.0,0.0,0.0,0.0,0.0,4.1,0.31,1.1,0.23,23.0,51.0,45.1,216.0,15.0,20.4,28.6,81.0,3.0,3.7,3.0,0.6,15.8,GK,388516.0,exact_accent_stripped,388516.0,2025-06-17,12000000.0,388516,1998-05-27,Spain,2029-06-30,191.0,right,26.600958247775495,53.90932982917214,16.300417291085605,707.6109796998951,Peak,False,False,False,False,True,ESP,UEFA,False,False,False,False,False,True
Alex McCarthy,eng ENG,GK,Southampton,eng Premier League,34.0,1989.0,5,5,450,5.0,0,0,0,0,0,0,0,0,0.0,0.0,0.0,0.0,0,0,0,0.0,0.0,0,0,0.0,0.0,0,0.0,0.0,117,156,75.0,2823,1985,0.0,0.0,0,5,0,0,126,29,6,0,1,0,0,0,0,0,0,1,1,0,0.0,0,0,0,0,0,0,0,0.0,0,0,0,0,0,0,,0,0,0,0,0,0,1,4,173,141,173,0,0,0,173,0,0,,0,,100,452,276,0,0,0,0,88,90,13.2,90.0,5,0,,33,0.0,3,13,-10,-2.0,-0.48,4.8,10.8,-6.1,-1.21,0,0,1,0,0,0,0,4,2,0,100.0,5.0,5.0,450.0,13.0,2.6,37.0,24.0,70.3,0.0,0.0,5.0,0.0,0.0,2.0,2.0,0.0,0.0,0.0,1.0,0.0,12.6,0.29,-0.4,-0.07,24.0,52.0,46.2,132.0,29.0,33.3,29.5,74.0,8.0,10.8,0.0,0.0,6.5,GK,95976.0,exact,95976.0,2025-05-30,350000.0,95976,1989-12-03,England,2026-06-30,193.0,right,35.08008213552361,17.904073587385017,12.765691290604371,1230.6121626350828,Declining,False,True,False,False,False,ENG,UEFA,False,False,False,False,False,True
Alex Meret,it ITA,GK,Napoli,it Serie A,27.0,1997.0,34,34,3005,33.4,0,0,0,0,0,0,0,0,0.0,0.0,0.0,0.0,0,1,0,0.0,0.0,0,0,0.0,0.0,0,0.0,0.0,1050,1223,85.9,26863,16237,0.0,0.0,0,5,0,0,983,239,58,0,2,0,0,0,0,0,0,1,0,2,0.06,2,0,0,0,0,0,0,0.0,0,0,0,0,0,0,,0,1,0,1,0,0,16,0,1290,1010,1284,6,0,0,1290,0,0,,0,,775,3529,1930,0,0,1,0,769,88,87.9,88.0,33,0,,1,2.12,52,25,27,0.81,-0.28,47.3,27.2,20.2,0.6,0,1,4,0,0,1,1,61,6,0,100.0,34.0,34.0,3005.0,25.0,0.75,84.0,59.0,71.4,21.0,9.0,4.0,16.0,47.1,4.0,1.0,2.0,1.0,1.0,0.0,2.0,25.3,0.27,2.3,0.07,88.0,214.0,41.1,1041.0,117.0,15.4,27.7,378.0,21.0,5.6,47.0,1.41,16.5,GK,240414.0,exact,240414.0,2025-06-17,18000000.0,240414,1997-03-22,Italy,2027-06-30,190.0,left,27.78097193702943,29.894875164257556,16.705882371415992,771.7824017660167,Peak,False,False,False,False,True,ITA,UEFA,False,False,False,False,False,True
Vanja Milinković-Savić,rs SRB,GK,Torino,it Serie A,27.0,1997.0,37,37,3330,37.0,0,0,0,0,0,0,3,0,0.0,0.0,0.1,0.1,0,0,0,0.0,0.0,0,0,0.0,0.0,0,0.0,0.0,1107,1628,68.0,33277,23338,0.3,-0.1,3,61,6,0,1229,394,123,1,5,0,0,0,0,0,0,5,1,10,0.27,7,3,0,0,0,0,0,0.0,1,0,1,0,0,3,33.3,2,0,0,0,0,1,18,4,1737,1199,1706,32,0,0,1737,0,0,,0,,1112,6083,3843,0,0,1,1,889,90,97.4,90.0,37,0,,0,1.19,37,42,-5,-0.14,0.86,33.9,48.4,-14.5,-0.39,0,1,10,0,0,1,0,51,11,2,84.6,37.0,37.0,3330.0,42.0,1.14,173.0,129.0,77.5,10.0,14.0,13.0,10.0,27.0,7.0,3.0,4.0,0.0,1.0,7.0,2.0,51.4,0.27,11.4,0.31,223.0,702.0,31.8,1352.0,191.0,40.0,37.6,585.0,37.0,6.3,46.0,1.24,13.7,GK,257474.0,exact,257474.0,2025-06-17,16000000.0,257474,1997-02-20,Serbia,2030-06-30,202.0,right,27.863107460643395,65.90013140604468,16.588099342704055,776.3527573633617,Peak,False,False,False,False,True,SRB,UEFA,False,False,False,False,False,True
Lorenzo Montipò,it ITA,GK,Hellas Verona,it Serie A,28.0,1996.0,36,36,3240,36.0,0,0,0,0,0,0,0,0,0.0,0.0,0.0,0.0,0,1,0,0.0,0.0,0,0,0.0,0.0,0,0.0,0.0,520,1068,48.7,18974,16089,0.1,0.0,0,37,0,0,644,414,116,0,3,0,0,0,0,0,0,10,1,5,0.14,5,0,0,0,0,0,0,0.0,1,0,1,0,0,4,25.0,3,0,0,0,0,1,24,4,1170,919,1150,20,0,0,1170,0,0,,0,,508,3248,1873,0,0,1,0,412,90,94.7,90.0,36,0,,1,0.94,32,64,-32,-0.89,-0.89,32.8,50.8,-18.1,-0.5,0,0,7,0,0,0,1,28,7,1,87.5,36.0,36.0,3240.0,64.0,1.78,161.0,97.0,61.5,9.0,7.0,20.0,8.0,22.2,4.0,2.0,1.0,1.0,0.0,6.0,1.0,50.8,0.31,-12.2,-0.34,210.0,720.0,29.2,760.0,91.0,59.9,43.6,498.0,30.0,6.0,23.0,0.64,11.6,GK,241923.0,exact,241923.0,2025-06-17,2000000.0,241923,1996-02-20,Italy,2028-06-30,191.0,right,28.865160848733744,41.9185282522996,14.508658238524095,833.1975108232714,Peak,False,False,False,False,True,ITA,UEFA,False,False,False,False,False,True
Florian Müller,de GER,GK,Freiburg,de Bundesliga,26.0,1997.0,9,8,753,8.4,0,0,0,0,0,0,0,0,0.0,0.0,0.0,0.0,0,0,0,0.0,0.0,0,0,0.0,0.0,0,0.0,0.0,206,326,63.2,6261,5083,0.0,0.0,0,10,0,0,243,81,24,0,1,0,0,0,0,0,0,2,0,0,0.0,0,0,0,0,0,0,0,0.0,0,0,0,0,0,0,,0,0,0,0,0,0,3,0,337,258,332,5,0,0,337,0,0,,0,,190,1027,552,0,0,0,0,164,84,24.6,90.0,8,1,33.0,19,1.44,12,16,-4,-0.48,-0.48,11.3,10.3,1.0,0.12,0,0,1,0,0,0,0,14,0,0,,9.0,8.0,753.0,16.0,1.91,30.0,15.0,53.3,4.0,1.0,3.0,1.0,12.5,2.0,2.0,0.0,0.0,0.0,3.0,1.0,11.6,0.35,-3.4,-0.41,54.0,166.0,32.5,267.0,28.0,44.9,37.1,104.0,6.0,5.8,9.0,1.08,13.4,GK,284769.0,exact,284769.0,2025-06-05,1200000.0,284769,1997-11-13,Germany,,190.0,left,27.134839151266256,,13.997832948091215,736.299495765092,Peak,True,False,False,False,False,GER,UEFA,False,False,False,False,False,True
Kevin Müller,de GER,GK,Heidenheim,de Bundesliga,33.0,1991.0,33,33,2939,32.7,0,0,0,0,0,0,0,0,0.0,0.0,0.0,0.0,0,1,0,0.0,0.0,0,0,0.0,0.0,0,0.0,0.0,987,1306,75.6,27796,17938,0.1,0.0,0,16,1,0,928,374,103,0,2,0,0,0,0,0,0,4,0,4,0.12,2,2,0,0,0,0,1,0.03,3,2,3,0,0,3,100.0,0,0,0,0,0,3,13,4,1393,1157,1372,21,0,0,1393,0,0,,0,,779,3495,1897,0,0,2,0,690,89,96.0,89.0,32,0,,0,0.79,34,64,-30,-0.92,-3.15,38.6,56.4,-17.8,-0.55,0,0,3,0,0,0,0,50,8,1,88.9,33.0,33.0,2939.0,64.0,1.96,169.0,105.0,65.7,7.0,5.0,21.0,7.0,21.2,6.0,6.0,0.0,0.0,0.0,7.0,0.0,59.3,0.33,-4.7,-0.14,152.0,428.0,35.5,1031.0,153.0,31.4,33.8,453.0,21.0,4.6,20.0,0.61,12.0,GK,43824.0,exact,43824.0,2025-06-05,700000.0,43824,1991-03-15,Germany,2026-06-30,190.0,right,33.80150581793292,17.904073587385017,13.45883704259595,1142.5417955597532,Declining,True,False,False,False,False,GER,UEFA,False,False,False,False,False,True
Marius Müller,de GER,GK,Wolfsburg,de Bundesliga,31.0,1993.0,6,5,475,5.3,0,0,0,0,0,0,0,0,0.0,0.0,0.0,0.0,0,0,0,0.0,0.0,0,0,0.0,0.0,0,0.0,0.0,154,218,70.6,4852,3396,0.0,0.0,0,7,0,0,172,46,12,0,0,0,0,0,0,0,0,0,0,0,0.0,0,0,0,0,0,0,0,0.0,0,0,0,0,0,0,,0,0,0,0,0,0,0,0,231,171,228,3,0,0,231,0,0,,0,,147,695,400,0,0,0,0,122,79,15.5,90.0,5,1,25.0,24,1.67,6,5,1,0.19,0.15,6.8,7.1,-0.3,-0.06,0,0,0,0,0,0,0,7,4,0,100.0,6.0,5.0,475.0,5.0,0.95,23.0,18.0,78.3,2.0,3.0,0.0,1.0,20.0,0.0,0.0,0.0,0.0,0.0,2.0,0.0,7.6,0.33,2.6,0.49,37.0,97.0,38.1,184.0,29.0,39.1,36.6,99.0,9.0,9.1,3.0,0.57,11.7,GK,118161.0,exact,118161.0,2025-06-05,1500000.0,118161,1993-07-12,Germany,2027-06-30,192.0,right,31.474332648870636,29.894875164257556,14.220976332738882,990.633615691764,Declining,True,False,False,False,False,GER,UEFA,False,False,False,False,False,True
Arijanet Muric,xk KVX,GK,Ipswich Town,eng Premier League,25.0,1998.0,18,18,1620,18.0,0,0,0,0,0,0,1,0,0.0,0.0,0.0,0.0,0,1,0,0.0,0.0,0,0,0.0,0.0,0,0.0,0.0,454,633,71.7,11705,8247,0.0,0.0,0,14,0,0,485,143,49,0,3,0,0,0,0,0,0,5,0,1,0.06,0,1,0,0,0,0,0,0.0,0,0,0,0,0,2,0.0,2,0,0,0,0,0,10,5,689,559,672,18,0,0,689,0,0,,0,,405,2088,1178,0,0,3,1,321,90,47.4,90.0,18,0,,8,0.67,17,33,-16,-0.89,0.61,17.5,35.2,-17.7,-0.98,0,0,4,0,0,0,0,26,11,1,91.7,18.0,18.0,1620.0,33.0,1.83,100.0,67.0,70.0,2.0,6.0,10.0,1.0,5.6,3.0,3.0,0.0,0.0,0.0,2.0,0.0,31.4,0.29,-1.6,-0.09,76.0,229.0,33.2,534.0,94.0,29.6,30.3,249.0,39.0,15.7,20.0,1.11,12.2,GK,371021.0,exact_accent_stripped,371021.0,2025-05-30,5000000.0,371021,1998-11-07,Kosovo,2026-06-30,198.0,right,26.151950718685832,17.904073587385017,15.424948670398354,683.9245263925724,Peak,False,True,False,False,False,KVX,UEFA,False,False,False,False,False,True
Manuel Neuer,de GER,GK,Bayern Munich,de Bundesliga,38.0,1986.0,22,22,1980,22.0,0,0,0,0,0,0,0,0,0.0,0.0,0.5,0.5,0,10,0,0.0,0.02,0,0,0.0,0.0,0,0.0,0.0,795,924,86.0,19865,13049,0.1,-0.5,1,22,0,0,843,80,24,1,1,0,0,0,0,0,0,1,1,3,0.14,3,0,0,0,0,0,0,0.0,1,0,1,0,0,1,100.0,0,0,0,0,0,1,9,1,956,553,900,58,0,0,956,1,1,100.0,0,0.0,638,3260,1880,0,0,0,0,697,90,64.7,90.0,22,0,,1,2.64,63,15,48,2.18,0.6,53.6,15.5,38.1,1.73,0,0,1,0,0,0,0,54,4,0,100.0,22.0,22.0,1980.0,15.0,0.68,45.0,30.0,68.9,18.0,4.0,0.0,13.0,59.1,2.0,1.0,0.0,1.0,0.0,2.0,0.0,15.0,0.33,0.0,0.0,92.0,194.0,47.4,867.0,81.0,20.0,27.7,162.0,6.0,3.7,40.0,1.82,19.6,GK,17259.0,exact,17259.0,2025-06-05,4000000.0,17259,1986-03-27,Germany,2027-06-30,193.0,right,38.76796714579056,29.894875164257556,15.201805169084134,1502.955276617096,Declining,True,False,False,False,False,GER,UEFA,False,False,False,False,False,True
Moritz Nicolas,de GER,GK,Gladbach,de Bundesliga,26.0,1997.0,19,19,1639,18.2,0,0,0,0,0,0,0,0,0.0,0.0,0.0,0.0,0,0,0,0.0,0.0,0,0,0.0,0.0,0,0.0,0.0,669,794,84.3,16861,11154,0.0,0.0,0,4,0,0,693,101,41,0,1,0,0,0,0,0,0,0,1,1,0.05,1,0,0,0,0,0,0,0.0,0,0,0,0,0,0,,0,1,0,1,1,1,8,1,838,692,835,3,0,0,838,0,0,,0,,575,2773,1548,0,0,0,0,508,86,53.6,86.0,18,0,,3,1.63,29,25,4,0.22,0.6,25.9,33.2,-7.3,-0.4,0,0,0,0,0,0,0,23,7,1,87.5,19.0,19.0,1639.0,25.0,1.37,92.0,69.0,78.3,9.0,4.0,6.0,4.0,21.1,5.0,5.0,0.0,0.0,0.0,1.0,2.0,29.9,0.29,6.9,0.38,95.0,199.0,47.7,734.0,88.0,23.3,28.2,319.0,18.0,5.6,14.0,0.77,12.0,GK,284270.0,exact,284270.0,2025-06-05,5000000.0,284270,1997-10-21,Germany,2029-06-30,193.0,right,27.197809719370294,53.90932982917214,15.424948670398354,739.7208535310732,Peak,True,False,False,False,False,GER,UEFA,False,False,False,False,False,True
Alexander Nübel,de GER,GK,Stuttgart,de Bundesliga,27.0,1996.0,34,34,3060,34.0,0,1,1,0,0,0,0,0,0.0,0.0,0.3,0.3,0,0,0,0.03,0.01,0,0,0.0,0.0,0,0.0,0.0,1009,1311,77.0,25508,19120,0.2,0.7,3,15,1,0,1097,208,86,0,2,0,0,0,0,0,0,6,1,10,0.29,8,2,0,0,0,0,3,0.09,0,0,0,0,0,1,0.0,1,0,0,0,0,0,18,3,1377,1113,1366,13,0,0,1377,1,1,100.0,0,0.0,823,3832,2255,0,0,1,0,805,90,100.0,90.0,34,0,,0,1.47,64,53,11,0.32,,62.3,46.9,15.4,0.45,0,0,4,0,0,0,0,72,4,1,80.0,34.0,34.0,3060.0,53.0,1.56,136.0,83.0,62.5,14.0,8.0,12.0,7.0,20.6,3.0,2.0,1.0,0.0,1.0,7.0,1.0,44.8,0.32,-7.2,-0.21,157.0,410.0,38.3,1183.0,137.0,30.1,30.7,415.0,21.0,5.1,57.0,1.68,17.6,GK,195778.0,exact,195778.0,2025-06-05,12000000.0,195778,1996-09-30,Germany,2026-06-30,193.0,right,28.254620123203285,17.904073587385017,16.300417291085605,798.323558306524,Peak,True,False,False,False,False,GER,UEFA,False,False,False,False,False,True
Ørjan Nyland,no NOR,GK,Sevilla,es La Liga,33.0,1990.0,30,30,2673,29.7,0,0,0,0,0,0,2,0,0.0,0.0,0.3,0.3,0,1,0,0.0,0.01,0,0,0.0,0.0,0,0.0,0.0,637,1007,63.3,17132,12890,0.1,-0.3,4,27,2,0,778,224,57,0,0,0,1,0,0,0,0,5,0,11,0.37,10,1,0,0,0,0,2,0.07,3,2,3,0,0,5,60.0,2,0,0,0,0,3,12,4,1068,904,1057,11,0,0,1068,0,0,,0,,591,2868,1535,0,0,0,0,566,89,78.2,89.0,29,0,,4,1.13,32,39,-7,-0.24,0.49,34.3,36.5,-2.2,-0.07,0,1,2,0,0,0,0,28,7,0,100.0,30.0,30.0,2673.0,39.0,1.31,112.0,73.0,67.9,8.0,10.0,12.0,7.0,23.3,4.0,3.0,1.0,0.0,3.0,3.0,1.0,37.1,0.31,-0.9,-0.03,118.0,445.0,26.5,836.0,114.0,42.1,37.2,408.0,20.0,4.9,29.0,0.98,13.8,GK,73517.0,exact,73517.0,2025-06-09,900000.0,73517,1990-09-10,Norway,2026-06-30,192.0,right,34.31074606433949,17.904073587385017,13.710151153416941,1177.2272954915877,Declining,False,False,True,False,False,NOR,UEFA,False,False,False,False,False,True
Jan Oblak,si SVN,GK,Atlético Madrid,es La Liga,31.0,1993.0,36,36,3240,36.0,0,0,0,0,0,0,0,0,0.0,0.0,0.0,0.0,0,0,0,0.0,0.0,0,0,0.0,0.0,0,0.0,0.0,763,948,80.5,19982,13324,0.0,0.0,0,7,0,0,608,339,62,0,1,0,0,0,0,0,0,1,0,6,0.17,4,2,0,0,0,0,1,0.03,0,0,0,0,0,0,,0,0,0,0,0,0,17,2,1005,934,1004,1,0,0,1005,2,2,100.0,0,0.0,540,2652,1581,0,0,1,0,356,90,94.7,90.0,36,0,,0,1.94,63,30,33,0.92,-1.58,60.2,33.1,27.1,0.75,0,0,2,0,0,0,0,29,3,0,100.0,36.0,36.0,3240.0,30.0,0.83,114.0,86.0,78.1,20.0,10.0,6.0,15.0,41.7,5.0,5.0,0.0,0.0,1.0,3.0,2.0,25.6,0.19,-2.4,-0.07,109.0,277.0,39.4,670.0,183.0,24.3,30.2,488.0,28.0,5.7,28.0,0.78,14.0,GK,121483.0,exact,121483.0,2025-06-09,20000000.0,121483,1993-01-07,Slovenia,2028-06-30,188.0,right,31.983572895277206,41.9185282522996,16.811242881518265,1022.9489351475107,Declining,False,False,True,False,False,SVN,UEFA,False,False,False,False,False,True
Maduka Okoye,ng NGA,GK,Udinese,it Serie A,24.0,1999.0,25,25,2250,25.0,0,0,0,0,0,0,1,0,0.0,0.0,0.0,0.0,0,1,0,0.0,0.0,0,0,0.0,0.0,0,0.0,0.0,681,878,77.6,17288,12683,0.1,0.0,0,18,0,0,736,139,40,0,0,0,0,0,0,0,0,3,3,1,0.04,1,0,0,0,0,0,0,0.0,0,0,0,0,0,0,,0,0,0,0,0,0,12,1,940,753,930,10,0,0,940,0,0,,0,,589,2799,1484,0,0,0,0,548,90,65.8,90.0,25,0,,0,0.88,23,40,-17,-0.68,-0.83,22.8,35.4,-12.6,-0.5,0,0,1,0,0,0,1,51,7,0,100.0,25.0,25.0,2250.0,40.0,1.6,110.0,73.0,67.3,6.0,4.0,15.0,4.0,16.0,5.0,4.0,0.0,1.0,2.0,4.0,3.0,37.0,0.32,0.0,0.0,120.0,292.0,41.1,776.0,80.0,29.9,30.2,315.0,14.0,4.4,23.0,0.92,14.1,GK,340353.0,exact,340353.0,2025-06-17,7500000.0,340353,1999-08-28,Nigeria,2028-06-30,198.0,right,25.347022587268995,41.9185282522996,15.830413711839864,642.4715540395247,Developing,False,False,False,False,True,NGA,CAF,False,True,False,False,False,False
Jonas Omlin,ch SUI,GK,Gladbach,de Bundesliga,30.0,1994.0,12,11,978,10.9,0,0,0,0,0,0,0,1,0.0,0.0,0.0,0.0,0,0,0,0.0,0.0,0,0,0.0,0.0,0,0.0,0.0,375,513,73.1,10253,6569,0.0,0.0,0,1,0,0,433,77,19,0,2,0,1,0,0,0,0,3,0,1,0.09,1,0,0,0,0,0,0,0.0,0,0,0,0,0,1,0.0,1,0,0,0,0,0,5,1,544,465,542,2,0,0,544,1,1,100.0,0,0.0,353,1469,782,0,0,0,0,327,82,32.0,82.0,9,1,71.0,11,0.83,19,26,-7,-0.64,-0.86,18.4,21.9,-3.5,-0.32,0,1,1,0,0,0,0,21,2,0,100.0,12.0,11.0,978.0,26.0,2.39,72.0,45.0,66.7,2.0,1.0,8.0,1.0,9.1,3.0,2.0,1.0,0.0,1.0,6.0,0.0,23.8,0.31,-2.2,-0.2,68.0,190.0,35.8,453.0,46.0,34.9,32.7,166.0,3.0,1.8,13.0,1.2,15.1,GK,247915.0,exact,247915.0,2025-06-05,2500000.0,247915,1994-01-10,Switzerland,2026-06-30,190.0,right,30.976043805612594,17.904073587385017,14.731801689838349,959.5152898472304,Declining,True,False,False,False,False,SUI,UEFA,False,False,False,False,False,True
André Onana,cm CMR,GK,Manchester Utd,eng Premier League,28.0,1996.0,34,34,3060,34.0,0,0,0,0,0,0,0,0,0.0,0.0,0.2,0.2,0,1,0,0.0,0.0,0,0,0.0,0.0,0,0.0,0.0,948,1306,72.6,22819,13922,0.2,-0.2,1,28,0,0,1066,235,86,1,2,0,0,0,0,0,0,5,0,4,0.12,3,1,0,0,0,0,0,0.0,2,2,2,0,0,4,50.0,2,0,0,0,0,2,11,4,1371,1046,1350,22,0,0,1371,1,1,100.0,0,0.0,961,4851,2676,0,0,1,0,832,90,89.5,90.0,34,0,,0,1.15,38,44,-6,-0.18,0.82,45.3,46.8,-1.5,-0.04,0,0,2,0,0,0,0,34,6,0,100.0,34.0,34.0,3060.0,44.0,1.29,132.0,88.0,68.9,10.0,9.0,15.0,9.0,26.5,4.0,3.0,1.0,0.0,1.0,10.0,1.0,44.0,0.31,1.0,0.03,118.0,440.0,26.8,1152.0,136.0,29.7,30.3,399.0,22.0,5.5,23.0,0.68,11.8,GK,234509.0,exact,234509.0,2025-05-30,25000000.0,234509,1996-04-02,Cameroon,2026-06-30,190.0,right,28.750171115674195,17.904073587385017,17.034386422832473,826.5723391805468,Peak,False,True,False,False,False,CMR,CAF,False,True,False,False,False,False
Stefan Ortega,de GER,GK,Manchester City,eng Premier League,31.0,1992.0,13,12,1100,12.2,0,0,0,0,0,0,1,0,0.0,0.0,0.0,0.0,0,0,0,0.0,0.0,0,0,0.0,0.0,0,0.0,0.0,373,459,81.3,8327,5597,0.0,0.0,0,6,0,0,388,70,21,0,2,0,0,0,0,0,0,1,1,0,0.0,0,0,0,0,0,0,0,0.0,0,0,0,0,0,1,0.0,1,0,0,0,0,0,11,1,492,383,489,3,0,0,492,0,0,,0,,323,1489,864,0,0,0,0,309,85,32.2,90.0,12,1,20.0,25,1.69,23,18,5,0.41,-0.48,19.1,19.0,0.1,0.01,0,1,2,0,0,1,0,8,2,0,100.0,13.0,12.0,1100.0,18.0,1.47,50.0,33.0,68.0,5.0,4.0,3.0,3.0,25.0,2.0,2.0,0.0,0.0,1.0,1.0,1.0,16.3,0.31,-0.7,-0.06,40.0,104.0,38.5,409.0,55.0,21.5,26.7,133.0,6.0,4.5,12.0,0.98,14.3,GK,85941.0,exact,85941.0,2025-05-30,8000000.0,85941,1992-11-06,Germany,2026-06-30,185.0,right,32.153319644079396,17.904073587385017,15.894952224644102,1033.835964134342,Declining,False,True,False,False,False,GER,UEFA,False,False,False,False,False,True
Jesús Owono,gq EQG,GK,Alavés,es La Liga,23.0,2001.0,6,5,487,5.4,0,0,0,0,0,0,0,0,0.0,0.0,0.0,0.0,0,0,0,0.0,0.0,0,0,0.0,0.0,0,0.0,0.0,99,163,60.7,3878,3470,0.0,0.0,0,5,0,0,108,54,18,1,0,0,0,0,0,0,0,1,1,1,0.18,0,1,0,0,0,0,0,0.0,1,1,1,0,0,1,100.0,0,0,0,0,0,1,2,0,173,144,173,0,0,0,173,1,1,100.0,0,0.0,88,405,281,0,0,0,0,76,81,14.2,90.0,5,1,37.0,26,0.83,5,7,-2,-0.37,-0.12,5.4,4.4,1.0,0.18,0,1,2,0,0,1,0,3,0,0,,6.0,5.0,487.0,7.0,1.29,14.0,7.0,57.1,1.0,1.0,3.0,0.0,0.0,1.0,1.0,0.0,0.0,0.0,2.0,0.0,5.4,0.37,-1.6,-0.29,46.0,105.0,43.8,126.0,12.0,55.6,43.0,66.0,6.0,9.1,2.0,0.37,8.9,GK,631693.0,exact,631693.0,2024-06-07,1000000.0,631693,2001-03-01,Equatorial Guinea,2026-06-30,186.0,both,23.838466803559207,17.904073587385017,13.815511557963774,568.2724995443943,Developing,False,False,True,False,False,EQG,CAF,False,True,False,False,False,False
Alex Padilla,es ESP,GK,Athletic Club,es La Liga,20.0,2003.0,5,3,321,3.6,0,0,0,0,0,0,0,0,0.0,0.0,0.0,0.0,0,0,0,0.0,0.0,0,0,0.0,0.0,0,0.0,0.0,67,121,55.4,2317,1964,0.0,0.0,0,4,0,0,79,41,19,0,0,0,0,0,0,0,0,1,0,0,0.0,0,0,0,0,0,0,0,0.0,0,0,0,0,0,0,,0,0,0,0,0,0,2,1,134,110,131,3,0,0,134,0,0,,0,,69,383,239,0,0,0,0,46,64,9.4,90.0,3,2,26.0,8,1.0,4,6,-2,-0.56,-1.34,4.8,5.6,-0.8,-0.21,0,0,1,0,0,0,1,4,1,0,100.0,5.0,3.0,321.0,6.0,1.68,17.0,12.0,70.6,0.0,1.0,2.0,0.0,0.0,1.0,1.0,0.0,0.0,0.0,1.0,1.0,4.8,0.26,-0.2,-0.06,27.0,78.0,34.6,98.0,15.0,58.2,41.5,57.0,2.0,3.5,3.0,0.84,13.4,GK,834483.0,exact_accent_stripped,834483.0,2025-05-26,3000000.0,834483,2003-09-01,Mexico,2029-06-30,190.0,right,21.336071184120467,53.90932982917214,14.914123179965662,455.22793357385575,Emerging,False,False,True,False,False,ESP,UEFA,False,False,False,False,False,True
Rui Patrício,pt POR,GK,Atalanta,it Serie A,36.0,1988.0,3,3,270,3.0,0,0,0,0,0,0,0,0,0.0,0.0,0.0,0.0,0,0,0,0.0,0.0,0,0,0.0,0.0,0,0.0,0.0,85,101,84.2,2071,1243,0.0,0.0,0,0,0,0,78,23,5,0,1,0,0,0,0,0,0,0,0,0,0.0,0,0,0,0,0,0,0,0.0,0,0,0,0,0,0,,0,0,0,0,0,0,3,0,107,86,107,0,0,0,107,0,0,,0,,68,367,197,0,0,0,0,59,90,7.9,90.0,3,0,,33,2.33,9,3,6,2.0,1.0,7.1,3.4,3.7,1.22,0,0,0,0,0,0,0,7,1,0,100.0,3.0,3.0,270.0,3.0,1.0,14.0,11.0,78.6,2.0,1.0,0.0,1.0,33.3,0.0,0.0,0.0,0.0,0.0,0.0,0.0,4.2,0.34,1.2,0.41,8.0,19.0,42.1,83.0,12.0,18.1,27.6,29.0,0.0,0.0,10.0,3.33,23.1,GK,45026.0,exact,45026.0,2025-06-17,800000.0,45026,1988-02-15,Portugal,,190.0,left,36.878850102669404,,13.592368256649284,1360.0495848951591,Declining,False,False,False,False,True,POR,UEFA,False,False,False,False,False,True
Iñaki Peña,es ESP,GK,Barcelona,es La Liga,25.0,1999.0,16,15,1396,15.5,0,0,0,0,0,0,1,0,0.0,0.0,0.0,0.0,0,3,0,0.0,0.0,0,0,0.0,0.0,0,0.0,0.0,562,630,89.2,12479,7084,0.0,0.0,0,0,0,0,517,113,29,0,0,0,0,0,0,0,0,0,0,2,0.13,2,0,0,0,0,0,2,0.13,0,0,0,0,0,2,0.0,2,0,0,0,0,0,20,1,667,472,651,16,0,0,667,0,0,,0,,399,1757,991,0,0,0,0,362,87,40.8,90.0,15,1,46.0,22,1.69,36,18,18,1.16,-0.84,38.4,20.3,18.1,1.16,0,0,0,0,0,0,0,65,1,0,100.0,16.0,15.0,1396.0,18.0,1.16,53.0,35.0,69.8,7.0,3.0,5.0,4.0,26.7,2.0,2.0,0.0,0.0,0.0,1.0,0.0,16.7,0.29,-1.3,-0.08,23.0,78.0,29.5,546.0,80.0,10.8,24.7,143.0,3.0,2.1,89.0,5.74,23.5,GK,283170.0,exact,283170.0,2025-06-09,8000000.0,283170,1999-03-02,Spain,2026-06-30,184.0,right,25.83709787816564,17.904073587385017,15.894952224644102,667.5556267659114,Developing,False,False,True,False,False,ESP,UEFA,False,False,False,False,False,True
Daniel Peretz,il ISR,GK,Bayern Munich,de Bundesliga,24.0,2000.0,3,3,270,3.0,0,0,0,0,0,0,1,0,0.0,0.0,0.0,0.0,0,1,0,0.0,0.0,0,0,0.0,0.0,0,0.0,0.0,79,103,76.7,1811,1173,0.0,0.0,0,0,0,0,94,9,2,1,0,0,0,0,0,0,0,0,0,0,0.0,0,0,0,0,0,0,0,0.0,0,0,0,0,0,1,0.0,1,0,0,0,0,0,2,0,106,63,97,9,0,0,106,0,0,,0,,67,338,177,0,0,0,0,77,90,8.8,90.0,3,0,,14,2.0,10,5,5,1.67,-0.33,7.0,2.8,4.2,1.41,0,0,2,0,0,0,0,10,0,0,,3.0,3.0,270.0,5.0,1.67,7.0,2.0,28.6,2.0,0.0,1.0,0.0,0.0,0.0,0.0,0.0,0.0,0.0,0.0,0.0,4.0,0.58,-1.0,-0.32,5.0,25.0,20.0,96.0,5.0,25.0,29.5,17.0,0.0,0.0,8.0,2.67,21.2,GK,468539.0,exact,468539.0,2025-06-05,3000000.0,468539,2000-07-10,Israel,2026-06-30,190.0,right,24.479123887748116,17.904073587385017,14.914123179965662,599.2275063117205,Developing,True,False,False,False,False,ISR,UEFA,False,False,False,False,False,True
Mattia Perin,it ITA,GK,Juventus,it Serie A,31.0,1992.0,5,5,450,5.0,0,0,0,0,0,0,0,0,0.0,0.0,0.0,0.0,0,0,0,0.0,0.0,0,0,0.0,0.0,0,0.0,0.0,145,182,79.7,3391,1965,0.0,0.0,0,2,0,0,165,17,5,0,0,0,0,0,0,0,0,0,0,0,0.0,0,0,0,0,0,0,0,0.0,0,0,0,0,0,0,,0,0,0,0,0,0,2,0,185,161,185,0,0,0,185,0,0,,0,,123,703,460,0,0,0,0,110,90,13.2,90.0,5,0,,31,1.8,8,3,5,1.0,0.45,7.5,3.8,3.8,0.75,0,0,0,0,0,0,0,6,1,0,100.0,5.0,5.0,450.0,3.0,0.6,16.0,13.0,81.3,2.0,3.0,0.0,3.0,60.0,0.0,0.0,0.0,0.0,0.0,0.0,0.0,3.7,0.23,0.7,0.14,11.0,44.0,25.0,170.0,30.0,22.4,29.4,50.0,3.0,6.0,3.0,0.6,14.0,GK,110923.0,exact,110923.0,2025-06-17,2500000.0,110923,1992-11-10,Italy,2027-06-30,188.0,right,32.14236824093087,29.894875164257556,14.731801689838349,1033.1318361356016,Declining,False,False,False,False,True,ITA,UEFA,False,False,False,False,False,True
Lucas Perri,br BRA,GK,Lyon,fr Ligue 1,26.0,1997.0,33,33,2970,33.0,0,0,0,0,0,0,1,0,0.0,0.0,0.0,0.0,0,0,0,0.0,0.0,0,0,0.0,0.0,0,0.0,0.0,799,1040,76.8,19720,12981,0.1,0.0,1,20,0,0,831,205,53,0,3,0,0,0,0,0,0,4,2,4,0.12,2,2,0,0,0,0,0,0.0,1,1,1,0,0,4,0.0,4,1,0,1,0,1,22,1,1123,937,1113,10,0,0,1123,0,0,,0,,696,3170,2124,0,0,1,2,576,90,97.1,90.0,33,0,,0,1.73,64,44,20,0.61,1.61,59.5,44.1,15.4,0.47,0,1,4,0,0,0,0,29,12,0,100.0,33.0,33.0,2970.0,44.0,1.33,160.0,116.0,74.4,17.0,6.0,10.0,10.0,30.3,3.0,3.0,0.0,0.0,1.0,6.0,0.0,47.8,0.29,3.8,0.12,101.0,310.0,32.6,884.0,183.0,28.1,30.5,415.0,26.0,6.3,29.0,0.88,13.5,GK,352041.0,exact,352041.0,2025-06-03,10000000.0,352041,1997-12-10,Brazil,2029-06-30,197.0,right,27.06091718001369,53.90932982917214,16.118095750958314,732.29323862356,Peak,False,False,False,True,False,BRA,CONMEBOL,False,False,False,True,False,False
Luca Philipp,de GER,GK,Hoffenheim,de Bundesliga,23.0,2000.0,6,6,540,6.0,0,0,0,0,0,0,0,0,0.0,0.0,0.0,0.0,0,0,0,0.0,0.0,0,0,0.0,0.0,0,0.0,0.0,123,194,63.4,3580,2790,0.0,0.0,0,4,0,0,135,58,22,0,0,0,0,0,0,0,0,1,0,1,0.17,1,0,0,0,0,0,0,0.0,1,0,1,0,0,1,100.0,0,0,0,0,0,1,1,0,215,177,213,2,0,0,215,0,0,,0,,100,530,230,0,0,0,0,89,90,17.6,90.0,6,0,,28,1.0,11,15,-4,-0.67,-0.02,9.6,11.3,-1.7,-0.28,0,0,0,0,0,0,0,7,0,0,,6.0,6.0,540.0,15.0,2.5,35.0,21.0,60.0,1.0,3.0,2.0,0.0,0.0,1.0,1.0,0.0,0.0,0.0,2.0,1.0,12.3,0.34,-1.7,-0.28,30.0,97.0,30.9,157.0,22.0,51.0,38.7,84.0,3.0,3.6,4.0,0.67,12.8,GK,432671.0,exact,432671.0,2025-06-05,750000.0,432671,2000-11-28,Germany,2026-06-30,192.0,right,24.093086926762492,17.904073587385017,13.527829818844937,580.4768376605338,Developing,True,False,False,False,False,GER,UEFA,False,False,False,False,False,True
Jordan Pickford,eng ENG,GK,Everton,eng Premier League,30.0,1994.0,38,38,3420,38.0,0,1,1,0,0,0,7,0,0.0,0.0,0.4,0.4,0,0,0,0.03,0.01,0,0,0.0,0.0,0,0.0,0.0,1057,1595,66.3,33692,25121,0.2,0.6,2,74,8,0,1167,419,188,0,7,0,0,0,0,0,0,9,0,13,0.34,12,1,0,0,0,0,2,0.05,1,0,1,0,0,2,50.0,1,0,0,0,1,2,30,2,1708,1116,1640,69,0,0,1708,0,0,,0,,989,5989,3568,0,0,2,0,871,90,100.0,90.0,38,0,,0,1.26,42,44,-2,-0.05,,41.8,46.2,-4.5,-0.12,0,0,7,0,0,0,0,36,5,1,83.3,38.0,38.0,3420.0,44.0,1.16,163.0,117.0,73.0,11.0,15.0,12.0,12.0,31.6,2.0,0.0,2.0,0.0,1.0,6.0,0.0,48.8,0.3,4.8,0.13,304.0,806.0,37.7,1355.0,161.0,48.8,39.7,558.0,31.0,5.6,57.0,1.5,15.2,GK,130164.0,exact,130164.0,2025-05-30,18000000.0,130164,1994-03-07,England,2029-06-30,185.0,left,30.822724161533195,53.90932982917214,16.705882371415992,950.0403247379622,Declining,False,True,False,False,False,ENG,UEFA,False,False,False,False,False,True
Semuel Pizzignacco,it ITA,GK,Monza,it Serie A,22.0,2001.0,9,8,736,8.2,0,0,0,0,0,0,0,0,0.0,0.0,0.0,0.0,0,0,0,0.0,0.0,0,0,0.0,0.0,0,0.0,0.0,239,322,74.2,5851,4075,0.0,0.0,0,3,0,0,254,68,18,0,1,0,1,0,0,0,0,0,0,0,0.0,0,0,0,0,0,0,0,0.0,0,0,0,0,0,1,0.0,1,0,0,0,0,0,6,0,340,277,336,3,1,0,340,0,0,,0,,210,883,622,0,0,0,0,185,82,21.5,89.0,7,1,24.0,29,0.56,5,17,-12,-1.47,-0.49,6.6,12.4,-5.8,-0.71,0,0,2,0,0,0,1,7,5,0,100.0,9.0,8.0,736.0,17.0,2.08,38.0,22.0,55.3,1.0,2.0,5.0,1.0,12.5,0.0,0.0,0.0,0.0,1.0,2.0,1.0,12.4,0.33,-3.6,-0.44,39.0,113.0,34.5,273.0,30.0,33.7,31.4,119.0,4.0,3.4,7.0,0.86,12.8,GK,537171.0,exact,537171.0,2025-06-17,800000.0,537171,2001-09-01,Italy,2027-06-30,188.0,right,23.3347022587269,29.894875164257556,13.592368256649284,544.5083295034343,Developing,False,False,False,False,True,ITA,UEFA,False,False,False,False,False,True
Nick Pope,eng ENG,GK,Newcastle Utd,eng Premier League,32.0,1992.0,28,28,2520,28.0,0,0,0,0,0,0,2,0,0.0,0.0,0.0,0.0,0,1,0,0.0,0.0,0,0,0.0,0.0,0,0.0,0.0,575,782,73.5,14597,8818,0.0,0.0,1,2,0,0,528,254,67,0,0,0,0,0,0,0,0,0,0,7,0.25,6,1,0,0,0,0,0,0.0,0,0,0,0,0,0,,0,1,0,1,1,1,32,5,872,688,857,15,0,0,872,0,0,,0,,439,2510,1708,0,0,0,1,305,90,73.7,90.0,28,0,,3,1.61,45,35,10,0.36,-0.74,43.6,34.7,8.9,0.32,0,2,5,0,0,2,0,24,11,1,91.7,28.0,28.0,2520.0,35.0,1.25,120.0,86.0,71.7,13.0,6.0,9.0,8.0,28.6,2.0,1.0,1.0,0.0,0.0,3.0,2.0,34.8,0.28,1.8,0.06,72.0,257.0,28.0,595.0,192.0,25.7,30.7,359.0,39.0,10.9,64.0,2.29,16.0,GK,192080.0,exact,192080.0,2025-05-30,8000000.0,192080,1992-04-19,England,2027-06-30,198.0,right,32.70362765229295,29.894875164257556,15.894952224644102,1069.5272616198201,Declining,False,True,False,False,False,ENG,UEFA,False,False,False,False,False,True
Ivan Provedel,it ITA,GK,Lazio,it Serie A,30.0,1994.0,29,29,2610,29.0,0,0,0,0,0,0,0,0,0.0,0.0,0.3,0.3,0,4,0,0.0,0.01,0,0,0.0,0.0,0,0.0,0.0,865,1118,77.4,24564,16820,0.1,-0.3,3,25,2,0,946,169,63,0,4,0,0,0,0,0,0,3,1,13,0.45,10,2,0,0,1,0,0,0.0,0,0,0,0,0,0,,0,1,0,1,1,1,12,3,1167,859,1135,33,0,0,1167,0,0,,0,,744,3740,2307,0,0,0,0,749,90,76.3,90.0,29,0,,9,1.76,51,42,9,0.31,-0.02,44.5,32.1,12.4,0.43,0,0,5,0,0,0,0,44,7,1,87.5,29.0,29.0,2610.0,42.0,1.45,92.0,52.0,58.7,15.0,6.0,8.0,5.0,17.2,4.0,4.0,0.0,0.0,0.0,3.0,2.0,31.5,0.32,-8.5,-0.29,146.0,374.0,39.0,1009.0,96.0,30.8,33.3,366.0,29.0,7.9,32.0,1.1,14.5,GK,197929.0,exact,197929.0,2025-06-17,3000000.0,197929,1994-03-17,Italy,2027-06-30,194.0,right,30.795345653661876,29.894875164257556,14.914123179965662,948.3533139285114,Declining,False,False,False,False,True,ITA,UEFA,False,False,False,False,False,True
Ionuț Radu,ro ROU,GK,Venezia,it Serie A,27.0,1997.0,15,15,1350,15.0,0,0,0,0,0,0,1,0,0.0,0.0,0.0,0.0,0,0,0,0.0,0.0,0,0,0.0,0.0,0,0.0,0.0,315,546,57.7,9216,7339,0.0,0.0,0,13,0,0,430,113,40,0,0,0,0,0,0,0,0,3,0,7,0.47,5,2,0,0,0,0,1,0.07,0,0,0,0,0,0,,0,0,0,0,0,0,9,0,587,499,586,1,0,0,587,1,1,100.0,0,0.0,370,1992,1207,0,0,1,0,302,90,39.5,90.0,15,0,,0,0.87,10,18,-8,-0.53,0.16,14.4,21.2,-6.9,-0.46,0,0,1,0,0,0,0,20,1,0,100.0,15.0,15.0,1350.0,18.0,1.2,65.0,47.0,76.9,2.0,7.0,6.0,4.0,26.7,3.0,3.0,0.0,0.0,0.0,2.0,0.0,19.2,0.26,1.2,0.08,67.0,275.0,24.4,470.0,61.0,47.7,40.2,215.0,13.0,6.0,3.0,0.2,9.1,GK,303657.0,exact,303657.0,2025-06-17,2500000.0,303657,1997-05-28,Romania,2029-06-30,188.0,right,27.59753593429158,53.90932982917214,14.731801689838349,761.6239896445151,Peak,False,False,False,False,True,ROU,UEFA,False,False,False,False,False,True
Aaron Ramsdale,eng ENG,GK,Southampton,eng Premier League,26.0,1998.0,30,30,2700,30.0,0,0,0,0,0,0,2,0,0.0,0.0,0.0,0.0,0,0,0,0.0,0.0,0,0,0.0,0.0,0,0.0,0.0,774,1223,63.3,21949,16992,0.1,0.0,0,36,1,0,918,298,108,0,4,0,0,0,0,0,0,7,1,3,0.1,2,1,0,0,0,0,0,0.0,0,0,0,0,0,3,0.0,3,0,0,0,2,2,10,3,1314,946,1286,32,0,0,1314,0,0,,0,,786,4017,2349,0,0,3,0,702,90,78.9,90.0,30,0,,0,0.37,21,66,-45,-1.5,0.38,25.0,64.9,-39.8,-1.33,0,1,4,0,0,0,0,23,6,0,100.0,30.0,30.0,2700.0,66.0,2.2,188.0,120.0,67.6,2.0,5.0,23.0,3.0,10.0,7.0,5.0,2.0,0.0,0.0,10.0,0.0,63.5,0.32,-2.5,-0.08,196.0,605.0,32.4,1026.0,129.0,44.6,36.0,457.0,25.0,5.5,20.0,0.67,11.7,GK,427568.0,exact,427568.0,2025-05-30,16000000.0,427568,1998-05-14,England,2026-06-30,190.0,right,26.636550308008214,17.904073587385017,16.588099342704055,709.5058123110525,Peak,False,True,False,False,False,ENG,UEFA,False,False,False,False,False,True
Federico Ravaglia,it ITA,GK,Bologna,it Serie A,24.0,1999.0,12,11,1056,11.7,0,0,0,0,0,0,0,0,0.0,0.0,0.0,0.0,0,0,0,0.0,0.0,0,0,0.0,0.0,0,0.0,0.0,371,473,78.4,9250,6098,0.0,0.0,1,14,0,0,399,74,27,0,2,0,0,0,0,0,0,0,0,4,0.34,3,1,0,0,0,0,0,0.0,0,0,0,0,0,0,,0,0,0,0,0,0,9,0,488,336,480,8,0,0,488,2,2,100.0,0,0.0,332,1759,960,0,0,0,0,311,88,30.9,90.0,11,1,66.0,26,1.5,13,14,-1,-0.09,-0.5,10.9,8.9,2.0,0.17,0,0,4,0,0,0,0,16,4,0,100.0,12.0,11.0,1056.0,14.0,1.19,24.0,10.0,45.8,5.0,2.0,4.0,4.0,36.4,1.0,1.0,0.0,0.0,0.0,2.0,0.0,11.7,0.46,-2.3,-0.2,48.0,138.0,34.8,426.0,45.0,27.5,30.8,97.0,11.0,11.3,9.0,0.77,12.9,GK,390304.0,exact,390304.0,2025-06-17,1500000.0,390304,1999-11-11,Italy,2028-06-30,196.0,right,25.141683778234086,41.9185282522996,14.220976332738882,632.104263204719,Developing,False,False,False,False,True,ITA,UEFA,False,False,False,False,False,True
David Raya,es ESP,GK,Arsenal,eng Premier League,28.0,1995.0,38,38,3420,38.0,0,0,0,0,0,0,3,0,0.0,0.0,0.0,0.0,0,14,0,0.0,0.0,0,0,0.0,0.0,0,0.0,0.0,1040,1413,73.6,24784,17222,0.1,0.0,1,45,3,0,1172,238,91,0,3,0,0,0,0,0,0,3,0,5,0.13,4,1,0,0,0,0,1,0.03,0,0,0,0,0,2,0.0,2,0,0,0,2,2,21,9,1480,880,1388,92,0,0,1480,1,1,100.0,0,0.0,921,4542,2729,0,0,1,0,841,90,100.0,90.0,38,0,,0,1.95,69,34,35,0.92,,59.9,34.4,25.5,0.67,0,1,10,0,0,1,0,41,13,0,100.0,38.0,38.0,3420.0,34.0,0.89,120.0,86.0,74.2,20.0,14.0,4.0,13.0,34.2,3.0,3.0,0.0,0.0,2.0,8.0,0.0,35.1,0.28,1.1,0.03,149.0,478.0,31.2,1263.0,178.0,29.9,29.9,402.0,53.0,13.2,66.0,1.74,17.2,GK,262749.0,exact,262749.0,2025-05-30,40000000.0,262749,1995-09-15,Spain,2028-06-30,186.0,right,29.297741273100616,41.9185282522996,17.50439003707821,858.3576437055433,Peak,False,True,False,False,False,ESP,UEFA,False,False,False,False,False,True
Pepe Reina,es ESP,GK,Como,it Serie A,41.0,1982.0,12,12,1034,11.5,0,0,0,0,0,0,0,1,0.0,0.0,0.0,0.0,0,0,0,0.0,0.0,0,0,0.0,0.0,0,0.0,0.0,278,364,76.4,7042,5155,0.0,0.0,0,4,0,0,301,63,29,0,0,0,0,0,0,0,0,0,0,1,0.09,1,0,0,0,0,0,0,0.0,0,0,0,0,0,1,0.0,1,0,0,0,0,0,3,2,381,307,380,1,0,0,381,1,0,0.0,0,0.0,245,1361,757,0,0,0,0,193,86,30.2,86.0,11,0,,26,1.08,12,14,-2,-0.17,-0.14,13.5,10.3,3.2,0.28,0,1,1,0,0,0,0,11,1,0,100.0,12.0,12.0,1034.0,14.0,1.22,41.0,27.0,68.3,3.0,4.0,5.0,2.0,16.7,1.0,1.0,0.0,0.0,0.0,4.0,0.0,12.1,0.28,-1.9,-0.16,43.0,115.0,37.4,330.0,41.0,32.4,31.9,148.0,2.0,1.4,6.0,0.52,12.5,GK,7825.0,exact,7825.0,2024-06-07,600000.0,7825,1982-08-31,Spain,,188.0,right,42.338124572210816,,13.304686600863562,1792.5167922920414,Declining,False,False,False,False,True,ESP,UEFA,False,False,False,False,False,True
Álex Remiro,es ESP,GK,Real Sociedad,es La Liga,29.0,1995.0,36,36,3240,36.0,0,0,0,0,0,0,0,0,0.0,0.0,0.0,0.0,0,1,0,0.0,0.0,0,0,0.0,0.0,0,0.0,0.0,955,1291,74.0,26773,18734,0.0,0.0,1,14,0,0,946,341,107,0,3,0,0,0,0,0,0,4,1,6,0.17,4,2,0,0,0,0,0,0.0,1,0,1,0,0,2,50.0,1,0,0,0,0,1,18,4,1364,1095,1350,14,0,0,1364,0,0,,0,,766,3774,1911,0,0,2,0,669,90,94.7,90.0,36,0,,2,1.28,35,43,-8,-0.22,1.28,41.0,40.8,0.2,0.01,0,0,6,0,0,0,0,64,5,0,100.0,36.0,36.0,3240.0,43.0,1.19,130.0,86.0,70.8,13.0,7.0,16.0,13.0,36.1,6.0,5.0,1.0,0.0,0.0,5.0,0.0,38.0,0.26,-5.0,-0.14,180.0,477.0,37.7,1053.0,111.0,31.4,32.6,446.0,29.0,6.5,40.0,1.11,14.4,GK,212862.0,exact,212862.0,2025-06-09,18000000.0,212862,1995-03-24,Spain,2027-06-30,192.0,right,29.776865160848732,29.894875164257556,16.705882371415992,886.661698807367,Peak,False,False,True,False,False,ESP,UEFA,False,False,False,False,False,True
Guillaume Restes,fr FRA,GK,Toulouse,fr Ligue 1,19.0,2005.0,29,29,2543,28.3,0,1,1,0,0,0,2,0,0.0,0.0,0.1,0.1,0,0,0,0.04,0.0,0,0,0.0,0.0,0,0.0,0.0,587,811,72.4,14175,9705,0.0,0.9,1,6,0,0,602,208,73,0,1,0,0,0,0,0,0,1,1,3,0.11,3,0,0,0,0,0,1,0.04,2,1,2,0,0,3,66.7,1,0,0,0,1,3,16,1,867,650,856,9,2,0,867,1,0,0.0,1,100.0,522,2494,1374,0,0,2,0,438,88,83.1,88.0,27,0,,0,1.17,32,36,-4,-0.14,-1.01,39.0,29.0,10.1,0.36,0,1,2,0,0,1,0,50,0,1,0.0,29.0,29.0,2543.0,36.0,1.27,92.0,58.0,62.0,9.0,7.0,13.0,8.0,27.6,2.0,1.0,1.0,0.0,1.0,3.0,3.0,27.9,0.29,-5.1,-0.18,80.0,286.0,28.0,675.0,83.0,30.8,30.3,360.0,5.0,1.4,34.0,1.2,16.9,GK,912902.0,exact,912902.0,2025-06-03,20000000.0,912902,2005-03-11,France,2028-06-30,188.0,left,19.811088295687885,41.9185282522996,16.811242881518265,392.47921945954147,Emerging,False,False,False,True,False,FRA,UEFA,False,False,False,False,False,True
Leo Román,es ESP,GK,Mallorca,es La Liga,24.0,2000.0,7,7,630,7.0,0,0,0,0,0,0,0,0,0.0,0.0,0.0,0.0,0,0,0,0.0,0.0,0,0,0.0,0.0,0,0.0,0.0,137,240,57.1,4877,4009,0.0,0.0,0,4,0,0,167,73,21,0,0,0,0,0,0,0,0,0,0,0,0.0,0,0,0,0,0,0,0,0.0,0,0,0,0,0,0,,0,0,0,0,0,0,6,0,279,228,277,2,0,0,279,1,1,100.0,0,0.0,124,699,396,0,0,0,0,122,90,18.4,90.0,7,0,,31,1.0,5,10,-5,-0.71,-0.59,6.5,14.6,-8.1,-1.15,0,0,1,0,0,0,0,8,0,0,,7.0,7.0,630.0,10.0,1.43,49.0,39.0,81.6,2.0,1.0,4.0,2.0,28.6,1.0,1.0,0.0,0.0,0.0,1.0,0.0,13.5,0.26,3.5,0.5,48.0,139.0,34.5,188.0,18.0,53.2,41.8,127.0,8.0,6.3,6.0,0.86,11.2,GK,562742.0,exact,562742.0,2025-06-09,5000000.0,562742,2000-07-06,Spain,2030-06-30,189.0,right,24.490075290896645,65.90013140604468,15.424948670398354,599.7637877537863,Developing,False,False,True,False,False,ESP,UEFA,False,False,False,False,False,True
Gerónimo Rulli,ar ARG,GK,Marseille,fr Ligue 1,32.0,1992.0,34,34,3060,34.0,0,0,0,0,0,0,1,0,0.0,0.0,0.1,0.1,0,1,0,0.0,0.0,0,0,0.0,0.0,0,0.0,0.0,1058,1204,87.9,22890,14976,0.0,-0.1,2,7,0,0,1013,189,84,0,3,0,0,0,0,0,0,2,0,8,0.24,7,0,0,0,0,1,2,0.06,4,3,4,0,0,8,50.0,4,1,0,1,1,5,25,3,1300,1008,1285,15,0,0,1300,0,0,,0,,789,3335,1782,0,0,1,0,758,90,100.0,90.0,34,0,,0,1.91,74,47,27,0.79,,63.8,45.2,18.6,0.55,0,2,11,0,0,2,0,37,7,1,87.5,34.0,34.0,3060.0,47.0,1.38,135.0,87.0,67.4,20.0,5.0,9.0,5.0,14.7,6.0,3.0,3.0,0.0,1.0,4.0,2.0,47.5,0.33,2.5,0.07,92.0,202.0,45.5,1097.0,133.0,15.0,24.4,309.0,28.0,9.1,59.0,1.74,18.3,GK,229604.0,exact,229604.0,2025-06-03,8000000.0,229604,1992-05-20,Argentina,2027-06-30,189.0,right,32.61875427789185,29.894875164257556,15.894952224644102,1063.983130641488,Declining,False,False,False,True,False,ARG,CONMEBOL,False,False,False,True,False,False
Mathew Ryan,au AUS,GK,Lens,fr Ligue 1,32.0,1992.0,14,14,1260,14.0,0,0,0,0,0,0,0,0,0.0,0.0,0.0,0.0,0,0,0,0.0,0.0,0,0,0.0,0.0,0,0.0,0.0,305,408,74.8,7878,5197,0.0,0.0,0,2,0,0,309,99,33,0,0,0,0,0,0,0,0,0,0,4,0.29,3,1,0,0,0,0,0,0.0,1,0,1,0,0,2,50.0,1,0,0,0,1,2,2,2,439,364,435,4,0,0,439,0,0,,0,,273,1207,642,0,0,0,1,200,90,41.2,90.0,14,0,,0,1.79,20,17,3,0.21,0.21,21.3,18.8,2.5,0.18,0,0,1,0,0,0,0,11,4,0,100.0,14.0,14.0,1260.0,17.0,1.21,62.0,44.0,75.8,8.0,1.0,5.0,6.0,42.9,3.0,2.0,1.0,0.0,0.0,0.0,0.0,19.5,0.28,2.5,0.18,46.0,135.0,34.1,342.0,79.0,31.3,32.3,176.0,20.0,11.4,10.0,0.71,11.6,GK,128969.0,exact,128969.0,2025-06-03,2500000.0,128969,1992-04-08,Australia,2026-06-30,184.0,right,32.733744010951405,17.904073587385017,14.731801689838349,1071.497996974497,Declining,False,False,False,True,False,AUS,AFC,True,False,False,False,False,False
Frederik Rønnow,dk DEN,GK,Union Berlin,de Bundesliga,31.0,1992.0,28,28,2520,28.0,0,0,0,0,0,0,2,0,0.1,0.1,0.0,0.1,0,1,0,0.0,0.0,1,0,0.04,0.0,0,-0.1,-0.1,619,902,68.6,18300,13570,0.1,0.0,0,24,3,0,649,246,85,0,1,0,0,0,0,0,0,7,0,6,0.21,4,2,0,0,0,0,0,0.0,0,0,0,0,0,1,0.0,1,0,0,0,0,0,22,2,980,758,965,16,1,1,980,1,1,100.0,0,0.0,564,3151,1976,0,0,1,0,425,90,82.4,90.0,28,0,,0,1.21,31,37,-6,-0.21,1.45,29.8,38.2,-8.4,-0.3,0,0,4,0,0,0,0,32,15,0,100.0,28.0,28.0,2520.0,37.0,1.32,111.0,71.0,67.6,8.0,11.0,9.0,8.0,28.6,5.0,1.0,4.0,0.0,1.0,1.0,1.0,39.3,0.32,3.3,0.12,143.0,395.0,36.2,734.0,135.0,36.6,34.3,483.0,40.0,8.3,35.0,1.25,13.4,GK,107775.0,fuzzy_verified,107775.0,2025-06-05,3000000.0,107775,1992-08-04,Denmark,,188.0,right,32.41067761806981,,14.914123179965662,1050.4520236624514,Declining,True,False,False,False,False,DEN,UEFA,False,False,False,False,False,True
José Sá,pt POR,GK,Wolves,eng Premier League,31.0,1993.0,29,29,2609,29.0,0,0,0,0,0,0,2,0,0.0,0.0,0.2,0.2,0,2,0,0.0,0.01,0,0,0.0,0.0,0,0.0,0.0,592,924,64.1,15334,10381,0.0,-0.2,3,22,1,0,706,215,65,1,0,0,0,0,0,0,0,3,1,5,0.17,5,0,0,0,0,0,0,0.0,2,2,2,0,0,2,100.0,0,0,0,0,0,2,15,1,985,785,976,10,0,0,985,8,8,100.0,0,0.0,630,3790,2483,0,0,1,0,485,90,76.3,90.0,28,0,,4,1.31,42,48,-6,-0.21,0.79,35.2,42.0,-6.8,-0.23,0,4,9,0,0,4,0,37,11,1,91.7,29.0,29.0,2609.0,48.0,1.66,117.0,69.0,63.2,11.0,5.0,13.0,7.0,24.1,7.0,5.0,2.0,0.0,1.0,6.0,2.0,42.8,0.33,-3.2,-0.11,94.0,382.0,24.6,771.0,121.0,39.3,35.2,432.0,32.0,7.4,43.0,1.48,15.5,GK,249994.0,exact,249994.0,2025-05-30,7000000.0,249994,1993-01-17,Portugal,2027-06-30,192.0,right,31.956194387405887,29.894875164257556,15.76142084987672,1021.1983597256715,Declining,False,True,False,False,False,POR,UEFA,False,False,False,False,False,True
Matvei Safonov,ru RUS,GK,Paris S-G,fr Ligue 1,25.0,1999.0,10,9,879,9.8,0,0,0,0,0,0,0,0,0.0,0.0,0.0,0.0,0,0,0,0.0,0.0,0,0,0.0,0.0,0,0.0,0.0,250,311,80.4,6143,3965,0.0,0.0,0,5,0,0,252,58,10,0,0,0,0,0,0,0,0,1,1,0,0.0,0,0,0,0,0,0,0,0.0,0,0,0,0,0,0,,0,1,0,1,1,1,3,0,326,264,320,6,0,0,326,0,0,,0,,203,910,535,0,0,0,0,181,88,28.7,90.0,9,1,69.0,23,2.5,26,9,17,1.74,0.09,24.2,10.8,13.4,1.38,0,0,1,0,0,0,0,15,0,0,,10.0,9.0,879.0,9.0,0.92,25.0,17.0,72.0,7.0,1.0,1.0,3.0,33.3,2.0,2.0,0.0,0.0,0.0,2.0,1.0,7.2,0.26,-0.8,-0.08,36.0,83.0,43.4,262.0,46.0,26.3,29.1,94.0,5.0,5.3,14.0,1.43,18.0,GK,318470.0,fuzzy_verified,318470.0,2025-06-03,20000000.0,318470,1999-02-25,Russia,2029-06-30,192.0,right,25.8507871321013,53.90932982917214,16.811242881518265,668.2631953492141,Developing,False,False,False,True,False,RUS,UEFA,False,False,False,False,False,True
Brice Samba,fr FRA,GK,Rennes,fr Ligue 1,30.0,1994.0,17,17,1529,17.0,0,0,0,0,0,0,3,0,0.0,0.0,0.0,0.0,0,1,0,0.0,0.0,0,0,0.0,0.0,0,0.0,0.0,525,672,78.1,12995,7998,0.0,0.0,0,7,0,0,515,156,54,0,2,0,0,0,0,0,0,1,0,0,0.0,0,0,0,0,0,0,0,0.0,2,1,2,0,0,2,50.0,1,0,0,0,0,2,12,3,723,550,708,15,0,0,723,0,0,,0,,404,1914,987,0,0,0,0,375,90,50.0,90.0,16,0,,0,1.24,28,27,1,0.06,0.06,27.4,27.6,-0.2,-0.01,0,0,1,0,0,0,0,25,5,0,100.0,17.0,17.0,1529.0,27.0,1.59,87.0,58.0,70.1,7.0,0.0,10.0,5.0,29.4,3.0,1.0,2.0,0.0,1.0,4.0,0.0,29.2,0.32,2.2,0.13,58.0,178.0,32.6,569.0,64.0,24.4,29.7,225.0,16.0,7.1,15.0,0.88,13.2,GK,191056.0,exact,191056.0,2025-06-03,12000000.0,191056,1994-04-25,France,2029-06-30,187.0,left,30.688569472963724,53.90932982917214,16.300417291085605,941.788296296921,Declining,False,False,False,True,False,FRA,UEFA,False,False,False,False,False,True
Brice Samba,fr FRA,GK,Lens,fr Ligue 1,30.0,1994.0,15,15,1350,15.0,0,0,0,0,0,0,1,0,0.0,0.0,0.0,0.0,0,1,0,0.0,0.0,0,0,0.0,0.0,0,0.0,0.0,415,512,81.1,11184,7765,0.1,0.0,0,15,1,0,399,112,36,0,4,0,0,0,0,0,0,1,0,4,0.27,4,0,0,0,0,0,0,0.0,0,0,0,0,0,0,,0,0,0,0,1,1,6,2,549,405,540,9,0,0,549,1,1,100.0,0,0.0,323,1637,946,0,0,0,0,280,90,44.1,90.0,15,0,,0,1.6,19,14,5,0.33,0.44,24.1,17.1,7.0,0.46,0,0,2,0,0,0,0,22,0,0,,15.0,15.0,1350.0,14.0,0.93,54.0,40.0,81.5,6.0,6.0,3.0,7.0,46.7,4.0,4.0,0.0,0.0,2.0,3.0,0.0,17.5,0.26,3.5,0.23,82.0,163.0,50.3,435.0,61.0,29.7,30.5,152.0,17.0,11.2,22.0,1.47,16.1,GK,191056.0,exact,191056.0,2025-06-03,12000000.0,191056,1994-04-25,France,2029-06-30,187.0,left,30.688569472963724,53.90932982917214,16.300417291085605,941.788296296921,Declining,False,False,False,True,False,FRA,UEFA,False,False,False,False,False,True
Robert Sánchez,es ESP,GK,Chelsea,eng Premier League,26.0,1997.0,32,32,2880,32.0,0,0,0,0,0,0,5,0,0.0,0.0,0.1,0.1,0,1,0,0.0,0.0,0,0,0.0,0.0,0,0.0,0.0,871,1249,69.7,21022,13967,0.0,-0.1,2,26,1,0,1086,156,74,0,6,0,0,0,0,0,0,7,1,7,0.22,6,1,0,0,0,0,2,0.06,0,0,0,0,0,1,0.0,1,0,0,0,2,2,24,10,1323,980,1311,12,0,0,1323,0,0,,0,,881,4456,2852,0,0,0,0,822,90,84.2,90.0,32,0,,6,1.88,52,34,18,0.56,0.06,53.8,38.5,15.3,0.48,0,2,4,0,0,2,0,43,12,0,100.0,32.0,32.0,2880.0,34.0,1.06,127.0,92.0,76.4,17.0,9.0,6.0,10.0,31.3,5.0,4.0,1.0,0.0,0.0,4.0,0.0,35.7,0.25,1.7,0.05,98.0,424.0,23.1,1160.0,190.0,33.3,33.4,370.0,47.0,12.7,57.0,1.78,14.5,GK,403151.0,exact,403151.0,2025-05-30,20000000.0,403151,1997-11-18,Spain,2030-06-30,197.0,right,27.121149897330596,65.90013140604468,16.811242881518265,735.5567717534755,Peak,False,True,False,False,False,ESP,UEFA,False,False,False,False,False,True
Kauã Santos,br BRA,GK,Eint Frankfurt,de Bundesliga,21.0,2003.0,9,8,765,8.5,0,0,0,0,0,0,0,0,0.0,0.0,0.0,0.0,0,1,0,0.0,0.0,0,0,0.0,0.0,0,0.0,0.0,205,295,69.5,5287,4026,0.0,0.0,1,4,0,0,233,59,15,0,0,0,0,0,0,0,0,3,1,3,0.35,2,1,0,0,0,0,0,0.0,0,0,0,0,0,0,,0,0,0,0,0,0,10,2,326,280,325,1,0,0,326,0,0,,0,,191,845,553,0,0,0,0,153,85,25.0,90.0,8,1,45.0,20,2.11,18,12,6,0.71,0.08,20.4,11.6,8.8,1.03,0,0,2,0,0,0,1,19,7,0,100.0,9.0,8.0,765.0,12.0,1.41,46.0,35.0,76.1,5.0,1.0,2.0,3.0,37.5,1.0,1.0,0.0,0.0,0.0,4.0,1.0,14.3,0.3,3.3,0.39,40.0,116.0,34.5,248.0,34.0,37.1,33.2,137.0,16.0,11.7,18.0,2.12,14.0,GK,997861.0,exact,997861.0,2025-06-05,2500000.0,997861,2003-04-11,Brazil,2030-06-30,196.0,right,21.727583846680357,65.90013140604468,14.731801689838349,472.0878998145252,Emerging,True,False,False,False,False,BRA,CONMEBOL,False,False,False,True,False,False
Razvan Sava,ro ROU,GK,Udinese,it Serie A,22.0,2002.0,12,12,1080,12.0,0,0,0,0,0,0,1,0,0.0,0.0,0.0,0.0,0,0,0,0.0,0.0,0,0,0.0,0.0,0,0.0,0.0,277,395,70.1,7197,4630,0.0,0.0,0,6,0,0,302,90,35,0,0,0,0,0,0,0,0,3,1,0,0.0,0,0,0,0,0,0,0,0.0,0,0,0,0,0,0,,0,0,0,0,0,0,6,2,423,345,423,0,0,0,423,0,0,,0,,262,1182,698,0,0,1,0,236,90,31.6,90.0,12,0,,19,1.58,17,16,1,0.08,0.7,13.1,16.4,-3.3,-0.27,0,1,1,0,0,1,0,13,0,1,0.0,12.0,12.0,1080.0,16.0,1.33,51.0,37.0,74.5,5.0,4.0,3.0,4.0,33.3,3.0,3.0,0.0,0.0,1.0,4.0,2.0,14.5,0.24,0.5,0.04,44.0,148.0,29.7,337.0,26.0,33.2,32.2,202.0,4.0,2.0,13.0,1.08,14.8,GK,568617.0,exact_accent_stripped,568617.0,2025-06-17,2500000.0,568617,2002-06-21,Romania,2029-06-30,197.0,right,22.532511978097194,53.90932982917214,14.731801689838349,507.7140960430935,Developing,False,False,False,False,True,ROU,UEFA,False,False,False,False,False,True
Alexander Schwolow,de GER,GK,Union Berlin,de Bundesliga,32.0,1992.0,6,6,540,6.0,0,0,0,0,0,0,0,0,0.0,0.0,0.0,0.0,0,0,0,0.0,0.0,0,0,0.0,0.0,0,0.0,0.0,148,207,71.5,3850,2771,0.1,0.0,0,2,2,0,156,50,10,0,0,0,0,0,0,0,0,1,1,0,0.0,0,0,0,0,0,0,0,0.0,0,0,0,0,0,0,,0,0,0,0,0,0,2,1,218,177,218,0,0,0,218,0,0,,0,,138,591,322,0,0,0,0,123,90,17.6,90.0,6,0,,26,1.0,5,13,-8,-1.33,-1.05,7.2,9.5,-2.3,-0.39,0,0,0,0,0,0,0,10,1,0,100.0,6.0,6.0,540.0,13.0,2.17,28.0,15.0,57.1,2.0,0.0,4.0,0.0,0.0,1.0,1.0,0.0,0.0,0.0,0.0,0.0,9.7,0.32,-3.3,-0.55,28.0,73.0,38.4,166.0,26.0,31.3,31.0,85.0,0.0,0.0,4.0,0.67,14.2,GK,93763.0,exact,93763.0,2025-06-05,500000.0,93763,1992-06-02,Germany,2027-05-31,190.0,right,32.58316221765914,28.90932982917214,13.122365377402328,1061.66246010229,Declining,True,False,False,False,False,GER,UEFA,False,False,False,False,False,True
Simone Scuffet,it ITA,GK,Cagliari,it Serie A,28.0,1996.0,13,13,1170,13.0,0,0,0,0,0,0,0,0,0.0,0.0,0.0,0.0,0,0,0,0.0,0.0,0,0,0.0,0.0,0,0.0,0.0,286,407,70.3,8534,6695,0.0,0.0,0,5,0,0,264,140,40,0,0,0,1,0,0,0,0,3,0,2,0.15,2,0,0,0,0,0,0,0.0,0,0,0,0,0,1,0.0,1,0,0,0,0,0,8,2,442,382,438,4,0,0,442,0,0,,0,,201,1040,641,0,0,0,0,178,90,34.2,90.0,13,0,,6,0.92,11,23,-12,-0.92,-0.76,14.6,22.4,-7.8,-0.6,0,0,1,0,0,0,0,17,3,1,75.0,13.0,13.0,1170.0,23.0,1.77,56.0,33.0,67.9,3.0,3.0,7.0,1.0,7.7,5.0,5.0,0.0,0.0,0.0,6.0,0.0,20.4,0.28,-2.6,-0.2,71.0,181.0,39.2,305.0,50.0,42.0,35.5,189.0,6.0,3.2,7.0,0.54,11.8,GK,238993.0,exact,238993.0,2025-06-17,2000000.0,238993,1996-05-31,Italy,2028-06-30,193.0,right,28.588637919233403,41.9185282522996,14.508658238524095,817.31021807703,Peak,False,False,False,False,True,ITA,UEFA,False,False,False,False,False,True
Matz Sels,be BEL,GK,Nott'ham Forest,eng Premier League,32.0,1992.0,38,38,3420,38.0,0,0,0,0,0,0,4,0,0.0,0.0,0.4,0.4,1,2,0,0.0,0.01,0,0,0.0,0.0,0,0.0,0.0,519,998,52.0,19289,16407,0.3,-0.4,2,45,4,0,610,375,105,0,0,0,0,0,0,0,0,13,0,6,0.16,3,3,0,0,0,0,0,0.0,1,1,1,0,0,1,100.0,0,0,0,0,0,1,26,1,1102,833,1082,20,0,0,1102,0,0,,0,,528,3230,1697,1,1,0,0,426,90,100.0,90.0,38,0,,0,1.71,58,46,12,0.32,,45.5,48.9,-3.4,-0.09,0,1,10,0,0,1,0,17,15,2,88.2,38.0,38.0,3420.0,46.0,1.21,165.0,119.0,73.9,19.0,8.0,11.0,13.0,34.2,3.0,3.0,0.0,0.0,1.0,5.0,0.0,49.1,0.29,3.1,0.08,244.0,698.0,35.0,715.0,83.0,68.4,44.7,710.0,19.0,2.7,12.0,0.32,8.7,GK,127202.0,exact,127202.0,2025-05-30,7000000.0,127202,1992-02-26,Belgium,2027-06-30,188.0,right,32.84873374401095,29.894875164257556,15.76142084987672,1079.0393085849237,Declining,False,True,False,False,False,BEL,UEFA,False,False,False,False,False,True
Alen Sherri,al ALB,GK,Cagliari,it Serie A,26.0,1997.0,7,7,621,6.9,0,0,0,0,0,0,0,0,0.0,0.0,0.0,0.0,0,0,0,0.0,0.0,0,0,0.0,0.0,0,0.0,0.0,163,225,72.4,4097,2916,0.0,0.0,1,2,0,0,152,73,16,0,0,0,0,0,0,0,0,0,0,2,0.29,2,0,0,0,0,0,0,0.0,1,0,1,0,0,2,50.0,1,0,0,0,1,2,1,0,244,212,242,3,0,0,244,0,0,,0,,137,609,299,0,0,0,0,115,89,18.2,89.0,6,0,,31,0.71,7,11,-4,-0.58,-0.19,10.7,11.5,-0.8,-0.12,0,0,0,0,0,0,0,15,0,0,,7.0,7.0,621.0,11.0,1.59,31.0,20.0,64.5,1.0,2.0,4.0,1.0,14.3,0.0,0.0,0.0,0.0,0.0,0.0,0.0,10.9,0.35,-0.1,-0.02,29.0,84.0,34.5,168.0,22.0,35.7,32.2,85.0,4.0,4.7,5.0,0.72,11.1,GK,304144.0,exact,304144.0,2025-06-17,1000000.0,304144,1997-12-15,Albania,2028-06-30,197.0,right,27.04722792607803,41.9185282522996,13.815511557963774,731.5525384852152,Peak,False,False,False,False,True,ALB,UEFA,False,False,False,False,False,True
Rui Silva,pt POR,GK,Betis,es La Liga,30.0,1994.0,15,15,1350,15.0,0,0,0,0,0,0,1,0,0.0,0.0,0.1,0.1,0,0,0,0.0,0.01,0,0,0.0,0.0,0,0.0,0.0,412,524,78.6,10283,6196,0.0,-0.1,2,5,0,0,404,118,42,0,0,0,0,0,0,0,0,2,0,5,0.33,5,0,0,0,0,0,0,0.0,0,0,0,0,0,1,0.0,1,1,0,1,0,0,7,0,553,412,552,1,0,0,553,0,0,,0,,334,1482,710,0,0,1,0,277,90,39.5,90.0,15,0,,0,1.33,16,18,-2,-0.13,-0.52,22.0,19.0,3.0,0.2,0,1,2,0,0,1,0,25,2,0,100.0,15.0,15.0,1350.0,18.0,1.2,54.0,37.0,72.2,5.0,5.0,5.0,4.0,26.7,3.0,3.0,0.0,0.0,0.0,3.0,1.0,18.4,0.3,1.4,0.1,45.0,144.0,31.3,446.0,70.0,26.0,30.8,194.0,10.0,5.2,31.0,2.07,18.9,GK,234811.0,exact,234811.0,2025-05-30,7000000.0,234811,1994-02-07,Portugal,2028-06-30,191.0,left,30.899383983572896,41.9185282522996,15.76142084987672,954.7719305642812,Declining,False,False,True,False,False,POR,UEFA,False,False,False,False,False,True
Marco Silvestri,it ITA,GK,Empoli,it Serie A,33.0,1991.0,5,5,450,5.0,0,0,0,0,0,0,0,0,0.0,0.0,0.0,0.0,0,0,0,0.0,0.0,0,0,0.0,0.0,0,0.0,0.0,94,148,63.5,3026,2507,0.0,0.0,0,8,0,0,124,24,11,0,0,0,0,0,0,0,0,0,0,0,0.0,0,0,0,0,0,0,0,0.0,0,0,0,0,0,2,0.0,2,0,0,0,0,0,3,1,162,130,162,0,0,0,162,0,0,,0,,103,565,359,0,0,0,0,93,90,13.2,90.0,5,0,,10,0.2,1,11,-10,-2.0,-1.52,5.0,7.3,-2.2,-0.45,0,0,0,0,0,0,0,6,1,0,100.0,5.0,5.0,450.0,11.0,2.2,27.0,17.0,59.3,0.0,1.0,4.0,0.0,0.0,0.0,0.0,0.0,0.0,0.0,3.0,1.0,8.0,0.32,-2.0,-0.41,35.0,85.0,41.2,135.0,16.0,60.7,41.8,62.0,1.0,1.6,4.0,0.8,12.6,GK,85528.0,exact,85528.0,2025-06-17,500000.0,85528,1991-03-02,Italy,2026-06-30,191.0,right,33.83709787816564,17.904073587385017,13.122365377402328,1144.949192816562,Declining,False,False,False,False,True,ITA,UEFA,False,False,False,False,False,True
Unai Simón,es ESP,GK,Athletic Club,es La Liga,27.0,1997.0,21,21,1890,21.0,0,0,0,0,0,0,0,0,0.0,0.0,0.0,0.0,0,0,0,0.0,0.0,0,0,0.0,0.0,0,0.0,0.0,455,654,69.6,13411,10784,0.0,0.0,0,12,0,0,484,166,49,0,0,0,0,0,0,0,0,4,0,6,0.29,5,1,0,0,0,0,0,0.0,0,0,0,0,0,0,,0,1,0,1,1,1,14,4,704,516,698,7,0,0,704,0,0,,0,,397,2064,1133,0,0,1,1,328,90,55.3,90.0,21,0,,4,1.81,28,14,14,0.67,0.02,29.1,21.1,8.0,0.38,0,0,3,0,0,0,0,33,6,0,100.0,21.0,21.0,1890.0,14.0,0.67,62.0,47.0,79.0,10.0,8.0,3.0,10.0,47.6,2.0,1.0,1.0,0.0,0.0,2.0,0.0,16.3,0.24,2.3,0.11,106.0,284.0,37.3,533.0,91.0,36.2,34.4,249.0,19.0,7.6,28.0,1.33,15.5,GK,262396.0,exact,262396.0,2025-06-09,28000000.0,262396,1997-06-11,Spain,2029-06-30,190.0,right,27.55920602327173,53.90932982917214,17.147715103853763,759.5098366331368,Peak,False,False,True,False,False,ESP,UEFA,False,False,False,False,False,True
Antonio Sivera,es ESP,GK,Alavés,es La Liga,27.0,1996.0,32,32,2810,31.2,0,0,0,0,0,0,6,1,0.0,0.0,0.1,0.1,0,1,0,0.0,0.0,0,0,0.0,0.0,0,0.0,0.0,521,967,53.9,22083,19812,0.2,-0.1,1,42,1,0,585,379,150,0,0,0,0,0,0,0,0,3,1,11,0.35,6,5,0,0,0,0,0,0.0,2,1,2,0,0,2,100.0,0,1,0,1,0,2,20,0,1045,762,1021,25,0,0,1045,0,0,,0,,482,3054,2180,0,0,0,0,339,88,82.2,88.0,30,0,,0,1.16,31,39,-8,-0.26,0.04,35.8,39.8,-4.0,-0.13,0,4,5,0,0,3,1,21,5,1,83.3,32.0,32.0,2810.0,39.0,1.25,112.0,75.0,73.2,9.0,10.0,13.0,8.0,25.0,9.0,9.0,0.0,0.0,2.0,2.0,2.0,39.0,0.28,2.0,0.06,297.0,724.0,41.0,735.0,70.0,71.8,47.7,453.0,30.0,6.6,29.0,0.93,12.7,GK,298197.0,exact,298197.0,2025-06-09,6000000.0,298197,1996-08-11,Spain,2027-06-30,185.0,right,28.39151266255989,29.894875164257556,15.607270193858982,806.0779912682985,Peak,False,False,True,False,False,ESP,UEFA,False,False,False,False,False,True
Yann Sommer,ch SUI,GK,Inter,it Serie A,35.0,1988.0,32,32,2880,32.0,0,0,0,0,0,0,0,0,0.0,0.0,0.0,0.0,0,1,0,0.0,0.0,0,0,0.0,0.0,0,0.0,0.0,1167,1332,87.6,27144,17019,0.0,0.0,0,7,0,0,1162,163,37,0,1,0,0,0,0,0,0,7,0,6,0.18,6,0,0,0,0,0,0,0.0,0,0,0,0,0,0,,0,0,0,0,0,0,13,1,1388,1095,1383,6,0,0,1388,0,0,,0,,925,4040,2214,0,0,0,0,955,90,84.2,90.0,32,0,,3,2.06,71,29,42,1.31,0.98,58.6,31.0,27.7,0.84,0,0,1,0,0,0,0,46,4,0,100.0,32.0,32.0,2880.0,29.0,0.91,110.0,81.0,76.4,20.0,8.0,4.0,13.0,40.6,4.0,3.0,1.0,0.0,0.0,3.0,1.0,31.7,0.24,0.7,0.02,91.0,226.0,40.3,1199.0,136.0,16.9,26.6,356.0,14.0,3.9,14.0,0.42,13.2,GK,42205.0,exact,42205.0,2025-06-17,4000000.0,42205,1988-12-17,Switzerland,2026-06-30,183.0,right,36.04106776180698,17.904073587385017,15.201805169084134,1298.9585654111622,Declining,False,False,False,False,True,SUI,UEFA,False,False,False,False,False,True
David Soria,es ESP,GK,Getafe,es La Liga,31.0,1993.0,38,38,3420,38.0,0,0,0,0,0,0,2,0,0.0,0.0,0.0,0.0,0,1,0,0.0,0.0,0,0,0.0,0.0,0,0.0,0.0,513,1029,49.9,22539,20168,0.2,0.0,0,51,1,0,561,462,158,0,4,0,0,0,0,0,0,6,0,8,0.21,5,3,0,0,0,0,0,0.0,4,4,4,0,0,5,80.0,1,0,0,0,1,5,21,3,1118,882,1098,20,0,0,1118,0,0,,0,,459,2883,1988,0,0,3,0,286,90,100.0,90.0,38,0,,0,1.11,34,39,-5,-0.13,,36.8,46.2,-9.4,-0.25,0,0,2,0,0,0,0,28,6,0,100.0,38.0,38.0,3420.0,39.0,1.03,126.0,86.0,75.4,11.0,9.0,18.0,9.0,23.7,9.0,8.0,1.0,0.0,0.0,5.0,0.0,42.0,0.29,3.0,0.08,300.0,799.0,37.5,719.0,68.0,72.6,48.8,479.0,25.0,5.2,39.0,1.03,14.7,GK,226012.0,exact,226012.0,2025-06-09,3000000.0,226012,1993-04-04,Spain,2030-06-30,192.0,right,31.745379876796715,65.90013140604468,14.914123179965662,1007.7691435221299,Declining,False,False,True,False,False,ESP,UEFA,False,False,False,False,False,True
Juan Soriano,es ESP,GK,Leganés,es La Liga,26.0,1997.0,6,6,540,6.0,0,0,0,0,0,0,1,1,0.0,0.0,0.0,0.0,0,0,0,0.0,0.0,0,0,0.0,0.0,0,0.0,0.0,98,185,53.0,3513,2922,0.0,0.0,0,0,0,0,108,77,23,0,0,0,0,0,0,0,0,0,0,0,0.0,0,0,0,0,0,0,0,0.0,1,1,1,0,0,1,100.0,0,0,0,0,0,1,2,0,199,173,199,0,0,0,199,0,0,,0,,90,447,281,0,0,0,0,59,90,15.8,90.0,6,0,,30,0.86,4,8,-4,-0.67,-0.26,4.0,8.2,-4.2,-0.7,0,0,3,0,0,0,1,5,0,0,,6.0,6.0,540.0,7.0,1.17,25.0,19.0,72.0,1.0,2.0,3.0,1.0,16.7,0.0,0.0,0.0,0.0,0.0,1.0,1.0,8.8,0.36,2.8,0.47,36.0,120.0,30.0,131.0,20.0,56.5,43.9,130.0,7.0,5.4,0.0,0.0,8.4,GK,251892.0,exact,251892.0,2025-06-09,1000000.0,251892,1997-08-23,Spain,2027-06-30,185.0,right,27.359342915811087,29.894875164257556,13.815511557963774,748.5336447849423,Peak,False,False,True,False,False,ESP,UEFA,False,False,False,False,False,True
Filip Stankovic,rs SRB,GK,Venezia,it Serie A,22.0,2002.0,16,16,1367,15.2,0,0,0,0,0,0,1,0,0.0,0.0,0.0,0.0,0,0,0,0.0,0.0,0,0,0.0,0.0,0,0.0,0.0,372,513,72.5,9405,6649,0.0,0.0,0,2,0,0,411,101,28,0,1,0,0,0,0,0,0,1,0,1,0.07,1,0,0,0,0,0,0,0.0,0,0,0,0,0,0,,0,0,0,0,0,0,11,2,566,486,561,5,0,0,566,0,0,,0,,341,1802,1156,0,0,0,0,304,85,40.0,85.0,15,0,,12,0.75,15,23,-8,-0.53,0.17,13.9,24.7,-10.8,-0.71,0,0,1,0,0,0,0,15,5,0,100.0,16.0,16.0,1367.0,23.0,1.51,83.0,60.0,77.1,2.0,6.0,8.0,0.0,0.0,5.0,4.0,1.0,0.0,0.0,3.0,1.0,25.2,0.26,3.2,0.21,48.0,161.0,29.8,439.0,51.0,29.4,31.6,249.0,12.0,4.8,13.0,0.86,10.8,GK,552223.0,exact_accent_stripped,552223.0,2025-06-17,6000000.0,552223,2002-02-25,Serbia,2029-06-30,187.0,right,22.850102669404517,53.90932982917214,15.607270193858982,522.1271920023274,Developing,False,False,False,False,True,SRB,UEFA,False,False,False,False,False,True
Zion Suzuki,jp JPN,GK,Parma,it Serie A,21.0,2002.0,37,37,3314,36.8,0,0,0,0,0,0,2,1,0.0,0.0,0.0,0.0,0,0,0,0.0,0.0,0,0,0.0,0.0,0,0.0,0.0,1008,1496,67.4,29293,22017,0.1,0.0,0,47,1,0,1138,357,134,0,2,0,0,0,0,0,0,1,1,9,0.24,8,1,0,0,0,0,1,0.03,1,0,1,0,0,2,50.0,1,0,0,0,0,1,35,4,1605,1295,1594,12,0,0,1605,0,0,,0,,953,4946,3187,0,0,1,0,748,90,96.9,90.0,36,0,,0,0.97,42,53,-11,-0.3,2.25,42.2,53.2,-11.0,-0.3,1,3,6,0,0,1,0,44,13,1,92.9,36.0,36.0,3240.0,53.0,1.47,150.0,99.0,68.0,7.0,15.0,15.0,7.0,19.4,5.0,5.0,0.0,0.0,3.0,5.0,2.0,51.4,0.32,0.4,0.01,204.0,669.0,30.5,1272.0,184.0,41.4,37.5,614.0,64.0,10.4,38.0,1.03,12.1,GK,432298.0,exact,432298.0,2025-06-17,20000000.0,432298,2002-08-21,Japan,2029-06-30,190.0,right,22.365503080082135,53.90932982917214,16.811242881518265,500.21572802516346,Developing,False,False,False,False,True,JPN,AFC,True,False,False,False,False,False
Mile Svilar,rs SRB,GK,Roma,it Serie A,24.0,1999.0,38,38,3420,38.0,0,0,0,0,0,0,1,0,0.0,0.0,0.0,0.0,0,2,0,0.0,0.0,1,0,0.03,0.0,0,0.0,0.0,1151,1459,78.9,29765,16946,0.0,0.0,0,15,0,0,1187,271,71,0,2,0,0,0,0,0,0,1,0,6,0.16,5,1,0,0,0,0,0,0.0,0,0,0,0,0,0,,0,0,0,0,0,0,12,2,1531,1226,1522,8,1,1,1531,0,0,,0,,944,4802,2705,0,0,0,1,874,90,100.0,90.0,38,0,,0,1.82,56,35,21,0.55,,53.0,40.9,12.1,0.32,0,0,8,0,0,0,0,53,6,1,85.7,38.0,38.0,3420.0,35.0,0.92,151.0,117.0,79.5,20.0,9.0,9.0,16.0,42.1,4.0,4.0,0.0,0.0,0.0,4.0,1.0,42.5,0.26,8.5,0.22,124.0,413.0,30.0,1258.0,170.0,23.8,30.6,495.0,30.0,6.1,33.0,0.87,13.7,GK,338670.0,exact,338670.0,2025-06-17,25000000.0,338670,1999-08-27,Serbia,2030-06-30,189.0,right,25.349760438056126,65.90013140604468,17.034386422832473,642.6103542668355,Developing,False,False,False,False,True,SRB,UEFA,False,False,False,False,False,True
Wojciech Szczęsny,pl POL,GK,Barcelona,es La Liga,34.0,1990.0,15,15,1350,15.0,0,0,0,0,0,0,0,0,0.0,0.0,0.0,0.0,0,0,0,0.0,0.0,0,0,0.0,0.0,0,0.0,0.0,402,454,88.5,9086,5717,0.0,0.0,0,1,0,0,377,75,21,0,1,0,0,0,0,0,0,2,0,0,0.0,0,0,0,0,0,0,0,0.0,1,1,1,0,0,0,,0,0,0,0,0,1,20,1,492,370,482,10,0,0,492,1,1,100.0,0,0.0,286,1121,509,0,0,0,0,274,90,39.5,90.0,15,0,,14,2.87,43,12,31,2.07,0.68,34.8,13.6,21.2,1.42,0,1,1,0,0,1,0,52,0,0,,15.0,15.0,1350.0,12.0,0.8,33.0,21.0,66.7,14.0,1.0,0.0,8.0,53.3,1.0,1.0,0.0,0.0,0.0,1.0,0.0,12.0,0.35,0.0,0.0,24.0,63.0,38.1,398.0,61.0,12.3,25.1,130.0,7.0,5.4,56.0,3.73,20.2,GK,44058.0,exact,44058.0,2025-06-09,1000000.0,44058,1990-04-18,Poland,2027-06-30,195.0,right,34.70773442847365,29.894875164257556,13.815511557963774,1204.6268291574552,Declining,False,False,True,False,False,POL,UEFA,False,False,False,False,False,True
Marc-André ter Stegen,de GER,GK,Barcelona,es La Liga,32.0,1992.0,8,8,674,7.5,0,0,0,0,0,0,0,0,0.0,0.0,0.0,0.0,0,2,0,0.0,0.0,0,0,0.0,0.0,0,0.0,0.0,233,251,92.8,5847,4091,0.0,0.0,0,1,1,0,213,38,11,0,0,0,0,0,0,0,0,0,0,1,0.13,0,1,0,0,0,0,0,0.0,0,0,0,0,0,1,0.0,1,0,0,0,0,0,2,2,262,186,260,2,0,0,262,0,0,,0,,158,755,562,0,0,0,0,154,84,19.7,84.0,7,0,,3,2.63,23,9,14,1.87,0.26,18.3,8.0,10.2,1.37,0,0,2,0,0,0,0,14,1,0,100.0,8.0,8.0,674.0,9.0,1.2,22.0,13.0,63.6,7.0,0.0,1.0,1.0,12.5,1.0,1.0,0.0,0.0,0.0,1.0,0.0,6.4,0.26,-2.6,-0.34,15.0,31.0,48.4,224.0,40.0,12.1,26.5,83.0,5.0,6.0,13.0,1.74,17.0,GK,74857.0,exact,74857.0,2025-06-09,12000000.0,74857,1992-04-30,Germany,2026-06-30,187.0,right,32.6735112936345,17.904073587385017,16.300417291085605,1067.558340255261,Declining,False,False,True,False,False,GER,UEFA,False,False,False,False,False,True
Pietro Terracciano,it ITA,GK,Fiorentina,it Serie A,34.0,1990.0,3,3,270,3.0,0,0,0,0,0,0,0,0,0.0,0.0,0.0,0.0,0,0,0,0.0,0.0,0,0,0.0,0.0,0,0.0,0.0,70,89,78.7,1552,957,0.0,0.0,0,0,0,0,75,14,3,0,0,0,0,0,0,0,0,0,0,0,0.0,0,0,0,0,0,0,0,0.0,0,0,0,0,0,0,,0,0,0,0,0,0,0,0,96,80,96,0,0,0,96,0,0,,0,,67,285,144,0,0,0,0,58,90,7.9,90.0,3,0,,35,1.0,3,3,0,0.0,-0.54,3.6,2.6,1.0,0.33,0,0,0,0,0,0,0,4,0,0,,3.0,3.0,270.0,3.0,1.0,13.0,10.0,76.9,0.0,3.0,0.0,1.0,33.3,0.0,0.0,0.0,0.0,0.0,0.0,0.0,3.1,0.24,0.1,0.03,8.0,25.0,32.0,78.0,14.0,28.2,28.8,20.0,1.0,5.0,3.0,1.0,17.0,GK,96254.0,exact,96254.0,2025-06-17,1000000.0,96254,1990-03-08,Italy,2026-06-30,193.0,right,34.81998631074607,17.904073587385017,13.815511557963774,1212.4314466805436,Declining,False,False,False,False,True,ITA,UEFA,False,False,False,False,False,True
Kevin Trapp,de GER,GK,Eint Frankfurt,de Bundesliga,34.0,1990.0,26,26,2295,25.5,0,0,0,0,0,0,0,0,0.0,0.0,0.0,0.0,0,1,0,0.0,0.0,0,0,0.0,0.0,0,0.0,0.0,693,947,73.2,15726,11103,0.0,0.0,0,7,0,0,756,187,57,0,0,0,0,0,0,0,0,4,1,1,0.04,1,0,0,0,0,0,1,0.04,0,0,0,0,0,0,,0,0,0,0,0,0,13,3,1001,860,996,5,0,0,1001,0,0,,0,,642,2898,1619,0,0,1,0,557,88,75.0,88.0,25,0,,0,1.69,50,34,16,0.63,-0.08,44.7,36.4,8.3,0.33,0,0,1,0,0,0,0,52,4,3,57.1,26.0,26.0,2295.0,34.0,1.33,117.0,82.0,70.9,12.0,8.0,6.0,6.0,23.1,2.0,0.0,2.0,0.0,0.0,6.0,1.0,34.9,0.3,1.9,0.08,89.0,312.0,28.5,813.0,123.0,31.7,29.9,394.0,24.0,6.1,28.0,1.1,13.6,GK,45672.0,exact,45672.0,2025-06-05,2500000.0,45672,1990-07-08,Germany,2028-06-30,189.0,right,34.48596851471595,41.9185282522996,14.731801689838349,1189.2820243979797,Declining,True,False,False,False,False,GER,UEFA,False,False,False,False,False,True
Mark Travers,ie IRL,GK,Bournemouth,eng Premier League,25.0,1999.0,5,5,450,5.0,0,0,0,0,0,0,0,0,0.0,0.0,0.0,0.0,0,0,0,0.0,0.0,0,0,0.0,0.0,0,0.0,0.0,100,142,70.4,3469,2692,0.0,0.0,0,3,0,0,95,47,8,0,0,0,0,0,0,0,0,0,0,0,0.0,0,0,0,0,0,0,0,0.0,0,0,0,0,0,0,,0,0,0,0,0,0,5,0,162,144,159,3,0,0,162,0,0,,0,,85,426,188,0,0,0,0,68,90,13.2,90.0,5,0,,18,1.6,6,5,1,0.2,-0.13,7.0,7.3,-0.2,-0.05,0,0,1,0,0,0,0,3,1,0,100.0,5.0,5.0,450.0,5.0,1.0,25.0,20.0,80.0,2.0,2.0,1.0,1.0,20.0,0.0,0.0,0.0,0.0,1.0,1.0,0.0,9.5,0.38,4.5,0.89,33.0,73.0,45.2,103.0,29.0,41.7,36.3,63.0,1.0,1.6,5.0,1.0,12.9,GK,357658.0,exact,357658.0,2025-05-27,4000000.0,357658,1999-05-18,Ireland,2029-06-30,191.0,right,25.626283367556468,53.90932982917214,15.201805169084134,656.7063992343012,Developing,False,True,False,False,False,IRL,UEFA,False,False,False,False,False,True
Stefano Turati,it ITA,GK,Monza,it Serie A,22.0,2001.0,30,30,2676,29.7,0,0,0,0,0,0,1,0,0.0,0.0,0.0,0.0,0,0,0,0.0,0.0,0,0,0.0,0.0,0,0.0,0.0,764,1077,70.9,21304,16285,0.0,0.0,0,10,0,0,851,222,91,0,1,0,0,0,0,0,0,4,1,5,0.17,1,4,0,0,0,0,1,0.03,0,0,0,0,0,1,0.0,1,0,0,0,0,0,21,2,1166,1027,1159,7,0,0,1166,0,0,,0,,720,3496,1980,0,0,0,0,612,89,78.2,89.0,29,0,,4,0.43,23,52,-29,-0.98,0.48,23.2,42.3,-19.2,-0.64,0,0,12,0,0,0,0,32,3,1,75.0,30.0,30.0,2676.0,52.0,1.75,145.0,93.0,65.5,2.0,7.0,21.0,2.0,6.7,4.0,2.0,2.0,0.0,1.0,8.0,2.0,47.4,0.31,-2.6,-0.09,177.0,442.0,40.0,942.0,126.0,38.3,33.7,414.0,22.0,5.3,26.0,0.87,13.3,GK,543666.0,exact,543666.0,2025-06-17,6500000.0,543666,2001-09-05,Italy,2028-06-30,188.0,right,23.32375085557837,41.9185282522996,15.687312888712007,543.9973539730928,Developing,False,False,False,False,True,ITA,UEFA,False,False,False,False,False,True
Jonas Urbig,de GER,GK,Bayern Munich,de Bundesliga,20.0,2003.0,8,8,720,8.0,0,0,0,0,0,0,0,0,0.0,0.0,0.0,0.0,0,3,0,0.0,0.0,0,0,0.0,0.0,0,0.0,0.0,232,286,81.1,6043,4239,0.1,0.0,0,8,1,0,259,27,4,0,1,0,0,0,0,0,0,0,1,1,0.12,1,0,0,0,0,0,0,0.0,0,0,0,0,0,0,,0,0,0,0,0,0,9,2,310,202,296,14,1,0,310,0,0,,0,,201,924,580,0,0,1,0,194,90,23.5,90.0,8,0,,7,1.88,21,12,9,1.13,-1.11,18.1,7.2,10.9,1.36,0,0,0,0,0,0,0,25,2,0,100.0,8.0,8.0,720.0,12.0,1.5,28.0,16.0,57.1,4.0,3.0,1.0,2.0,25.0,0.0,0.0,0.0,0.0,0.0,2.0,0.0,10.3,0.38,-1.7,-0.21,30.0,79.0,38.0,263.0,33.0,26.2,30.9,81.0,5.0,6.2,21.0,2.63,17.4,GK,607720.0,exact,607720.0,2025-06-05,12000000.0,607720,2003-08-08,Germany,2029-06-30,189.0,both,21.401779603011637,53.90932982917214,16.300417291085605,458.03617017588493,Emerging,True,False,False,False,False,GER,UEFA,False,False,False,False,False,True
Maarten Vandevoordt,be BEL,GK,RB Leipzig,de Bundesliga,22.0,2002.0,6,4,429,4.8,0,0,0,0,0,0,0,0,0.0,0.0,0.0,0.0,0,4,0,0.0,0.0,0,0,0.0,0.0,0,0.0,0.0,138,175,78.9,3557,2188,0.0,0.0,0,3,0,0,134,40,5,0,0,0,0,0,0,0,0,1,0,0,0.0,0,0,0,0,0,0,0,0.0,1,0,1,0,0,1,100.0,0,0,0,0,0,1,4,0,185,131,174,11,0,0,185,0,0,,0,,99,480,280,0,0,0,0,87,72,14.0,90.0,4,2,35.0,28,1.33,9,9,0,0.0,-0.17,7.0,7.1,-0.1,-0.01,0,0,0,0,0,0,0,13,1,0,100.0,6.0,4.0,429.0,9.0,1.89,21.0,12.0,57.1,1.0,1.0,2.0,0.0,0.0,0.0,0.0,0.0,0.0,0.0,4.0,0.0,7.3,0.36,-1.7,-0.35,19.0,52.0,36.5,139.0,27.0,23.0,29.4,78.0,7.0,9.0,11.0,2.31,16.1,GK,486046.0,exact,486046.0,2025-06-05,8000000.0,486046,2002-02-26,Belgium,2030-06-30,192.0,right,22.847364818617386,65.90013140604468,15.894952224644102,522.0020791549955,Developing,True,False,False,False,False,BEL,UEFA,False,False,False,False,False,True
Nikola Vasilj,ba BIH,GK,St. Pauli,de Bundesliga,28.0,1995.0,33,33,2969,33.0,0,0,0,0,0,0,2,1,0.0,0.0,0.0,0.0,0,0,0,0.0,0.0,0,0,0.0,0.0,0,0.0,0.0,1033,1404,73.6,26791,18507,0.2,0.0,1,40,2,0,1168,233,99,0,1,0,0,0,0,0,0,3,0,1,0.03,1,0,0,0,0,0,0,0.0,0,0,0,0,0,2,0.0,2,0,0,0,0,0,22,3,1493,1049,1472,22,0,0,1493,1,1,100.0,0,0.0,909,4574,2567,0,0,0,0,920,90,97.0,90.0,32,0,,0,0.94,26,39,-13,-0.39,-0.39,34.5,43.7,-9.2,-0.28,1,1,1,0,0,1,0,54,9,0,100.0,33.0,33.0,2969.0,39.0,1.18,135.0,93.0,71.9,8.0,7.0,18.0,9.0,27.3,5.0,1.0,4.0,0.0,0.0,5.0,1.0,47.4,0.32,9.4,0.29,164.0,493.0,33.3,1267.0,107.0,34.2,32.7,411.0,24.0,5.8,27.0,0.82,12.8,GK,248454.0,exact,248454.0,2025-06-05,3500000.0,248454,1995-12-02,Bosnia-Herzegovina,,193.0,right,29.084188911704313,,15.068273812173887,845.8900446517041,Peak,True,False,False,False,False,BIH,UEFA,False,False,False,False,False,True
Devis Vásquez,co COL,GK,Empoli,it Serie A,26.0,1998.0,32,32,2880,32.0,0,0,0,0,0,0,2,0,0.0,0.0,0.0,0.0,0,0,0,0.0,0.0,0,0,0.0,0.0,0,0.0,0.0,667,1105,60.4,19973,14880,0.1,0.0,0,29,1,0,867,236,86,1,1,0,0,0,0,0,0,2,1,6,0.19,6,0,0,0,0,0,0,0.0,0,0,0,0,0,0,,0,0,0,0,0,0,21,4,1183,915,1167,16,1,0,1183,1,1,100.0,0,0.0,701,3465,2107,0,0,2,0,620,90,84.2,90.0,32,0,,6,0.94,31,45,-14,-0.44,1.56,26.1,41.3,-15.3,-0.48,0,1,4,0,0,1,0,43,8,1,88.9,32.0,32.0,2880.0,45.0,1.41,125.0,79.0,64.8,6.0,12.0,14.0,6.0,18.8,3.0,1.0,1.0,1.0,0.0,4.0,0.0,40.2,0.31,-4.8,-0.15,161.0,560.0,28.8,953.0,104.0,48.5,39.0,490.0,36.0,7.3,15.0,0.47,10.9,GK,495722.0,exact,495722.0,2025-06-17,2000000.0,495722,1998-05-12,Colombia,2026-06-30,195.0,right,26.642026009582477,17.904073587385017,14.508658238524095,709.7975498952692,Peak,False,False,False,False,True,COL,CONMEBOL,False,False,False,True,False,False
Bart Verbruggen,nl NED,GK,Brighton,eng Premier League,21.0,2002.0,36,36,3240,36.0,0,1,1,0,0,0,5,0,0.0,0.0,0.0,0.0,0,2,0,0.03,0.0,0,0,0.0,0.0,0,0.0,0.0,1011,1315,76.9,23986,16175,0.0,1.0,1,20,1,0,1164,145,62,0,0,0,0,0,0,0,0,6,2,5,0.14,5,0,0,0,0,0,1,0.03,0,0,0,0,0,3,0.0,3,1,0,1,0,0,29,5,1406,1109,1392,14,0,0,1406,2,2,100.0,0,0.0,955,3507,1804,1,1,2,0,909,90,94.7,90.0,36,0,,0,1.53,61,58,3,0.08,-1.92,55.2,52.7,2.5,0.07,0,0,2,0,0,0,0,59,10,1,90.9,36.0,36.0,3240.0,58.0,1.61,143.0,87.0,65.7,14.0,13.0,9.0,7.0,19.4,9.0,9.0,0.0,0.0,1.0,4.0,2.0,51.0,0.31,-5.0,-0.14,122.0,386.0,31.6,1226.0,122.0,26.9,29.7,414.0,27.0,6.5,47.0,1.31,13.9,GK,565093.0,exact,565093.0,2025-05-30,30000000.0,565093,2002-08-18,Netherlands,2028-06-30,193.0,right,22.373716632443532,41.9185282522996,17.216707972959764,500.58319594888036,Developing,False,True,False,False,False,NED,UEFA,False,False,False,False,False,True
Guglielmo Vicario,it ITA,GK,Tottenham,eng Premier League,27.0,1996.0,24,24,2160,24.0,0,0,0,0,0,0,1,0,0.0,0.0,0.0,0.0,0,1,0,0.0,0.0,0,0,0.0,0.0,0,0.0,0.0,764,874,87.4,15137,8856,0.0,0.0,0,2,0,0,773,101,36,0,1,0,0,0,0,0,0,0,2,4,0.17,4,0,0,0,0,0,0,0.0,0,0,0,0,0,0,,0,0,0,0,1,1,14,6,928,626,910,18,0,0,928,1,1,100.0,0,0.0,661,3067,1700,0,0,0,0,597,90,63.2,90.0,24,0,,2,1.25,43,37,6,0.25,0.75,41.8,33.2,8.6,0.36,0,0,2,0,0,0,0,32,9,0,100.0,24.0,24.0,2160.0,37.0,1.54,102.0,67.0,64.7,9.0,3.0,12.0,4.0,16.7,1.0,1.0,0.0,0.0,0.0,6.0,2.0,37.4,0.36,2.4,0.1,28.0,95.0,29.5,809.0,120.0,10.5,22.8,312.0,30.0,9.6,31.0,1.29,13.3,GK,286047.0,exact,286047.0,2025-05-30,32000000.0,286047,1996-10-07,Italy,2028-06-30,194.0,right,28.23545516769336,41.9185282522996,17.281246492014,797.2409285268217,Peak,False,True,False,False,False,ITA,UEFA,False,False,False,False,False,True
Fran Vieites,es ESP,GK,Betis,es La Liga,25.0,1999.0,4,4,360,4.0,0,0,0,0,0,0,0,0,0.0,0.0,0.0,0.0,0,0,0,0.0,0.01,1,1,0.25,0.25,0,0.0,0.0,76,119,63.9,2047,1345,0.0,0.0,0,2,0,0,71,48,19,0,1,0,0,0,0,0,0,0,0,0,0.0,0,0,0,0,0,0,0,0.0,0,0,0,0,0,0,,0,0,0,0,0,0,1,0,126,97,124,1,1,1,126,0,0,,0,,59,248,139,0,0,0,0,48,90,10.5,90.0,4,0,,30,1.25,5,5,0,0.0,-0.21,6.8,5.9,0.9,0.21,0,0,2,0,0,0,0,7,1,0,100.0,4.0,4.0,360.0,5.0,1.25,11.0,6.0,54.5,1.0,2.0,1.0,0.0,0.0,0.0,0.0,0.0,0.0,0.0,0.0,0.0,4.7,0.42,-0.3,-0.09,12.0,54.0,22.2,90.0,16.0,40.0,38.0,65.0,6.0,9.2,4.0,1.0,12.8,GK,551182.0,exact,551182.0,2024-06-24,500000.0,551182,1999-05-07,Spain,2027-06-30,196.0,left,25.65639972621492,29.894875164257556,13.122365377402328,658.2508469113211,Developing,False,False,True,False,False,ESP,UEFA,False,False,False,False,False,True
Iván Villar,es ESP,GK,Celta Vigo,es La Liga,27.0,1997.0,4,4,360,4.0,0,0,0,0,0,0,0,0,0.0,0.0,0.0,0.0,0,0,0,0.0,0.0,0,0,0.0,0.0,0,0.0,0.0,95,117,81.2,1704,1111,0.0,0.0,0,0,0,0,76,41,6,0,0,0,0,0,0,0,0,0,0,0,0.0,0,0,0,0,0,0,0,0.0,0,0,0,0,0,0,,0,0,0,0,0,0,3,0,130,118,128,2,0,0,130,0,0,,0,,60,269,172,0,0,0,0,49,90,10.5,90.0,4,0,,34,1.5,10,9,1,0.25,0.22,6.5,7.0,-0.5,-0.13,0,0,0,0,0,0,0,10,1,1,50.0,4.0,4.0,360.0,9.0,2.25,18.0,10.0,50.0,2.0,0.0,2.0,0.0,0.0,1.0,0.0,1.0,0.0,0.0,3.0,2.0,8.2,0.4,1.2,0.3,3.0,22.0,13.6,82.0,15.0,14.6,24.0,65.0,1.0,1.5,5.0,1.25,14.8,GK,297194.0,exact,297194.0,2025-06-09,900000.0,297194,1997-07-09,Spain,2027-06-30,183.0,right,27.482546201232033,29.894875164257556,13.710151153416941,755.2903457028533,Peak,False,False,True,False,False,ESP,UEFA,False,False,False,False,False,True
Timon Weiner,de GER,GK,Holstein Kiel,de Bundesliga,25.0,1999.0,25,25,2250,25.0,0,0,0,0,0,0,4,0,0.0,0.0,0.0,0.0,0,0,0,0.0,0.0,0,0,0.0,0.0,0,0.0,0.0,682,991,68.8,19635,14240,0.0,0.0,0,13,0,0,729,258,60,0,0,0,0,0,0,0,0,4,2,5,0.2,5,0,0,0,0,0,0,0.0,0,0,0,0,0,1,0.0,1,0,0,0,0,0,17,3,1068,936,1064,4,0,0,1068,0,0,,0,,540,2561,1144,0,0,0,0,531,90,73.5,90.0,25,0,,7,0.68,37,61,-24,-0.96,-0.18,28.8,43.1,-14.4,-0.57,0,1,3,0,0,1,0,43,11,1,91.7,25.0,25.0,2250.0,61.0,2.44,140.0,81.0,59.3,4.0,5.0,16.0,2.0,8.0,4.0,4.0,0.0,0.0,2.0,5.0,2.0,47.2,0.32,-11.8,-0.47,167.0,444.0,37.6,789.0,116.0,40.2,34.5,491.0,27.0,5.5,18.0,0.72,11.1,GK,296428.0,exact,296428.0,2025-06-05,1000000.0,296428,1999-01-18,Germany,2027-06-30,191.0,both,25.95482546201232,29.894875164257556,13.815511557963774,673.6529647635231,Developing,True,False,False,False,False,GER,UEFA,False,False,False,False,False,True
Robin Zentner,de GER,GK,Mainz 05,de Bundesliga,29.0,1994.0,32,32,2880,32.0,0,0,0,0,0,0,3,0,0.0,0.0,0.3,0.3,0,2,0,0.0,0.01,1,0,0.03,0.0,0,0.0,0.0,732,1164,62.9,22094,16663,0.2,-0.3,3,52,4,0,893,263,84,0,2,0,0,0,0,0,0,8,2,8,0.25,8,0,0,0,0,0,0,0.0,2,1,2,0,0,2,50.0,1,0,0,0,0,2,31,4,1287,943,1255,31,1,1,1287,0,0,,0,,751,3707,2055,0,0,2,0,664,90,94.1,90.0,32,0,,0,1.5,50,41,9,0.28,-1.22,47.2,45.9,1.3,0.04,0,1,2,0,0,1,0,56,8,0,100.0,32.0,32.0,2880.0,41.0,1.28,142.0,100.0,73.9,13.0,9.0,10.0,9.0,28.1,5.0,4.0,1.0,0.0,2.0,9.0,0.0,45.0,0.29,4.0,0.12,175.0,567.0,30.9,977.0,132.0,46.2,38.7,524.0,45.0,8.6,58.0,1.81,14.0,GK,160963.0,exact,160963.0,2025-06-05,4000000.0,160963,1994-10-28,Germany,2028-06-30,194.0,right,30.17932922655715,41.9185282522996,15.201805169084134,910.7919125649266,Declining,True,False,False,False,False,GER,UEFA,False,False,False,False,False,True
Michael Zetterer,de GER,GK,Werder Bremen,de Bundesliga,29.0,1995.0,34,34,3060,34.0,0,0,0,0,0,0,2,0,0.0,0.0,0.0,0.0,0,3,0,0.0,0.0,0,0,0.0,0.0,0,0.0,0.0,1028,1315,78.2,27181,17850,0.1,0.0,0,21,1,0,1109,202,95,0,4,0,0,0,0,0,0,4,3,5,0.15,5,0,0,0,0,0,1,0.03,0,0,0,0,0,1,0.0,1,1,0,1,1,1,10,7,1391,1153,1374,18,0,0,1391,1,1,100.0,0,0.0,1000,6473,3312,0,0,1,0,830,90,100.0,90.0,34,0,,0,1.5,54,57,-3,-0.09,,49.1,48.1,1.0,0.03,0,0,6,0,0,0,0,42,8,1,88.9,34.0,34.0,3060.0,57.0,1.68,156.0,102.0,65.4,14.0,9.0,11.0,10.0,29.4,3.0,3.0,0.0,0.0,2.0,4.0,3.0,52.9,0.33,-1.1,-0.03,134.0,370.0,36.2,1204.0,188.0,27.7,31.9,464.0,35.0,7.5,34.0,1.0,13.5,GK,196813.0,exact,196813.0,2025-06-05,4500000.0,196813,1995-07-12,Germany,2029-06-30,187.0,both,29.475701574264203,53.90932982917214,15.319588176962746,868.8169832950812,Peak,True,False,False,False,False,GER,UEFA,False,False,False,False,False,True
