Player,Nation,Pos,Squad,Comp,Age,Born,MP_playing_time,Starts_playing_time,Min_playing_time,90s,Gls,Ast,G+A,G-PK,PK,PKatt_shooting,CrdY,CrdR,xG,npxG,xAG,npxG+xAG,PrgC,PrgP,PrgR,G+A-PK,xG+xAG,Sh_shooting,SoT,SoT%,Sh/90,SoT/90,G/Sh,G/SoT,Dist,FK_shooting,npxG/Sh,G-xG,np:G-xG,Cmp_passing_types,Att_passing_types,Cmp%_passing,TotDist_passing,PrgDist_passing,xA,A-xAG,KP,1/3_passing,PPA,CrsPA,Live_passing_types,Dead,FK_passing_types,TB,Sw,Crs,TI,CK_passing_types,In,Out,Str,Off_passing_types,Blocks_passing_types,SCA,SCA90,PassLive,PassDead,TO,Sh_gca,Fld_gca,Def,GCA,GCA90,Tkl,TklW,Def 3rd_defense,Mid 3rd_defense,Att 3rd_defense,Att_defense,Tkl%,Lost_defense,Blocks_defense,Sh_defense,Pass,Int,Tkl+Int,Clr,Err,Touches,Def Pen,Def 3rd_possession,Mid 3rd_possession,Att 3rd_possession,Att Pen,Live_possession,Att_possession,Succ,Succ%,Tkld,Tkld%,Carries,TotDist_possession,PrgDist_possession,1/3_possession,CPA,Mis,Dis,Rec,Mn/MP,Min%,Mn/Start,Compl,Subs,Mn/Sub,unSub,PPM,onG,onGA,+/-,+/-90,On-Off,onxG,onxGA,xG+/-,xG+/-90,2CrdY,Fls,Fld_misc,Off_misc,PKwon,PKcon,OG_misc,Recov,Won,Lost_misc,Won%,position_group,tm_player_id,match_method,player_id,date,market_value_in_eur,player_id_tm,date_of_birth,country_of_citizenship,contract_expiration_date,height_in_cm,foot,age_precise,contract_months_remaining,log_market_value,age_squared,career_stage,league_de Bundesliga,league_eng Premier League,league_es La Liga,league_fr Ligue 1,league_it Serie A,nation_code,confederation,confed_AFC,confed_CAF,confed_CONCACAF,confed_CONMEBOL,confed_OFC,confed_UEFA
Himad Abdelli,dz ALG,"MF,FW",Angers,fr Ligue 1,24.0,1999.0,32,32,2842,31.6,6,1,7,3,3,4,4,0,6.4,3.2,3.2,6.4,107,207,111,0.13,0.3,35,8,22.9,1.11,0.25,0.09,0.38,22.6,0,0.09,-0.4,-0.2,1373,1672,82.1,21646,6031,3.7,-2.2,39,171,38,3,1555,107,41,23,13,44,15,10,5,2,0,10,31,94,2.98,80,2,5,1,3,3,5,0.16,48,32,13,20,15,48,31.3,33,24,1,23,26,74,28,2,1993,38,293,1149,597,49,1989,121,57,47.1,61,50.4,1183,7595,4388,90,17,55,51,1446,89,92.9,89.0,25,0,,0,1.03,28,50,-22,-0.7,-1.11,30.8,54.2,-23.4,-0.74,0,48,32,3,0,0,0,193,13,20,39.4,MID,592979.0,exact,592979.0,2025-06-03,7000000.0,592979,1999-11-17,Algeria,2030-06-30,185.0,right,25.125256673511295,65.90013140604468,15.76142084987672,631.2785229098239,Developing,False,False,False,True,False,ALG,CAF,False,True,False,False,False,False
Zakaria Aboukhlal,ma MAR,"MF,FW",Toulouse,fr Ligue 1,24.0,2000.0,26,22,1901,21.1,7,2,9,6,1,2,4,0,10.2,8.6,1.6,10.2,34,22,164,0.38,0.56,62,26,41.9,2.94,1.23,0.1,0.23,14.6,0,0.14,-3.2,-2.6,221,349,63.3,2789,753,2.0,0.4,12,16,10,4,333,13,1,0,0,33,7,3,2,0,0,3,14,34,1.61,19,0,4,6,4,1,7,0.33,22,13,7,8,7,23,17.4,19,16,1,15,6,28,9,0,613,6,59,196,363,113,611,53,16,30.2,35,66.0,375,1923,880,24,19,64,26,450,73,62.1,82.0,9,4,25.0,0,1.31,22,23,-1,-0.05,-0.2,29.0,22.9,6.1,0.29,0,35,25,13,2,0,0,61,22,38,36.7,MID,393238.0,exact,393238.0,2025-06-03,12000000.0,393238,2000-02-18,Morocco,2029-06-30,179.0,both,24.870636550308006,53.90932982917214,16.300417291085605,618.5485624175166,Developing,False,False,False,True,False,MAR,CAF,False,True,False,False,False,False
Tyler Adams,us USA,MF,Bournemouth,eng Premier League,25.0,1999.0,28,21,1965,21.8,0,3,3,0,0,0,7,0,1.6,1.6,1.0,2.6,14,76,10,0.14,0.12,9,2,22.2,0.41,0.09,0.0,0.0,16.9,0,0.18,-1.6,-1.6,902,1069,84.4,14322,3525,0.8,2.0,18,67,4,1,1025,38,34,2,1,3,4,0,0,0,0,6,14,41,1.88,35,0,0,1,1,4,4,0.18,83,50,26,49,8,72,54.2,33,33,10,23,32,115,42,0,1337,62,349,779,224,18,1337,18,4,22.2,10,55.6,663,3337,1447,22,1,28,12,757,70,57.5,85.0,15,7,26.0,1,1.46,41,30,11,0.5,0.44,35.5,28.9,6.6,0.3,0,45,21,0,0,1,0,114,31,18,63.3,MID,332705.0,exact,332705.0,2025-05-30,18000000.0,332705,1999-02-14,United States,2028-06-30,175.0,right,25.880903490759753,41.9185282522996,16.705882371415992,669.8211654980204,Developing,False,True,False,False,False,USA,CONCACAF,False,False,True,False,False,False
Amine Adli,ma MAR,"MF,FW",Leverkusen,de Bundesliga,24.0,2000.0,20,6,766,8.5,2,0,2,2,0,0,3,0,2.7,2.7,0.7,3.4,37,24,100,0.23,0.4,20,7,35.0,2.35,0.82,0.1,0.29,13.1,0,0.14,-0.7,-0.7,267,360,74.2,3379,721,1.9,-0.7,11,9,15,4,346,12,0,0,2,33,8,3,2,1,0,2,14,29,3.41,19,0,2,4,4,0,0,0.0,15,9,4,2,9,11,36.4,7,11,0,11,0,15,4,0,468,4,40,152,286,53,468,32,15,46.9,16,50.0,248,1501,838,25,11,20,6,350,38,25.0,69.0,1,14,25.0,1,1.85,17,13,4,0.47,-0.51,16.1,8.5,7.6,0.9,0,15,9,7,2,0,0,30,21,26,44.7,MID,532776.0,exact,532776.0,2025-06-05,18000000.0,532776,2000-05-10,Morocco,2030-06-30,180.0,left,24.646132785763175,65.90013140604468,16.705882371415992,607.4318612934704,Developing,True,False,False,False,False,MAR,CAF,False,True,False,False,False,False
Yacine Adli,fr FRA,MF,Fiorentina,it Serie A,24.0,2000.0,25,14,1219,13.5,4,6,10,4,0,0,3,1,1.0,1.0,2.4,3.4,24,103,30,0.74,0.25,14,5,35.7,1.03,0.37,0.29,0.8,21.3,2,0.07,3.0,3.0,718,890,80.7,14050,4602,2.2,3.6,23,84,16,4,795,90,44,3,14,63,6,39,17,19,0,5,12,50,3.64,35,10,2,2,1,0,10,0.73,32,19,11,16,5,39,43.6,22,13,1,12,6,38,19,0,1021,31,177,607,248,11,1021,32,12,37.5,16,50.0,618,3613,1680,28,3,19,8,690,49,35.7,74.0,4,11,16.0,5,1.62,28,16,12,0.89,0.6,19.7,13.6,6.1,0.44,1,9,20,0,0,0,0,77,5,16,23.8,MID,395236.0,exact,395236.0,2025-06-17,11000000.0,395236,2000-07-29,Algeria,2028-06-30,186.0,right,24.427104722792606,41.9185282522996,16.213405921671733,596.6834451382769,Developing,False,False,False,False,True,FRA,UEFA,False,False,False,False,False,True
Michel Aebischer,ch SUI,MF,Bologna,it Serie A,27.0,1997.0,14,9,724,8.0,0,0,0,0,0,0,2,0,0.4,0.4,0.4,0.8,8,33,17,0.0,0.09,10,5,50.0,1.24,0.62,0.0,0.0,22.0,1,0.04,-0.4,-0.4,366,419,87.4,6537,1452,0.6,-0.4,8,41,5,2,393,24,13,1,5,14,0,8,2,4,0,2,4,18,2.23,15,2,0,0,0,1,0,0.0,18,13,8,7,3,14,71.4,4,4,1,3,7,25,6,0,485,11,74,302,114,10,485,6,3,50.0,2,33.3,291,1201,508,12,2,5,7,346,52,21.2,66.0,2,5,26.0,10,1.36,6,12,-6,-0.75,-1.28,6.0,9.4,-3.5,-0.43,0,16,16,0,0,0,0,35,5,9,35.7,MID,237658.0,exact,237658.0,2025-06-17,7500000.0,237658,1997-01-06,Switzerland,2026-06-30,183.0,right,27.98631074606434,17.904073587385017,15.830413711839864,783.2335891752764,Peak,False,False,False,False,True,SUI,UEFA,False,False,False,False,False,True
Lucien Agoume,fr FRA,MF,Sevilla,es La Liga,22.0,2002.0,35,24,2114,23.5,1,3,4,1,0,0,5,1,0.9,0.9,2.5,3.3,29,135,23,0.17,0.14,10,2,20.0,0.43,0.09,0.1,0.5,15.0,0,0.09,0.1,0.1,1007,1236,81.5,15958,5460,1.6,0.5,27,126,19,3,1190,38,32,6,9,18,6,0,0,0,0,8,16,60,2.55,57,0,1,1,0,1,5,0.21,70,32,23,37,10,39,69.2,12,30,11,19,41,111,42,0,1481,65,386,867,248,19,1481,30,22,73.3,7,23.3,689,3227,1597,23,2,26,13,928,60,61.8,84.0,14,11,10.0,1,1.09,26,39,-13,-0.55,-0.55,25.7,31.4,-5.8,-0.24,0,49,6,2,0,1,0,136,42,40,51.2,MID,569384.0,exact_accent_stripped,569384.0,2025-06-09,8000000.0,569384,2002-02-09,France,2028-06-30,185.0,right,22.89390828199863,41.9185282522996,15.894952224644102,524.1310364245654,Developing,False,False,True,False,False,FRA,UEFA,False,False,False,False,False,True
Jean-Eudes Aholou,ci CIV,MF,Angers,fr Ligue 1,30.0,1994.0,26,26,1959,21.8,2,0,2,2,0,0,7,0,1.8,1.8,1.0,2.8,15,68,16,0.09,0.13,27,7,25.9,1.24,0.32,0.07,0.29,18.2,0,0.07,0.2,0.2,644,764,84.3,10183,2687,0.7,-1.0,10,46,7,0,753,9,9,2,2,2,0,0,0,0,0,2,9,33,1.52,21,0,2,4,3,3,1,0.05,56,36,26,20,10,48,45.8,26,34,14,20,33,89,32,0,1032,45,259,615,167,34,1032,28,12,42.9,12,42.9,495,2116,987,8,2,32,15,615,75,64.0,75.0,7,0,,1,1.12,18,31,-13,-0.6,0.06,21.4,34.5,-13.1,-0.6,0,50,25,1,0,0,0,100,38,23,62.3,MID,178313.0,exact,178313.0,2024-06-03,800000.0,178313,1994-03-20,Cote d'Ivoire,,186.0,left,30.78713210130048,,13.592368256649284,947.8475030229264,Declining,False,False,False,True,False,CIV,CAF,False,True,False,False,False,False
Ilias Akhomach,ma MAR,"MF,FW",Villarreal,es La Liga,20.0,2004.0,11,7,584,6.5,1,0,1,1,0,0,1,0,0.6,0.6,1.0,1.6,30,12,64,0.15,0.23,17,6,35.3,2.62,0.92,0.06,0.17,23.3,0,0.03,0.4,0.4,136,185,73.5,2161,534,1.7,-1.0,9,5,8,2,177,7,2,1,2,18,2,3,2,0,0,1,7,29,4.38,17,0,5,1,6,0,1,0.15,12,7,4,4,4,12,50.0,6,8,0,8,3,15,13,0,293,8,44,89,163,29,293,43,19,44.2,17,39.5,200,1310,759,18,20,15,10,209,53,17.1,69.0,0,4,25.0,1,1.91,8,7,1,0.15,-0.45,8.7,6.1,2.6,0.4,0,9,21,1,0,0,0,30,6,6,50.0,MID,709969.0,exact,709969.0,2025-06-09,15000000.0,709969,2004-04-16,Morocco,2026-06-30,175.0,left,20.711841204654345,17.904073587385017,16.52356082573315,428.9803660868175,Emerging,False,False,True,False,False,MAR,CAF,False,True,False,False,False,False
Jean-Daniel Akpa-Akpro,ci CIV,MF,Monza,it Serie A,31.0,1992.0,14,12,966,10.7,0,0,0,0,0,0,4,0,0.3,0.3,0.2,0.6,21,19,22,0.0,0.05,4,2,50.0,0.37,0.19,0.0,0.0,18.0,0,0.08,-0.3,-0.3,275,346,79.5,4054,1322,0.2,-0.2,3,19,2,1,327,17,4,0,1,6,13,0,0,0,0,2,13,12,1.12,8,0,1,1,1,1,1,0.09,30,18,15,14,1,21,42.9,12,19,6,13,13,43,16,1,505,29,157,258,99,7,505,38,12,31.6,19,50.0,306,1832,818,15,2,24,2,290,69,28.2,78.0,5,2,18.0,0,0.5,7,24,-17,-1.58,-0.7,8.0,17.8,-9.8,-0.91,0,24,18,0,0,0,0,54,11,15,42.3,MID,170481.0,fuzzy_verified,170481.0,2025-06-17,500000.0,170481,1992-10-11,Cote d'Ivoire,2026-06-30,180.0,right,32.224503764544835,17.904073587385017,13.122365377402328,1038.4186428711641,Declining,False,False,False,False,True,CIV,CAF,False,True,False,False,False,False
Carles Aleñá,es ESP,"MF,FW",Getafe,es La Liga,26.0,1998.0,10,5,452,5.0,0,0,0,0,0,0,1,0,0.9,0.9,0.1,1.0,3,12,10,0.0,0.2,5,1,20.0,1.0,0.2,0.0,0.0,13.7,0,0.18,-0.9,-0.9,93,117,79.5,1504,299,0.1,-0.1,3,9,3,1,105,12,6,0,0,6,1,1,1,0,0,0,1,8,1.6,7,0,0,0,1,0,0,0.0,6,3,2,3,1,13,30.8,9,9,1,8,0,6,7,0,163,5,26,84,56,10,163,4,3,75.0,1,25.0,88,427,169,2,1,3,6,98,45,13.2,67.0,0,5,23.0,7,0.8,2,4,-2,-0.4,-0.31,4.0,7.7,-3.7,-0.74,0,8,11,2,0,0,0,12,10,9,52.6,MID,284854.0,exact,284854.0,2025-06-09,2500000.0,284854,1998-01-05,Spain,2029-06-30,180.0,left,26.989733059548254,53.90932982917214,14.731801689838349,728.4456906256719,Peak,False,False,True,False,False,ESP,UEFA,False,False,False,False,False,True
Carles Aleñá,es ESP,"MF,FW",Alavés,es La Liga,26.0,1998.0,14,13,1090,12.1,0,2,2,0,0,0,1,0,0.7,0.7,1.3,2.0,18,58,43,0.17,0.17,15,4,26.7,1.24,0.33,0.0,0.0,19.8,1,0.05,-0.7,-0.7,359,472,76.1,5385,1500,1.3,0.7,19,35,14,2,450,22,8,6,0,31,2,11,5,5,0,0,21,44,3.64,27,7,3,3,4,0,4,0.33,19,12,6,7,6,17,41.2,10,11,0,11,2,21,4,0,590,2,63,290,243,22,590,24,12,50.0,5,20.8,330,1428,671,25,2,23,14,409,78,31.9,82.0,5,1,18.0,1,1.29,11,12,-1,-0.08,0.27,16.4,14.8,1.5,0.13,0,11,24,0,0,0,0,47,9,6,60.0,MID,284854.0,exact,284854.0,2025-06-09,2500000.0,284854,1998-01-05,Spain,2029-06-30,180.0,left,26.989733059548254,53.90932982917214,14.731801689838349,728.4456906256719,Peak,False,False,True,False,False,ESP,UEFA,False,False,False,False,False,True
Thiago Almada,ar ARG,"MF,FW",Lyon,fr Ligue 1,23.0,2001.0,16,9,951,10.6,1,4,5,1,0,0,3,0,2.0,2.0,2.6,4.6,38,97,50,0.47,0.44,23,5,21.7,2.18,0.47,0.04,0.2,20.5,1,0.09,-1.0,-1.0,635,748,84.9,10034,2735,2.4,1.4,22,58,20,2,668,71,28,5,8,47,6,35,20,7,0,9,6,52,4.92,39,8,1,3,1,0,11,1.04,14,8,7,5,2,21,33.3,14,2,0,2,7,21,6,3,831,19,136,382,318,31,831,14,8,57.1,5,35.7,568,2957,1483,34,10,17,9,652,59,31.1,88.0,5,7,23.0,1,1.75,27,15,12,1.14,0.84,24.0,12.0,11.9,1.13,0,10,8,1,1,0,0,56,1,2,33.3,MID,576028.0,exact,576028.0,2025-06-03,25000000.0,576028,2001-04-26,Argentina,2030-06-30,171.0,right,23.685147159479808,65.90013140604468,17.034386422832473,560.9861959662144,Developing,False,False,False,True,False,ARG,CONMEBOL,False,False,False,True,False,False
Sergi Altimira,es ESP,MF,Betis,es La Liga,22.0,2001.0,32,22,1972,21.9,0,1,1,0,0,0,4,0,1.7,1.6,1.7,3.3,25,99,30,0.05,0.16,21,4,19.0,0.96,0.18,0.0,0.0,21.2,0,0.08,-1.7,-1.6,1123,1258,89.3,18063,4176,1.2,-0.7,22,91,13,0,1231,26,22,4,16,5,3,0,0,0,0,1,17,52,2.37,40,0,3,2,1,6,1,0.05,61,37,17,38,6,60,60.0,24,28,1,27,24,85,43,3,1521,53,321,940,272,18,1521,24,16,66.7,7,29.2,908,3871,1635,14,1,27,21,1064,62,57.7,77.0,9,10,27.0,6,1.63,32,33,-1,-0.05,-0.54,33.4,28.9,4.5,0.21,0,35,33,0,1,0,0,117,11,22,33.3,MID,466801.0,exact,466801.0,2025-06-09,15000000.0,466801,2001-08-25,Spain,2029-06-30,188.0,right,23.353867214236825,53.90932982917214,16.52356082573315,545.4031138602056,Developing,False,False,True,False,False,ESP,UEFA,False,False,False,False,False,True
Edson Álvarez,mx MEX,MF,West Ham,eng Premier League,26.0,1997.0,28,20,1772,19.7,0,1,1,0,0,0,9,1,0.4,0.4,0.8,1.2,24,85,18,0.05,0.06,12,1,8.3,0.61,0.05,0.0,0.0,26.3,0,0.03,-0.4,-0.4,861,1003,85.8,14393,4200,0.9,0.2,12,92,12,3,980,16,12,3,12,6,3,0,0,0,0,7,10,28,1.42,24,0,2,1,1,0,2,0.1,50,27,27,15,8,35,48.6,18,23,8,15,18,68,46,1,1239,67,361,693,194,12,1239,33,14,42.4,14,42.4,687,3783,1714,22,2,27,15,830,63,51.8,76.0,4,8,32.0,2,1.25,19,29,-10,-0.51,-0.18,23.5,29.7,-6.2,-0.32,1,42,18,4,0,0,0,88,30,23,56.6,MID,401356.0,exact,401356.0,2025-05-30,25000000.0,401356,1997-10-24,Mexico,2026-06-30,190.0,right,27.189596167008897,17.904073587385017,17.034386422832473,739.274139725025,Peak,False,True,False,False,False,MEX,CONCACAF,False,False,True,False,False,False
Hugo Álvarez,es ESP,"MF,DF",Celta Vigo,es La Liga,21.0,2003.0,26,16,1572,17.5,4,3,7,4,0,0,6,0,2.5,2.5,1.1,3.6,74,60,171,0.4,0.21,25,9,36.0,1.43,0.52,0.16,0.44,16.2,1,0.1,1.5,1.5,799,1013,78.9,12210,3255,2.1,1.9,17,35,15,3,856,151,16,0,2,31,125,10,4,1,0,6,33,46,2.63,38,0,5,3,0,0,9,0.52,26,9,12,10,4,19,52.6,9,19,2,17,8,34,29,1,1214,26,262,471,489,82,1214,72,32,44.4,38,52.8,726,3910,2266,38,41,33,12,817,60,46.0,80.0,9,10,29.0,8,1.31,30,27,3,0.17,0.22,27.0,19.0,8.0,0.46,0,25,16,3,0,1,0,78,6,12,33.3,MID,892929.0,exact,892929.0,2025-06-09,7500000.0,892929,2003-07-02,Spain,2028-06-30,176.0,right,21.503080082135522,41.9185282522996,15.830413711839864,462.38245301873343,Emerging,False,False,True,False,False,ESP,UEFA,False,False,False,False,False,True
Selim Amallah,ma MAR,MF,Valladolid,es La Liga,27.0,1996.0,24,18,1376,15.3,3,1,4,2,1,1,6,0,3.5,2.7,1.1,3.8,24,57,27,0.2,0.3,21,7,33.3,1.37,0.46,0.1,0.29,22.9,1,0.13,-0.5,-0.7,318,406,78.3,5560,1659,1.1,-0.1,13,42,11,0,352,48,18,3,7,31,1,18,8,8,0,6,9,32,2.09,16,8,6,1,0,1,1,0.07,30,18,10,18,2,18,55.6,8,24,2,22,14,44,5,1,607,7,101,334,184,18,606,68,33,48.5,27,39.7,308,1860,836,17,6,35,25,353,57,40.2,67.0,2,6,29.0,7,0.38,11,34,-23,-1.5,0.3,13.7,24.8,-11.1,-0.73,0,32,28,1,0,0,0,73,5,16,23.8,MID,377219.0,exact,377219.0,2025-06-09,1600000.0,377219,1996-11-15,Morocco,,185.0,right,28.128678986995208,,14.285514812209815,791.2225815534258,Peak,False,False,True,False,False,MAR,CAF,False,True,False,False,False,False
Nadiem Amiri,de GER,MF,Mainz 05,de Bundesliga,27.0,1996.0,30,30,2473,27.5,7,5,12,5,2,2,9,2,5.5,3.9,6.6,10.5,50,204,64,0.36,0.44,60,24,40.0,2.18,0.87,0.08,0.21,24.7,10,0.07,1.5,1.1,1371,1781,77.0,25127,9676,9.2,-1.6,63,173,57,9,1508,259,120,10,14,166,10,113,40,55,1,14,36,119,4.33,74,30,6,5,3,1,15,0.55,50,23,13,28,9,46,41.3,27,19,4,15,16,66,30,2,2093,45,360,1159,604,49,2091,67,32,47.8,31,46.3,1134,5414,2578,43,14,42,27,1307,82,80.8,82.0,18,0,,0,1.63,48,35,13,0.47,0.63,42.9,37.0,5.9,0.21,1,44,51,2,0,0,0,207,16,17,48.5,MID,232454.0,exact,232454.0,2025-06-05,20000000.0,232454,1996-10-27,Germany,2028-06-30,180.0,right,28.18069815195072,41.9185282522996,16.811242881518265,794.1517483313586,Peak,True,False,False,False,False,GER,UEFA,False,False,False,False,False,True
Mathis Amougou,fr FRA,MF,Saint-Étienne,fr Ligue 1,18.0,2006.0,17,9,859,9.5,0,0,0,0,0,0,2,0,0.5,0.5,0.4,0.8,8,36,17,0.0,0.09,7,1,14.3,0.73,0.1,0.0,0.0,18.9,0,0.06,-0.5,-0.5,232,301,77.1,3514,1194,0.3,-0.4,7,23,4,0,290,7,4,1,1,1,1,0,0,0,0,4,4,17,1.78,14,0,2,1,0,0,0,0.0,21,15,15,5,1,19,52.6,9,10,0,10,12,33,4,0,407,18,104,218,90,9,407,16,5,31.3,9,56.3,242,1169,585,11,2,22,8,273,51,28.1,77.0,3,8,21.0,1,0.71,8,20,-12,-1.26,-0.19,8.7,18.5,-9.8,-1.03,0,6,8,0,0,0,0,37,3,12,20.0,MID,1010854.0,exact,1010854.0,2025-05-30,10000000.0,1010854,2006-01-18,France,2030-06-30,177.0,right,18.954140999315538,65.90013140604468,16.118095750958314,359.2594610219342,Emerging,False,False,False,True,False,FRA,UEFA,False,False,False,False,False,True
Elliot Anderson,eng ENG,MF,Nott'ham Forest,eng Premier League,21.0,2002.0,37,33,2728,30.3,2,6,8,2,0,0,10,0,2.1,2.1,3.3,5.4,52,143,94,0.26,0.18,40,7,17.5,1.32,0.23,0.05,0.29,18.8,0,0.05,-0.1,-0.1,1085,1386,78.3,17458,5922,3.6,2.7,37,121,19,2,1292,85,26,7,4,86,2,48,17,28,0,9,35,87,2.87,43,20,7,8,4,5,10,0.33,92,56,54,29,9,111,43.2,63,48,9,39,31,123,76,4,1831,102,424,890,547,72,1831,75,36,48.0,30,40.0,932,5071,2366,32,21,60,49,1088,74,79.8,79.0,13,4,27.0,0,1.76,49,37,12,0.4,0.4,35.2,39.3,-4.1,-0.13,0,49,58,4,0,0,0,207,56,30,65.1,MID,567576.0,exact,567576.0,2025-05-30,32000000.0,567576,2002-11-06,England,2029-06-30,179.0,right,22.154688569472963,53.90932982917214,17.281246492014,490.83022561033596,Developing,False,True,False,False,False,ENG,UEFA,False,False,False,False,False,True
André,br BRA,MF,Wolves,eng Premier League,23.0,2001.0,33,31,2472,27.5,0,0,0,0,0,0,7,0,0.4,0.4,0.8,1.3,10,109,11,0.0,0.05,10,1,10.0,0.36,0.04,0.0,0.0,25.5,0,0.04,-0.4,-0.4,1247,1342,92.9,19660,5471,0.7,-0.8,18,111,5,0,1308,32,28,5,15,0,2,0,0,0,0,2,14,49,1.78,41,3,1,0,0,4,3,0.11,91,55,41,41,9,63,58.7,26,42,8,34,37,128,30,1,1623,89,439,1046,155,3,1623,32,16,50.0,12,37.5,912,3764,1688,17,0,30,21,1093,75,72.3,80.0,14,2,3.0,2,1.15,39,46,-7,-0.25,0.5,29.9,40.5,-10.6,-0.39,0,36,34,0,0,1,0,194,2,6,25.0,MID,800176.0,exact,800176.0,2025-05-30,28000000.0,800176,2001-07-16,Brazil,2030-06-30,176.0,right,23.463381245722108,65.90013140604468,17.147715103853763,550.5302594821039,Developing,False,True,False,False,False,BRA,CONMEBOL,False,False,False,True,False,False
Benjamin André,fr FRA,MF,Lille,fr Ligue 1,33.0,1990.0,30,30,2692,29.9,0,3,3,0,0,0,12,0,1.4,1.4,1.9,3.3,29,209,72,0.1,0.11,16,4,25.0,0.53,0.13,0.0,0.0,15.6,0,0.09,-1.4,-1.4,1586,1911,83.0,26597,7159,2.7,1.1,21,207,18,3,1845,57,53,1,20,16,4,0,0,0,0,9,31,53,1.77,46,0,0,2,4,1,9,0.3,103,57,31,60,12,96,56.3,42,42,6,36,48,151,56,0,2267,72,392,1462,430,45,2267,22,9,40.9,11,50.0,1153,5343,2593,33,1,45,33,1556,90,88.0,90.0,29,0,,0,1.77,46,33,13,0.43,-0.3,45.6,38.0,7.7,0.26,0,50,49,3,1,0,0,189,94,82,53.4,MID,84301.0,exact,84301.0,2025-06-03,5000000.0,84301,1990-08-03,France,2028-06-30,180.0,right,34.41478439425051,41.9185282522996,15.424948670398354,1184.3773849027484,Declining,False,False,False,True,False,FRA,UEFA,False,False,False,False,False,True
Robert Andrich,de GER,"MF,DF",Leverkusen,de Bundesliga,29.0,1994.0,23,19,1598,17.8,2,2,4,2,0,0,7,0,1.3,1.3,0.3,1.6,8,65,17,0.23,0.09,21,5,23.8,1.18,0.28,0.1,0.4,21.9,0,0.06,0.7,0.7,865,978,88.4,13929,3332,1.0,1.7,9,65,8,0,952,24,15,2,7,12,4,0,0,0,0,2,6,33,1.86,25,0,1,5,1,1,4,0.23,24,12,8,14,2,14,50.0,7,16,8,8,29,53,23,0,1114,45,252,646,220,20,1114,5,2,40.0,1,20.0,526,2140,886,14,1,7,1,792,69,52.2,81.0,9,4,16.0,9,2.17,35,20,15,0.84,-0.02,29.4,19.1,10.3,0.58,0,29,17,0,0,1,0,73,21,12,63.6,MID,159088.0,exact,159088.0,2025-06-05,9000000.0,159088,1994-09-22,Germany,2028-06-30,187.0,right,30.27789185489391,41.9185282522996,16.012735246411598,916.7507351766509,Declining,True,False,False,False,False,GER,UEFA,False,False,False,False,False,True
Faustino Anjorin,eng ENG,MF,Empoli,it Serie A,22.0,2001.0,22,14,1114,12.4,2,3,5,2,0,0,3,0,0.9,0.9,1.7,2.5,28,55,35,0.4,0.21,23,7,30.4,1.86,0.57,0.09,0.29,25.6,1,0.04,1.1,1.1,355,441,80.5,6247,2157,1.1,1.3,17,44,13,1,418,22,8,2,4,17,1,8,4,2,0,1,8,32,2.59,24,1,3,1,2,1,5,0.4,29,13,9,14,6,18,50.0,9,18,3,15,13,42,20,0,628,25,132,357,153,17,628,41,16,39.0,22,53.7,327,1839,1043,17,6,25,11,385,51,32.6,68.0,1,8,20.0,0,1.0,15,19,-4,-0.32,0.54,10.3,14.5,-4.2,-0.34,0,24,19,0,0,1,0,65,9,15,37.5,MID,433181.0,fuzzy_verified,433181.0,2025-06-17,6000000.0,433181,2001-11-23,England,2028-06-30,186.0,right,23.107460643394933,41.9185282522996,15.607270193858982,533.9547373860457,Developing,False,False,False,False,True,ENG,UEFA,False,False,False,False,False,True
Anuar,ma MAR,"MF,FW",Valladolid,es La Liga,29.0,1995.0,26,21,1720,19.1,2,0,2,2,0,0,7,0,1.7,1.7,1.2,2.9,24,30,68,0.1,0.15,11,5,45.5,0.58,0.26,0.18,0.4,12.8,0,0.15,0.3,0.3,411,505,81.4,6137,1132,0.7,-1.2,7,19,3,2,466,39,10,1,0,22,25,1,0,0,0,0,6,25,1.31,17,1,2,0,5,0,4,0.21,38,27,21,12,5,28,53.6,13,24,8,16,18,56,26,1,705,31,214,324,173,28,705,24,7,29.2,12,50.0,359,2145,834,15,6,25,14,430,66,50.3,76.0,8,5,25.0,2,0.42,12,39,-27,-1.41,0.55,15.7,32.8,-17.1,-0.89,0,30,48,10,1,0,0,71,23,35,39.7,MID,327126.0,exact,327126.0,2025-06-09,900000.0,327126,1995-01-15,Morocco,2027-06-30,173.0,right,29.963039014373717,29.894875164257556,13.710151153416941,897.7837069768815,Peak,False,False,True,False,False,MAR,CAF,False,True,False,False,False,False
Mauro Arambarri,uy URU,MF,Getafe,es La Liga,28.0,1995.0,35,31,2661,29.6,10,0,10,7,3,3,10,0,8.2,5.8,0.6,6.5,17,75,55,0.24,0.3,53,16,30.2,1.79,0.54,0.13,0.44,18.2,1,0.11,1.8,1.2,586,800,73.3,10098,2457,0.6,-0.6,17,74,4,1,775,21,13,2,9,14,0,1,1,0,0,4,14,54,1.83,34,0,3,6,9,2,3,0.1,48,29,10,33,5,48,45.8,26,35,6,29,15,63,46,0,1146,45,203,693,264,72,1143,34,18,52.9,12,35.3,534,2364,863,8,3,60,29,622,76,77.8,83.0,23,4,23.0,0,1.11,29,32,-3,-0.1,0.14,31.5,33.0,-1.5,-0.05,0,51,52,3,0,0,0,137,59,54,52.2,MID,290249.0,exact,290249.0,2025-06-09,12000000.0,290249,1995-09-30,Uruguay,2028-06-30,175.0,right,29.256673511293634,41.9185282522996,16.300417291085605,855.9529449464305,Peak,False,False,True,False,False,URU,CONMEBOL,False,False,False,True,False,False
Joe Aribo,ng NGA,"MF,DF",Southampton,eng Premier League,28.0,1996.0,32,21,2013,22.4,3,0,3,3,0,0,1,0,2.7,2.7,1.6,4.3,36,75,65,0.13,0.19,17,7,41.2,0.76,0.31,0.18,0.43,14.0,0,0.16,0.3,0.3,929,1046,88.8,13689,2630,1.3,-1.6,16,51,4,1,1032,13,4,2,1,10,4,0,0,0,0,1,15,37,1.66,32,0,2,1,2,0,1,0.04,47,33,17,24,6,35,48.6,18,28,11,17,20,67,32,3,1271,52,313,670,299,44,1271,49,21,42.9,22,44.9,745,4068,2021,29,12,27,19,925,63,58.9,79.0,8,11,32.0,6,0.34,17,56,-39,-1.74,-0.4,19.4,55.1,-35.7,-1.6,0,20,28,1,0,1,0,112,25,24,51.0,MID,468198.0,exact,468198.0,2025-05-30,6000000.0,468198,1996-07-21,Nigeria,2026-06-30,183.0,left,28.449007529089666,17.904073587385017,15.607270193858982,809.3460293902006,Peak,False,True,False,False,False,NGA,CAF,False,True,False,False,False,False
Hákon Arnar Haraldsson,is ISL,"MF,FW",Lille,fr Ligue 1,21.0,2003.0,25,21,1755,19.5,5,3,8,5,0,0,3,0,3.8,3.8,2.8,6.6,52,102,143,0.41,0.34,35,13,37.1,1.79,0.67,0.14,0.38,17.1,2,0.11,1.2,1.2,751,946,79.4,12052,2948,3.2,0.2,35,64,42,5,880,64,14,5,4,59,10,35,11,16,1,2,22,70,3.59,49,12,1,4,3,1,7,0.36,36,16,9,17,10,33,48.5,17,10,2,8,8,44,6,0,1136,15,111,502,533,77,1136,49,27,55.1,21,42.9,715,4265,2002,45,11,42,13,872,70,57.4,78.0,6,4,31.0,1,1.76,27,20,7,0.36,-0.26,28.3,24.4,3.9,0.2,0,19,27,3,1,0,0,71,2,14,12.5,MID,652275.0,exact,652275.0,2025-06-03,18000000.0,652275,2003-04-10,Iceland,2030-06-30,178.0,right,21.730321697467488,65.90013140604468,16.705882371415992,472.2068810754263,Emerging,False,False,False,True,False,ISL,UEFA,False,False,False,False,False,True
Maximilian Arnold,de GER,MF,Wolfsburg,de Bundesliga,30.0,1994.0,28,27,2356,26.2,3,5,8,3,0,0,7,1,0.9,0.9,3.5,4.3,9,128,16,0.31,0.17,27,12,44.4,1.03,0.46,0.11,0.25,28.9,9,0.03,2.1,2.1,1049,1358,77.2,21225,6991,4.4,1.5,45,132,19,8,1135,218,109,3,17,152,4,84,51,32,1,5,18,83,3.17,47,31,1,1,3,0,10,0.38,34,20,13,18,3,33,45.5,18,21,11,10,24,58,70,2,1576,86,356,927,308,7,1576,6,1,16.7,3,50.0,787,3069,1200,11,0,18,11,885,84,77.0,86.0,24,1,45.0,0,1.21,48,38,10,0.38,1.4,39.4,40.0,-0.6,-0.02,0,30,52,0,0,0,0,154,14,23,37.8,MID,117674.0,exact,117674.0,2025-06-05,5000000.0,117674,1994-05-27,Germany,2028-06-30,184.0,left,30.600958247775495,41.9185282522996,15.424948670398354,936.418645682099,Declining,True,False,False,False,False,GER,UEFA,False,False,False,False,False,True
Marco Asensio,es ESP,MF,Aston Villa,eng Premier League,28.0,1996.0,13,9,743,8.3,3,1,4,3,0,2,2,0,4.4,2.9,1.0,3.8,22,45,38,0.48,0.66,22,9,40.9,2.66,1.09,0.14,0.33,19.6,1,0.13,-1.4,0.1,242,313,77.3,3581,1081,1.2,0.0,16,20,11,2,271,39,14,2,1,38,0,23,11,1,0,3,8,35,4.24,22,7,1,1,3,1,3,0.36,7,5,0,7,0,9,33.3,6,7,1,6,2,9,3,0,386,6,38,158,200,30,384,19,12,63.2,5,26.3,242,1466,682,21,5,9,8,265,57,21.7,72.0,3,4,23.0,0,2.0,18,8,10,1.21,1.31,14.1,11.1,3.0,0.36,0,11,8,2,0,0,0,28,0,1,0.0,MID,296622.0,exact,296622.0,2025-05-30,20000000.0,296622,1996-01-21,Spain,2028-06-30,182.0,left,28.947296372347708,41.9185282522996,16.811242881518265,837.9459672685348,Peak,False,True,False,False,False,ESP,UEFA,False,False,False,False,False,True
Kristjan Asllani,al ALB,MF,Inter,it Serie A,22.0,2002.0,21,10,980,10.9,2,2,4,0,2,2,4,0,2.5,0.9,1.9,2.8,7,55,20,0.18,0.39,14,3,21.4,1.29,0.28,0.0,0.0,25.0,2,0.06,-0.5,-0.9,868,973,89.2,16269,4554,1.9,0.1,15,74,18,8,913,57,26,6,8,43,1,29,7,15,0,3,3,31,2.82,23,6,0,1,1,0,3,0.27,14,3,8,4,2,22,36.4,14,8,1,7,9,23,13,1,1061,25,258,638,167,9,1059,6,1,16.7,4,66.7,700,3112,1231,14,1,5,2,859,47,28.7,80.0,5,11,17.0,14,2.36,20,9,11,1.01,-0.21,19.5,10.0,9.5,0.86,0,8,18,0,0,0,0,49,4,3,57.1,MID,543771.0,exact,543771.0,2025-06-17,13000000.0,543771,2002-03-09,Albania,2026-06-30,179.0,right,22.817248459958932,17.904073587385017,16.380459992348886,520.6268272834983,Developing,False,False,False,False,True,ALB,UEFA,False,False,False,False,False,True
Valentin Atangana Edoa,fr FRA,MF,Reims,fr Ligue 1,18.0,2005.0,34,33,2854,31.7,1,0,1,1,0,0,7,0,2.5,2.5,1.1,3.6,41,93,38,0.03,0.11,33,6,18.2,1.04,0.19,0.03,0.17,18.4,0,0.08,-1.5,-1.5,908,1056,86.0,13649,3710,0.7,-1.1,12,66,8,1,1037,13,11,2,0,17,1,0,0,0,0,6,14,49,1.55,33,0,3,5,4,4,1,0.03,69,50,32,30,7,38,73.7,10,31,15,16,37,106,64,0,1433,115,457,760,234,54,1433,48,14,29.2,29,60.4,735,4761,2212,35,8,57,23,889,84,93.3,85.0,20,1,45.0,0,0.97,31,44,-13,-0.41,0.03,35.5,52.8,-17.3,-0.55,0,57,50,8,0,0,0,117,47,34,58.0,MID,923759.0,fuzzy_verified,923759.0,2025-06-03,10000000.0,923759,2005-08-25,France,2028-06-30,176.0,right,19.353867214236825,41.9185282522996,16.118095750958314,374.57217614631105,Emerging,False,False,False,True,False,FRA,UEFA,False,False,False,False,False,True
Arthur Atta,fr FRA,"MF,FW",Udinese,it Serie A,21.0,2003.0,27,12,1251,13.9,0,1,1,0,0,0,5,0,1.3,1.3,1.4,2.8,31,57,77,0.07,0.2,26,7,26.9,1.87,0.5,0.0,0.0,20.6,0,0.05,-1.3,-1.3,509,633,80.4,7890,1920,1.4,-0.4,18,42,8,2,609,22,6,1,5,24,11,3,1,2,0,2,22,46,3.31,40,2,1,2,1,0,2,0.14,20,12,9,10,1,15,66.7,5,9,5,4,7,27,15,1,813,21,125,417,289,39,813,61,27,44.3,30,49.2,515,3228,1219,31,10,34,22,593,46,36.6,78.0,4,15,21.0,3,1.15,9,20,-11,-0.79,-0.63,12.5,19.9,-7.4,-0.53,0,16,14,1,0,0,0,57,14,20,41.2,MID,855308.0,exact,855308.0,2025-06-17,8000000.0,855308,2003-01-14,France,2029-06-30,189.0,right,21.965776865160848,53.90932982917214,15.894952224644102,482.4953532900355,Emerging,False,False,False,False,True,FRA,UEFA,False,False,False,False,False,True
Yasin Ayari,se SWE,MF,Brighton,eng Premier League,20.0,2003.0,34,22,1965,21.8,2,1,3,2,0,0,3,0,2.4,2.4,2.3,4.8,30,75,61,0.14,0.22,28,8,28.6,1.28,0.37,0.07,0.25,18.7,2,0.09,-0.4,-0.4,793,973,81.5,11915,3328,2.6,-1.3,30,55,18,4,880,92,34,10,1,69,3,37,27,6,1,1,14,61,2.79,36,13,3,3,4,2,6,0.27,59,32,15,31,13,56,46.4,30,24,6,18,20,79,26,0,1233,58,275,624,354,45,1233,45,18,40.0,18,40.0,655,3244,1466,25,6,38,22,801,58,57.5,78.0,8,12,22.0,2,1.68,31,28,3,0.14,-0.11,32.5,29.6,2.9,0.13,0,37,26,3,0,1,0,118,16,20,44.4,MID,667287.0,exact,667287.0,2025-05-30,22000000.0,667287,2003-10-06,Sweden,2027-06-30,172.0,right,21.240246406570844,29.894875164257556,16.906553056777135,451.14806741184566,Emerging,False,True,False,False,False,SWE,UEFA,False,False,False,False,False,True
Neil El Aynaoui,fr FRA,MF,Lens,fr Ligue 1,23.0,2001.0,24,17,1588,17.6,8,1,9,5,3,3,4,0,4.0,1.6,2.0,3.6,11,75,29,0.34,0.34,16,7,43.8,0.91,0.4,0.31,0.71,20.4,1,0.1,4.0,3.4,816,966,84.5,12776,3533,2.4,-1.0,22,76,7,2,881,82,16,4,7,65,3,54,20,30,0,3,17,42,2.38,22,17,0,1,1,1,2,0.11,39,21,18,15,6,34,35.3,22,34,8,26,30,69,29,0,1196,54,272,653,281,25,1193,21,5,23.8,11,52.4,582,2674,1014,13,2,25,21,761,66,51.9,84.0,12,7,23.0,1,1.5,26,23,3,0.17,0.17,24.9,25.6,-0.7,-0.04,0,34,32,0,0,0,0,90,24,15,61.5,MID,901019.0,exact,901019.0,2025-06-03,15000000.0,901019,2001-07-02,Morocco,2030-06-30,185.0,right,23.50171115674196,65.90013140604468,16.52356082573315,552.3304272949294,Developing,False,False,False,True,False,FRA,UEFA,False,False,False,False,False,True
Shavy Babicka,ga GAB,"MF,FW",Toulouse,fr Ligue 1,24.0,2000.0,30,11,1186,13.2,4,2,6,4,0,0,2,0,3.9,3.9,1.6,5.5,36,21,122,0.46,0.42,20,9,45.0,1.52,0.68,0.2,0.44,14.6,0,0.2,0.1,0.1,196,292,67.1,2616,643,1.9,0.4,13,8,13,5,279,11,1,1,3,39,9,0,0,0,0,2,12,29,2.2,20,1,3,0,3,2,5,0.38,21,12,6,11,4,21,47.6,11,14,0,14,3,24,4,3,428,4,46,145,252,53,428,37,11,29.7,21,56.8,273,1708,871,17,14,28,18,300,40,38.8,75.0,2,19,19.0,2,1.23,19,22,-3,-0.23,-0.42,23.3,16.6,6.7,0.51,0,16,21,7,0,0,0,54,7,17,29.2,MID,916920.0,exact,916920.0,2025-06-03,2500000.0,916920,2000-06-01,Gabon,2026-06-30,179.0,right,24.58590006844627,17.904073587385017,14.731801689838349,604.4664821756264,Developing,False,False,False,True,False,GAB,CAF,False,True,False,False,False,False
Milan Badelj,hr CRO,MF,Genoa,it Serie A,35.0,1989.0,23,21,1472,16.4,1,0,1,1,0,0,2,0,1.0,1.0,1.1,2.1,8,83,14,0.06,0.13,14,2,14.3,0.86,0.12,0.07,0.5,21.0,0,0.07,0.0,0.0,681,836,81.5,11772,3955,0.9,-1.1,12,73,10,0,794,37,31,4,7,5,3,2,0,0,0,5,10,26,1.59,20,0,0,4,2,0,1,0.06,29,16,14,10,5,35,42.9,20,19,7,12,20,49,43,0,1014,58,268,623,129,13,1014,20,9,45.0,9,45.0,499,1952,803,8,2,19,11,658,64,43.0,68.0,4,2,19.0,11,1.09,13,17,-4,-0.24,0.13,15.9,20.4,-4.5,-0.27,0,18,19,0,0,0,0,74,10,6,62.5,MID,40633.0,exact,40633.0,2025-06-17,800000.0,40633,1989-02-25,Croatia,,186.0,right,35.84941820670773,,13.592368256649284,1285.1807857594279,Declining,False,False,False,False,True,CRO,UEFA,False,False,False,False,False,True
Alex Baena,es ESP,"MF,FW",Villarreal,es La Liga,23.0,2001.0,32,30,2595,28.8,7,9,16,7,0,1,9,0,7.1,6.3,11.7,18.1,91,189,154,0.55,0.65,69,17,24.6,2.39,0.59,0.1,0.41,21.0,8,0.09,-0.1,0.7,857,1287,66.6,17433,6579,12.6,-2.7,95,95,72,19,1082,192,52,22,20,207,24,107,43,42,0,13,41,169,5.86,108,41,4,11,4,1,21,0.73,28,15,6,14,8,39,25.6,29,29,2,27,22,50,22,2,1569,23,209,634,762,89,1568,56,21,37.5,27,48.2,895,5493,3201,93,15,42,32,1044,81,75.9,84.0,16,2,33.0,0,1.91,59,36,23,0.8,1.12,52.5,29.2,23.3,0.81,0,43,47,5,0,0,0,140,16,19,45.7,MID,548111.0,exact_accent_stripped,548111.0,2025-06-09,55000000.0,548111,2001-07-20,Spain,2030-06-30,172.0,right,23.45242984257358,65.90013140604468,17.822843761378564,550.0164655208358,Developing,False,False,True,False,False,ESP,UEFA,False,False,False,False,False,True
Stefan Bajcetic,es ESP,"MF,DF",Las Palmas,es La Liga,19.0,2004.0,14,12,969,10.8,1,0,1,1,0,0,4,0,0.3,0.3,0.2,0.5,8,39,9,0.09,0.05,5,2,40.0,0.46,0.19,0.2,0.5,23.1,0,0.05,0.7,0.7,300,418,71.8,5892,1599,0.3,-0.2,7,28,8,0,397,18,14,0,9,4,2,1,1,0,0,3,8,14,1.3,10,0,0,2,2,0,1,0.09,29,14,13,13,3,28,42.9,16,25,4,21,15,44,26,1,570,33,148,339,90,6,570,24,11,45.8,9,37.5,238,1175,538,9,0,21,6,293,69,28.3,75.0,3,2,35.0,1,0.64,7,17,-10,-0.93,-0.52,8.6,16.0,-7.4,-0.69,0,21,14,0,0,1,0,61,17,13,56.7,MID,864799.0,exact,864799.0,2025-06-09,9000000.0,864799,2004-10-22,Spain,2027-06-30,185.0,right,20.194387405886378,29.894875164257556,16.012735246411598,407.81328269902235,Emerging,False,False,True,False,False,ESP,UEFA,False,False,False,False,False,True
Dilane Bakwa,fr FRA,"MF,DF",Strasbourg,fr Ligue 1,21.0,2002.0,30,29,2497,27.7,6,8,14,6,0,0,4,0,4.7,4.7,6.6,11.3,107,129,249,0.5,0.41,52,22,42.3,1.87,0.79,0.12,0.27,21.3,6,0.09,1.3,1.3,808,1109,72.9,13642,4130,6.0,1.4,47,67,40,10,961,141,48,11,15,153,31,62,29,27,0,7,23,110,3.97,67,21,10,3,7,2,16,0.58,26,14,11,8,7,24,50.0,12,21,1,20,15,41,27,0,1420,21,170,588,685,79,1420,127,50,39.4,65,51.2,890,5928,2934,70,42,60,34,1046,83,81.6,85.0,12,1,25.0,0,1.6,48,37,11,0.4,0.24,39.3,44.5,-5.2,-0.19,0,29,71,5,0,0,0,92,11,8,57.9,MID,540664.0,exact,540664.0,2025-06-03,25000000.0,540664,2002-08-26,France,2030-06-30,180.0,left,22.351813826146476,65.90013140604468,17.034386422832473,499.60358131871277,Developing,False,False,False,True,False,FRA,UEFA,False,False,False,False,False,True
Tommaso Baldanzi,it ITA,"MF,FW",Roma,it Serie A,21.0,2003.0,31,5,832,9.2,1,1,2,1,0,0,2,0,1.4,1.4,1.0,2.4,39,23,57,0.22,0.26,20,4,20.0,2.16,0.43,0.05,0.25,18.6,0,0.07,-0.4,-0.4,305,363,84.0,3953,740,0.8,0.0,10,22,6,0,344,17,2,4,1,7,10,0,0,0,0,2,14,36,3.89,23,0,6,4,2,1,4,0.43,12,4,5,4,3,12,33.3,8,4,0,4,6,18,8,0,472,5,43,191,248,38,472,39,17,43.6,21,53.8,292,1963,994,31,10,16,9,335,27,24.3,64.0,0,26,20.0,7,1.81,16,8,8,0.87,0.41,15.0,8.8,6.3,0.68,0,7,16,0,0,0,0,48,1,3,25.0,MID,641537.0,exact,641537.0,2025-06-17,12000000.0,641537,2003-03-23,Italy,2026-06-30,170.0,left,21.779603011635867,17.904073587385017,16.300417291085605,474.3511073444581,Emerging,False,False,False,False,True,ITA,UEFA,False,False,False,False,False,True
Carlos Baleba,cm CMR,MF,Brighton,eng Premier League,20.0,2004.0,34,31,2661,29.6,3,1,4,3,0,0,8,1,3.1,3.1,1.3,4.4,43,118,29,0.14,0.15,44,11,25.0,1.49,0.37,0.07,0.27,25.5,1,0.07,-0.1,-0.1,1149,1314,87.4,19305,4741,1.2,-0.3,21,109,23,3,1289,23,10,7,3,9,3,0,0,0,0,2,14,66,2.23,55,0,2,5,1,3,4,0.14,79,46,26,37,16,80,60.0,32,47,11,36,46,125,44,1,1697,94,410,994,339,12,1697,57,33,57.9,20,35.1,971,5692,2810,45,3,39,42,1035,78,77.8,83.0,15,3,27.0,2,1.68,55,39,16,0.54,1.61,47.0,39.6,7.4,0.25,1,40,48,0,0,2,0,197,39,26,60.0,MID,973085.0,exact,973085.0,2025-05-30,40000000.0,973085,2004-01-03,Cameroon,2028-06-30,179.0,left,20.996577686516083,41.9185282522996,17.50439003707821,440.8562745459051,Emerging,False,True,False,False,False,CMR,CAF,False,True,False,False,False,False
Valentín Barco,ar ARG,"MF,DF",Strasbourg,fr Ligue 1,20.0,2004.0,14,14,1157,12.9,0,2,2,0,0,0,2,0,0.5,0.5,1.5,2.0,20,64,55,0.16,0.15,10,1,10.0,0.78,0.08,0.0,0.0,22.9,1,0.05,-0.5,-0.5,644,777,82.9,10174,2666,1.5,0.5,8,54,9,2,708,68,17,2,4,31,48,2,1,0,0,1,16,20,1.56,17,0,1,1,1,0,6,0.47,36,22,24,10,2,30,73.3,8,8,3,5,13,49,28,1,928,48,302,443,193,15,928,20,9,45.0,10,50.0,513,2052,1117,28,2,22,10,632,83,37.8,83.0,5,0,,0,2.14,22,9,13,1.01,1.06,18.2,17.2,1.0,0.08,0,17,29,0,0,1,0,79,7,7,50.0,MID,849410.0,exact,849410.0,2025-06-03,12000000.0,849410,2004-07-23,Argentina,2029-06-30,172.0,left,20.4435318275154,53.90932982917214,16.300417291085605,417.93799358263516,Emerging,False,False,False,True,False,ARG,CONMEBOL,False,False,False,True,False,False
Nicolò Barella,it ITA,MF,Inter,it Serie A,27.0,1997.0,32,28,2456,27.3,3,6,9,3,0,0,4,0,2.2,2.2,4.5,6.7,63,235,133,0.33,0.24,42,9,21.4,1.54,0.33,0.07,0.33,24.8,1,0.05,0.8,0.8,1484,1808,82.1,26231,7745,5.1,1.5,55,172,54,12,1742,48,31,18,23,68,7,10,1,8,0,18,28,112,4.07,89,7,5,5,4,2,15,0.54,50,31,19,20,11,59,44.1,33,26,3,23,12,62,16,1,2064,43,332,1121,634,42,2064,57,23,40.4,27,47.4,1393,6866,3158,47,8,29,42,1612,77,71.8,83.0,18,4,30.0,2,2.12,56,24,32,1.17,0.05,48.2,27.2,21.0,0.76,0,25,33,4,0,0,0,165,26,25,51.0,MID,255942.0,exact,255942.0,2025-06-17,75000000.0,255942,1997-02-07,Italy,2029-06-30,175.0,right,27.89869952087611,53.90932982917214,18.132998684833918,778.3374349561329,Peak,False,False,False,False,True,ITA,UEFA,False,False,False,False,False,True
Ross Barkley,eng ENG,MF,Aston Villa,eng Premier League,30.0,1993.0,20,3,581,6.5,3,1,4,3,0,0,3,0,1.8,1.8,0.6,2.4,15,36,10,0.62,0.37,16,5,31.3,2.48,0.77,0.19,0.6,14.2,0,0.11,1.2,1.2,337,395,85.3,5232,1260,0.4,0.4,9,32,6,0,381,13,11,0,3,1,1,0,0,0,0,1,9,18,2.78,15,1,2,0,0,0,3,0.46,14,3,4,10,0,14,64.3,5,9,3,6,10,24,5,0,464,17,75,275,121,19,464,16,12,75.0,4,25.0,277,1560,733,15,2,7,8,328,29,17.0,85.0,2,17,19.0,4,1.75,10,10,0,0.0,-0.22,11.7,6.2,5.5,0.85,0,8,3,0,0,0,0,43,6,4,60.0,MID,131978.0,exact,131978.0,2025-05-30,6000000.0,131978,1993-12-05,England,2027-06-30,189.0,right,31.07460643394935,29.894875164257556,15.607270193858982,965.6311650248463,Declining,False,True,False,False,False,ENG,UEFA,False,False,False,False,False,True
Enzo Barrenechea,ar ARG,MF,Valencia,es La Liga,23.0,2001.0,30,26,2191,24.3,1,2,3,1,0,0,6,0,1.3,1.3,0.9,2.3,21,126,16,0.12,0.09,16,3,18.8,0.66,0.12,0.06,0.33,18.5,0,0.08,-0.3,-0.3,1170,1352,86.5,20141,5421,1.1,1.1,15,143,7,0,1292,55,54,3,22,3,1,0,0,0,0,5,11,44,1.81,35,1,0,1,3,4,8,0.33,57,30,22,29,6,46,69.6,14,30,8,22,28,85,48,1,1601,68,378,1038,198,14,1601,31,11,35.5,15,48.4,762,3275,1515,17,0,23,18,1068,73,64.1,81.0,7,4,22.0,2,1.37,28,30,-2,-0.08,0.5,27.8,27.9,0.0,0.0,0,25,45,0,1,0,0,117,37,24,60.7,MID,671915.0,exact,671915.0,2025-06-09,10000000.0,671915,2001-05-22,Argentina,2026-06-30,186.0,right,23.613963039014372,17.904073587385017,16.118095750958314,557.6192504079369,Developing,False,False,True,False,False,ARG,CONMEBOL,False,False,False,True,False,False
Ander Barrenetxea,es ESP,"MF,FW",Real Sociedad,es La Liga,22.0,2001.0,30,14,1263,14.0,1,3,4,1,0,0,6,0,1.6,1.6,1.9,3.6,43,48,152,0.29,0.26,25,8,32.0,1.78,0.57,0.04,0.13,16.2,0,0.07,-0.6,-0.6,375,529,70.9,6235,1409,2.5,1.1,16,23,22,4,506,19,1,1,11,54,11,7,4,0,0,4,27,42,2.99,31,1,2,5,1,2,6,0.43,26,19,7,14,5,23,26.1,17,15,0,15,11,37,16,1,751,11,102,263,402,63,751,69,26,37.7,40,58.0,470,2996,1239,26,19,47,26,522,42,36.9,58.0,0,16,28.0,3,1.17,15,23,-8,-0.57,-0.44,17.5,15.9,1.6,0.11,0,33,13,6,0,1,0,88,7,14,33.3,MID,616369.0,exact,616369.0,2025-06-09,15000000.0,616369,2001-12-27,Spain,2030-06-30,175.0,right,23.014373716632445,65.90013140604468,16.52356082573315,529.6613975688223,Developing,False,False,True,False,False,ESP,UEFA,False,False,False,False,False,True
Pablo Barrios,es ESP,MF,Atlético Madrid,es La Liga,21.0,2003.0,31,28,2330,25.9,1,4,5,1,0,0,4,1,1.3,1.3,2.4,3.7,29,142,69,0.19,0.14,29,8,27.6,1.12,0.31,0.03,0.13,23.1,0,0.05,-0.3,-0.3,1299,1511,86.0,20821,5648,2.0,1.6,26,148,24,5,1478,30,23,5,11,26,5,0,0,0,0,3,28,66,2.55,58,1,1,3,1,2,11,0.43,46,26,23,20,3,47,48.9,24,18,5,13,34,80,33,9,1784,51,415,1001,378,29,1784,42,25,59.5,14,33.3,1119,5204,2315,35,6,49,23,1308,75,68.1,80.0,19,3,34.0,0,2.0,51,24,27,1.04,0.13,45.7,21.7,24.0,0.93,0,28,27,0,0,0,0,131,35,21,62.5,MID,775605.0,exact,775605.0,2025-06-09,55000000.0,775605,2003-06-15,Spain,2030-06-30,181.0,right,21.54962354551677,65.90013140604468,17.822843761378564,464.3862749534908,Emerging,False,False,True,False,False,ESP,UEFA,False,False,False,False,False,True
Christoph Baumgartner,at AUT,MF,RB Leipzig,de Bundesliga,24.0,1999.0,31,18,1610,17.9,2,1,3,2,0,0,5,0,4.5,4.5,1.3,5.8,37,53,95,0.17,0.33,39,15,38.5,2.18,0.84,0.05,0.13,14.2,0,0.12,-2.5,-2.5,421,617,68.2,6330,1808,1.7,-0.3,20,40,16,1,581,27,3,10,1,14,9,1,0,0,0,9,29,42,2.35,31,0,3,6,1,1,6,0.34,44,28,13,19,12,42,40.5,25,45,9,36,12,56,24,2,910,49,167,451,311,65,910,42,17,40.5,19,45.2,438,2576,1434,35,7,47,31,575,52,52.6,76.0,7,13,19.0,1,1.58,21,28,-7,-0.39,-1.14,22.4,30.6,-8.2,-0.46,0,44,29,4,0,0,0,86,41,39,51.3,MID,324278.0,exact,324278.0,2025-06-05,12000000.0,324278,1999-08-01,Austria,2028-06-30,180.0,right,25.420944558521562,41.9185282522996,16.300417291085605,646.224422247427,Developing,True,False,False,False,False,AUT,UEFA,False,False,False,False,False,True
Adrian Beck,de GER,"MF,FW",Heidenheim,de Bundesliga,27.0,1997.0,32,18,1598,17.8,4,1,5,4,0,0,1,0,3.3,3.3,1.2,4.5,37,69,83,0.28,0.25,39,13,33.3,2.2,0.73,0.1,0.31,17.8,0,0.08,0.7,0.7,581,725,80.1,9901,2258,1.9,-0.2,21,53,18,4,671,53,3,0,4,32,14,17,10,6,0,1,19,56,3.16,37,4,10,4,1,0,4,0.23,36,17,18,12,6,35,34.3,23,31,2,29,9,45,17,0,962,23,184,502,296,53,962,75,40,53.3,30,40.0,553,3077,1192,17,11,42,26,584,50,52.2,73.0,4,14,20.0,1,0.91,22,30,-8,-0.45,0.72,22.3,29.2,-6.9,-0.39,0,16,14,2,0,0,0,131,29,20,59.2,MID,273669.0,exact,273669.0,2025-06-05,2000000.0,273669,1997-06-09,Germany,2028-06-30,186.0,right,27.564681724845997,41.9185282522996,14.508658238524095,759.8116785920589,Peak,True,False,False,False,False,GER,UEFA,False,False,False,False,False,True
Donny van de Beek,nl NED,MF,Girona,es La Liga,27.0,1997.0,26,16,1421,15.8,2,2,4,2,0,0,5,0,1.5,1.5,3.2,4.7,17,45,85,0.25,0.3,18,5,27.8,1.14,0.32,0.11,0.4,14.7,0,0.08,0.5,0.5,365,447,81.7,5265,1056,3.6,-1.2,18,21,11,0,438,9,0,2,2,11,0,0,0,0,0,0,13,28,1.77,27,0,0,1,0,0,2,0.13,29,18,17,7,5,26,50.0,13,19,3,16,10,39,12,0,580,14,113,246,230,61,580,13,6,46.2,7,53.8,281,1412,588,15,2,13,15,387,55,41.5,74.0,4,10,25.0,6,1.12,25,23,2,0.13,0.94,20.1,21.5,-1.4,-0.09,0,22,8,3,0,0,0,48,10,9,52.6,MID,288255.0,exact,288255.0,2025-06-09,5000000.0,288255,1997-04-18,Netherlands,2028-06-30,184.0,right,27.707049965776864,41.9185282522996,15.424948670398354,767.6806178060557,Peak,False,False,True,False,False,NED,UEFA,False,False,False,False,False,True
Reda Belahyane,ma MAR,MF,Hellas Verona,it Serie A,20.0,2004.0,22,17,1658,18.4,0,2,2,0,0,0,6,1,0.2,0.2,1.0,1.3,22,73,13,0.11,0.07,6,2,33.3,0.33,0.11,0.0,0.0,23.9,0,0.04,-0.2,-0.2,587,701,83.7,8987,2976,0.6,1.0,16,71,10,0,685,15,14,1,3,3,1,0,0,0,0,1,9,41,2.23,34,0,3,1,1,2,3,0.16,36,26,16,13,7,17,76.5,4,20,9,11,10,46,22,1,884,49,251,526,126,8,884,52,33,63.5,17,32.7,551,3272,1498,17,5,34,21,591,75,48.5,88.0,13,5,32.0,0,0.91,20,39,-19,-1.03,-0.37,18.5,27.1,-8.6,-0.46,1,31,9,0,0,0,0,109,5,15,25.0,MID,982855.0,exact,982855.0,2025-06-17,10000000.0,982855,2004-06-01,Morocco,2029-06-30,173.0,right,20.58590006844627,53.90932982917214,16.118095750958314,423.7792816280562,Emerging,False,False,False,False,True,MAR,CAF,False,True,False,False,False,False
Haris Belkebla,dz ALG,MF,Angers,fr Ligue 1,30.0,1994.0,22,21,1792,19.9,0,1,1,0,0,0,1,0,0.1,0.1,0.9,1.0,8,69,15,0.05,0.05,3,0,0.0,0.15,0.0,0.0,,23.8,0,0.03,-0.1,-0.1,727,830,87.6,11935,3432,0.3,0.1,5,68,3,0,804,24,22,0,3,3,2,0,0,0,0,2,14,14,0.7,14,0,0,0,0,0,4,0.2,56,38,38,15,3,45,57.8,19,30,9,21,35,91,46,1,1064,67,332,630,115,6,1064,22,9,40.9,10,45.5,558,2613,1056,15,1,27,10,686,81,58.6,85.0,17,1,14.0,0,1.18,20,26,-6,-0.3,0.76,22.5,30.8,-8.4,-0.42,0,18,32,1,0,0,0,90,8,21,27.6,MID,138055.0,exact,138055.0,2025-06-03,2000000.0,138055,1994-01-28,Algeria,2028-06-30,177.0,right,30.926762491444215,41.9185282522996,14.508658238524095,956.4646382022008,Declining,False,False,False,True,False,ALG,CAF,False,True,False,False,False,False
Yassin Belkhdim,fr FRA,MF,Angers,fr Ligue 1,22.0,2002.0,29,16,1523,16.9,1,1,2,1,0,0,4,0,0.8,0.8,0.6,1.4,17,37,31,0.12,0.08,9,5,55.6,0.53,0.3,0.11,0.2,17.3,0,0.09,0.2,0.2,394,487,80.9,5963,1404,0.5,0.4,5,27,3,1,484,3,2,1,4,16,1,0,0,0,0,0,17,12,0.71,10,0,0,2,0,0,1,0.06,53,27,26,21,6,58,46.6,31,23,6,17,21,74,41,1,702,46,236,347,130,18,702,15,2,13.3,12,80.0,343,1717,728,7,2,31,14,403,53,49.8,78.0,6,13,21.0,4,1.0,16,26,-10,-0.59,0.05,16.7,27.9,-11.2,-0.66,0,28,15,2,0,0,0,74,5,15,25.0,MID,807688.0,exact,807688.0,2025-06-03,1000000.0,807688,2002-02-14,Morocco,2028-06-30,175.0,right,22.88021902806297,41.9185282522996,13.815511557963774,523.5044227721348,Developing,False,False,False,True,False,FRA,UEFA,False,False,False,False,False,True
Jean-Ricner Bellegarde,fr FRA,"MF,FW",Wolves,eng Premier League,26.0,1998.0,35,20,1677,18.6,2,7,9,2,0,0,3,0,1.5,1.5,3.8,5.3,52,43,89,0.48,0.29,22,5,22.7,1.18,0.27,0.09,0.4,21.2,2,0.07,0.5,0.5,475,599,79.3,7404,1436,2.8,3.2,27,30,18,8,575,23,9,5,4,44,3,5,4,0,0,1,21,57,3.06,35,5,4,4,7,2,11,0.59,39,24,17,19,3,20,70.0,6,19,3,16,10,49,18,1,843,24,148,394,318,48,843,61,14,23.0,31,50.8,528,3269,1573,38,11,42,29,592,48,49.0,69.0,1,15,20.0,2,1.09,29,31,-2,-0.11,0.56,22.8,26.3,-3.5,-0.19,0,31,47,1,0,0,0,62,10,19,34.5,MID,450050.0,exact,450050.0,2025-05-30,18000000.0,450050,1998-06-27,Haiti,2028-06-30,170.0,right,26.5160848733744,41.9185282522996,16.705882371415992,703.1027570119946,Peak,False,True,False,False,False,FRA,UEFA,False,False,False,False,False,True
Jude Bellingham,eng ENG,MF,Real Madrid,es La Liga,21.0,2003.0,31,29,2488,27.6,9,8,17,8,1,2,5,1,11.4,9.9,3.9,13.7,74,199,143,0.58,0.55,60,22,36.7,2.17,0.8,0.13,0.36,15.6,0,0.17,-2.4,-1.9,1333,1548,86.1,21413,4654,4.5,4.1,42,130,31,0,1490,48,21,22,19,18,11,1,0,0,0,10,27,105,3.8,85,1,5,8,3,3,13,0.47,61,33,20,27,14,42,66.7,14,37,2,35,28,89,23,1,1881,32,239,910,752,110,1879,75,41,54.7,28,37.3,1229,6054,2818,61,14,54,43,1542,80,72.7,84.0,19,2,28.0,0,2.19,61,33,28,1.01,-0.15,54.4,32.9,21.5,0.78,0,33,64,9,1,0,0,97,30,31,49.2,MID,581678.0,exact,581678.0,2025-06-09,180000000.0,581678,2003-06-29,England,2029-06-30,186.0,right,21.51129363449692,53.90932982917214,19.00846741441004,462.73575382954766,Emerging,False,False,True,False,False,ENG,UEFA,False,False,False,False,False,True
Fran Beltrán,es ESP,MF,Celta Vigo,es La Liga,25.0,1999.0,34,29,2421,26.9,2,1,3,2,0,0,3,0,1.0,1.0,1.8,2.8,28,152,29,0.11,0.1,23,4,17.4,0.86,0.15,0.09,0.5,23.1,0,0.04,1.0,1.0,1313,1482,88.6,23296,6476,1.8,-0.8,15,132,14,1,1428,50,46,7,14,5,2,1,0,1,0,4,16,43,1.6,38,0,1,4,0,0,4,0.15,50,35,24,21,5,56,42.9,32,26,6,20,26,76,34,4,1711,58,385,1088,246,14,1711,19,10,52.6,8,42.1,951,4555,2137,29,2,23,22,1209,71,70.8,79.0,15,5,28.0,4,1.59,37,39,-2,-0.07,-0.43,36.6,28.7,7.9,0.29,0,34,12,0,0,1,0,119,19,27,41.3,MID,423444.0,exact,423444.0,2025-06-09,8000000.0,423444,1999-02-03,Spain,2030-06-30,165.0,right,25.911019849418206,65.90013140604468,15.894952224644102,671.3809496369443,Developing,False,False,True,False,False,ESP,UEFA,False,False,False,False,False,True
Eliesse Ben Seghir,ma MAR,"MF,FW",Monaco,fr Ligue 1,19.0,2005.0,33,19,1750,19.4,6,3,9,4,2,2,0,0,5.5,4.1,5.2,9.3,85,122,170,0.36,0.55,58,19,32.8,2.98,0.98,0.07,0.21,20.9,3,0.07,0.5,-0.1,754,951,79.3,10638,3042,4.6,-2.2,33,71,45,4,885,64,12,14,3,52,8,34,18,11,0,2,18,77,3.96,57,7,1,8,4,0,7,0.36,31,22,12,12,7,32,56.3,14,20,0,20,13,44,4,0,1244,3,96,542,624,63,1242,96,35,36.5,55,57.3,843,5569,3024,83,25,59,35,988,53,57.2,75.0,6,14,23.0,1,1.76,31,23,8,0.41,-0.55,41.1,20.7,20.4,1.05,0,25,55,2,0,0,0,86,13,22,37.1,MID,810895.0,exact,810895.0,2025-06-03,28000000.0,810895,2005-02-16,Morocco,2030-06-30,178.0,right,19.874058863791923,65.90013140604468,17.147715103853763,394.9782157214663,Emerging,False,False,False,True,False,MAR,CAF,False,True,False,False,False,False
László Bénes,sk SVK,"MF,FW",Union Berlin,de Bundesliga,26.0,1997.0,23,3,589,6.5,2,1,3,2,0,0,4,0,0.9,0.9,1.0,1.9,6,28,34,0.46,0.29,19,7,36.8,2.9,1.07,0.11,0.29,22.1,2,0.05,1.1,1.1,223,330,67.6,4034,1485,1.4,0.0,19,23,11,6,273,56,27,1,1,48,6,22,9,12,0,1,7,30,4.58,17,12,0,1,0,0,1,0.15,2,2,1,1,0,3,33.3,2,5,1,4,3,5,9,0,400,1,53,189,160,13,400,5,1,20.0,4,80.0,207,788,352,7,3,8,5,247,26,19.2,72.0,1,20,19.0,7,1.13,5,9,-4,-0.61,-0.17,6.0,8.4,-2.4,-0.36,0,9,4,1,0,0,0,32,7,9,43.8,MID,243188.0,exact,243188.0,2025-06-05,3000000.0,243188,1997-09-09,Slovakia,2026-06-30,181.0,left,27.312799452429843,17.904073587385017,14.914123179965662,745.989013928652,Peak,True,False,False,False,False,SVK,UEFA,False,False,False,False,False,True
Ismaël Bennacer,dz ALG,MF,Milan,it Serie A,26.0,1997.0,6,4,300,3.3,0,0,0,0,0,0,2,0,0.1,0.1,0.1,0.2,8,23,12,0.0,0.07,3,2,66.7,0.9,0.6,0.0,0.0,31.1,0,0.03,-0.1,-0.1,197,221,89.1,3629,937,0.3,-0.1,4,22,4,1,210,11,7,0,5,6,1,3,2,0,0,0,1,12,3.6,9,2,1,0,0,0,1,0.3,5,4,1,3,1,7,14.3,6,5,3,2,3,8,1,0,249,7,48,151,50,1,249,10,9,90.0,1,10.0,156,971,406,4,0,3,3,199,50,8.8,53.0,0,2,45.0,2,1.5,3,3,0,0.0,-0.52,4.7,4.1,0.6,0.19,0,5,5,0,0,0,0,17,3,1,75.0,MID,351816.0,exact,351816.0,2025-06-03,15000000.0,351816,1997-12-01,Algeria,2026-06-30,175.0,left,27.085557837097877,17.904073587385017,16.52356082573315,733.6274433467743,Peak,False,False,False,False,True,ALG,CAF,False,True,False,False,False,False
Ismaël Bennacer,dz ALG,MF,Marseille,fr Ligue 1,26.0,1997.0,12,8,646,7.2,0,2,2,0,0,0,2,0,0.1,0.1,1.8,1.9,14,72,8,0.28,0.26,3,0,0.0,0.42,0.0,0.0,,24.9,0,0.03,-0.1,-0.1,737,810,91.0,11402,3119,1.5,0.2,13,83,13,2,765,41,18,3,1,28,1,22,12,10,0,4,7,25,3.48,17,4,2,1,0,1,4,0.56,21,10,8,12,1,18,66.7,6,6,0,6,10,31,2,1,870,7,105,578,195,1,870,11,7,63.6,4,36.4,552,2435,1141,24,1,7,14,722,54,21.1,65.0,0,4,32.0,1,1.83,14,8,6,0.84,0.05,12.3,5.6,6.7,0.93,0,19,11,0,0,0,0,50,2,4,33.3,MID,351816.0,exact,351816.0,2025-06-03,15000000.0,351816,1997-12-01,Algeria,2026-06-30,175.0,left,27.085557837097877,17.904073587385017,16.52356082573315,733.6274433467743,Peak,False,False,False,True,False,ALG,CAF,False,True,False,False,False,False
Nabil Bentaleb,dz ALG,MF,Lille,fr Ligue 1,29.0,1994.0,10,3,329,3.7,1,0,1,1,0,0,0,0,0.7,0.7,0.0,0.8,2,23,5,0.27,0.21,5,1,20.0,1.37,0.27,0.2,1.0,24.8,2,0.15,0.3,0.3,210,244,86.1,3946,1248,0.2,0.0,1,17,2,0,235,8,7,0,4,6,0,1,0,1,0,1,1,4,1.09,4,0,0,0,0,0,0,0.0,4,3,2,0,2,7,42.9,4,5,0,5,5,9,7,2,277,15,83,149,46,2,277,0,0,,0,,130,520,252,3,1,2,4,203,33,10.8,81.0,2,7,12.0,2,1.9,4,8,-4,-1.09,-1.75,5.7,7.5,-1.7,-0.48,0,3,1,0,0,0,0,20,3,3,50.0,MID,245537.0,exact,245537.0,2025-06-03,6000000.0,245537,1994-11-24,Algeria,2026-06-30,189.0,left,30.105407255304584,17.904073587385017,15.607270193858982,906.3355460077458,Declining,False,False,False,True,False,ALG,CAF,False,True,False,False,False,False
Rodrigo Bentancur,uy URU,MF,Tottenham,eng Premier League,27.0,1997.0,26,21,1645,18.3,2,0,2,2,0,0,9,0,1.3,1.3,0.4,1.7,28,100,34,0.11,0.1,22,5,22.7,1.2,0.27,0.09,0.4,17.4,0,0.06,0.7,0.7,946,1076,87.9,15392,3700,1.0,-0.4,10,109,13,2,1036,38,31,4,2,4,2,0,0,0,0,2,19,45,2.46,36,0,1,5,1,2,3,0.16,40,22,19,17,4,40,47.5,21,25,8,17,40,80,38,1,1302,76,323,774,216,24,1302,19,9,47.4,8,42.1,764,3568,1502,24,5,19,20,848,63,48.1,75.0,7,5,15.0,1,1.04,26,26,0,0.0,0.05,30.1,26.4,3.7,0.2,0,34,10,1,0,0,0,121,36,30,54.5,MID,354362.0,exact,354362.0,2025-05-30,30000000.0,354362,1997-06-25,Uruguay,2029-06-30,187.0,right,27.520876112251884,53.90932982917214,17.216707972959764,757.3986219859164,Peak,False,True,False,False,False,URU,CONMEBOL,False,False,False,True,False,False
Sander Berge,no NOR,MF,Fulham,eng Premier League,26.0,1998.0,31,26,2224,24.7,0,0,0,0,0,0,6,0,0.4,0.4,0.6,1.0,29,124,9,0.0,0.04,3,1,33.3,0.12,0.04,0.0,0.0,8.7,0,0.12,-0.4,-0.4,1091,1193,91.5,19377,4626,0.6,-0.6,18,116,5,0,1152,41,40,3,7,3,1,0,0,0,0,0,8,48,1.94,43,1,1,1,0,2,2,0.08,50,30,23,23,4,39,69.2,12,27,8,19,21,71,38,1,1384,81,374,799,217,14,1384,20,11,55.0,6,30.0,804,4467,2065,25,2,15,16,892,72,65.0,81.0,16,5,23.0,0,1.48,33,35,-2,-0.08,-0.23,29.9,30.2,-0.3,-0.01,0,31,10,0,0,0,0,126,28,22,56.0,MID,333014.0,exact,333014.0,2025-05-30,25000000.0,333014,1998-02-14,Norway,2029-06-30,195.0,right,26.88021902806297,53.90932982917214,17.034386422832473,722.5461749966386,Peak,False,True,False,False,False,NOR,UEFA,False,False,False,False,False,True
Lucas Bergvall,se SWE,MF,Tottenham,eng Premier League,18.0,2006.0,27,11,1212,13.5,0,1,1,0,0,0,3,0,0.7,0.7,0.6,1.3,33,49,31,0.07,0.09,12,2,16.7,0.89,0.15,0.0,0.0,19.9,0,0.06,-0.7,-0.7,629,720,87.4,10567,2202,0.8,0.4,11,53,7,3,675,44,21,0,8,21,10,8,5,2,0,1,11,22,1.63,16,4,0,2,0,0,4,0.3,39,19,14,20,5,32,53.1,15,18,8,10,24,63,22,3,885,36,188,478,232,22,885,45,21,46.7,20,44.4,531,3392,1634,21,4,20,19,586,45,35.4,81.0,6,16,20.0,7,1.11,29,25,4,0.3,0.5,20.9,24.4,-3.5,-0.26,0,20,17,0,0,0,0,73,9,8,52.9,MID,866246.0,exact,866246.0,2025-05-30,38000000.0,866246,2006-02-02,Sweden,2031-06-30,187.0,right,18.913073237508556,77.8909329829172,17.453096744006448,357.70433928736236,Emerging,False,True,False,False,False,SWE,UEFA,False,False,False,False,False,True
Medon Berisha,al ALB,MF,Lecce,it Serie A,20.0,2003.0,17,7,716,8.0,0,1,1,0,0,0,5,0,0.7,0.7,0.6,1.3,13,42,17,0.13,0.17,24,6,25.0,3.02,0.75,0.0,0.0,26.7,2,0.03,-0.7,-0.7,312,400,78.0,6425,2111,0.8,0.4,11,46,6,1,346,52,29,2,6,29,5,15,5,10,0,2,4,29,3.64,17,6,1,2,2,1,2,0.25,12,8,7,3,2,8,50.0,4,6,0,6,11,23,5,2,486,14,96,271,128,7,486,9,3,33.3,4,44.4,279,1600,877,7,3,10,1,315,42,20.9,67.0,1,10,25.0,5,0.59,7,10,-3,-0.38,0.55,7.8,7.9,-0.1,-0.01,0,16,11,0,0,0,0,36,7,7,50.0,MID,583046.0,exact,583046.0,2025-06-17,1500000.0,583046,2003-10-21,Albania,2028-06-30,186.0,right,21.19917864476386,41.9185282522996,14.220976332738882,449.40517521261216,Emerging,False,False,False,False,True,ALB,UEFA,False,False,False,False,False,True
Adrian Bernabe,es ESP,MF,Parma,it Serie A,23.0,2001.0,21,18,1453,16.1,1,1,2,1,0,0,1,0,1.3,1.3,1.1,2.4,37,115,20,0.12,0.15,27,5,18.5,1.67,0.31,0.04,0.2,26.2,7,0.05,-0.3,-0.3,823,984,83.6,15635,5378,1.5,-0.1,22,103,17,4,880,102,63,5,14,29,2,22,11,5,0,2,18,58,3.59,45,6,1,2,4,0,4,0.25,29,18,16,9,4,32,43.8,18,22,9,13,7,36,26,1,1140,40,253,655,247,8,1140,33,15,45.5,13,39.4,738,3703,2220,39,3,12,14,818,69,42.5,73.0,8,3,48.0,2,1.1,20,22,-2,-0.12,0.43,19.7,21.1,-1.4,-0.09,0,9,36,0,0,0,0,72,4,4,50.0,MID,466802.0,exact_accent_stripped,466802.0,2025-06-17,15000000.0,466802,2001-05-26,Spain,2027-06-30,170.0,left,23.603011635865844,29.894875164257556,16.52356082573315,557.1021582828184,Developing,False,False,False,False,True,ESP,UEFA,False,False,False,False,False,True
Juan Bernat,es ESP,"MF,DF",Getafe,es La Liga,31.0,1993.0,14,9,699,7.8,0,1,1,0,0,0,0,0,0.1,0.1,0.7,0.8,2,14,36,0.13,0.11,4,0,0.0,0.52,0.0,0.0,,22.1,0,0.03,-0.1,-0.1,142,198,71.7,1831,507,0.4,0.3,7,10,7,3,182,14,0,0,0,13,14,0,0,0,0,2,14,10,1.29,10,0,0,0,0,0,1,0.13,19,13,9,5,5,12,58.3,5,9,3,6,2,21,12,0,291,12,62,132,103,15,291,23,12,52.2,11,47.8,148,636,190,6,2,17,15,158,50,20.4,67.0,1,5,18.0,1,1.29,8,12,-4,-0.52,-0.48,9.2,12.7,-3.5,-0.45,0,11,6,1,0,0,0,26,11,13,45.8,MID,126719.0,exact,126719.0,2025-06-09,2000000.0,126719,1993-03-01,Spain,2026-06-30,170.0,left,31.838466803559207,17.904073587385017,14.508658238524095,1013.6879684013417,Declining,False,False,True,False,False,ESP,UEFA,False,False,False,False,False,True
Antoine Bernede,fr FRA,MF,Hellas Verona,it Serie A,25.0,1999.0,14,7,594,6.6,1,0,1,1,0,0,2,0,0.8,0.8,0.5,1.2,7,29,22,0.15,0.19,4,2,50.0,0.61,0.3,0.25,0.5,21.0,0,0.19,0.2,0.2,178,242,73.6,2975,1116,0.4,-0.5,10,25,6,1,231,11,2,0,3,13,4,4,2,2,0,0,10,22,3.33,16,2,1,1,0,2,1,0.15,15,8,4,9,2,16,62.5,6,6,1,5,5,20,3,0,297,4,47,171,83,3,297,4,2,50.0,2,50.0,156,753,282,6,1,14,6,179,42,17.4,60.0,0,7,24.0,1,0.79,2,13,-11,-1.67,-1.0,4.2,8.1,-3.9,-0.59,0,16,4,0,0,0,0,38,6,8,42.9,MID,395512.0,exact,395512.0,2025-06-17,2500000.0,395512,1999-05-26,France,2028-06-30,178.0,right,25.60438056125941,41.9185282522996,14.731801689838349,655.5843039257988,Developing,False,False,False,False,True,FRA,UEFA,False,False,False,False,False,True
Matúš Bero,sk SVK,MF,Bochum,de Bundesliga,28.0,1995.0,30,29,2565,28.5,5,2,7,5,0,1,11,0,4.0,3.0,3.7,6.7,29,143,111,0.25,0.27,31,12,38.7,1.09,0.42,0.16,0.42,17.0,1,0.1,1.0,2.0,894,1317,67.9,16045,6032,3.8,-1.7,54,104,35,4,1043,266,54,7,4,124,133,68,41,25,0,8,37,120,4.21,64,41,4,6,3,2,7,0.25,65,35,33,21,11,60,48.3,31,37,9,28,17,82,35,1,1619,58,257,747,637,56,1618,55,19,34.5,36,65.5,736,3206,1418,37,9,46,23,833,86,83.8,87.0,22,1,45.0,0,0.83,29,47,-18,-0.63,2.28,35.7,48.8,-13.0,-0.46,0,50,34,1,0,0,0,164,22,43,33.8,MID,204047.0,exact_accent_stripped,204047.0,2025-06-05,3000000.0,204047,1995-09-06,Slovakia,2026-06-30,181.0,right,29.322381930184804,17.904073587385017,14.914123179965662,859.8020820596283,Peak,True,False,False,False,False,SVK,UEFA,False,False,False,False,False,True
Alessandro Bianco,it ITA,MF,Monza,it Serie A,21.0,2002.0,34,29,2600,28.9,1,0,1,1,0,0,9,0,1.3,1.3,1.2,2.5,35,125,24,0.03,0.09,26,6,23.1,0.9,0.21,0.04,0.17,23.7,0,0.05,-0.3,-0.3,1314,1525,86.2,25818,6439,1.3,-1.2,18,139,16,3,1438,80,69,4,13,23,4,0,0,0,0,7,23,38,1.32,33,1,0,4,0,0,0,0.0,51,28,26,17,8,41,65.9,14,40,14,26,22,73,53,4,1818,97,535,1055,246,14,1818,41,17,41.5,19,46.3,1186,5758,2527,32,4,40,24,1289,76,76.0,84.0,17,5,30.0,1,0.47,19,60,-41,-1.42,-1.42,22.9,44.9,-21.9,-0.76,0,43,55,3,0,1,0,122,16,28,36.4,MID,602124.0,exact,602124.0,2025-06-17,5000000.0,602124,2002-10-01,Italy,2026-06-30,173.0,right,22.253251197809718,17.904073587385017,15.424948670398354,495.20718887281964,Developing,False,False,False,False,True,ITA,UEFA,False,False,False,False,False,True
Tom Bischof,de GER,"MF,FW",Hoffenheim,de Bundesliga,19.0,2005.0,31,30,2559,28.4,5,2,7,5,0,0,5,0,2.2,2.2,3.6,5.9,47,138,102,0.25,0.21,51,18,35.3,1.79,0.63,0.1,0.28,23.1,5,0.04,2.8,2.8,1210,1537,78.7,20642,6105,4.8,-1.6,50,110,39,10,1344,186,67,3,6,145,13,97,35,42,3,7,54,117,4.12,67,32,4,8,4,2,7,0.25,95,53,36,45,14,77,51.9,37,66,11,55,30,125,53,1,1951,76,376,957,634,46,1951,64,29,45.3,32,50.0,962,4689,2092,34,9,41,38,1146,83,83.6,85.0,19,1,15.0,0,0.94,35,52,-17,-0.6,0.3,35.0,41.9,-7.0,-0.24,0,45,33,1,0,0,0,156,14,19,42.4,MID,822959.0,exact,822959.0,2025-06-05,30000000.0,822959,2005-06-28,Germany,2029-06-30,176.0,left,19.512662559890487,53.90932982917214,17.216707972959764,380.744000176152,Emerging,True,False,False,False,False,GER,UEFA,False,False,False,False,False,True
Yves Bissouma,ml MLI,MF,Tottenham,eng Premier League,27.0,1996.0,28,16,1408,15.6,2,0,2,2,0,0,7,0,0.6,0.6,0.3,0.9,15,75,3,0.13,0.06,11,4,36.4,0.7,0.26,0.18,0.5,23.4,0,0.06,1.4,1.4,755,852,88.6,11376,2858,0.6,-0.3,6,61,10,1,807,42,41,2,2,2,1,0,0,0,0,3,10,16,1.02,15,0,0,0,0,1,0,0.0,49,31,20,25,4,34,55.9,15,11,6,5,18,67,40,4,1039,71,304,584,159,5,1039,22,7,31.8,15,68.2,610,3602,1611,17,0,25,15,704,50,41.2,72.0,4,12,21.0,6,1.11,28,28,0,0.0,0.04,22.0,27.5,-5.5,-0.35,0,28,18,0,0,2,0,85,7,7,50.0,MID,410425.0,exact,410425.0,2025-05-30,25000000.0,410425,1996-08-30,Mali,2026-06-30,182.0,right,28.33949349760438,17.904073587385017,17.034386422832473,803.1268917007609,Peak,False,True,False,False,False,MLI,CAF,False,True,False,False,False,False
Leonardo Bittencourt,de GER,MF,Werder Bremen,de Bundesliga,30.0,1993.0,27,10,982,10.9,2,1,3,2,0,0,3,0,1.6,1.6,1.6,3.2,19,64,38,0.27,0.29,27,9,33.3,2.47,0.82,0.07,0.22,21.6,1,0.06,0.4,0.4,571,680,84.0,8963,2057,1.9,-0.6,14,56,14,2,659,19,9,2,3,22,3,7,4,3,0,2,10,39,3.57,28,2,0,4,4,1,5,0.46,25,9,15,7,3,18,33.3,12,8,0,8,15,40,11,0,801,8,148,455,205,20,801,5,1,20.0,3,60.0,530,2429,992,13,2,12,2,583,36,32.1,70.0,2,17,17.0,4,1.41,18,26,-8,-0.73,-0.95,19.1,16.1,3.0,0.28,0,15,19,2,0,0,0,44,5,15,25.0,MID,93844.0,exact,93844.0,2025-06-05,1500000.0,93844,1993-12-19,Germany,2026-06-30,171.0,right,31.0362765229295,17.904073587385017,14.220976332738882,963.250460407745,Declining,True,False,False,False,False,GER,UEFA,False,False,False,False,False,True
Antonio Blanco,es ESP,MF,Alavés,es La Liga,24.0,2000.0,35,32,2727,30.3,0,1,1,0,0,0,11,1,0.8,0.8,1.6,2.4,13,146,19,0.03,0.08,25,3,12.0,0.83,0.1,0.0,0.0,27.1,0,0.03,-0.8,-0.8,1013,1278,79.3,18498,6593,1.8,-0.6,15,142,19,9,1207,63,53,5,23,29,7,0,0,0,0,8,24,45,1.49,38,3,0,1,1,2,1,0.03,67,40,23,37,7,83,38.6,51,30,7,23,42,109,48,1,1543,63,353,991,216,6,1543,21,15,71.4,6,28.6,762,3175,1407,17,0,29,26,889,78,79.7,83.0,19,3,19.0,1,1.14,24,39,-15,-0.5,-1.14,33.4,37.4,-4.0,-0.13,1,66,27,0,0,0,0,164,28,35,44.4,MID,495621.0,exact,495621.0,2025-06-09,10000000.0,495621,2000-07-23,Spain,2027-06-30,176.0,right,24.4435318275154,29.894875164257556,16.118095750958314,597.4862482027584,Developing,False,False,True,False,False,ESP,UEFA,False,False,False,False,False,True
Ludovic Blas,fr FRA,"MF,FW",Rennes,fr Ligue 1,26.0,1997.0,29,26,2293,25.5,6,8,14,6,0,0,6,0,5.0,5.0,4.6,9.6,83,116,184,0.55,0.38,57,26,45.6,2.24,1.02,0.11,0.23,17.7,2,0.09,1.0,1.0,693,938,73.9,12028,3413,5.4,3.4,47,76,33,9,817,119,45,8,21,124,6,64,42,14,0,2,20,107,4.2,60,24,6,7,4,6,16,0.63,38,25,9,12,17,42,54.8,19,16,2,14,13,51,11,0,1262,11,134,535,612,105,1262,116,44,37.9,67,57.8,781,4961,2376,46,31,71,46,919,79,74.9,85.0,15,3,25.0,0,1.1,37,37,0,0.0,-0.12,32.5,36.8,-4.3,-0.17,0,31,54,1,1,0,0,88,11,37,22.9,MID,288225.0,exact,288225.0,2025-06-03,18000000.0,288225,1997-12-31,France,2027-06-30,180.0,left,27.003422313483917,29.894875164257556,16.705882371415992,729.1848166403611,Peak,False,False,False,True,False,FRA,UEFA,False,False,False,False,False,True
Jeremie Boga,ci CIV,"MF,FW",Nice,fr Ligue 1,27.0,1997.0,21,12,1054,11.7,1,2,3,1,0,0,0,0,2.3,2.3,2.8,5.1,64,39,75,0.26,0.44,30,16,53.3,2.56,1.37,0.03,0.06,17.0,2,0.08,-1.3,-1.3,329,398,82.7,4487,1003,3.2,-0.8,24,11,18,4,380,15,2,0,2,21,2,10,7,1,0,3,13,51,4.36,32,5,4,6,4,0,3,0.26,10,5,2,5,3,8,50.0,4,13,0,13,3,13,2,1,529,5,65,204,268,57,529,64,25,39.1,32,50.0,338,3010,1837,37,24,18,17,408,50,34.4,77.0,3,9,15.0,3,1.71,16,21,-5,-0.43,-1.77,18.2,14.6,3.6,0.31,0,1,17,5,0,0,0,44,3,4,42.9,MID,216569.0,exact_accent_stripped,216569.0,2025-06-03,10000000.0,216569,1997-01-03,Cote d'Ivoire,2026-06-30,172.0,right,27.994524298425734,17.904073587385017,16.118095750958314,783.6933906951489,Peak,False,False,False,True,False,CIV,CAF,False,True,False,False,False,False
Warren Bondo,fr FRA,MF,Monza,it Serie A,20.0,2003.0,20,19,1618,18.0,0,0,0,0,0,0,5,1,0.4,0.4,0.3,0.7,25,39,21,0.0,0.04,13,1,7.7,0.72,0.06,0.0,0.0,25.9,0,0.03,-0.4,-0.4,547,615,88.9,8867,1641,0.5,-0.3,5,35,7,2,595,19,14,0,4,7,3,0,0,0,0,1,9,26,1.45,20,0,2,0,4,0,1,0.06,35,24,19,12,4,19,68.4,6,16,6,10,5,40,8,4,741,27,179,440,140,7,741,40,20,50.0,12,30.0,511,3240,1464,19,2,20,30,521,81,47.3,85.0,13,1,10.0,0,0.65,18,25,-7,-0.39,1.31,17.0,22.8,-5.9,-0.33,1,31,36,1,0,0,0,91,5,8,38.5,MID,659516.0,exact,659516.0,2025-06-17,10000000.0,659516,2003-09-15,France,2026-06-30,177.0,right,21.297741273100616,17.904073587385017,16.118095750958314,453.59378333593344,Emerging,False,False,False,False,True,FRA,UEFA,False,False,False,False,False,True
Ayyoub Bouaddi,fr FRA,MF,Lille,fr Ligue 1,16.0,2007.0,24,11,1151,12.8,0,1,1,0,0,0,2,0,0.1,0.1,1.0,1.1,11,37,26,0.08,0.08,3,1,33.3,0.23,0.08,0.0,0.0,19.3,0,0.04,-0.1,-0.1,487,555,87.7,8241,1609,1.2,0.0,5,36,1,0,547,7,4,1,2,3,3,0,0,0,0,1,13,14,1.1,12,0,1,0,1,0,2,0.16,50,31,21,21,8,32,59.4,13,12,3,9,10,60,12,1,703,30,149,378,181,14,703,29,14,48.3,14,48.3,383,1829,682,9,3,34,15,474,48,37.6,80.0,3,13,21.0,10,1.88,20,10,10,0.78,0.5,23.2,13.1,10.1,0.79,0,18,9,0,0,0,0,62,9,9,50.0,MID,1097139.0,exact,1097139.0,2025-06-03,28000000.0,1097139,2007-10-02,Morocco,2029-06-30,185.0,right,17.251197809719372,53.90932982917214,17.147715103853763,297.60382587006643,Emerging,False,False,False,True,False,FRA,UEFA,False,False,False,False,False,True
Badredine Bouanani,dz ALG,"MF,FW",Nice,fr Ligue 1,19.0,2004.0,26,11,1099,12.2,3,3,6,2,1,1,2,0,2.7,1.9,2.4,4.3,47,44,93,0.41,0.42,30,14,46.7,2.46,1.15,0.07,0.14,20.3,1,0.06,0.3,0.1,330,430,76.7,4881,1113,2.2,0.6,20,19,14,2,398,28,13,7,1,33,4,8,2,2,0,4,11,47,3.85,34,3,3,3,2,2,9,0.74,11,4,4,4,3,18,33.3,12,16,3,13,11,22,4,0,571,4,53,228,299,43,570,36,14,38.9,19,52.8,362,2436,1372,33,15,24,18,425,42,35.9,76.0,2,15,17.0,5,1.65,25,13,12,0.98,0.39,24.5,15.3,9.2,0.75,0,13,17,2,0,0,0,44,2,16,11.1,MID,707242.0,exact,707242.0,2025-06-03,7000000.0,707242,2004-12-08,Algeria,2030-06-30,177.0,left,20.06570841889117,65.90013140604468,15.76142084987672,402.63265435195996,Emerging,False,False,False,True,False,ALG,CAF,False,True,False,False,False,False
Benjamin Bouchouari,ma MAR,MF,Saint-Étienne,fr Ligue 1,22.0,2001.0,25,20,1772,19.7,1,0,1,1,0,0,6,0,0.6,0.6,0.9,1.5,48,133,54,0.05,0.08,16,3,18.8,0.81,0.15,0.06,0.33,23.6,0,0.04,0.4,0.4,902,1040,86.7,12685,4370,1.4,-0.9,16,123,24,1,1022,16,8,6,3,9,7,1,0,1,0,2,15,52,2.71,44,0,2,3,2,1,3,0.16,33,27,15,13,5,46,34.8,30,21,1,20,17,50,15,2,1233,26,219,644,386,14,1233,53,27,50.9,24,45.3,733,3593,1970,23,6,34,26,953,71,57.9,82.0,12,5,26.0,2,0.8,24,46,-22,-1.12,0.0,20.9,45.0,-24.1,-1.26,0,15,42,0,0,1,0,119,6,17,26.1,MID,783094.0,exact,783094.0,2025-06-03,5000000.0,783094,2001-11-13,Morocco,2028-06-30,165.0,right,23.134839151266256,41.9185282522996,15.424948670398354,535.2207825549619,Developing,False,False,False,True,False,MAR,CAF,False,True,False,False,False,False
Hicham Boudaoui,dz ALG,MF,Nice,fr Ligue 1,24.0,1999.0,29,27,2435,27.1,2,3,5,2,0,0,9,0,2.7,2.7,3.0,5.8,54,124,75,0.18,0.21,39,18,46.2,1.44,0.67,0.05,0.11,19.1,0,0.07,-0.7,-0.7,943,1134,83.2,14602,4144,2.8,0.0,22,76,32,3,1104,26,24,12,5,17,1,0,0,0,0,4,27,65,2.4,53,1,1,5,3,2,7,0.26,76,52,28,37,11,53,58.5,22,40,11,29,22,98,45,1,1467,75,312,806,377,45,1467,65,25,38.5,34,52.3,770,4519,2308,45,7,38,26,943,84,79.6,88.0,20,2,27.0,0,1.72,48,32,16,0.59,-0.7,46.9,31.7,15.1,0.56,0,41,51,3,1,0,0,175,16,34,32.0,MID,560593.0,exact,560593.0,2025-06-03,15000000.0,560593,1999-09-23,Algeria,2027-06-30,175.0,right,25.27583846680356,29.894875164257556,16.52356082573315,638.8680101999465,Developing,False,False,False,True,False,ALG,CAF,False,True,False,False,False,False
Carlo Boukhalfa,ma MAR,MF,St. Pauli,de Bundesliga,25.0,1999.0,25,19,1646,18.3,2,0,2,2,0,0,1,0,1.5,1.5,1.1,2.6,10,41,44,0.11,0.14,21,4,19.0,1.15,0.22,0.1,0.5,16.6,0,0.07,0.5,0.5,333,467,71.3,4368,1306,1.1,-1.1,11,27,7,2,460,4,3,2,1,10,0,0,0,0,0,3,15,36,1.97,25,0,1,6,3,1,2,0.11,26,11,7,17,2,19,36.8,12,22,3,19,12,38,25,1,651,28,118,315,222,29,651,28,12,42.9,16,57.1,290,1281,486,9,3,31,20,393,66,53.8,81.0,5,6,19.0,7,1.08,15,20,-5,-0.27,0.24,18.2,24.3,-6.1,-0.33,0,18,17,2,0,0,0,60,23,42,35.4,MID,329373.0,exact,329373.0,2025-06-05,2000000.0,329373,1999-05-03,Germany,2029-06-30,186.0,left,25.66735112936345,53.90932982917214,14.508658238524095,658.8129139980351,Developing,True,False,False,False,False,MAR,CAF,False,True,False,False,False,False
Edoardo Bove,it ITA,"MF,FW",Fiorentina,it Serie A,22.0,2002.0,11,10,836,9.3,1,2,3,1,0,0,3,0,0.6,0.6,1.5,2.1,12,37,24,0.32,0.22,7,2,28.6,0.75,0.22,0.14,0.5,14.6,0,0.08,0.4,0.4,282,344,82.0,4672,1058,0.8,0.5,11,18,4,0,321,19,15,1,3,2,3,1,0,0,0,4,13,31,3.27,24,1,1,1,3,1,7,0.74,24,17,7,14,3,28,50.0,14,12,0,12,6,30,8,0,437,12,80,244,117,21,437,16,7,43.8,7,43.8,251,1288,531,19,2,13,11,286,76,24.5,80.0,5,1,33.0,0,2.17,21,7,14,1.51,1.33,15.4,8.5,6.9,0.73,0,15,21,0,1,0,0,45,11,15,42.3,MID,562049.0,exact,562049.0,2025-06-17,5000000.0,562049,2002-05-16,Italy,2031-06-30,181.0,right,22.63107460643395,77.8909329829172,15.424948670398354,512.1655378419795,Developing,False,False,False,False,True,ITA,UEFA,False,False,False,False,False,True
Julian Brandt,de GER,MF,Dortmund,de Bundesliga,28.0,1996.0,30,28,2303,25.6,5,10,15,5,0,0,1,0,4.8,4.8,8.5,13.2,61,149,199,0.59,0.52,45,15,33.3,1.76,0.59,0.11,0.33,18.5,6,0.11,0.2,0.2,953,1209,78.8,14633,3911,6.6,1.5,61,94,48,6,1157,48,7,18,3,71,18,20,11,6,0,4,30,102,3.99,89,6,2,5,0,0,14,0.55,26,11,13,8,5,43,34.9,28,17,0,17,14,40,13,1,1455,13,155,671,645,81,1455,54,19,35.2,32,59.3,869,4116,2014,48,17,48,36,1097,77,75.3,82.0,10,2,10.0,0,1.7,49,40,9,0.35,-0.96,45.2,32.4,12.8,0.5,0,8,9,5,0,0,0,119,11,29,27.5,MID,187492.0,exact,187492.0,2025-06-05,25000000.0,187492,1996-05-02,Germany,2026-06-30,185.0,right,28.66803559206023,17.904073587385017,17.034386422832473,821.8562647076322,Peak,True,False,False,False,False,GER,UEFA,False,False,False,False,False,True
Darko Brašanac,rs SRB,MF,Leganés,es La Liga,32.0,1992.0,30,15,1617,18.0,1,2,3,1,0,0,4,0,1.8,1.8,0.4,2.2,6,43,53,0.17,0.12,12,3,25.0,0.67,0.17,0.08,0.33,13.1,0,0.15,-0.8,-0.8,380,502,75.7,5339,1356,0.5,1.6,9,28,2,0,482,19,1,1,1,11,3,0,0,0,0,1,20,34,1.89,28,0,1,3,2,0,2,0.11,26,11,5,15,6,17,52.9,8,24,11,13,16,42,34,0,672,49,169,307,197,28,672,7,2,28.6,5,71.4,268,987,414,12,1,16,9,356,54,47.3,80.0,5,15,28.0,5,1.17,18,29,-11,-0.61,-0.31,16.5,30.7,-14.2,-0.79,0,38,13,4,1,0,0,61,20,38,34.5,MID,95641.0,exact_accent_stripped,95641.0,2025-06-09,500000.0,95641,1992-02-12,Serbia,2026-06-30,178.0,right,32.8870636550308,17.904073587385017,13.122365377402328,1081.5589558500478,Declining,False,False,True,False,False,SRB,UEFA,False,False,False,False,False,True
Matthias Braunöder,at AUT,MF,Como,it Serie A,22.0,2002.0,8,3,268,3.0,0,0,0,0,0,0,3,1,0.1,0.1,0.0,0.1,2,18,0,0.0,0.03,2,0,0.0,0.67,0.0,0.0,,24.8,0,0.05,-0.1,-0.1,128,146,87.7,2154,616,0.0,0.0,0,13,0,0,143,3,3,0,0,0,0,0,0,0,0,0,1,4,1.34,2,0,0,1,1,0,0,0.0,10,4,6,3,1,11,63.6,4,3,0,3,2,12,4,1,175,4,43,108,25,3,175,4,1,25.0,2,50.0,88,362,187,4,1,3,2,112,34,7.8,65.0,1,5,14.0,28,0.75,1,9,-8,-2.69,-2.83,2.1,4.8,-2.7,-0.92,1,10,5,0,0,0,0,8,1,4,20.0,MID,488052.0,exact,488052.0,2025-06-17,1400000.0,488052,2002-03-27,Austria,2026-06-30,174.0,right,22.767967145790553,17.904073587385017,14.151983508870947,518.380327951798,Developing,False,False,False,False,True,AUT,UEFA,False,False,False,False,False,True
Brenner,br BRA,"MF,FW",Udinese,it Serie A,24.0,2000.0,9,5,386,4.3,1,2,3,1,0,0,0,0,0.6,0.6,0.5,1.1,5,7,16,0.7,0.26,7,4,57.1,1.63,0.93,0.14,0.25,19.8,0,0.09,0.4,0.4,87,114,76.3,1480,357,0.1,1.5,5,5,1,1,100,13,6,1,1,11,1,6,3,3,0,1,3,11,2.56,8,3,0,0,0,0,1,0.23,6,4,2,3,1,8,37.5,5,4,0,4,1,7,6,0,151,5,28,74,53,6,151,5,3,60.0,2,40.0,94,502,210,4,1,5,9,107,43,11.3,70.0,1,4,9.0,10,1.56,5,4,1,0.23,0.71,3.8,6.9,-3.1,-0.73,0,0,5,0,0,0,0,16,2,3,40.0,MID,412366.0,exact,412366.0,2025-06-17,4000000.0,412366,2000-01-16,Brazil,2029-12-31,175.0,right,24.960985626283367,59.95400788436268,15.201805169084134,623.0508034355248,Developing,False,False,False,False,True,BRA,CONMEBOL,False,False,False,True,False,False
Marco Brescianini,it ITA,MF,Atalanta,it Serie A,24.0,2000.0,29,9,991,11.0,4,2,6,4,0,0,1,0,3.1,3.1,1.0,4.1,46,36,69,0.54,0.37,20,8,40.0,1.82,0.73,0.2,0.5,13.4,0,0.16,0.9,0.9,334,420,79.5,4756,1060,0.7,1.0,7,27,9,2,410,9,2,4,2,18,5,2,1,0,0,1,14,26,2.37,22,0,2,2,0,0,6,0.55,18,11,5,9,4,10,80.0,2,15,2,13,2,20,6,0,547,8,68,261,226,38,547,26,8,30.8,15,57.7,355,2337,1219,30,13,28,19,417,34,29.0,63.0,1,20,21.0,5,1.83,23,14,9,0.82,-0.37,17.7,13.7,4.0,0.37,0,22,9,2,0,0,0,50,12,10,54.5,MID,459128.0,exact,459128.0,2025-06-17,8000000.0,459128,2000-01-20,Italy,2026-06-30,188.0,left,24.95003422313484,17.904073587385017,15.894952224644102,622.5042077355997,Developing,False,False,False,False,True,ITA,UEFA,False,False,False,False,False,True
Nathan Broadhead,wls WAL,"MF,FW",Ipswich Town,eng Premier League,26.0,1998.0,18,7,702,7.8,2,0,2,2,0,0,1,0,1.7,1.7,0.7,2.4,20,14,33,0.26,0.31,13,8,61.5,1.67,1.03,0.15,0.25,15.8,0,0.13,0.3,0.3,178,228,78.1,2473,457,1.1,-0.7,7,12,6,0,218,10,0,3,1,9,2,3,3,0,0,0,11,22,2.82,15,0,6,1,0,0,2,0.26,9,4,3,6,0,12,25.0,9,8,1,7,4,13,5,0,317,7,41,161,126,21,317,34,17,50.0,15,44.1,174,1238,584,16,5,19,15,222,39,20.5,74.0,1,11,17.0,7,0.44,12,12,0,0.0,1.52,9.1,11.6,-2.5,-0.32,0,4,13,2,0,0,0,32,1,10,9.1,MID,344009.0,exact,344009.0,2025-05-30,4500000.0,344009,1998-04-05,Wales,2029-06-30,178.0,right,26.743326488706366,53.90932982917214,15.319588176962746,715.2055116815435,Peak,False,True,False,False,False,WAL,UEFA,False,False,False,False,False,True
Jacob Bruun Larsen,dk DEN,"MF,FW",Stuttgart,de Bundesliga,25.0,1998.0,15,3,414,4.6,1,0,1,1,0,0,1,0,0.6,0.6,1.2,1.8,19,19,40,0.22,0.39,6,3,50.0,1.3,0.65,0.17,0.33,16.2,0,0.1,0.4,0.4,115,163,70.6,1895,554,1.6,-1.2,11,8,17,6,154,8,1,2,3,18,2,5,3,1,0,1,6,19,4.12,14,1,1,3,0,0,0,0.0,1,1,1,0,0,2,0.0,2,7,0,7,1,2,4,1,215,3,22,78,116,27,215,22,10,45.5,10,45.5,127,881,425,5,10,11,3,148,28,13.5,70.0,0,12,17.0,2,1.4,8,8,0,0.0,-0.37,9.5,6.1,3.3,0.72,0,2,2,6,0,0,0,11,3,6,33.3,MID,293281.0,exact,293281.0,2025-06-05,5000000.0,293281,1998-09-19,Denmark,2029-06-30,183.0,right,26.286105407255306,53.90932982917214,15.424948670398354,690.9593374813367,Peak,True,False,False,False,False,DEN,UEFA,False,False,False,False,False,True
Tajon Buchanan,ca CAN,MF,Villarreal,es La Liga,25.0,1999.0,13,4,416,4.6,1,2,3,1,0,0,2,0,0.9,0.9,0.5,1.4,19,5,45,0.65,0.31,7,2,28.6,1.51,0.43,0.14,0.5,18.6,0,0.13,0.1,0.1,106,144,73.6,1431,338,0.5,1.5,5,2,4,1,136,7,1,0,0,16,6,0,0,0,0,1,4,13,2.8,9,1,1,1,1,0,2,0.43,10,5,6,4,0,9,66.7,3,6,0,6,1,11,1,0,223,2,41,69,119,25,223,22,10,45.5,7,31.8,133,973,499,9,6,18,7,138,32,12.2,65.0,0,9,17.0,1,2.0,9,8,1,0.22,-0.35,8.2,7.9,0.3,0.06,0,12,20,5,0,0,0,26,3,3,50.0,MID,638793.0,exact,638793.0,2025-06-09,6000000.0,638793,1999-02-08,Canada,2030-06-30,183.0,right,25.897330595482547,65.90013140604468,15.607270193858982,670.6717319717164,Developing,False,False,True,False,False,CAN,CONCACAF,False,False,True,False,False,False
Gianluca Busio,us USA,MF,Venezia,it Serie A,22.0,2002.0,33,28,2518,28.0,2,0,2,2,0,0,4,0,2.4,2.4,1.6,4.0,60,95,135,0.07,0.14,36,7,19.4,1.29,0.25,0.06,0.29,17.7,0,0.07,-0.4,-0.4,696,917,75.9,10896,2655,1.8,-1.6,28,46,25,4,895,19,9,3,8,29,5,1,1,0,0,3,39,65,2.33,54,0,1,5,5,0,2,0.07,46,31,24,12,10,47,42.6,27,36,8,28,19,65,52,0,1250,58,217,635,417,56,1250,48,15,31.3,28,58.3,747,4377,2249,57,5,54,32,842,76,73.6,85.0,16,5,29.0,1,0.82,25,45,-20,-0.71,-0.32,26.4,42.3,-16.0,-0.57,0,26,44,4,1,0,0,107,32,34,48.5,MID,504209.0,exact,504209.0,2025-06-17,6000000.0,504209,2002-05-28,United States,2028-06-30,172.0,right,22.598220396988363,41.9185282522996,15.607270193858982,510.6795651108609,Developing,False,False,False,False,True,USA,CONCACAF,False,False,True,False,False,False
Liberato Cacace,nz NZL,"MF,DF",Empoli,it Serie A,23.0,2000.0,33,24,2230,24.8,2,4,6,2,0,0,6,0,2.6,2.6,1.7,4.3,53,70,97,0.24,0.17,29,9,31.0,1.17,0.36,0.07,0.22,17.4,2,0.09,-0.6,-0.6,619,912,67.9,10590,4309,1.5,2.3,25,54,18,6,730,176,25,1,5,102,67,54,16,22,0,6,32,54,2.18,33,14,4,2,1,0,4,0.16,37,25,20,13,4,31,71.0,9,26,9,17,22,59,59,0,1187,81,343,485,381,56,1187,51,14,27.5,34,66.7,542,3590,1884,34,7,40,21,635,68,65.2,86.0,16,9,20.0,4,0.85,20,46,-26,-1.05,-1.05,21.1,35.5,-14.4,-0.58,0,27,17,5,0,0,0,98,41,51,44.6,MID,469211.0,exact,469211.0,2025-06-17,3000000.0,469211,2000-09-27,New Zealand,2028-06-30,182.0,left,24.262833675564682,41.9185282522996,14.914123179965662,588.6850979681155,Developing,False,False,False,False,True,NZL,OFC,False,False,False,False,True,False
Mathieu Cafaro,fr FRA,"MF,FW",Saint-Étienne,fr Ligue 1,27.0,1997.0,15,9,732,8.1,1,0,1,1,0,0,3,1,1.5,1.5,1.3,2.8,19,16,51,0.12,0.34,23,10,43.5,2.83,1.23,0.04,0.1,20.3,2,0.06,-0.5,-0.5,172,239,72.0,2760,750,1.3,-1.3,13,12,9,4,210,29,6,2,1,27,6,17,5,8,0,0,5,25,3.07,17,5,1,1,1,0,2,0.25,10,7,4,4,2,15,26.7,11,7,1,6,7,17,3,0,324,5,61,112,153,27,324,17,7,41.2,9,52.9,169,1138,529,8,7,16,10,225,49,23.9,67.0,2,6,21.0,1,1.13,5,20,-15,-1.84,-0.96,8.3,18.2,-9.9,-1.21,0,11,14,3,0,1,0,30,3,4,42.9,MID,399383.0,exact,399383.0,2025-06-02,2500000.0,399383,1997-03-25,France,2027-06-30,175.0,right,27.772758384668034,29.894875164257556,14.731801689838349,771.3261082931485,Peak,False,False,False,True,False,FRA,UEFA,False,False,False,False,False,True
Moisés Caicedo,ec ECU,"MF,DF",Chelsea,eng Premier League,22.0,2001.0,38,38,3351,37.2,1,2,3,1,0,0,11,0,0.8,0.8,3.0,3.8,43,215,37,0.08,0.1,20,3,15.0,0.54,0.08,0.05,0.33,25.3,0,0.04,0.2,0.2,1967,2194,89.7,33834,8949,2.8,-1.0,30,235,34,2,2116,74,47,12,13,10,27,0,0,0,0,4,20,98,2.63,86,0,2,0,3,7,9,0.24,114,73,44,54,16,86,62.8,32,49,10,39,49,163,60,1,2579,95,562,1570,476,15,2579,64,29,45.3,22,34.4,1409,6882,3384,38,2,37,25,1780,88,98.0,88.0,33,0,,0,1.82,62,42,20,0.54,-0.77,66.9,45.3,21.6,0.58,0,70,58,0,2,1,0,229,35,16,68.6,MID,687626.0,exact,687626.0,2025-05-30,90000000.0,687626,2001-11-02,Ecuador,2033-06-30,178.0,right,23.16495550992471,101.9053876478318,18.31532023940565,536.6151637767912,Developing,False,True,False,False,False,ECU,CONMEBOL,False,False,False,True,False,False
Tom Cairney,sct SCO,MF,Fulham,eng Premier League,33.0,1991.0,25,3,628,7.0,2,0,2,2,0,0,3,1,0.8,0.8,1.1,1.8,18,53,33,0.29,0.26,11,4,36.4,1.58,0.57,0.18,0.5,20.4,2,0.07,1.2,1.2,569,627,90.7,9151,1910,1.2,-1.1,11,53,7,3,602,25,11,0,2,20,1,8,3,3,0,0,8,33,4.71,28,2,0,2,1,0,3,0.43,13,5,5,2,6,7,57.1,3,7,1,6,4,17,3,1,683,12,123,347,223,18,683,13,5,38.5,4,30.8,456,2179,1047,17,4,6,4,553,25,18.4,70.0,0,22,19.0,10,1.2,15,12,3,0.43,0.53,10.3,9.7,0.6,0.09,0,8,19,0,0,0,0,52,5,9,35.7,MID,123275.0,exact,123275.0,2025-05-30,1500000.0,123275,1991-01-20,Scotland,2027-06-30,185.0,left,33.949349760438054,29.894875164257556,14.220976332738882,1152.5583491565553,Declining,False,True,False,False,False,SCO,UEFA,False,False,False,False,False,True
Jens Cajuste,se SWE,MF,Ipswich Town,eng Premier League,24.0,1999.0,30,25,1959,21.8,1,1,2,1,0,0,2,0,0.7,0.7,0.8,1.5,26,59,20,0.09,0.07,12,1,8.3,0.55,0.05,0.08,1.0,19.7,0,0.05,0.3,0.3,647,783,82.6,10596,2229,0.7,0.2,13,51,6,1,719,64,23,1,5,10,41,0,0,0,0,0,12,36,1.65,28,2,4,0,1,1,2,0.09,44,22,19,23,2,49,42.9,28,25,10,15,28,72,33,2,1017,61,286,530,217,15,1017,53,28,52.8,19,35.8,481,2609,1329,23,3,23,17,594,65,57.3,76.0,3,5,14.0,3,0.67,24,46,-22,-1.01,0.47,23.3,43.1,-19.8,-0.91,0,24,22,0,0,0,0,107,13,22,37.1,MID,468066.0,exact,468066.0,2025-05-30,12000000.0,468066,1999-08-10,Sweden,2026-06-30,188.0,right,25.39630390143737,17.904073587385017,16.300417291085605,644.972251854163,Developing,False,True,False,False,False,SWE,UEFA,False,False,False,False,False,True
Hakan Çalhanoğlu,tr TUR,MF,Inter,it Serie A,30.0,1994.0,28,25,1879,20.9,5,6,11,2,3,4,5,0,4.4,1.3,5.6,6.9,52,173,51,0.38,0.46,41,12,29.3,1.96,0.57,0.05,0.17,27.2,6,0.03,0.6,0.7,1464,1690,86.6,27437,8326,5.6,0.4,49,144,28,11,1532,155,62,7,17,112,4,88,30,47,1,3,12,99,4.58,58,33,1,5,0,2,14,0.65,43,22,7,23,13,36,58.3,15,17,8,9,17,60,24,0,1881,45,380,1010,500,23,1877,7,3,42.9,4,57.1,1150,5984,3106,53,6,21,9,1353,67,55.0,72.0,6,3,25.0,1,2.07,46,18,28,1.34,0.41,38.0,20.8,17.2,0.79,0,20,13,0,0,1,0,110,16,18,47.1,MID,126414.0,exact,126414.0,2025-06-17,30000000.0,126414,1994-02-08,Türkiye,2027-06-30,178.0,right,30.89664613278576,29.894875164257556,17.216707972959764,954.6027422545853,Declining,False,False,False,False,True,TUR,UEFA,False,False,False,False,False,True
Drissa Camara,ci CIV,"MF,FW",Parma,it Serie A,22.0,2002.0,21,1,447,5.0,0,0,0,0,0,0,3,0,1.2,1.2,0.8,2.0,18,27,35,0.0,0.4,15,5,33.3,3.02,1.01,0.0,0.0,19.8,0,0.08,-1.2,-1.2,133,182,73.1,2076,550,0.5,-0.8,5,15,5,0,164,15,4,2,1,5,0,9,2,1,0,3,5,15,3.01,8,2,1,2,2,0,2,0.4,9,7,2,6,1,10,10.0,9,8,0,8,3,12,1,0,251,1,30,120,113,24,251,27,17,63.0,10,37.0,174,1222,648,10,10,14,3,173,21,13.1,57.0,0,20,20.0,16,0.81,5,13,-8,-1.61,-1.43,8.5,9.7,-1.2,-0.24,0,17,17,1,1,0,0,29,3,9,25.0,MID,614742.0,exact,614742.0,2025-06-17,1500000.0,614742,2002-02-18,Cote d'Ivoire,2028-06-30,179.0,right,22.869267624914443,41.9185282522996,14.220976332738882,523.0034016999599,Developing,False,False,False,False,True,CIV,CAF,False,True,False,False,False,False
Lamine Camara,sn SEN,MF,Monaco,fr Ligue 1,20.0,2004.0,29,25,2054,22.8,2,7,9,2,0,0,10,1,2.3,2.3,4.4,6.7,25,141,46,0.39,0.29,26,9,34.6,1.14,0.39,0.08,0.22,23.2,2,0.09,-0.3,-0.3,1224,1479,82.8,22283,6556,5.0,2.6,44,133,26,4,1332,142,52,5,11,118,3,87,39,39,0,5,20,82,3.59,43,30,0,4,2,3,13,0.57,66,41,22,34,10,48,54.2,22,30,4,26,31,97,32,1,1743,33,258,1086,413,16,1743,25,12,48.0,8,32.0,967,4625,1914,29,3,41,23,1170,71,67.1,79.0,9,4,21.0,0,1.86,41,27,14,0.61,-0.1,46.4,20.6,25.8,1.13,1,45,39,0,0,0,0,153,21,21,50.0,MID,918969.0,exact,918969.0,2025-06-03,22000000.0,918969,2004-01-01,Senegal,2029-06-30,174.0,right,21.00205338809035,53.90932982917214,16.906553056777135,441.0862465161973,Emerging,False,False,False,True,False,SEN,CAF,False,True,False,False,False,False
Mahdi Camara,fr FRA,"MF,FW",Brest,fr Ligue 1,26.0,1998.0,34,31,2659,29.5,5,3,8,5,0,0,5,0,4.1,4.1,2.0,6.2,58,111,112,0.27,0.21,49,19,38.8,1.66,0.64,0.1,0.26,16.6,0,0.08,0.9,0.9,1021,1190,85.8,15953,3369,2.6,1.0,26,79,17,10,1100,88,12,3,0,46,8,0,0,0,0,2,24,71,2.4,49,0,4,6,8,4,7,0.24,71,40,16,38,17,46,52.2,22,40,5,35,33,104,29,0,1530,36,268,841,441,78,1530,65,29,44.6,28,43.1,828,4647,2478,40,14,38,28,999,78,86.9,84.0,17,3,16.0,0,1.47,44,49,-5,-0.17,0.28,41.8,46.5,-4.7,-0.16,0,41,46,3,1,0,0,98,17,31,35.4,MID,324795.0,exact,324795.0,2025-06-03,9000000.0,324795,1998-06-30,France,2029-06-30,176.0,right,26.507871321013006,53.90932982917214,16.012735246411598,702.6672419713838,Peak,False,False,False,True,False,FRA,UEFA,False,False,False,False,False,True
Eduardo Camavinga,fr FRA,"MF,DF",Real Madrid,es La Liga,21.0,2002.0,19,11,1102,12.2,1,2,3,1,0,0,2,0,0.4,0.4,0.8,1.2,26,61,31,0.25,0.1,8,2,25.0,0.65,0.16,0.13,0.5,18.5,0,0.05,0.6,0.6,700,793,88.3,11361,3012,0.7,1.2,11,61,5,0,746,42,17,4,4,2,25,0,0,0,0,5,11,31,2.54,25,1,2,0,3,0,2,0.16,42,26,23,16,3,33,57.6,14,24,8,16,18,60,23,0,957,49,272,494,207,15,957,31,15,48.4,10,32.3,565,3051,1699,27,7,7,11,643,58,32.2,84.0,8,8,22.0,1,2.21,24,10,14,1.14,0.13,21.0,12.6,8.3,0.68,0,21,31,1,0,1,0,90,20,18,52.6,MID,640428.0,exact,640428.0,2025-06-09,60000000.0,640428,2002-11-10,France,2029-06-30,182.0,left,22.143737166324435,53.90932982917214,17.909855136853043,490.3450956912581,Developing,False,False,True,False,False,FRA,UEFA,False,False,False,False,False,True
José Campaña,es ESP,MF,Las Palmas,es La Liga,31.0,1993.0,25,15,1189,13.2,0,3,3,0,0,0,5,0,0.1,0.1,0.9,1.1,11,87,15,0.23,0.08,5,3,60.0,0.38,0.23,0.0,0.0,37.0,2,0.02,-0.1,-0.1,703,834,84.3,12424,4339,1.0,2.1,14,72,12,4,749,82,55,4,12,34,4,23,9,10,0,3,8,39,2.95,34,5,0,0,0,0,4,0.3,21,16,8,11,2,20,55.0,9,9,1,8,19,40,19,2,946,40,224,577,153,5,946,18,8,44.4,8,44.4,478,2164,988,12,1,17,15,605,48,34.8,67.0,0,10,19.0,5,1.0,12,18,-6,-0.45,0.15,12.1,18.5,-6.3,-0.48,0,7,20,0,0,1,0,84,15,4,78.9,MID,120095.0,exact,120095.0,2025-06-09,900000.0,120095,1993-05-31,Spain,2026-06-30,179.0,right,31.589322381930184,17.904073587385017,13.710151153416941,997.8852885495153,Declining,False,False,True,False,False,ESP,UEFA,False,False,False,False,False,True
Sergi Canós,es ESP,"MF,FW",Valencia,es La Liga,27.0,1997.0,17,2,370,4.1,0,1,1,0,0,0,3,0,0.5,0.5,0.2,0.7,7,9,47,0.24,0.17,11,3,27.3,2.68,0.73,0.0,0.0,19.8,0,0.05,-0.5,-0.5,92,158,58.2,1502,418,0.2,0.8,4,9,3,3,149,8,1,0,1,18,3,4,0,3,0,1,10,19,4.6,13,1,0,4,1,0,1,0.24,11,7,3,4,4,10,40.0,6,6,1,5,5,16,5,0,231,6,34,76,122,20,231,13,1,7.7,12,92.3,124,540,279,6,4,13,5,164,22,10.8,58.0,0,15,17.0,17,0.94,4,9,-5,-1.22,-1.07,5.9,6.1,-0.2,-0.05,0,12,6,1,0,0,0,20,4,8,33.3,MID,251845.0,exact,251845.0,2024-06-07,2500000.0,251845,1997-02-02,Spain,2026-06-30,177.0,right,27.912388774811774,17.904073587385017,14.731801689838349,779.1014471162383,Peak,False,False,True,False,False,ESP,UEFA,False,False,False,False,False,True
Pierrick Capelle,fr FRA,MF,Angers,fr Ligue 1,37.0,1987.0,16,3,483,5.4,0,0,0,0,0,0,4,0,0.2,0.2,1.2,1.4,10,22,17,0.0,0.26,6,0,0.0,1.12,0.0,0.0,,22.5,0,0.04,-0.2,-0.2,185,231,80.1,3185,808,0.7,-1.2,5,19,2,1,223,8,2,1,3,10,0,5,5,0,0,0,4,15,2.8,10,0,0,2,0,3,1,0.19,24,17,10,9,5,18,50.0,9,4,1,3,11,35,5,1,299,6,47,186,73,7,299,13,8,61.5,5,38.5,138,747,331,4,0,15,6,173,30,15.8,74.0,0,13,20.0,10,1.25,8,12,-4,-0.75,-0.15,10.2,8.7,1.4,0.27,0,12,3,1,0,0,0,28,3,5,37.5,MID,214532.0,exact,214532.0,2025-06-03,200000.0,214532,1987-04-15,France,2026-06-30,181.0,left,37.71663244353183,17.904073587385017,12.206077645517674,1422.5443628804778,Declining,False,False,False,True,False,FRA,UEFA,False,False,False,False,False,True
Gianluca Caprari,it ITA,"MF,FW",Monza,it Serie A,31.0,1993.0,34,18,1651,18.3,3,2,5,1,2,2,3,0,4.2,2.6,2.4,5.0,43,81,104,0.16,0.36,28,9,32.1,1.53,0.49,0.04,0.11,22.0,2,0.09,-1.2,-1.6,579,732,79.1,9227,2016,2.1,-0.4,30,39,21,2,644,84,20,8,4,80,4,42,15,24,0,4,18,63,3.43,43,13,1,4,1,1,5,0.27,19,11,8,8,3,14,50.0,7,14,0,14,8,27,2,1,912,3,70,450,399,39,910,40,10,25.0,23,57.5,629,3384,1544,37,12,38,31,686,49,48.3,74.0,3,16,20.0,0,0.53,14,32,-18,-0.98,0.19,15.7,28.7,-12.9,-0.7,0,18,42,5,0,0,0,57,4,14,22.2,MID,146752.0,exact,146752.0,2024-06-05,4000000.0,146752,1993-07-30,Italy,2026-06-30,171.0,right,31.42505133470226,17.904073587385017,15.201805169084134,987.5338513886724,Declining,False,False,False,False,True,ITA,UEFA,False,False,False,False,False,True
Maxence Caqueret,fr FRA,MF,Como,it Serie A,24.0,2000.0,18,15,1087,12.1,2,3,5,2,0,0,4,0,0.8,0.8,1.5,2.4,15,76,46,0.41,0.2,8,3,37.5,0.66,0.25,0.25,0.67,18.6,0,0.1,1.2,1.2,472,568,83.1,7456,2619,1.1,1.5,19,67,17,1,550,15,11,1,2,16,1,3,0,2,0,3,15,41,3.4,34,1,3,2,1,0,8,0.66,36,21,14,18,4,38,52.6,18,15,1,14,7,43,4,1,698,9,134,368,205,24,698,33,14,42.4,15,45.5,455,2082,883,17,1,29,17,512,60,31.8,67.0,1,3,26.0,1,1.67,21,12,9,0.75,1.21,14.7,13.4,1.3,0.11,0,17,11,1,0,0,0,69,3,10,23.1,MID,395237.0,exact,395237.0,2025-06-17,16000000.0,395237,2000-02-15,France,2029-06-30,174.0,right,24.878850102669404,53.90932982917214,16.588099342704055,618.9571824310934,Developing,False,False,False,False,True,FRA,UEFA,False,False,False,False,False,True
Maxence Caqueret,fr FRA,MF,Lyon,fr Ligue 1,24.0,2000.0,9,6,573,6.4,0,0,0,0,0,0,1,0,0.7,0.7,0.4,1.1,14,50,15,0.0,0.17,7,1,14.3,1.1,0.16,0.0,0.0,21.8,0,0.09,-0.7,-0.7,274,343,79.9,4339,1547,0.6,-0.4,10,39,10,0,332,10,5,0,1,6,1,0,0,0,0,1,14,14,2.2,12,0,1,1,0,0,1,0.16,21,11,5,11,5,22,18.2,18,12,2,10,7,28,2,0,419,5,66,241,116,11,419,18,7,38.9,9,50.0,211,1191,537,10,2,15,10,304,64,18.7,87.0,4,3,16.0,5,1.78,11,11,0,0.0,-0.69,9.9,9.9,0.0,0.0,0,4,6,1,0,0,0,24,1,3,25.0,MID,395237.0,exact,395237.0,2025-06-17,16000000.0,395237,2000-02-15,France,2029-06-30,174.0,right,24.878850102669404,53.90932982917214,16.588099342704055,618.9571824310934,Developing,False,False,False,True,False,FRA,UEFA,False,False,False,False,False,True
Johnny Cardoso,us USA,MF,Betis,es La Liga,22.0,2001.0,28,24,2144,23.8,3,1,4,3,0,0,4,0,2.0,2.0,0.9,3.0,19,71,28,0.17,0.12,19,7,36.8,0.8,0.29,0.16,0.43,14.9,0,0.11,1.0,1.0,950,1109,85.7,14556,3689,0.8,0.1,9,63,4,0,1083,24,23,2,10,3,1,0,0,0,0,2,21,35,1.47,29,0,5,0,0,1,1,0.04,55,31,12,35,8,52,38.5,32,27,12,15,48,103,64,1,1427,91,397,846,201,26,1427,42,26,61.9,15,35.7,752,3374,1557,16,1,36,23,890,77,62.7,86.0,19,4,18.0,3,1.61,39,32,7,0.29,0.29,31.5,36.0,-4.5,-0.19,0,38,27,0,0,0,0,138,29,18,61.7,MID,689505.0,exact,689505.0,2025-06-09,25000000.0,689505,2001-09-20,United States,2030-06-30,186.0,right,23.28268309377139,65.90013140604468,17.034386422832473,542.0833320449881,Developing,False,False,True,False,False,USA,CONCACAF,False,False,True,False,False,False
Sergio Carreira,es ESP,"MF,DF",Celta Vigo,es La Liga,23.0,2000.0,23,19,1656,18.4,0,4,4,0,0,0,1,0,0.6,0.6,3.1,3.7,39,53,140,0.22,0.2,13,3,23.1,0.71,0.16,0.0,0.0,15.6,0,0.05,-0.6,-0.6,681,895,76.1,11545,3606,2.4,0.9,16,35,24,8,745,147,3,2,4,41,143,1,0,0,0,3,30,36,1.96,32,1,3,0,0,0,4,0.22,28,16,16,6,6,26,53.8,12,20,2,18,17,45,37,0,1057,36,277,408,380,52,1057,30,14,46.7,13,43.3,571,3064,1421,22,16,16,14,672,72,48.4,82.0,14,4,25.0,9,1.52,26,24,2,0.11,0.11,22.2,20.8,1.4,0.08,0,19,7,3,0,0,0,66,3,14,17.6,MID,545647.0,exact,545647.0,2025-06-09,4000000.0,545647,2000-10-13,Spain,2029-06-30,170.0,right,24.21902806297057,53.90932982917214,15.201805169084134,586.561320314956,Developing,False,False,True,False,False,ESP,UEFA,False,False,False,False,False,True
William Carvalho,pt POR,MF,Betis,es La Liga,32.0,1992.0,14,6,484,5.4,0,0,0,0,0,0,1,0,0.2,0.2,0.2,0.5,5,45,10,0.0,0.09,4,1,25.0,0.74,0.19,0.0,0.0,16.7,0,0.06,-0.2,-0.2,343,395,86.8,5141,1591,0.7,-0.2,6,44,4,0,383,10,10,0,4,2,0,0,0,0,0,2,8,14,2.6,14,0,0,0,0,0,0,0.0,9,6,3,6,0,6,66.7,2,6,2,4,3,12,6,0,432,11,94,255,87,6,432,5,3,60.0,1,20.0,294,1213,592,9,0,6,6,342,35,14.2,60.0,1,8,15.0,1,1.5,3,5,-2,-0.37,-0.65,5.6,6.6,-1.1,-0.2,0,7,3,0,0,0,0,29,6,5,54.5,MID,100131.0,exact,100131.0,2025-06-09,1500000.0,100131,1992-04-07,Portugal,,189.0,right,32.73648186173853,,14.220976332738882,1071.677244683936,Declining,False,False,True,False,False,POR,UEFA,False,False,False,False,False,True
Cesare Casadei,it ITA,MF,Torino,it Serie A,21.0,2003.0,15,13,1017,11.3,1,1,2,1,0,0,1,0,1.2,1.2,0.4,1.5,14,36,12,0.18,0.14,14,7,50.0,1.24,0.62,0.07,0.14,13.3,0,0.08,-0.2,-0.2,323,406,79.6,5338,1082,0.4,0.6,7,35,6,1,404,2,2,0,3,2,0,0,0,0,0,0,5,19,1.68,16,0,0,1,1,1,2,0.18,12,5,4,8,0,10,50.0,5,4,2,2,5,17,26,0,508,30,107,303,102,22,508,10,7,70.0,2,20.0,259,1609,640,8,0,20,9,352,68,29.7,75.0,4,2,24.0,0,1.13,10,13,-3,-0.27,-0.15,9.1,15.6,-6.5,-0.57,0,16,10,0,0,1,0,41,64,25,71.9,MID,622380.0,exact,622380.0,2025-06-17,15000000.0,622380,2003-01-10,Italy,2029-06-30,192.0,right,21.976728268309376,53.90932982917214,16.52356082573315,482.9765853791084,Emerging,False,False,False,False,True,ITA,UEFA,False,False,False,False,False,True
Marc Casado,es ESP,MF,Barcelona,es La Liga,20.0,2003.0,23,20,1611,17.9,1,3,4,1,0,0,4,1,1.1,1.1,1.4,2.4,12,107,24,0.22,0.13,14,1,7.1,0.78,0.06,0.07,1.0,22.4,0,0.08,-0.1,-0.1,1221,1367,89.3,18725,4279,1.8,1.6,9,138,6,0,1330,37,34,4,7,9,3,0,0,0,0,0,17,45,2.51,40,0,0,1,2,2,6,0.34,44,25,7,30,7,41,48.8,21,20,5,15,22,66,22,1,1536,25,223,1040,276,9,1536,9,4,44.4,4,44.4,870,3523,1540,22,0,17,9,1172,70,47.1,78.0,10,3,19.0,7,2.22,49,14,35,1.96,0.56,43.9,19.2,24.7,1.38,1,26,36,0,0,0,0,90,8,23,25.8,MID,636695.0,exact_accent_stripped,636695.0,2025-06-09,30000000.0,636695,2003-09-14,Spain,2028-06-30,172.0,right,21.300479123887747,41.9185282522996,17.216707972959764,453.71041090717773,Emerging,False,False,True,False,False,ESP,UEFA,False,False,False,False,False,True
Casemiro,br BRA,MF,Manchester Utd,eng Premier League,32.0,1992.0,24,18,1494,16.6,1,0,1,1,0,0,5,0,1.9,1.9,2.3,4.2,4,84,28,0.06,0.25,32,10,31.3,1.93,0.6,0.03,0.1,19.5,0,0.06,-0.9,-0.9,780,990,78.8,13010,4069,2.0,-2.3,22,81,23,6,963,19,17,9,9,20,2,0,0,0,0,8,22,53,3.19,49,1,0,3,0,0,4,0.24,83,50,50,23,10,74,60.8,29,39,10,29,14,97,51,3,1250,75,374,633,251,43,1250,6,3,50.0,3,50.0,660,2047,934,10,0,12,10,800,62,43.7,76.0,7,6,22.0,14,1.29,18,20,-2,-0.12,0.25,22.9,23.0,-0.1,-0.01,0,20,19,4,0,0,0,103,36,19,65.5,MID,16306.0,exact,16306.0,2025-05-30,10000000.0,16306,1992-02-23,Brazil,2026-06-30,185.0,right,32.85694729637235,17.904073587385017,16.118095750958314,1079.57898563659,Declining,False,True,False,False,False,BRA,CONMEBOL,False,False,False,True,False,False
Cristian Cásseres Jr.,ve VEN,MF,Toulouse,fr Ligue 1,24.0,2000.0,32,31,2696,30.0,1,3,4,1,0,0,11,0,1.0,1.0,2.6,3.6,31,128,46,0.13,0.12,17,5,29.4,0.57,0.17,0.06,0.2,21.3,2,0.06,0.0,0.0,1120,1421,78.8,19695,5429,3.6,0.4,27,89,23,7,1272,144,80,5,9,80,11,46,26,12,0,5,26,77,2.57,41,20,4,1,5,6,5,0.17,96,61,41,43,12,88,52.3,42,35,9,26,42,138,36,1,1727,75,442,990,330,18,1727,38,22,57.9,13,34.2,873,4119,1955,27,4,39,12,1009,84,88.1,86.0,20,1,33.0,0,1.25,39,37,2,0.07,0.31,42.4,31.0,11.3,0.38,0,53,46,1,0,0,0,172,24,17,58.5,MID,467632.0,exact,467632.0,2025-06-03,6000000.0,467632,2000-01-20,Venezuela,2027-06-30,176.0,right,24.95003422313484,29.894875164257556,15.607270193858982,622.5042077355997,Developing,False,False,False,True,False,VEN,CONMEBOL,False,False,False,True,False,False
Gaetano Castrovilli,it ITA,MF,Monza,it Serie A,27.0,1997.0,12,7,596,6.6,0,0,0,0,0,0,0,0,0.3,0.3,0.4,0.7,10,24,28,0.0,0.11,6,0,0.0,0.91,0.0,0.0,,17.7,1,0.05,-0.3,-0.3,188,238,79.0,2902,828,0.6,-0.4,7,12,5,0,218,20,10,1,1,14,4,6,2,2,0,0,8,15,2.27,9,2,1,2,0,1,2,0.3,12,7,10,2,0,11,36.4,7,8,2,6,2,14,9,0,305,15,65,151,92,10,305,11,5,45.5,5,45.5,187,906,487,8,0,9,9,192,50,17.4,66.0,0,5,27.0,3,0.33,5,12,-7,-1.06,0.03,5.5,9.2,-3.7,-0.56,0,8,7,2,0,0,0,27,1,6,14.3,MID,303116.0,exact,303116.0,2025-06-17,1500000.0,303116,1997-02-17,Italy,2026-06-30,187.0,right,27.871321013004792,17.904073587385017,14.220976332738882,776.8105350099625,Peak,False,False,False,False,True,ITA,UEFA,False,False,False,False,False,True
Danilo Cataldi,it ITA,MF,Fiorentina,it Serie A,29.0,1994.0,24,22,1712,19.0,3,0,3,3,0,0,1,0,1.1,1.1,0.8,1.9,18,90,16,0.16,0.1,13,5,38.5,0.68,0.26,0.23,0.6,22.8,2,0.09,1.9,1.9,845,1000,84.5,14213,4507,0.8,-0.8,15,83,10,3,937,57,43,2,3,21,5,9,3,2,0,6,11,32,1.68,21,6,0,3,1,1,1,0.05,25,16,13,10,2,27,51.9,13,17,8,9,22,47,35,0,1147,55,284,720,151,7,1147,10,3,30.0,4,40.0,657,3018,1172,22,1,13,7,764,71,50.1,76.0,8,2,21.0,1,1.52,31,20,11,0.58,0.16,24.0,19.6,4.4,0.23,0,15,20,0,0,0,0,114,6,5,54.5,MID,199733.0,exact,199733.0,2025-06-17,3500000.0,199733,1994-08-06,Italy,2027-06-30,180.0,right,30.406570841889117,29.894875164257556,15.068273812173887,924.5595503628215,Declining,False,False,False,False,True,ITA,UEFA,False,False,False,False,False,True
Dani Ceballos,es ESP,MF,Real Madrid,es La Liga,27.0,1996.0,23,15,1215,13.5,0,0,0,0,0,0,4,0,0.4,0.4,1.6,2.0,42,150,17,0.0,0.15,7,2,28.6,0.52,0.15,0.0,0.0,22.5,0,0.05,-0.4,-0.4,1284,1361,94.3,20805,5972,2.0,-1.6,22,156,10,0,1306,52,30,4,7,14,14,7,4,2,0,3,13,57,4.22,50,5,1,0,1,0,5,0.37,41,21,17,18,6,40,50.0,20,16,4,12,14,55,10,2,1473,35,267,940,277,9,1473,15,8,53.3,3,20.0,999,5186,2951,30,2,11,7,1206,53,35.5,74.0,4,8,13.0,6,2.43,30,11,19,1.41,0.55,30.8,14.3,16.6,1.23,0,13,30,0,0,0,0,87,2,1,66.7,MID,319745.0,exact,319745.0,2025-06-09,10000000.0,319745,1996-08-07,Spain,2027-06-30,179.0,right,28.40246406570842,29.894875164257556,16.118095750958314,806.699965003858,Peak,False,False,True,False,False,ESP,UEFA,False,False,False,False,False,True
Fares Chaïbi,dz ALG,"MF,FW",Eint Frankfurt,de Bundesliga,21.0,2002.0,26,10,1013,11.3,1,3,4,1,0,0,2,0,2.6,2.6,2.9,5.5,20,52,73,0.36,0.49,25,6,24.0,2.22,0.53,0.04,0.17,18.4,2,0.1,-1.6,-1.6,304,462,65.8,5146,1801,2.9,0.1,24,31,18,6,391,66,21,4,4,72,7,38,19,16,0,5,12,50,4.43,32,10,1,5,1,1,7,0.62,13,9,4,5,4,20,35.0,13,10,0,10,10,23,32,1,588,30,108,240,246,34,588,12,7,58.3,3,25.0,288,1412,668,13,4,19,7,361,39,33.1,71.0,1,16,19.0,4,1.77,22,22,0,0.0,-0.97,24.8,16.8,8.0,0.71,0,5,7,1,0,0,0,30,16,21,43.2,MID,855015.0,exact_accent_stripped,855015.0,2025-06-05,9000000.0,855015,2002-11-28,Algeria,2028-06-30,183.0,right,22.094455852156056,41.9185282522996,16.012735246411598,488.164979402873,Developing,True,False,False,False,False,ALG,CAF,False,True,False,False,False,False
Conor Chaplin,eng ENG,"MF,FW",Ipswich Town,eng Premier League,27.0,1997.0,22,10,857,9.5,1,1,2,1,0,0,2,0,1.5,1.5,0.7,2.2,13,29,23,0.21,0.23,16,3,18.8,1.68,0.32,0.06,0.33,17.7,0,0.09,-0.5,-0.5,235,319,73.7,3800,927,0.6,0.3,8,21,7,2,282,37,3,10,1,9,4,0,0,0,0,0,5,22,2.32,19,3,0,0,0,0,1,0.11,15,5,6,6,3,14,42.9,8,8,1,7,4,19,3,0,390,7,74,183,138,18,390,8,4,50.0,4,50.0,179,910,467,9,0,12,5,264,39,25.1,71.0,1,12,13.0,6,0.41,8,19,-11,-1.16,0.07,8.8,17.6,-8.8,-0.93,0,11,7,0,0,0,0,27,3,9,25.0,MID,349503.0,exact,349503.0,2025-05-30,6000000.0,349503,1997-02-16,England,2026-06-30,168.0,left,27.874058863791923,17.904073587385017,15.607270193858982,776.9631575421371,Peak,False,True,False,False,False,ENG,UEFA,False,False,False,False,False,True
Julián Chicco,ar ARG,"MF,DF",Leganés,es La Liga,26.0,1998.0,14,2,302,3.4,0,1,1,0,0,0,0,0,0.5,0.5,0.2,0.6,8,16,7,0.3,0.19,3,1,33.3,0.89,0.3,0.0,0.0,19.7,0,0.16,-0.5,-0.5,113,143,79.0,1884,630,0.3,0.8,2,10,2,0,134,9,3,0,1,3,6,0,0,0,0,0,1,5,1.49,3,0,1,1,0,0,1,0.3,11,7,3,6,2,8,62.5,3,2,0,2,4,15,10,0,196,11,47,109,42,3,196,4,2,50.0,1,25.0,92,442,231,5,0,12,5,111,22,8.8,80.0,1,12,12.0,23,1.14,4,8,-4,-1.19,-0.82,3.2,7.2,-4.0,-1.18,0,1,3,0,0,0,0,12,1,10,9.1,MID,401583.0,exact,401583.0,2025-06-09,500000.0,401583,1998-01-13,Argentina,2027-06-30,187.0,right,26.967830253251197,29.894875164257556,13.122365377402328,727.2638685681706,Peak,False,False,True,False,False,ARG,CONMEBOL,False,False,False,True,False,False
Pedro Chirivella,es ESP,MF,Nantes,fr Ligue 1,27.0,1997.0,30,28,2348,26.1,0,2,2,0,0,0,6,0,0.5,0.5,1.8,2.2,16,170,25,0.08,0.09,8,2,25.0,0.31,0.08,0.0,0.0,21.0,0,0.06,-0.5,-0.5,1336,1570,85.1,24242,7844,2.1,0.2,19,169,24,4,1468,100,69,4,14,19,5,7,5,2,0,2,16,55,2.11,54,1,0,0,0,0,6,0.23,44,29,23,16,5,42,45.2,23,25,4,21,19,63,45,0,1740,48,366,1150,240,3,1740,7,3,42.9,4,57.1,946,4091,1939,14,1,15,7,1244,78,76.7,82.0,11,2,29.0,1,0.97,26,39,-13,-0.5,-0.5,27.6,39.6,-12.0,-0.46,0,25,16,0,0,0,0,116,10,14,41.7,MID,242273.0,exact,242273.0,2025-06-03,5000000.0,242273,1997-05-23,Spain,2027-06-30,178.0,right,27.61122518822724,29.894875164257556,15.424948670398354,762.3797563949944,Peak,False,False,False,True,False,ESP,UEFA,False,False,False,False,False,True
Joris Chotard,fr FRA,MF,Montpellier,fr Ligue 1,22.0,2001.0,26,23,1892,21.0,1,0,1,1,0,0,5,0,1.3,1.3,0.5,1.7,20,80,35,0.05,0.09,19,3,15.8,0.9,0.14,0.05,0.33,21.4,2,0.07,-0.3,-0.3,672,822,81.8,12368,3796,1.0,-0.5,7,80,11,4,780,39,34,5,14,30,3,1,0,1,0,3,14,24,1.2,21,0,0,1,0,2,0,0.0,39,27,17,20,2,46,43.5,26,28,10,18,19,58,52,1,1012,79,296,560,162,9,1012,16,8,50.0,8,50.0,489,2324,970,13,0,15,11,579,73,61.8,79.0,14,3,23.0,0,0.38,16,52,-36,-1.71,-0.17,21.7,38.8,-17.1,-0.86,0,16,10,1,0,1,0,90,16,11,59.3,MID,624037.0,exact,624037.0,2025-06-03,6000000.0,624037,2001-09-24,France,2029-06-30,179.0,right,23.27173169062286,53.90932982917214,15.607270193858982,541.5734958803404,Developing,False,False,False,True,False,FRA,UEFA,False,False,False,False,False,True
Ryan Christie,sct SCO,MF,Bournemouth,eng Premier League,29.0,1995.0,29,27,2117,23.5,2,3,5,2,0,0,9,0,1.8,1.8,3.5,5.4,34,137,44,0.21,0.23,33,12,36.4,1.4,0.51,0.06,0.17,19.6,0,0.06,0.2,0.2,837,1056,79.3,14882,4269,3.0,-0.5,41,118,33,5,990,60,21,8,9,48,3,26,17,3,2,6,19,85,3.62,72,7,0,3,2,1,9,0.38,54,33,19,27,8,64,42.2,37,44,11,33,30,84,51,3,1376,74,256,773,372,46,1376,48,23,47.9,22,45.8,726,3802,1773,40,8,44,25,777,73,61.9,76.0,10,2,28.0,0,1.52,40,28,12,0.51,0.51,40.8,29.9,10.9,0.46,0,43,31,1,0,0,0,182,20,28,41.7,MID,188077.0,exact,188077.0,2025-05-30,10000000.0,188077,1995-02-22,Scotland,2029-06-30,178.0,left,29.859000684462696,53.90932982917214,16.118095750958314,891.5599218747437,Peak,False,True,False,False,False,SCO,UEFA,False,False,False,False,False,True
Pathé Ciss,sn SEN,"MF,DF",Rayo Vallecano,es La Liga,30.0,1994.0,33,25,2140,23.8,4,1,5,4,0,0,12,0,1.8,1.7,1.1,2.8,19,128,12,0.21,0.12,21,6,28.6,0.88,0.25,0.19,0.67,15.2,0,0.09,2.2,2.3,999,1179,84.7,17666,5785,0.8,-0.1,16,102,8,0,1137,33,20,5,8,4,4,0,0,0,0,9,14,47,1.98,35,3,2,2,2,3,2,0.08,49,24,26,22,1,41,48.8,21,31,10,21,40,89,61,3,1449,106,453,854,154,18,1449,23,14,60.9,8,34.8,749,3105,1550,24,1,16,20,877,65,62.6,78.0,10,8,25.0,3,1.33,24,32,-8,-0.34,-0.62,26.9,33.1,-6.3,-0.26,0,45,25,0,0,2,0,148,48,30,61.5,MID,525578.0,exact,525578.0,2025-06-09,2000000.0,525578,1994-03-16,Senegal,2027-06-30,186.0,right,30.798083504449007,29.894875164257556,14.508658238524095,948.5219475470141,Declining,False,False,True,False,False,SEN,CAF,False,True,False,False,False,False
Djaoui Cissé,fr FRA,MF,Rennes,fr Ligue 1,20.0,2004.0,14,14,1121,12.5,1,0,1,1,0,0,4,0,0.4,0.4,0.2,0.7,16,84,14,0.08,0.05,15,7,46.7,1.2,0.56,0.07,0.14,28.3,0,0.03,0.6,0.6,547,625,87.5,10406,2824,0.8,-0.2,6,66,11,0,611,11,10,1,14,3,0,0,0,0,0,3,16,27,2.17,22,0,3,1,1,0,1,0.08,33,18,12,15,6,26,61.5,10,29,4,25,13,46,11,1,755,22,149,436,188,3,755,18,13,72.2,4,22.2,447,2693,1292,25,0,14,13,537,80,36.6,80.0,5,0,,6,1.71,19,12,7,0.56,0.84,19.9,14.6,5.3,0.43,0,25,14,0,0,0,0,78,4,13,23.5,MID,931160.0,exact,931160.0,2025-06-03,8000000.0,931160,2004-01-31,France,2030-06-30,188.0,right,20.919917864476385,65.90013140604468,15.894952224644102,437.6429634564382,Emerging,False,False,False,True,False,FRA,UEFA,False,False,False,False,False,True
Patrick Ciurria,it ITA,"MF,DF",Monza,it Serie A,29.0,1995.0,21,12,1111,12.3,1,1,2,1,0,0,1,0,0.8,0.8,2.3,3.1,19,27,52,0.16,0.25,11,2,18.2,0.89,0.16,0.09,0.5,21.0,0,0.08,0.2,0.2,313,433,72.3,5274,1449,1.6,-1.3,13,19,8,5,352,78,19,1,2,61,33,25,6,12,0,3,13,26,2.11,20,5,0,1,0,0,2,0.16,22,14,11,7,4,11,36.4,7,13,3,10,6,28,22,0,542,22,103,241,202,17,542,12,5,41.7,7,58.3,306,1380,649,10,3,18,14,327,53,32.5,80.0,7,9,17.0,8,0.38,6,23,-17,-1.38,-0.44,8.7,20.3,-11.6,-0.94,0,17,11,1,0,0,0,32,5,15,25.0,MID,255838.0,exact,255838.0,2025-06-17,1500000.0,255838,1995-02-09,Italy,2028-06-30,178.0,both,29.894592744695416,41.9185282522996,14.220976332738882,893.6866753711957,Peak,False,False,False,False,True,ITA,UEFA,False,False,False,False,False,True
Alexis Claude-Maurice,fr FRA,"MF,FW",Augsburg,de Bundesliga,26.0,1998.0,28,25,2109,23.4,9,2,11,9,0,0,4,0,4.7,4.7,1.2,5.9,59,61,102,0.47,0.25,59,22,37.3,2.52,0.94,0.15,0.41,20.5,1,0.08,4.3,4.3,543,655,82.9,8213,1411,1.9,0.8,21,38,21,5,634,21,4,3,3,21,3,0,0,0,0,0,16,77,3.29,54,1,8,3,11,0,6,0.26,41,26,12,15,14,34,50.0,17,16,0,16,15,56,8,1,994,13,112,479,431,64,994,90,42,46.7,40,44.4,619,4039,1888,47,9,85,50,727,75,68.9,80.0,7,3,37.0,3,1.36,23,22,1,0.04,1.65,22.6,28.5,-5.9,-0.25,0,26,42,3,1,0,0,72,14,23,37.8,MID,384593.0,exact,384593.0,2025-06-05,12000000.0,384593,1998-06-06,France,2027-06-30,176.0,right,26.573579739904176,29.894875164257556,16.300417291085605,706.1551401930457,Peak,True,False,False,False,False,FRA,UEFA,False,False,False,False,False,True
Santi Comesaña,es ESP,MF,Villarreal,es La Liga,27.0,1996.0,35,30,2560,28.4,4,2,6,4,0,0,7,0,4.6,4.6,2.0,6.6,39,154,58,0.21,0.23,39,8,20.5,1.37,0.28,0.1,0.5,13.1,0,0.12,-0.6,-0.6,1163,1374,84.6,19630,6350,2.6,0.0,27,143,30,3,1340,26,22,7,10,14,2,0,0,0,0,8,22,78,2.74,69,2,1,2,0,4,11,0.39,85,49,44,32,9,76,55.3,34,56,22,34,19,104,56,1,1734,110,453,958,333,64,1734,34,18,52.9,14,41.2,903,4242,2451,30,6,35,44,1149,73,74.9,82.0,19,5,18.0,2,1.83,48,42,6,0.21,-1.25,46.0,34.9,11.2,0.39,0,37,27,1,0,0,0,160,32,49,39.5,MID,380598.0,exact,380598.0,2025-06-09,8000000.0,380598,1996-10-05,Spain,2028-06-30,188.0,both,28.240930869267626,41.9185282522996,15.894952224644102,797.5501763627531,Peak,False,False,True,False,False,ESP,UEFA,False,False,False,False,False,True
Lewis Cook,eng ENG,"MF,DF",Bournemouth,eng Premier League,27.0,1997.0,36,32,2978,33.1,1,3,4,1,0,0,8,1,0.9,0.9,4.1,5.1,33,158,52,0.12,0.15,14,4,28.6,0.42,0.12,0.07,0.25,23.4,1,0.07,0.1,0.1,1224,1585,77.2,21139,7153,3.8,-1.1,48,157,26,11,1358,225,71,3,2,132,73,77,65,3,0,2,26,89,2.69,69,18,0,2,0,0,5,0.15,81,42,41,36,4,67,55.2,30,30,11,19,41,122,70,0,1900,87,440,1010,470,20,1900,20,13,65.0,7,35.0,825,4125,2159,29,4,31,18,965,83,87.1,89.0,30,4,31.0,0,1.39,47,43,4,0.12,-1.51,55.1,44.5,10.6,0.32,0,49,10,3,0,1,0,187,41,34,54.7,MID,249089.0,exact,249089.0,2025-05-30,15000000.0,249089,1997-02-03,England,2028-06-30,175.0,right,27.90965092402464,41.9185282522996,16.52356082573315,778.9486147009094,Peak,False,True,False,False,False,ENG,UEFA,False,False,False,False,False,True
Coba da Costa,es ESP,"MF,FW",Getafe,es La Liga,22.0,2002.0,19,12,1006,11.2,1,1,2,1,0,0,4,0,1.1,1.1,1.4,2.6,46,16,83,0.18,0.23,23,8,34.8,2.06,0.72,0.04,0.13,18.3,0,0.05,-0.1,-0.1,195,303,64.4,2952,707,1.5,-0.4,9,14,10,7,299,3,0,3,0,41,2,1,0,0,0,1,12,37,3.31,28,0,5,2,1,1,4,0.36,29,13,9,16,4,26,50.0,13,24,0,24,8,37,10,0,504,10,75,191,245,47,504,56,19,33.9,33,58.9,261,2137,1076,23,25,26,23,294,53,29.4,69.0,1,7,25.0,11,1.05,10,10,0,0.0,0.19,11.0,15.7,-4.8,-0.43,0,10,10,0,0,0,0,35,19,19,50.0,MID,1033005.0,exact,1033005.0,2025-06-09,3000000.0,1033005,2002-07-26,Guinea-Bissau,2026-06-30,182.0,right,22.43668720054757,17.904073587385017,14.914123179965662,503.40493253521515,Developing,False,False,True,False,False,ESP,UEFA,False,False,False,False,False,True
Samu Costa,pt POR,MF,Mallorca,es La Liga,23.0,2000.0,32,31,2649,29.4,0,2,2,0,0,0,10,1,1.8,1.8,1.2,3.0,24,116,69,0.07,0.1,30,8,26.7,1.02,0.27,0.0,0.0,18.3,1,0.06,-1.8,-1.8,1164,1442,80.7,20678,5773,1.9,0.8,15,117,14,5,1406,32,25,4,19,20,7,0,0,0,0,4,36,56,1.9,41,1,3,6,4,1,6,0.2,90,44,45,42,3,79,44.3,44,48,15,33,32,122,85,1,1834,100,446,1100,298,34,1834,33,13,39.4,16,48.5,1029,3991,1591,18,1,42,35,1235,83,77.5,85.0,23,1,26.0,0,1.19,25,37,-12,-0.41,-0.76,28.5,37.7,-9.2,-0.31,1,62,63,2,0,0,0,129,68,40,63.0,MID,657430.0,exact_accent_stripped,657430.0,2025-06-09,15000000.0,657430,2000-11-27,Portugal,2028-06-30,185.0,left,24.095824777549623,41.9185282522996,16.52356082573315,580.6087717103743,Developing,False,False,True,False,False,POR,UEFA,False,False,False,False,False,True
Lassana Coulibaly,ml MLI,MF,Lecce,it Serie A,28.0,1996.0,38,30,2667,29.6,1,0,1,1,0,0,3,0,0.8,0.8,0.9,1.7,21,93,49,0.03,0.06,9,3,33.3,0.3,0.1,0.11,0.33,18.7,0,0.09,0.2,0.2,775,955,81.2,13647,3359,0.6,-0.9,12,68,7,0,933,20,20,5,4,13,0,0,0,0,0,2,23,46,1.55,34,0,1,1,7,3,2,0.07,48,29,16,28,4,61,39.3,37,45,12,33,18,66,46,1,1229,86,311,748,185,19,1229,38,18,47.4,13,34.2,623,3338,1229,18,3,33,19,714,70,78.0,80.0,17,8,32.0,0,0.89,23,38,-15,-0.51,1.41,25.4,43.9,-18.4,-0.62,0,39,44,0,1,1,0,146,31,41,43.1,MID,386552.0,exact,386552.0,2025-06-17,2500000.0,386552,1996-04-10,Mali,2027-06-30,183.0,right,28.72826830937714,29.894875164257556,14.731801689838349,825.3134000555629,Peak,False,False,False,False,True,MLI,CAF,False,True,False,False,False,False
Marius Courcoul,fr FRA,"MF,DF",Angers,fr Ligue 1,17.0,2007.0,8,3,309,3.4,0,0,0,0,0,0,0,0,0.1,0.1,0.0,0.1,5,7,7,0.0,0.04,3,1,33.3,0.87,0.29,0.0,0.0,23.0,0,0.03,-0.1,-0.1,133,155,85.8,2427,519,0.0,0.0,1,7,1,0,146,9,3,0,3,4,6,0,0,0,0,0,1,3,0.87,2,1,0,0,0,0,0,0.0,5,2,3,2,0,5,40.0,3,4,0,4,5,10,9,0,191,10,59,100,34,1,191,5,1,20.0,4,80.0,90,462,191,1,0,4,0,116,39,10.1,79.0,1,5,15.0,11,0.88,4,5,-1,-0.29,0.36,3.3,6.8,-3.5,-1.02,0,4,2,0,0,1,0,12,4,1,80.0,MID,1075575.0,exact,1075575.0,2025-06-03,300000.0,1075575,2007-01-01,France,2027-06-30,182.0,right,18.001368925393567,29.894875164257556,12.611541086966115,324.0492831881252,Emerging,False,False,False,True,False,FRA,UEFA,False,False,False,False,False,True
Bryan Cristante,it ITA,MF,Roma,it Serie A,29.0,1995.0,30,23,2045,22.7,4,2,6,4,0,0,8,0,2.1,2.1,1.4,3.5,25,145,41,0.26,0.15,30,7,23.3,1.32,0.31,0.13,0.57,16.9,0,0.07,1.9,1.9,1067,1296,82.3,18848,5259,1.3,0.6,18,143,17,0,1263,27,26,5,9,15,1,0,0,0,0,6,19,51,2.24,46,0,0,4,1,0,5,0.22,48,29,18,24,6,26,57.7,11,20,10,10,19,67,36,1,1497,57,261,981,263,41,1497,14,6,42.9,6,42.9,833,4194,2060,30,2,23,13,1057,68,59.8,81.0,15,7,25.0,0,1.73,28,20,8,0.35,-0.5,28.4,25.6,2.9,0.13,0,37,9,0,0,0,0,109,61,58,51.3,MID,199248.0,exact,199248.0,2025-06-17,7000000.0,199248,1995-03-03,Italy,2027-06-30,186.0,right,29.83436002737851,29.894875164257556,15.76142084987672,890.0890382432406,Peak,False,False,False,False,True,ITA,UEFA,False,False,False,False,False,True
Matheus Cunha,br BRA,"MF,FW",Wolves,eng Premier League,25.0,1999.0,33,29,2597,28.9,15,6,21,15,0,0,4,0,8.6,8.6,7.7,16.4,112,144,161,0.73,0.57,110,44,40.0,3.81,1.52,0.14,0.34,20.5,12,0.08,6.4,6.4,811,1133,71.6,12850,4384,5.3,-1.7,56,92,58,10,938,185,52,14,15,142,32,73,40,23,3,10,34,132,4.57,75,14,19,9,12,3,16,0.55,38,22,17,16,5,39,33.3,26,21,1,20,17,55,23,0,1561,23,181,695,733,133,1560,137,61,44.5,61,44.5,904,6724,3336,95,41,80,55,1056,79,75.9,85.0,19,4,31.0,0,0.97,41,54,-13,-0.45,-0.23,32.6,44.5,-11.9,-0.41,0,42,71,8,0,1,0,125,13,29,31.0,MID,517894.0,exact,517894.0,2025-05-30,60000000.0,517894,1999-05-27,Brazil,2030-06-30,183.0,right,25.60164271047228,65.90013140604468,17.909855136853043,655.4441094746784,Developing,False,True,False,False,False,BRA,CONMEBOL,False,False,False,True,False,False
Lucas Da Cunha,fr FRA,MF,Como,it Serie A,23.0,2001.0,36,30,2613,29.0,3,2,5,3,0,0,4,0,2.0,2.0,3.8,5.8,63,154,85,0.17,0.2,37,14,37.8,1.27,0.48,0.08,0.21,23.8,3,0.05,1.0,1.0,1439,1702,84.5,23414,6615,4.7,-1.8,55,140,29,9,1552,147,81,3,12,102,6,60,11,29,0,3,30,110,3.79,70,28,1,6,4,1,7,0.24,45,25,17,19,9,39,51.3,19,18,3,15,17,62,30,1,1929,54,377,1031,528,40,1929,30,12,40.0,17,56.7,1200,6198,3078,52,13,20,16,1382,73,76.4,82.0,14,6,25.0,2,1.28,35,37,-2,-0.07,0.04,33.8,29.8,4.0,0.14,0,21,29,1,0,0,0,157,16,25,39.0,MID,495667.0,exact,495667.0,2025-06-17,10000000.0,495667,2001-06-09,France,2029-06-30,174.0,left,23.564681724845997,53.90932982917214,16.118095750958314,555.2942247932909,Developing,False,False,False,False,True,FRA,UEFA,False,False,False,False,False,True
Mahmoud Dahoud,de GER,MF,Eint Frankfurt,de Bundesliga,28.0,1996.0,9,3,364,4.0,1,1,2,1,0,0,2,0,0.5,0.5,0.7,1.2,1,17,6,0.49,0.31,7,2,28.6,1.73,0.49,0.14,0.5,22.6,1,0.08,0.5,0.5,191,225,84.9,2869,939,0.6,0.3,8,10,5,0,218,6,5,2,1,4,0,1,0,1,0,1,6,13,3.21,10,0,0,2,0,1,2,0.49,9,4,4,5,0,6,66.7,2,5,1,4,2,11,5,0,263,8,65,150,49,3,263,3,1,33.3,2,66.7,160,521,211,6,0,4,2,192,40,11.9,71.0,1,6,25.0,16,1.89,14,9,5,1.24,0.67,9.2,7.2,2.0,0.49,0,10,2,0,0,0,0,20,1,2,33.3,MID,191422.0,exact,191422.0,2025-06-05,3500000.0,191422,1996-01-01,Syria,2026-06-30,178.0,right,29.00205338809035,17.904073587385017,15.068273812173887,841.1191007256429,Peak,True,False,False,False,False,GER,UEFA,False,False,False,False,False,True
Mikkel Damsgaard,dk DEN,"MF,FW",Brentford,eng Premier League,24.0,2000.0,38,34,2911,32.3,2,10,12,2,0,0,2,0,2.8,2.8,8.4,11.2,73,234,137,0.37,0.35,35,7,20.0,1.08,0.22,0.06,0.29,17.6,3,0.08,-0.8,-0.8,1107,1529,72.4,19063,7512,7.0,1.6,63,167,73,17,1368,153,33,27,5,144,9,60,53,0,0,8,36,120,3.71,92,14,6,2,1,5,21,0.65,83,44,27,29,27,81,38.3,50,40,3,37,27,110,31,2,1883,36,331,863,713,76,1883,97,50,51.5,36,37.1,1076,5883,3075,54,9,63,47,1239,77,85.1,83.0,11,4,23.0,0,1.47,58,41,17,0.53,1.94,52.8,45.0,7.8,0.24,0,18,27,6,0,0,0,179,12,27,30.8,MID,540941.0,exact,540941.0,2025-05-30,28000000.0,540941,2000-07-03,Denmark,2030-06-30,180.0,right,24.49828884325804,65.90013140604468,17.147715103853763,600.1661562477015,Developing,False,True,False,False,False,DEN,UEFA,False,False,False,False,False,True
Danilo,br BRA,"MF,FW",Nott'ham Forest,eng Premier League,23.0,2001.0,8,5,275,3.1,0,0,0,0,0,0,0,0,0.0,0.0,0.0,0.0,2,11,1,0.0,0.0,0,0,,0.0,0.0,,,,0,,0.0,0.0,94,121,77.7,1541,549,0.0,0.0,0,13,0,0,119,1,0,0,0,3,0,1,1,0,0,1,5,7,2.31,7,0,0,0,0,0,2,0.66,8,4,7,1,0,6,50.0,3,2,1,1,4,12,3,0,150,8,54,85,13,0,150,6,3,50.0,3,50.0,54,237,61,0,0,6,0,87,34,8.0,47.0,0,3,13.0,6,2.13,8,4,4,1.31,1.08,3.2,4.8,-1.6,-0.54,0,2,0,0,0,0,0,19,1,2,33.3,MID,808509.0,exact_birthyear_corrected,808509.0,2025-05-30,28000000.0,808509,2001-04-29,Brazil,2029-06-30,177.0,left,23.67693360711841,53.90932982917214,17.147715103853763,560.5971850358933,Developing,False,True,False,False,False,BRA,CONMEBOL,False,False,False,True,False,False
Kévin Danois,fr FRA,MF,Auxerre,fr Ligue 1,20.0,2004.0,22,16,1460,16.2,0,0,0,0,0,0,1,0,1.5,1.5,2.2,3.7,19,95,50,0.0,0.23,17,3,17.6,1.05,0.18,0.0,0.0,17.4,0,0.09,-1.5,-1.5,585,718,81.5,9757,2615,2.0,-2.2,25,62,11,2,703,15,8,3,11,14,7,0,0,0,0,0,14,54,3.33,45,0,5,2,1,1,6,0.37,49,30,20,22,7,46,43.5,26,17,3,14,20,69,20,0,912,35,197,470,256,37,912,41,21,51.2,19,46.3,570,2743,1230,19,5,25,24,597,66,47.7,84.0,10,6,21.0,1,1.36,26,21,5,0.31,0.76,23.3,28.9,-5.6,-0.35,0,22,18,2,0,0,0,102,14,18,43.8,MID,743496.0,exact,743496.0,2025-06-03,8000000.0,743496,2004-06-28,France,2029-06-30,183.0,right,20.511978097193705,53.90932982917214,15.894952224644102,420.7412454597543,Emerging,False,False,False,True,False,FRA,UEFA,False,False,False,False,False,True
Bence Dárdai,hu HUN,MF,Wolfsburg,de Bundesliga,18.0,2006.0,21,16,1304,14.5,1,1,2,1,0,0,0,0,1.0,1.0,1.0,2.1,5,39,24,0.14,0.14,11,1,9.1,0.76,0.07,0.09,1.0,14.8,0,0.1,0.0,0.0,357,445,80.2,5317,1399,1.0,0.0,11,35,9,2,426,18,10,1,1,10,3,1,1,0,0,1,13,24,1.66,17,0,0,4,3,0,2,0.14,24,14,9,13,2,30,53.3,14,20,4,16,12,36,28,1,595,25,144,314,137,18,595,12,3,25.0,5,41.7,287,1017,382,6,0,18,11,337,62,42.6,75.0,3,5,20.0,13,1.52,22,24,-2,-0.14,-0.34,16.7,22.5,-5.8,-0.4,0,9,16,0,1,0,0,52,10,15,40.0,MID,789252.0,exact,789252.0,2025-06-05,12000000.0,789252,2006-01-24,Hungary,2029-06-30,189.0,right,18.937713894592743,53.90932982917214,16.300417291085605,358.63700755345104,Emerging,True,False,False,False,False,HUN,UEFA,False,False,False,False,False,True
Sergi Darder,es ESP,"MF,FW",Mallorca,es La Liga,30.0,1993.0,38,34,2744,30.5,2,6,8,2,0,0,4,0,2.1,2.1,3.7,5.8,37,142,83,0.26,0.19,36,9,25.0,1.18,0.3,0.06,0.22,24.2,1,0.06,-0.1,-0.1,981,1302,75.3,18512,5664,5.3,2.3,54,122,33,15,1093,201,70,8,23,163,16,71,27,36,3,8,25,96,3.15,46,44,2,4,0,0,7,0.23,40,26,15,16,9,46,37.0,29,19,1,18,16,56,23,1,1558,19,173,887,518,29,1558,74,34,45.9,30,40.5,911,5026,2211,58,7,36,30,1030,72,80.2,78.0,9,4,19.0,0,1.26,27,33,-6,-0.2,0.2,30.3,37.0,-6.6,-0.22,0,21,37,3,0,0,0,122,13,10,56.5,MID,142021.0,exact,142021.0,2025-06-09,4000000.0,142021,1993-12-22,Spain,2028-06-30,180.0,right,31.028062970568104,41.9185282522996,15.201805169084134,962.7406917055396,Declining,False,False,True,False,False,ESP,UEFA,False,False,False,False,False,True
Lukas Daschner,de GER,"MF,FW",Bochum,de Bundesliga,25.0,1998.0,14,3,412,4.6,1,1,2,1,0,1,0,0,2.7,1.9,0.7,2.6,8,11,19,0.44,0.74,8,4,50.0,1.75,0.87,0.13,0.25,15.8,0,0.24,-1.7,-0.9,93,144,64.6,1531,522,0.3,0.3,6,9,1,0,126,18,7,3,0,19,1,7,4,3,0,0,1,10,2.18,7,2,1,0,0,0,1,0.22,4,2,1,2,1,9,22.2,7,5,0,5,0,4,5,0,213,5,26,100,90,14,212,15,5,33.3,10,66.7,116,606,260,7,1,21,2,131,29,13.5,61.0,0,11,21.0,4,0.43,5,11,-6,-1.31,-0.36,6.4,12.7,-6.3,-1.37,0,4,2,0,0,0,0,17,4,8,33.3,MID,334213.0,exact,334213.0,2025-06-10,900000.0,334213,1998-10-01,Germany,2028-06-30,185.0,both,26.253251197809718,41.9185282522996,13.710151153416941,689.2331984552974,Peak,True,False,False,False,False,GER,UEFA,False,False,False,False,False,True
Kevin De Bruyne,be BEL,"MF,FW",Manchester City,eng Premier League,33.0,1991.0,28,19,1702,18.9,4,7,11,4,0,0,2,0,5.1,5.1,8.0,13.1,51,157,150,0.58,0.69,57,15,26.3,3.01,0.79,0.07,0.27,21.4,8,0.09,-1.1,-1.1,908,1196,75.9,15487,4454,6.7,-1.0,57,88,59,13,1031,160,32,15,10,145,18,94,33,20,2,5,28,113,5.97,73,26,3,6,3,2,11,0.58,17,9,7,5,5,23,21.7,18,8,0,8,7,24,10,1,1368,10,75,455,850,79,1368,34,13,38.2,17,50.0,812,4001,2076,51,20,26,28,1021,61,49.8,83.0,7,9,15.0,5,1.82,42,19,23,1.22,0.95,34.4,21.1,13.2,0.7,0,17,18,5,0,0,0,64,5,16,23.8,MID,88755.0,exact,88755.0,2025-05-30,20000000.0,88755,1991-06-28,Belgium,2027-06-30,181.0,right,33.51403148528405,29.894875164257556,16.811242881518265,1123.1903063966106,Declining,False,True,False,False,False,BEL,UEFA,False,False,False,False,False,True
Charles De Ketelaere,be BEL,"MF,FW",Atalanta,it Serie A,23.0,2001.0,36,25,2070,23.0,7,7,14,7,0,0,1,0,7.3,7.3,6.0,13.2,108,140,211,0.61,0.57,48,20,41.7,2.09,0.87,0.15,0.35,12.2,0,0.15,-0.3,-0.3,754,995,75.8,11207,3089,4.8,1.0,39,81,53,9,932,56,11,14,5,56,26,2,1,0,0,7,26,88,3.83,73,0,5,7,3,0,14,0.61,13,9,2,9,2,15,26.7,11,14,3,11,3,16,9,1,1238,10,75,530,657,135,1238,95,43,45.3,45,47.4,832,5658,3023,75,41,52,50,1008,58,60.5,70.0,5,11,28.0,0,1.89,49,22,27,1.17,0.24,38.0,23.7,14.3,0.62,0,22,39,2,0,0,0,78,36,38,48.6,MID,435772.0,exact,435772.0,2025-06-17,35000000.0,435772,2001-03-10,Belgium,2028-06-30,192.0,left,23.813826146475016,41.9185282522996,17.370858648025116,567.0983157345371,Developing,False,False,False,False,True,BEL,UEFA,False,False,False,False,False,True
Rodrigo De Paul,ar ARG,MF,Atlético Madrid,es La Liga,30.0,1994.0,34,23,2106,23.4,3,5,8,3,0,0,7,0,1.3,1.3,5.6,6.9,85,231,64,0.34,0.29,19,4,21.1,0.81,0.17,0.16,0.75,24.3,0,0.07,1.7,1.7,1449,1773,81.7,24390,7515,5.8,-0.6,42,180,58,13,1650,111,79,27,14,59,18,12,2,7,0,12,28,90,3.84,77,6,1,3,2,1,13,0.56,33,26,12,16,5,33,42.4,19,25,2,23,6,39,15,3,1950,27,308,1144,517,20,1950,35,14,40.0,15,42.9,1373,7726,4286,66,3,33,24,1544,62,61.6,76.0,8,11,33.0,0,1.94,41,17,24,1.03,0.07,41.8,20.5,21.3,0.91,0,19,49,0,0,0,0,128,4,7,36.4,MID,255901.0,exact,255901.0,2025-06-09,25000000.0,255901,1994-05-24,Argentina,2029-12-31,178.0,right,30.60917180013689,59.95400788436268,17.034386422832473,936.9213982902955,Declining,False,False,True,False,False,ARG,CONMEBOL,False,False,False,True,False,False
Alessandro Deiola,it ITA,MF,Cagliari,it Serie A,28.0,1995.0,29,16,1432,15.9,2,1,3,2,0,0,6,0,1.7,1.7,0.6,2.4,11,40,36,0.19,0.15,18,5,27.8,1.13,0.31,0.11,0.4,18.1,0,0.1,0.3,0.3,384,523,73.4,6550,1881,0.7,0.4,6,45,8,1,508,13,6,2,7,14,7,0,0,0,0,2,20,26,1.63,19,1,0,3,2,1,3,0.19,31,20,11,17,3,32,31.3,22,26,12,14,13,44,38,0,686,49,189,352,152,20,686,4,3,75.0,1,25.0,332,1201,553,4,1,15,11,398,49,41.9,74.0,5,13,20.0,8,0.83,16,22,-6,-0.38,0.08,18.8,25.1,-6.3,-0.4,0,32,11,0,0,0,0,68,37,29,56.1,MID,235931.0,exact,235931.0,2025-06-17,1600000.0,235931,1995-08-01,Italy,2029-06-30,190.0,right,29.420944558521562,53.90932982917214,14.285514812209815,865.5919787155995,Peak,False,False,False,False,True,ITA,UEFA,False,False,False,False,False,True
Fisayo Dele-Bashiru,ng NGA,"MF,FW",Lazio,it Serie A,23.0,2001.0,20,12,947,10.5,3,1,4,3,0,0,0,0,1.1,1.1,0.8,1.9,23,26,57,0.38,0.18,16,5,31.3,1.52,0.48,0.19,0.6,20.9,0,0.07,1.9,1.9,315,359,87.7,4445,711,0.8,0.2,10,23,4,1,354,4,4,0,0,7,0,0,0,0,0,1,7,24,2.28,17,0,5,2,0,0,1,0.09,10,6,3,3,4,6,33.3,4,10,2,8,4,14,5,0,436,12,60,229,151,29,436,22,14,63.6,6,27.3,257,1534,704,11,11,16,17,335,47,27.7,68.0,5,8,17.0,16,1.55,11,16,-5,-0.48,-1.09,9.3,12.9,-3.5,-0.33,0,8,4,0,0,0,0,48,3,13,18.8,MID,530742.0,exact,530742.0,2025-06-17,7500000.0,530742,2001-02-06,Nigeria,2028-06-30,186.0,right,23.901437371663246,41.9185282522996,15.830413711839864,571.2787084315404,Developing,False,False,False,False,True,NGA,CAF,False,True,False,False,False,False
Justin Devenny,nir NIR,MF,Crystal Palace,eng Premier League,20.0,2003.0,23,4,507,5.6,1,1,2,1,0,0,1,0,0.8,0.8,0.6,1.4,5,21,13,0.36,0.25,10,6,60.0,1.78,1.07,0.1,0.17,21.1,1,0.08,0.2,0.2,148,205,72.2,2433,730,0.4,0.4,7,22,4,1,184,19,7,1,1,17,0,9,4,4,0,2,2,15,2.66,12,2,0,1,0,0,1,0.18,17,12,7,9,1,19,42.1,11,6,1,5,0,17,11,0,279,8,53,149,83,8,279,4,2,50.0,2,50.0,134,701,333,5,1,17,3,167,22,14.8,68.0,0,19,12.0,7,1.65,8,8,0,0.0,0.0,8.4,9.1,-0.7,-0.12,0,8,0,1,0,0,0,27,2,13,13.3,MID,747009.0,exact,747009.0,2025-05-30,6000000.0,747009,2003-10-11,Northern Ireland,2027-06-30,184.0,left,21.22655715263518,29.894875164257556,15.607270193858982,450.5667285540878,Emerging,False,True,False,False,False,NIR,UEFA,False,False,False,False,False,True
Boulaye Dia,sn SEN,"MF,FW",Lazio,it Serie A,27.0,1996.0,35,27,2177,24.2,9,3,12,9,0,0,2,0,7.1,7.1,4.2,11.3,23,51,114,0.5,0.47,39,19,48.7,1.61,0.79,0.23,0.47,13.3,0,0.18,1.9,1.9,494,591,83.6,7767,1110,1.5,-1.2,26,37,7,0,578,11,1,7,5,2,0,0,0,0,0,2,13,55,2.27,40,0,4,8,2,1,8,0.33,22,10,5,12,5,16,43.8,9,12,1,11,6,28,16,1,802,19,85,436,293,94,802,42,17,40.5,22,52.4,452,2314,820,14,9,33,34,618,62,63.7,72.0,5,8,31.0,2,1.77,39,24,15,0.62,0.84,36.6,21.7,14.9,0.62,0,23,24,4,1,0,0,55,21,56,27.3,MID,626913.0,exact,626913.0,2025-06-17,15000000.0,626913,1996-11-16,Senegal,2028-06-30,180.0,right,28.125941136208077,41.9185282522996,16.52356082573315,791.0685647974417,Peak,False,False,False,False,True,SEN,CAF,False,True,False,False,False,False
Amad Diallo,ci CIV,"MF,FW",Manchester Utd,eng Premier League,22.0,2002.0,26,20,1901,21.1,8,6,14,8,0,0,5,0,4.7,4.7,4.9,9.6,109,60,200,0.66,0.45,47,17,36.2,2.23,0.8,0.17,0.47,17.5,0,0.1,3.3,3.3,795,949,83.8,11030,2193,4.2,1.1,49,27,35,7,859,86,5,3,1,42,49,32,23,1,1,4,20,97,4.59,65,9,10,3,6,4,18,0.85,38,31,9,20,9,32,59.4,13,15,2,13,11,49,19,1,1207,16,175,443,607,131,1207,88,41,46.6,43,48.9,782,5295,2750,53,66,42,35,854,73,55.6,87.0,14,6,28.0,2,1.08,28,30,-2,-0.09,0.38,31.8,31.4,0.4,0.02,0,21,28,9,2,0,0,109,10,15,40.0,MID,536835.0,exact,536835.0,2025-05-30,45000000.0,536835,2002-07-11,Cote d'Ivoire,2030-06-30,173.0,left,22.477754962354553,65.90013140604468,17.622173069956816,505.24946814765474,Developing,False,True,False,False,False,CIV,CAF,False,True,False,False,False,False
Habib Diarra,sn SEN,"MF,FW",Strasbourg,fr Ligue 1,20.0,2004.0,30,27,2352,26.1,4,5,9,2,2,2,6,0,3.3,1.8,4.5,6.3,61,116,114,0.27,0.3,25,10,40.0,0.96,0.38,0.08,0.2,20.2,1,0.07,0.7,0.2,812,978,83.0,13413,2876,4.3,0.5,27,64,27,12,936,40,11,6,5,54,10,0,0,0,0,2,25,57,2.18,47,1,0,3,6,0,8,0.31,22,13,6,13,3,20,40.0,12,22,6,16,13,35,46,3,1214,50,276,610,342,42,1212,49,13,26.5,32,65.3,709,3457,1837,37,12,30,22,885,78,76.9,84.0,19,3,26.0,0,1.6,40,34,6,0.23,-0.53,37.5,42.2,-4.7,-0.18,0,26,52,1,1,0,0,90,12,16,42.9,MID,876631.0,exact,876631.0,2025-06-03,20000000.0,876631,2004-01-03,Senegal,2030-06-30,178.0,right,20.996577686516083,65.90013140604468,16.811242881518265,440.8562745459051,Emerging,False,False,False,True,False,SEN,CAF,False,True,False,False,False,False
Mahamadou Diawara,fr FRA,MF,Le Havre,fr Ligue 1,19.0,2005.0,15,6,582,6.5,0,1,1,0,0,0,0,0,0.4,0.4,0.4,0.8,9,16,6,0.15,0.12,7,1,14.3,1.08,0.15,0.0,0.0,20.4,0,0.06,-0.4,-0.4,193,233,82.8,3436,571,0.3,0.6,7,15,1,0,225,6,2,0,2,5,1,1,1,0,0,2,11,14,2.16,13,0,0,1,0,0,1,0.15,20,12,10,8,2,13,61.5,5,13,6,7,13,33,11,1,321,19,85,159,84,11,321,13,6,46.2,5,38.5,180,1062,502,5,0,8,7,183,39,19.0,68.0,1,9,19.0,0,1.4,12,11,1,0.15,1.32,11.6,10.6,1.1,0.16,0,15,7,0,0,0,0,40,2,7,22.2,MID,1053147.0,exact,1053147.0,2025-06-03,2000000.0,1053147,2005-02-17,France,2026-06-30,187.0,left,19.871321013004792,17.904073587385017,14.508658238524095,394.8693988018858,Emerging,False,False,False,True,False,FRA,UEFA,False,False,False,False,False,True
Pedro Díaz,es ESP,MF,Rayo Vallecano,es La Liga,26.0,1998.0,26,12,1211,13.5,3,0,3,3,0,1,2,0,2.4,1.6,2.1,3.7,27,62,49,0.22,0.33,31,7,22.6,2.3,0.52,0.1,0.43,24.6,1,0.05,0.6,1.4,446,566,78.8,6612,1964,2.1,-2.1,26,45,17,2,523,37,14,2,8,42,0,23,11,10,0,6,10,50,3.72,33,7,5,5,0,0,5,0.37,23,15,7,14,2,41,34.1,27,16,0,16,7,30,7,1,707,7,116,337,265,19,706,34,20,58.8,13,38.2,390,2175,1177,30,2,24,8,459,47,35.4,73.0,3,14,24.0,12,1.27,15,17,-2,-0.15,-0.07,16.4,19.6,-3.2,-0.24,0,7,6,0,0,0,0,80,5,8,38.5,MID,653363.0,exact_birthyear_corrected,653363.0,2025-06-12,400000.0,653363,1998-04-21,Peru,2028-12-31,184.0,right,26.699520876112253,47.96320630749014,12.899222326086994,712.864415013954,Peak,False,False,True,False,False,ESP,UEFA,False,False,False,False,False,True
Junior Dina Ebimbe,fr FRA,"MF,FW",Eint Frankfurt,de Bundesliga,23.0,2000.0,7,3,293,3.3,0,1,1,0,0,0,0,0,0.9,0.9,0.9,1.8,5,3,27,0.31,0.56,8,0,0.0,2.46,0.0,0.0,,16.5,0,0.11,-0.9,-0.9,71,112,63.4,1130,280,0.6,0.1,3,1,2,0,104,8,0,0,1,8,8,0,0,0,0,0,1,6,1.85,2,0,0,2,2,0,1,0.31,3,2,1,2,0,3,33.3,2,4,0,4,7,10,6,0,161,5,27,74,62,16,161,11,5,45.5,5,45.5,82,408,197,6,3,8,4,105,42,9.6,61.0,0,4,28.0,2,1.57,7,4,3,0.92,0.3,5.9,6.1,-0.2,-0.06,0,10,4,1,0,1,0,11,8,4,66.7,MID,536482.0,exact,536482.0,2025-06-05,6000000.0,536482,2000-11-21,Cameroon,2026-06-30,184.0,right,24.112251882272417,17.904073587385017,15.607270193858982,581.4006908341497,Developing,True,False,False,False,False,FRA,UEFA,False,False,False,False,False,True
Eren Dinkçi,de GER,"MF,FW",Freiburg,de Bundesliga,22.0,2001.0,23,13,1196,13.3,0,3,3,0,0,0,1,0,1.1,1.1,2.2,3.3,33,35,71,0.23,0.25,14,3,21.4,1.05,0.23,0.0,0.0,19.0,0,0.08,-1.1,-1.1,297,394,75.4,4230,1090,1.2,0.8,23,24,11,3,388,4,0,1,1,15,0,1,0,0,0,2,17,43,3.23,36,0,3,1,2,1,5,0.38,21,13,8,8,5,23,30.4,16,22,2,20,7,28,7,0,552,6,71,259,233,36,552,39,16,41.0,23,59.0,269,1733,941,26,9,31,12,347,52,39.1,72.0,3,10,26.0,2,1.52,19,18,1,0.08,0.32,16.8,14.5,2.4,0.18,0,9,6,1,1,0,0,55,6,14,30.0,MID,645774.0,exact,645774.0,2025-06-05,8000000.0,645774,2001-12-13,Türkiye,2026-06-30,188.0,right,23.052703627652292,17.904073587385017,15.894952224644102,531.4271445443732,Developing,True,False,False,False,False,GER,UEFA,False,False,False,False,False,True
Yan Diomandé,ci CIV,"MF,FW",Leganés,es La Liga,17.0,2006.0,10,6,545,6.1,2,1,3,2,0,0,1,0,1.4,1.4,0.9,2.3,37,16,64,0.5,0.38,11,3,27.3,1.82,0.5,0.18,0.67,17.3,0,0.13,0.6,0.6,166,200,83.0,2229,543,0.9,0.1,14,4,7,1,189,11,1,1,0,12,10,0,0,0,0,0,5,37,6.11,25,0,8,2,1,1,5,0.83,14,9,1,8,5,15,33.3,10,8,0,8,8,22,6,0,309,4,49,108,161,42,309,38,23,60.5,14,36.8,200,1582,966,16,20,26,16,204,55,15.9,73.0,3,4,28.0,0,1.3,8,7,1,0.17,0.73,8.4,6.6,1.9,0.31,0,8,16,2,0,0,0,41,3,12,20.0,MID,1390649.0,exact_accent_stripped,1390649.0,2025-06-09,1500000.0,1390649,2006-11-14,Cote d'Ivoire,2030-06-30,180.0,right,18.132785763175907,65.90013140604468,14.220976332738882,328.79791953323485,Emerging,False,False,True,False,False,CIV,CAF,False,True,False,False,False,False
Sofiane Diop,fr FRA,"MF,FW",Nice,fr Ligue 1,24.0,2000.0,28,8,1064,11.8,6,4,10,6,0,0,3,0,6.0,6.0,2.9,8.9,26,64,70,0.85,0.75,22,11,50.0,1.86,0.93,0.27,0.55,16.4,3,0.27,0.0,0.0,436,565,77.2,6822,2216,2.8,1.1,24,47,19,1,523,40,14,16,7,33,3,22,7,8,0,2,12,47,3.98,37,4,0,2,4,0,9,0.76,23,16,16,3,4,22,40.9,13,19,2,17,17,40,7,1,714,17,101,347,277,35,714,31,10,32.3,20,64.5,399,2069,944,19,4,20,18,508,38,34.8,81.0,2,20,21.0,1,1.86,26,19,7,0.59,-0.22,24.7,17.0,7.7,0.65,0,17,19,3,0,0,0,73,3,8,27.3,MID,569389.0,exact,569389.0,2025-06-03,10000000.0,569389,2000-06-09,Morocco,2027-06-30,175.0,right,24.56399726214921,29.894875164257556,16.118095750958314,603.389961494874,Developing,False,False,False,True,False,FRA,UEFA,False,False,False,False,False,True
Andy Diouf,fr FRA,MF,Lens,fr Ligue 1,21.0,2003.0,34,27,2225,24.7,1,2,3,1,0,0,2,0,2.9,2.9,2.8,5.7,82,116,94,0.12,0.23,40,5,12.5,1.62,0.2,0.03,0.2,20.0,0,0.07,-1.9,-1.9,849,1068,79.5,11438,2865,3.3,-0.8,33,60,31,3,1030,27,15,13,2,30,0,11,8,3,0,11,30,85,3.44,63,1,11,7,2,1,3,0.12,37,26,10,22,5,40,40.0,24,24,1,23,15,52,18,2,1367,23,158,741,505,51,1367,87,43,49.4,37,42.5,751,5197,2776,74,10,75,42,966,65,72.7,77.0,8,7,22.0,0,1.53,27,23,4,0.16,0.27,36.4,31.9,4.5,0.18,0,43,21,2,0,1,0,154,18,31,36.7,MID,711976.0,exact,711976.0,2025-06-03,15000000.0,711976,2003-05-17,France,2030-06-30,187.0,left,21.6290212183436,65.90013140604468,16.52356082573315,467.81455886355764,Emerging,False,False,False,True,False,FRA,UEFA,False,False,False,False,False,True
Assane Dioussé,sn SEN,MF,Auxerre,fr Ligue 1,26.0,1997.0,17,7,663,7.4,0,0,0,0,0,0,1,0,0.1,0.1,0.2,0.3,1,33,6,0.0,0.04,3,2,66.7,0.41,0.27,0.0,0.0,27.7,0,0.02,-0.1,-0.1,320,357,89.6,5872,1510,0.1,-0.2,2,21,0,0,355,2,2,0,7,1,0,0,0,0,0,0,4,13,1.76,11,0,0,1,0,1,1,0.14,15,7,9,5,1,14,35.7,9,6,2,4,12,27,15,0,431,19,115,271,52,4,431,6,2,33.3,3,50.0,276,1190,400,5,1,6,4,281,39,21.7,81.0,2,10,9.0,17,1.0,9,10,-1,-0.14,-0.06,7.7,13.5,-5.8,-0.78,0,18,11,0,0,0,0,41,1,3,25.0,MID,287635.0,exact,287635.0,2025-06-03,700000.0,287635,1997-09-20,Senegal,2026-06-30,175.0,left,27.28268309377139,17.904073587385017,13.45883704259595,744.3447967951591,Peak,False,False,False,True,False,SEN,CAF,False,True,False,False,False,False
Nicolás Domínguez,ar ARG,"MF,FW",Nott'ham Forest,eng Premier League,26.0,1998.0,34,23,1963,21.8,0,1,1,0,0,0,9,0,1.5,1.5,1.3,2.8,16,83,33,0.05,0.13,21,9,42.9,0.96,0.41,0.0,0.0,18.9,0,0.07,-1.5,-1.5,821,947,86.7,11995,3387,1.6,-0.3,13,81,11,1,890,50,22,7,0,7,6,0,0,0,0,7,11,38,1.74,29,1,0,3,3,2,0,0.0,86,45,40,35,11,76,47.4,40,38,12,26,29,115,54,1,1218,78,303,630,295,33,1218,9,3,33.3,4,44.4,471,1863,924,14,2,23,12,676,58,57.4,73.0,5,11,26.0,3,1.76,31,27,4,0.18,-0.31,25.4,31.1,-5.6,-0.26,0,33,18,1,0,0,0,114,27,23,54.0,MID,497291.0,exact,497291.0,2025-05-30,18000000.0,497291,1998-06-28,Argentina,2028-06-30,179.0,right,26.51334702258727,41.9185282522996,16.705882371415992,702.9575703401372,Peak,False,True,False,False,False,ARG,CONMEBOL,False,False,False,True,False,False
Niklas Dorsch,de GER,MF,Heidenheim,de Bundesliga,26.0,1998.0,22,19,1335,14.8,2,2,4,2,0,0,5,1,1.0,1.0,1.1,2.1,13,57,21,0.27,0.14,9,3,33.3,0.61,0.2,0.22,0.67,23.0,2,0.11,1.0,1.0,573,687,83.4,10988,3060,2.0,0.9,13,46,16,8,597,88,53,0,18,37,3,28,12,8,0,2,3,35,2.36,22,10,0,0,1,2,2,0.13,27,16,12,15,0,22,59.1,9,14,1,13,17,44,17,2,798,32,190,480,147,8,798,14,7,50.0,6,42.9,459,2364,1013,10,1,16,13,489,61,43.6,67.0,1,3,21.0,1,0.95,15,25,-10,-0.67,0.21,13.9,20.1,-6.2,-0.42,0,15,20,0,0,0,0,74,7,9,43.8,MID,251302.0,exact,251302.0,2025-06-05,3500000.0,251302,1998-01-15,Germany,2028-06-30,178.0,right,26.962354551676935,41.9185282522996,15.068273812173887,726.9685629703339,Peak,True,False,False,False,False,GER,UEFA,False,False,False,False,False,True
Abdoulaye Doucouré,ml MLI,MF,Everton,eng Premier League,31.0,1993.0,33,31,2564,28.5,3,2,5,3,0,0,5,1,4.1,4.1,2.4,6.6,42,82,96,0.18,0.23,31,9,29.0,1.09,0.32,0.1,0.33,14.0,0,0.13,-1.1,-1.1,725,903,80.3,10909,2254,1.4,-0.4,28,44,15,0,884,14,5,0,2,23,0,0,0,0,0,5,27,58,2.04,52,0,3,2,0,1,3,0.11,48,28,21,20,7,43,32.6,29,31,6,25,10,58,20,1,1161,32,225,538,413,65,1161,45,24,53.3,21,46.7,604,2952,1396,26,8,38,38,750,78,75.0,82.0,16,2,12.0,1,1.3,28,33,-5,-0.18,-0.49,31.0,34.8,-3.8,-0.13,1,49,5,10,0,0,0,150,30,44,40.5,MID,127187.0,exact,127187.0,2025-05-30,7000000.0,127187,1993-01-01,Mali,2027-06-30,183.0,right,32.0,29.894875164257556,15.76142084987672,1024.0,Declining,False,True,False,False,False,MLI,CAF,False,True,False,False,False,False
Cheick Doucouré,ml MLI,MF,Crystal Palace,eng Premier League,24.0,2000.0,13,4,452,5.0,0,0,0,0,0,0,1,0,0.4,0.4,0.0,0.4,2,19,7,0.0,0.08,7,0,0.0,1.39,0.0,0.0,,20.6,0,0.06,-0.4,-0.4,174,204,85.3,2909,823,0.1,0.0,1,17,3,0,201,3,3,0,0,1,0,0,0,0,0,0,4,9,1.79,5,0,0,2,1,1,3,0.6,16,8,6,8,2,11,45.5,6,4,0,4,11,27,10,1,263,11,56,165,45,4,263,5,2,40.0,2,40.0,133,581,280,7,1,4,7,160,35,13.2,55.0,0,9,26.0,4,1.38,5,6,-1,-0.2,-0.23,6.8,7.7,-0.9,-0.17,0,7,7,0,0,0,0,31,5,5,50.0,MID,543387.0,exact,543387.0,2025-05-30,25000000.0,543387,2000-01-08,Mali,2029-06-30,180.0,right,24.982888432580424,53.90932982917214,17.034386422832473,624.1447144347608,Developing,False,True,False,False,False,MLI,CAF,False,True,False,False,False,False
Kamory Doumbia,ml MLI,"MF,FW",Brest,fr Ligue 1,21.0,2003.0,30,13,1322,14.7,3,2,5,3,0,0,1,0,2.7,2.7,1.2,3.9,17,72,54,0.34,0.27,22,10,45.5,1.5,0.68,0.14,0.3,16.7,1,0.13,0.3,0.3,561,697,80.5,9267,2216,1.8,0.8,26,56,9,1,631,60,20,7,2,48,3,27,12,15,0,6,10,58,3.95,36,11,2,1,4,4,7,0.48,41,29,17,17,7,31,45.2,17,17,1,16,28,69,13,1,895,18,149,498,260,34,895,35,19,54.3,16,45.7,467,2254,1007,20,3,42,24,567,44,43.2,72.0,1,17,22.0,1,1.47,24,23,1,0.07,0.48,15.3,23.6,-8.4,-0.57,0,17,22,1,0,0,0,87,10,22,31.3,MID,671594.0,exact,671594.0,2025-06-03,4000000.0,671594,2003-02-18,Mali,2029-06-30,170.0,right,21.869952087611225,53.90932982917214,15.201805169084134,478.29480431441056,Emerging,False,False,False,True,False,MLI,CAF,False,True,False,False,False,False
Flynn Downes,eng ENG,MF,Southampton,eng Premier League,25.0,1999.0,27,25,2151,23.9,1,0,1,1,0,0,12,0,0.6,0.6,1.1,1.7,29,66,29,0.04,0.07,10,3,30.0,0.42,0.13,0.1,0.33,18.7,0,0.06,0.4,0.4,1003,1109,90.4,14646,2893,1.4,-1.1,15,62,12,0,1079,29,29,7,1,4,0,0,0,0,0,1,13,31,1.3,27,2,0,1,0,1,2,0.08,49,25,23,21,5,36,41.7,21,28,9,19,32,81,51,4,1339,99,403,719,227,21,1339,20,8,40.0,8,40.0,641,3520,1826,21,4,15,17,945,80,62.9,85.0,18,2,13.0,2,0.33,14,49,-35,-1.46,0.31,21.2,46.7,-25.5,-1.07,0,50,39,0,0,0,0,83,17,17,50.0,MID,506189.0,exact,506189.0,2025-05-30,13000000.0,506189,1999-01-20,England,2028-06-30,178.0,right,25.949349760438057,41.9185282522996,16.380459992348886,673.3687529895467,Developing,False,True,False,False,False,ENG,UEFA,False,False,False,False,False,True
Tommy Doyle,eng ENG,MF,Wolves,eng Premier League,22.0,2001.0,24,3,488,5.4,0,1,1,0,0,0,1,0,0.6,0.6,0.5,1.1,6,40,4,0.18,0.2,9,2,22.2,1.66,0.37,0.0,0.0,24.5,1,0.06,-0.6,-0.6,321,392,81.9,6591,2010,0.3,0.5,7,44,3,0,353,35,19,0,6,15,3,12,6,4,0,4,8,17,3.13,11,4,1,1,0,0,3,0.55,11,6,6,3,2,15,40.0,9,11,5,6,5,16,11,1,463,22,128,258,80,4,463,9,5,55.6,1,11.1,260,1417,578,3,0,9,4,303,20,14.3,70.0,1,21,13.0,9,0.96,7,10,-3,-0.55,-0.18,6.9,10.3,-3.4,-0.63,0,5,5,0,0,0,0,43,1,6,14.3,MID,433183.0,exact,433183.0,2025-05-30,10000000.0,433183,2001-10-17,England,2028-06-30,172.0,right,23.208761122518823,41.9185282522996,16.118095750958314,538.6465928421411,Developing,False,True,False,False,False,ENG,UEFA,False,False,False,False,False,True
Ondrej Duda,sk SVK,MF,Hellas Verona,it Serie A,29.0,1994.0,28,27,2395,26.6,1,3,4,1,0,0,12,1,1.0,1.0,3.2,4.2,23,117,26,0.15,0.16,25,5,20.0,0.94,0.19,0.04,0.2,27.1,5,0.04,0.0,0.0,943,1204,78.3,16680,5438,2.6,-0.2,32,101,24,7,1045,153,64,3,15,89,8,66,26,32,0,6,13,73,2.74,45,18,2,3,4,1,7,0.26,46,27,21,22,3,64,45.3,35,28,9,19,31,77,30,4,1467,73,302,876,309,5,1467,42,25,59.5,12,28.6,711,3602,1424,26,2,53,22,789,86,70.0,87.0,19,1,45.0,0,1.14,25,35,-10,-0.38,1.56,23.9,35.1,-11.2,-0.42,1,51,57,0,0,0,0,188,14,15,48.3,MID,232418.0,exact,232418.0,2025-06-17,3500000.0,232418,1994-12-05,Slovakia,2027-06-30,180.0,right,30.075290896646134,29.894875164257556,15.068273812173887,904.5231225178858,Declining,False,False,False,False,True,SVK,UEFA,False,False,False,False,False,True
Alfred Duncan,gh GHA,MF,Venezia,it Serie A,31.0,1993.0,16,12,957,10.6,0,0,0,0,0,0,2,0,0.8,0.8,1.1,1.9,11,53,12,0.0,0.18,15,4,26.7,1.41,0.38,0.0,0.0,25.6,0,0.05,-0.8,-0.8,404,498,81.1,6776,1898,1.0,-1.1,11,37,19,4,463,32,16,4,6,17,2,11,1,7,0,3,7,32,3.01,25,4,1,2,0,0,2,0.19,17,8,4,11,2,14,35.7,9,7,2,5,8,25,8,0,587,15,93,360,142,6,587,22,13,59.1,8,36.4,311,1468,676,14,0,14,14,381,60,28.0,76.0,6,4,11.0,4,0.56,8,19,-11,-1.03,-0.56,10.5,13.9,-3.4,-0.32,0,22,11,0,0,0,0,52,10,8,55.6,MID,184894.0,exact,184894.0,2024-06-05,4000000.0,184894,1993-03-10,Ghana,2026-06-30,178.0,left,31.813826146475016,17.904073587385017,15.201805169084134,1012.1195340781373,Declining,False,False,False,False,True,GHA,CAF,False,True,False,False,False,False
Éderson,br BRA,MF,Atalanta,it Serie A,25.0,1999.0,37,32,2881,32.0,4,1,5,4,0,0,5,1,4.1,4.1,4.3,8.4,40,216,79,0.16,0.26,39,12,30.8,1.22,0.37,0.1,0.33,17.5,0,0.1,-0.1,-0.1,1700,1966,86.5,31285,8498,4.8,-3.3,37,193,41,5,1902,58,51,6,30,23,5,2,0,1,0,6,28,98,3.06,78,2,6,6,2,4,10,0.31,52,32,19,28,5,34,64.7,12,30,6,24,35,87,36,1,2308,63,490,1273,572,56,2308,52,23,44.2,26,50.0,1490,7017,3366,57,12,44,41,1702,78,84.2,85.0,22,5,33.0,0,2.0,67,31,36,1.12,0.29,55.3,30.2,25.1,0.78,1,31,53,0,0,0,0,186,53,36,59.6,MID,607854.0,exact,607854.0,2025-06-17,50000000.0,607854,1999-07-07,Brazil,2027-06-30,183.0,right,25.489390828199863,29.894875164257556,17.72753358339242,649.7090447927193,Developing,False,False,False,False,True,BRA,CONMEBOL,False,False,False,True,False,False
Maximilian Eggestein,de GER,MF,Freiburg,de Bundesliga,27.0,1996.0,33,33,2845,31.6,2,0,2,2,0,0,4,0,2.0,2.0,1.5,3.5,34,141,41,0.06,0.11,36,10,27.8,1.14,0.32,0.06,0.2,19.4,0,0.05,0.0,0.0,1213,1452,83.5,18800,5136,2.5,-1.5,19,131,16,3,1419,29,25,2,0,9,4,0,0,0,0,4,32,51,1.61,42,0,1,3,4,1,5,0.16,57,32,21,26,10,43,55.8,19,37,10,27,39,96,54,1,1757,66,403,1054,315,50,1757,24,11,45.8,13,54.2,813,4178,2107,25,3,28,19,1093,86,93.0,86.0,23,0,,1,1.67,46,50,-4,-0.13,-0.13,39.9,39.3,0.5,0.02,0,22,24,1,0,0,0,154,60,56,51.7,MID,190284.0,exact,190284.0,2025-06-05,10000000.0,190284,1996-12-08,Germany,,181.0,right,28.06570841889117,,16.118095750958314,787.6839890542187,Peak,True,False,False,False,False,GER,UEFA,False,False,False,False,False,True
Jurgen Ekkelenkamp,nl NED,MF,Udinese,it Serie A,24.0,2000.0,34,20,1892,21.0,3,2,5,3,0,0,2,0,2.8,2.8,1.3,4.1,34,72,86,0.24,0.19,27,9,33.3,1.28,0.43,0.11,0.33,18.3,0,0.1,0.2,0.2,550,690,79.7,8583,2061,1.2,0.7,15,42,11,2,644,43,6,2,5,12,32,4,1,1,0,3,17,38,1.81,29,2,2,3,1,1,6,0.29,36,25,10,22,4,35,51.4,17,26,4,22,12,48,26,0,868,29,148,445,287,39,868,30,10,33.3,17,56.7,457,2429,1209,28,5,23,7,560,56,55.3,76.0,4,14,26.0,2,1.21,25,30,-5,-0.24,0.35,23.1,30.2,-7.2,-0.34,0,29,14,2,0,0,0,82,18,13,58.1,MID,361068.0,exact,361068.0,2025-06-17,7000000.0,361068,2000-04-05,Netherlands,2029-06-30,188.0,right,24.7419575633128,53.90932982917214,15.76142084987672,612.1644640647714,Developing,False,False,False,False,True,NED,UEFA,False,False,False,False,False,True
Harvey Elliott,eng ENG,MF,Liverpool,eng Premier League,21.0,2003.0,18,2,371,4.1,1,2,3,1,0,0,1,0,1.8,1.8,1.1,2.8,10,44,30,0.73,0.69,17,4,23.5,4.12,0.97,0.06,0.25,16.9,1,0.1,-0.8,-0.8,240,292,82.2,4164,1016,0.7,0.9,10,26,6,0,267,22,2,1,3,12,8,6,3,1,0,3,4,21,5.11,17,3,1,0,0,0,3,0.73,5,3,3,1,1,8,25.0,6,7,2,5,1,6,3,1,339,5,32,164,144,21,339,9,4,44.4,4,44.4,188,872,408,11,5,5,4,253,21,10.8,79.0,1,16,13.0,12,2.06,11,6,5,1.21,0.03,11.2,6.1,5.1,1.23,0,0,1,1,0,0,0,15,1,2,33.3,MID,565822.0,exact,565822.0,2025-05-30,30000000.0,565822,2003-04-04,England,2026-06-30,170.0,left,21.746748802190282,17.904073587385017,17.216707972959764,472.9210834655645,Emerging,False,True,False,False,False,ENG,UEFA,False,False,False,False,False,True
Julio Enciso,py PAR,"MF,FW",Ipswich Town,eng Premier League,20.0,2004.0,13,12,869,9.7,2,3,5,2,0,0,3,0,1.7,1.7,1.4,3.1,23,28,44,0.52,0.32,32,11,34.4,3.31,1.14,0.06,0.18,23.0,1,0.05,0.3,0.3,171,248,69.0,2779,819,1.1,1.6,13,18,8,1,210,37,8,4,0,21,2,13,11,1,0,1,11,29,3.0,16,4,6,2,0,1,4,0.41,12,9,3,6,3,11,36.4,7,8,1,7,1,13,6,0,406,5,52,202,167,23,406,66,30,45.5,28,42.4,205,1537,793,25,9,24,30,262,67,25.4,71.0,2,1,12.0,0,0.46,9,18,-9,-0.93,0.37,9.7,16.4,-6.7,-0.7,0,9,21,0,0,1,0,43,8,17,32.0,MID,660867.0,exact,660867.0,2025-05-30,22000000.0,660867,2004-01-23,Paraguay,2029-06-30,173.0,right,20.941820670773442,53.90932982917214,16.906553056777135,438.5598530068338,Emerging,False,True,False,False,False,PAR,CONMEBOL,False,False,False,True,False,False
Julio Enciso,py PAR,"MF,FW",Brighton,eng Premier League,20.0,2004.0,12,2,294,3.3,0,0,0,0,0,0,0,0,1.0,1.0,0.2,1.2,11,14,17,0.0,0.38,20,11,55.0,6.12,3.37,0.0,0.0,21.3,1,0.05,-1.0,-1.0,99,150,66.0,1464,392,0.3,-0.2,5,13,4,1,134,16,4,0,1,20,0,12,6,3,0,0,5,12,3.69,5,1,3,1,2,0,0,0.0,0,0,0,0,0,2,0.0,2,2,0,2,0,0,1,0,202,2,17,72,116,20,202,21,10,47.6,8,38.1,114,678,386,10,4,7,9,141,25,8.6,67.0,0,10,16.0,7,1.5,3,4,-1,-0.31,-0.54,4.5,4.9,-0.5,-0.14,0,3,7,0,0,0,0,15,6,5,54.5,MID,660867.0,exact,660867.0,2025-05-30,22000000.0,660867,2004-01-23,Paraguay,2029-06-30,173.0,right,20.941820670773442,53.90932982917214,16.906553056777135,438.5598530068338,Emerging,False,True,False,False,False,PAR,CONMEBOL,False,False,False,True,False,False
Wataru Endo,jp JPN,"MF,DF",Liverpool,eng Premier League,31.0,1993.0,20,1,273,3.0,0,0,0,0,0,0,0,0,0.0,0.0,0.1,0.1,1,19,8,0.0,0.02,0,0,,0.0,0.0,,,,0,,0.0,0.0,182,194,93.8,2833,700,0.1,-0.1,2,16,1,0,188,6,2,0,0,1,4,0,0,0,0,0,2,6,1.96,6,0,0,0,0,0,0,0.0,12,8,7,5,0,10,60.0,4,8,1,7,6,18,9,0,237,12,65,124,49,3,237,2,2,100.0,0,0.0,110,397,169,3,1,6,3,163,14,8.0,68.0,0,19,11.0,17,2.5,4,5,-1,-0.33,-1.65,5.4,4.2,1.2,0.39,0,15,7,0,0,0,0,14,3,4,42.9,MID,146310.0,exact,146310.0,2025-05-30,8000000.0,146310,1993-02-09,Japan,2027-06-30,178.0,right,31.89322381930185,29.894875164257556,15.894952224644102,1017.1777255880828,Declining,False,True,False,False,False,JPN,AFC,True,False,False,False,False,False
Yannik Engelhardt,de GER,"MF,DF",Como,it Serie A,23.0,2001.0,26,11,1164,12.9,1,1,2,1,0,0,4,0,0.6,0.6,1.5,2.0,18,54,18,0.15,0.16,8,2,25.0,0.62,0.15,0.13,0.5,13.7,0,0.07,0.4,0.4,622,701,88.7,9648,2399,1.4,-0.5,12,39,2,0,648,52,24,1,3,1,28,0,0,0,0,1,11,24,1.86,20,1,1,0,1,1,2,0.15,30,12,13,13,4,27,59.3,11,13,6,7,11,41,27,0,836,42,204,510,130,16,836,15,9,60.0,3,20.0,525,2734,1250,13,2,22,7,553,45,34.0,84.0,7,15,16.0,11,1.46,13,22,-9,-0.7,-0.94,14.6,15.6,-1.0,-0.08,0,21,20,1,0,0,0,62,11,9,55.0,MID,405670.0,exact,405670.0,2025-06-17,6000000.0,405670,2001-02-07,Germany,2026-06-30,184.0,right,23.89869952087611,17.904073587385017,15.607270193858982,571.1478387891241,Developing,False,False,False,False,True,GER,UEFA,False,False,False,False,False,True
Christian Eriksen,dk DEN,MF,Manchester Utd,eng Premier League,32.0,1992.0,23,11,1061,11.8,1,2,3,0,1,1,4,0,1.4,0.6,3.2,3.8,13,55,29,0.17,0.39,14,1,7.1,1.19,0.08,0.0,0.0,25.8,3,0.04,-0.4,-0.6,590,749,78.8,9936,3131,2.6,-1.2,31,54,13,6,645,102,31,8,8,85,5,62,24,20,5,2,6,56,4.74,38,15,0,3,0,0,7,0.59,19,9,4,12,3,27,40.7,16,15,5,10,7,26,8,0,850,26,173,397,284,17,849,4,0,0.0,4,100.0,473,1784,851,14,1,13,5,566,46,31.0,80.0,5,12,15.0,12,1.13,17,16,1,0.08,0.5,18.3,18.2,0.1,0.01,0,8,3,0,0,0,0,62,2,6,25.0,MID,69633.0,exact,69633.0,2025-05-30,4000000.0,69633,1992-02-14,Denmark,2027-06-30,182.0,right,32.88158795345654,29.894875164257556,15.201805169084134,1081.1988263408982,Declining,False,True,False,False,False,DEN,UEFA,False,False,False,False,False,True
Dario Essugo,pt POR,MF,Las Palmas,es La Liga,19.0,2005.0,27,25,1938,21.5,1,0,1,1,0,0,11,2,0.7,0.7,0.4,1.0,18,76,8,0.05,0.05,23,4,17.4,1.07,0.19,0.04,0.25,25.5,0,0.03,0.3,0.3,812,951,85.4,13995,3936,0.7,-0.4,13,73,8,0,934,15,12,4,10,1,1,0,0,0,0,2,7,36,1.67,25,0,3,3,3,2,1,0.05,59,45,28,26,5,46,60.9,18,28,11,17,42,101,47,7,1228,75,362,732,148,10,1228,18,12,66.7,5,27.8,582,2787,1382,21,2,35,21,763,72,56.7,74.0,8,2,43.0,1,0.96,17,27,-10,-0.46,0.2,18.1,34.3,-16.2,-0.75,2,37,30,0,0,1,0,118,30,32,48.4,MID,670717.0,exact_accent_stripped,670717.0,2025-06-09,20000000.0,670717,2005-03-14,Portugal,2033-06-30,178.0,right,19.802874743326488,101.9053876478318,16.811242881518265,392.1538480998781,Emerging,False,False,True,False,False,POR,UEFA,False,False,False,False,False,True
Nahuel Estévez,ar ARG,MF,Parma,it Serie A,28.0,1995.0,14,7,657,7.3,0,0,0,0,0,0,3,0,0.1,0.1,0.8,0.8,3,30,4,0.0,0.12,5,1,20.0,0.68,0.14,0.0,0.0,25.3,0,0.02,-0.1,-0.1,237,313,75.7,4221,1345,0.5,-0.8,6,26,1,0,282,30,17,1,1,16,1,12,4,3,0,1,8,13,1.78,7,4,0,1,0,1,1,0.14,16,6,7,8,1,15,40.0,9,9,2,7,3,19,26,0,379,33,107,208,66,2,379,3,3,100.0,0,0.0,148,463,188,0,0,3,4,199,47,19.2,59.0,1,7,35.0,10,1.53,10,10,0,0.0,0.46,9.5,12.1,-2.6,-0.36,0,9,9,0,0,0,0,28,14,3,82.4,MID,552472.0,exact,552472.0,2025-06-17,2000000.0,552472,1995-11-14,Argentina,2026-06-30,181.0,right,29.13347022587269,17.904073587385017,14.508658238524095,848.7590874018105,Peak,False,False,False,False,True,ARG,CONMEBOL,False,False,False,True,False,False
Edu Expósito,es ESP,MF,Espanyol,es La Liga,27.0,1996.0,19,12,1045,11.6,0,2,2,0,0,0,3,0,1.0,1.0,3.2,4.2,23,64,41,0.17,0.36,18,6,33.3,1.55,0.52,0.0,0.0,22.2,3,0.06,-1.0,-1.0,318,485,65.6,5990,2287,2.4,-1.2,28,36,14,4,407,73,38,13,5,66,1,33,9,19,1,5,8,44,3.79,22,15,2,2,3,0,2,0.17,23,13,9,13,1,23,39.1,14,3,0,3,15,38,21,2,630,22,105,308,230,26,630,28,15,53.6,13,46.4,340,1757,954,20,4,29,18,382,55,30.6,75.0,4,7,20.0,5,1.11,13,11,2,0.17,0.66,11.9,12.3,-0.4,-0.03,0,14,22,2,0,0,0,63,11,11,50.0,MID,506248.0,exact,506248.0,2025-06-09,3000000.0,506248,1996-08-01,Spain,2027-06-30,178.0,right,28.418891170431213,29.894875164257556,14.914123179965662,807.6333753568132,Peak,False,False,True,False,False,ESP,UEFA,False,False,False,False,False,True
Eberechi Eze,eng ENG,"MF,FW",Crystal Palace,eng Premier League,26.0,1998.0,34,31,2588,28.8,8,8,16,7,1,2,1,0,10.5,8.9,6.2,15.1,69,97,153,0.52,0.58,100,27,27.0,3.48,0.94,0.07,0.26,21.5,16,0.09,-2.5,-1.9,777,1047,74.2,13226,3540,4.7,1.8,58,49,39,4,849,180,70,11,6,112,3,62,39,10,0,18,17,135,4.69,72,29,11,13,9,1,10,0.35,39,22,14,16,9,36,47.2,19,27,0,27,11,50,10,3,1414,17,193,661,597,95,1412,138,67,48.6,62,44.9,840,5063,2380,48,22,55,45,907,76,75.7,81.0,13,3,28.0,0,1.5,39,34,5,0.17,0.71,45.4,34.5,10.9,0.38,0,13,51,9,0,0,0,146,7,37,15.9,MID,479999.0,exact,479999.0,2025-05-30,55000000.0,479999,1998-06-29,England,2029-06-30,178.0,right,26.510609171800137,53.90932982917214,17.822843761378564,702.8123986599336,Peak,False,True,False,False,False,ENG,UEFA,False,False,False,False,False,True
Giovanni Fabbian,it ITA,MF,Bologna,it Serie A,21.0,2003.0,30,9,1023,11.4,3,1,4,3,0,0,2,0,2.3,2.3,1.3,3.7,14,17,43,0.35,0.32,21,5,23.8,1.85,0.44,0.14,0.6,11.8,0,0.11,0.7,0.7,151,210,71.9,2182,369,0.6,-0.3,9,15,5,1,201,7,2,2,1,9,4,0,0,0,0,2,9,19,1.67,13,0,0,4,1,1,0,0.0,10,6,1,3,6,13,53.8,6,7,2,5,2,12,4,0,328,5,41,153,142,47,328,16,2,12.5,9,56.3,198,1292,356,6,5,30,18,236,34,29.9,64.0,1,21,21.0,8,1.57,16,18,-2,-0.18,-0.63,17.9,10.5,7.4,0.65,0,21,22,1,0,0,0,31,19,35,35.2,MID,633668.0,exact,633668.0,2025-06-17,12000000.0,633668,2003-01-14,Italy,2026-06-30,190.0,right,21.965776865160848,17.904073587385017,16.300417291085605,482.4953532900355,Emerging,False,False,False,False,True,ITA,UEFA,False,False,False,False,False,True
Nicolò Fagioli,it ITA,MF,Fiorentina,it Serie A,23.0,2001.0,15,10,962,10.7,1,2,3,1,0,0,0,0,0.5,0.5,3.0,3.5,15,50,19,0.28,0.32,10,4,40.0,0.94,0.37,0.1,0.25,21.9,1,0.05,0.5,0.5,519,617,84.1,8944,2503,2.0,-1.0,23,45,12,2,572,43,27,1,7,27,5,7,6,1,0,2,10,43,4.02,32,5,1,4,1,0,4,0.37,19,10,8,9,2,22,40.9,13,11,2,9,5,24,12,2,713,22,146,391,185,8,713,22,10,45.5,9,40.9,480,2460,1004,27,0,17,12,527,64,28.1,84.0,5,5,25.0,0,1.53,16,14,2,0.19,-0.44,14.5,16.6,-2.0,-0.19,0,8,14,0,0,0,0,46,1,4,20.0,MID,432090.0,exact,432090.0,2025-06-17,18000000.0,432090,2001-02-12,Italy,2028-06-30,178.0,right,23.88501026694045,41.9185282522996,16.705882371415992,570.4937154518508,Developing,False,False,False,False,True,ITA,UEFA,False,False,False,False,False,True
Nicolò Fagioli,it ITA,MF,Juventus,it Serie A,23.0,2001.0,17,5,571,6.3,0,0,0,0,0,0,4,0,0.6,0.6,0.1,0.7,19,41,18,0.0,0.11,12,1,8.3,1.89,0.16,0.0,0.0,22.7,0,0.05,-0.6,-0.6,370,418,88.5,6360,1203,0.5,-0.1,4,36,8,0,404,14,8,2,6,13,1,5,1,3,0,0,3,10,1.57,8,0,0,2,0,0,1,0.16,14,10,7,6,1,9,66.7,3,4,0,4,2,16,5,0,470,11,77,283,112,10,470,3,2,66.7,1,33.3,311,2051,1035,22,2,11,2,387,34,16.7,74.0,2,12,17.0,6,1.71,13,9,4,0.63,0.03,10.4,7.3,3.2,0.5,0,11,5,0,0,0,0,33,2,2,50.0,MID,432090.0,exact,432090.0,2025-06-17,18000000.0,432090,2001-02-12,Italy,2028-06-30,178.0,right,23.88501026694045,41.9185282522996,16.705882371415992,570.4937154518508,Developing,False,False,False,False,True,ITA,UEFA,False,False,False,False,False,True
Romain Faivre,fr FRA,"MF,FW",Brest,fr Ligue 1,26.0,1998.0,20,10,899,10.0,3,2,5,2,1,1,2,0,2.6,1.8,1.9,3.7,24,44,49,0.4,0.45,18,9,50.0,1.8,0.9,0.11,0.22,16.9,0,0.11,0.4,0.2,311,379,82.1,4587,1209,1.8,0.1,10,34,8,1,349,29,7,4,0,26,4,17,11,4,0,1,8,33,3.3,19,5,3,1,4,1,4,0.4,13,10,4,5,4,10,50.0,5,8,0,8,4,17,3,1,479,2,58,231,198,34,478,42,17,40.5,22,52.4,310,2050,928,23,9,13,7,355,45,29.4,71.0,0,10,19.0,4,1.4,16,15,1,0.1,0.43,16.0,18.3,-2.3,-0.23,0,6,23,1,0,0,0,42,7,10,41.2,MID,555076.0,exact,555076.0,2025-06-03,6000000.0,555076,1998-07-14,France,2026-06-30,180.0,left,26.469541409993155,17.904073587385017,15.607270193858982,700.6366224553425,Peak,False,False,False,True,False,FRA,UEFA,False,False,False,False,False,True
Khalil Fayad,fr FRA,"MF,FW",Montpellier,fr Ligue 1,20.0,2004.0,20,10,1028,11.4,0,0,0,0,0,0,5,0,1.3,1.3,0.3,1.5,25,50,42,0.0,0.13,17,3,17.6,1.49,0.26,0.0,0.0,23.2,1,0.07,-1.3,-1.3,426,514,82.9,7173,1757,0.6,-0.3,7,35,5,2,492,22,12,2,4,20,3,7,4,0,0,0,12,19,1.66,15,1,0,1,2,0,1,0.09,31,16,12,17,2,28,53.6,13,18,1,17,10,41,15,1,663,19,129,367,175,17,663,38,17,44.7,20,52.6,340,2150,923,15,7,18,13,426,51,33.6,76.0,4,10,27.0,1,0.5,7,29,-22,-1.93,-0.42,9.8,23.9,-14.0,-1.23,0,21,27,1,0,0,1,74,9,6,60.0,MID,782630.0,exact,782630.0,2024-06-03,5000000.0,782630,2004-06-09,Morocco,2027-06-30,172.0,right,20.56399726214921,29.894875164257556,15.424948670398354,422.8779833976803,Emerging,False,False,False,True,False,FRA,UEFA,False,False,False,False,False,True
Jacopo Fazzini,it ITA,MF,Empoli,it Serie A,21.0,2003.0,20,16,1383,15.4,4,1,5,4,0,0,1,1,3.1,3.1,0.5,3.6,34,49,88,0.33,0.23,27,9,33.3,1.76,0.59,0.15,0.44,17.2,2,0.11,0.9,0.9,305,426,71.6,4559,1281,0.7,0.5,12,27,10,0,391,31,9,4,0,32,1,14,3,3,0,4,19,49,3.19,34,2,3,3,7,0,7,0.46,32,19,11,16,5,23,56.5,10,13,1,12,6,38,24,0,639,14,93,298,260,43,639,48,23,47.9,19,39.6,364,2344,1117,25,15,39,33,426,69,40.4,80.0,6,4,25.0,2,0.75,17,24,-7,-0.46,0.38,13.0,19.6,-6.5,-0.43,0,23,32,4,0,0,0,70,19,24,44.2,MID,691482.0,exact,691482.0,2025-06-17,10000000.0,691482,2003-03-16,Italy,2030-06-30,178.0,right,21.79876796714579,65.90013140604468,16.118095750958314,475.18628488546136,Emerging,False,False,False,False,True,ITA,UEFA,False,False,False,False,False,True
Mattia Felici,it ITA,"MF,FW",Cagliari,it Serie A,23.0,2001.0,20,9,925,10.3,0,3,3,0,0,0,1,0,0.6,0.6,1.0,1.6,39,19,75,0.29,0.16,10,6,60.0,0.97,0.58,0.0,0.0,12.8,0,0.06,-0.6,-0.6,188,277,67.9,2525,863,0.7,2.0,10,12,3,0,255,20,1,0,2,25,7,12,6,5,0,2,14,31,3.02,18,3,8,1,1,0,4,0.39,17,12,8,7,2,11,36.4,7,10,0,10,7,24,7,1,422,13,76,151,202,37,422,57,19,33.3,30,52.6,259,1802,962,18,19,26,10,280,46,27.0,71.0,1,11,26.0,17,0.85,10,13,-3,-0.29,0.18,11.2,15.1,-3.9,-0.38,0,18,17,4,0,1,0,51,7,10,41.2,MID,600041.0,exact,600041.0,2025-06-17,2800000.0,600041,2001-04-17,Italy,2027-06-30,182.0,right,23.709787816564,29.894875164257556,14.845130332288226,562.1540383064867,Developing,False,False,False,False,True,ITA,UEFA,False,False,False,False,False,True
João Félix,pt POR,MF,Milan,it Serie A,24.0,1999.0,15,8,760,8.4,2,0,2,2,0,0,3,0,2.7,2.7,1.2,3.8,20,40,56,0.24,0.46,29,8,27.6,3.43,0.95,0.07,0.25,17.9,1,0.09,-0.7,-0.7,246,301,81.7,3663,1124,1.3,-1.2,10,31,11,0,282,16,4,3,2,5,6,1,0,0,0,3,9,35,4.14,25,1,3,3,3,0,6,0.71,6,6,3,2,1,14,28.6,10,2,0,2,1,7,9,0,408,8,52,191,169,43,408,35,15,42.9,15,42.9,275,1606,716,24,12,16,9,329,51,22.2,73.0,1,7,25.0,1,1.67,19,8,11,1.3,1.07,14.3,7.4,6.9,0.82,0,12,30,2,0,0,0,30,7,7,50.0,MID,462250.0,exact,462250.0,2025-06-17,20000000.0,462250,1999-11-10,Portugal,2027-06-30,179.0,right,25.144421629021217,29.894875164257556,16.811242881518265,632.24193905799,Developing,False,False,False,False,True,POR,UEFA,False,False,False,False,False,True
Lewis Ferguson,sct SCO,MF,Bologna,it Serie A,24.0,1999.0,16,10,983,10.9,1,1,2,0,1,1,0,0,1.0,0.2,1.1,1.3,20,53,26,0.09,0.19,5,1,20.0,0.46,0.09,0.0,0.0,22.9,0,0.03,0.0,-0.2,569,658,86.5,9928,2246,0.8,-0.1,14,57,8,0,605,50,27,1,4,18,7,14,5,6,0,3,8,32,2.93,27,3,1,0,0,1,1,0.09,24,13,4,14,6,16,56.3,7,9,2,7,5,29,9,0,748,13,91,469,193,18,747,9,5,55.6,2,22.2,471,2769,1173,21,2,13,10,527,61,28.7,84.0,8,6,25.0,9,1.94,22,12,10,0.92,0.92,17.6,9.1,8.5,0.77,0,27,20,1,0,0,0,28,16,14,53.3,MID,428563.0,exact,428563.0,2025-06-17,28000000.0,428563,1999-08-24,Scotland,2028-06-30,181.0,right,25.357973990417523,41.9185282522996,17.147715103853763,643.0268448986916,Developing,False,False,False,False,True,SCO,UEFA,False,False,False,False,False,True
Bruno Fernandes,pt POR,MF,Manchester Utd,eng Premier League,29.0,1994.0,36,35,3018,33.5,8,10,18,5,3,3,5,2,9.9,7.6,8.5,16.1,77,325,129,0.45,0.55,93,26,28.0,2.77,0.78,0.05,0.19,22.6,12,0.08,-1.9,-2.6,1707,2242,76.1,30541,10698,8.0,1.5,91,214,85,11,1988,237,98,31,22,186,19,91,44,22,5,17,55,193,5.76,136,37,5,6,7,2,13,0.39,84,50,27,38,19,85,40.0,51,35,6,29,26,110,35,3,2649,62,428,1263,983,80,2646,67,28,41.8,33,49.3,1542,7244,3866,65,14,43,43,1853,84,88.2,85.0,28,1,32.0,1,1.17,41,43,-2,-0.06,1.73,48.5,45.2,3.2,0.1,1,32,40,2,0,0,0,213,22,28,44.0,MID,240306.0,exact,240306.0,2025-05-30,50000000.0,240306,1994-09-08,Portugal,2027-06-30,183.0,right,30.316221765913756,29.894875164257556,17.72753358339242,919.073302160063,Declining,False,True,False,False,False,POR,UEFA,False,False,False,False,False,True
Edimilson Fernandes,ch SUI,"MF,DF",Brest,fr Ligue 1,28.0,1996.0,19,12,1105,12.3,0,1,1,0,0,0,1,0,0.4,0.4,0.6,1.0,7,40,3,0.08,0.08,10,2,20.0,0.81,0.16,0.0,0.0,24.2,0,0.04,-0.4,-0.4,486,572,85.0,8960,2318,0.6,0.4,8,40,3,0,561,11,8,2,5,7,2,0,0,0,0,0,5,16,1.3,11,1,0,1,2,1,1,0.08,9,7,3,6,0,13,53.8,6,14,6,8,20,29,38,1,684,61,231,384,76,7,684,4,3,75.0,1,25.0,399,2539,1052,9,0,17,9,458,58,36.1,81.0,8,7,20.0,8,1.42,21,28,-7,-0.57,-0.57,15.8,25.5,-9.7,-0.79,0,7,6,0,0,1,0,69,15,12,55.6,MID,247555.0,exact,247555.0,2025-06-03,3000000.0,247555,1996-04-15,Switzerland,2029-06-30,187.0,right,28.71457905544148,53.90932982917214,14.914123179965662,824.5270503311984,Peak,False,False,False,True,False,SUI,UEFA,False,False,False,False,False,True
Mateus Fernandes,pt POR,MF,Southampton,eng Premier League,20.0,2004.0,36,34,2909,32.3,2,4,6,2,0,0,8,0,4.0,4.0,3.0,7.0,76,145,108,0.19,0.22,42,14,33.3,1.3,0.43,0.05,0.14,18.7,4,0.1,-2.0,-2.0,1087,1361,79.9,18406,4369,3.6,1.0,34,98,27,6,1184,175,61,9,10,113,10,54,39,14,0,2,36,78,2.41,44,14,6,6,6,2,7,0.22,89,48,45,28,16,72,45.8,39,43,8,35,28,117,35,7,1760,72,385,867,547,49,1760,109,49,45.0,49,45.0,897,5736,3143,70,9,58,36,1077,81,85.1,84.0,19,2,30.0,0,0.33,25,66,-41,-1.27,2.08,27.4,69.2,-41.7,-1.29,0,46,55,4,0,0,0,179,15,9,62.5,MID,880245.0,exact,880245.0,2025-05-30,15000000.0,880245,2004-07-10,Portugal,2030-06-30,180.0,right,20.479123887748116,65.90013140604468,16.52356082573315,419.3945152097355,Emerging,False,True,False,False,False,POR,UEFA,False,False,False,False,False,True
Enzo Fernández,ar ARG,MF,Chelsea,eng Premier League,23.0,2001.0,36,32,2947,32.7,6,7,13,6,0,0,8,0,6.1,6.1,6.8,12.9,60,212,126,0.4,0.39,53,20,37.7,1.62,0.61,0.11,0.3,18.1,2,0.11,-0.1,-0.1,1518,1900,79.9,26776,7512,6.2,0.2,77,167,41,7,1757,134,53,14,26,109,4,74,44,12,1,9,46,147,4.49,116,16,2,4,4,5,16,0.49,65,33,17,30,18,84,36.9,53,43,7,36,13,78,23,4,2210,37,346,1129,751,81,2210,55,26,47.3,21,38.2,1211,5652,2735,55,9,29,28,1622,82,86.2,89.0,26,4,25.0,0,1.75,56,37,19,0.58,0.2,57.7,38.1,19.6,0.6,0,52,54,2,0,0,0,156,14,29,32.6,MID,648195.0,exact,648195.0,2025-05-30,75000000.0,648195,2001-01-17,Argentina,2032-06-30,178.0,right,23.956194387405887,89.91458607095926,18.132998684833918,573.8992495271773,Developing,False,True,False,False,False,ARG,CONMEBOL,False,False,False,True,False,False
Valery Fernández,es ESP,"MF,FW",Mallorca,es La Liga,24.0,1999.0,18,1,309,3.4,2,0,2,2,0,0,1,0,0.8,0.8,0.0,0.9,2,5,14,0.58,0.25,3,3,100.0,0.87,0.87,0.67,0.67,10.3,0,0.28,1.2,1.2,88,99,88.9,1141,211,0.1,0.0,1,4,2,1,97,2,0,0,0,3,2,0,0,0,0,0,1,5,1.45,4,0,0,0,0,1,3,0.87,8,7,3,2,3,7,71.4,2,3,1,2,0,8,1,0,133,5,22,69,44,8,133,6,1,16.7,5,83.3,75,411,126,3,1,5,3,90,17,9.0,66.0,0,17,14.0,12,1.56,11,5,6,1.75,2.18,6.1,6.2,-0.1,-0.02,0,3,1,1,0,0,0,19,1,4,20.0,MID,331496.0,exact,331496.0,2025-06-09,2000000.0,331496,1999-11-23,Spain,2028-06-30,182.0,right,25.1088295687885,41.9185282522996,14.508658238524095,630.4533223144678,Developing,False,False,True,False,False,ESP,UEFA,False,False,False,False,False,True
Jordan Ferri,fr FRA,MF,Montpellier,fr Ligue 1,32.0,1992.0,25,21,1773,19.7,0,2,2,0,0,0,6,1,0.4,0.4,0.9,1.3,19,137,42,0.1,0.07,14,3,21.4,0.71,0.15,0.0,0.0,26.0,0,0.03,-0.4,-0.4,1119,1267,88.3,19942,5049,1.3,1.1,13,119,11,4,1204,58,45,2,7,25,13,0,0,0,0,5,10,47,2.39,40,0,0,2,4,1,5,0.25,42,23,18,22,2,44,40.9,26,20,3,17,9,51,20,0,1433,35,316,869,265,13,1433,28,9,32.1,16,57.1,802,3793,1663,16,2,16,27,1066,71,57.9,79.0,9,4,29.0,1,0.28,11,48,-37,-1.88,-0.55,18.4,34.9,-16.5,-0.84,0,35,30,0,0,3,0,132,13,15,46.4,MID,118284.0,exact,118284.0,2025-06-03,2000000.0,118284,1992-03-12,France,2027-06-30,173.0,right,32.80766598220397,29.894875164257556,14.508658238524095,1076.3429471998636,Declining,False,False,False,True,False,FRA,UEFA,False,False,False,False,False,True
Phil Foden,eng ENG,"MF,FW",Manchester City,eng Premier League,24.0,2000.0,28,20,1777,19.7,7,2,9,7,0,0,2,0,5.2,5.2,4.8,9.9,50,103,128,0.46,0.5,54,16,29.6,2.73,0.81,0.13,0.44,18.6,2,0.1,1.8,1.8,791,941,84.1,12385,2615,5.3,-2.8,43,41,39,6,854,83,21,7,2,80,5,46,30,8,1,4,26,88,4.46,58,18,3,6,3,0,9,0.46,13,5,5,4,4,18,38.9,11,13,1,12,9,22,7,1,1139,13,85,382,681,83,1139,43,14,32.6,23,53.5,722,3720,1782,30,17,36,31,894,63,52.0,81.0,10,8,20.0,5,1.54,30,24,6,0.3,-0.9,31.2,28.8,2.4,0.12,0,5,34,3,0,0,0,61,3,9,25.0,MID,406635.0,exact,406635.0,2025-05-30,100000000.0,406635,2000-05-28,England,2027-06-30,171.0,left,24.5968514715948,29.894875164257556,18.420680753952364,605.0051023156952,Developing,False,True,False,False,False,ENG,UEFA,False,False,False,False,False,True
Seko Fofana,ci CIV,MF,Rennes,fr Ligue 1,29.0,1995.0,16,9,844,9.4,1,1,2,1,0,0,3,0,1.8,1.8,1.2,2.9,32,72,38,0.21,0.31,24,6,25.0,2.56,0.64,0.04,0.17,21.2,0,0.07,-0.8,-0.8,499,552,90.4,7498,1759,1.0,-0.2,13,38,13,2,541,9,7,1,9,5,2,0,0,0,0,2,5,32,3.41,27,0,1,3,1,0,2,0.21,11,7,4,6,1,7,28.6,5,7,1,6,7,18,7,0,640,11,80,360,204,25,640,24,12,50.0,11,45.8,394,2234,1132,18,5,9,6,514,53,27.6,71.0,2,7,29.0,1,1.31,15,16,-1,-0.11,-0.19,17.8,14.4,3.3,0.35,0,9,7,2,0,0,0,42,7,3,70.0,MID,182893.0,exact,182893.0,2025-06-03,10000000.0,182893,1995-05-07,Cote d'Ivoire,2026-06-30,185.0,right,29.65639972621492,17.904073587385017,16.118095750958314,879.5020447210404,Peak,False,False,False,True,False,CIV,CAF,False,True,False,False,False,False
Youssouf Fofana,fr FRA,MF,Milan,it Serie A,25.0,1999.0,35,29,2504,27.8,1,6,7,1,0,0,5,0,1.3,1.3,3.4,4.7,44,176,32,0.25,0.17,36,5,13.9,1.29,0.18,0.03,0.2,26.2,0,0.04,-0.3,-0.3,1237,1444,85.7,21531,7225,2.6,2.6,23,140,23,2,1390,50,47,13,7,10,3,0,0,0,0,4,7,62,2.23,57,0,0,0,0,5,6,0.22,56,34,20,31,5,52,50.0,26,32,9,23,19,75,24,3,1655,35,328,1093,258,21,1655,31,14,45.2,17,54.8,986,5773,3150,49,5,30,20,1221,72,73.2,81.0,18,6,28.0,0,1.66,39,29,10,0.36,-0.43,44.4,29.6,14.8,0.53,0,28,17,0,0,0,0,151,11,21,34.4,MID,569598.0,exact,569598.0,2025-06-17,30000000.0,569598,1999-01-10,France,2028-06-30,185.0,right,25.976728268309376,41.9185282522996,17.216707972959764,674.7904115255834,Developing,False,False,False,False,True,FRA,UEFA,False,False,False,False,False,True
Pablo Fornals,es ESP,"MF,FW",Betis,es La Liga,28.0,1996.0,26,22,1827,20.3,2,0,2,2,0,0,2,0,1.8,1.8,3.3,5.1,32,146,85,0.1,0.25,23,4,17.4,1.13,0.2,0.09,0.5,21.7,0,0.08,0.2,0.2,887,1109,80.0,14428,4985,2.9,-3.3,36,93,33,8,1051,55,20,10,10,54,12,23,7,6,0,3,26,88,4.33,78,5,2,3,0,0,9,0.44,21,13,12,6,3,30,33.3,20,24,4,20,23,44,15,1,1272,20,171,684,428,36,1272,28,8,28.6,20,71.4,777,3245,1523,34,7,24,16,911,70,53.4,78.0,7,4,28.0,2,1.54,26,24,2,0.1,-0.18,27.2,28.1,-0.9,-0.04,0,12,14,3,0,0,0,114,18,21,46.2,MID,357885.0,exact,357885.0,2025-06-09,6000000.0,357885,1996-02-22,Spain,2029-06-30,178.0,right,28.859685147159478,53.90932982917214,15.607270193858982,832.8814267931774,Peak,False,False,True,False,False,ESP,UEFA,False,False,False,False,False,True
Davide Frattesi,it ITA,MF,Inter,it Serie A,24.0,1999.0,27,9,1158,12.9,5,1,6,5,0,0,1,0,4.0,4.0,0.8,4.8,23,31,50,0.47,0.35,26,7,26.9,2.02,0.54,0.19,0.71,13.0,0,0.14,1.0,1.0,297,360,82.5,4304,880,0.8,0.2,7,20,5,1,344,14,10,5,0,8,4,0,0,0,0,2,10,19,1.4,13,0,2,2,2,0,2,0.15,17,8,6,10,1,18,55.6,8,12,4,8,5,22,14,1,499,20,96,261,152,44,499,18,7,38.9,7,38.9,296,1650,858,15,7,20,4,345,43,33.9,83.0,5,18,23.0,8,2.07,25,14,11,0.85,-0.46,21.9,14.3,7.7,0.56,0,11,29,2,1,0,0,48,10,13,43.5,MID,394300.0,exact,394300.0,2025-06-17,35000000.0,394300,1999-09-22,Italy,2028-06-30,178.0,right,25.27857631759069,41.9185282522996,17.370858648025116,639.0064206442569,Developing,False,False,False,False,True,ITA,UEFA,False,False,False,False,False,True
Morten Frendrup,dk DEN,MF,Genoa,it Serie A,23.0,2001.0,35,35,3103,34.5,2,0,2,2,0,0,5,0,1.6,1.6,0.9,2.5,24,106,29,0.06,0.07,30,9,30.0,0.87,0.26,0.07,0.22,21.9,0,0.05,0.4,0.4,1067,1250,85.4,16062,3294,0.8,-0.9,14,79,11,0,1210,34,23,3,3,3,10,0,0,0,0,6,23,53,1.54,46,0,0,0,3,4,4,0.12,102,61,23,52,27,78,43.6,44,62,16,46,47,149,57,0,1647,84,424,939,303,22,1647,24,10,41.7,11,45.8,737,3540,1548,20,5,41,24,876,89,90.7,89.0,31,0,,1,1.11,31,42,-11,-0.32,-0.04,34.8,40.9,-6.2,-0.18,0,51,31,1,0,0,1,184,30,37,44.8,MID,503871.0,exact,503871.0,2025-06-17,20000000.0,503871,2001-04-07,Denmark,2028-06-30,178.0,right,23.737166324435318,41.9185282522996,16.811242881518265,563.4530651139061,Developing,False,False,False,False,True,DEN,UEFA,False,False,False,False,False,True
Remo Freuler,ch SUI,MF,Bologna,it Serie A,32.0,1992.0,37,37,3204,35.6,1,2,3,1,0,0,6,0,1.3,1.3,1.5,2.7,39,208,56,0.08,0.08,17,4,23.5,0.48,0.11,0.06,0.25,20.4,0,0.07,-0.3,-0.3,1704,1944,87.7,28701,7341,1.6,0.5,36,204,24,4,1825,113,94,3,5,19,17,0,0,0,0,6,16,74,2.08,65,2,1,0,1,5,3,0.08,79,40,28,40,11,79,41.8,46,38,4,34,38,117,57,1,2245,67,394,1419,448,32,2245,13,5,38.5,7,53.8,1216,5508,2556,44,1,32,14,1506,87,93.7,87.0,27,0,,0,1.59,52,44,8,0.22,-0.61,44.3,33.1,11.3,0.32,0,47,18,1,0,0,0,146,28,28,50.0,MID,148252.0,exact,148252.0,2025-06-17,5000000.0,148252,1992-04-15,Switzerland,2026-06-30,181.0,right,32.714579055441476,17.904073587385017,15.424948670398354,1070.2436827747301,Declining,False,False,False,False,True,SUI,UEFA,False,False,False,False,False,True
Chris Führich,de GER,"MF,FW",Stuttgart,de Bundesliga,26.0,1998.0,33,23,1981,22.0,2,3,5,2,0,0,1,0,2.9,2.9,3.7,6.6,114,95,202,0.23,0.3,36,12,33.3,1.64,0.55,0.06,0.17,17.3,2,0.08,-0.9,-0.9,807,1003,80.5,11366,3268,6.0,-0.7,32,39,51,13,915,84,9,8,1,82,30,45,17,1,0,4,20,85,3.86,68,6,4,7,0,0,8,0.36,15,10,5,5,5,27,48.1,14,23,2,21,6,21,19,0,1220,20,109,438,687,115,1220,85,40,47.1,42,49.4,782,6087,3161,68,54,37,26,905,60,64.7,76.0,5,10,24.0,0,1.52,39,28,11,0.5,0.5,37.9,28.2,9.6,0.44,0,9,6,2,0,0,0,64,5,8,38.5,MID,272278.0,exact,272278.0,2025-06-05,15000000.0,272278,1998-01-09,Germany,2028-06-30,181.0,right,26.978781656399725,41.9185282522996,16.52356082573315,727.8546596636903,Peak,True,False,False,False,False,GER,UEFA,False,False,False,False,False,True
Angelo Fulgini,fr FRA,"MF,FW",Lens,fr Ligue 1,27.0,1996.0,23,11,1045,11.6,1,1,2,1,0,0,3,0,2.4,2.4,3.8,6.2,29,69,113,0.17,0.53,26,9,34.6,2.24,0.78,0.04,0.11,17.9,2,0.09,-1.4,-1.4,509,652,78.1,7393,1993,3.8,-2.8,28,31,27,8,604,42,11,7,5,44,9,13,4,7,0,6,15,54,4.65,42,9,0,2,1,0,2,0.17,14,10,6,4,4,16,37.5,10,11,1,10,2,16,3,0,801,8,87,340,381,50,801,38,11,28.9,24,63.2,494,2511,1283,26,8,28,24,613,45,34.2,71.0,1,12,22.0,6,1.48,16,13,3,0.26,0.26,21.4,15.3,6.1,0.53,0,16,26,2,0,0,0,52,9,15,37.5,MID,250013.0,exact,250013.0,2025-06-03,5000000.0,250013,1996-08-20,New Caledonia,2026-06-30,183.0,right,28.366872005475702,17.904073587385017,15.424948670398354,804.6794273750411,Peak,False,False,False,True,False,FRA,UEFA,False,False,False,False,False,True
Gianluca Gaetano,it ITA,"MF,FW",Cagliari,it Serie A,24.0,2000.0,28,8,1009,11.2,2,4,6,2,0,0,0,0,4.9,4.9,2.2,7.1,11,41,82,0.54,0.63,30,6,20.0,2.68,0.54,0.07,0.33,17.2,2,0.16,-2.9,-2.9,258,357,72.3,4219,1182,2.3,1.8,22,27,13,0,334,23,5,3,5,24,3,10,3,7,0,0,11,48,4.28,29,6,4,6,3,0,5,0.45,11,8,4,6,1,15,33.3,10,8,0,8,6,17,8,0,490,10,44,225,224,43,490,27,14,51.9,13,48.1,297,1318,435,15,7,31,16,356,36,29.5,61.0,0,20,26.0,6,0.93,18,11,7,0.62,1.48,15.9,13.8,2.1,0.19,0,16,13,4,0,0,0,34,10,20,33.3,MID,358008.0,exact,358008.0,2025-06-17,4000000.0,358008,2000-05-05,Italy,2029-06-30,183.0,right,24.659822039698838,53.90932982917214,15.201805169084134,608.1068230296165,Developing,False,False,False,False,True,ITA,UEFA,False,False,False,False,False,True
Iñigo Ruiz de Galarreta,es ESP,MF,Athletic Club,es La Liga,30.0,1993.0,26,18,1477,16.4,0,4,4,0,0,0,5,0,0.5,0.5,2.9,3.4,27,137,39,0.24,0.21,11,1,9.1,0.67,0.06,0.0,0.0,24.1,0,0.05,-0.5,-0.5,683,844,80.9,12772,3749,2.7,1.1,28,101,25,3,805,34,26,6,8,29,0,6,1,5,0,5,18,50,3.04,43,4,2,1,0,0,6,0.37,36,22,11,17,8,31,64.5,11,11,4,7,16,52,14,2,978,21,153,618,222,8,978,23,16,69.6,5,21.7,524,2660,1266,14,3,17,16,672,57,43.2,70.0,0,8,28.0,1,2.19,28,11,17,1.04,0.67,23.4,15.5,7.9,0.48,0,43,17,1,0,0,0,120,8,12,40.0,MID,126751.0,exact,126751.0,2025-06-09,3000000.0,126751,1993-08-06,Spain,2027-06-30,175.0,right,31.405886379192335,29.894875164257556,14.914123179965662,986.3296992627386,Declining,False,False,True,False,False,ESP,UEFA,False,False,False,False,False,True
Conor Gallagher,eng ENG,MF,Atlético Madrid,es La Liga,24.0,2000.0,32,19,1633,18.1,3,3,6,3,0,0,2,0,2.8,2.8,1.2,3.9,24,64,64,0.33,0.22,22,4,18.2,1.21,0.22,0.14,0.75,19.7,0,0.13,0.2,0.2,714,840,85.0,9884,2176,1.1,1.8,12,47,14,1,818,16,6,3,1,13,8,1,1,0,0,6,18,32,1.76,24,0,4,0,3,1,8,0.44,45,32,16,19,10,49,44.9,27,23,5,18,20,65,23,0,1062,35,232,555,287,38,1062,42,17,40.5,18,42.9,674,2788,1104,23,7,25,23,755,51,47.7,68.0,4,13,26.0,5,2.0,34,19,15,0.83,-0.33,28.5,18.4,10.1,0.56,0,32,39,1,1,0,0,107,9,21,30.0,MID,488362.0,exact,488362.0,2025-06-09,40000000.0,488362,2000-02-06,England,2031-06-30,182.0,right,24.903490759753595,77.8909329829172,17.50439003707821,620.1838520211327,Developing,False,False,True,False,False,ENG,UEFA,False,False,False,False,False,True
Aleix García,es ESP,MF,Leverkusen,de Bundesliga,27.0,1997.0,28,17,1455,16.2,3,4,7,3,0,0,3,0,1.0,1.0,4.9,5.9,27,120,47,0.43,0.36,15,5,33.3,0.93,0.31,0.2,0.6,22.5,2,0.06,2.0,2.0,1212,1390,87.2,21055,6014,3.8,-0.9,32,135,12,4,1270,118,49,2,33,92,10,58,31,16,0,2,16,60,3.71,39,16,0,4,0,1,10,0.62,13,7,4,6,3,15,46.7,8,12,2,10,11,24,24,1,1503,45,225,831,452,11,1503,5,4,80.0,1,20.0,787,3463,1633,34,1,10,5,1169,52,47.5,78.0,9,11,12.0,6,2.11,31,27,4,0.25,-1.15,26.2,21.2,5.1,0.31,0,8,9,1,0,0,0,69,3,8,27.3,MID,261504.0,exact,261504.0,2025-06-05,20000000.0,261504,1997-06-28,Spain,2029-06-30,173.0,right,27.512662559890487,53.90932982917214,16.811242881518265,756.9466011343998,Peak,True,False,False,False,False,ESP,UEFA,False,False,False,False,False,True
Alejandro Garnacho,ar ARG,"MF,FW",Manchester Utd,eng Premier League,20.0,2004.0,36,23,2199,24.4,6,2,8,6,0,0,3,0,7.3,7.3,4.5,11.8,141,56,290,0.33,0.48,84,29,34.5,3.44,1.19,0.07,0.21,17.0,0,0.09,-1.3,-1.3,649,823,78.9,9138,1181,2.8,-2.5,37,22,25,5,798,24,3,2,9,56,16,2,1,0,0,1,54,83,3.4,64,1,3,9,6,0,6,0.25,30,18,11,6,13,37,32.4,25,19,0,19,13,43,11,2,1159,13,130,364,683,176,1159,89,26,29.2,55,61.8,840,6365,3245,72,67,64,48,888,61,64.3,81.0,14,13,26.0,0,1.0,26,36,-10,-0.41,-0.41,35.6,35.0,0.5,0.02,0,12,43,10,0,0,0,108,3,24,11.1,MID,811779.0,exact,811779.0,2025-05-30,45000000.0,811779,2004-07-01,Argentina,2032-06-30,180.0,right,20.503764544832308,89.91458607095926,17.622173069956816,420.4043605099224,Emerging,False,True,False,False,False,ARG,CONMEBOL,False,False,False,True,False,False
James Garner,eng ENG,"MF,DF",Everton,eng Premier League,23.0,2001.0,21,17,1594,17.7,0,1,1,0,0,0,5,0,0.7,0.7,1.4,2.1,15,50,30,0.06,0.12,12,4,33.3,0.68,0.23,0.0,0.0,20.4,1,0.06,-0.7,-0.7,611,803,76.1,10658,3158,1.4,-0.4,13,60,7,4,687,110,17,2,2,57,42,23,16,4,2,6,23,39,2.2,27,11,0,0,0,1,5,0.28,47,31,25,20,2,41,58.5,17,20,4,16,23,70,37,0,977,40,226,511,248,15,977,19,7,36.8,12,63.2,478,2187,842,19,2,16,9,550,76,46.6,87.0,11,4,28.0,1,1.57,21,19,2,0.11,0.31,20.3,19.3,1.0,0.06,0,20,15,0,0,0,0,73,11,13,45.8,MID,505219.0,exact,505219.0,2025-05-30,18000000.0,505219,2001-03-13,England,2030-06-30,182.0,right,23.805612594113622,65.90013140604468,16.705882371415992,566.7071909810211,Developing,False,True,False,False,False,ENG,UEFA,False,False,False,False,False,True
Gavi,es ESP,"MF,FW",Barcelona,es La Liga,19.0,2004.0,26,14,1085,12.1,1,1,2,1,0,0,4,0,0.9,0.9,1.6,2.4,13,77,42,0.17,0.2,11,1,9.1,0.91,0.08,0.09,1.0,15.3,0,0.08,0.1,0.1,733,814,90.0,10848,2687,1.5,-0.6,14,92,11,1,792,21,13,1,5,9,5,1,0,0,0,1,7,39,3.24,37,0,1,1,0,0,4,0.33,30,21,10,15,5,26,57.7,11,14,1,13,10,40,7,0,943,10,107,601,240,34,943,18,9,50.0,5,27.8,557,2274,1128,16,1,19,9,712,42,31.7,69.0,4,12,10.0,3,2.12,26,12,14,1.16,-0.73,29.1,10.9,18.1,1.5,0,38,26,1,0,0,0,61,21,26,44.7,MID,646740.0,exact,646740.0,2025-06-09,60000000.0,646740,2004-08-05,Spain,2030-06-30,173.0,right,20.407939767282684,65.90013140604468,17.909855136853043,416.48400554503803,Emerging,False,False,True,False,False,ESP,UEFA,False,False,False,False,False,True
Yann Gboho,fr FRA,"MF,FW",Toulouse,fr Ligue 1,23.0,2001.0,31,27,2333,25.9,5,4,9,5,0,0,2,0,5.4,5.4,3.5,8.9,116,103,189,0.35,0.35,50,26,52.0,1.93,1.0,0.1,0.19,15.8,0,0.11,-0.4,-0.4,478,644,74.2,6718,2050,4.1,0.5,30,53,28,0,633,6,2,7,1,26,0,0,0,0,0,5,33,87,3.36,63,0,12,5,6,1,7,0.27,31,18,7,15,9,35,40.0,21,20,0,20,6,37,4,1,953,5,84,402,494,124,953,122,50,41.0,66,54.1,690,4979,2956,74,37,66,50,709,75,76.2,83.0,14,4,25.0,0,1.23,31,33,-2,-0.08,-0.45,36.6,25.4,11.1,0.43,0,16,61,2,1,0,0,107,5,27,15.6,MID,463613.0,exact,463613.0,2025-06-03,8000000.0,463613,2001-01-14,France,2027-06-30,178.0,right,23.964407939767284,29.894875164257556,15.894952224644102,574.2928479035812,Developing,False,False,False,True,False,FRA,UEFA,False,False,False,False,False,True
Dennis Geiger,de GER,"MF,FW",Hoffenheim,de Bundesliga,26.0,1998.0,20,7,734,8.2,0,0,0,0,0,0,4,0,0.2,0.2,0.5,0.6,12,37,21,0.0,0.08,5,1,20.0,0.61,0.12,0.0,0.0,24.2,1,0.03,-0.2,-0.2,316,362,87.3,4775,1315,0.7,-0.5,11,32,9,1,341,18,12,2,0,5,2,2,1,1,0,3,4,26,3.18,23,1,1,0,1,0,0,0.0,24,11,9,13,2,19,63.2,7,15,2,13,7,31,6,1,441,14,84,260,99,8,441,8,4,50.0,2,25.0,259,1326,605,15,2,9,8,303,37,24.0,74.0,2,13,16.0,5,0.75,8,23,-15,-1.84,-1.57,8.5,18.1,-9.6,-1.18,0,26,10,0,0,1,0,35,2,4,33.3,MID,251309.0,exact,251309.0,2025-06-05,2000000.0,251309,1998-06-10,Germany,2026-06-30,173.0,right,26.562628336755647,17.904073587385017,14.508658238524095,705.5732241566141,Peak,True,False,False,False,False,GER,UEFA,False,False,False,False,False,True
Yannick Gerhardt,de GER,"MF,DF",Wolfsburg,de Bundesliga,30.0,1994.0,29,15,1518,16.9,1,1,2,1,0,0,5,1,1.2,1.2,0.2,1.4,27,57,63,0.12,0.08,15,4,26.7,0.89,0.24,0.07,0.25,15.0,0,0.08,-0.2,-0.2,513,667,76.9,7872,2653,1.1,0.8,4,44,11,4,625,41,12,1,1,24,24,1,1,0,0,1,19,29,1.72,23,0,1,1,4,0,2,0.12,28,16,13,14,1,30,36.7,19,32,8,24,17,45,47,0,854,49,222,407,231,32,854,8,1,12.5,7,87.5,438,1950,1001,14,5,19,3,519,52,49.6,81.0,11,14,22.0,2,1.41,28,27,1,0.06,0.0,25.7,24.5,1.3,0.07,0,20,13,2,0,0,0,49,21,29,42.0,MID,119277.0,exact,119277.0,2025-06-05,2500000.0,119277,1994-03-13,Germany,,184.0,left,30.806297056810404,,14.731801689838349,949.0279383524454,Declining,True,False,False,False,False,GER,UEFA,False,False,False,False,False,True
Morgan Gibbs-White,eng ENG,MF,Nott'ham Forest,eng Premier League,24.0,2000.0,34,34,2803,31.1,7,8,15,7,0,0,11,1,6.3,6.3,5.0,11.2,69,164,137,0.48,0.36,61,21,34.4,1.96,0.67,0.11,0.33,17.4,4,0.1,0.7,0.7,993,1269,78.3,15389,4754,4.7,3.0,51,128,41,10,1241,18,7,19,12,45,1,1,0,0,0,10,27,115,3.69,94,0,3,8,5,5,19,0.61,43,22,14,23,6,33,51.5,16,18,5,13,23,66,29,1,1627,35,185,830,637,92,1627,77,31,40.3,35,45.5,923,5093,2566,52,13,70,44,1227,82,82.0,82.0,13,0,,0,1.74,49,34,15,0.48,0.92,36.9,40.1,-3.2,-0.1,1,38,40,7,1,0,0,127,40,55,42.1,MID,429014.0,exact,429014.0,2025-05-30,50000000.0,429014,2000-01-27,England,2028-06-30,171.0,right,24.930869267624914,41.9185282522996,17.72753358339242,621.5482424394044,Developing,False,True,False,False,False,ENG,UEFA,False,False,False,False,False,True
Armin Gigovic,ba BIH,MF,Holstein Kiel,de Bundesliga,22.0,2002.0,31,23,1895,21.1,5,1,6,5,0,0,5,0,1.9,1.9,2.1,3.9,37,50,45,0.28,0.19,26,10,38.5,1.23,0.47,0.19,0.5,19.0,1,0.07,3.1,3.1,524,674,77.7,8461,2077,1.7,-1.1,16,44,7,0,645,25,9,5,4,14,0,1,0,1,0,4,13,39,1.85,29,2,1,1,6,0,7,0.33,25,13,14,8,3,21,23.8,16,20,1,19,21,46,33,0,935,56,240,509,201,38,935,55,20,36.4,26,47.3,476,2986,1268,23,7,45,23,536,61,61.9,73.0,3,8,28.0,2,0.81,33,44,-11,-0.52,1.02,23.4,32.9,-9.5,-0.45,0,22,28,2,1,1,0,117,18,19,48.6,MID,651269.0,exact,651269.0,2025-06-05,3000000.0,651269,2002-04-06,Bosnia-Herzegovina,2029-06-30,187.0,right,22.740588637919235,53.90932982917214,14.914123179965662,517.1343715990614,Developing,True,False,False,False,False,BIH,UEFA,False,False,False,False,False,True
Billy Gilmour,sct SCO,MF,Napoli,it Serie A,23.0,2001.0,26,13,1177,13.1,0,1,1,0,0,0,0,0,0.5,0.5,1.8,2.3,11,67,18,0.08,0.18,9,1,11.1,0.69,0.08,0.0,0.0,22.3,0,0.06,-0.5,-0.5,804,908,88.5,14176,3784,1.9,-0.8,21,65,12,2,878,30,18,3,3,18,2,10,7,3,0,0,5,40,3.06,29,6,1,2,2,0,4,0.31,24,16,10,9,5,20,60.0,8,6,1,5,9,33,23,0,1006,43,263,587,157,5,1006,10,5,50.0,4,40.0,540,2182,991,12,0,11,5,782,45,34.4,76.0,4,13,15.0,9,2.15,16,8,8,0.61,-0.35,18.5,10.8,7.8,0.59,0,14,16,0,0,0,0,64,9,10,47.4,MID,423744.0,exact,423744.0,2025-06-17,20000000.0,423744,2001-06-11,Scotland,2029-06-30,170.0,right,23.55920602327173,53.90932982917214,16.811242881518265,555.036188446963,Developing,False,False,False,False,True,SCO,UEFA,False,False,False,False,False,True
Gvidas Gineitis,lt LTU,MF,Torino,it Serie A,20.0,2004.0,30,15,1430,15.9,3,1,4,3,0,0,5,0,1.3,1.3,2.0,3.3,15,36,43,0.25,0.21,29,8,27.6,1.83,0.5,0.1,0.38,25.5,2,0.04,1.7,1.7,399,534,74.7,6511,1895,2.2,-1.0,21,38,7,2,487,42,12,2,0,51,5,25,14,9,0,5,26,39,2.45,26,6,0,4,2,1,2,0.13,25,15,8,10,7,25,52.0,12,16,6,10,18,43,32,0,715,36,145,327,250,24,715,17,8,47.1,6,35.3,388,1722,826,10,4,25,10,427,48,41.8,69.0,5,15,27.0,2,1.17,13,20,-7,-0.44,-0.49,14.4,19.0,-4.6,-0.29,0,23,23,2,0,0,0,57,14,18,43.8,MID,798929.0,exact,798929.0,2025-06-17,6000000.0,798929,2004-04-15,Lithuania,2029-06-30,191.0,left,20.71457905544148,53.90932982917214,15.607270193858982,429.0937854441348,Emerging,False,False,False,False,True,LTU,UEFA,False,False,False,False,False,True
Aleksandr Golovin,ru RUS,"MF,FW",Monaco,fr Ligue 1,28.0,1996.0,19,13,1153,12.8,3,0,3,3,0,0,1,0,2.3,2.3,2.4,4.7,39,112,72,0.23,0.37,24,9,37.5,1.87,0.7,0.13,0.33,21.4,0,0.1,0.7,0.7,523,678,77.1,8301,3070,3.2,-2.4,24,77,31,3,648,25,12,9,4,23,6,7,2,3,0,5,13,48,3.74,36,3,4,4,1,0,1,0.08,38,24,9,20,9,39,43.6,22,16,4,12,12,50,7,0,840,7,108,444,302,31,840,37,22,59.5,12,32.4,504,2977,1536,36,9,27,18,563,61,37.7,82.0,7,6,14.0,2,1.58,21,18,3,0.23,-0.66,24.8,15.8,9.0,0.7,0,25,20,1,0,0,0,101,9,13,40.9,MID,263918.0,exact,263918.0,2025-06-03,20000000.0,263918,1996-05-30,Russia,2029-06-30,178.0,right,28.591375770020534,53.90932982917214,16.811242881518265,817.4667684225172,Peak,False,False,False,True,False,RUS,UEFA,False,False,False,False,False,True
André Gomes,pt POR,MF,Lille,fr Ligue 1,31.0,1993.0,20,16,1276,14.2,0,0,0,0,0,0,3,0,0.5,0.5,0.7,1.3,18,101,28,0.0,0.09,11,3,27.3,0.78,0.21,0.0,0.0,24.5,1,0.05,-0.5,-0.5,861,963,89.4,14106,3490,1.7,-0.7,10,96,15,1,937,25,21,5,11,11,4,0,0,0,0,1,11,26,1.83,24,0,2,0,0,0,1,0.07,27,13,9,11,7,31,35.5,20,7,1,6,6,33,11,2,1086,28,178,681,232,13,1086,24,10,41.7,14,58.3,632,2379,1075,19,0,25,19,862,64,41.7,77.0,6,4,12.0,6,2.05,21,11,10,0.71,0.4,21.3,17.0,4.2,0.3,0,24,12,0,0,0,0,92,9,7,56.3,MID,221025.0,exact,221025.0,2025-06-03,6000000.0,221025,1993-07-30,Portugal,2027-06-30,190.0,right,31.42505133470226,29.894875164257556,15.607270193858982,987.5338513886724,Declining,False,False,False,True,False,POR,UEFA,False,False,False,False,False,True
Angel Gomes,eng ENG,MF,Lille,fr Ligue 1,23.0,2000.0,14,10,736,8.2,1,1,2,1,0,1,1,0,1.7,0.9,2.1,3.0,15,49,47,0.24,0.47,8,2,25.0,0.98,0.24,0.13,0.5,21.8,2,0.11,-0.7,0.1,295,364,81.0,4789,1376,1.6,-1.1,14,32,14,3,352,9,3,2,2,10,0,4,3,0,0,3,8,28,3.42,24,2,0,0,2,0,3,0.37,10,6,4,4,2,12,16.7,10,0,0,0,0,10,2,0,410,2,40,224,150,18,409,10,5,50.0,4,40.0,249,1322,668,17,3,11,3,330,53,24.1,64.0,2,4,23.0,10,1.43,9,12,-3,-0.37,-1.1,12.5,14.8,-2.3,-0.28,0,4,11,0,1,0,0,20,5,6,45.5,MID,392770.0,exact,392770.0,2025-06-03,20000000.0,392770,2000-08-31,England,2026-06-30,168.0,right,24.33675564681725,17.904073587385017,16.811242881518265,592.2776754128912,Developing,False,False,False,True,False,ENG,UEFA,False,False,False,False,False,True
João Gomes,br BRA,MF,Wolves,eng Premier League,23.0,2001.0,36,35,2974,33.0,3,1,4,3,0,0,11,1,2.9,2.9,1.2,4.1,59,165,76,0.12,0.12,35,7,20.0,1.06,0.21,0.09,0.43,18.3,0,0.08,0.1,0.1,1380,1623,85.0,19707,4911,1.9,-0.2,23,122,24,1,1564,56,27,5,9,29,17,1,1,0,0,3,24,67,2.03,53,1,5,2,2,4,4,0.12,116,71,55,53,8,110,43.6,62,42,4,38,25,141,33,0,1998,62,431,1105,491,45,1998,65,30,46.2,28,43.1,1059,6216,2843,51,6,43,51,1335,83,87.0,84.0,18,1,45.0,0,1.08,45,58,-13,-0.39,0.01,36.2,49.4,-13.2,-0.4,1,70,47,1,0,0,0,200,11,26,29.7,MID,735570.0,exact_birthyear_corrected,735570.0,2025-05-30,40000000.0,735570,2001-02-12,Brazil,2030-06-30,176.0,right,23.88501026694045,65.90013140604468,17.50439003707821,570.4937154518508,Developing,False,True,False,False,False,BRA,CONMEBOL,False,False,False,True,False,False
Diego Gómez,py PAR,MF,Brighton,eng Premier League,21.0,2003.0,16,4,516,5.7,1,0,1,1,0,0,0,0,0.9,0.9,0.7,1.6,8,27,23,0.17,0.28,9,3,33.3,1.57,0.52,0.11,0.33,19.6,2,0.09,0.1,0.1,243,302,80.5,3715,931,1.2,-0.7,8,14,7,1,283,19,2,4,2,12,1,6,2,3,0,0,9,19,3.32,14,3,0,1,1,0,4,0.7,21,13,11,8,2,22,54.5,10,13,0,13,8,29,10,1,403,21,87,212,109,10,403,12,6,50.0,6,50.0,193,746,365,4,0,10,9,247,32,15.1,72.0,0,12,19.0,1,1.88,16,13,3,0.52,0.4,14.0,9.1,4.9,0.86,0,8,3,1,1,0,0,32,10,4,71.4,MID,996897.0,exact_birthyear_corrected,996897.0,2025-05-30,14000000.0,996897,2003-03-27,Paraguay,2030-06-30,183.0,right,21.76865160848734,65.90013140604468,16.454567959008102,473.8741928516984,Emerging,False,True,False,False,False,PAR,CONMEBOL,False,False,False,True,False,False
Moi Gómez,es ESP,"MF,FW",Osasuna,es La Liga,30.0,1994.0,26,6,796,8.8,0,0,0,0,0,0,1,0,0.5,0.5,0.8,1.2,13,49,16,0.0,0.14,6,1,16.7,0.68,0.11,0.0,0.0,19.2,1,0.08,-0.5,-0.5,398,494,80.6,6612,1756,1.1,-0.8,11,46,13,9,480,13,7,0,9,28,1,2,1,1,0,1,16,19,2.15,16,3,0,0,0,0,0,0.0,13,9,4,7,2,8,50.0,4,5,2,3,6,19,7,1,571,6,92,337,146,7,571,26,14,53.8,11,42.3,353,1545,524,10,1,10,8,402,31,23.3,76.0,3,20,17.0,10,1.27,2,19,-17,-1.92,-2.37,6.1,15.8,-9.7,-1.1,0,14,6,1,0,0,1,66,7,12,36.8,MID,175449.0,exact,175449.0,2025-06-09,2000000.0,175449,1994-06-23,Spain,2027-06-30,176.0,right,30.527036276522928,29.894875164257556,14.508658238524095,931.8999438281468,Declining,False,False,True,False,False,ESP,UEFA,False,False,False,False,False,True
Sergio Gómez,es ESP,"MF,DF",Real Sociedad,es La Liga,23.0,2000.0,37,31,2738,30.4,2,5,7,2,0,0,4,0,1.9,1.9,8.9,10.8,43,93,154,0.23,0.35,18,10,55.6,0.59,0.33,0.11,0.2,24.0,5,0.11,0.1,0.1,1076,1439,74.8,17323,4647,7.5,-3.9,56,77,23,11,1186,244,58,1,9,231,46,133,47,67,0,9,47,102,3.35,51,44,1,3,2,1,10,0.33,71,39,30,29,12,56,53.6,26,44,3,41,19,90,30,2,1724,38,292,746,708,52,1724,51,22,43.1,25,49.0,843,4335,1912,46,6,45,16,1025,74,80.1,82.0,18,6,34.0,1,1.24,26,33,-7,-0.23,0.3,30.7,35.9,-5.2,-0.17,0,29,16,9,0,1,0,146,20,22,47.6,MID,366930.0,exact,366930.0,2025-06-09,20000000.0,366930,2000-09-04,Spain,2030-06-30,171.0,left,24.32580424366872,65.90013140604468,16.811242881518265,591.7447521012912,Developing,False,False,True,False,False,ESP,UEFA,False,False,False,False,False,True
Unai Gómez,es ESP,"MF,FW",Athletic Club,es La Liga,21.0,2003.0,32,14,1284,14.3,1,3,4,1,0,0,1,0,1.9,1.9,0.8,2.7,19,23,49,0.28,0.19,19,4,21.1,1.33,0.28,0.05,0.25,17.5,1,0.1,-0.9,-0.9,223,305,73.1,3424,683,0.9,2.2,10,20,1,0,278,26,3,2,0,23,1,12,11,0,0,1,6,23,1.61,15,4,1,2,1,0,3,0.21,12,8,3,7,2,7,57.1,3,13,1,12,2,14,15,1,439,20,63,215,168,21,439,29,12,41.4,12,41.4,235,1270,617,17,3,23,21,271,40,37.5,61.0,0,18,24.0,4,1.75,13,12,1,0.07,-0.94,17.6,17.6,0.0,0.0,0,12,18,0,0,0,0,42,29,31,48.3,MID,834752.0,exact,834752.0,2025-06-09,6000000.0,834752,2003-05-25,Spain,2028-06-30,183.0,left,21.607118412046542,41.9185282522996,15.607270193858982,466.8675660722007,Emerging,False,False,True,False,False,ESP,UEFA,False,False,False,False,False,True
Nicolás González,es ESP,MF,Manchester City,eng Premier League,22.0,2002.0,11,9,760,8.4,1,0,1,1,0,0,3,0,0.5,0.5,0.1,0.5,9,50,11,0.12,0.06,9,2,22.2,1.07,0.24,0.11,0.5,19.5,0,0.05,0.5,0.5,575,625,92.0,8643,1985,0.5,-0.1,1,52,4,0,603,21,19,1,0,1,2,0,0,0,0,1,5,15,1.77,13,0,0,1,1,0,3,0.35,16,6,5,7,4,11,54.5,5,9,0,9,8,24,21,0,713,18,116,439,161,10,713,6,1,16.7,3,50.0,425,1824,729,12,3,8,11,535,69,22.2,82.0,5,2,12.0,3,2.27,17,7,10,1.18,0.58,16.5,8.5,8.0,0.94,0,13,5,0,0,0,0,31,16,12,57.1,MID,466805.0,fuzzy_verified,466805.0,2025-05-30,40000000.0,466805,2002-01-03,Spain,2029-06-30,188.0,right,22.99520876112252,53.90932982917214,17.50439003707821,528.7796259676059,Developing,False,True,False,False,False,ESP,UEFA,False,False,False,False,False,True
Leon Goretzka,de GER,"MF,DF",Bayern Munich,de Bundesliga,29.0,1995.0,26,13,1325,14.7,4,1,5,4,0,0,2,0,2.8,2.8,1.7,4.4,35,127,28,0.34,0.3,32,11,34.4,2.17,0.75,0.13,0.36,20.2,0,0.09,1.2,1.2,1101,1225,89.9,17307,4696,2.4,-0.7,12,147,15,0,1196,24,18,5,8,5,6,0,0,0,0,5,12,28,1.9,21,0,2,2,1,2,2,0.14,21,11,5,12,4,20,50.0,10,27,7,20,20,41,25,1,1373,47,224,868,289,27,1373,8,7,87.5,1,12.5,794,4253,2279,35,3,4,4,1051,51,43.3,80.0,9,13,22.0,5,2.38,43,14,29,1.97,0.0,39.8,11.3,28.6,1.94,0,12,11,0,0,0,0,77,31,26,54.4,MID,153084.0,exact,153084.0,2025-06-05,22000000.0,153084,1995-02-06,Germany,2026-06-30,189.0,right,29.90280629705681,17.904073587385017,16.906553056777135,894.1778244393004,Peak,True,False,False,False,False,GER,UEFA,False,False,False,False,False,True
Mario Götze,de GER,"MF,FW",Eint Frankfurt,de Bundesliga,32.0,1992.0,24,18,1542,17.1,3,2,5,3,0,0,1,0,2.9,2.9,3.1,6.0,29,88,96,0.29,0.35,8,5,62.5,0.47,0.29,0.38,0.6,10.1,0,0.37,0.1,0.1,656,846,77.5,9147,2783,1.9,-1.1,34,56,19,1,807,36,13,3,2,39,6,17,12,2,0,3,26,58,3.39,54,3,0,0,1,0,3,0.18,41,28,18,20,3,36,41.7,21,15,1,14,7,48,8,0,986,12,158,493,347,43,986,23,9,39.1,12,52.2,617,2456,1214,23,6,26,27,706,64,50.4,77.0,4,6,26.0,4,1.83,30,19,11,0.64,-0.01,32.3,21.8,10.4,0.61,0,15,15,1,0,0,0,104,3,10,23.1,MID,74842.0,exact,74842.0,2025-06-05,4000000.0,74842,1992-06-03,Germany,2028-06-30,176.0,right,32.580424366872,41.9185282522996,15.201805169084134,1061.484051925467,Declining,True,False,False,False,False,GER,UEFA,False,False,False,False,False,True
Amine Gouiri,dz ALG,"MF,FW",Rennes,fr Ligue 1,24.0,2000.0,19,11,1037,11.5,3,2,5,3,0,0,2,0,3.5,3.5,0.4,3.9,22,46,63,0.43,0.34,31,16,51.6,2.69,1.39,0.1,0.19,16.4,0,0.11,-0.5,-0.5,277,354,78.2,3878,899,0.8,1.6,8,21,9,0,319,35,9,3,0,12,5,7,5,1,0,0,16,29,2.52,21,1,5,2,0,0,4,0.35,9,6,4,4,1,8,25.0,6,8,0,8,2,11,5,0,474,5,43,220,217,47,474,33,15,45.5,16,48.5,266,1398,692,9,11,20,21,354,55,33.9,69.0,4,8,34.0,0,0.89,14,18,-4,-0.35,-0.57,14.6,16.9,-2.4,-0.21,0,18,12,4,0,0,0,40,8,15,34.8,MID,418659.0,exact,418659.0,2025-06-03,30000000.0,418659,2000-02-16,Algeria,2029-06-30,180.0,right,24.876112251882272,53.90932982917214,17.216707972959764,618.8209607682473,Developing,False,False,False,True,False,ALG,CAF,False,True,False,False,False,False
José Gragera,es ESP,MF,Espanyol,es La Liga,23.0,2000.0,10,7,569,6.3,0,0,0,0,0,0,0,0,0.0,0.0,0.0,0.1,1,14,3,0.0,0.01,2,0,0.0,0.32,0.0,0.0,,20.3,0,0.02,0.0,0.0,190,217,87.6,3436,848,0.1,0.0,1,14,0,0,206,10,10,0,1,0,0,0,0,0,0,1,2,7,1.11,4,0,0,0,1,2,0,0.0,25,16,11,14,0,17,52.9,8,9,1,8,5,30,13,0,284,13,74,190,21,4,284,4,1,25.0,2,50.0,119,457,216,0,0,3,1,164,57,16.6,71.0,2,3,25.0,3,1.0,4,12,-8,-1.27,-1.17,5.5,11.5,-5.9,-0.94,0,18,8,0,0,0,0,18,11,5,68.8,MID,557147.0,exact,557147.0,2025-06-09,2000000.0,557147,2000-05-14,Spain,2026-06-30,186.0,right,24.635181382614647,17.904073587385017,14.508658238524095,606.8921617543233,Developing,False,False,True,False,False,ESP,UEFA,False,False,False,False,False,True
Alberto Grassi,it ITA,MF,Empoli,it Serie A,29.0,1995.0,28,27,2203,24.5,1,0,1,1,0,0,8,0,1.0,1.0,0.8,1.9,18,74,24,0.04,0.08,11,4,36.4,0.45,0.16,0.09,0.25,15.7,0,0.09,0.0,0.0,634,850,74.6,10794,3479,0.7,-0.8,7,65,7,0,807,37,30,2,1,10,4,0,0,0,0,6,14,27,1.1,21,0,0,2,3,1,2,0.08,39,21,16,18,5,22,63.6,8,22,12,10,33,72,43,1,1058,67,290,615,166,26,1058,12,5,41.7,6,50.0,441,2181,847,12,1,26,18,542,79,64.4,81.0,13,1,17.0,1,0.68,20,36,-16,-0.65,0.09,22.2,30.9,-8.7,-0.35,0,28,34,1,1,0,0,124,29,21,58.0,MID,197473.0,exact,197473.0,2025-06-17,1800000.0,197473,1995-03-07,Italy,2027-06-30,183.0,right,29.82340862422998,29.894875164257556,14.403297778421795,889.4357019677951,Peak,False,False,False,False,True,ITA,UEFA,False,False,False,False,False,True
Ryan Gravenberch,nl NED,MF,Liverpool,eng Premier League,22.0,2002.0,37,37,3160,35.1,0,4,4,0,0,0,6,1,1.1,1.1,3.1,4.2,70,181,55,0.11,0.12,20,5,25.0,0.57,0.14,0.0,0.0,24.5,0,0.06,-1.1,-1.1,1718,1927,89.2,25904,6528,3.5,0.9,26,151,35,2,1889,32,16,8,7,7,10,0,0,0,0,6,15,68,1.94,60,0,5,2,0,1,6,0.17,69,35,27,29,13,56,57.1,24,35,10,25,60,129,59,2,2343,117,509,1354,512,26,2343,81,37,45.7,30,37.0,1396,7452,3742,75,10,55,26,1669,85,92.4,85.0,27,0,,0,2.27,79,35,44,1.25,0.91,76.2,33.3,42.8,1.22,0,47,52,0,0,0,0,193,26,14,65.0,MID,478573.0,exact,478573.0,2025-05-30,75000000.0,478573,2002-05-16,Netherlands,2032-06-30,190.0,right,22.63107460643395,89.91458607095926,18.132998684833918,512.1655378419795,Developing,False,True,False,False,False,NED,UEFA,False,False,False,False,False,True
Florian Grillitsch,at AUT,MF,Valladolid,es La Liga,28.0,1995.0,13,7,623,6.9,0,0,0,0,0,0,1,0,0.1,0.1,0.7,0.8,9,38,7,0.0,0.11,3,2,66.7,0.43,0.29,0.0,0.0,22.0,0,0.03,-0.1,-0.1,289,349,82.8,5492,1241,0.4,-0.7,8,29,5,0,327,22,12,3,7,6,1,4,3,0,0,0,4,22,3.17,19,0,1,0,2,0,1,0.14,11,7,7,3,1,15,46.7,8,12,2,10,4,15,5,1,398,12,91,266,49,4,398,15,11,73.3,3,20.0,225,1374,706,4,0,5,5,278,48,18.2,63.0,1,6,30.0,1,0.08,5,15,-10,-1.44,0.29,6.6,11.7,-5.1,-0.73,0,6,12,0,0,0,0,42,5,4,55.6,MID,195736.0,exact,195736.0,2025-06-09,2000000.0,195736,1995-08-07,Austria,2027-06-30,186.0,right,29.404517453798768,29.894875164257556,14.508658238524095,864.6256466907564,Peak,False,False,True,False,False,AUT,UEFA,False,False,False,False,False,True
Florian Grillitsch,at AUT,MF,Hoffenheim,de Bundesliga,28.0,1995.0,8,8,601,6.7,0,0,0,0,0,0,1,0,0.2,0.2,0.2,0.3,4,44,4,0.0,0.05,6,1,16.7,0.9,0.15,0.0,0.0,24.1,0,0.03,-0.2,-0.2,361,417,86.6,6978,2150,0.8,-0.2,5,39,4,2,388,29,25,3,8,4,2,0,0,0,0,0,9,17,2.55,17,0,0,0,0,0,0,0.0,15,9,5,9,1,14,57.1,6,6,2,4,8,23,18,0,488,29,140,263,92,3,488,12,5,41.7,6,50.0,270,1348,585,8,0,5,10,330,75,19.6,75.0,4,0,,0,1.13,9,11,-2,-0.3,0.43,9.6,12.6,-3.0,-0.45,0,4,11,0,0,0,0,31,7,15,31.8,MID,195736.0,exact,195736.0,2025-06-09,2000000.0,195736,1995-08-07,Austria,2027-06-30,186.0,right,29.404517453798768,29.894875164257556,14.508658238524095,864.6256466907564,Peak,True,False,False,False,False,AUT,UEFA,False,False,False,False,False,True
Pascal Groß,de GER,"MF,DF",Dortmund,de Bundesliga,33.0,1991.0,30,28,2327,25.9,0,9,9,0,0,0,5,1,2.4,2.4,5.1,7.5,41,178,122,0.35,0.29,27,7,25.9,1.04,0.27,0.0,0.0,17.5,1,0.09,-2.4,-2.4,1589,1970,80.7,27293,8030,6.4,3.9,57,120,44,15,1736,228,68,3,12,174,48,98,46,30,3,6,33,96,3.71,58,29,1,6,1,1,17,0.66,44,28,11,26,7,51,29.4,36,46,13,33,9,53,30,1,2178,60,416,1150,625,50,2178,9,3,33.3,6,66.7,1149,5044,2372,43,5,22,9,1510,78,76.0,81.0,15,2,34.0,0,1.7,53,36,17,0.66,0.29,47.5,33.2,14.3,0.55,0,18,12,0,0,1,0,96,24,32,42.9,MID,82873.0,exact,82873.0,2025-06-05,5000000.0,82873,1991-06-15,Germany,2027-06-30,181.0,right,33.549623545516766,29.894875164257556,15.424948670398354,1125.577240045893,Declining,True,False,False,False,False,GER,UEFA,False,False,False,False,False,True
Brajan Gruda,de GER,"MF,FW",Brighton,eng Premier League,20.0,2004.0,21,8,687,7.6,1,4,5,1,0,0,0,0,1.2,1.2,2.1,3.3,22,26,57,0.66,0.43,11,5,45.5,1.44,0.66,0.09,0.2,16.9,2,0.11,-0.2,-0.2,187,251,74.5,2759,970,1.9,1.9,23,12,12,1,211,40,7,2,2,29,10,17,8,7,1,0,3,39,5.1,29,6,3,0,1,0,6,0.78,16,8,6,6,4,14,50.0,7,8,0,8,2,18,5,1,344,4,38,120,192,46,344,30,13,43.3,12,40.0,202,1447,662,19,13,14,21,222,33,20.1,64.0,0,13,14.0,7,1.38,14,15,-1,-0.13,-0.39,10.8,12.8,-2.1,-0.27,0,7,12,1,0,0,0,26,3,5,37.5,MID,700106.0,exact,700106.0,2025-05-30,25000000.0,700106,2004-05-31,Germany,2026-06-30,178.0,left,20.588637919233403,17.904073587385017,17.034386422832473,423.8920113692955,Emerging,False,True,False,False,False,GER,UEFA,False,False,False,False,False,True
Albert Grønbaek,dk DEN,"MF,FW",Rennes,fr Ligue 1,23.0,2001.0,16,9,813,9.0,2,1,3,2,0,0,1,0,1.5,1.5,1.0,2.5,23,30,58,0.33,0.28,22,9,40.9,2.44,1.0,0.09,0.22,18.6,2,0.07,0.5,0.5,155,247,62.8,2371,825,0.9,0.0,19,9,13,0,213,31,7,1,1,28,5,19,16,3,0,3,15,29,3.21,17,5,3,2,2,0,5,0.55,21,11,10,7,4,28,35.7,18,9,1,8,4,25,6,0,386,5,48,146,198,41,386,37,11,29.7,24,64.9,218,1166,619,15,12,33,15,250,51,26.6,68.0,1,7,29.0,1,1.06,15,11,4,0.44,0.56,10.2,8.9,1.3,0.15,0,10,10,0,0,0,0,24,4,11,26.7,MID,503866.0,fuzzy_verified,503866.0,2025-05-30,11000000.0,503866,2001-05-23,Denmark,2026-06-30,181.0,right,23.61122518822724,17.904073587385017,16.213405921671733,557.4899548891765,Developing,False,False,False,True,False,DEN,UEFA,False,False,False,False,False,True
Nemanja Gudelj,rs SRB,"MF,DF",Sevilla,es La Liga,32.0,1991.0,31,27,2493,27.7,1,1,2,0,1,1,6,0,1.6,0.8,0.6,1.5,14,64,5,0.04,0.08,22,5,22.7,0.79,0.18,0.0,0.0,28.8,6,0.04,-0.6,-0.8,1192,1371,86.9,20321,6020,1.0,0.4,14,72,7,0,1260,106,62,1,9,31,0,23,15,3,0,5,6,34,1.23,19,11,1,0,1,2,2,0.07,42,24,16,22,4,35,60.0,14,27,10,17,27,69,94,1,1635,143,703,789,150,5,1634,9,6,66.7,2,22.2,736,3114,1401,8,0,19,3,1007,80,72.9,87.0,21,4,33.0,4,1.16,35,42,-7,-0.25,0.33,33.3,34.1,-0.8,-0.03,0,26,14,0,0,0,0,74,46,26,63.9,MID,74294.0,exact,74294.0,2025-06-09,3000000.0,74294,1991-11-16,Serbia,2026-06-30,187.0,right,33.12799452429842,17.904073587385017,14.914123179965662,1097.4640212019463,Declining,False,False,True,False,False,SRB,UEFA,False,False,False,False,False,True
Gonçalo Guedes,pt POR,"MF,FW",Wolves,eng Premier League,27.0,1996.0,29,10,995,11.1,2,4,6,2,0,0,1,0,3.2,3.2,1.3,4.5,41,40,79,0.54,0.4,27,8,29.6,2.44,0.72,0.07,0.25,18.9,0,0.12,-1.2,-1.2,259,349,74.2,4193,1060,0.9,2.7,14,18,17,5,312,34,0,1,5,22,14,1,1,0,0,3,10,30,2.71,27,0,2,0,1,0,8,0.72,16,5,2,6,8,16,25.0,12,11,0,11,5,21,4,0,484,6,49,199,250,40,484,28,9,32.1,15,53.6,304,2074,1056,27,8,38,18,337,34,29.1,67.0,1,19,17.0,4,0.93,16,25,-9,-0.81,-0.59,13.2,18.9,-5.7,-0.51,0,15,17,3,0,0,0,36,5,13,27.8,MID,225122.0,exact,225122.0,2025-05-30,11000000.0,225122,1996-11-29,Portugal,2028-06-30,179.0,right,28.09034907597536,41.9185282522996,16.213405921671733,789.0677112101498,Peak,False,True,False,False,False,POR,UEFA,False,False,False,False,False,True
Mattéo Guendouzi,fr FRA,MF,Lazio,it Serie A,25.0,1999.0,37,37,3270,36.3,1,3,4,1,0,0,7,0,1.4,1.4,3.2,4.6,89,316,64,0.11,0.13,27,8,29.6,0.74,0.22,0.04,0.13,20.5,0,0.05,-0.4,-0.4,1961,2183,89.8,36189,9790,2.8,-0.2,43,287,33,3,2074,103,62,6,25,21,29,9,0,0,0,6,23,118,3.25,106,4,2,4,1,1,7,0.19,37,21,13,19,5,47,42.6,27,34,9,25,32,69,50,2,2437,70,395,1531,538,39,2437,25,15,60.0,10,40.0,1549,9683,5432,81,9,28,18,1836,88,95.6,88.0,32,0,,0,1.68,59,47,12,0.33,0.33,54.4,36.5,17.9,0.49,0,28,35,1,0,1,0,173,18,22,45.0,MID,465830.0,exact,465830.0,2025-06-17,32000000.0,465830,1999-04-14,France,2030-06-30,185.0,right,25.71937029431896,65.90013140604468,17.281246492014,661.4860083362965,Developing,False,False,False,False,True,FRA,UEFA,False,False,False,False,False,True
Javier Guerra,es ESP,MF,Valencia,es La Liga,21.0,2003.0,36,31,2581,28.7,3,3,6,3,0,0,5,0,2.2,2.2,3.2,5.4,50,137,84,0.21,0.19,47,10,21.3,1.64,0.35,0.06,0.3,22.8,1,0.05,0.8,0.8,1023,1314,77.9,17160,5349,3.2,-0.2,23,119,23,4,1248,55,28,8,11,45,6,15,7,3,0,11,40,74,2.58,56,5,5,4,3,1,6,0.21,50,27,18,21,11,56,46.4,30,15,3,12,20,70,49,3,1669,65,354,939,401,49,1669,78,29,37.2,45,57.7,927,4925,2585,42,13,50,54,1136,72,75.5,80.0,14,5,17.0,1,1.25,37,41,-4,-0.14,0.5,33.7,37.8,-4.1,-0.14,0,34,30,1,0,0,0,168,17,18,48.6,MID,834764.0,fuzzy_verified,834764.0,2025-06-09,25000000.0,834764,2003-05-13,Spain,2029-06-30,187.0,right,21.639972621492127,53.90932982917214,17.034386422832473,468.2884150589289,Emerging,False,False,True,False,False,ESP,UEFA,False,False,False,False,False,True
Ander Guevara,es ESP,MF,Alavés,es La Liga,27.0,1997.0,33,20,1947,21.6,0,1,1,0,0,0,3,0,0.9,0.9,0.6,1.5,14,112,19,0.05,0.07,12,3,25.0,0.55,0.14,0.0,0.0,20.9,0,0.07,-0.9,-0.9,762,995,76.6,13455,3959,0.6,0.4,12,95,11,1,950,37,22,0,6,5,2,0,0,0,0,8,19,41,1.89,39,1,1,0,0,0,5,0.23,49,30,19,29,1,48,41.7,28,21,5,16,14,63,43,1,1208,58,265,761,189,12,1208,15,9,60.0,5,33.3,512,2214,1078,16,0,22,19,655,59,56.9,80.0,10,13,27.0,5,1.12,24,24,0,0.0,0.61,24.0,25.7,-1.7,-0.08,0,39,18,0,0,0,0,120,30,39,43.5,MID,465967.0,exact,465967.0,2025-06-09,3500000.0,465967,1997-07-07,Spain,2027-06-30,180.0,right,27.488021902806295,29.894875164257556,15.068273812173887,755.5913481291586,Peak,False,False,True,False,False,ESP,UEFA,False,False,False,False,False,True
Pape Gueye,sn SEN,MF,Villarreal,es La Liga,25.0,1999.0,34,26,2224,24.7,4,0,4,4,0,0,6,2,3.4,3.4,1.1,4.5,36,156,69,0.16,0.18,55,17,30.9,2.23,0.69,0.07,0.24,18.5,0,0.06,0.6,0.6,911,1144,79.6,16801,5556,2.1,-1.1,17,118,23,2,1091,41,33,8,20,20,1,2,1,0,0,12,21,49,1.98,41,2,0,3,1,2,9,0.36,54,26,23,23,8,29,69.0,9,31,13,18,27,81,53,2,1456,72,355,807,308,65,1456,33,11,33.3,16,48.5,853,4050,2199,28,7,33,19,1030,65,65.0,79.0,12,8,22.0,0,1.76,41,29,12,0.49,-0.12,39.5,25.8,13.8,0.56,1,31,62,4,0,1,0,126,31,23,57.4,MID,485963.0,exact,485963.0,2025-06-09,15000000.0,485963,1999-01-24,Senegal,2028-06-30,189.0,left,25.93839835728953,41.9185282522996,16.52356082573315,672.8005093414401,Developing,False,False,True,False,False,SEN,CAF,False,True,False,False,False,False
Hugo Guillamón,es ESP,MF,Valencia,es La Liga,24.0,2000.0,12,4,364,4.0,0,0,0,0,0,0,2,0,0.1,0.1,0.0,0.1,0,15,5,0.0,0.03,2,1,50.0,0.49,0.25,0.0,0.0,24.6,0,0.04,-0.1,-0.1,154,188,81.9,2607,748,0.3,0.0,2,11,4,1,178,9,9,0,3,1,0,0,0,0,0,1,1,7,1.73,6,0,1,0,0,0,1,0.25,11,8,1,9,1,10,90.0,1,4,1,3,5,16,9,1,228,13,62,129,37,1,228,2,1,50.0,1,50.0,85,364,129,1,0,3,3,146,30,10.6,70.0,1,8,11.0,26,1.25,2,7,-5,-1.24,-1.09,2.0,9.2,-7.3,-1.79,0,6,4,1,0,0,0,21,5,4,55.6,MID,495629.0,exact,495629.0,2025-06-09,2500000.0,495629,2000-01-31,Spain,2027-06-30,178.0,right,24.919917864476385,29.894875164257556,14.731801689838349,621.0023063722493,Developing,False,False,True,False,False,ESP,UEFA,False,False,False,False,False,True
Bruno Guimarães,br BRA,MF,Newcastle Utd,eng Premier League,26.0,1997.0,38,38,3271,36.3,5,6,11,5,0,0,7,0,4.3,4.3,6.1,10.4,64,271,96,0.3,0.29,45,13,28.9,1.24,0.36,0.11,0.38,16.4,0,0.1,0.7,0.7,1481,1798,82.4,24436,7860,5.4,-0.1,52,180,77,6,1708,81,70,22,14,28,3,5,2,2,0,9,38,133,3.66,119,3,3,1,4,3,18,0.5,83,47,41,30,12,69,47.8,36,36,10,26,29,112,44,5,2213,83,445,1131,662,85,2213,78,34,43.6,27,34.6,1400,7763,3483,46,15,56,76,1652,86,95.6,86.0,21,0,,0,1.74,68,44,24,0.66,2.47,61.4,42.8,18.6,0.51,0,65,108,2,0,0,0,188,18,19,48.6,MID,520624.0,exact,520624.0,2025-05-30,80000000.0,520624,1997-11-16,Brazil,2028-06-30,182.0,right,27.12662559890486,41.9185282522996,18.197537205138154,735.8538163831604,Peak,False,True,False,False,False,BRA,CONMEBOL,False,False,False,True,False,False
Arda Güler,tr TUR,"MF,FW",Real Madrid,es La Liga,19.0,2005.0,28,14,1250,13.9,3,4,7,3,0,0,1,0,3.3,3.3,4.5,7.7,34,93,86,0.5,0.56,39,16,41.0,2.81,1.15,0.08,0.19,20.0,2,0.08,-0.3,-0.3,763,886,86.1,12391,3189,4.4,-0.5,40,82,31,5,805,80,18,10,8,57,13,47,30,7,0,1,13,79,5.69,52,13,8,4,1,1,11,0.79,30,16,11,8,11,22,40.9,13,18,0,18,7,37,8,0,1058,14,131,477,460,50,1058,45,20,44.4,20,44.4,696,3418,1720,33,10,23,9,808,45,36.5,73.0,2,14,16.0,10,2.36,28,17,11,0.79,-0.41,28.1,16.0,12.1,0.87,0,15,31,4,1,0,0,56,7,11,38.9,MID,861410.0,exact,861410.0,2025-06-09,45000000.0,861410,2005-02-25,Türkiye,2029-06-30,175.0,left,19.849418206707735,53.90932982917214,17.622173069956816,393.9994031447805,Emerging,False,False,True,False,False,TUR,UEFA,False,False,False,False,False,True
Gerard Gumbau,es ESP,MF,Rayo Vallecano,es La Liga,29.0,1994.0,22,7,849,9.4,0,1,1,0,0,0,4,0,1.1,1.1,1.3,2.4,2,41,21,0.11,0.26,13,5,38.5,1.38,0.53,0.0,0.0,21.0,0,0.08,-1.1,-1.1,317,420,75.5,5378,1645,0.8,-0.3,17,37,3,1,378,41,16,0,5,38,2,23,14,7,0,1,11,29,3.07,19,9,1,0,0,0,1,0.11,17,12,8,7,2,15,46.7,8,13,4,9,5,22,13,0,507,21,104,276,129,10,507,4,2,50.0,2,50.0,276,851,365,9,0,8,2,331,39,24.8,65.0,0,15,26.0,15,1.18,8,13,-5,-0.53,-0.57,13.2,12.4,0.8,0.08,0,21,11,2,0,0,0,27,17,22,43.6,MID,268670.0,exact,268670.0,2025-06-09,1500000.0,268670,1994-12-18,Spain,2026-06-30,188.0,left,30.039698836413415,17.904073587385017,14.220976332738882,902.3835061824175,Declining,False,False,True,False,False,ESP,UEFA,False,False,False,False,False,True
İlkay Gündoğan,de GER,MF,Manchester City,eng Premier League,33.0,1990.0,33,25,2223,24.7,1,6,7,1,0,0,1,0,3.2,3.2,3.5,6.7,64,127,96,0.28,0.27,27,7,25.9,1.09,0.28,0.04,0.14,18.1,2,0.12,-2.2,-2.2,1525,1703,89.5,23600,4511,4.4,2.5,44,108,23,2,1590,108,33,7,3,60,4,46,31,4,1,5,21,88,3.56,67,11,5,4,1,0,13,0.53,25,13,5,15,5,24,41.7,14,15,0,15,13,38,23,0,1892,45,270,929,714,67,1892,41,17,41.5,16,39.0,1118,6209,3000,57,11,29,25,1480,67,65.0,84.0,12,8,14.0,4,1.94,53,28,25,1.01,0.79,44.4,35.0,9.5,0.38,0,15,27,1,1,0,0,116,14,11,56.0,MID,53622.0,exact,53622.0,2025-05-30,5000000.0,53622,1990-10-24,Germany,2027-06-30,180.0,right,34.19028062970568,29.894875164257556,15.424948670398354,1168.9752895380277,Declining,False,True,False,False,False,GER,UEFA,False,False,False,False,False,True
Jon Guridi,es ESP,"MF,FW",Alavés,es La Liga,29.0,1995.0,33,27,2080,23.1,3,1,4,2,1,1,6,0,4.2,3.4,1.2,4.6,27,79,90,0.13,0.23,23,11,47.8,1.0,0.48,0.09,0.18,14.9,0,0.15,-1.2,-1.4,547,737,74.2,8208,2011,1.1,-0.2,17,55,11,3,704,28,7,2,0,17,4,5,1,3,0,5,18,48,2.08,35,3,3,4,1,2,8,0.35,40,22,7,26,7,44,40.9,26,19,1,18,14,54,16,0,940,23,122,493,335,60,939,26,8,30.8,16,61.5,471,2479,1129,31,4,38,17,587,63,60.8,72.0,5,6,23.0,3,1.15,24,27,-3,-0.13,0.34,24.7,24.0,0.7,0.03,0,35,14,5,0,1,0,86,47,66,41.6,MID,289257.0,exact,289257.0,2025-06-09,3000000.0,289257,1995-02-28,Spain,2026-06-30,179.0,left,29.842573579739906,17.904073587385017,14.914123179965662,890.5791978621902,Peak,False,False,True,False,False,ESP,UEFA,False,False,False,False,False,True
Nicolas Haas,ch SUI,MF,Empoli,it Serie A,28.0,1996.0,10,2,287,3.2,0,0,0,0,0,0,1,0,0.0,0.0,0.1,0.1,2,9,2,0.0,0.02,1,0,0.0,0.31,0.0,0.0,,31.7,0,0.01,0.0,0.0,99,121,81.8,1517,372,0.0,-0.1,2,5,0,0,119,1,0,0,0,0,1,0,0,0,0,1,1,8,2.51,6,0,0,0,0,2,0,0.0,11,8,4,5,2,9,55.6,4,2,1,1,4,15,6,0,155,4,45,86,25,1,155,1,0,0.0,0,0.0,73,258,105,1,0,3,3,83,29,8.4,83.0,1,8,15.0,2,1.5,2,3,-1,-0.31,0.4,1.8,6.9,-5.1,-1.6,0,11,3,0,0,0,0,19,3,5,37.5,MID,192638.0,exact,192638.0,2024-05-31,700000.0,192638,1996-01-23,Switzerland,2026-06-30,178.0,right,28.941820670773442,17.904073587385017,13.45883704259595,837.6289837392089,Peak,False,False,False,False,True,SUI,UEFA,False,False,False,False,False,True
Janik Haberer,de GER,"MF,DF",Union Berlin,de Bundesliga,30.0,1994.0,28,21,1696,18.8,0,0,0,0,0,0,1,0,0.7,0.7,0.8,1.6,13,59,22,0.0,0.08,15,3,20.0,0.8,0.16,0.0,0.0,20.4,0,0.05,-0.7,-0.7,570,740,77.0,9150,2503,1.9,-0.8,7,41,10,2,675,63,3,1,1,15,52,0,0,0,0,2,23,34,1.8,27,1,0,3,3,0,1,0.05,39,29,16,21,2,44,59.1,18,16,0,16,17,56,37,0,911,41,244,505,172,17,911,6,2,33.3,3,50.0,444,1572,606,4,0,13,11,507,61,55.4,75.0,5,7,16.0,6,1.39,21,24,-3,-0.16,0.7,19.5,24.8,-5.3,-0.28,0,22,15,3,0,0,0,83,15,29,34.1,MID,177779.0,exact,177779.0,2025-06-05,2500000.0,177779,1994-04-02,Germany,2027-06-30,187.0,right,30.751540041067763,29.894875164257556,14.731801689838349,945.6572148973939,Declining,True,False,False,False,False,GER,UEFA,False,False,False,False,False,True
Amadou Haidara,ml MLI,MF,RB Leipzig,de Bundesliga,26.0,1998.0,28,16,1320,14.7,0,1,1,0,0,0,7,0,1.4,1.4,0.9,2.2,7,65,24,0.07,0.15,18,1,5.6,1.23,0.07,0.0,0.0,18.6,0,0.08,-1.4,-1.4,723,902,80.2,11273,3363,1.2,0.1,5,65,13,2,884,16,9,8,1,12,7,0,0,0,0,2,11,29,1.98,26,0,0,2,1,0,3,0.2,30,17,12,16,2,29,41.4,17,42,12,30,18,48,56,1,1100,62,257,693,157,14,1100,12,7,58.3,5,41.7,505,1801,733,6,0,6,7,691,47,43.1,64.0,2,12,24.0,2,1.64,21,13,8,0.55,0.7,21.2,18.4,2.9,0.19,0,23,8,0,0,0,0,88,30,28,51.7,MID,402008.0,exact,402008.0,2025-06-05,16000000.0,402008,1998-01-31,Mali,2029-06-30,178.0,right,26.91854893908282,53.90932982917214,16.588099342704055,724.6082769857969,Peak,True,False,False,False,False,MLI,CAF,False,True,False,False,False,False
Mohamed Haj,tn TUN,MF,Parma,it Serie A,19.0,2005.0,15,3,453,5.0,1,2,3,1,0,0,4,0,0.6,0.6,1.2,1.8,6,13,28,0.6,0.36,7,3,42.9,1.39,0.6,0.14,0.33,16.7,0,0.09,0.4,0.4,118,151,78.1,1736,541,0.7,0.8,9,12,6,3,145,6,3,0,0,7,0,2,0,0,0,0,4,20,3.96,16,1,1,1,1,0,2,0.4,3,1,2,1,0,2,50.0,1,3,1,2,4,7,5,0,207,10,30,86,95,18,207,14,4,28.6,10,71.4,122,487,192,3,4,10,1,135,30,13.2,53.0,0,12,25.0,22,0.53,12,10,2,0.4,0.88,9.2,10.1,-0.9,-0.18,0,6,11,0,0,0,0,15,6,6,50.0,MID,343974.0,fuzzy_verified,343974.0,2025-06-13,1500000.0,343974,1996-02-02,Egypt,2027-06-30,180.0,right,28.914442162902123,29.894875164257556,14.220976332738882,836.044965591812,Peak,False,False,False,False,True,TUN,CAF,False,True,False,False,False,False
Amine Harit,ma MAR,MF,Marseille,fr Ligue 1,27.0,1997.0,13,8,519,5.8,2,4,6,2,0,0,1,1,0.8,0.8,2.4,3.2,13,35,34,1.04,0.56,8,5,62.5,1.39,0.87,0.25,0.4,19.1,1,0.1,1.2,1.2,213,255,83.5,2938,865,1.5,1.6,19,18,8,0,232,18,7,4,1,7,0,6,3,1,0,5,6,33,5.72,27,2,1,0,2,1,8,1.39,8,7,0,6,2,2,50.0,1,6,0,6,3,11,1,1,313,1,26,159,131,20,313,20,8,40.0,9,45.0,221,1151,563,16,4,15,12,259,40,17.0,59.0,0,5,10.0,6,2.0,19,7,12,2.08,1.55,11.6,7.3,4.3,0.74,0,6,15,0,1,0,0,24,1,5,16.7,MID,372711.0,exact,372711.0,2025-06-03,8000000.0,372711,1997-06-18,Morocco,2026-06-30,180.0,right,27.540041067761805,17.904073587385017,15.894952224644102,758.4538620140069,Peak,False,False,False,True,False,MAR,CAF,False,True,False,False,False,False
Abdou Harroui,nl NED,"MF,FW",Hellas Verona,it Serie A,26.0,1998.0,10,5,463,5.1,1,2,3,1,0,0,1,0,2.2,2.2,0.4,2.6,23,21,34,0.58,0.51,15,4,26.7,2.92,0.78,0.07,0.25,17.7,1,0.15,-1.2,-1.2,160,202,79.2,2324,580,0.6,1.6,4,16,3,2,197,4,1,1,0,9,3,0,0,0,0,1,6,15,2.92,13,0,2,0,0,0,3,0.58,9,6,6,3,0,4,100.0,0,5,0,5,2,11,5,0,283,5,41,144,105,17,283,20,6,30.0,13,65.0,175,1241,631,20,4,12,10,203,46,13.5,65.0,1,5,27.0,1,1.2,8,12,-4,-0.78,0.07,6.7,10.7,-4.1,-0.79,0,10,3,0,0,0,0,22,8,7,53.3,MID,416386.0,exact,416386.0,2025-06-17,1800000.0,416386,1998-01-13,Morocco,2028-06-30,182.0,both,26.967830253251197,41.9185282522996,14.403297778421795,727.2638685681706,Peak,False,False,False,False,True,NED,UEFA,False,False,False,False,False,True
Hwang Hee-chan,kr KOR,"MF,FW",Wolves,eng Premier League,28.0,1996.0,21,5,661,7.3,2,0,2,2,0,0,0,0,0.8,0.8,0.1,0.9,15,12,42,0.27,0.13,5,3,60.0,0.68,0.41,0.4,0.67,17.4,0,0.16,1.2,1.2,166,204,81.4,2152,420,0.3,-0.1,3,7,4,2,189,14,2,1,0,8,6,0,0,0,0,1,9,9,1.22,8,0,0,1,0,0,1,0.14,6,4,2,1,3,6,33.3,4,9,0,9,2,8,11,0,271,10,42,105,126,24,271,14,2,14.3,12,85.7,159,989,448,5,7,14,10,181,31,19.3,69.0,1,16,20.0,8,0.86,8,19,-11,-1.5,-1.37,8.5,12.7,-4.2,-0.57,0,6,9,0,0,0,0,28,3,9,25.0,MID,292246.0,fuzzy_verified,292246.0,2025-05-30,12000000.0,292246,1996-01-26,"Korea, South",2028-06-30,177.0,right,28.933607118412045,41.9185282522996,16.300417291085605,837.1536208826242,Peak,False,True,False,False,False,KOR,AFC,True,False,False,False,False,False
Liam Henderson,sct SCO,MF,Empoli,it Serie A,28.0,1996.0,36,27,2337,26.0,0,4,4,0,0,0,10,0,0.7,0.7,3.9,4.5,18,108,54,0.15,0.17,22,3,13.6,0.85,0.12,0.0,0.0,28.6,2,0.03,-0.7,-0.7,730,1002,72.9,13025,4242,3.0,0.1,33,93,22,11,872,126,53,5,5,98,6,48,23,14,1,4,9,59,2.27,44,10,2,1,1,1,5,0.19,42,22,17,22,3,53,41.5,31,19,5,14,15,57,42,0,1197,43,229,697,279,16,1197,11,6,54.5,3,27.3,490,2120,909,17,4,22,9,671,65,68.3,79.0,8,9,22.0,0,0.86,18,40,-22,-0.85,-0.51,23.1,33.2,-10.1,-0.39,0,83,23,2,0,0,0,89,13,20,39.4,MID,328429.0,exact_birthyear_corrected,328429.0,2025-06-17,100000.0,328429,1996-08-23,Scotland,2028-05-31,191.0,left,28.358658453114305,40.93298291721419,11.51293546492023,804.2135092603914,Peak,False,False,False,False,True,SCO,UEFA,False,False,False,False,False,True
Hernani,br BRA,MF,Parma,it Serie A,30.0,1994.0,25,15,1327,14.7,3,3,6,0,3,3,7,0,2.8,0.5,1.5,2.0,29,78,40,0.2,0.3,17,3,17.6,1.15,0.2,0.0,0.0,33.1,7,0.03,0.2,-0.5,463,615,75.3,8295,2603,1.3,1.5,25,45,14,2,553,58,30,2,8,33,6,18,9,6,0,4,20,43,2.92,32,9,0,0,2,0,5,0.34,47,26,25,18,4,50,54.0,23,26,6,20,19,66,12,1,782,30,160,409,231,16,779,24,8,33.3,7,29.2,419,2469,1237,35,3,23,12,477,53,38.8,69.0,3,10,30.0,2,0.88,12,28,-16,-1.09,-1.17,12.7,25.4,-12.7,-0.86,0,33,25,1,0,0,0,68,18,19,48.6,MID,181768.0,exact,181768.0,2025-06-17,1600000.0,181768,1994-03-27,Brazil,2027-06-30,188.0,both,30.767967145790553,29.894875164257556,14.285514812209815,946.6678022844469,Declining,False,False,False,False,True,BRA,CONMEBOL,False,False,False,True,False,False
Ander Herrera,es ESP,MF,Athletic Club,es La Liga,34.0,1989.0,8,2,273,3.0,0,0,0,0,0,1,2,0,1.7,0.9,0.1,1.1,2,16,5,0.0,0.61,7,3,42.9,2.31,0.99,0.0,0.0,24.2,0,0.16,-1.7,-0.9,181,200,90.5,2856,628,0.3,-0.1,2,25,1,0,194,6,5,0,0,1,1,0,0,0,0,0,0,11,3.64,10,0,0,1,0,0,0,0.0,8,4,1,7,0,6,50.0,3,1,0,1,2,10,10,0,237,12,37,151,49,6,236,5,2,40.0,1,20.0,116,431,196,4,0,3,2,169,34,8.0,71.0,0,6,22.0,6,1.13,3,2,1,0.33,-0.36,5.8,1.9,3.9,1.28,0,6,3,0,0,0,0,14,3,2,60.0,MID,99343.0,exact,99343.0,2025-06-02,800000.0,99343,1989-08-14,Spain,2026-12-31,182.0,right,35.383983572895275,23.94875164257556,13.592368256649284,1252.0262934869227,Declining,False,False,True,False,False,ESP,UEFA,False,False,False,False,False,True
Yangel Herrera,ve VEN,MF,Girona,es La Liga,26.0,1998.0,29,27,2257,25.1,4,3,7,4,0,0,10,1,3.6,3.6,1.5,5.1,31,110,99,0.28,0.2,39,14,35.9,1.56,0.56,0.1,0.29,16.9,0,0.09,0.4,0.4,868,1068,81.3,14298,3657,1.3,1.5,17,97,13,3,1046,16,10,2,10,44,3,0,0,0,0,6,22,50,1.99,38,2,1,3,4,2,6,0.24,66,39,31,27,8,59,50.8,29,24,8,16,31,97,50,2,1405,75,317,739,362,60,1405,47,19,40.4,19,40.4,812,4005,1760,35,3,54,35,968,78,66.0,82.0,16,2,19.0,1,1.17,26,35,-9,-0.36,0.18,25.2,32.9,-7.7,-0.31,0,72,68,5,1,0,0,106,50,45,52.6,MID,378293.0,exact,378293.0,2025-06-09,15000000.0,378293,1998-01-07,Venezuela,2030-06-30,184.0,right,26.98425735797399,65.90013140604468,16.52356082573315,728.1501451613735,Peak,False,False,True,False,False,VEN,CONMEBOL,False,False,False,True,False,False
Jack Hinshelwood,eng ENG,"MF,DF",Brighton,eng Premier League,19.0,2005.0,26,22,1842,20.5,5,2,7,5,0,0,5,0,2.7,2.7,1.5,4.2,19,68,54,0.34,0.21,18,10,55.6,0.88,0.49,0.28,0.5,12.2,0,0.15,2.3,2.3,870,1046,83.2,13114,3047,1.5,0.5,17,36,9,2,927,118,27,0,8,27,75,8,4,1,1,1,11,35,1.71,28,4,0,2,1,0,3,0.15,27,19,8,10,9,27,40.7,16,10,3,7,16,43,37,1,1199,50,322,560,323,35,1199,11,2,18.2,8,72.7,590,2435,1189,20,2,18,3,762,71,53.9,82.0,12,4,11.0,0,1.73,39,30,9,0.44,0.55,31.9,29.7,2.1,0.1,0,18,9,0,0,0,0,63,20,16,55.6,MID,867688.0,exact,867688.0,2025-05-30,24000000.0,867688,2005-04-11,England,2029-06-30,182.0,right,19.72621492128679,53.90932982917214,16.993564429978885,389.12355512079756,Emerging,False,True,False,False,False,ENG,UEFA,False,False,False,False,False,True
Nicolas Höfler,de GER,MF,Freiburg,de Bundesliga,34.0,1990.0,20,7,794,8.8,0,0,0,0,0,0,3,0,0.2,0.2,0.1,0.3,1,30,3,0.0,0.04,4,0,0.0,0.45,0.0,0.0,,18.5,0,0.06,-0.2,-0.2,325,376,86.4,5222,1357,0.4,-0.1,3,31,4,0,370,4,3,0,0,1,0,0,0,0,0,2,7,13,1.47,12,0,0,0,1,0,1,0.11,33,23,13,18,2,31,64.5,11,7,1,6,14,47,28,1,482,37,134,284,68,4,482,4,4,100.0,0,0.0,199,862,191,3,1,10,10,267,40,25.9,86.0,6,13,15.0,14,1.45,12,11,1,0.11,0.31,12.6,11.0,1.6,0.18,0,12,5,0,0,0,0,27,28,15,65.1,MID,55099.0,exact,55099.0,2025-06-05,500000.0,55099,1990-03-09,Germany,2026-06-30,181.0,right,34.81724845995893,17.904073587385017,13.122365377402328,1212.2407903225126,Declining,True,False,False,False,False,GER,UEFA,False,False,False,False,False,True
Jonas Hofmann,de GER,"MF,DF",Leverkusen,de Bundesliga,32.0,1992.0,11,4,356,4.0,2,1,3,2,0,0,1,0,1.0,1.0,0.4,1.4,10,14,29,0.76,0.35,9,5,55.6,2.28,1.26,0.22,0.4,18.0,0,0.11,1.0,1.0,167,191,87.4,2309,339,0.5,0.6,7,5,5,0,181,9,0,1,0,5,2,4,1,0,0,1,0,16,4.04,13,1,0,1,1,0,1,0.25,2,0,0,2,0,4,25.0,3,2,0,2,0,2,3,0,218,4,24,87,108,16,218,4,2,50.0,2,50.0,121,660,323,7,3,5,2,178,32,11.6,58.0,0,7,18.0,16,1.82,7,6,1,0.25,-0.68,5.9,5.5,0.4,0.11,0,1,9,0,0,0,0,11,0,4,0.0,MID,7161.0,exact,7161.0,2025-06-05,2000000.0,7161,1992-07-14,Germany,2027-06-30,176.0,right,32.46817248459959,29.894875164257556,14.508658238524095,1054.18222448971,Declining,True,False,False,False,False,GER,UEFA,False,False,False,False,False,True
Lewis Holtby,de GER,MF,Holstein Kiel,de Bundesliga,33.0,1990.0,25,13,1238,13.8,0,1,1,0,0,0,1,1,0.5,0.5,1.5,2.1,14,47,34,0.07,0.15,7,0,0.0,0.51,0.0,0.0,,25.3,2,0.08,-0.5,-0.5,540,706,76.5,8993,2690,1.8,-0.5,21,29,5,1,600,102,55,2,2,46,16,26,13,10,0,4,17,37,2.69,19,13,0,1,3,1,3,0.22,34,20,19,10,5,28,42.9,16,14,2,12,21,55,26,3,847,43,252,429,171,14,847,15,7,46.7,7,46.7,372,1569,698,10,1,15,8,485,50,40.5,72.0,3,12,25.0,1,0.56,16,40,-24,-1.74,-1.4,18.3,29.5,-11.2,-0.82,0,13,23,0,2,1,0,72,8,12,40.0,MID,55508.0,exact,55508.0,2025-06-05,500000.0,55508,1990-09-18,Germany,2027-06-30,176.0,left,34.288843258042434,29.894875164257556,13.122365377402328,1175.7247719746022,Declining,True,False,False,False,False,GER,UEFA,False,False,False,False,False,True
Will Hughes,eng ENG,MF,Crystal Palace,eng Premier League,29.0,1995.0,33,24,2108,23.4,0,3,3,0,0,0,11,0,1.1,1.1,3.1,4.2,20,87,27,0.13,0.18,22,1,4.5,0.94,0.04,0.0,0.0,22.3,0,0.05,-1.1,-1.1,737,970,76.0,11688,4132,2.6,-0.1,33,76,15,3,856,106,34,1,2,71,1,54,41,2,0,8,11,67,2.86,42,17,1,2,5,0,6,0.26,66,36,20,33,13,62,45.2,34,31,14,17,22,88,28,3,1203,48,295,615,308,17,1203,16,5,31.3,7,43.8,532,2718,1276,24,1,21,30,659,64,61.6,76.0,3,9,32.0,0,1.45,31,31,0,0.0,0.0,37.9,30.6,7.3,0.31,0,65,31,0,0,1,0,121,19,18,51.4,MID,207014.0,exact,207014.0,2025-05-30,7000000.0,207014,1995-04-17,England,2027-06-30,185.0,left,29.711156741957563,29.894875164257556,15.76142084987672,882.7528349451703,Peak,False,True,False,False,False,ENG,UEFA,False,False,False,False,False,True
Omari Hutchinson,eng ENG,"MF,FW",Ipswich Town,eng Premier League,20.0,2003.0,31,30,2583,28.7,3,2,5,3,0,0,5,0,2.9,2.9,3.5,6.4,97,75,159,0.17,0.22,45,18,40.0,1.57,0.63,0.07,0.17,19.6,4,0.06,0.1,0.1,690,885,78.0,10875,2022,2.5,-1.5,31,45,27,15,807,70,1,4,2,81,8,5,5,0,0,8,39,81,2.82,59,0,9,6,5,2,6,0.21,32,13,14,10,8,48,27.1,35,27,2,25,11,43,15,1,1259,17,200,516,567,92,1259,137,51,37.2,68,49.6,779,6035,2976,39,37,80,58,893,83,75.5,85.0,18,1,24.0,1,0.55,25,61,-36,-1.25,-0.18,25.8,50.0,-24.2,-0.84,0,30,46,6,0,0,0,110,6,26,18.8,MID,741238.0,exact,741238.0,2025-05-30,22000000.0,741238,2003-10-30,England,2030-06-30,174.0,left,21.17453798767967,65.90013140604468,16.906553056777135,448.36105899168945,Emerging,False,True,False,False,False,ENG,UEFA,False,False,False,False,False,True
Hong Hyunseok,kr KOR,MF,Mainz 05,de Bundesliga,25.0,1999.0,23,4,530,5.9,0,1,1,0,0,0,0,0,0.5,0.5,1.5,1.9,10,23,31,0.17,0.33,5,2,40.0,0.85,0.34,0.0,0.0,10.5,0,0.1,-0.5,-0.5,180,231,77.9,2268,626,1.2,-0.5,9,11,7,1,227,2,0,0,0,5,1,1,1,0,0,2,8,22,3.73,19,0,1,2,0,0,3,0.51,8,3,3,3,2,4,25.0,3,7,1,6,7,15,9,0,292,6,35,149,114,16,292,10,4,40.0,4,40.0,142,727,419,9,2,11,12,186,23,17.3,55.0,0,19,16.0,9,1.48,10,11,-1,-0.17,-0.63,9.1,10.5,-1.4,-0.24,0,3,8,1,0,0,0,25,3,9,25.0,MID,562948.0,fuzzy_verified,562948.0,2025-06-05,3500000.0,562948,1999-06-16,"Korea, South",2026-06-30,177.0,left,25.54688569472964,17.904073587385017,15.068273812173887,652.6433686995819,Developing,True,False,False,False,False,KOR,AFC,True,False,False,False,False,False
Oscar Højlund,dk DEN,MF,Eint Frankfurt,de Bundesliga,19.0,2005.0,20,7,722,8.0,1,0,1,1,0,0,0,0,1.0,1.0,1.1,2.0,17,49,9,0.12,0.25,6,2,33.3,0.75,0.25,0.17,0.5,17.5,0,0.16,0.0,0.0,359,408,88.0,5424,1631,0.3,-1.1,6,30,4,0,398,10,10,0,2,1,0,0,0,0,0,0,3,17,2.12,11,0,1,2,0,3,1,0.12,21,12,8,9,4,16,50.0,8,15,7,8,5,26,11,1,497,10,125,292,83,11,497,11,8,72.7,3,27.3,291,1352,625,8,5,18,11,338,36,23.6,66.0,2,13,20.0,3,1.65,12,11,1,0.12,-0.68,14.4,10.7,3.7,0.46,0,12,3,0,0,0,0,40,7,17,29.2,MID,846310.0,exact,846310.0,2025-06-05,7500000.0,846310,2005-01-04,Denmark,2029-06-30,184.0,right,19.991786447638603,53.90932982917214,15.830413711839864,399.67152536798653,Emerging,True,False,False,False,False,DEN,UEFA,False,False,False,False,False,True
Pablo Ibáñez,es ESP,MF,Osasuna,es La Liga,25.0,1998.0,28,13,1294,14.4,1,1,2,1,0,0,4,0,1.6,1.6,1.6,3.2,21,51,31,0.14,0.22,20,5,25.0,1.39,0.35,0.05,0.2,20.8,0,0.08,-0.6,-0.6,384,513,74.9,6247,1346,0.4,-0.6,6,35,4,2,494,14,4,2,5,13,4,1,0,0,0,5,14,20,1.39,14,0,1,1,3,1,4,0.28,20,10,7,12,1,40,25.0,30,20,7,13,18,38,21,0,673,20,109,391,185,31,673,27,13,48.1,10,37.0,368,2294,985,20,3,20,16,423,46,37.8,71.0,4,15,25.0,10,1.54,15,24,-9,-0.63,-0.84,15.9,21.3,-5.5,-0.38,0,28,29,0,0,0,0,56,19,24,44.2,MID,785353.0,exact,785353.0,2025-06-09,2000000.0,785353,1998-09-20,Spain,2030-06-30,179.0,right,26.28336755646817,65.90013140604468,14.508658238524095,690.8154101084036,Peak,False,False,True,False,False,ESP,UEFA,False,False,False,False,False,True
Ivan Ilić,rs SRB,MF,Torino,it Serie A,23.0,2001.0,19,9,920,10.2,1,0,1,1,0,0,4,0,0.9,0.9,1.1,2.1,24,45,41,0.1,0.2,11,4,36.4,1.08,0.39,0.09,0.25,21.9,2,0.09,0.1,0.1,451,541,83.4,7640,1954,0.9,-1.1,9,39,16,3,502,37,18,2,3,27,8,11,8,1,0,2,11,31,3.03,23,4,0,1,3,0,6,0.59,5,2,0,4,1,8,25.0,6,0,0,0,5,10,10,0,619,12,73,373,177,11,619,15,6,40.0,4,26.7,412,2225,997,18,1,19,9,477,48,26.9,75.0,4,10,24.0,4,0.84,13,10,3,0.29,0.62,12.5,14.6,-2.1,-0.21,0,11,23,1,0,0,0,28,4,14,22.2,MID,470794.0,exact,470794.0,2025-06-17,16000000.0,470794,2001-03-17,Serbia,2027-06-30,186.0,left,23.794661190965094,29.894875164257556,16.588099342704055,566.1859011928204,Developing,False,False,False,False,True,SRB,UEFA,False,False,False,False,False,True
Tim Iroegbunam,eng ENG,MF,Everton,eng Premier League,21.0,2003.0,18,5,574,6.4,0,1,1,0,0,0,4,0,0.2,0.2,0.2,0.4,8,15,9,0.16,0.07,5,0,0.0,0.78,0.0,0.0,,22.5,0,0.05,-0.2,-0.2,115,158,72.8,1921,621,0.1,0.8,3,10,1,0,156,0,0,0,0,1,0,0,0,0,0,2,5,10,1.57,6,0,1,0,1,2,1,0.16,29,14,14,10,5,23,60.9,9,18,4,14,16,45,12,1,269,24,89,127,60,12,269,20,8,40.0,8,40.0,127,744,379,10,2,11,18,113,32,16.8,83.0,3,13,12.0,4,1.0,9,16,-7,-1.1,-1.26,7.7,12.3,-4.7,-0.73,0,15,12,0,0,0,0,51,11,4,73.3,MID,696589.0,exact,696589.0,2025-05-30,9000000.0,696589,2003-06-30,England,2027-06-30,183.0,right,21.508555783709788,29.894875164257556,16.012735246411598,462.61797190095575,Emerging,False,True,False,False,False,ENG,UEFA,False,False,False,False,False,True
Jackson Irvine,au AUS,MF,St. Pauli,de Bundesliga,31.0,1993.0,29,29,2610,29.0,0,6,6,0,0,0,2,0,3.2,3.0,3.9,7.0,19,117,58,0.21,0.25,41,12,29.3,1.41,0.41,0.0,0.0,11.6,0,0.07,-3.2,-3.0,684,969,70.6,10496,3807,2.5,2.1,32,93,12,2,957,7,3,6,4,18,1,0,0,0,0,5,17,56,1.93,48,0,0,4,1,3,5,0.17,56,28,24,26,6,45,55.6,20,27,5,22,36,92,63,2,1286,77,330,689,283,75,1286,23,9,39.1,13,56.5,464,1781,897,18,5,42,13,710,90,85.3,90.0,29,0,,0,1.0,25,35,-10,-0.34,0.26,31.6,37.8,-6.1,-0.21,0,38,16,2,0,1,0,125,85,65,56.7,MID,192557.0,exact,192557.0,2025-06-05,2000000.0,192557,1993-03-07,Australia,2027-06-30,189.0,right,31.822039698836413,29.894875164257556,14.508658238524095,1012.6422105943207,Declining,True,False,False,False,False,AUS,AFC,True,False,False,False,False,False
Isco,es ESP,MF,Betis,es La Liga,32.0,1992.0,22,17,1547,17.2,9,8,17,4,5,6,5,0,8.6,3.9,4.4,8.2,38,152,112,0.7,0.76,38,9,23.7,2.21,0.52,0.11,0.44,22.0,4,0.1,0.4,0.1,957,1173,81.6,16027,4614,3.9,3.6,61,120,31,5,1027,143,60,6,27,92,5,72,28,28,0,3,24,111,6.46,75,24,3,4,3,2,14,0.81,20,13,3,13,4,28,25.0,21,10,0,10,11,31,7,0,1381,9,96,663,638,68,1375,59,27,45.8,28,47.5,893,4677,2047,54,5,54,27,1059,70,45.2,82.0,9,5,31.0,0,1.77,35,24,11,0.64,0.83,24.9,21.7,3.2,0.19,0,23,44,4,0,0,0,71,13,21,38.2,MID,85288.0,exact,85288.0,2025-06-09,6000000.0,85288,1992-04-21,Spain,2028-06-30,176.0,right,32.69815195071869,41.9185282522996,15.607270193858982,1069.1691409922885,Declining,False,False,True,False,False,ESP,UEFA,False,False,False,False,False,True
Lee Jae-sung,kr KOR,MF,Mainz 05,de Bundesliga,31.0,1992.0,33,31,2650,29.4,7,6,13,7,0,0,4,0,5.3,5.3,5.0,10.3,28,105,165,0.44,0.35,40,15,37.5,1.36,0.51,0.18,0.47,10.8,0,0.13,1.7,1.7,813,1049,77.5,11608,2904,4.7,1.0,34,56,22,3,1025,15,10,4,4,31,5,0,0,0,0,9,38,73,2.48,64,0,2,2,5,0,14,0.48,42,21,16,19,7,39,38.5,24,39,3,36,35,77,38,0,1385,43,220,644,535,124,1385,30,11,36.7,16,53.3,699,2368,928,23,10,73,27,938,80,86.6,83.0,13,2,37.0,0,1.48,45,37,8,0.27,-0.61,43.9,40.6,3.3,0.11,0,23,40,9,2,1,0,119,50,72,41.0,MID,314398.0,fuzzy_verified,314398.0,2025-06-05,2500000.0,314398,1992-08-10,"Korea, South",,180.0,left,32.394250513347025,,14.731801689838349,1049.387466321484,Declining,True,False,False,False,False,KOR,AFC,True,False,False,False,False,False
Kristijan Jakić,hr CRO,MF,Augsburg,de Bundesliga,27.0,1997.0,31,27,2306,25.6,0,1,1,0,0,0,2,0,0.8,0.8,1.2,2.0,24,106,49,0.04,0.08,18,4,22.2,0.7,0.16,0.0,0.0,20.7,0,0.04,-0.8,-0.8,900,1085,82.9,15354,4552,1.8,-0.2,16,95,11,0,1062,22,15,4,11,13,7,0,0,0,0,1,29,42,1.64,35,1,3,2,1,0,7,0.27,46,23,20,19,7,43,51.2,21,42,9,33,28,74,50,1,1361,74,322,790,263,34,1361,29,14,48.3,13,44.8,703,2978,1324,13,3,39,21,828,74,75.4,82.0,20,4,22.0,0,1.26,26,38,-12,-0.47,0.01,27.1,33.7,-6.6,-0.26,0,23,28,3,0,0,0,133,35,30,53.8,MID,374954.0,exact_accent_stripped,374954.0,2025-06-05,6500000.0,374954,1997-05-14,Croatia,2028-06-30,181.0,right,27.63586584531143,41.9185282522996,15.687312888712007,763.7410810200507,Peak,True,False,False,False,False,CRO,UEFA,False,False,False,False,False,True
Jordan James,wls WAL,MF,Rennes,fr Ligue 1,20.0,2004.0,23,14,1178,13.1,0,1,1,0,0,0,4,0,0.9,0.9,1.9,2.8,21,67,15,0.08,0.21,17,3,17.6,1.3,0.23,0.0,0.0,21.7,0,0.05,-0.9,-0.9,483,574,84.1,8380,2504,1.7,-0.9,24,55,12,2,526,47,16,1,9,34,2,29,6,10,0,1,8,44,3.36,26,11,2,4,1,0,6,0.46,30,19,8,18,4,30,53.3,14,14,1,13,14,44,17,1,704,17,134,388,186,19,704,21,9,42.9,10,47.6,336,1515,765,9,6,13,11,474,51,38.5,73.0,4,9,17.0,8,1.35,21,16,5,0.38,0.57,21.4,14.6,6.8,0.52,0,26,15,1,0,0,0,54,10,7,58.8,MID,667517.0,exact,667517.0,2025-06-03,8000000.0,667517,2004-07-02,Wales,2026-06-30,182.0,right,20.501026694045173,17.904073587385017,15.894952224644102,420.29209550995273,Emerging,False,False,False,True,False,WAL,UEFA,False,False,False,False,False,True
Vitaly Janelt,de GER,MF,Brentford,eng Premier League,26.0,1998.0,32,27,2254,25.0,1,3,4,1,0,0,3,0,0.8,0.8,2.2,3.0,17,80,38,0.16,0.12,14,4,28.6,0.56,0.16,0.07,0.25,17.7,0,0.06,0.2,0.2,872,1057,82.5,14466,4279,2.4,0.8,14,78,23,7,1033,18,12,3,6,30,6,0,0,0,0,6,16,32,1.28,31,1,0,0,0,0,3,0.12,38,22,14,13,11,36,58.3,15,33,9,24,27,65,53,1,1289,118,418,574,306,32,1289,12,3,25.0,7,58.3,651,3005,1278,18,3,16,10,814,70,65.9,79.0,10,5,25.0,0,1.34,38,38,0,0.0,-0.69,35.5,36.9,-1.4,-0.05,0,24,15,1,0,0,2,107,19,11,63.3,MID,270171.0,exact,270171.0,2025-05-30,20000000.0,270171,1998-05-10,Germany,2030-06-30,184.0,left,26.647501711156742,65.90013140604468,16.811242881518265,710.0893474461016,Peak,False,True,False,False,False,GER,UEFA,False,False,False,False,False,True
Adnan Januzaj,be BEL,"MF,FW",Las Palmas,es La Liga,29.0,1995.0,18,5,598,6.6,2,1,3,2,0,0,5,0,0.8,0.8,1.1,1.9,24,41,58,0.45,0.29,16,5,31.3,2.41,0.75,0.13,0.4,23.6,4,0.05,1.2,1.2,242,350,69.1,4610,1469,1.6,-0.1,17,28,14,4,288,61,13,8,8,65,11,30,15,6,1,1,19,37,5.57,20,9,0,3,5,0,5,0.75,10,6,1,6,3,9,55.6,4,6,0,6,2,12,3,0,459,5,31,218,216,15,459,38,14,36.8,22,57.9,262,1780,781,14,5,31,9,319,33,17.5,74.0,1,13,18.0,6,0.56,9,8,1,0.15,0.85,7.6,12.2,-4.6,-0.7,0,5,22,0,0,0,0,30,4,14,22.2,MID,177847.0,exact,177847.0,2025-06-09,1200000.0,177847,1995-02-05,Belgium,2026-06-30,186.0,left,29.905544147843944,17.904073587385017,13.997832948091215,894.3415707786431,Peak,False,False,True,False,False,BEL,UEFA,False,False,False,False,False,True
Mikel Jauregizar,es ESP,MF,Athletic Club,es La Liga,20.0,2003.0,34,25,2244,24.9,2,1,3,2,0,0,4,1,1.1,1.1,1.4,2.5,14,118,31,0.12,0.1,21,8,38.1,0.84,0.32,0.1,0.25,22.1,0,0.05,0.9,0.9,904,1121,80.6,16776,4632,1.2,-0.4,23,106,11,1,1074,42,24,5,13,27,0,18,2,11,0,5,13,73,2.93,55,6,1,4,3,4,9,0.36,84,48,25,45,14,83,49.4,42,24,4,20,29,113,36,2,1418,43,276,847,306,12,1418,42,20,47.6,16,38.1,706,2968,1261,25,1,35,23,848,66,65.6,80.0,16,9,27.0,2,1.91,34,21,13,0.52,-0.4,33.5,27.0,6.5,0.26,0,46,42,0,1,0,0,144,34,35,49.3,MID,938729.0,exact,938729.0,2025-06-09,30000000.0,938729,2003-11-13,Spain,2031-06-30,177.0,right,21.136208076659823,77.8909329829172,17.216707972959764,446.7392918598599,Emerging,False,False,True,False,False,ESP,UEFA,False,False,False,False,False,True
Fredrik Jensen,fi FIN,MF,Augsburg,de Bundesliga,26.0,1997.0,20,9,763,8.5,0,0,0,0,0,0,0,0,0.7,0.7,0.7,1.4,16,20,58,0.0,0.16,11,0,0.0,1.3,0.0,0.0,,18.4,0,0.06,-0.7,-0.7,157,226,69.5,2651,686,0.6,-0.7,11,8,7,3,221,4,0,0,1,20,2,2,1,1,0,1,17,19,2.25,15,0,2,0,2,0,0,0.0,7,7,1,3,3,5,80.0,1,10,1,9,4,11,17,0,318,17,44,122,156,24,318,13,7,53.8,6,46.2,190,901,390,8,3,16,10,224,38,24.9,64.0,0,11,17.0,2,1.35,7,7,0,0.0,0.63,6.7,11.6,-4.9,-0.58,0,5,5,3,0,0,0,15,6,13,31.6,MID,249157.0,exact,249157.0,2025-06-05,3500000.0,249157,1997-09-09,Finland,2028-06-30,183.0,right,27.312799452429843,41.9185282522996,15.068273812173887,745.989013928652,Peak,True,False,False,False,False,FIN,UEFA,False,False,False,False,False,True
Mathias Jensen,dk DEN,MF,Brentford,eng Premier League,28.0,1996.0,24,8,862,9.6,0,2,2,0,0,0,2,0,0.2,0.2,1.7,1.9,6,61,27,0.21,0.2,6,1,16.7,0.63,0.1,0.0,0.0,23.1,0,0.04,-0.2,-0.2,363,486,74.7,6736,2465,1.7,0.3,16,42,19,3,404,78,15,2,5,33,44,14,11,0,0,4,7,41,4.28,29,11,1,0,0,0,5,0.52,14,10,6,6,2,16,50.0,8,15,4,11,8,22,13,2,573,27,126,243,207,9,573,17,9,52.9,6,35.3,300,1296,598,12,0,9,7,350,36,25.2,73.0,2,16,17.0,0,1.71,20,17,3,0.31,0.1,17.3,16.0,1.3,0.14,0,7,10,0,0,0,0,48,8,5,61.5,MID,319859.0,exact,319859.0,2025-05-30,14000000.0,319859,1996-01-01,Denmark,2027-06-30,180.0,right,29.00205338809035,29.894875164257556,16.454567959008102,841.1191007256429,Peak,False,True,False,False,False,DEN,UEFA,False,False,False,False,False,True
Joelinton,br BRA,"MF,FW",Newcastle Utd,eng Premier League,27.0,1996.0,29,29,2393,26.6,4,3,7,4,0,0,10,0,3.9,3.9,2.5,6.4,40,116,110,0.26,0.24,45,13,28.9,1.69,0.49,0.09,0.31,14.0,0,0.09,0.1,0.1,863,1043,82.7,12199,3384,2.3,0.5,23,80,17,2,1014,26,11,7,2,16,14,0,0,0,0,3,23,61,2.29,46,2,1,5,1,6,9,0.34,57,35,23,23,11,44,56.8,19,37,7,30,23,80,47,2,1360,67,256,670,448,83,1360,46,15,32.6,28,60.9,729,3598,1786,26,9,39,53,934,83,70.0,83.0,18,0,,0,1.83,51,32,19,0.71,0.54,46.4,31.5,14.9,0.56,0,58,35,7,0,0,0,149,59,46,56.2,MID,333241.0,exact,333241.0,2025-05-30,35000000.0,333241,1996-08-14,Brazil,2028-06-30,186.0,right,28.383299110198493,41.9185282522996,17.370858648025116,805.6116683789945,Peak,False,True,False,False,False,BRA,CONMEBOL,False,False,False,True,False,False
Þórir Jóhann Helgason,is ISL,MF,Lecce,it Serie A,23.0,2000.0,21,13,1156,12.8,0,4,4,0,0,0,0,0,1.2,1.2,1.1,2.3,20,38,58,0.31,0.18,16,5,31.3,1.25,0.39,0.0,0.0,20.8,5,0.08,-1.2,-1.2,255,395,64.6,4973,1486,0.9,2.9,22,23,13,4,315,79,19,0,3,71,2,52,13,34,0,1,10,39,3.04,25,9,0,2,3,0,7,0.55,10,7,3,6,1,13,53.8,6,7,2,5,6,16,11,2,491,13,59,215,225,24,491,14,8,57.1,6,42.9,230,1250,625,7,2,26,10,282,55,33.8,74.0,4,8,24.0,6,1.14,12,14,-2,-0.16,1.0,11.2,17.9,-6.7,-0.52,0,10,10,2,0,0,0,46,17,17,50.0,MID,488996.0,fuzzy_verified,488996.0,2025-06-17,3000000.0,488996,2000-09-28,Iceland,2026-06-30,187.0,right,24.26009582477755,17.904073587385017,14.914123179965662,588.5522494273891,Developing,False,False,False,False,True,ISL,UEFA,False,False,False,False,False,True
Curtis Jones,eng ENG,"MF,DF",Liverpool,eng Premier League,23.0,2001.0,33,19,1712,19.0,3,3,6,3,0,0,3,1,4.3,4.3,1.1,5.4,30,117,79,0.32,0.29,34,13,38.2,1.79,0.68,0.09,0.23,17.1,0,0.13,-1.3,-1.3,1021,1097,93.1,15072,3158,1.6,1.9,22,84,19,1,1037,58,11,2,2,8,28,1,0,0,0,2,10,52,2.74,45,1,0,4,2,0,8,0.42,39,22,6,23,10,27,63.0,10,22,9,13,7,46,10,3,1288,41,220,683,393,58,1288,22,12,54.5,8,36.4,789,3889,1892,23,8,26,36,967,52,50.1,76.0,6,14,19.0,1,2.09,38,27,11,0.58,-1.21,34.6,23.4,11.1,0.59,1,18,25,1,1,0,0,97,14,13,51.9,MID,433188.0,exact,433188.0,2025-05-30,45000000.0,433188,2001-01-30,England,2027-06-30,185.0,right,23.920602327173167,29.894875164257556,17.622173069956816,572.1952156947624,Developing,False,True,False,False,False,ENG,UEFA,False,False,False,False,False,True
Frenkie de Jong,nl NED,MF,Barcelona,es La Liga,27.0,1997.0,26,9,1143,12.7,2,2,4,2,0,0,3,0,0.7,0.7,2.0,2.6,36,120,24,0.31,0.21,5,3,60.0,0.39,0.24,0.4,0.67,17.0,0,0.13,1.3,1.3,1084,1148,94.4,16878,4702,2.0,0.0,21,140,12,0,1120,26,24,4,2,6,2,0,0,0,0,2,11,43,3.39,39,0,2,1,0,1,11,0.87,19,11,5,8,6,16,50.0,8,9,1,8,12,31,7,1,1226,15,137,821,271,13,1226,8,5,62.5,3,37.5,815,4667,2630,38,1,5,7,993,44,33.4,72.0,3,17,29.0,3,2.35,42,18,24,1.89,0.35,34.3,17.2,17.1,1.35,0,14,18,0,0,1,0,57,10,7,58.8,MID,326330.0,exact,326330.0,2025-06-09,45000000.0,326330,1997-05-12,Netherlands,2029-06-30,181.0,right,27.641341546885695,53.90932982917214,17.622173069956816,764.0437625115892,Peak,False,False,True,False,False,NED,UEFA,False,False,False,False,False,True
Joan Jordán,es ESP,MF,Alavés,es La Liga,30.0,1994.0,25,15,1414,15.7,5,2,7,2,3,4,4,0,4.8,1.6,2.3,4.0,7,104,35,0.25,0.45,13,4,30.8,0.83,0.25,0.15,0.5,26.7,5,0.13,0.2,0.4,685,915,74.9,13015,4116,2.6,-0.3,31,102,15,5,761,151,66,0,18,106,3,63,26,31,1,3,16,55,3.5,32,20,0,1,2,0,3,0.19,32,18,11,17,4,30,56.7,13,12,0,12,9,41,21,0,1038,26,130,598,321,11,1034,7,6,85.7,1,14.3,481,1625,845,19,1,16,7,620,57,41.3,76.0,5,10,28.0,4,1.08,19,20,-1,-0.06,0.34,20.1,18.6,1.6,0.1,0,28,11,1,0,0,0,61,16,13,55.2,MID,263727.0,exact,263727.0,2025-06-09,2500000.0,263727,1994-07-06,Spain,2027-06-30,185.0,right,30.491444216290212,29.894875164257556,14.731801689838349,929.7281703951378,Declining,False,False,True,False,False,ESP,UEFA,False,False,False,False,False,True
Jorginho,it ITA,MF,Arsenal,eng Premier League,32.0,1991.0,15,9,704,7.8,0,0,0,0,0,0,5,0,0.1,0.1,0.4,0.5,12,48,6,0.0,0.06,2,0,0.0,0.26,0.0,0.0,,23.2,0,0.03,-0.1,-0.1,411,474,86.7,6468,1609,0.6,-0.4,3,44,10,0,466,8,7,4,1,1,0,0,0,0,0,0,5,12,1.54,10,0,0,0,2,0,0,0.0,12,4,1,7,4,20,40.0,12,3,0,3,7,19,2,2,522,9,93,304,131,3,522,4,1,25.0,2,50.0,302,1498,874,13,0,12,9,389,47,20.6,72.0,3,6,9.0,19,2.0,14,7,7,0.89,-0.03,13.5,6.0,7.5,0.97,0,15,17,0,0,0,0,55,1,6,14.3,MID,102017.0,exact,102017.0,2025-05-30,6000000.0,102017,1991-12-20,Italy,2028-06-30,180.0,right,33.034907597535934,41.9185282522996,15.607270193858982,1091.3051199777374,Declining,False,True,False,False,False,ITA,UEFA,False,False,False,False,False,True
Antoine Joujou,fr FRA,"MF,FW",Le Havre,fr Ligue 1,21.0,2003.0,26,9,943,10.5,0,2,2,0,0,0,1,0,0.6,0.6,3.0,3.7,44,18,85,0.19,0.35,11,2,18.2,1.05,0.19,0.0,0.0,18.4,0,0.06,-0.6,-0.6,169,261,64.8,2486,687,2.9,-1.0,15,8,15,10,258,3,0,1,1,37,2,1,1,0,0,0,14,37,3.53,23,0,7,4,2,1,3,0.29,16,11,10,4,2,15,60.0,6,15,3,12,9,25,19,0,417,15,80,146,206,39,417,61,30,49.2,30,49.2,249,2086,1032,23,17,32,17,253,36,30.8,72.0,2,17,17.0,2,0.85,14,21,-7,-0.67,0.35,15.8,18.5,-2.8,-0.27,0,7,7,2,0,0,0,59,5,18,21.7,MID,1028162.0,exact,1028162.0,2025-06-03,2000000.0,1028162,2003-03-12,France,2026-06-30,189.0,right,21.809719370294317,17.904073587385017,14.508658238524095,475.66385901099113,Emerging,False,False,False,True,False,FRA,UEFA,False,False,False,False,False,True
Stanko Jurić,hr CRO,MF,Valladolid,es La Liga,27.0,1996.0,26,19,1729,19.2,0,0,0,0,0,0,7,1,0.8,0.8,0.5,1.3,5,57,8,0.0,0.07,8,2,25.0,0.42,0.1,0.0,0.0,15.0,0,0.1,-0.8,-0.8,636,755,84.2,10454,2996,0.3,-0.5,4,40,4,0,734,20,19,1,1,0,1,0,0,0,0,1,14,9,0.47,7,0,0,1,0,1,2,0.1,48,24,26,19,3,48,39.6,29,35,11,24,24,72,52,0,981,90,423,505,65,10,981,10,6,60.0,4,40.0,388,1841,789,6,2,21,14,544,67,50.6,79.0,7,7,32.0,8,0.58,15,46,-31,-1.61,0.14,17.1,36.8,-19.7,-1.03,1,38,9,0,0,0,0,92,50,22,69.4,MID,388125.0,exact_accent_stripped,388125.0,2025-06-09,1200000.0,388125,1996-08-16,Croatia,2027-06-30,188.0,right,28.37782340862423,29.894875164257556,13.997832948091215,805.3008614110613,Peak,False,False,True,False,False,CRO,UEFA,False,False,False,False,False,True
Mohamed Kaba,fr FRA,MF,Lecce,it Serie A,22.0,2001.0,15,2,452,5.0,0,0,0,0,0,0,1,0,0.3,0.3,0.0,0.4,3,18,8,0.0,0.08,4,0,0.0,0.8,0.0,0.0,,12.1,0,0.09,-0.3,-0.3,139,172,80.8,2228,625,0.1,0.0,1,18,1,0,169,3,3,1,1,1,0,0,0,0,0,0,4,10,1.99,8,0,0,1,1,0,0,0.0,13,8,7,5,1,10,80.0,2,11,4,7,4,17,10,1,240,14,63,139,39,6,240,6,2,33.3,3,50.0,136,655,243,4,0,13,5,162,30,13.2,68.0,1,13,24.0,16,1.13,4,9,-5,-1.0,-0.21,5.3,7.9,-2.6,-0.51,0,6,10,0,0,0,0,19,8,12,40.0,MID,911328.0,exact,911328.0,2025-06-17,2000000.0,911328,2001-10-27,Guinea,2026-06-30,185.0,right,23.1813826146475,17.904073587385017,14.508658238524095,537.3764999266814,Developing,False,False,False,False,True,FRA,UEFA,False,False,False,False,False,True
Tino Kadewere,zw ZIM,"MF,FW",Nantes,fr Ligue 1,28.0,1996.0,12,6,512,5.7,1,2,3,1,0,0,1,0,1.7,1.7,1.0,2.7,5,19,27,0.53,0.47,8,6,75.0,1.41,1.05,0.13,0.17,15.4,0,0.21,-0.7,-0.7,130,173,75.1,1947,547,0.5,1.0,8,7,3,0,169,3,1,1,0,2,2,0,0,0,0,1,7,19,3.34,14,1,0,2,0,2,2,0.35,14,8,5,3,6,13,46.2,7,3,0,3,6,20,8,0,242,6,44,117,86,20,242,15,4,26.7,11,73.3,133,623,270,5,1,14,7,156,43,16.7,75.0,0,6,11.0,1,0.92,7,7,0,0.0,0.46,7.0,6.2,0.8,0.15,0,6,3,2,0,0,0,34,15,12,55.6,MID,384060.0,exact,384060.0,2025-06-03,2500000.0,384060,1996-01-05,Zimbabwe,2028-06-30,183.0,right,28.99110198494182,41.9185282522996,14.731801689838349,840.4839943012976,Peak,False,False,False,True,False,ZIM,CAF,False,True,False,False,False,False
Daichi Kamada,jp JPN,MF,Crystal Palace,eng Premier League,27.0,1996.0,34,15,1564,17.4,0,0,0,0,0,0,4,1,1.1,1.1,1.9,3.0,25,89,56,0.0,0.17,20,4,20.0,1.15,0.23,0.0,0.0,20.3,0,0.05,-1.1,-1.1,603,752,80.2,9772,2644,1.6,-1.9,20,48,14,3,720,31,11,4,5,31,2,16,11,1,0,1,18,52,2.99,37,6,1,3,2,3,3,0.17,47,29,19,24,4,41,34.1,27,22,5,17,18,65,14,0,937,19,208,496,240,32,937,19,7,36.8,9,47.4,485,2295,1121,19,6,16,20,600,46,45.7,81.0,7,19,18.0,1,1.38,25,26,-1,-0.06,-0.11,27.7,24.7,3.1,0.18,0,28,21,2,0,0,0,89,4,13,23.5,MID,356141.0,exact,356141.0,2025-05-30,12000000.0,356141,1996-08-05,Japan,2026-06-30,180.0,right,28.407939767282684,17.904073587385017,16.300417291085605,807.011041821561,Peak,False,True,False,False,False,JPN,AFC,True,False,False,False,False,False
Boubacar Kamara,fr FRA,MF,Aston Villa,eng Premier League,24.0,1999.0,26,20,1726,19.2,1,0,1,1,0,0,2,0,0.8,0.8,0.9,1.7,19,85,7,0.05,0.09,10,3,30.0,0.52,0.16,0.1,0.33,19.6,0,0.08,0.2,0.2,825,931,88.6,13054,4037,0.8,-0.9,11,91,10,0,904,27,25,5,0,1,0,0,0,0,0,0,8,27,1.41,20,1,1,2,1,2,2,0.1,50,21,28,18,4,56,51.8,27,19,7,12,19,69,51,3,1113,95,344,637,141,12,1113,27,9,33.3,9,33.3,591,2976,1370,13,2,12,17,754,66,50.5,81.0,12,6,16.0,1,1.69,28,22,6,0.31,0.26,25.3,22.9,2.5,0.13,0,30,35,0,0,0,0,87,21,26,44.7,MID,394327.0,exact,394327.0,2025-05-30,40000000.0,394327,1999-11-23,France,2030-06-30,184.0,right,25.1088295687885,65.90013140604468,17.50439003707821,630.4533223144678,Developing,False,True,False,False,False,FRA,UEFA,False,False,False,False,False,True
Glen Kamara,fi FIN,MF,Rennes,fr Ligue 1,28.0,1995.0,13,8,662,7.4,0,1,1,0,0,0,0,0,0.2,0.2,0.2,0.3,5,34,22,0.14,0.05,1,0,0.0,0.14,0.0,0.0,,16.2,0,0.17,-0.2,-0.2,372,412,90.3,5500,1464,0.7,0.8,5,34,8,0,400,10,9,1,0,0,1,0,0,0,0,2,3,20,2.72,19,0,0,0,0,1,2,0.27,23,11,10,11,2,17,64.7,6,7,0,7,7,30,7,0,476,11,70,309,101,13,476,8,4,50.0,4,50.0,268,996,356,3,0,7,6,350,51,21.6,70.0,3,5,20.0,3,1.23,10,13,-3,-0.41,-0.56,10.4,9.0,1.4,0.19,0,7,4,0,0,0,0,42,2,6,25.0,MID,242632.0,exact,242632.0,2025-05-27,5000000.0,242632,1995-10-28,Finland,2028-06-30,178.0,right,29.180013689253936,41.9185282522996,15.424948670398354,851.4731989050471,Peak,False,False,False,True,False,FIN,UEFA,False,False,False,False,False,True
Kevin Kampl,si SVN,MF,RB Leipzig,de Bundesliga,33.0,1990.0,26,18,1593,17.7,1,0,1,1,0,0,5,0,0.8,0.8,1.4,2.2,21,106,32,0.06,0.13,7,2,28.6,0.4,0.11,0.14,0.5,18.0,0,0.12,0.2,0.2,1046,1175,89.0,15992,4680,2.7,-1.4,16,81,24,4,1105,63,38,4,1,29,8,17,6,6,0,7,19,44,2.49,39,4,1,0,0,0,5,0.28,27,18,11,10,6,26,61.5,10,25,6,19,24,51,25,0,1316,37,245,802,279,13,1316,19,13,68.4,6,31.6,793,4017,2024,34,3,13,12,957,61,52.1,78.0,6,8,23.0,2,1.5,28,29,-1,-0.06,-0.42,23.5,28.2,-4.7,-0.27,0,20,7,1,0,0,0,100,3,13,18.8,MID,53418.0,exact,53418.0,2024-05-29,3500000.0,53418,1990-10-09,Slovenia,,178.0,right,34.23134839151266,,15.068273812173887,1171.7852127011165,Declining,True,False,False,False,False,SVN,UEFA,False,False,False,False,False,True
Yann Karamoh,fr FRA,"MF,FW",Torino,it Serie A,26.0,1998.0,29,10,1046,11.6,0,1,1,0,0,0,2,0,1.2,1.2,0.9,2.2,37,28,80,0.09,0.18,25,6,24.0,2.15,0.52,0.0,0.0,17.7,0,0.05,-1.2,-1.2,189,282,67.0,2731,585,1.0,0.1,9,8,9,1,274,6,0,2,1,23,4,0,0,0,0,2,18,24,2.06,16,1,3,4,0,0,2,0.17,5,2,2,1,2,9,44.4,5,10,2,8,3,8,5,0,412,8,49,161,205,49,412,38,12,31.6,22,57.9,292,2054,1023,27,21,26,26,328,36,30.6,71.0,0,19,17.0,7,1.14,15,14,1,0.09,0.35,9.7,13.7,-4.0,-0.34,0,12,14,4,0,0,0,42,5,9,35.7,MID,324804.0,exact,324804.0,2025-06-17,1800000.0,324804,1998-07-08,France,2026-06-30,184.0,right,26.48596851471595,17.904073587385017,14.403297778421795,701.5065281625247,Peak,False,False,False,False,True,FRA,UEFA,False,False,False,False,False,True
Atakan Karazor,tr TUR,MF,Stuttgart,de Bundesliga,27.0,1996.0,32,31,2618,29.1,2,4,6,2,0,0,10,1,2.3,2.0,2.6,4.6,19,140,33,0.21,0.17,14,7,50.0,0.48,0.24,0.14,0.29,15.1,0,0.15,-0.3,0.0,1608,1857,86.6,24010,7326,2.5,1.4,15,150,18,0,1736,115,112,6,5,4,3,0,0,0,0,6,24,43,1.48,34,1,0,3,3,2,7,0.24,59,29,19,28,12,57,50.9,28,39,7,32,32,91,51,1,2124,86,417,1361,359,27,2124,21,12,57.1,4,19.0,1112,4676,1987,33,1,30,16,1426,82,85.6,84.0,21,1,21.0,0,1.56,56,45,11,0.38,0.38,53.3,39.1,14.2,0.49,1,38,59,2,0,0,0,171,57,44,56.4,MID,232320.0,exact,232320.0,2025-06-05,12000000.0,232320,1996-10-13,Türkiye,2028-06-30,191.0,right,28.21902806297057,41.9185282522996,16.300417291085605,796.3135448187205,Peak,True,False,False,False,False,TUR,UEFA,False,False,False,False,False,True
Jesper Karlström,se SWE,MF,Udinese,it Serie A,29.0,1995.0,37,36,3186,35.4,0,3,3,0,0,0,9,0,0.7,0.7,1.1,1.8,23,135,46,0.08,0.05,13,2,15.4,0.37,0.06,0.0,0.0,18.9,0,0.06,-0.7,-0.7,1331,1600,83.2,23418,7576,1.4,1.9,21,139,21,4,1520,78,72,0,5,15,4,0,0,0,0,2,20,59,1.67,53,1,1,0,2,2,3,0.08,61,34,32,21,8,51,49.0,26,28,11,17,35,96,82,5,1882,101,534,1134,232,24,1882,15,6,40.0,9,60.0,1002,4851,2204,26,4,34,18,1199,86,93.2,88.0,31,1,33.0,0,1.11,36,53,-17,-0.48,-1.25,36.6,47.4,-10.7,-0.3,0,42,25,1,0,0,0,146,31,31,50.0,MID,222855.0,exact,222855.0,2025-06-17,4000000.0,222855,1995-06-21,Sweden,2028-06-30,182.0,right,29.533196440793976,41.9185282522996,15.201805169084134,872.2096920105259,Peak,False,False,False,False,True,SWE,UEFA,False,False,False,False,False,True
Grigoris Kastanos,cy CYP,"MF,FW",Hellas Verona,it Serie A,26.0,1998.0,27,8,872,9.7,1,1,2,1,0,0,4,0,1.0,1.0,1.7,2.7,12,34,27,0.21,0.28,22,5,22.7,2.27,0.52,0.05,0.2,23.0,2,0.05,0.0,0.0,224,323,69.3,3767,1289,1.0,-0.7,12,30,7,1,293,29,8,3,3,23,5,15,6,7,1,1,8,24,2.47,13,8,0,2,1,0,2,0.21,23,16,8,7,8,21,42.9,12,17,2,15,7,30,8,0,438,8,69,218,156,14,438,15,0,0.0,14,93.3,239,1162,499,10,1,8,10,262,32,25.5,56.0,0,19,22.0,11,0.74,11,20,-9,-0.93,-0.12,10.6,14.7,-4.1,-0.42,0,15,19,1,0,0,0,48,15,17,46.9,MID,298635.0,exact,298635.0,2025-06-17,1500000.0,298635,1998-01-30,Cyprus,2026-05-31,179.0,left,26.921286789869953,16.918528252299605,14.220976332738882,724.7556824224264,Peak,False,False,False,False,True,CYP,UEFA,False,False,False,False,False,True
Yassine Kechta,ma MAR,"MF,FW",Le Havre,fr Ligue 1,22.0,2002.0,31,25,2096,23.3,2,0,2,2,0,0,4,0,2.5,2.5,1.2,3.7,44,97,85,0.09,0.16,29,9,31.0,1.25,0.39,0.07,0.22,25.7,2,0.09,-0.5,-0.5,599,756,79.2,10281,3000,1.4,-1.2,15,60,18,5,705,45,9,2,8,36,3,11,10,1,0,6,15,48,2.06,27,2,3,3,10,3,4,0.17,60,36,32,21,7,78,42.3,45,25,2,23,26,86,32,2,1014,29,220,544,275,27,1014,35,13,37.1,18,51.4,533,3304,1695,33,4,35,24,627,68,68.5,79.0,4,6,19.0,2,1.0,26,42,-16,-0.69,0.71,27.6,37.2,-9.6,-0.41,0,42,33,4,1,0,0,113,10,27,27.0,MID,667967.0,exact,667967.0,2025-06-03,5000000.0,667967,2002-02-25,Morocco,2026-06-30,174.0,left,22.850102669404517,17.904073587385017,15.424948670398354,522.1271920023274,Developing,False,False,False,True,False,MAR,CAF,False,True,False,False,False,False
Mandela Keita,be BEL,MF,Parma,it Serie A,22.0,2002.0,30,24,1826,20.3,0,2,2,0,0,0,6,1,0.1,0.1,1.0,1.2,13,50,5,0.1,0.06,5,4,80.0,0.25,0.2,0.0,0.0,29.3,0,0.03,-0.1,-0.1,660,729,90.5,11055,2730,0.8,1.0,15,55,3,0,710,19,18,2,2,0,1,0,0,0,0,0,6,33,1.63,28,0,3,0,2,0,4,0.2,44,25,13,25,6,35,51.4,17,18,7,11,21,65,29,2,907,48,252,546,126,0,907,31,17,54.8,9,29.0,558,2750,1136,18,0,30,18,579,61,53.4,70.0,12,6,23.0,4,1.03,18,24,-6,-0.3,0.16,18.9,23.3,-4.3,-0.21,1,28,33,1,0,1,0,94,14,14,50.0,MID,707844.0,exact,707844.0,2025-06-17,12000000.0,707844,2002-05-10,Belgium,2029-06-30,180.0,right,22.647501711156742,53.90932982917214,16.300417291085605,512.9093337568476,Developing,False,False,False,False,True,BEL,UEFA,False,False,False,False,False,True
Yannik Keitel,de GER,MF,Stuttgart,de Bundesliga,24.0,2000.0,11,2,270,3.0,0,0,0,0,0,0,1,0,0.5,0.5,0.0,0.6,2,11,3,0.0,0.19,5,2,40.0,1.67,0.67,0.0,0.0,20.3,0,0.11,-0.5,-0.5,156,190,82.1,2404,735,0.1,0.0,1,17,3,0,186,4,4,0,1,2,0,0,0,0,0,0,5,2,0.67,2,0,0,0,0,0,0,0.0,9,6,3,5,1,10,90.0,1,5,2,3,4,13,6,0,225,7,50,143,35,4,225,1,1,100.0,0,0.0,105,405,182,0,1,2,1,164,25,8.8,86.0,0,9,11.0,18,2.18,5,4,1,0.33,0.01,6.6,4.5,2.1,0.71,0,2,6,0,0,0,0,7,4,4,50.0,MID,342039.0,exact,342039.0,2025-06-05,3500000.0,342039,2000-02-15,Germany,2026-06-30,186.0,both,24.878850102669404,17.904073587385017,15.068273812173887,618.9571824310934,Developing,True,False,False,False,False,GER,UEFA,False,False,False,False,False,True
Aljoscha Kemlein,de GER,MF,Union Berlin,de Bundesliga,19.0,2004.0,15,11,922,10.2,1,0,1,1,0,0,3,0,0.9,0.9,0.6,1.5,5,42,19,0.1,0.15,11,3,27.3,1.07,0.29,0.09,0.33,17.4,1,0.09,0.1,0.1,351,465,75.5,5960,1692,0.7,-0.6,10,28,6,1,445,16,3,0,4,5,1,3,2,0,1,4,8,21,2.05,18,2,0,0,0,1,2,0.2,10,4,4,5,1,14,35.7,9,14,3,11,6,16,15,0,549,16,117,331,105,18,549,9,6,66.7,3,33.3,260,952,437,5,1,11,1,329,61,30.1,77.0,4,4,20.0,4,0.8,6,17,-11,-1.07,-0.86,11.5,14.3,-2.8,-0.27,0,15,2,1,0,1,0,58,19,14,57.6,MID,692737.0,exact,692737.0,2025-06-05,7000000.0,692737,2004-08-02,Germany,2029-06-30,188.0,right,20.416153319644078,53.90932982917214,15.76142084987672,416.8193163712139,Emerging,True,False,False,False,False,GER,UEFA,False,False,False,False,False,True
Luca Kerber,de GER,"MF,DF",Heidenheim,de Bundesliga,22.0,2002.0,23,7,783,8.7,2,0,2,2,0,0,4,0,0.6,0.6,0.7,1.3,1,16,12,0.23,0.15,7,5,71.4,0.8,0.57,0.29,0.4,12.0,0,0.09,1.4,1.4,182,247,73.7,3338,795,0.4,-0.7,6,10,5,1,238,6,2,1,1,3,3,0,0,0,0,3,3,9,1.03,7,0,0,1,1,0,1,0.11,26,16,17,8,1,31,51.6,15,14,4,10,5,31,25,1,364,33,131,173,62,11,364,5,1,20.0,3,60.0,175,676,255,0,1,12,4,199,34,25.6,62.0,1,16,22.0,9,1.13,12,16,-4,-0.46,0.45,11.7,16.2,-4.5,-0.51,0,22,8,0,0,0,0,27,11,17,39.3,MID,809498.0,exact,809498.0,2025-06-05,1500000.0,809498,2002-03-10,Germany,2027-06-30,184.0,right,22.8145106091718,29.894875164257556,14.220976332738882,520.5018943360127,Developing,True,False,False,False,False,GER,UEFA,False,False,False,False,False,True
Bilal El Khannouss,ma MAR,"MF,FW",Leicester City,eng Premier League,20.0,2004.0,32,27,2182,24.2,2,3,5,2,0,0,4,0,1.3,1.3,4.6,5.8,73,128,89,0.21,0.24,30,7,23.3,1.24,0.29,0.07,0.29,22.0,0,0.04,0.7,0.7,798,1063,75.1,14413,4123,3.1,-1.6,42,89,31,6,928,130,28,11,8,89,14,36,19,10,1,5,26,78,3.22,54,9,8,4,3,0,7,0.29,50,30,16,29,5,32,53.1,15,22,4,18,6,56,10,3,1268,18,183,655,445,35,1268,60,34,56.7,23,38.3,732,4494,2038,45,12,38,38,851,68,63.8,78.0,8,5,16.0,3,0.63,17,54,-37,-1.53,-0.8,20.0,47.6,-27.6,-1.14,0,30,13,1,0,0,0,92,19,24,44.2,MID,654982.0,exact,654982.0,2025-05-30,28000000.0,654982,2004-05-10,Morocco,2026-06-30,180.0,right,20.646132785763175,17.904073587385017,17.147715103853763,426.26279900736506,Emerging,False,True,False,False,False,MAR,CAF,False,True,False,False,False,False
Rani Khedira,de GER,MF,Union Berlin,de Bundesliga,30.0,1994.0,32,31,2723,30.3,1,1,2,1,0,0,7,0,1.4,1.4,0.6,2.1,12,80,34,0.07,0.07,14,1,7.1,0.46,0.03,0.07,1.0,18.7,0,0.1,-0.4,-0.4,700,950,73.7,9960,3196,1.0,0.4,12,66,10,3,916,23,11,1,1,22,0,0,0,0,0,11,23,33,1.09,31,0,0,1,0,1,2,0.07,68,40,30,35,3,38,63.2,14,33,11,22,44,112,55,0,1246,81,337,710,207,30,1246,11,5,45.5,6,54.5,506,2097,738,10,2,24,10,617,85,89.0,87.0,26,1,19.0,1,1.25,34,39,-5,-0.17,2.77,32.0,40.0,-8.0,-0.26,0,45,18,1,0,1,0,108,42,42,50.0,MID,124410.0,exact,124410.0,2025-06-05,2500000.0,124410,1994-01-27,Tunisia,2026-06-30,188.0,right,30.92950034223135,17.904073587385017,14.731801689838349,956.6339914200892,Declining,True,False,False,False,False,GER,UEFA,False,False,False,False,False,True
Joshua Kimmich,de GER,MF,Bayern Munich,de Bundesliga,29.0,1995.0,33,32,2847,31.6,3,7,10,3,0,0,4,0,1.8,1.8,7.4,9.2,51,362,77,0.32,0.29,34,10,29.4,1.07,0.32,0.09,0.3,23.9,4,0.05,1.2,1.2,3269,3652,89.5,58907,17234,10.5,-0.4,83,437,53,10,3354,291,125,21,42,176,44,117,73,21,1,7,30,159,5.03,116,36,2,3,1,1,18,0.57,47,29,11,29,7,50,60.0,20,23,3,20,25,72,34,3,3867,72,540,2328,1017,19,3867,22,12,54.5,9,40.9,2399,11970,5197,83,1,21,7,3047,86,93.0,89.0,31,1,15.0,0,2.39,90,28,62,1.96,-0.15,74.5,23.5,51.0,1.61,0,15,27,2,0,0,0,190,12,9,57.1,MID,161056.0,exact,161056.0,2025-06-05,45000000.0,161056,1995-02-08,Germany,2029-06-30,177.0,right,29.897330595482547,53.90932982917214,17.622173069956816,893.8503767355768,Peak,True,False,False,False,False,GER,UEFA,False,False,False,False,False,True
Justin Kluivert,nl NED,MF,Bournemouth,eng Premier League,25.0,1999.0,34,29,2340,26.0,12,6,18,6,6,6,8,0,10.3,5.6,4.8,10.5,81,105,173,0.46,0.58,57,23,40.4,2.19,0.88,0.11,0.26,20.0,0,0.1,1.7,0.4,582,782,74.4,8844,2330,3.7,1.2,45,45,35,6,683,92,8,5,6,85,10,35,30,0,0,7,18,101,3.88,73,8,7,7,5,1,12,0.46,23,11,4,11,8,22,18.2,18,24,0,24,14,37,24,1,1086,24,99,366,641,134,1080,87,36,41.4,40,46.0,646,4198,2364,55,38,55,27,710,69,68.4,74.0,5,5,40.0,0,1.5,38,29,9,0.35,0.1,43.0,32.5,10.5,0.41,0,47,33,5,1,0,0,78,8,28,22.2,MID,330659.0,exact,330659.0,2025-05-30,35000000.0,330659,1999-05-05,Netherlands,2028-06-30,173.0,both,25.661875427789184,41.9185282522996,17.370858648025116,658.5318504713703,Developing,False,True,False,False,False,NED,UEFA,False,False,False,False,False,True
Ansgar Knauff,de GER,"MF,DF",Eint Frankfurt,de Bundesliga,22.0,2002.0,30,18,1597,17.7,4,5,9,4,0,0,3,0,4.9,4.9,5.2,10.0,53,58,146,0.51,0.57,30,9,30.0,1.69,0.51,0.13,0.44,15.1,0,0.16,-0.9,-0.9,363,544,66.7,5092,1811,4.5,-0.2,27,17,24,6,517,26,1,4,0,32,25,0,0,0,0,1,21,62,3.5,38,0,12,4,6,2,10,0.56,41,22,18,16,7,26,46.2,14,23,4,19,12,53,24,0,775,20,141,310,336,75,775,56,26,46.4,25,44.6,435,2574,1526,35,19,47,17,477,53,52.2,72.0,1,12,25.0,1,1.8,36,27,9,0.51,-0.29,34.1,25.5,8.6,0.49,0,27,28,11,0,0,0,76,19,27,41.3,MID,429874.0,exact,429874.0,2025-06-05,15000000.0,429874,2002-01-10,Germany,2028-06-30,180.0,right,22.976043805612594,41.9185282522996,16.52356082573315,527.8985889574288,Developing,True,False,False,False,False,GER,UEFA,False,False,False,False,False,True
Magnus Knudsen,no NOR,MF,Holstein Kiel,de Bundesliga,23.0,2001.0,31,22,1850,20.6,0,1,1,0,0,0,7,0,0.7,0.7,1.3,2.0,16,54,25,0.05,0.1,12,4,33.3,0.58,0.19,0.0,0.0,26.1,0,0.06,-0.7,-0.7,656,781,84.0,11194,3078,2.0,-0.3,8,39,11,2,768,11,9,1,1,8,1,1,1,0,0,2,13,32,1.56,25,0,1,2,4,0,4,0.19,48,29,21,21,6,44,56.8,19,18,4,14,12,60,44,0,987,60,332,548,113,9,987,16,9,56.3,7,43.8,488,2507,1221,10,2,26,10,613,60,60.5,76.0,10,9,20.0,2,0.77,25,49,-24,-1.17,-0.65,21.1,35.7,-14.6,-0.71,0,28,10,0,0,0,0,79,10,28,26.3,MID,651735.0,exact,651735.0,2025-06-05,2500000.0,651735,2001-06-15,Norway,2030-06-30,186.0,right,23.548254620123203,65.90013140604468,14.731801689838349,554.5202956541538,Developing,True,False,False,False,False,NOR,UEFA,False,False,False,False,False,True
Magnus Kofod Andersen,dk DEN,MF,Venezia,it Serie A,25.0,1999.0,14,7,695,7.7,1,1,2,1,0,0,1,0,0.3,0.3,0.5,0.7,7,24,18,0.26,0.1,8,2,25.0,1.04,0.26,0.13,0.5,25.0,0,0.03,0.7,0.7,247,309,79.9,3986,1038,0.6,0.5,9,18,3,0,285,23,10,0,1,16,3,9,2,7,0,1,3,20,2.59,13,5,0,1,1,0,3,0.39,13,4,3,9,1,10,40.0,6,7,2,5,6,19,12,0,370,14,82,205,90,8,370,4,2,50.0,1,25.0,230,1014,496,6,0,8,6,238,50,20.3,79.0,2,7,21.0,4,1.0,10,10,0,0.0,0.79,7.5,10.6,-3.1,-0.4,0,7,5,0,0,0,0,31,8,7,53.3,MID,488784.0,exact,488784.0,2025-06-17,1000000.0,488784,1999-05-10,Denmark,2028-06-30,170.0,right,25.648186173853524,41.9185282522996,13.815511557963774,657.829454008651,Developing,False,False,False,False,True,DEN,UEFA,False,False,False,False,False,True
Koke,es ESP,MF,Atlético Madrid,es La Liga,32.0,1992.0,32,20,1926,21.4,1,1,2,1,0,0,4,0,1.1,1.1,1.4,2.5,22,132,18,0.09,0.12,11,4,36.4,0.51,0.19,0.09,0.25,22.6,0,0.1,-0.1,-0.1,1444,1640,88.0,22797,7027,2.2,-0.4,16,134,22,6,1565,67,48,3,6,22,7,12,5,2,0,8,16,51,2.38,48,2,0,0,0,1,5,0.23,46,23,18,22,6,43,48.8,22,24,2,22,20,66,29,2,1829,52,455,1075,313,10,1829,22,9,40.9,11,50.0,1138,4782,2255,21,0,15,8,1339,60,56.3,76.0,9,12,33.0,1,2.06,32,14,18,0.84,-0.36,32.8,19.4,13.4,0.63,0,23,16,0,0,0,1,122,8,9,47.1,MID,74229.0,exact,74229.0,2025-06-09,8000000.0,74229,1992-01-08,Spain,2027-06-30,176.0,right,32.982888432580424,29.894875164257556,15.894952224644102,1087.8709293560476,Declining,False,False,True,False,False,ESP,UEFA,False,False,False,False,False,True
Mert Kömür,de GER,MF,Augsburg,de Bundesliga,19.0,2005.0,20,5,654,7.3,2,1,3,2,0,0,1,0,1.1,1.1,1.5,2.6,18,11,46,0.41,0.36,13,7,53.8,1.79,0.96,0.15,0.29,21.5,1,0.09,0.9,0.9,159,221,71.9,2402,734,1.3,-0.5,13,3,2,1,189,30,7,0,0,26,1,21,11,7,0,2,10,25,3.44,9,11,2,2,1,0,1,0.14,3,2,2,0,1,3,0.0,3,9,3,6,3,6,7,1,313,8,43,123,151,17,313,22,12,54.5,7,31.8,185,1047,550,17,4,22,23,217,33,21.4,62.0,0,15,23.0,9,1.15,4,12,-8,-1.1,-0.8,7.4,13.8,-6.4,-0.89,0,7,12,3,0,0,0,32,11,18,37.9,MID,777005.0,exact,777005.0,2025-06-05,5000000.0,777005,2005-07-17,Germany,2029-06-30,184.0,both,19.460643394934976,53.90932982917214,15.424948670398354,378.7166413448263,Emerging,True,False,False,False,False,GER,UEFA,False,False,False,False,False,True
Amadou Koné,ml MLI,MF,Reims,fr Ligue 1,19.0,2005.0,24,17,1293,14.4,0,0,0,0,0,0,3,1,0.5,0.5,0.3,0.9,19,68,12,0.0,0.06,14,4,28.6,0.97,0.28,0.0,0.0,26.3,0,0.04,-0.5,-0.5,518,602,86.0,8977,2485,0.5,-0.3,8,53,8,0,590,11,7,3,3,3,2,0,0,0,0,1,3,28,1.95,19,1,2,2,1,3,2,0.14,49,32,32,16,1,35,62.9,13,18,4,14,19,68,38,2,788,61,242,463,99,3,788,25,15,60.0,6,24.0,469,3013,1399,15,0,19,12,526,54,42.3,68.0,2,7,20.0,3,0.83,13,14,-1,-0.07,0.59,19.3,23.2,-4.0,-0.28,0,19,52,0,0,1,0,79,22,22,50.0,MID,1178474.0,exact,1178474.0,2025-06-03,4000000.0,1178474,2005-05-14,Cote d'Ivoire,2029-06-30,178.0,left,19.63586584531143,53.90932982917214,15.201805169084134,385.5672274950679,Emerging,False,False,False,True,False,MLI,CAF,False,True,False,False,False,False
Ismaël Koné,ca CAN,"MF,FW",Marseille,fr Ligue 1,22.0,2002.0,8,3,360,4.0,0,0,0,0,0,0,0,0,0.3,0.3,0.4,0.6,2,10,10,0.0,0.16,4,0,0.0,1.0,0.0,0.0,,22.5,0,0.07,-0.3,-0.3,156,180,86.7,2484,457,0.2,-0.4,4,9,1,0,176,4,2,1,0,3,0,0,0,0,0,0,3,6,1.5,3,1,0,1,1,0,0,0.0,8,4,3,3,2,4,75.0,1,4,1,3,4,12,2,1,221,6,43,115,65,5,221,8,2,25.0,6,75.0,131,659,237,5,2,4,6,170,45,11.8,62.0,0,5,35.0,6,1.88,5,4,1,0.25,-0.62,7.0,7.8,-0.8,-0.2,0,4,11,1,0,0,0,14,2,5,28.6,MID,921655.0,exact,921655.0,2025-06-03,9000000.0,921655,2002-06-16,Canada,2030-06-30,188.0,right,22.546201232032853,65.90013140604468,16.012735246411598,508.33118999531973,Developing,False,False,False,True,False,CAN,CONCACAF,False,False,True,False,False,False
Ismaël Koné,ca CAN,MF,Rennes,fr Ligue 1,22.0,2002.0,13,4,469,5.2,2,1,3,2,0,0,1,0,0.2,0.2,1.3,1.5,16,30,16,0.58,0.28,6,3,50.0,1.15,0.58,0.33,0.67,25.1,0,0.03,1.8,1.8,176,208,84.6,3271,662,1.3,-0.3,5,19,3,0,201,7,5,2,5,2,1,1,0,0,0,0,3,10,1.92,10,0,0,0,0,0,1,0.19,9,6,4,4,1,7,71.4,2,9,2,7,4,13,5,0,259,9,48,144,70,6,259,10,6,60.0,3,30.0,171,1283,687,9,1,10,5,195,36,15.3,69.0,0,9,21.0,1,1.38,9,7,2,0.38,0.42,7.7,9.2,-1.5,-0.29,0,8,8,0,0,1,0,19,2,0,100.0,MID,921655.0,exact,921655.0,2025-06-03,9000000.0,921655,2002-06-16,Canada,2030-06-30,188.0,right,22.546201232032853,65.90013140604468,16.012735246411598,508.33118999531973,Developing,False,False,False,True,False,CAN,CONCACAF,False,False,True,False,False,False
Manu Koné,fr FRA,MF,Roma,it Serie A,23.0,2001.0,34,31,2572,28.6,2,1,3,2,0,0,6,0,3.4,3.4,1.7,5.0,70,144,50,0.1,0.18,34,8,23.5,1.19,0.28,0.06,0.25,19.9,0,0.1,-1.4,-1.4,1160,1273,91.1,18915,4440,1.6,-0.7,19,113,15,1,1241,30,29,4,5,2,1,0,0,0,0,2,14,67,2.34,46,1,5,6,6,3,6,0.21,41,26,17,17,7,40,47.5,21,27,4,23,24,65,28,0,1555,34,244,969,374,40,1555,72,30,41.7,27,37.5,1006,6125,2923,66,13,54,45,1181,76,75.2,80.0,20,3,29.0,1,1.82,41,29,12,0.42,-0.54,38.5,29.4,9.1,0.32,0,28,86,2,0,1,0,131,20,33,37.7,MID,624690.0,exact,624690.0,2025-06-17,40000000.0,624690,2001-05-17,France,2029-06-30,185.0,right,23.627652292950035,53.90932982917214,17.50439003707821,558.2659528765471,Developing,False,False,False,False,True,FRA,UEFA,False,False,False,False,False,True
Teun Koopmeiners,nl NED,"MF,FW",Juventus,it Serie A,26.0,1998.0,28,23,1994,22.2,3,3,6,3,0,0,3,0,3.9,3.9,2.9,6.8,32,89,127,0.27,0.31,42,10,23.8,1.9,0.45,0.07,0.3,18.2,2,0.09,-0.9,-0.9,761,953,79.9,12045,3133,3.8,0.1,38,63,18,3,819,129,34,4,3,113,18,74,44,28,0,5,12,63,2.84,39,17,2,2,2,1,3,0.14,32,16,6,19,7,30,33.3,20,36,14,22,8,40,26,2,1170,38,180,529,468,50,1170,22,10,45.5,11,50.0,591,2741,1266,28,5,40,16,790,71,58.3,80.0,15,5,33.0,1,1.75,33,19,14,0.63,0.06,28.6,18.8,9.8,0.44,0,32,9,3,0,0,0,51,22,22,50.0,MID,360518.0,exact,360518.0,2025-06-17,35000000.0,360518,1998-02-28,Netherlands,2029-06-30,185.0,left,26.84188911704312,53.90932982917214,17.370858648025116,720.4870113716379,Peak,False,False,False,False,True,NED,UEFA,False,False,False,False,False,True
Mateo Kovačić,hr CRO,MF,Manchester City,eng Premier League,30.0,1994.0,31,25,2198,24.4,6,2,8,6,0,0,5,1,1.9,1.9,3.6,5.5,56,164,16,0.33,0.23,45,12,26.7,1.84,0.49,0.13,0.5,22.9,0,0.04,4.1,4.1,1742,1882,92.6,27279,7278,3.2,-1.6,33,206,30,0,1845,33,32,15,8,0,0,0,0,0,0,4,14,73,2.99,59,0,4,5,4,1,8,0.33,69,38,23,38,8,65,47.7,34,20,0,20,24,93,21,1,2123,53,318,1199,627,17,2123,41,22,53.7,11,26.8,1445,8397,3961,78,3,19,29,1729,71,64.3,82.0,12,6,26.0,2,1.94,50,28,22,0.9,0.46,45.2,31.1,14.2,0.58,0,24,26,0,0,0,0,114,10,9,52.6,MID,51471.0,exact_accent_stripped,51471.0,2025-05-30,20000000.0,51471,1994-05-06,Croatia,2027-06-30,178.0,right,30.65845311430527,29.894875164257556,16.811242881518265,939.9407473620546,Declining,False,True,False,False,False,CRO,UEFA,False,False,False,False,False,True
Alex Král,cz CZE,MF,Espanyol,es La Liga,26.0,1998.0,37,29,2714,30.2,0,1,1,0,0,0,1,0,1.5,1.5,1.5,3.0,49,78,79,0.03,0.1,21,2,9.5,0.7,0.07,0.0,0.0,16.0,0,0.07,-1.5,-1.5,602,837,71.9,10136,2618,1.6,-0.5,12,74,12,4,801,29,10,6,6,38,2,4,0,4,0,7,30,42,1.39,31,1,2,2,4,2,1,0.03,55,37,28,24,3,30,53.3,14,34,14,20,28,83,51,2,1155,84,278,646,253,45,1155,55,29,52.7,21,38.2,618,4041,1902,33,7,52,29,684,73,79.4,86.0,25,8,26.0,0,1.14,31,45,-14,-0.46,-0.85,26.0,47.7,-21.7,-0.72,0,31,23,0,0,0,0,127,38,28,57.6,MID,337333.0,exact,337333.0,2025-06-09,6000000.0,337333,1998-05-19,Czech Republic,2026-06-30,186.0,right,26.622861054072555,17.904073587385017,15.607270193858982,708.7767307044533,Peak,False,False,True,False,False,CZE,UEFA,False,False,False,False,False,True
Andrej Kramarić,hr CRO,"MF,FW",Hoffenheim,de Bundesliga,33.0,1991.0,32,32,2767,30.7,11,8,19,8,3,3,4,0,11.8,9.5,4.3,13.7,75,143,202,0.52,0.52,66,23,34.8,2.15,0.75,0.12,0.35,15.8,2,0.15,-0.8,-1.5,1021,1314,77.7,15494,4102,5.7,3.7,49,101,38,15,1182,122,14,5,5,116,23,44,15,13,0,10,34,102,3.32,78,13,2,7,2,0,14,0.46,15,8,5,8,2,11,54.5,5,16,3,13,7,22,11,1,1554,11,176,715,676,131,1551,47,20,42.6,22,46.8,938,5047,2534,55,22,46,38,1153,86,90.4,86.0,18,0,,0,1.0,37,59,-22,-0.72,-0.72,38.3,48.2,-9.9,-0.32,0,12,28,9,0,0,0,136,8,23,25.8,MID,46580.0,exact_accent_stripped,46580.0,2025-06-05,4000000.0,46580,1991-06-19,Croatia,2028-06-30,177.0,right,33.53867214236824,41.9185282522996,15.201805169084134,1124.8425290732675,Declining,True,False,False,False,False,CRO,UEFA,False,False,False,False,False,True
Tom Krauß,de GER,MF,Bochum,de Bundesliga,23.0,2001.0,14,13,1077,12.0,0,0,0,0,0,0,2,0,0.4,0.4,0.7,1.1,16,84,20,0.0,0.09,11,2,18.2,0.92,0.17,0.0,0.0,24.1,0,0.03,-0.4,-0.4,492,615,80.0,8962,2811,1.0,-0.7,12,76,9,0,582,26,3,1,3,10,5,1,1,0,0,7,13,40,3.34,33,0,1,0,5,1,1,0.08,35,18,20,13,2,38,50.0,19,26,2,24,11,46,19,1,768,23,157,450,171,8,768,23,12,52.2,11,47.8,430,2192,1021,20,1,23,7,461,77,35.2,81.0,7,1,28.0,0,0.71,11,19,-8,-0.67,0.51,16.1,18.7,-2.5,-0.21,0,14,16,0,0,0,0,78,9,8,52.9,MID,405687.0,exact,405687.0,2025-06-05,4000000.0,405687,2001-06-22,Germany,2029-06-30,182.0,right,23.529089664613277,53.90932982917214,15.201805169084134,553.6180604454113,Developing,True,False,False,False,False,GER,UEFA,False,False,False,False,False,True
Takefusa Kubo,jp JPN,"MF,FW",Real Sociedad,es La Liga,23.0,2001.0,36,27,2372,26.4,5,0,5,5,0,0,5,0,3.6,3.6,4.5,8.0,133,110,218,0.19,0.31,43,14,32.6,1.63,0.53,0.12,0.36,16.1,0,0.08,1.4,1.4,694,962,72.1,9938,2961,3.8,-4.5,45,59,45,11,907,48,11,7,2,85,8,28,13,8,0,7,43,114,4.33,72,11,16,2,9,4,8,0.3,31,20,11,11,9,40,40.0,24,38,1,37,17,48,13,1,1341,10,126,537,703,118,1341,157,75,47.8,66,42.0,878,6399,3647,63,57,89,48,988,66,69.4,79.0,10,9,28.0,1,1.28,25,28,-3,-0.11,0.57,30.1,27.2,2.9,0.11,0,21,73,8,1,0,0,118,11,19,36.7,MID,405398.0,exact,405398.0,2025-06-09,30000000.0,405398,2001-06-04,Japan,2029-06-30,173.0,left,23.578370978781656,53.90932982917214,17.216707972959764,555.939578013053,Developing,False,False,True,False,False,JPN,AFC,True,False,False,False,False,False
Dejan Kulusevski,se SWE,"MF,FW",Tottenham,eng Premier League,24.0,2000.0,32,27,2389,26.5,7,4,11,7,0,0,3,0,4.2,4.2,6.2,10.4,120,124,210,0.41,0.39,47,17,36.2,1.77,0.64,0.15,0.41,14.7,0,0.09,2.8,2.8,658,893,73.7,9216,2920,3.9,-2.2,65,62,52,6,800,84,4,11,1,89,6,62,26,0,0,9,42,128,4.82,95,12,15,3,3,0,9,0.34,45,23,17,13,15,51,37.3,32,34,5,29,13,58,10,1,1276,24,149,432,719,158,1276,117,38,32.5,71,60.7,823,6157,3208,67,40,77,74,895,75,69.9,84.0,22,5,24.0,0,1.06,50,41,9,0.34,1.21,44.9,43.1,1.8,0.07,0,48,38,5,0,0,0,121,10,15,40.0,MID,431755.0,exact,431755.0,2025-05-30,50000000.0,431755,2000-04-25,Sweden,2028-06-30,186.0,left,24.687200547570157,41.9185282522996,17.72753358339242,609.4578708759483,Developing,False,True,False,False,False,SWE,UEFA,False,False,False,False,False,True
Daler Kuzyaev,ru RUS,MF,Le Havre,fr Ligue 1,31.0,1993.0,12,6,567,6.3,1,0,1,1,0,0,1,0,0.2,0.2,0.6,0.8,4,32,9,0.16,0.12,4,3,75.0,0.63,0.48,0.25,0.33,22.3,0,0.05,0.8,0.8,211,260,81.2,3222,949,0.7,-0.6,2,12,3,0,253,7,5,1,1,6,0,2,2,0,0,0,2,4,0.63,2,1,1,0,0,0,0,0.0,13,8,7,4,2,9,22.2,7,7,4,3,9,22,8,0,317,16,102,156,60,4,317,3,2,66.7,1,33.3,140,628,317,3,0,5,2,199,47,18.5,76.0,3,6,19.0,12,0.75,5,16,-11,-1.75,-1.02,3.8,13.1,-9.3,-1.48,0,8,3,0,0,0,0,27,7,4,63.6,MID,279570.0,exact,279570.0,2025-06-03,3500000.0,279570,1993-01-15,Russia,2026-06-30,182.0,right,31.96167008898015,17.904073587385017,15.068273812173887,1021.5483548768084,Declining,False,False,False,True,False,RUS,UEFA,False,False,False,False,False,True
Adam Lallana,eng ENG,MF,Southampton,eng Premier League,36.0,1988.0,14,5,361,4.0,0,2,2,0,0,0,4,0,0.2,0.2,0.9,1.1,6,24,10,0.5,0.27,3,0,0.0,0.75,0.0,0.0,,18.1,0,0.06,-0.2,-0.2,221,260,85.0,2891,980,0.5,1.1,4,21,9,3,255,4,3,1,0,4,0,0,0,0,0,1,3,9,2.24,8,0,0,0,1,0,2,0.5,8,5,4,4,0,12,16.7,10,4,1,3,5,13,5,0,318,19,91,155,73,6,318,12,5,41.7,5,41.7,178,831,366,8,0,10,6,245,26,10.6,51.0,0,9,12.0,6,0.5,3,8,-5,-1.25,0.37,4.2,7.9,-3.8,-0.94,0,8,8,0,0,0,0,19,2,2,50.0,MID,43530.0,exact,43530.0,2025-05-30,750000.0,43530,1988-05-10,England,,172.0,both,36.64613278576318,,13.527829818844937,1342.939048151787,Declining,False,True,False,False,False,ENG,UEFA,False,False,False,False,False,True
Hugo Larsson,se SWE,MF,Eint Frankfurt,de Bundesliga,20.0,2004.0,33,28,2393,26.6,3,1,4,3,0,0,2,0,3.1,3.1,2.1,5.2,16,121,33,0.15,0.19,21,10,47.6,0.79,0.38,0.14,0.3,16.4,0,0.15,-0.1,-0.1,1080,1243,86.9,16893,4921,1.9,-1.1,21,89,19,3,1212,27,22,2,5,8,5,0,0,0,0,4,17,57,2.14,48,0,2,5,1,1,5,0.19,47,27,17,25,5,42,50.0,21,42,11,31,30,77,35,1,1478,79,425,797,265,26,1478,19,12,63.2,7,36.8,803,3137,1382,20,4,23,11,1006,73,78.2,81.0,13,5,26.0,0,1.79,50,33,17,0.64,-0.04,48.3,37.5,10.8,0.41,0,21,5,2,0,1,0,121,13,14,48.1,MID,931838.0,exact,931838.0,2025-06-05,40000000.0,931838,2004-06-27,Sweden,2029-06-30,187.0,right,20.514715947980836,53.90932982917214,17.50439003707821,420.8535704263392,Emerging,True,False,False,False,False,SWE,UEFA,False,False,False,False,False,True
Roméo Lavia,be BEL,MF,Chelsea,eng Premier League,20.0,2004.0,16,11,797,8.9,0,1,1,0,0,0,4,0,0.3,0.3,0.7,1.0,3,31,7,0.11,0.11,2,0,0.0,0.23,0.0,0.0,,18.8,0,0.13,-0.3,-0.3,389,424,91.7,6552,1692,0.4,0.3,7,49,3,0,419,3,3,3,3,0,0,0,0,0,0,2,1,14,1.58,13,0,0,0,0,1,2,0.23,22,13,5,13,4,21,47.6,11,6,0,6,16,38,10,1,493,17,109,319,71,1,493,16,10,62.5,6,37.5,295,1373,567,9,0,3,7,359,50,23.3,66.0,0,5,14.0,4,1.88,11,11,0,0.0,-0.72,11.7,14.7,-2.9,-0.33,0,16,7,0,0,1,0,40,12,6,66.7,MID,628451.0,exact,628451.0,2025-05-30,40000000.0,628451,2004-01-06,Belgium,2030-06-30,181.0,right,20.98836413415469,65.90013140604468,17.50439003707821,440.5114290278709,Emerging,False,True,False,False,False,BEL,UEFA,False,False,False,False,False,True
Enzo Le Fée,fr FRA,MF,Roma,it Serie A,24.0,2000.0,6,4,318,3.5,0,0,0,0,0,0,1,0,0.2,0.2,0.1,0.3,15,28,3,0.0,0.1,4,2,50.0,1.13,0.57,0.0,0.0,24.9,0,0.06,-0.2,-0.2,226,263,85.9,3851,949,0.2,-0.1,3,26,2,0,247,15,9,1,2,7,2,3,2,1,0,1,1,9,2.55,7,1,1,0,0,0,0,0.0,7,4,5,2,0,6,33.3,4,9,3,6,5,12,2,0,297,6,46,189,66,6,297,8,4,50.0,2,25.0,204,1198,684,12,1,4,4,221,53,9.3,69.0,1,2,21.0,9,0.67,4,2,2,0.57,0.01,4.7,2.6,2.2,0.62,0,6,5,0,0,0,0,22,2,4,33.3,MID,633992.0,exact,633992.0,2025-05-27,18000000.0,633992,2000-02-03,France,2029-06-30,173.0,right,24.91170431211499,53.90932982917214,16.705882371415992,620.5930117342485,Developing,False,False,False,False,True,FRA,UEFA,False,False,False,False,False,True
Pierre Lees-Melou,fr FRA,MF,Brest,fr Ligue 1,31.0,1993.0,20,17,1526,17.0,2,2,4,2,0,0,7,0,1.3,1.3,2.8,4.0,23,105,36,0.24,0.24,22,8,36.4,1.3,0.47,0.09,0.25,22.8,0,0.06,0.7,0.7,902,1057,85.3,17471,5270,2.2,-0.8,19,110,13,4,1015,39,31,8,21,22,6,2,2,0,0,3,19,52,3.07,44,1,0,4,3,0,4,0.24,48,33,20,19,9,54,46.3,29,19,3,16,12,60,23,0,1228,53,330,722,190,22,1228,21,12,57.1,7,33.3,697,3638,1586,19,5,25,8,855,76,49.9,83.0,13,3,36.0,1,1.3,24,28,-4,-0.24,-0.06,22.2,23.6,-1.4,-0.08,0,32,30,0,0,0,0,125,4,7,36.4,MID,377393.0,exact,377393.0,2025-06-03,6000000.0,377393,1993-05-25,France,2027-06-30,185.0,right,31.60574948665298,29.894875164257556,15.607270193858982,998.923400613065,Declining,False,False,False,True,False,FRA,UEFA,False,False,False,False,False,True
Félix Lemaréchal,fr FRA,"MF,FW",Strasbourg,fr Ligue 1,20.0,2003.0,27,20,1779,19.8,4,3,7,4,0,0,2,0,3.5,3.5,2.9,6.4,35,58,90,0.35,0.32,25,9,36.0,1.26,0.46,0.16,0.44,14.4,0,0.14,0.5,0.5,551,694,79.4,8118,1519,2.0,0.1,29,35,10,4,653,35,7,7,0,26,6,9,8,1,0,6,20,56,2.83,48,3,3,2,0,0,6,0.3,35,24,13,17,5,29,48.3,15,35,4,31,14,49,19,0,935,25,175,449,322,56,935,48,24,50.0,22,45.8,466,2489,1217,22,8,53,22,627,66,58.1,80.0,8,7,27.0,5,1.74,33,20,13,0.66,0.73,31.5,31.3,0.2,0.01,0,30,12,3,0,0,0,62,14,25,35.9,MID,659518.0,exact,659518.0,2025-06-03,10000000.0,659518,2003-08-07,France,2029-06-30,180.0,right,21.404517453798768,53.90932982917214,16.118095750958314,458.1533674299761,Emerging,False,False,False,True,False,FRA,UEFA,False,False,False,False,False,True
Mario Lemina,ga GAB,"MF,DF",Wolves,eng Premier League,30.0,1993.0,17,15,1364,15.2,1,3,4,1,0,0,4,0,1.4,1.4,1.1,2.5,8,48,21,0.26,0.17,18,5,27.8,1.19,0.33,0.06,0.2,21.9,0,0.08,-0.4,-0.4,493,613,80.4,9479,2966,1.2,1.9,10,43,13,4,582,26,9,6,4,10,9,0,0,0,0,5,7,26,1.71,21,0,2,2,0,1,5,0.33,51,31,27,19,5,29,69.0,9,12,7,5,27,78,50,3,809,92,324,378,119,18,809,16,10,62.5,4,25.0,382,2068,1038,12,2,21,11,482,80,39.9,87.0,13,2,30.0,0,0.53,22,39,-17,-1.12,-1.21,15.3,27.2,-11.9,-0.78,0,17,8,4,0,1,0,73,25,16,61.0,MID,170934.0,exact,170934.0,2025-06-18,7500000.0,170934,1993-09-01,Gabon,2026-06-30,184.0,right,31.3347022587269,17.904073587385017,15.830413711839864,981.8635656430647,Declining,False,True,False,False,False,GAB,CAF,False,True,False,False,False,False
Johann Lepenant,fr FRA,MF,Nantes,fr Ligue 1,21.0,2002.0,29,23,2048,22.8,2,1,3,2,0,0,3,0,1.4,1.4,0.9,2.3,25,89,62,0.13,0.1,20,5,25.0,0.88,0.22,0.1,0.4,17.1,0,0.07,0.6,0.6,582,725,80.3,8940,2329,1.8,0.1,8,70,12,1,703,21,3,2,0,16,8,1,1,0,0,1,30,37,1.63,32,0,2,1,1,1,6,0.26,68,33,30,27,11,71,45.1,39,35,3,32,18,86,25,0,992,32,171,533,294,36,992,36,18,50.0,16,44.4,502,2255,991,25,3,46,21,596,71,66.9,86.0,12,6,11.0,1,1.17,27,34,-7,-0.31,0.23,26.4,35.8,-9.4,-0.41,0,51,38,1,0,0,0,89,20,18,52.6,MID,585973.0,exact,585973.0,2025-06-03,6000000.0,585973,2002-10-22,France,2029-06-30,176.0,right,22.195756331279945,53.90932982917214,15.607270193858982,492.65159911755376,Developing,False,False,False,True,False,FRA,UEFA,False,False,False,False,False,True
Jefferson Lerma,co COL,"MF,DF",Crystal Palace,eng Premier League,29.0,1994.0,33,26,2274,25.3,0,1,1,0,0,0,9,0,1.1,1.1,1.6,2.7,13,97,26,0.04,0.11,26,8,30.8,1.03,0.32,0.0,0.0,19.8,0,0.04,-1.1,-1.1,844,1121,75.3,14709,5135,1.7,-0.6,10,87,18,2,1052,61,13,9,8,12,46,0,0,0,0,8,22,47,1.86,37,5,1,3,0,1,3,0.12,35,17,15,16,4,36,52.8,17,38,18,20,42,77,80,1,1406,124,469,703,244,29,1406,13,7,53.8,4,30.8,649,2478,1100,11,0,15,18,803,69,66.5,79.0,18,7,31.0,1,1.42,35,36,-1,-0.04,-0.12,39.8,32.4,7.4,0.29,0,35,39,0,0,0,0,154,41,39,51.3,MID,262980.0,exact,262980.0,2025-05-30,10000000.0,262980,1994-10-25,Colombia,2027-06-30,180.0,right,30.187542778918548,29.894875164257556,16.118095750958314,911.2877390290374,Declining,False,True,False,False,False,COL,CONMEBOL,False,False,False,True,False,False
Louis Leroux,fr FRA,"MF,DF",Nantes,fr Ligue 1,18.0,2006.0,16,8,816,9.1,2,1,3,2,0,0,1,0,1.5,1.5,1.3,2.8,11,31,14,0.33,0.31,9,5,55.6,0.99,0.55,0.22,0.4,14.2,0,0.17,0.5,0.5,248,300,82.7,3997,1075,0.7,-0.3,12,13,8,0,282,18,3,0,1,6,13,0,0,0,0,0,8,30,3.31,22,0,3,1,1,3,3,0.33,25,18,10,12,3,22,72.7,6,22,2,20,8,33,19,1,411,19,101,224,98,14,411,20,8,40.0,11,55.0,214,1066,490,14,3,12,6,224,51,26.7,86.0,4,8,16.0,12,1.31,11,11,0,0.0,0.52,12.4,14.4,-2.0,-0.22,0,10,12,0,0,0,0,43,4,5,44.4,MID,1119456.0,exact,1119456.0,2025-06-03,4000000.0,1119456,2006-01-23,France,2030-06-30,184.0,left,18.940451745379878,65.90013140604468,15.201805169084134,358.7407123190637,Emerging,False,False,False,True,False,FRA,UEFA,False,False,False,False,False,True
Jamie Leweling,de GER,"MF,FW",Stuttgart,de Bundesliga,23.0,2001.0,27,22,1663,18.5,2,2,4,2,0,0,4,0,1.6,1.6,3.8,5.4,55,51,164,0.22,0.29,29,16,55.2,1.57,0.87,0.07,0.13,19.4,0,0.05,0.4,0.4,409,580,70.5,5858,1400,3.3,-1.8,25,25,26,9,559,16,1,2,1,58,14,0,0,0,0,5,31,52,2.82,37,0,8,3,4,0,9,0.49,16,6,6,3,7,25,44.0,14,22,1,21,11,27,17,1,801,18,97,306,418,67,801,82,41,50.0,33,40.2,540,4272,1883,40,17,42,38,598,62,54.3,71.0,2,5,22.0,0,1.44,33,27,6,0.32,0.0,32.0,24.9,7.1,0.38,0,17,29,4,2,0,0,73,6,4,60.0,MID,518505.0,exact,518505.0,2025-06-05,20000000.0,518505,2001-02-26,Germany,2029-06-30,185.0,both,23.8466803559206,53.90932982917214,16.811242881518265,568.6641639974495,Developing,True,False,False,False,False,GER,UEFA,False,False,False,False,False,True
Karol Linetty,pl POL,MF,Torino,it Serie A,29.0,1995.0,28,18,1540,17.1,1,0,1,1,0,0,6,0,1.1,1.1,0.9,2.0,18,47,19,0.06,0.12,17,4,23.5,0.99,0.23,0.06,0.25,20.9,0,0.06,-0.1,-0.1,478,565,84.6,8244,2067,0.9,-0.9,10,45,10,1,542,22,14,1,3,4,1,2,2,0,0,1,9,24,1.4,20,0,2,1,0,1,2,0.12,39,23,17,19,3,41,48.8,21,14,5,9,12,51,31,1,732,48,188,429,127,13,732,21,7,33.3,12,57.1,397,1999,872,21,2,17,9,450,55,45.0,78.0,7,10,14.0,8,1.25,16,19,-3,-0.18,-0.03,15.2,23.0,-7.8,-0.46,0,39,13,0,0,0,0,63,8,14,36.4,MID,225873.0,exact,225873.0,2025-06-17,1800000.0,225873,1995-02-02,Poland,2026-06-30,175.0,right,29.913757700205338,17.904073587385017,14.403297778421795,894.8328997465941,Peak,False,False,False,False,True,POL,UEFA,False,False,False,False,False,True
Samuel Lino,br BRA,"MF,DF",Atlético Madrid,es La Liga,24.0,1999.0,31,21,1552,17.2,3,4,7,3,0,0,3,0,6.0,6.0,2.9,8.9,72,73,179,0.41,0.52,45,18,40.0,2.61,1.04,0.07,0.17,16.3,0,0.13,-3.0,-3.0,652,821,79.4,9905,2363,2.2,1.1,22,41,24,6,792,28,3,1,3,41,23,2,0,0,0,1,31,49,2.84,39,0,3,4,3,0,6,0.35,33,17,25,4,4,52,42.3,30,23,4,19,8,41,13,0,1038,21,203,420,429,75,1038,56,27,48.2,26,46.4,678,4000,2274,49,25,31,18,772,50,45.4,58.0,1,10,33.0,5,1.94,30,10,20,1.16,0.29,32.4,13.3,19.0,1.1,0,15,30,3,1,0,0,85,13,12,52.0,MID,694928.0,exact,694928.0,2025-06-09,22000000.0,694928,1999-12-23,Brazil,2029-12-31,177.0,right,25.026694045174537,59.95400788436268,16.906553056777135,626.3354148307747,Developing,False,False,True,False,False,BRA,CONMEBOL,False,False,False,True,False,False
Giovani Lo Celso,ar ARG,"MF,FW",Betis,es La Liga,28.0,1996.0,25,15,1457,16.2,8,3,11,6,2,3,4,0,4.8,2.4,4.9,7.3,26,132,66,0.56,0.59,31,16,51.6,1.91,0.99,0.19,0.38,22.0,4,0.08,3.2,3.6,766,970,79.0,12440,4308,5.2,-1.9,43,89,41,1,812,157,73,15,8,95,11,67,36,22,0,1,21,93,5.74,67,19,3,0,4,0,9,0.56,34,22,8,17,9,25,68.0,8,14,2,12,5,39,3,1,1167,7,114,558,506,53,1164,55,21,38.2,27,49.1,702,3247,1450,31,9,38,31,832,58,42.6,78.0,7,10,29.0,0,1.4,22,20,2,0.12,-0.11,25.0,19.2,5.7,0.35,0,13,63,0,0,0,0,76,5,11,31.3,MID,348795.0,exact,348795.0,2025-06-09,15000000.0,348795,1996-04-09,Argentina,2028-06-30,177.0,left,28.73100616016427,41.9185282522996,16.52356082573315,825.4707149753972,Peak,False,False,True,False,False,ARG,CONMEBOL,False,False,False,True,False,False
Stanislav Lobotka,sk SVK,MF,Napoli,it Serie A,29.0,1994.0,32,31,2636,29.3,0,1,1,0,0,0,3,0,0.3,0.3,1.2,1.5,30,118,32,0.03,0.05,7,0,0.0,0.24,0.0,0.0,,23.3,0,0.05,-0.3,-0.3,1600,1762,90.8,28161,6745,1.9,-0.2,17,110,20,1,1719,38,38,3,10,2,0,0,0,0,0,5,10,54,1.84,47,4,0,2,0,1,6,0.2,47,30,16,21,10,31,61.3,12,29,11,18,21,68,57,1,1967,105,546,1144,294,9,1967,11,8,72.7,3,27.3,1123,5350,2074,24,2,13,12,1459,82,77.1,84.0,17,1,31.0,1,2.16,49,20,29,0.99,0.65,41.5,23.4,18.1,0.62,0,24,31,0,0,1,0,166,6,6,50.0,MID,192735.0,exact,192735.0,2025-06-17,25000000.0,192735,1994-11-25,Slovakia,2027-06-30,168.0,right,30.102669404517453,29.894875164257556,17.034386422832473,906.1707052776711,Declining,False,False,False,False,True,SVK,UEFA,False,False,False,False,False,True
Manuel Locatelli,it ITA,MF,Juventus,it Serie A,26.0,1998.0,36,34,2822,31.4,2,2,4,1,1,1,9,0,1.8,1.0,2.5,3.5,33,294,33,0.1,0.14,24,7,29.2,0.77,0.22,0.04,0.14,22.7,0,0.04,0.2,0.0,2134,2431,87.8,40150,14489,2.7,-0.5,29,327,31,2,2314,108,91,3,33,24,8,8,2,4,0,9,14,98,3.13,85,5,1,3,2,2,8,0.26,72,49,29,35,8,56,57.1,24,58,20,38,23,95,77,0,2752,155,711,1654,408,18,2751,22,8,36.4,13,59.1,1559,6973,3661,40,1,25,8,2032,78,82.5,82.0,21,2,10.0,1,1.83,48,31,17,0.54,-0.36,41.4,29.3,12.1,0.38,0,46,22,1,0,1,0,141,35,22,61.4,MID,265088.0,exact,265088.0,2025-06-17,30000000.0,265088,1998-01-08,Italy,2030-06-30,185.0,right,26.981519507186857,65.90013140604468,17.216707972959764,728.0023949167048,Peak,False,False,False,False,True,ITA,UEFA,False,False,False,False,False,True
Ruben Loftus-Cheek,eng ENG,MF,Milan,it Serie A,28.0,1996.0,19,10,1037,11.5,0,0,0,0,0,0,3,0,0.7,0.7,1.9,2.6,27,51,32,0.0,0.22,9,2,22.2,0.78,0.17,0.0,0.0,16.6,0,0.08,-0.7,-0.7,435,485,89.7,6891,1390,0.9,-1.9,16,40,7,2,478,7,7,1,2,7,0,0,0,0,0,0,4,34,2.95,27,0,3,1,3,0,2,0.17,19,8,6,9,4,12,50.0,6,3,0,3,3,22,20,0,593,21,110,346,146,25,593,23,11,47.8,8,34.8,362,2159,1205,20,9,20,7,464,55,30.3,84.0,6,9,22.0,0,1.95,18,14,4,0.35,-0.18,18.6,10.7,7.9,0.69,0,23,27,0,0,0,0,48,18,11,62.1,MID,202886.0,exact,202886.0,2025-06-17,10000000.0,202886,1996-01-23,England,2027-06-30,191.0,right,28.941820670773442,29.894875164257556,16.118095750958314,837.6289837392089,Peak,False,False,False,False,True,ENG,UEFA,False,False,False,False,False,True
Enzo Loiodice,fr FRA,MF,Las Palmas,es La Liga,23.0,2000.0,17,7,684,7.6,0,0,0,0,0,0,3,0,0.3,0.3,0.2,0.4,3,31,3,0.0,0.06,7,4,57.1,0.92,0.53,0.0,0.0,25.9,0,0.04,-0.3,-0.3,377,443,85.1,6435,1576,0.2,-0.2,5,30,1,0,429,14,6,0,3,10,1,7,3,1,1,0,11,13,1.71,7,4,1,0,1,0,0,0.0,17,7,8,9,0,10,30.0,7,4,1,3,10,27,7,2,532,13,98,359,77,4,532,13,4,30.8,8,61.5,279,958,432,6,1,11,12,380,40,20.0,74.0,3,10,17.0,19,0.76,4,18,-14,-1.84,-1.61,5.9,14.6,-8.8,-1.15,0,10,6,1,0,0,0,29,7,8,46.7,MID,581781.0,exact,581781.0,2025-06-09,1200000.0,581781,2000-11-27,France,2026-06-30,177.0,left,24.095824777549623,17.904073587385017,13.997832948091215,580.6087717103743,Developing,False,False,True,False,False,FRA,UEFA,False,False,False,False,False,True
Sean Longstaff,eng ENG,MF,Newcastle Utd,eng Premier League,26.0,1997.0,25,8,798,8.9,0,0,0,0,0,0,2,0,0.6,0.6,0.2,0.8,4,40,22,0.0,0.09,6,1,16.7,0.68,0.11,0.0,0.0,13.5,0,0.1,-0.6,-0.6,295,349,84.5,4407,1175,0.2,-0.2,4,26,1,0,344,4,2,2,3,5,0,1,0,0,1,1,12,14,1.58,12,0,1,1,0,0,2,0.23,27,16,10,9,8,27,66.7,9,17,5,12,7,34,8,0,434,24,123,193,121,21,434,7,2,28.6,4,57.1,248,1176,429,10,2,9,7,308,32,23.3,72.0,3,17,13.0,13,1.88,9,11,-2,-0.23,-1.02,8.8,11.6,-2.8,-0.31,0,9,6,0,0,0,0,31,7,7,50.0,MID,346707.0,exact,346707.0,2025-05-30,20000000.0,346707,1997-10-30,England,2029-06-30,187.0,right,27.173169062286107,53.90932982917214,16.811242881518265,738.3811168875828,Peak,False,True,False,False,False,ENG,UEFA,False,False,False,False,False,True
Ademola Lookman,ng NGA,"MF,FW",Atalanta,it Serie A,26.0,1997.0,31,28,2247,25.0,15,5,20,14,1,1,4,0,10.3,9.5,7.1,16.7,142,73,316,0.76,0.7,81,32,39.5,3.24,1.28,0.17,0.44,14.7,0,0.12,4.7,4.5,684,944,72.5,9662,2659,7.9,-2.1,61,29,43,13,842,97,4,3,1,124,9,84,39,23,1,5,35,135,5.41,75,25,17,15,2,1,15,0.6,32,15,9,15,8,19,57.9,8,19,0,19,3,35,5,1,1274,1,68,400,824,199,1273,104,37,35.6,64,61.5,827,5454,3170,70,81,72,51,974,72,65.7,76.0,7,3,42.0,2,2.03,50,23,27,1.08,0.01,42.8,22.4,20.4,0.82,0,31,20,26,0,0,0,69,17,13,56.7,MID,406040.0,exact,406040.0,2025-06-17,60000000.0,406040,1997-10-20,Nigeria,2030-06-30,174.0,right,27.200547570157426,65.90013140604468,17.909855136853043,739.869788116397,Peak,False,False,False,False,True,NGA,CAF,False,True,False,False,False,False
Diego López,es ESP,"MF,FW",Valencia,es La Liga,22.0,2002.0,38,35,2737,30.4,8,5,13,8,0,0,3,0,6.6,6.6,5.0,11.6,76,85,219,0.43,0.38,44,14,31.8,1.45,0.46,0.18,0.57,15.1,0,0.15,1.4,1.4,680,943,72.1,10541,2502,4.7,0.0,38,43,34,9,904,36,0,5,3,67,33,0,0,0,0,3,47,69,2.27,60,1,3,2,3,0,9,0.3,31,18,11,16,4,47,34.0,31,30,0,30,16,47,15,0,1257,11,132,510,634,100,1257,77,23,29.9,51,66.2,715,4212,2026,51,24,71,27,881,72,80.0,76.0,9,3,25.0,0,1.21,40,40,0,0.0,1.32,35.4,40.7,-5.3,-0.18,0,21,33,13,1,1,0,105,14,55,20.3,MID,617081.0,exact_birthyear_corrected,617081.0,2025-06-09,15000000.0,617081,2002-05-13,Spain,2029-06-30,172.0,right,22.639288158795345,53.90932982917214,16.52356082573315,512.5373683369711,Developing,False,False,True,False,False,ESP,UEFA,False,False,False,False,False,True
Fermin López,es ESP,"MF,FW",Barcelona,es La Liga,21.0,2003.0,28,12,1252,13.9,6,5,11,6,0,0,4,1,5.6,5.6,3.9,9.5,31,79,108,0.79,0.69,41,15,36.6,2.95,1.08,0.15,0.4,18.0,0,0.14,0.4,0.4,552,675,81.8,8398,2128,4.3,1.1,29,65,20,6,624,48,6,8,5,47,4,28,12,2,1,3,12,57,4.1,39,5,6,4,1,2,7,0.5,19,15,3,9,7,32,25.0,24,11,0,11,5,24,3,0,858,5,58,366,441,59,858,55,25,45.5,26,47.3,490,2516,1137,22,12,36,16,649,45,36.6,69.0,4,16,27.0,3,2.32,31,15,16,1.15,-0.8,30.2,14.4,15.8,1.14,0,27,21,5,0,0,0,66,9,18,33.3,MID,636703.0,exact_accent_stripped,636703.0,2025-06-09,50000000.0,636703,2003-05-11,Spain,2031-06-30,174.0,right,21.645448323066393,77.8909329829172,17.72753358339242,468.5254331065377,Emerging,False,False,True,False,False,ESP,UEFA,False,False,False,False,False,True
Roberto López,es ESP,MF,Leganés,es La Liga,24.0,2000.0,13,3,396,4.4,0,1,1,0,0,0,0,0,0.5,0.5,0.9,1.4,3,20,11,0.23,0.31,6,1,16.7,1.36,0.23,0.0,0.0,27.3,0,0.08,-0.5,-0.5,152,208,73.1,2443,735,0.5,0.1,10,22,2,1,176,28,13,0,3,24,1,12,7,3,0,4,6,15,3.41,8,5,1,0,0,1,1,0.23,8,6,4,4,0,15,33.3,10,5,0,5,1,9,7,2,242,5,42,130,72,2,242,4,2,50.0,2,50.0,122,541,243,3,0,6,5,141,30,11.6,86.0,2,10,14.0,25,1.0,2,8,-6,-1.36,-1.04,3.5,7.7,-4.2,-0.97,0,1,3,0,0,0,0,28,1,5,16.7,MID,569866.0,exact,569866.0,2025-06-09,1000000.0,569866,2000-04-24,Spain,2027-06-30,179.0,left,24.689938398357288,29.894875164257556,13.815511557963774,609.5930581146777,Developing,False,False,True,False,False,ESP,UEFA,False,False,False,False,False,True
Unai López,es ESP,MF,Rayo Vallecano,es La Liga,28.0,1995.0,32,23,1707,19.0,3,1,4,3,0,0,9,1,1.6,1.6,1.0,2.6,22,112,40,0.21,0.14,26,11,42.3,1.37,0.58,0.12,0.27,22.8,1,0.06,1.4,1.4,1041,1236,84.2,17637,4425,1.3,0.0,19,106,11,2,1172,62,22,5,8,33,12,19,10,5,0,2,19,53,2.79,43,5,2,1,1,1,2,0.11,31,21,14,12,5,36,47.2,19,18,6,12,21,52,20,0,1410,41,327,813,281,20,1410,23,15,65.2,4,17.4,828,3437,1458,23,3,24,19,1036,53,49.9,65.0,2,9,23.0,1,1.56,21,21,0,0.0,0.21,19.4,26.1,-6.7,-0.35,0,18,21,1,0,0,0,117,10,18,35.7,MID,192009.0,exact,192009.0,2025-06-09,2500000.0,192009,1995-10-30,Spain,2026-06-30,170.0,right,29.17453798767967,17.904073587385017,14.731801689838349,851.1536667945642,Peak,False,False,True,False,False,ESP,UEFA,False,False,False,False,False,True
Iker Losada,es ESP,"MF,FW",Betis,es La Liga,22.0,2001.0,10,3,336,3.7,0,0,0,0,0,0,0,0,0.5,0.5,0.3,0.8,9,14,16,0.0,0.21,5,1,20.0,1.34,0.27,0.0,0.0,18.5,0,0.1,-0.5,-0.5,107,142,75.4,1421,331,0.2,-0.3,6,4,5,1,141,1,1,2,1,4,0,0,0,0,0,0,6,8,2.14,7,0,0,1,0,0,0,0.0,10,7,2,4,4,10,50.0,5,2,0,2,3,13,2,0,180,1,30,73,80,6,180,6,2,33.3,4,66.7,101,569,294,6,1,6,5,130,34,9.8,67.0,0,7,19.0,11,1.5,4,8,-4,-1.07,-1.39,5.5,6.1,-0.7,-0.18,0,1,2,0,0,0,0,19,3,4,42.9,MID,632741.0,exact,632741.0,2025-06-09,1500000.0,632741,2001-08-01,Spain,2026-06-30,175.0,right,23.419575633127995,17.904073587385017,14.220976332738882,548.4765228358025,Developing,False,False,True,False,False,ESP,UEFA,False,False,False,False,False,True
Anthony Losilla,fr FRA,MF,Bochum,de Bundesliga,38.0,1986.0,21,13,1137,12.6,0,0,0,0,0,0,1,0,0.1,0.1,0.4,0.5,3,45,11,0.0,0.04,5,0,0.0,0.4,0.0,0.0,,26.3,0,0.03,-0.1,-0.1,321,419,76.6,5128,1937,0.7,-0.4,7,23,9,3,410,8,8,0,1,4,0,0,0,0,0,1,8,19,1.5,18,0,0,0,1,0,2,0.16,30,16,15,12,3,33,51.5,16,22,7,15,18,48,27,1,547,37,149,313,89,2,547,5,1,20.0,4,80.0,223,810,326,3,1,10,7,284,54,37.2,72.0,5,8,25.0,11,0.9,11,32,-21,-1.66,-1.05,13.6,24.3,-10.8,-0.85,0,18,9,1,0,0,0,45,29,23,55.8,MID,111266.0,exact,111266.0,2025-06-05,500000.0,111266,1986-03-10,France,,185.0,right,38.8145106091718,,13.122365377402328,1506.56623382951,Declining,True,False,False,False,False,FRA,UEFA,False,False,False,False,False,True
Sandi Lovrić,si SVN,MF,Udinese,it Serie A,26.0,1998.0,36,31,2308,25.6,2,3,5,2,0,0,5,0,2.6,2.6,3.4,6.0,60,120,71,0.19,0.24,49,12,24.5,1.91,0.47,0.04,0.17,22.5,5,0.05,-0.6,-0.6,749,952,78.7,13335,3733,2.4,-0.4,32,81,21,4,847,102,44,3,6,90,9,49,5,31,0,3,17,81,3.16,49,18,2,7,4,1,10,0.39,46,29,25,17,4,44,50.0,22,33,5,28,22,68,27,1,1258,39,237,640,406,38,1258,48,21,43.8,25,52.1,670,4278,1969,45,7,53,28,786,64,67.5,70.0,5,5,25.0,0,1.14,30,40,-10,-0.39,0.01,25.2,36.6,-11.4,-0.44,0,54,34,0,1,0,0,118,1,17,5.6,MID,268429.0,exact,268429.0,2025-06-17,8500000.0,268429,1998-03-28,Slovenia,2026-06-30,180.0,right,26.765229295003422,17.904073587385017,15.955576839107596,716.3774992141094,Peak,False,False,False,False,True,SVN,UEFA,False,False,False,False,False,True
Pol Lozano,es ESP,MF,Espanyol,es La Liga,24.0,1999.0,30,27,1943,21.6,0,1,1,0,0,0,12,0,0.2,0.2,0.8,1.0,18,115,12,0.05,0.05,8,2,25.0,0.37,0.09,0.0,0.0,29.7,0,0.02,-0.2,-0.2,694,828,83.8,12350,4139,1.0,0.2,17,95,11,4,777,47,32,4,8,19,5,10,2,5,0,4,14,40,1.84,32,6,0,0,0,2,2,0.09,53,34,23,25,5,58,43.1,33,32,6,26,22,75,31,0,1026,61,288,594,157,1,1026,19,5,26.3,12,63.2,506,2691,1302,12,0,18,15,596,65,56.8,70.0,5,3,15.0,4,1.17,19,23,-4,-0.19,0.24,14.8,25.4,-10.6,-0.49,0,56,14,0,0,0,0,86,10,16,38.5,MID,412045.0,exact,412045.0,2025-06-09,5000000.0,412045,1999-10-06,Spain,2027-06-30,176.0,right,25.240246406570844,29.894875164257556,15.424948670398354,637.0700386644124,Developing,False,False,True,False,False,ESP,UEFA,False,False,False,False,False,True
Douglas Luiz,br BRA,MF,Juventus,it Serie A,26.0,1998.0,19,3,529,5.9,0,0,0,0,0,0,2,0,0.6,0.6,1.0,1.6,16,35,12,0.0,0.27,8,2,25.0,1.36,0.34,0.0,0.0,19.8,0,0.08,-0.6,-0.6,379,438,86.5,6855,1625,1.3,-1.0,15,19,9,1,400,37,15,1,4,26,4,18,6,11,0,1,1,28,4.75,18,7,0,3,0,0,1,0.17,13,8,7,5,1,9,66.7,3,5,2,3,4,17,5,0,487,14,95,261,135,8,487,14,11,78.6,3,21.4,276,1686,916,10,0,8,7,347,28,15.5,82.0,2,16,18.0,6,1.74,7,5,2,0.34,-0.31,8.4,4.8,3.6,0.61,0,14,7,0,0,1,0,31,5,4,55.6,MID,447661.0,exact,447661.0,2025-06-17,30000000.0,447661,1998-05-09,Brazil,2026-06-30,177.0,right,26.650239561943874,17.904073587385017,17.216707972959764,710.2352687089984,Peak,False,False,False,False,True,BRA,CONMEBOL,False,False,False,True,False,False
Saša Lukić,rs SRB,MF,Fulham,eng Premier League,27.0,1996.0,30,28,2344,26.0,0,2,2,0,0,0,12,0,1.2,1.2,2.7,3.9,39,98,33,0.08,0.15,18,2,11.1,0.69,0.08,0.0,0.0,20.2,0,0.06,-1.2,-1.2,1100,1260,87.3,18730,4635,1.4,-0.7,26,104,17,7,1171,87,38,1,4,62,1,42,12,24,0,2,23,55,2.11,36,12,0,5,1,1,4,0.15,68,39,22,40,6,55,41.8,32,20,7,13,28,96,35,1,1493,57,332,843,331,21,1493,17,8,47.1,5,29.4,825,4427,2190,40,4,23,8,963,78,68.5,82.0,10,2,31.0,0,1.37,37,37,0,0.0,0.0,32.5,32.5,0.0,0.0,0,66,26,0,0,1,0,109,19,25,43.2,MID,245056.0,exact,245056.0,2025-05-30,14000000.0,245056,1996-08-13,Serbia,2027-06-30,182.0,right,28.386036960985628,29.894875164257556,16.454567959008102,805.7670943504422,Peak,False,True,False,False,False,SRB,UEFA,False,False,False,False,False,True
Senne Lynen,be BEL,MF,Werder Bremen,de Bundesliga,25.0,1999.0,32,32,2733,30.4,0,1,1,0,0,0,9,0,1.1,1.1,0.6,1.7,9,91,28,0.03,0.06,24,3,12.5,0.79,0.1,0.0,0.0,22.0,0,0.05,-1.1,-1.1,1099,1326,82.9,17538,5076,1.1,0.4,8,81,15,1,1272,49,44,2,4,5,1,0,0,0,0,5,16,32,1.05,28,0,1,2,0,1,6,0.2,72,39,36,30,6,69,56.5,30,56,13,43,65,137,75,5,1717,122,526,974,229,13,1717,28,12,42.9,13,46.4,849,3002,1129,14,3,35,15,959,85,89.3,85.0,17,0,,0,1.59,49,51,-2,-0.07,0.21,42.6,43.4,-0.7,-0.02,0,38,25,0,0,0,0,191,25,28,47.2,MID,338668.0,exact,338668.0,2025-06-05,9000000.0,338668,1999-02-19,Belgium,,185.0,right,25.867214236824093,,16.012735246411598,669.1127723737551,Developing,True,False,False,False,False,BEL,UEFA,False,False,False,False,False,True
Alexis Mac Allister,ar ARG,MF,Liverpool,eng Premier League,25.0,1998.0,35,30,2599,28.9,5,5,10,5,0,0,6,0,2.8,2.8,4.7,7.5,36,177,80,0.35,0.26,38,13,34.2,1.32,0.45,0.13,0.38,18.1,1,0.07,2.2,2.2,1273,1524,83.5,20344,5748,5.6,0.3,45,122,35,2,1403,116,35,6,3,86,9,71,26,36,0,5,31,120,4.15,83,24,2,6,2,3,15,0.52,95,58,28,51,16,104,52.9,49,61,6,55,22,117,29,1,1860,56,284,960,637,60,1860,42,16,38.1,21,50.0,914,3773,2009,43,5,31,22,1227,74,76.0,82.0,17,5,26.0,0,2.34,69,24,45,1.56,1.56,64.2,24.3,39.9,1.38,0,62,40,2,0,0,0,148,19,34,35.8,MID,534033.0,exact,534033.0,2025-05-30,100000000.0,534033,1998-12-24,Argentina,2028-06-30,176.0,right,26.023271731690624,41.9185282522996,18.420680753952364,677.2106716214083,Peak,False,True,False,False,False,ARG,CONMEBOL,False,False,False,True,False,False
Darwin Machís,ve VEN,"MF,FW",Valladolid,es La Liga,31.0,1993.0,18,7,639,7.1,0,1,1,0,0,0,0,0,0.9,0.9,0.5,1.4,17,19,43,0.14,0.2,14,2,14.3,1.97,0.28,0.0,0.0,22.1,1,0.06,-0.9,-0.9,160,268,59.7,2925,865,0.9,0.5,8,17,5,4,222,45,14,1,4,68,7,24,14,5,0,1,7,15,2.11,8,5,0,1,1,0,1,0.14,5,4,3,2,0,9,33.3,6,3,0,3,5,10,13,0,334,10,57,143,137,6,334,20,5,25.0,12,60.0,173,1196,588,15,1,5,4,219,36,18.7,55.0,0,11,23.0,12,0.22,5,17,-12,-1.69,-0.01,6.0,13.0,-7.0,-0.98,0,4,14,2,0,0,0,34,6,2,75.0,MID,211251.0,exact,211251.0,2025-06-09,600000.0,211251,1993-02-07,Venezuela,2027-12-31,171.0,right,31.89869952087611,35.939553219448094,13.304686600863562,1017.5270311231418,Declining,False,False,True,False,False,VEN,CONMEBOL,False,False,False,True,False,False
James Maddison,eng ENG,MF,Tottenham,eng Premier League,27.0,1996.0,31,21,1809,20.1,9,7,16,9,0,0,6,0,5.8,5.8,4.2,10.0,45,164,95,0.8,0.5,39,17,43.6,1.94,0.85,0.23,0.53,16.7,6,0.15,3.2,3.2,1021,1256,81.3,16664,5028,5.9,2.8,41,123,32,5,1118,132,48,12,5,98,5,59,37,8,0,6,15,95,4.73,66,13,7,3,6,0,18,0.9,31,19,8,16,7,29,31.0,20,15,4,11,12,43,19,1,1464,26,210,691,576,77,1464,77,33,42.9,34,44.2,1026,5128,2279,39,20,23,25,1125,58,52.9,75.0,1,10,24.0,1,1.1,37,32,5,0.25,0.58,31.5,33.0,-1.5,-0.08,0,32,64,4,0,0,0,76,5,7,41.7,MID,294057.0,exact,294057.0,2025-05-30,42000000.0,294057,1996-11-23,England,2028-06-30,175.0,right,28.10677618069815,41.9185282522996,17.553180200057167,789.990867271861,Peak,False,True,False,False,False,ENG,UEFA,False,False,False,False,False,True
Soungoutou Magassa,fr FRA,MF,Monaco,fr Ligue 1,20.0,2003.0,21,12,1025,11.4,0,1,1,0,0,0,5,1,0.5,0.5,0.9,1.4,6,63,11,0.09,0.12,8,3,37.5,0.7,0.26,0.0,0.0,19.0,0,0.06,-0.5,-0.5,540,638,84.6,9268,2731,0.7,0.1,7,67,10,2,621,13,13,4,7,7,0,0,0,0,0,4,9,19,1.67,19,0,0,0,0,0,1,0.09,47,25,14,27,6,46,54.3,21,16,3,13,21,68,19,1,781,29,164,519,107,8,781,23,15,65.2,6,26.1,386,1720,749,9,1,12,13,500,49,33.5,73.0,4,9,16.0,4,1.86,19,19,0,0.0,-0.97,22.4,15.9,6.5,0.57,0,28,20,0,0,0,0,90,13,21,38.2,MID,745181.0,exact,745181.0,2025-06-03,12000000.0,745181,2003-10-08,France,2031-06-30,190.0,right,21.234770704996578,77.8909329829172,16.300417291085605,450.91548689378084,Emerging,False,False,False,True,False,FRA,UEFA,False,False,False,False,False,True
Hugo Magnetti,fr FRA,MF,Brest,fr Ligue 1,26.0,1998.0,32,27,2323,25.8,1,0,1,1,0,0,5,0,0.8,0.8,0.4,1.2,21,80,20,0.04,0.05,19,6,31.6,0.74,0.23,0.05,0.17,25.3,0,0.04,0.2,0.2,920,1083,84.9,14889,3635,0.7,-0.4,6,70,6,1,1026,52,38,0,8,18,11,0,0,0,0,5,17,28,1.08,24,2,0,1,1,0,4,0.15,52,32,21,27,4,51,45.1,28,20,3,17,18,70,37,0,1315,44,321,771,233,13,1315,24,9,37.5,15,62.5,694,3326,1546,15,5,23,23,869,73,75.9,82.0,14,5,23.0,0,1.47,35,40,-5,-0.19,0.05,34.7,43.3,-8.6,-0.33,0,29,22,0,0,0,0,111,10,10,50.0,MID,474662.0,exact,474662.0,2025-06-03,6000000.0,474662,1998-05-30,France,2027-06-30,180.0,right,26.5927446954141,29.894875164257556,15.607270193858982,707.1740704354748,Peak,False,False,False,True,False,FRA,UEFA,False,False,False,False,False,True
Arne Maier,de GER,MF,Augsburg,de Bundesliga,25.0,1999.0,28,7,938,10.4,0,0,0,0,0,0,0,1,1.5,1.5,1.5,3.0,19,44,56,0.0,0.29,18,6,33.3,1.73,0.58,0.0,0.0,24.3,3,0.08,-1.5,-1.5,450,588,76.5,7914,2094,2.6,-1.5,25,40,10,3,511,75,24,2,3,67,0,46,15,23,0,2,17,44,4.23,25,17,0,2,0,0,4,0.38,13,7,4,8,1,13,53.8,6,15,1,14,6,19,14,1,699,16,103,327,275,21,699,16,7,43.8,9,56.3,390,1740,823,18,5,21,9,451,34,30.7,62.0,0,21,24.0,4,1.29,12,16,-4,-0.38,0.13,12.9,15.4,-2.5,-0.24,0,9,7,0,0,0,0,72,4,7,36.4,MID,296397.0,exact,296397.0,2025-06-05,4000000.0,296397,1999-01-08,Germany,2026-06-30,186.0,right,25.982203969883642,17.904073587385017,15.201805169084134,675.0749231326373,Developing,True,False,False,False,False,GER,UEFA,False,False,False,False,False,True
Kobbie Mainoo,eng ENG,MF,Manchester Utd,eng Premier League,19.0,2005.0,25,19,1651,18.3,0,0,0,0,0,0,5,0,0.7,0.7,1.6,2.3,22,65,47,0.0,0.12,15,2,13.3,0.82,0.11,0.0,0.0,20.5,0,0.05,-0.7,-0.7,723,836,86.5,9649,2346,1.8,-1.6,14,50,12,1,808,23,13,2,4,7,6,0,0,0,0,5,17,34,1.85,29,0,4,0,1,0,3,0.16,46,29,18,14,14,40,60.0,16,16,2,14,19,65,14,1,1061,25,197,587,287,36,1061,50,23,46.0,25,50.0,652,2850,1222,17,10,36,36,760,66,48.3,76.0,8,6,35.0,1,1.0,19,27,-8,-0.44,-0.33,27.7,25.4,2.3,0.12,0,27,21,3,0,0,0,88,19,31,38.0,MID,820374.0,exact,820374.0,2025-05-30,50000000.0,820374,2005-04-19,England,2031-06-30,184.0,right,19.704312114989733,77.8909329829172,17.72753358339242,388.2599159249312,Emerging,False,True,False,False,False,ENG,UEFA,False,False,False,False,False,True
Lovro Majer,hr CRO,MF,Wolfsburg,de Bundesliga,26.0,1998.0,9,3,304,3.4,2,1,3,1,1,1,1,0,1.4,0.6,1.1,1.7,8,17,10,0.59,0.72,6,4,66.7,1.78,1.18,0.17,0.25,21.7,0,0.1,0.6,0.4,98,141,69.5,1511,571,0.8,-0.1,8,13,3,0,125,15,3,1,2,17,2,10,5,5,0,1,3,13,3.85,9,3,0,1,0,0,2,0.59,2,1,0,1,1,5,20.0,4,5,1,4,1,3,2,1,175,4,25,72,80,10,174,10,5,50.0,3,30.0,111,603,266,4,2,5,7,122,34,9.9,65.0,0,6,18.0,0,1.11,7,4,3,0.89,0.92,5.4,4.2,1.2,0.35,0,6,6,0,0,0,0,12,3,4,42.9,MID,387106.0,exact,387106.0,2025-06-05,17000000.0,387106,1998-01-17,Croatia,2028-06-30,178.0,left,26.95687885010267,41.9185282522996,16.648723960844016,726.6733173391126,Peak,True,False,False,False,False,CRO,UEFA,False,False,False,False,False,True
Antoine Makoumbou,cg CGO,MF,Cagliari,it Serie A,26.0,1998.0,33,27,2150,23.9,0,3,3,0,0,0,4,1,0.3,0.3,0.9,1.3,11,92,14,0.13,0.05,7,0,0.0,0.29,0.0,0.0,,22.4,0,0.04,-0.3,-0.3,1051,1183,88.8,16948,4056,1.0,2.1,8,70,14,3,1141,39,37,3,2,7,2,0,0,0,0,3,11,38,1.59,33,0,0,2,1,2,5,0.21,42,23,28,11,3,25,76.0,6,26,5,21,17,59,28,0,1367,59,452,714,210,4,1367,19,10,52.6,8,42.1,818,3733,1324,18,0,17,24,957,65,62.9,75.0,6,6,23.0,3,1.0,29,39,-10,-0.42,0.01,26.3,38.1,-11.9,-0.5,1,27,15,0,0,1,0,109,4,18,18.2,MID,460651.0,exact,460651.0,2025-06-17,3500000.0,460651,1998-07-18,Congo,2029-06-30,187.0,right,26.458590006844627,53.90932982917214,15.068273812173887,700.0569851502984,Peak,False,False,False,False,True,CGO,CAF,False,True,False,False,False,False
Daniel Maldini,it ITA,"MF,FW",Monza,it Serie A,22.0,2001.0,20,16,1306,14.5,3,0,3,3,0,0,5,0,4.8,4.8,0.9,5.7,41,34,66,0.21,0.39,39,13,33.3,2.69,0.9,0.08,0.23,19.7,5,0.13,-1.8,-1.8,261,382,68.3,4254,837,1.1,-0.9,12,14,8,2,344,37,9,1,4,38,2,11,4,7,0,1,14,40,2.75,21,3,6,6,4,0,5,0.34,14,6,5,9,0,13,46.2,7,8,2,6,4,18,12,2,584,13,70,287,242,41,584,72,30,41.7,37,51.4,388,2656,1287,31,10,36,31,426,65,38.2,76.0,4,4,23.0,0,0.5,11,20,-9,-0.62,0.74,12.0,18.4,-6.5,-0.45,0,15,39,2,0,0,0,52,22,27,44.9,MID,539134.0,exact,539134.0,2025-06-17,10000000.0,539134,2001-10-11,Italy,2026-06-30,188.0,right,23.225188227241617,17.904073587385017,16.118095750958314,539.4093681908026,Developing,False,False,False,False,True,ITA,UEFA,False,False,False,False,False,True
Youssef Maleh,ma MAR,MF,Empoli,it Serie A,25.0,1998.0,22,17,1510,16.8,0,1,1,0,0,0,5,1,0.9,0.9,0.9,1.8,10,72,37,0.06,0.1,17,3,17.6,1.01,0.18,0.0,0.0,24.0,0,0.05,-0.9,-0.9,398,560,71.1,6528,2261,0.4,0.1,12,62,11,2,542,13,8,1,1,16,4,0,0,0,0,5,12,30,1.79,26,0,1,1,2,0,2,0.12,45,23,17,23,5,34,50.0,17,25,6,19,16,61,25,0,744,18,167,432,158,15,744,13,4,30.8,6,46.2,299,1114,557,11,1,25,10,419,69,44.2,82.0,8,5,23.0,1,0.82,15,26,-11,-0.66,0.05,15.6,20.7,-5.0,-0.3,1,32,29,1,0,0,0,96,9,18,33.3,MID,324377.0,exact,324377.0,2025-06-17,3200000.0,324377,1998-08-22,Morocco,2026-06-30,179.0,left,26.362765229295004,17.904073587385017,14.978661680269907,694.9953905349256,Peak,False,False,False,False,True,MAR,CAF,False,True,False,False,False,False
Ruslan Malinovskyi,ua UKR,"MF,FW",Genoa,it Serie A,31.0,1993.0,9,4,383,4.3,0,2,2,0,0,0,2,0,0.2,0.2,1.5,1.7,3,32,10,0.47,0.41,9,3,33.3,2.11,0.7,0.0,0.0,30.2,3,0.03,-0.2,-0.2,164,201,81.6,2906,846,0.7,0.5,8,22,9,0,194,7,3,6,1,3,2,2,1,1,0,0,4,17,3.98,11,2,0,3,1,0,2,0.47,12,8,4,7,1,6,50.0,3,2,0,2,1,13,4,0,242,6,43,134,66,0,242,4,3,75.0,1,25.0,151,711,244,9,0,7,5,163,43,11.2,61.0,0,5,28.0,3,1.33,4,2,2,0.47,0.88,4.4,4.9,-0.4,-0.1,0,9,5,0,0,0,0,16,7,6,53.8,MID,207877.0,exact,207877.0,2025-06-17,2500000.0,207877,1993-05-04,Ukraine,2026-06-30,181.0,left,31.66324435318275,17.904073587385017,14.731801689838349,1002.5610429693594,Declining,False,False,False,False,True,UKR,UEFA,False,False,False,False,False,True
Lennard Maloney,us USA,MF,Heidenheim,de Bundesliga,24.0,1999.0,11,10,760,8.4,0,0,0,0,0,0,1,0,0.3,0.3,0.0,0.4,1,14,0,0.0,0.04,3,0,0.0,0.36,0.0,0.0,,10.6,0,0.11,-0.3,-0.3,194,271,71.6,3751,1219,0.1,0.0,1,12,1,0,267,3,3,0,2,1,0,0,0,0,0,1,6,7,0.83,6,0,0,1,0,0,0,0.0,20,11,12,7,1,23,60.9,9,9,2,7,14,34,38,0,378,38,183,174,23,5,378,4,1,25.0,3,75.0,147,492,206,1,0,11,1,161,69,24.8,76.0,4,1,2.0,0,0.91,12,21,-9,-1.07,-0.36,11.0,14.7,-3.7,-0.44,0,11,4,1,0,0,0,40,16,12,57.1,MID,392710.0,exact,392710.0,2025-06-05,3500000.0,392710,1999-10-08,United States,2028-06-30,188.0,right,25.234770704996578,41.9185282522996,15.068273812173887,636.7936525337535,Developing,True,False,False,False,False,USA,CONCACAF,False,False,True,False,False,False
Rolando Mandragora,it ITA,MF,Fiorentina,it Serie A,27.0,1997.0,28,22,1856,20.6,4,2,6,3,1,1,7,0,2.7,1.9,4.8,6.6,11,92,34,0.24,0.35,37,14,37.8,1.79,0.68,0.08,0.21,24.6,6,0.05,1.3,1.1,724,931,77.8,13418,4153,2.7,-2.8,31,69,16,7,814,109,65,4,6,39,7,31,12,8,0,8,17,56,2.61,35,11,1,3,3,3,5,0.23,23,13,9,12,2,31,45.2,17,22,7,15,15,38,54,1,1119,63,249,637,246,24,1118,14,7,50.0,6,42.9,580,2160,964,16,0,11,4,732,66,54.3,80.0,10,6,18.0,5,1.59,30,28,2,0.1,-0.88,28.1,26.0,2.2,0.1,0,18,39,2,0,0,0,61,14,16,46.7,MID,308279.0,exact,308279.0,2025-06-17,12000000.0,308279,1997-06-29,Italy,2028-06-30,183.0,left,27.509924709103355,41.9185282522996,16.300417291085605,756.7959575005353,Peak,False,False,False,False,True,ITA,UEFA,False,False,False,False,False,True
Orel Mangala,be BEL,MF,Everton,eng Premier League,26.0,1998.0,19,14,1261,14.0,1,0,1,1,0,0,2,0,1.1,1.1,0.6,1.8,6,34,19,0.07,0.13,16,6,37.5,1.14,0.43,0.06,0.17,22.1,0,0.07,-0.1,-0.1,437,490,89.2,6998,1567,0.6,-0.6,8,50,8,1,485,4,3,0,1,6,0,0,0,0,0,1,10,24,1.72,17,1,2,3,1,0,1,0.07,16,8,3,11,2,8,62.5,3,8,3,5,21,37,24,1,621,22,133,335,157,13,621,24,14,58.3,9,37.5,298,1574,576,6,3,12,12,406,66,36.9,84.0,10,5,18.0,0,1.21,13,10,3,0.21,0.42,14.2,16.8,-2.6,-0.19,0,24,17,2,0,0,0,49,6,8,42.9,MID,289592.0,exact,289592.0,2025-05-30,18000000.0,289592,1998-03-18,Belgium,2028-06-30,178.0,right,26.792607802874745,41.9185282522996,16.705882371415992,717.8438328786647,Peak,False,True,False,False,False,BEL,UEFA,False,False,False,False,False,True
Pablo Marín,es ESP,MF,Real Sociedad,es La Liga,21.0,2003.0,23,14,1239,13.8,1,2,3,1,0,0,3,0,1.4,1.4,1.0,2.4,20,45,47,0.22,0.17,21,7,33.3,1.53,0.51,0.05,0.14,18.5,0,0.07,-0.4,-0.4,374,467,80.1,5952,1090,0.8,1.0,14,38,9,2,453,12,3,2,0,12,0,0,0,0,0,2,11,26,1.89,22,0,2,0,2,0,2,0.15,25,17,6,13,6,19,52.6,9,12,3,9,5,30,14,0,641,20,101,348,202,24,641,35,20,57.1,13,37.1,349,1703,753,20,6,40,17,419,54,36.2,79.0,8,9,15.0,11,1.17,12,22,-10,-0.73,-0.69,15.3,18.3,-3.1,-0.22,0,19,16,0,0,1,0,62,18,26,40.9,MID,907813.0,exact,907813.0,2025-06-09,8000000.0,907813,2003-07-03,Spain,2029-06-30,178.0,right,21.50034223134839,53.90932982917214,15.894952224644102,462.26471606510313,Emerging,False,False,True,False,False,ESP,UEFA,False,False,False,False,False,True
Răzvan Marin,ro ROU,MF,Cagliari,it Serie A,28.0,1996.0,33,13,1406,15.6,3,2,5,1,2,2,4,0,2.4,0.8,3.6,4.5,22,84,29,0.19,0.39,21,8,38.1,1.34,0.51,0.05,0.13,25.6,2,0.04,0.6,0.2,564,741,76.1,10324,3201,3.5,-1.6,34,56,20,2,643,96,47,5,4,77,4,44,3,39,0,2,17,62,3.97,34,21,1,4,1,1,2,0.13,22,13,8,11,3,25,52.0,12,7,0,7,2,24,20,2,860,20,168,462,241,22,858,24,13,54.2,11,45.8,471,2414,1106,19,4,18,16,544,43,41.1,76.0,4,20,21.0,5,0.94,15,22,-7,-0.45,-0.05,19.8,19.8,0.1,0.0,0,25,13,0,0,0,0,70,9,17,34.6,MID,295183.0,exact,295183.0,2025-06-17,3500000.0,295183,1996-05-23,Romania,2028-06-30,178.0,right,28.61054072553046,41.9185282522996,15.068273812173887,818.563040607237,Peak,False,False,False,False,True,ROU,UEFA,False,False,False,False,False,True
Iván Martín,es ESP,MF,Girona,es La Liga,25.0,1999.0,32,24,2039,22.7,1,1,2,1,0,0,1,0,1.8,1.8,1.9,3.6,57,131,76,0.09,0.16,11,3,27.3,0.49,0.13,0.09,0.33,19.1,0,0.16,-0.8,-0.8,1251,1387,90.2,19711,3825,2.1,-0.9,22,101,15,3,1360,26,17,1,1,21,9,0,0,0,0,1,17,56,2.47,53,0,0,2,1,0,4,0.18,32,19,14,14,4,34,44.1,19,20,6,14,11,43,15,1,1577,35,285,902,412,18,1577,47,25,53.2,16,34.0,1044,6536,3039,55,1,43,27,1264,64,59.6,76.0,10,8,26.0,1,1.09,22,36,-14,-0.62,-0.49,24.9,32.9,-8.1,-0.36,0,21,14,4,0,0,0,110,4,18,18.2,MID,341278.0,exact,341278.0,2025-06-09,6000000.0,341278,1999-02-14,Spain,2028-06-30,178.0,left,25.880903490759753,41.9185282522996,15.607270193858982,669.8211654980204,Developing,False,False,True,False,False,ESP,UEFA,False,False,False,False,False,True
Jonas Martin,fr FRA,MF,Brest,fr Ligue 1,34.0,1990.0,17,5,496,5.5,1,0,1,1,0,0,2,0,0.4,0.4,0.3,0.7,8,21,9,0.18,0.14,3,1,33.3,0.54,0.18,0.33,1.0,8.7,0,0.14,0.6,0.6,277,312,88.8,4280,1049,0.4,-0.3,3,21,3,2,301,9,6,0,1,3,3,0,0,0,0,2,6,8,1.45,8,0,0,0,0,0,2,0.36,13,7,10,2,1,11,54.5,5,4,1,3,8,21,12,1,369,21,98,213,59,8,369,4,2,50.0,1,25.0,169,792,374,6,0,4,5,254,29,16.2,70.0,0,12,12.0,4,1.18,9,12,-3,-0.54,-0.4,7.3,14.1,-6.8,-1.23,0,7,10,0,0,1,0,30,6,9,40.0,MID,127142.0,exact,127142.0,2025-06-03,600000.0,127142,1990-04-09,France,2026-06-30,184.0,right,34.732375085557834,17.904073587385017,13.304686600863562,1206.3378790838785,Declining,False,False,False,True,False,FRA,UEFA,False,False,False,False,False,True
Mario Martín,es ESP,MF,Valladolid,es La Liga,20.0,2004.0,30,20,1748,19.4,0,1,1,0,0,0,8,3,1.8,1.8,1.4,3.2,18,66,22,0.05,0.16,28,13,46.4,1.44,0.67,0.0,0.0,21.4,0,0.06,-1.8,-1.8,677,801,84.5,11986,2955,1.2,-0.4,12,52,3,1,761,38,25,2,4,11,2,1,1,0,0,2,14,33,1.7,20,1,3,3,6,0,1,0.05,62,32,31,27,4,49,42.9,28,32,7,25,21,83,46,7,1083,80,349,582,164,25,1083,38,19,50.0,15,39.5,558,3114,1352,16,2,37,23,673,58,51.1,76.0,7,10,23.0,3,0.37,13,48,-35,-1.8,-0.24,17.7,32.1,-14.5,-0.74,1,50,44,1,0,1,0,83,31,34,47.7,MID,948273.0,exact,948273.0,2025-06-09,1500000.0,948273,2004-03-05,Spain,2026-06-30,177.0,right,20.826830937713893,17.904073587385017,14.220976332738882,433.7568869081166,Emerging,False,False,True,False,False,ESP,UEFA,False,False,False,False,False,True
Omar Mascarell,gq EQG,MF,Mallorca,es La Liga,31.0,1993.0,32,21,1992,22.1,1,0,1,1,0,0,5,1,0.5,0.5,0.2,0.7,10,75,12,0.05,0.03,9,2,22.2,0.41,0.09,0.11,0.5,16.8,0,0.05,0.5,0.5,809,963,84.0,14242,3936,0.3,-0.2,3,72,3,0,945,14,14,1,9,5,0,0,0,0,0,4,10,15,0.68,12,0,1,1,1,0,0,0.0,27,13,13,13,1,35,40.0,21,33,21,12,49,76,59,3,1189,98,374,719,107,10,1189,15,10,66.7,4,26.7,589,2750,1063,13,1,11,9,727,62,58.2,83.0,12,11,22.0,5,1.47,22,29,-7,-0.32,-0.19,24.4,28.4,-4.0,-0.18,0,30,13,0,0,0,0,90,44,25,63.8,MID,142031.0,exact,142031.0,2025-06-09,900000.0,142031,1993-02-02,Equatorial Guinea,2026-06-30,181.0,right,31.912388774811774,17.904073587385017,13.710151153416941,1018.4005573147325,Declining,False,False,True,False,False,EQG,CAF,False,True,False,False,False,False
Patrizio Masini,it ITA,MF,Genoa,it Serie A,23.0,2001.0,26,16,1538,17.1,1,0,1,1,0,0,3,0,0.4,0.4,0.2,0.6,16,44,27,0.06,0.04,8,1,12.5,0.47,0.06,0.13,1.0,15.5,0,0.05,0.6,0.6,499,649,76.9,7915,1746,0.4,-0.2,6,29,4,3,622,27,21,2,4,26,3,0,0,0,0,0,24,24,1.4,18,0,1,0,5,0,3,0.18,54,29,18,26,10,40,47.5,21,26,8,18,15,69,37,0,878,44,211,514,165,22,878,25,10,40.0,9,36.0,391,1958,744,16,1,25,12,459,59,45.0,84.0,11,10,19.0,11,1.35,20,22,-2,-0.12,0.36,17.0,17.8,-0.8,-0.05,0,36,48,0,0,0,0,87,28,24,53.8,MID,459665.0,exact,459665.0,2025-06-17,6000000.0,459665,2001-01-27,Italy,2028-06-30,182.0,right,23.928815879534564,41.9185282522996,15.607270193858982,572.5882293966655,Developing,False,False,False,False,True,ITA,UEFA,False,False,False,False,False,True
Han-Noah Massengo,fr FRA,MF,Auxerre,fr Ligue 1,23.0,2001.0,17,11,1046,11.6,0,0,0,0,0,0,5,0,0.4,0.4,0.4,0.8,13,28,13,0.0,0.07,6,3,50.0,0.52,0.26,0.0,0.0,17.6,0,0.07,-0.4,-0.4,375,443,84.7,5808,1487,0.6,-0.4,3,23,3,2,435,8,6,0,5,9,1,0,0,0,0,0,5,12,1.03,9,0,0,0,2,1,1,0.09,17,11,5,8,4,12,66.7,4,12,4,8,17,34,10,2,548,21,163,302,91,7,548,29,10,34.5,15,51.7,345,1895,791,12,2,11,11,378,62,34.2,85.0,6,6,19.0,0,1.24,18,17,1,0.09,0.26,12.8,17.0,-4.2,-0.36,0,17,21,0,0,0,0,57,7,11,38.9,MID,536508.0,exact,536508.0,2025-06-03,5000000.0,536508,2001-07-07,France,2030-06-30,178.0,right,23.488021902806295,65.90013140604468,15.424948670398354,551.6871729067083,Developing,False,False,False,True,False,FRA,UEFA,False,False,False,False,False,True
Pape Matar Sarr,sn SEN,MF,Tottenham,eng Premier League,21.0,2002.0,36,22,1913,21.3,3,2,5,3,0,0,6,0,3.7,3.7,1.6,5.3,33,88,53,0.24,0.25,34,13,38.2,1.6,0.61,0.09,0.23,20.9,0,0.11,-0.7,-0.7,889,1029,86.4,13609,3128,0.8,0.4,15,85,12,2,999,26,9,1,3,14,12,0,0,0,0,4,20,45,2.12,35,2,2,4,0,2,7,0.33,49,36,19,23,7,25,48.0,13,26,10,16,30,79,25,1,1253,47,274,699,302,28,1253,30,11,36.7,16,53.3,772,4547,1918,37,5,29,22,872,53,55.9,70.0,6,14,27.0,2,0.97,34,38,-4,-0.19,-0.37,31.0,36.7,-5.7,-0.27,0,34,35,2,0,1,0,115,34,45,43.0,MID,568693.0,exact,568693.0,2025-05-30,32000000.0,568693,2002-09-14,Senegal,2030-06-30,185.0,right,22.299794661190965,65.90013140604468,17.281246492014,497.2808419312811,Developing,False,True,False,False,False,SEN,CAF,False,True,False,False,False,False
Nemanja Matić,rs SRB,MF,Lyon,fr Ligue 1,35.0,1988.0,29,25,2010,22.3,0,1,1,0,0,0,1,0,0.1,0.1,1.3,1.3,35,150,15,0.04,0.06,2,1,50.0,0.09,0.04,0.0,0.0,14.3,0,0.03,-0.1,-0.1,1230,1415,86.9,20931,6355,2.0,-0.3,17,164,16,1,1356,54,43,4,12,9,3,0,0,0,0,5,18,49,2.2,48,0,0,1,0,0,4,0.18,42,29,15,21,6,41,56.1,18,21,9,12,18,60,31,1,1569,70,364,972,245,32,1569,13,8,61.5,5,38.5,979,5114,2655,35,8,13,21,1165,69,65.7,78.0,5,4,17.0,1,1.66,37,31,6,0.27,-0.85,35.7,33.3,2.5,0.11,0,13,7,0,0,0,0,125,15,13,53.6,MID,74683.0,exact,74683.0,2025-06-03,2000000.0,74683,1988-08-01,Serbia,2026-06-30,194.0,left,36.41889117043121,17.904073587385017,14.508658238524095,1326.3356340837122,Declining,False,False,False,True,False,SRB,UEFA,False,False,False,False,False,True
Jean Mattéo Bahoya,fr FRA,"MF,FW",Eint Frankfurt,de Bundesliga,19.0,2005.0,24,10,921,10.2,2,3,5,2,0,0,3,0,1.9,1.9,1.7,3.6,24,28,93,0.49,0.35,10,3,30.0,0.98,0.29,0.2,0.67,17.1,0,0.19,0.1,0.1,260,350,74.3,3692,1155,2.3,1.3,18,15,11,4,327,23,6,1,1,31,6,8,5,0,0,0,12,41,4.01,33,3,1,1,2,1,6,0.59,29,18,11,13,5,26,61.5,10,14,2,12,4,33,10,1,475,8,79,208,199,33,475,30,17,56.7,12,40.0,267,1692,796,14,10,19,17,293,38,30.1,66.0,0,14,18.0,4,1.54,23,12,11,1.07,0.61,19.5,14.4,5.1,0.5,0,9,7,2,0,0,0,51,13,7,65.0,MID,939964.0,fuzzy_verified,939964.0,2025-06-05,17000000.0,939964,2005-05-07,France,2029-06-30,180.0,right,19.655030800821354,53.90932982917214,16.648723960844016,386.32023578123614,Emerging,True,False,False,False,False,FRA,UEFA,False,False,False,False,False,True
Azor Matusiwa,nl NED,MF,Rennes,fr Ligue 1,26.0,1998.0,29,23,2078,23.1,1,3,4,1,0,0,3,0,1.2,1.2,1.8,3.1,19,134,26,0.17,0.13,11,2,18.2,0.48,0.09,0.09,0.5,20.0,0,0.11,-0.2,-0.2,975,1119,87.1,16247,4831,1.6,1.2,17,109,18,1,1081,35,29,4,7,1,6,0,0,0,0,3,13,46,1.99,38,2,0,2,2,2,6,0.26,64,39,32,30,2,43,74.4,11,29,10,19,34,98,52,0,1358,74,326,811,231,15,1358,22,17,77.3,4,18.2,619,2681,1157,17,3,22,17,818,72,67.9,84.0,16,6,23.0,2,1.0,38,40,-2,-0.09,-0.36,29.7,30.5,-0.8,-0.03,0,29,32,0,0,1,0,134,28,18,60.9,MID,315145.0,exact,315145.0,2025-06-03,8000000.0,315145,1998-04-28,Netherlands,2029-06-30,173.0,right,26.680355920602327,53.90932982917214,15.894952224644102,711.8413920500196,Peak,False,False,False,True,False,NED,UEFA,False,False,False,False,False,True
Senny Mayulu,fr FRA,MF,Paris S-G,fr Ligue 1,18.0,2006.0,20,8,808,9.0,2,2,4,2,0,0,1,0,2.9,2.9,2.1,4.9,29,46,56,0.45,0.55,25,8,32.0,2.78,0.89,0.08,0.25,15.9,0,0.12,-0.9,-0.9,404,460,87.8,6268,1045,2.0,-0.1,12,32,14,1,427,31,7,0,4,9,13,4,2,0,0,2,12,38,4.23,28,0,0,5,2,3,6,0.67,25,16,8,14,3,14,57.1,6,8,3,5,5,30,12,0,592,17,75,265,257,40,592,33,15,45.5,17,51.5,341,1753,765,19,8,21,21,438,40,26.4,81.0,4,12,13.0,9,2.4,26,9,17,1.89,0.29,28.9,8.2,20.7,2.31,0,20,18,0,0,0,0,32,1,10,9.1,MID,903693.0,exact,903693.0,2025-06-03,15000000.0,903693,2006-05-17,France,2027-06-30,183.0,both,18.628336755646817,29.894875164257556,16.52356082573315,347.0149302817822,Emerging,False,False,False,True,False,FRA,UEFA,False,False,False,False,False,True
Luca Mazzitelli,it ITA,MF,Como,it Serie A,28.0,1995.0,11,3,335,3.7,1,1,2,1,0,0,1,0,0.2,0.2,0.6,0.8,2,27,14,0.54,0.21,7,3,42.9,1.88,0.81,0.14,0.33,17.5,0,0.03,0.8,0.8,156,197,79.2,2770,917,0.6,0.4,6,21,4,0,191,5,2,1,2,12,2,0,0,0,0,1,4,13,3.5,10,0,1,1,0,1,1,0.27,9,6,4,5,0,7,71.4,2,5,2,3,3,12,10,0,235,9,56,134,49,10,235,5,4,80.0,1,20.0,132,599,245,5,0,3,5,170,30,9.8,71.0,0,8,15.0,4,1.0,3,11,-8,-2.15,-2.3,3.6,5.9,-2.4,-0.63,0,9,4,0,0,0,0,14,2,6,25.0,MID,226025.0,exact,226025.0,2025-06-02,1500000.0,226025,1995-11-15,Italy,2026-06-30,184.0,right,29.130732375085557,17.904073587385017,14.220976332738882,848.5995687088579,Peak,False,False,False,False,True,ITA,UEFA,False,False,False,False,False,True
James Mcatee,eng ENG,"MF,FW",Manchester City,eng Premier League,21.0,2002.0,15,3,349,3.9,3,0,3,3,0,0,1,0,2.8,2.8,0.5,3.3,7,7,32,0.77,0.85,12,4,33.3,3.09,1.03,0.25,0.75,14.3,0,0.23,0.2,0.2,100,125,80.0,1491,254,0.8,-0.5,3,7,2,0,122,3,1,1,0,8,0,1,1,0,0,0,4,4,1.03,3,0,1,0,0,0,1,0.26,5,2,0,4,1,7,14.3,6,8,0,8,2,7,1,0,168,2,17,62,90,21,168,7,2,28.6,5,71.4,96,486,211,6,1,5,1,122,23,10.2,66.0,0,12,13.0,20,2.33,9,6,3,0.77,0.04,7.5,5.2,2.3,0.59,0,6,3,0,0,0,0,8,2,3,40.0,MID,583199.0,fuzzy_verified,583199.0,2025-05-30,20000000.0,583199,2002-10-18,England,2030-06-30,180.0,left,22.206707734428473,65.90013140604468,16.811242881518265,493.13786840232535,Developing,False,True,False,False,False,ENG,UEFA,False,False,False,False,False,True
John McGinn,sct SCO,"MF,FW",Aston Villa,eng Premier League,29.0,1994.0,34,27,2223,24.7,1,4,5,1,0,0,7,0,3.1,2.8,3.5,6.3,32,103,87,0.2,0.27,31,5,16.1,1.26,0.2,0.03,0.2,17.0,1,0.09,-2.1,-1.8,699,854,81.9,11807,3243,2.7,0.5,31,70,29,8,792,61,27,9,2,60,4,22,11,5,0,1,17,76,3.08,56,9,1,4,5,1,8,0.32,33,24,10,14,9,31,41.9,18,22,2,20,14,47,18,3,1072,31,164,558,361,58,1072,47,20,42.6,13,27.7,581,2930,1270,17,7,37,29,744,65,65.0,77.0,11,7,21.0,0,1.76,33,34,-1,-0.04,-0.64,35.8,34.8,1.0,0.04,0,43,69,3,1,0,0,100,17,12,58.6,MID,193116.0,exact,193116.0,2025-05-30,16000000.0,193116,1994-10-18,Scotland,2028-06-30,178.0,left,30.206707734428473,41.9185282522996,16.588099342704055,912.445192153181,Declining,False,True,False,False,False,SCO,UEFA,False,False,False,False,False,True
Weston McKennie,us USA,"MF,DF",Juventus,it Serie A,25.0,1998.0,32,27,2310,25.7,2,4,6,2,0,0,3,0,2.9,2.9,3.6,6.5,28,101,153,0.23,0.25,22,8,36.4,0.86,0.31,0.09,0.25,12.6,0,0.13,-0.9,-0.9,928,1117,83.1,14100,3768,3.5,0.4,32,70,22,2,1017,95,4,6,4,19,89,0,0,0,0,5,19,60,2.34,50,3,1,3,3,0,9,0.35,33,12,18,11,4,22,59.1,9,28,8,20,14,47,37,0,1350,51,259,593,508,57,1350,34,20,58.8,11,32.4,719,2986,1353,31,7,41,26,911,72,67.5,82.0,15,5,19.0,3,1.81,34,28,6,0.23,-1.14,33.7,26.5,7.2,0.28,0,32,19,1,0,1,0,104,35,30,53.8,MID,332697.0,exact,332697.0,2025-06-17,22000000.0,332697,1998-08-28,United States,2030-06-30,180.0,right,26.34633812457221,65.90013140604468,16.906553056777135,694.129532574287,Peak,False,False,False,False,True,USA,CONCACAF,False,False,True,False,False,False
Dwight McNeil,eng ENG,"MF,FW",Everton,eng Premier League,24.0,1999.0,21,15,1371,15.2,4,6,10,4,0,0,1,0,1.1,1.1,5.2,6.3,38,69,80,0.66,0.41,25,10,40.0,1.64,0.66,0.16,0.4,21.9,0,0.04,2.9,2.9,461,619,74.5,8501,2790,4.3,0.8,37,40,36,10,516,99,32,8,5,105,5,45,32,5,4,4,16,72,4.73,39,22,6,2,2,1,10,0.66,13,8,6,5,2,21,42.9,12,7,0,7,6,19,2,1,748,6,73,328,368,25,748,45,24,53.3,20,44.4,443,2674,1162,34,5,26,33,510,65,40.1,85.0,10,6,15.0,0,1.29,20,24,-4,-0.26,-0.35,17.5,21.5,-4.0,-0.26,0,6,18,1,0,0,0,76,3,17,15.0,MID,584769.0,exact,584769.0,2025-05-30,25000000.0,584769,1999-11-22,England,2027-06-30,183.0,left,25.111567419575632,29.894875164257556,17.034386422832473,630.5908182678924,Developing,False,True,False,False,False,ENG,UEFA,False,False,False,False,False,True
Scott McTominay,sct SCO,MF,Napoli,it Serie A,27.0,1996.0,34,33,2938,32.6,12,4,16,12,0,0,3,0,7.4,7.4,2.7,10.1,56,112,131,0.49,0.31,76,33,43.4,2.33,1.01,0.16,0.36,15.3,2,0.1,4.6,4.6,777,924,84.1,12625,2930,1.7,1.3,26,72,22,1,909,13,7,9,8,11,4,0,0,0,0,2,20,69,2.11,45,0,3,14,5,2,10,0.31,43,25,12,27,4,36,50.0,18,22,5,17,24,67,51,0,1314,52,236,718,384,106,1314,88,39,44.3,35,39.8,726,4108,1993,40,15,68,48,944,86,85.9,89.0,29,1,17.0,0,2.15,49,22,27,0.83,-0.11,44.1,21.7,22.5,0.69,0,45,60,5,1,0,0,143,66,50,56.9,MID,315969.0,exact,315969.0,2025-06-17,50000000.0,315969,1996-12-08,Scotland,2028-06-30,193.0,right,28.06570841889117,41.9185282522996,17.72753358339242,787.6839890542187,Peak,False,False,False,False,True,SCO,UEFA,False,False,False,False,False,True
Arthur Melo,br BRA,MF,Girona,es La Liga,27.0,1996.0,15,10,941,10.5,0,0,0,0,0,0,2,0,0.2,0.2,0.2,0.4,24,70,17,0.0,0.04,6,1,16.7,0.57,0.1,0.0,0.0,26.0,1,0.03,-0.2,-0.2,668,723,92.4,12132,2545,0.6,-0.2,5,70,4,1,701,20,16,0,0,7,3,1,1,0,0,2,7,15,1.43,13,0,0,1,0,1,1,0.1,25,11,8,12,5,27,51.9,13,5,1,4,8,33,12,1,806,31,174,488,150,2,806,14,8,57.1,3,21.4,539,3605,1684,18,0,10,9,625,63,27.5,79.0,4,5,30.0,0,0.67,8,13,-5,-0.48,-0.08,9.0,12.6,-3.6,-0.34,0,16,27,0,0,0,0,49,0,3,0.0,MID,362842.0,exact,362842.0,2025-06-09,5000000.0,362842,1996-08-12,Brazil,2026-06-30,172.0,right,28.38877481177276,17.904073587385017,15.424948670398354,805.9225353135434,Peak,False,False,True,False,False,BRA,CONMEBOL,False,False,False,True,False,False
Brais Méndez,es ESP,MF,Real Sociedad,es La Liga,27.0,1997.0,27,19,1531,17.0,3,2,5,3,0,0,4,0,3.5,3.5,2.0,5.5,32,91,86,0.29,0.33,28,9,32.1,1.65,0.53,0.11,0.33,18.0,4,0.13,-0.5,-0.5,631,810,77.9,9572,2725,2.3,0.0,23,68,13,3,730,73,32,3,12,52,7,29,8,16,0,7,22,43,2.53,32,7,1,1,2,0,2,0.12,24,13,6,14,4,24,37.5,15,14,1,13,7,31,16,1,1020,17,129,527,369,58,1020,50,14,28.0,31,62.0,554,2635,1127,17,8,37,34,744,57,44.8,71.0,4,8,23.0,5,1.3,19,16,3,0.18,0.84,22.1,17.0,5.1,0.3,0,41,45,9,0,0,0,76,18,27,40.0,MID,309110.0,exact,309110.0,2025-06-09,22000000.0,309110,1997-01-07,Spain,2028-06-30,187.0,left,27.983572895277206,41.9185282522996,16.906553056777135,783.0803519852931,Peak,False,False,True,False,False,ESP,UEFA,False,False,False,False,False,True
Nampalys Mendy,sn SEN,MF,Lens,fr Ligue 1,32.0,1992.0,10,7,588,6.5,0,1,1,0,0,0,2,0,0.2,0.2,0.1,0.3,2,28,3,0.15,0.04,3,0,0.0,0.46,0.0,0.0,,23.5,0,0.07,-0.2,-0.2,260,290,89.7,4085,1076,0.2,0.9,1,34,2,1,288,2,2,0,3,2,0,0,0,0,0,0,4,11,1.68,8,0,0,1,1,1,2,0.31,15,8,4,7,4,14,42.9,8,8,2,6,9,24,8,0,357,11,77,222,58,3,357,4,1,25.0,3,75.0,204,808,338,5,0,7,9,245,59,19.2,78.0,2,3,13.0,15,2.1,10,3,7,1.07,1.22,6.5,6.0,0.5,0.07,0,11,12,0,0,0,0,30,1,1,50.0,MID,111051.0,exact,111051.0,2025-06-03,1800000.0,111051,1992-06-23,Senegal,2026-06-30,168.0,right,32.525667351129364,17.904073587385017,14.403297778421795,1057.9190366363227,Declining,False,False,False,True,False,SEN,CAF,False,True,False,False,False,False
Mikel Merino,es ESP,"MF,FW",Arsenal,eng Premier League,28.0,1996.0,28,17,1586,17.6,7,2,9,7,0,0,4,1,5.9,5.9,2.0,7.9,11,69,94,0.51,0.45,38,13,34.2,2.16,0.74,0.18,0.54,10.7,0,0.16,1.1,1.1,451,577,78.2,6182,1776,1.2,0.0,17,40,24,4,567,5,4,5,1,13,1,0,0,0,0,5,12,43,2.44,35,0,0,6,2,0,4,0.23,46,28,7,26,13,36,55.6,16,18,5,13,15,61,26,2,783,37,140,330,323,79,783,23,9,39.1,10,43.5,388,1518,747,13,4,24,27,504,57,46.4,83.0,11,11,16.0,0,1.79,28,17,11,0.62,-0.55,28.9,15.5,13.4,0.76,1,41,23,7,0,0,0,86,59,55,51.8,MID,338424.0,exact,338424.0,2025-05-30,35000000.0,338424,1996-06-22,Spain,2028-06-30,188.0,left,28.528405201916495,41.9185282522996,17.370858648025116,813.8699033647362,Peak,False,True,False,False,False,ESP,UEFA,False,False,False,False,False,True
Víctor Meseguer,es ESP,MF,Valladolid,es La Liga,25.0,1999.0,14,2,418,4.6,0,0,0,0,0,0,1,0,0.7,0.7,0.0,0.7,2,22,22,0.0,0.15,6,0,0.0,1.29,0.0,0.0,,19.6,0,0.11,-0.7,-0.7,148,189,78.3,2262,703,0.3,0.0,1,17,1,1,183,6,3,1,1,3,1,0,0,0,0,0,6,8,1.72,5,0,0,2,1,0,1,0.22,10,6,4,4,2,10,20.0,8,3,0,3,2,12,4,1,234,5,59,124,51,11,234,4,1,25.0,3,75.0,100,349,151,1,0,7,3,151,30,12.2,74.0,1,12,23.0,4,0.86,2,8,-6,-1.29,0.45,3.6,9.2,-5.6,-1.2,0,8,5,0,0,0,0,25,10,8,55.6,MID,658269.0,exact,658269.0,2025-06-24,1500000.0,658269,1999-06-09,Spain,2029-06-30,184.0,right,25.56605065023956,53.90932982917214,14.220976332738882,653.6229458506147,Developing,False,False,True,False,False,ESP,UEFA,False,False,False,False,False,True
Junior Messias,br BRA,"MF,FW",Genoa,it Serie A,33.0,1991.0,17,8,847,9.4,1,1,2,1,0,1,1,0,2.4,1.4,0.7,2.1,32,32,49,0.21,0.33,17,5,29.4,1.81,0.53,0.06,0.2,21.0,1,0.08,-1.4,-0.4,149,234,63.7,2611,897,0.6,0.3,8,23,8,2,222,12,2,2,1,22,7,2,0,1,0,0,8,23,2.44,13,0,3,3,4,0,3,0.32,13,7,6,6,1,10,30.0,7,8,2,6,6,19,20,0,397,23,63,192,151,18,396,44,10,22.7,25,56.8,226,1782,1027,26,5,34,5,251,50,24.8,76.0,3,9,26.0,4,1.24,8,10,-2,-0.21,0.14,9.4,11.1,-1.8,-0.19,0,8,21,0,0,0,0,39,14,26,35.0,MID,449151.0,exact,449151.0,2025-06-17,1500000.0,449151,1991-05-13,Brazil,2026-06-30,174.0,left,33.63997262149213,17.904073587385017,14.220976332738882,1131.64775797474,Declining,False,False,False,False,True,BRA,CONMEBOL,False,False,False,True,False,False
Connor Metcalfe,au AUS,"MF,FW",St. Pauli,de Bundesliga,24.0,1999.0,10,3,358,4.0,0,0,0,0,0,0,2,1,0.7,0.7,0.2,0.9,6,8,11,0.0,0.22,6,3,50.0,1.51,0.75,0.0,0.0,22.2,0,0.12,-0.7,-0.7,76,118,64.4,1191,445,0.2,-0.2,3,6,2,1,108,8,3,0,0,7,2,3,0,3,0,2,3,6,1.5,2,2,0,0,2,0,0,0.0,2,0,1,1,0,5,0.0,5,4,0,4,3,5,8,0,156,10,38,69,52,4,156,6,3,50.0,1,16.7,58,296,165,5,2,5,0,80,36,11.7,77.0,1,7,18.0,3,1.1,4,5,-1,-0.25,0.15,3.9,4.5,-0.5,-0.13,1,5,4,0,0,0,0,9,13,11,54.2,MID,522223.0,exact,522223.0,2025-06-05,2500000.0,522223,1999-11-05,Australia,,183.0,left,25.15811088295688,,14.731801689838349,632.9305431991534,Developing,True,False,False,False,False,AUS,AFC,True,False,False,False,False,False
Lewis Miley,eng ENG,MF,Newcastle Utd,eng Premier League,18.0,2006.0,14,1,313,3.5,1,0,1,1,0,0,0,0,0.5,0.5,0.0,0.6,2,17,8,0.29,0.16,3,2,66.7,0.86,0.58,0.33,0.5,14.6,0,0.18,0.5,0.5,168,191,88.0,2439,402,0.3,0.0,1,11,4,0,189,1,1,1,0,0,0,0,0,0,0,1,4,4,1.15,3,0,0,0,0,1,0,0.0,14,11,5,7,2,14,50.0,7,5,1,4,2,16,5,2,235,5,44,124,68,6,235,3,1,33.3,1,33.3,112,544,202,2,0,8,1,163,22,9.2,90.0,1,13,17.0,12,2.14,6,4,2,0.58,0.02,4.9,5.2,-0.3,-0.09,0,3,1,0,0,0,0,16,6,7,46.2,MID,922769.0,exact,922769.0,2025-05-30,22000000.0,922769,2006-05-01,England,2032-06-30,189.0,right,18.67214236824093,89.91458607095926,16.906553056777135,348.648900619858,Emerging,False,True,False,False,False,ENG,UEFA,False,False,False,False,False,True
Luis Milla,es ESP,MF,Getafe,es La Liga,29.0,1994.0,33,32,2875,31.9,1,4,5,0,1,1,6,0,1.8,1.0,3.9,4.9,32,152,30,0.13,0.18,31,7,22.6,0.97,0.22,0.0,0.0,25.3,4,0.03,-0.8,-1.0,1129,1536,73.5,20495,6152,4.9,0.1,70,149,26,10,1220,304,171,4,23,201,1,113,45,49,1,12,17,130,4.07,72,43,4,4,5,2,6,0.19,61,40,28,25,8,72,48.6,37,25,0,25,24,85,28,3,1802,43,251,1049,524,20,1801,39,21,53.8,14,35.9,799,3920,2139,37,4,46,17,890,87,84.1,89.0,28,1,35.0,0,1.06,25,34,-9,-0.28,-0.94,30.9,38.8,-7.9,-0.25,0,38,48,0,0,1,0,168,31,35,47.0,MID,281989.0,exact,281989.0,2025-06-09,3500000.0,281989,1994-10-07,Spain,2027-06-30,175.0,right,30.236824093086927,29.894875164257556,15.068273812173887,914.2655312362821,Declining,False,False,True,False,False,ESP,UEFA,False,False,False,False,False,True
Pere Milla,es ESP,"MF,FW",Espanyol,es La Liga,31.0,1992.0,20,1,456,5.1,3,0,3,3,0,0,3,0,1.5,1.5,0.3,1.8,9,13,27,0.59,0.35,11,5,45.5,2.17,0.99,0.27,0.6,15.7,1,0.13,1.5,1.5,97,165,58.8,1707,456,0.3,-0.3,5,9,5,0,145,19,6,5,2,14,5,7,2,5,0,1,12,13,2.57,11,1,0,1,0,0,1,0.2,6,2,5,0,1,18,5.6,17,10,2,8,3,9,5,0,239,5,44,107,91,17,239,7,2,28.6,4,57.1,117,536,239,5,4,16,6,140,23,13.3,56.0,0,19,21.0,17,1.1,6,7,-1,-0.2,0.11,5.6,6.0,-0.5,-0.09,0,5,12,2,0,0,0,25,11,8,57.9,MID,225593.0,exact,225593.0,2025-06-09,1200000.0,225593,1992-09-23,Spain,2027-06-30,180.0,left,32.27378507871321,29.894875164257556,13.997832948091215,1041.5972033069716,Declining,False,False,True,False,False,ESP,UEFA,False,False,False,False,False,True
Enzo Millot,fr FRA,"MF,FW",Stuttgart,de Bundesliga,22.0,2002.0,29,22,1843,20.5,6,5,11,6,0,1,9,0,7.6,6.7,3.1,9.8,44,118,123,0.54,0.52,43,17,39.5,2.1,0.83,0.14,0.35,16.6,0,0.16,-1.6,-0.7,967,1140,84.8,13665,3306,3.5,1.9,23,89,30,3,1092,47,9,5,6,41,10,20,3,10,1,1,26,66,3.22,49,2,5,7,3,0,10,0.49,30,13,10,15,5,35,34.3,23,27,0,27,13,43,6,1,1397,9,180,760,470,75,1396,67,31,46.3,35,52.2,848,4659,1826,34,12,46,36,1067,64,60.2,76.0,7,7,24.0,2,1.52,42,32,10,0.49,0.41,35.6,27.8,7.8,0.38,0,25,37,3,0,1,0,99,8,19,29.6,MID,569366.0,exact,569366.0,2025-06-05,35000000.0,569366,2002-07-17,France,2028-06-30,175.0,left,22.46132785763176,41.9185282522996,17.370858648025116,504.5112491280245,Developing,True,False,False,False,False,FRA,UEFA,False,False,False,False,False,True
Takumi Minamino,jp JPN,"MF,FW",Monaco,fr Ligue 1,29.0,1995.0,31,27,2231,24.8,6,3,9,6,0,0,4,0,8.9,8.9,6.6,15.5,51,114,193,0.36,0.62,57,20,35.1,2.3,0.81,0.11,0.3,14.7,0,0.16,-2.9,-2.9,520,736,70.7,7341,2545,4.8,-3.6,40,66,33,0,714,15,2,15,2,23,6,0,0,0,0,7,30,80,3.23,67,0,6,6,0,1,7,0.28,33,19,7,14,12,42,35.7,27,26,1,25,10,43,20,0,1016,24,95,451,479,135,1016,40,12,30.0,24,60.0,567,3076,1496,28,27,56,23,709,72,72.9,78.0,9,4,28.0,0,1.74,43,29,14,0.56,-0.3,49.5,24.9,24.6,0.99,0,31,23,10,0,0,0,88,19,30,38.8,MID,165793.0,exact,165793.0,2025-06-03,15000000.0,165793,1995-01-16,Japan,2027-06-30,172.0,right,29.960301163586585,29.894875164257556,16.52356082573315,897.6196458128077,Peak,False,False,False,True,False,JPN,AFC,True,False,False,False,False,False
Óscar Mingueza,es ESP,"MF,DF",Celta Vigo,es La Liga,25.0,1999.0,34,31,2729,30.3,4,6,10,4,0,0,6,1,1.5,1.5,5.6,7.1,69,200,194,0.33,0.23,33,10,30.3,1.09,0.33,0.12,0.4,23.3,8,0.04,2.5,2.5,1692,2197,77.0,29803,11814,6.4,0.4,35,176,69,11,1814,374,69,15,14,139,270,35,14,16,0,9,40,97,3.2,77,9,2,4,3,2,14,0.46,38,24,21,12,5,69,37.7,43,35,5,30,22,60,46,7,2460,63,598,1123,759,42,2460,60,25,41.7,31,51.7,1386,6489,3345,62,12,41,14,1692,80,79.8,83.0,20,3,48.0,0,1.56,50,47,3,0.1,0.23,46.8,35.6,11.2,0.37,0,24,31,2,1,0,0,138,11,11,50.0,MID,331505.0,exact,331505.0,2025-06-09,20000000.0,331505,1999-05-13,Spain,2026-06-30,184.0,right,25.639972621492127,17.904073587385017,16.811242881518265,657.4081960308658,Developing,False,False,True,False,False,ESP,UEFA,False,False,False,False,False,True
Fabio Miretti,it ITA,"MF,FW",Genoa,it Serie A,20.0,2003.0,25,22,1677,18.6,3,3,6,3,0,0,2,0,3.1,3.1,2.0,5.1,33,54,100,0.32,0.27,24,6,25.0,1.29,0.32,0.13,0.5,17.4,1,0.13,-0.1,-0.1,422,567,74.4,7280,2006,2.1,1.0,22,24,13,2,494,67,20,5,8,61,7,33,7,22,0,6,14,53,2.84,29,11,4,5,4,0,6,0.32,28,15,6,14,8,33,54.5,15,20,1,19,7,35,13,2,847,15,137,407,316,56,847,73,25,34.2,38,52.1,461,2721,1209,22,14,63,36,549,67,49.0,72.0,2,3,31.0,2,1.12,15,23,-8,-0.43,-0.22,17.2,19.8,-2.7,-0.14,0,23,53,2,0,0,0,85,11,23,32.4,MID,571607.0,exact,571607.0,2025-06-17,14000000.0,571607,2003-08-03,Italy,2028-06-30,180.0,right,21.415468856947296,41.9185282522996,16.454567959008102,458.6223063628795,Emerging,False,False,False,False,True,ITA,UEFA,False,False,False,False,False,True
Henrikh Mkhitaryan,am ARM,MF,Inter,it Serie A,35.0,1989.0,31,29,2328,25.9,1,4,5,1,0,0,4,0,1.5,1.5,2.7,4.2,72,199,93,0.19,0.16,23,2,8.7,0.89,0.08,0.04,0.5,21.0,0,0.07,-0.5,-0.5,1326,1518,87.4,21510,5499,4.1,1.3,29,156,53,5,1493,19,11,5,11,22,3,5,1,2,0,6,26,101,3.8,96,2,2,0,1,0,12,0.45,43,24,17,16,10,45,44.4,25,29,5,24,16,59,41,0,1747,45,259,954,541,44,1747,26,7,26.9,19,73.1,1036,5328,2799,56,13,27,15,1301,75,68.1,79.0,12,2,23.0,2,2.13,57,22,35,1.35,0.61,45.0,22.0,23.0,0.86,0,33,24,5,0,0,0,131,23,13,63.9,MID,55735.0,exact,55735.0,2025-06-17,4000000.0,55735,1989-01-21,Armenia,2026-06-30,177.0,both,35.945242984257355,17.904073587385017,15.201805169084134,1292.0604931973025,Declining,False,False,False,False,True,ARM,UEFA,False,False,False,False,False,True
Luka Modrić,hr CRO,MF,Real Madrid,es La Liga,38.0,1985.0,35,17,1827,20.3,2,6,8,2,0,0,7,0,1.6,1.6,7.0,8.5,62,208,63,0.39,0.42,22,6,27.3,1.08,0.3,0.09,0.33,23.1,1,0.07,0.4,0.4,1724,1969,87.6,29739,9647,6.3,-1.0,66,225,34,2,1778,188,82,11,24,112,8,98,48,25,1,3,15,122,6.01,84,33,0,4,0,1,15,0.74,31,20,16,13,2,32,43.8,18,17,5,12,27,58,17,0,2124,39,315,1170,659,26,2124,24,14,58.3,9,37.5,1419,7207,3491,58,13,23,13,1649,52,53.4,84.0,8,18,22.0,2,2.14,42,21,21,1.03,-0.04,42.6,23.5,19.1,0.94,0,23,19,2,0,0,0,105,6,13,31.6,MID,27992.0,exact,27992.0,2025-06-09,4000000.0,27992,1985-09-09,Croatia,2026-06-30,172.0,right,39.31279945242984,17.904073587385017,15.201805169084134,1545.496200786968,Declining,False,False,True,False,False,CRO,UEFA,False,False,False,False,False,True
Jon Moncayola,es ESP,MF,Osasuna,es La Liga,26.0,1998.0,32,26,2099,23.3,0,0,0,0,0,0,8,0,1.6,1.6,3.7,5.3,25,107,51,0.0,0.23,21,9,42.9,0.9,0.39,0.0,0.0,17.9,0,0.08,-1.6,-1.6,738,992,74.4,13615,4472,4.6,-3.7,33,76,25,13,887,100,40,1,9,107,5,47,14,19,0,5,21,67,2.87,46,18,0,2,0,1,4,0.17,70,41,29,33,8,60,51.7,29,34,3,31,11,81,20,0,1198,37,215,635,356,33,1198,12,4,33.3,7,58.3,571,2284,1070,15,6,24,8,727,66,61.4,74.0,6,6,28.0,1,1.34,32,29,3,0.13,0.61,26.0,32.6,-6.6,-0.28,0,34,9,0,0,0,0,91,15,16,48.4,MID,552425.0,exact,552425.0,2025-06-09,7000000.0,552425,1998-05-13,Spain,2031-06-30,182.0,right,26.639288158795345,77.8909329829172,15.76142084987672,709.6516736073339,Peak,False,False,True,False,False,ESP,UEFA,False,False,False,False,False,True
Ilaix Moriba,gn GUI,MF,Celta Vigo,es La Liga,21.0,2003.0,33,22,2132,23.7,1,1,2,1,0,0,9,1,1.7,1.7,1.5,3.2,34,119,64,0.08,0.14,34,11,32.4,1.44,0.46,0.03,0.09,23.7,0,0.05,-0.7,-0.7,843,984,85.7,13441,3569,2.4,-0.5,20,107,19,2,953,27,22,3,11,6,4,0,0,0,0,4,7,55,2.32,40,0,2,5,4,4,5,0.21,68,42,24,30,14,57,56.1,25,29,4,25,14,82,33,1,1305,36,218,740,364,39,1305,49,15,30.6,21,42.9,769,3643,1535,36,9,51,25,905,65,62.3,83.0,13,11,28.0,3,1.3,37,34,3,0.13,0.2,32.5,28.1,4.5,0.19,1,32,58,2,1,0,0,108,24,25,49.0,MID,617074.0,exact,617074.0,2025-06-09,6000000.0,617074,2003-01-19,Guinea,2029-06-30,185.0,right,21.95208761122519,53.90932982917214,15.607270193858982,481.8941504909064,Emerging,False,False,True,False,False,GUI,CAF,False,True,False,False,False,False
Manu Morlanes,es ESP,MF,Mallorca,es La Liga,25.0,1999.0,23,15,1338,14.9,0,0,0,0,0,0,7,0,0.6,0.6,0.3,0.9,16,88,39,0.0,0.06,11,1,9.1,0.74,0.07,0.0,0.0,22.2,0,0.05,-0.6,-0.6,630,709,88.9,10235,3100,0.7,-0.3,10,84,10,3,683,24,19,2,5,8,3,1,0,1,0,2,3,35,2.35,32,1,0,2,0,0,0,0.0,43,27,18,20,5,30,60.0,12,19,8,11,24,67,16,0,845,32,172,519,163,8,845,8,3,37.5,5,62.5,459,2371,1125,23,0,8,10,534,58,39.1,80.0,5,8,17.0,2,1.3,15,15,0,0.0,0.39,15.3,15.8,-0.5,-0.03,0,15,13,0,0,0,0,79,10,16,38.5,MID,335225.0,exact,335225.0,2025-06-09,2500000.0,335225,1999-01-12,Spain,2028-06-30,178.0,right,25.971252566735114,41.9185282522996,14.731801689838349,674.5059598851452,Developing,False,False,True,False,False,ESP,UEFA,False,False,False,False,False,True
Nikola Moro,hr CRO,MF,Bologna,it Serie A,26.0,1998.0,22,15,1208,13.4,0,2,2,0,0,0,1,0,0.5,0.5,0.8,1.3,17,93,21,0.15,0.1,14,2,14.3,1.04,0.15,0.0,0.0,26.1,1,0.03,-0.5,-0.5,646,805,80.2,12659,3406,1.0,1.2,20,98,10,2,741,62,33,1,9,33,2,19,0,13,0,2,11,48,3.56,33,9,1,3,0,2,6,0.44,35,27,7,21,7,33,66.7,11,18,7,11,13,48,18,0,923,19,148,579,201,3,923,12,7,58.3,4,33.3,486,2144,968,11,0,11,4,592,55,35.3,74.0,3,7,14.0,16,1.5,20,21,-1,-0.07,-0.52,18.3,16.2,2.0,0.15,0,22,9,0,0,0,0,73,17,16,51.5,MID,316934.0,exact,316934.0,2025-06-17,4500000.0,316934,1998-03-12,Croatia,2027-06-30,183.0,right,26.809034907597535,29.894875164257556,15.319588176962746,718.7243526767832,Peak,False,False,False,False,True,CRO,UEFA,False,False,False,False,False,True
Raúl Moro,es ESP,"MF,FW",Valladolid,es La Liga,21.0,2002.0,33,26,2341,26.0,4,5,9,4,0,0,2,0,4.1,4.1,5.7,9.8,112,81,190,0.35,0.38,46,16,34.8,1.77,0.62,0.09,0.25,17.8,0,0.09,-0.1,-0.1,517,797,64.9,10214,3063,5.5,-0.7,44,41,38,22,692,100,18,7,14,149,31,51,18,12,1,5,32,94,3.61,57,13,19,1,3,1,9,0.35,22,13,15,4,3,32,40.6,19,8,0,8,10,32,20,1,1050,17,124,389,559,108,1050,132,57,43.2,67,50.8,607,5692,2999,69,60,47,11,713,71,68.5,81.0,15,7,34.0,0,0.48,19,53,-34,-1.31,1.2,26.7,43.4,-16.6,-0.64,0,4,16,12,0,0,0,85,8,16,33.3,MID,624942.0,exact,624942.0,2025-06-09,7500000.0,624942,2002-12-05,Spain,2031-06-30,169.0,right,22.075290896646134,77.8909329829172,15.830413711839864,487.3184681715477,Developing,False,False,True,False,False,ESP,UEFA,False,False,False,False,False,True
Sam Morsy,eg EGY,MF,Ipswich Town,eng Premier League,32.0,1991.0,33,31,2751,30.6,1,1,2,1,0,0,10,0,0.4,0.4,1.2,1.6,22,120,13,0.07,0.05,13,3,23.1,0.43,0.1,0.08,0.33,27.2,0,0.03,0.6,0.6,1249,1445,86.4,20142,5579,1.5,-0.2,24,149,17,4,1388,50,49,2,5,15,0,0,0,0,0,7,22,51,1.67,46,4,0,0,1,0,2,0.07,68,41,40,24,4,62,43.5,35,34,13,21,29,97,47,5,1683,97,498,953,248,6,1683,29,17,58.6,9,31.0,852,4649,2101,24,3,17,13,1137,83,80.4,88.0,23,2,16.0,2,0.64,28,67,-39,-1.28,-0.33,28.3,56.5,-28.2,-0.92,0,48,27,0,0,1,1,157,18,24,42.9,MID,123551.0,exact,123551.0,2025-05-30,500000.0,123551,1991-09-10,Egypt,2026-06-30,175.0,right,33.31143052703628,17.904073587385017,13.122365377402328,1109.6514037575646,Declining,False,True,False,False,False,EGY,CAF,False,True,False,False,False,False
Mason Mount,eng ENG,MF,Manchester Utd,eng Premier League,25.0,1999.0,17,8,622,6.9,1,0,1,1,0,0,3,0,3.2,3.2,0.6,3.8,15,33,41,0.14,0.55,20,9,45.0,2.89,1.3,0.05,0.11,15.0,0,0.17,-2.2,-2.2,207,253,81.8,3015,709,0.6,-0.6,8,19,8,2,238,15,8,2,2,13,3,4,3,1,0,0,8,22,3.18,15,3,0,3,1,0,0,0.0,15,5,5,8,2,12,75.0,3,11,1,10,4,19,4,0,339,11,45,161,137,31,339,10,1,10.0,8,80.0,215,1067,490,11,2,16,9,249,37,18.2,53.0,0,9,22.0,3,0.88,2,11,-9,-1.3,-1.27,9.8,8.1,1.7,0.25,0,16,9,1,0,0,0,18,4,8,33.3,MID,346483.0,exact,346483.0,2025-05-30,28000000.0,346483,1999-01-10,England,2028-06-30,181.0,right,25.976728268309376,41.9185282522996,17.147715103853763,674.7904115255834,Developing,False,True,False,False,False,ENG,UEFA,False,False,False,False,False,True
Louis Mouton,fr FRA,MF,Saint-Étienne,fr Ligue 1,22.0,2002.0,24,12,1045,11.6,0,1,1,0,0,0,2,0,1.3,1.3,1.3,2.6,18,54,51,0.09,0.22,19,3,15.8,1.64,0.26,0.0,0.0,22.5,0,0.07,-1.3,-1.3,442,551,80.2,7284,2076,1.3,-0.3,16,42,13,1,525,23,6,5,4,21,4,13,1,9,0,3,14,28,2.41,22,3,2,0,0,1,2,0.17,49,25,14,25,10,37,59.5,15,17,3,14,10,59,19,0,703,20,153,349,211,24,703,24,12,50.0,12,50.0,366,1633,776,9,2,14,13,456,44,34.2,66.0,0,12,21.0,8,0.96,12,26,-14,-1.21,-0.13,14.7,25.4,-10.7,-0.92,0,24,7,2,0,0,0,63,5,11,31.3,MID,904662.0,exact,904662.0,2025-06-03,700000.0,904662,2002-06-03,France,2028-06-30,180.0,right,22.581793292265573,41.9185282522996,13.45883704259595,509.9373882946104,Developing,False,False,False,True,False,FRA,UEFA,False,False,False,False,False,True
Ngal'Ayel Mukau,cd COD,MF,Lille,fr Ligue 1,19.0,2004.0,22,14,1190,13.2,0,1,1,0,0,0,4,0,0.8,0.8,0.7,1.5,19,57,43,0.08,0.11,11,2,18.2,0.83,0.15,0.0,0.0,22.3,0,0.07,-0.8,-0.8,575,645,89.1,9354,1964,0.7,0.3,12,52,8,1,638,5,0,1,2,5,3,0,0,0,0,2,17,20,1.51,19,0,0,1,0,0,1,0.08,33,18,9,22,2,29,58.6,12,14,0,14,15,48,22,0,778,19,115,466,201,16,778,17,9,52.9,8,47.1,426,1779,851,18,3,18,8,570,54,38.9,75.0,3,8,18.0,7,1.82,24,17,7,0.53,0.1,23.6,17.3,6.4,0.48,0,19,15,0,0,0,0,63,14,14,50.0,MID,1016015.0,fuzzy_verified,1016015.0,2025-06-03,15000000.0,1016015,2004-11-03,DR Congo,2028-06-30,186.0,left,20.161533196440793,41.9185282522996,16.52356082573315,406.48742083118407,Emerging,False,False,False,True,False,COD,CAF,False,True,False,False,False,False
Thomas Müller,de GER,"MF,FW",Bayern Munich,de Bundesliga,34.0,1989.0,30,12,1225,13.6,1,4,5,1,0,0,3,0,3.8,3.8,2.9,6.7,24,50,143,0.37,0.49,30,11,36.7,2.2,0.81,0.03,0.09,15.9,0,0.13,-2.8,-2.8,473,631,75.0,6759,1456,4.1,1.1,35,24,24,12,599,30,7,8,3,46,10,0,0,0,0,2,16,73,5.36,62,2,3,6,0,0,9,0.66,8,5,2,3,3,16,25.0,12,10,0,10,2,10,14,0,763,13,46,274,443,103,763,17,8,47.1,8,47.1,386,1527,828,19,7,24,20,619,41,40.0,72.0,3,18,20.0,4,2.47,37,17,20,1.47,-0.84,32.8,13.0,19.9,1.46,0,14,12,3,0,0,0,24,19,29,39.6,MID,58358.0,exact,58358.0,2025-06-05,6000000.0,58358,1989-09-13,Germany,2026-12-31,185.0,right,35.30184804928131,23.94875164257556,15.607270193858982,1246.2204756945466,Declining,True,False,False,False,False,GER,UEFA,False,False,False,False,False,True
Marshall Munetsi,zw ZIM,"MF,FW",Wolves,eng Premier League,28.0,1996.0,14,12,1078,12.0,2,1,3,2,0,0,0,0,3.3,3.3,1.8,5.1,9,10,35,0.25,0.42,22,7,31.8,1.84,0.58,0.09,0.29,15.0,0,0.15,-1.3,-1.3,152,212,71.7,1898,390,1.1,-0.8,9,7,3,2,205,7,0,1,0,10,1,0,0,0,0,0,5,21,1.75,16,0,0,2,2,1,1,0.08,24,10,7,11,6,23,56.5,10,14,1,13,6,30,18,0,364,21,58,182,128,36,364,11,3,27.3,7,63.6,148,580,215,4,4,32,12,182,77,31.5,84.0,9,2,35.0,0,1.64,18,11,7,0.58,1.43,16.1,14.6,1.5,0.13,0,19,10,3,0,0,0,35,29,23,55.8,MID,414908.0,exact,414908.0,2025-05-30,15000000.0,414908,1996-06-22,Zimbabwe,2026-06-30,188.0,right,28.528405201916495,17.904073587385017,16.52356082573315,813.8699033647362,Peak,False,True,False,False,False,ZIM,CAF,False,True,False,False,False,False
Marshall Munetsi,zw ZIM,MF,Reims,fr Ligue 1,28.0,1996.0,19,19,1692,18.8,4,2,6,4,0,0,5,0,4.0,4.0,2.0,5.9,8,26,48,0.32,0.32,32,10,31.3,1.7,0.53,0.13,0.4,13.2,0,0.12,0.0,0.0,263,384,68.5,3758,1197,1.8,0.0,19,14,5,2,380,2,1,2,0,11,1,0,0,0,0,2,11,41,2.18,31,0,2,3,4,1,4,0.21,36,18,22,9,5,38,57.9,16,27,3,24,17,53,35,0,594,40,139,271,187,60,594,12,6,50.0,6,50.0,206,666,247,7,2,26,5,294,89,55.3,89.0,17,0,,0,1.16,25,27,-2,-0.11,0.68,21.5,30.3,-8.9,-0.47,0,28,31,2,0,0,0,72,41,48,46.1,MID,414908.0,exact,414908.0,2025-05-30,15000000.0,414908,1996-06-22,Zimbabwe,2026-06-30,188.0,right,28.528405201916495,17.904073587385017,16.52356082573315,813.8699033647362,Peak,False,False,False,True,False,ZIM,CAF,False,True,False,False,False,False
Iker Muñoz,es ESP,MF,Osasuna,es La Liga,21.0,2002.0,23,4,610,6.8,0,1,1,0,0,0,2,0,0.5,0.5,1.0,1.4,6,24,10,0.15,0.21,11,0,0.0,1.62,0.0,0.0,,23.8,0,0.04,-0.5,-0.5,239,303,78.9,4147,1069,0.7,0.0,6,30,6,2,299,4,2,1,0,7,1,0,0,0,0,0,9,15,2.21,10,0,1,2,2,0,2,0.29,5,2,3,2,0,9,33.3,6,9,2,7,4,9,12,1,365,14,56,235,75,7,365,4,2,50.0,2,50.0,184,706,314,3,0,6,4,242,27,17.8,59.0,1,19,20.0,5,1.43,10,12,-2,-0.3,-0.23,9.4,12.3,-3.0,-0.44,0,12,14,0,0,0,0,28,10,12,45.5,MID,710677.0,exact,710677.0,2025-06-09,3000000.0,710677,2002-09-05,Spain,2030-06-30,180.0,right,22.324435318275153,65.90013140604468,14.914123179965662,498.38041227985104,Developing,False,False,True,False,False,ESP,UEFA,False,False,False,False,False,True
Javier Muñoz,es ESP,"MF,DF",Las Palmas,es La Liga,29.0,1995.0,35,28,2588,28.8,1,3,4,1,0,0,5,0,1.3,1.3,2.5,3.7,36,108,91,0.14,0.13,25,6,24.0,0.87,0.21,0.04,0.17,21.8,0,0.05,-0.3,-0.3,918,1178,77.9,15854,4646,2.3,0.5,29,115,32,13,1090,85,22,3,18,51,49,3,0,1,1,3,29,58,2.02,44,4,5,0,3,2,8,0.28,45,35,18,17,10,46,34.8,30,27,4,23,31,76,39,3,1411,44,272,814,342,32,1411,36,21,58.3,13,36.1,700,3825,1599,29,7,29,15,939,74,75.7,86.0,20,7,27.0,1,0.91,32,49,-17,-0.59,-0.16,27.7,50.8,-23.1,-0.8,0,30,26,2,0,0,0,112,15,26,36.6,MID,282421.0,fuzzy_verified,282421.0,2025-06-09,2000000.0,282421,1995-02-28,Spain,2028-06-30,177.0,right,29.842573579739906,41.9185282522996,14.508658238524095,890.5791978621902,Peak,False,False,True,False,False,ESP,UEFA,False,False,False,False,False,True
Yunus Musah,us USA,"MF,FW",Milan,it Serie A,21.0,2002.0,29,19,1571,17.5,0,2,2,0,0,0,5,0,1.9,1.9,1.8,3.8,51,84,74,0.11,0.22,22,5,22.7,1.26,0.29,0.0,0.0,19.5,0,0.09,-1.9,-1.9,631,724,87.2,10809,2425,1.5,0.2,23,60,17,7,694,29,7,3,2,24,21,1,0,0,0,1,11,45,2.58,34,1,5,3,1,1,4,0.23,27,19,13,9,5,17,70.6,5,9,1,8,7,34,9,3,888,19,144,468,293,37,888,37,21,56.8,12,32.4,581,4052,2074,44,12,46,13,671,54,45.9,72.0,7,10,21.0,5,1.69,25,24,1,0.06,-0.77,24.9,18.8,6.2,0.35,0,36,17,1,0,0,0,60,8,14,36.4,MID,503991.0,exact,503991.0,2025-06-17,20000000.0,503991,2002-11-29,United States,2026-06-30,178.0,right,22.091718001368925,17.904073587385017,16.811242881518265,488.0440042520078,Developing,False,False,False,False,True,USA,CONCACAF,False,False,True,False,False,False
Jamal Musiala,de GER,MF,Bayern Munich,de Bundesliga,21.0,2003.0,25,21,1798,20.0,12,2,14,12,0,0,3,0,9.3,9.3,4.5,13.8,71,107,156,0.7,0.69,68,31,45.6,3.4,1.55,0.18,0.39,15.1,0,0.14,2.7,2.7,778,942,82.6,10803,2645,5.9,-2.5,41,75,24,0,914,23,2,14,2,8,6,7,0,0,0,5,33,111,5.56,70,1,22,7,9,2,9,0.45,36,21,7,16,13,29,41.4,17,30,0,30,8,44,5,1,1278,7,94,565,636,163,1278,141,72,51.1,59,41.8,792,4412,2300,48,36,67,33,1031,72,58.8,81.0,9,4,24.0,0,2.44,51,18,33,1.65,-0.77,44.6,13.6,31.0,1.55,0,20,55,2,1,0,0,75,7,14,33.3,MID,580195.0,exact,580195.0,2025-06-05,140000000.0,580195,2003-02-26,Germany,2030-06-30,184.0,right,21.848049281314168,65.90013140604468,18.757152987716434,477.33725739873256,Emerging,True,False,False,False,False,GER,UEFA,False,False,False,False,False,True
Almoatasem Al Musrati,ly LBY,MF,Monaco,fr Ligue 1,28.0,1996.0,10,3,386,4.3,1,1,2,1,0,0,0,0,0.5,0.5,0.4,0.9,2,41,5,0.47,0.21,11,3,27.3,2.56,0.7,0.09,0.33,18.4,0,0.04,0.5,0.5,255,291,87.6,4815,1607,0.5,0.6,5,38,4,0,280,10,10,4,5,0,0,0,0,0,0,1,0,15,3.51,12,0,1,2,0,0,1,0.23,14,11,5,8,1,11,63.6,4,3,1,2,5,19,9,0,339,6,55,209,76,7,339,4,2,50.0,2,50.0,195,757,401,5,0,3,2,237,39,12.6,74.0,1,7,23.0,1,1.7,10,4,6,1.4,0.86,13.8,3.5,10.3,2.41,0,5,3,0,0,0,0,19,17,5,77.3,MID,377641.0,fuzzy_verified,377641.0,2025-06-03,8000000.0,377641,1996-04-06,Libya,2026-06-30,189.0,right,28.739219712525667,17.904073587385017,15.894952224644102,825.9427496848239,Peak,False,False,False,True,False,LBY,CAF,False,True,False,False,False,False
Junior Mwanga,fr FRA,MF,Le Havre,fr Ligue 1,21.0,2003.0,11,11,952,10.6,1,2,3,1,0,0,1,1,1.3,1.3,1.0,2.3,15,42,15,0.28,0.22,16,3,18.8,1.51,0.28,0.06,0.33,19.5,2,0.08,-0.3,-0.3,366,445,82.2,7166,2289,1.4,1.0,7,37,4,2,418,26,14,1,4,21,2,10,9,1,0,1,3,24,2.27,17,4,0,3,0,0,5,0.47,26,16,10,13,3,19,57.9,8,10,3,7,8,34,18,2,555,27,156,322,88,12,555,16,7,43.8,9,56.3,315,1751,844,7,2,9,15,342,87,31.1,87.0,9,0,,0,1.18,17,23,-6,-0.57,0.5,14.2,20.8,-6.6,-0.62,0,19,6,0,0,0,0,61,9,7,56.3,MID,1011200.0,exact,1011200.0,2025-06-03,6000000.0,1011200,2003-05-11,France,2027-06-30,184.0,both,21.645448323066393,29.894875164257556,15.607270193858982,468.5254331065377,Emerging,False,False,False,True,False,FRA,UEFA,False,False,False,False,False,True
Junior Mwanga,fr FRA,MF,Strasbourg,fr Ligue 1,21.0,2003.0,8,2,296,3.3,0,0,0,0,0,0,0,0,0.0,0.0,0.0,0.0,2,10,2,0.0,0.01,0,0,,0.0,0.0,,,,0,,0.0,0.0,133,147,90.5,2097,556,0.1,0.0,1,11,0,0,144,3,3,0,1,0,0,0,0,0,0,0,1,2,0.61,2,0,0,0,0,0,0,0.0,17,9,9,7,1,9,55.6,4,2,0,2,2,19,2,0,177,6,55,113,13,1,177,6,2,33.3,4,66.7,99,428,138,2,0,5,6,119,37,9.7,82.0,1,6,22.0,9,1.5,3,7,-4,-1.22,-1.74,3.2,7.5,-4.3,-1.32,0,6,1,0,0,0,0,16,2,0,100.0,MID,1011200.0,exact,1011200.0,2025-06-03,6000000.0,1011200,2003-05-11,France,2027-06-30,184.0,both,21.645448323066393,29.894875164257556,15.607270193858982,468.5254331065377,Emerging,False,False,False,True,False,FRA,UEFA,False,False,False,False,False,True
Bilal Nadir,ma MAR,MF,Marseille,fr Ligue 1,20.0,2003.0,15,5,383,4.3,1,0,1,1,0,0,2,0,0.6,0.6,0.4,1.0,18,18,25,0.23,0.24,8,3,37.5,1.88,0.7,0.13,0.33,18.4,1,0.07,0.4,0.4,220,252,87.3,3076,571,0.4,-0.4,7,15,5,0,237,14,10,1,0,6,0,3,1,0,0,1,9,17,3.99,11,1,1,1,2,1,1,0.23,10,3,4,6,0,6,66.7,2,6,1,5,4,14,7,0,305,7,44,159,107,11,305,9,4,44.4,2,22.2,167,1027,563,12,3,7,8,232,26,12.5,54.0,0,10,11.0,6,2.13,7,8,-1,-0.23,-1.18,8.2,6.6,1.6,0.38,0,4,11,0,0,0,0,19,4,2,66.7,MID,659520.0,exact,659520.0,2025-06-03,5000000.0,659520,2003-11-28,Morocco,2026-06-30,179.0,left,21.09514031485284,17.904073587385017,15.424948670398354,445.00494490332966,Emerging,False,False,False,True,False,MAR,CAF,False,True,False,False,False,False
Sebastian Nanasi,se SWE,"MF,FW",Strasbourg,fr Ligue 1,22.0,2002.0,31,26,2107,23.4,6,4,10,6,0,0,1,0,6.5,6.5,4.9,11.4,53,126,127,0.43,0.49,28,12,42.9,1.2,0.51,0.21,0.5,12.4,1,0.23,-0.5,-0.5,643,812,79.2,9577,2783,4.7,-0.9,37,74,39,2,721,89,14,10,1,66,9,55,21,26,0,2,13,85,3.63,61,16,2,4,1,1,17,0.73,20,13,6,12,2,22,36.4,14,24,3,21,7,27,18,0,992,22,141,471,393,73,992,40,19,47.5,19,47.5,557,2735,1563,41,15,20,15,690,68,68.9,77.0,4,5,21.0,1,1.77,38,32,6,0.26,-0.31,36.2,40.7,-4.5,-0.19,0,9,17,1,0,0,0,71,3,11,21.4,MID,579928.0,exact,579928.0,2025-06-03,18000000.0,579928,2002-05-16,Sweden,2029-06-30,178.0,right,22.63107460643395,53.90932982917214,16.705882371415992,512.1655378419795,Developing,False,False,False,True,False,SWE,UEFA,False,False,False,False,False,True
Roberto Navarro,es ESP,"MF,FW",Mallorca,es La Liga,22.0,2002.0,23,15,1278,14.2,1,0,1,1,0,0,3,0,2.0,2.0,1.9,3.9,45,51,85,0.07,0.28,18,6,33.3,1.27,0.42,0.06,0.17,16.2,0,0.11,-1.0,-1.0,357,473,75.5,5122,1424,1.5,-1.9,13,27,14,3,451,17,5,5,0,29,5,7,2,2,0,5,13,44,3.1,36,1,4,1,2,0,2,0.14,29,22,14,11,4,19,47.4,10,18,0,18,19,48,12,0,683,16,112,316,278,42,683,67,35,52.2,21,31.3,425,2777,1409,46,10,47,34,441,56,37.4,71.0,0,8,27.0,2,1.48,13,13,0,0.0,0.38,16.5,14.2,2.3,0.16,0,14,21,2,0,0,0,94,5,9,35.7,MID,563137.0,fuzzy_verified,563137.0,2025-06-09,6000000.0,563137,2002-04-12,Spain,2030-06-30,178.0,right,22.72416153319644,65.90013140604468,15.607270193858982,516.3875173868048,Developing,False,False,True,False,False,ESP,UEFA,False,False,False,False,False,True
Rassoul Ndiaye,sn SEN,MF,Le Havre,fr Ligue 1,22.0,2001.0,27,11,1061,11.8,1,0,1,1,0,0,2,0,1.7,1.7,0.6,2.4,6,46,30,0.08,0.2,18,5,27.8,1.53,0.42,0.06,0.2,18.1,0,0.1,-0.7,-0.7,325,441,73.7,5176,1445,0.9,-0.6,10,30,9,3,414,24,11,1,2,32,1,11,9,1,0,3,13,22,1.87,16,2,0,2,1,1,2,0.17,35,25,19,12,4,25,44.0,14,15,4,11,12,47,24,0,578,34,172,260,151,22,578,12,3,25.0,9,75.0,261,1223,450,5,0,15,4,324,39,34.7,71.0,1,16,18.0,6,1.26,12,20,-8,-0.68,0.36,14.1,21.8,-7.7,-0.65,0,12,10,1,1,0,0,66,13,21,38.2,MID,662242.0,exact,662242.0,2025-06-03,2000000.0,662242,2001-12-11,Senegal,2028-06-30,179.0,right,23.058179329226558,41.9185282522996,14.508658238524095,531.6796339787709,Developing,False,False,False,True,False,SEN,CAF,False,True,False,False,False,False
Wilfred Ndidi,ng NGA,MF,Leicester City,eng Premier League,27.0,1996.0,28,28,2324,25.8,0,5,5,0,0,0,8,0,2.0,2.0,1.9,3.9,18,70,75,0.19,0.15,22,8,36.4,0.85,0.31,0.0,0.0,13.9,0,0.09,-2.0,-2.0,839,1045,80.3,12034,3031,1.5,3.1,17,68,11,3,1020,22,13,4,4,30,9,0,0,0,0,3,26,31,1.2,29,0,1,1,0,0,4,0.15,85,51,45,32,8,61,49.2,31,47,19,28,31,116,80,0,1400,119,461,699,253,61,1400,33,13,39.4,18,54.5,670,2727,1101,23,2,37,33,834,83,68.0,83.0,15,0,,0,0.79,24,48,-24,-0.93,0.96,20.7,48.3,-27.7,-1.07,0,39,18,3,0,0,1,127,61,59,50.8,MID,274839.0,exact,274839.0,2025-05-30,15000000.0,274839,1996-12-16,Nigeria,2028-06-30,183.0,right,28.043805612594113,41.9185282522996,16.52356082573315,786.455033236965,Peak,False,True,False,False,False,NGA,CAF,False,True,False,False,False,False
Tanguy Ndombele,fr FRA,MF,Nice,fr Ligue 1,27.0,1996.0,18,12,1131,12.6,1,2,3,1,0,0,2,0,2.4,2.4,2.4,4.8,22,61,36,0.24,0.38,11,2,18.2,0.88,0.16,0.09,0.5,13.8,0,0.21,-1.4,-1.4,415,476,87.2,6290,1904,1.3,-0.4,18,41,8,0,457,15,14,6,0,3,0,0,0,0,0,4,3,31,2.46,23,1,2,2,2,1,4,0.32,35,23,10,21,4,20,60.0,8,9,0,9,14,49,9,0,611,17,100,398,120,25,611,47,25,53.2,19,40.4,366,1783,923,8,6,28,21,436,63,37.0,82.0,2,6,24.0,1,1.89,29,19,10,0.8,0.1,25.0,15.5,9.5,0.76,0,10,28,0,0,0,0,67,3,10,23.1,MID,450936.0,exact_accent_stripped,450936.0,2025-06-03,7000000.0,450936,1996-12-28,France,2026-06-30,181.0,right,28.01095140314853,17.904073587385017,15.76142084987672,784.6133985095485,Peak,False,False,False,True,False,FRA,UEFA,False,False,False,False,False,True
Cher Ndour,it ITA,"MF,DF",Fiorentina,it Serie A,20.0,2004.0,9,4,406,4.5,0,0,0,0,0,0,1,0,0.1,0.1,0.0,0.2,12,17,26,0.0,0.04,4,0,0.0,0.89,0.0,0.0,,20.2,0,0.04,-0.1,-0.1,184,227,81.1,2792,521,0.1,0.0,1,15,3,3,221,4,2,0,1,7,2,0,0,0,0,2,5,10,2.22,8,0,0,0,1,1,0,0.0,4,1,2,1,1,10,20.0,8,5,1,4,2,6,7,1,265,7,50,146,72,8,265,4,2,50.0,1,25.0,155,988,388,7,1,5,6,186,45,11.9,83.0,2,5,15.0,6,1.11,2,6,-4,-0.89,-1.57,5.6,7.4,-1.9,-0.42,0,6,7,0,0,0,0,20,14,14,50.0,MID,651005.0,exact,651005.0,2025-06-17,5000000.0,651005,2004-07-27,Italy,2029-06-30,190.0,right,20.432580424366872,53.90932982917214,15.424948670398354,417.4903427982203,Emerging,False,False,False,False,True,ITA,UEFA,False,False,False,False,False,True
Paul Nebel,de GER,MF,Mainz 05,de Bundesliga,21.0,2002.0,31,26,2345,26.1,10,4,14,10,0,0,5,1,5.8,5.8,4.1,9.8,67,91,219,0.54,0.38,44,18,40.9,1.69,0.69,0.23,0.56,17.1,0,0.13,4.2,4.2,853,1167,73.1,13018,2789,5.6,-0.1,35,38,41,19,1115,49,9,12,4,111,22,17,4,9,1,3,62,84,3.23,57,5,7,4,9,2,6,0.23,38,24,11,18,9,35,31.4,24,54,4,50,13,51,30,2,1516,29,182,635,717,73,1516,64,25,39.1,36,56.3,894,4572,1820,45,19,67,43,1079,76,76.6,87.0,17,5,18.0,2,1.52,41,28,13,0.5,0.62,39.1,34.0,5.0,0.19,1,37,36,5,0,0,0,124,17,58,22.7,MID,503160.0,exact,503160.0,2025-06-05,24000000.0,503160,2002-10-10,Germany,2027-06-30,169.0,both,22.22861054072553,29.894875164257556,16.993564429978885,494.11112657125415,Developing,True,False,False,False,False,GER,UEFA,False,False,False,False,False,True
Florian Neuhaus,de GER,MF,Gladbach,de Bundesliga,27.0,1997.0,18,2,382,4.2,0,1,1,0,0,0,1,0,0.6,0.6,0.3,0.9,10,27,8,0.24,0.22,9,3,33.3,2.12,0.71,0.0,0.0,20.9,0,0.07,-0.6,-0.6,194,233,83.3,3468,1108,0.6,0.7,6,19,7,3,220,11,8,0,3,9,2,0,0,0,0,2,3,17,4.02,14,0,2,1,0,0,1,0.24,10,3,7,3,0,17,41.2,10,9,2,7,6,16,5,1,292,11,68,176,52,9,292,9,5,55.6,4,44.4,159,871,530,10,1,9,1,193,21,12.5,83.0,1,16,14.0,12,1.17,5,9,-4,-0.94,-1.01,4.9,8.9,-4.1,-0.96,0,4,7,0,0,0,0,24,0,2,0.0,MID,278332.0,exact,278332.0,2025-06-05,3500000.0,278332,1997-03-16,Germany,2027-06-30,185.0,right,27.797399041752225,29.894875164257556,15.068273812173887,772.6953934864075,Peak,True,False,False,False,False,GER,UEFA,False,False,False,False,False,True
João Neves,pt POR,"MF,DF",Paris S-G,fr Ligue 1,19.0,2004.0,29,22,1844,20.5,3,8,11,3,0,0,1,0,3.0,3.0,4.0,7.0,35,144,80,0.54,0.34,28,11,39.3,1.37,0.54,0.11,0.27,13.7,0,0.11,0.0,0.0,1491,1634,91.2,23851,5397,3.9,4.0,33,128,22,2,1538,93,35,11,17,15,48,0,0,0,0,3,13,68,3.32,56,1,3,2,3,3,14,0.68,63,31,20,26,17,45,60.0,18,29,9,20,23,86,22,1,1851,46,323,1051,494,55,1851,30,16,53.3,11,36.7,1018,4913,2262,44,3,26,16,1397,64,60.3,78.0,11,7,20.0,4,2.52,60,23,37,1.81,0.33,52.5,20.9,31.6,1.54,0,17,33,3,0,0,0,123,21,12,63.6,MID,670681.0,exact,670681.0,2025-06-03,80000000.0,670681,2004-09-27,Portugal,2029-06-30,171.0,right,20.262833675564682,53.90932982917214,18.197537205138154,410.5824285635981,Emerging,False,False,False,True,False,POR,UEFA,False,False,False,False,False,True
Yvan Neyou,cm CMR,MF,Leganés,es La Liga,27.0,1997.0,30,27,2312,25.7,1,1,2,1,0,0,14,0,0.6,0.6,0.6,1.3,24,96,30,0.08,0.05,16,3,18.8,0.62,0.12,0.06,0.33,25.8,0,0.04,0.4,0.4,974,1127,86.4,15217,3867,1.1,0.4,13,86,10,1,1097,21,20,2,9,15,1,0,0,0,0,9,13,30,1.17,25,0,2,0,3,0,2,0.08,53,33,21,26,6,47,46.8,25,35,5,30,26,79,38,1,1379,45,325,878,194,9,1379,42,19,45.2,17,40.5,806,3496,1480,26,1,28,21,934,77,67.6,83.0,15,3,26.0,1,0.9,25,36,-11,-0.43,0.06,23.5,42.3,-18.8,-0.73,0,33,50,0,0,0,0,121,22,19,53.7,MID,469669.0,exact,469669.0,2025-06-09,3000000.0,469669,1997-01-03,Cameroon,2026-06-30,180.0,right,27.994524298425734,17.904073587385017,14.914123179965662,783.6933906951489,Peak,False,False,True,False,False,CMR,CAF,False,True,False,False,False,False
Hans Nicolussi Caviglia,it ITA,MF,Venezia,it Serie A,24.0,2000.0,35,33,2861,31.8,4,2,6,4,0,0,7,1,2.4,2.4,2.1,4.5,20,140,22,0.19,0.14,53,20,37.7,1.67,0.63,0.08,0.2,27.0,19,0.04,1.6,1.6,1119,1411,79.3,19770,6616,2.3,-0.1,29,123,15,1,1255,152,80,5,24,72,0,51,22,16,0,4,28,66,2.08,40,21,3,2,0,0,4,0.13,47,28,17,22,8,64,45.3,35,39,12,27,28,75,55,2,1739,85,389,997,375,11,1739,50,17,34.0,29,58.0,901,4565,1704,24,1,40,37,1027,82,83.7,85.0,22,2,25.0,0,0.74,26,48,-22,-0.69,-0.37,29.9,50.3,-20.4,-0.64,1,50,39,0,0,1,0,147,27,23,54.0,MID,430280.0,exact,430280.0,2025-06-17,8500000.0,430280,2000-06-18,Italy,2030-06-30,184.0,right,24.539356605065024,65.90013140604468,15.955576839107596,602.1800225905484,Developing,False,False,False,False,True,ITA,UEFA,False,False,False,False,False,True
Saúl Ñíguez,es ESP,MF,Sevilla,es La Liga,29.0,1994.0,24,17,1553,17.3,1,6,7,1,0,0,8,1,2.8,2.8,2.5,5.3,13,66,39,0.41,0.31,42,9,21.4,2.43,0.52,0.02,0.11,19.2,2,0.07,-1.8,-1.8,516,659,78.3,8573,2296,2.3,3.5,22,51,8,2,644,13,6,3,4,19,3,1,1,0,0,2,15,50,2.9,38,0,0,8,1,3,8,0.46,47,32,16,24,7,31,38.7,19,25,2,23,22,69,34,0,904,35,206,482,226,49,904,28,12,42.9,13,46.4,386,1971,829,15,3,26,13,536,65,45.4,80.0,8,7,27.0,2,1.0,14,20,-6,-0.35,-0.01,17.7,18.7,-1.0,-0.06,0,44,11,1,0,1,0,86,40,33,54.8,MID,148928.0,exact,148928.0,2025-06-09,3000000.0,148928,1994-11-21,Spain,2028-12-31,184.0,left,30.11362080766598,47.96320630749014,14.914123179965662,906.8301581478936,Declining,False,False,True,False,False,ESP,UEFA,False,False,False,False,False,True
Tamás Nikitscher,hu HUN,"MF,DF",Valladolid,es La Liga,24.0,1999.0,13,9,858,9.5,0,0,0,0,0,0,2,0,0.1,0.1,0.0,0.1,2,13,7,0.0,0.01,2,1,50.0,0.21,0.1,0.0,0.0,20.3,0,0.04,-0.1,-0.1,284,311,91.3,4518,985,0.1,0.0,2,13,1,0,305,6,6,0,1,1,0,0,0,0,0,0,1,4,0.42,4,0,0,0,0,0,0,0.0,17,8,8,9,0,13,61.5,5,17,4,13,11,28,16,1,401,29,143,233,31,6,401,7,5,71.4,1,14.3,189,1151,400,5,0,6,9,236,66,25.1,86.0,8,4,20.0,4,0.08,3,25,-22,-2.31,-0.83,8.4,16.9,-8.5,-0.9,0,18,9,0,0,0,0,34,15,9,62.5,MID,633056.0,exact,633056.0,2025-06-09,1000000.0,633056,1999-11-03,Hungary,2029-06-30,193.0,right,25.163586584531142,53.90932982917214,13.815511557963774,633.2060897971957,Developing,False,False,True,False,False,HUN,UEFA,False,False,False,False,False,True
Felix Nmecha,de GER,MF,Dortmund,de Bundesliga,23.0,2000.0,26,19,1509,16.8,4,1,5,4,0,0,3,0,1.3,1.3,1.1,2.4,21,85,27,0.3,0.15,18,6,33.3,1.07,0.36,0.22,0.67,20.5,0,0.07,2.7,2.7,794,903,87.9,14123,3259,1.1,-0.1,14,91,12,0,889,12,12,4,9,6,0,0,0,0,0,2,12,32,1.91,25,0,3,2,2,0,6,0.36,34,22,6,19,9,22,54.5,10,20,5,15,23,57,30,1,1083,54,217,651,228,19,1083,26,17,65.4,4,15.4,632,3273,1437,21,4,19,14,782,58,49.3,73.0,9,7,19.0,0,1.73,41,28,13,0.78,0.37,28.7,22.7,6.1,0.36,0,22,26,0,1,1,0,85,23,20,53.5,MID,406640.0,exact,406640.0,2025-06-05,28000000.0,406640,2000-10-10,Germany,2030-06-30,190.0,right,24.227241615331966,65.90013140604468,17.147715103853763,586.9592362876731,Developing,True,False,False,False,False,GER,UEFA,False,False,False,False,False,True
Antonio Nusa,no NOR,"MF,DF",RB Leipzig,de Bundesliga,19.0,2005.0,25,16,1558,17.3,3,3,6,3,0,0,0,0,1.6,1.6,2.8,4.4,57,52,123,0.35,0.26,24,7,29.2,1.39,0.4,0.13,0.43,19.0,0,0.07,1.4,1.4,420,566,74.2,5993,1905,2.6,0.2,20,31,20,6,534,28,10,8,1,35,17,1,0,1,0,4,16,41,2.37,29,0,8,0,4,0,5,0.29,30,17,16,9,5,36,50.0,18,22,2,20,8,38,11,0,802,19,137,316,362,54,802,86,39,45.3,39,45.3,480,3164,1634,36,26,38,31,557,62,50.9,83.0,10,9,25.0,0,1.52,35,27,8,0.46,0.64,25.1,29.0,-4.0,-0.23,0,14,28,9,0,1,0,78,6,15,28.6,MID,894914.0,exact,894914.0,2025-06-05,28000000.0,894914,2005-04-17,Norway,2029-06-30,183.0,right,19.709787816564,53.90932982917214,17.147715103853763,388.47573577397463,Emerging,True,False,False,False,False,NOR,UEFA,False,False,False,False,False,True
Rabby Nzingoula,cg CGO,MF,Montpellier,fr Ligue 1,18.0,2005.0,27,20,1689,18.8,1,0,1,1,0,0,11,0,1.0,1.0,1.6,2.6,25,40,38,0.05,0.14,19,6,31.6,1.01,0.32,0.05,0.17,20.7,0,0.06,0.0,0.0,454,592,76.7,7468,1487,1.2,-1.6,8,32,6,0,578,11,8,7,2,16,1,2,0,0,0,3,27,35,1.92,22,0,2,1,6,4,0,0.0,64,42,26,31,7,58,46.6,31,27,5,22,29,93,23,0,850,38,238,429,206,23,850,52,25,48.1,22,42.3,454,2589,1138,30,6,33,23,503,63,55.2,74.0,5,7,31.0,1,0.56,12,40,-28,-1.49,0.35,19.6,31.4,-11.8,-0.65,0,37,43,2,0,0,0,99,17,20,45.9,MID,1068110.0,exact,1068110.0,2025-06-03,2500000.0,1068110,2005-11-25,France,2026-06-30,183.0,right,19.10198494182067,17.904073587385017,14.731801689838349,364.8858287175437,Emerging,False,False,False,True,False,CGO,CAF,False,True,False,False,False,False
Christian Nørgaard,dk DEN,MF,Brentford,eng Premier League,30.0,1994.0,34,34,2819,31.3,5,4,9,5,0,0,8,1,4.3,4.3,1.3,5.6,14,154,42,0.29,0.18,39,15,38.5,1.25,0.48,0.13,0.33,14.3,0,0.11,0.7,0.7,1164,1427,81.6,19339,6409,1.4,2.7,18,137,27,4,1391,30,19,4,5,17,10,0,0,0,0,6,25,58,1.85,48,0,0,7,2,1,13,0.42,79,49,37,35,7,81,59.3,33,52,20,32,49,128,70,1,1802,176,613,855,350,57,1802,14,7,50.0,5,35.7,826,3115,1391,16,4,34,20,1075,83,82.4,83.0,22,0,,0,1.59,55,45,10,0.32,0.47,50.3,43.7,6.6,0.21,0,44,28,1,0,0,0,193,49,30,62.0,MID,148367.0,exact,148367.0,2025-05-30,11000000.0,148367,1994-03-10,Denmark,2027-06-30,187.0,right,30.8145106091718,29.894875164257556,16.213405921671733,949.5340640827615,Declining,False,True,False,False,False,DEN,UEFA,False,False,False,False,False,True
Matt O'Riley,dk DEN,MF,Brighton,eng Premier League,23.0,2000.0,21,11,938,10.4,2,2,4,1,1,1,1,0,2.8,2.0,2.4,4.4,22,38,52,0.29,0.5,21,6,28.6,2.01,0.58,0.05,0.17,17.6,2,0.1,-0.8,-1.0,316,413,76.5,5018,1362,2.0,-0.4,21,30,8,1,345,67,13,2,2,51,1,36,23,8,0,1,15,40,3.84,23,11,1,2,1,2,5,0.48,16,9,4,8,4,13,30.8,9,7,3,4,13,29,9,1,525,20,80,232,215,47,524,13,8,61.5,4,30.8,275,1139,544,12,8,19,4,307,45,27.4,68.0,0,10,19.0,3,1.48,17,20,-3,-0.29,-0.65,17.2,14.3,2.8,0.27,0,16,13,2,1,0,1,29,5,8,38.5,MID,406634.0,exact,406634.0,2025-05-30,22000000.0,406634,2000-11-21,Denmark,2029-06-30,189.0,left,24.112251882272417,53.90932982917214,16.906553056777135,581.4006908341497,Developing,False,True,False,False,False,DEN,UEFA,False,False,False,False,False,True
Jens Odgaard,dk DEN,"MF,FW",Bologna,it Serie A,25.0,1999.0,29,24,1952,21.7,6,1,7,6,0,0,1,0,3.6,3.6,1.8,5.4,35,50,99,0.32,0.25,49,22,44.9,2.26,1.01,0.12,0.27,19.5,1,0.07,2.4,2.4,374,500,74.8,5524,1386,1.4,-0.8,16,34,15,3,484,12,2,2,2,24,5,5,3,1,0,4,22,45,2.08,28,0,5,8,4,0,6,0.28,20,14,3,12,5,21,28.6,15,19,2,17,9,29,12,1,759,11,60,340,368,68,759,53,15,28.3,29,54.7,454,2628,1024,26,12,56,33,548,67,57.1,76.0,4,5,26.0,3,1.93,38,20,18,0.83,1.32,28.4,18.2,10.2,0.47,0,42,44,4,0,0,0,70,43,62,41.0,MID,345590.0,exact,345590.0,2025-06-17,12000000.0,345590,1999-03-31,Denmark,2029-06-30,188.0,left,25.75770020533881,53.90932982917214,16.300417291085605,663.459119868111,Developing,False,False,False,False,True,DEN,UEFA,False,False,False,False,False,True
Hamzat Ojediran,ng NGA,"MF,FW",Lens,fr Ligue 1,20.0,2003.0,17,1,416,4.6,1,0,1,1,0,0,5,0,0.6,0.6,0.4,1.0,4,22,2,0.22,0.22,10,3,30.0,2.16,0.65,0.1,0.33,22.1,0,0.06,0.4,0.4,203,254,79.9,3132,917,0.4,-0.4,2,21,2,0,248,4,1,3,0,2,3,0,0,0,0,2,2,9,1.96,6,0,0,3,0,0,2,0.44,28,15,12,13,3,19,36.8,12,10,2,8,10,38,7,0,343,11,77,199,70,7,343,11,6,54.5,4,36.4,151,721,261,8,0,6,0,172,24,13.6,76.0,0,16,21.0,8,1.47,6,7,-1,-0.22,-0.35,7.4,5.5,1.8,0.4,0,17,3,1,0,0,0,26,9,15,37.5,MID,718312.0,exact,718312.0,2025-06-03,1800000.0,718312,2003-11-14,Nigeria,2029-06-30,180.0,right,21.13347022587269,53.90932982917214,14.403297778421795,446.62356378784744,Emerging,False,False,False,True,False,NGA,CAF,False,True,False,False,False,False
Kazeem Olaigbe,be BEL,"MF,FW",Rennes,fr Ligue 1,21.0,2003.0,10,3,299,3.3,0,2,2,0,0,0,0,0,0.3,0.3,1.9,2.2,17,18,32,0.6,0.67,6,2,33.3,1.81,0.6,0.0,0.0,21.2,0,0.05,-0.3,-0.3,124,141,87.9,1749,319,1.5,0.1,15,2,8,2,138,3,0,1,2,10,0,2,1,1,0,0,3,25,7.53,21,1,2,1,0,0,4,1.2,6,4,3,3,0,6,50.0,3,3,1,2,0,6,0,0,176,2,16,69,94,15,176,22,13,59.1,9,40.9,111,816,474,6,9,3,5,140,30,9.8,66.0,0,7,14.0,2,1.2,5,5,0,0.0,-0.03,6.1,5.9,0.2,0.05,0,6,1,2,0,0,0,13,0,1,0.0,MID,565406.0,exact,565406.0,2025-06-03,5000000.0,565406,2003-01-02,Belgium,2026-06-30,178.0,right,21.998631074606433,17.904073587385017,15.424948670398354,483.9397691566398,Emerging,False,False,False,True,False,BEL,UEFA,False,False,False,False,False,True
Finn Ole Becker,de GER,MF,Hoffenheim,de Bundesliga,24.0,2000.0,13,7,670,7.4,0,1,1,0,0,0,1,0,0.1,0.1,0.3,0.4,3,45,7,0.13,0.05,4,2,50.0,0.54,0.27,0.0,0.0,28.4,0,0.03,-0.1,-0.1,316,383,82.5,5058,1752,0.4,0.7,8,38,7,1,378,5,3,0,1,8,1,1,0,0,0,0,3,20,2.69,17,0,2,0,1,0,3,0.4,11,5,4,6,1,4,25.0,3,7,3,4,10,21,20,0,461,21,118,274,75,2,461,14,6,42.9,6,42.9,256,1010,469,7,0,9,8,300,52,21.9,85.0,5,6,12.0,6,1.08,8,13,-5,-0.67,-0.03,9.0,13.7,-4.6,-0.62,0,5,7,0,0,0,0,50,7,2,77.8,MID,334999.0,fuzzy_verified,334999.0,2025-06-05,2000000.0,334999,2000-06-08,Germany,,177.0,left,24.566735112936346,,14.508658238524095,603.5244741091796,Developing,True,False,False,False,False,GER,UEFA,False,False,False,False,False,True
Dani Olmo,es ESP,"MF,FW",Barcelona,es La Liga,26.0,1998.0,25,13,1212,13.5,10,3,13,8,2,2,1,0,6.5,4.9,3.0,7.9,33,81,97,0.82,0.7,40,15,37.5,2.97,1.11,0.2,0.53,18.1,1,0.12,3.5,3.1,520,641,81.1,7634,2216,3.7,0.0,26,49,29,1,611,28,10,11,6,21,0,11,6,2,0,2,18,66,4.9,46,2,7,5,5,1,12,0.89,16,11,8,5,3,14,28.6,10,6,3,3,3,19,11,1,797,18,64,351,390,77,795,45,23,51.1,17,37.8,505,2477,1363,35,7,35,26,662,48,35.4,66.0,0,12,30.0,2,2.28,40,10,30,2.23,0.88,36.5,16.4,20.1,1.49,0,21,27,1,3,0,0,46,9,9,50.0,MID,293385.0,exact,293385.0,2025-06-09,60000000.0,293385,1998-05-07,Spain,2030-06-30,179.0,right,26.65571526351814,65.90013140604468,17.909855136853043,710.5271562097539,Peak,False,False,True,False,False,ESP,UEFA,False,False,False,False,False,True
Ado Onaiwu,jp JPN,"MF,FW",Auxerre,fr Ligue 1,28.0,1995.0,31,9,957,10.6,4,1,5,4,0,0,1,1,4.0,4.0,1.1,5.1,17,33,74,0.47,0.47,23,14,60.9,2.16,1.32,0.17,0.29,13.9,0,0.18,0.0,0.0,241,329,73.3,3189,813,1.1,-0.1,10,21,9,4,321,4,0,1,0,7,1,0,0,0,0,4,14,28,2.63,23,0,0,2,2,1,1,0.09,11,7,2,6,3,14,28.6,10,12,0,12,3,14,12,0,458,9,51,223,193,30,458,25,11,44.0,13,52.0,268,1363,687,17,4,29,22,346,31,31.3,69.0,1,22,15.0,2,1.23,18,18,0,0.0,0.13,14.3,21.6,-7.4,-0.69,0,9,12,3,0,0,0,45,37,26,58.7,MID,308133.0,exact,308133.0,2025-06-03,1500000.0,308133,1995-11-08,Japan,,180.0,right,29.149897330595483,,14.220976332738882,849.7165143842576,Peak,False,False,False,True,False,JPN,AFC,True,False,False,False,False,False
Amadou Onana,be BEL,MF,Aston Villa,eng Premier League,22.0,2001.0,26,20,1617,18.0,3,0,3,3,0,0,4,0,2.1,2.1,0.7,2.8,29,75,16,0.17,0.16,17,6,35.3,0.95,0.33,0.18,0.5,14.7,0,0.12,0.9,0.9,703,802,87.7,11058,2897,0.8,-0.7,10,69,12,2,796,5,4,3,0,2,0,0,0,0,0,1,11,32,1.78,25,2,1,4,0,0,4,0.22,55,30,23,26,6,29,55.2,13,16,7,9,26,81,41,3,998,71,269,586,159,23,998,20,14,70.0,3,15.0,553,2931,1577,25,1,11,9,671,62,47.3,74.0,7,6,24.0,2,1.77,25,23,2,0.11,-0.14,24.1,23.4,0.8,0.04,0,32,30,0,0,0,0,72,32,21,60.4,MID,485706.0,exact,485706.0,2025-05-30,50000000.0,485706,2001-08-16,Belgium,2029-06-30,192.0,right,23.378507871321013,53.90932982917214,17.72753358339242,546.5546302894186,Developing,False,True,False,False,False,BEL,UEFA,False,False,False,False,False,True
Jean Onana,cm CMR,MF,Genoa,it Serie A,24.0,2000.0,9,2,304,3.4,0,0,0,0,0,0,1,0,0.0,0.0,0.1,0.1,1,11,4,0.0,0.03,1,0,0.0,0.3,0.0,0.0,,40.8,0,0.02,0.0,0.0,108,134,80.6,1788,423,0.1,-0.1,2,8,0,0,130,4,4,0,0,1,0,0,0,0,0,0,0,4,1.18,4,0,0,0,0,0,0,0.0,12,6,2,10,0,9,55.6,4,6,1,5,4,16,8,1,183,8,49,115,20,1,183,4,2,50.0,1,25.0,82,273,65,1,0,6,7,96,34,8.9,80.0,1,7,21.0,3,1.56,5,4,1,0.3,0.67,2.9,3.8,-0.8,-0.25,0,12,2,0,0,0,0,13,6,10,37.5,MID,656441.0,exact,656441.0,2025-06-17,1800000.0,656441,2000-01-08,Cameroon,2026-06-30,189.0,right,24.982888432580424,17.904073587385017,14.403297778421795,624.1447144347608,Developing,False,False,False,False,True,CMR,CAF,False,True,False,False,False,False
Jacob Ondrejka,se SWE,"MF,FW",Parma,it Serie A,21.0,2002.0,12,3,422,4.7,5,0,5,5,0,0,0,0,1.3,1.3,0.6,1.9,13,11,21,1.07,0.4,14,10,71.4,2.99,2.13,0.36,0.5,19.9,2,0.09,3.7,3.7,95,127,74.8,1400,463,1.1,-0.6,7,3,3,0,107,20,5,2,0,16,1,13,5,7,0,0,3,14,2.99,5,6,1,1,1,0,1,0.21,12,6,5,7,0,12,83.3,2,2,0,2,7,19,2,0,192,4,30,73,91,19,192,8,6,75.0,1,12.5,107,588,352,11,8,10,3,108,35,12.3,73.0,1,9,23.0,5,0.75,9,4,5,1.07,1.64,5.8,3.6,2.3,0.48,0,1,8,0,0,0,0,18,0,5,0.0,MID,663237.0,exact,663237.0,2025-06-17,8000000.0,663237,2002-09-02,Sweden,2029-06-30,179.0,right,22.33264887063655,53.90932982917214,15.894952224644102,498.747205579144,Developing,False,False,False,False,True,SWE,UEFA,False,False,False,False,False,True
Frank Onyeka,ng NGA,MF,Augsburg,de Bundesliga,26.0,1998.0,31,30,2586,28.7,0,1,1,0,0,0,8,0,1.4,1.4,1.3,2.7,46,106,71,0.03,0.09,24,6,25.0,0.84,0.21,0.0,0.0,20.3,0,0.06,-1.4,-1.4,852,1019,83.6,13719,3131,2.0,-0.3,17,70,12,5,975,40,12,2,1,20,13,2,1,0,0,4,25,50,1.74,41,2,1,1,5,0,4,0.14,58,45,22,28,8,40,55.0,18,36,9,27,36,94,36,2,1339,60,244,766,354,37,1339,54,18,33.3,26,48.1,754,4272,1921,40,8,49,34,815,83,84.5,85.0,18,1,46.0,0,1.26,25,38,-13,-0.45,0.12,27.1,39.7,-12.7,-0.44,0,47,74,3,0,0,0,147,16,21,43.2,MID,421637.0,exact,421637.0,2025-06-05,7000000.0,421637,1998-01-01,Nigeria,2027-06-30,183.0,right,27.000684462696782,29.894875164257556,15.76142084987672,729.0369614541154,Peak,True,False,False,False,False,NGA,CAF,False,True,False,False,False,False
Aimar Oroz,es ESP,MF,Osasuna,es La Liga,22.0,2001.0,37,35,2966,33.0,5,4,9,4,1,1,8,0,4.2,3.5,2.9,6.5,74,163,142,0.24,0.22,47,15,31.9,1.43,0.46,0.09,0.27,19.7,3,0.08,0.8,0.5,924,1128,81.9,14880,3661,3.5,1.1,41,91,36,5,1077,44,9,9,7,29,6,5,1,2,0,7,30,92,2.79,75,1,4,7,4,1,8,0.24,35,19,16,13,6,46,30.4,32,29,2,27,20,55,10,0,1432,13,174,682,607,73,1431,101,49,48.5,42,41.6,913,5564,2730,73,17,58,55,1038,80,86.7,83.0,16,2,29.0,0,1.41,47,40,7,0.21,2.39,40.0,44.1,-4.1,-0.12,0,28,64,5,0,0,0,164,18,22,45.0,MID,634131.0,exact,634131.0,2025-06-09,15000000.0,634131,2001-11-27,Spain,2029-06-30,177.0,right,23.096509240246405,53.90932982917214,16.52356082573315,533.4487390847876,Developing,False,False,True,False,False,ESP,UEFA,False,False,False,False,False,True
Patrick Osterhage,de GER,MF,Freiburg,de Bundesliga,24.0,2000.0,30,27,2267,25.2,1,0,1,1,0,0,6,1,1.7,1.7,1.4,3.1,26,73,50,0.04,0.12,21,3,14.3,0.83,0.12,0.05,0.33,20.0,0,0.08,-0.7,-0.7,858,1025,83.7,12951,2657,2.1,-1.4,16,71,13,1,1005,18,15,0,4,20,2,0,0,0,0,2,24,41,1.63,30,0,1,4,4,2,4,0.16,45,29,16,27,2,30,46.7,16,27,3,24,18,63,37,0,1259,45,282,723,261,35,1259,27,11,40.7,12,44.4,636,3236,1416,18,4,26,20,800,76,74.1,83.0,17,3,12.0,1,1.73,35,37,-2,-0.08,0.15,34.0,31.5,2.6,0.1,1,25,22,5,0,0,0,106,31,36,46.3,MID,443331.0,exact,443331.0,2025-06-05,10000000.0,443331,2000-02-01,Germany,,186.0,left,24.917180013689254,,16.118095750958314,620.8658598345952,Developing,True,False,False,False,False,GER,UEFA,False,False,False,False,False,True
Remi Oudin,fr FRA,"MF,FW",Lecce,it Serie A,27.0,1996.0,11,3,299,3.3,0,0,0,0,0,0,1,0,0.1,0.1,0.6,0.7,2,13,16,0.0,0.22,3,1,33.3,0.9,0.3,0.0,0.0,28.0,2,0.04,-0.1,-0.1,96,143,67.1,1996,648,1.1,-0.6,6,9,5,2,118,23,9,2,4,23,4,10,6,3,0,2,5,14,4.23,8,4,0,2,0,0,1,0.3,3,1,1,1,1,4,50.0,2,6,2,4,2,5,1,0,168,5,34,75,61,2,168,6,3,50.0,3,50.0,94,523,139,5,0,5,3,104,27,8.7,53.0,0,8,18.0,8,0.82,2,8,-6,-1.81,-1.09,4.0,3.8,0.2,0.07,0,2,1,0,0,0,0,18,1,1,50.0,MID,399543.0,exact_accent_stripped,399543.0,2024-06-05,3500000.0,399543,1996-11-18,France,2026-06-30,186.0,left,28.12046543463381,17.904073587385017,15.068273812173887,790.760576260435,Peak,False,False,False,False,True,FRA,UEFA,False,False,False,False,False,True
Elisha Owusu,gh GHA,MF,Auxerre,fr Ligue 1,26.0,1997.0,28,28,2344,26.0,1,3,4,1,0,0,7,0,0.4,0.4,1.0,1.4,8,78,33,0.15,0.05,7,3,42.9,0.27,0.12,0.14,0.33,24.5,0,0.05,0.6,0.6,693,847,81.8,11213,2794,0.6,2.0,14,53,6,1,838,7,6,0,10,8,1,0,0,0,0,2,13,33,1.27,31,0,0,0,0,2,5,0.19,73,41,29,39,5,48,64.6,17,33,9,24,42,115,35,1,1097,46,300,670,140,5,1097,23,9,39.1,13,56.5,521,1958,698,10,2,26,24,566,84,76.6,84.0,16,0,,0,1.18,35,38,-3,-0.12,-0.12,28.7,44.3,-15.6,-0.6,0,49,21,0,0,1,1,154,16,26,38.1,MID,395695.0,exact,395695.0,2025-06-03,3000000.0,395695,1997-11-07,Ghana,2027-06-30,182.0,right,27.15126625598905,29.894875164257556,14.914123179965662,737.1912593036096,Peak,False,False,False,True,False,GHA,CAF,False,True,False,False,False,False
Salih Özcan,tr TUR,MF,Wolfsburg,de Bundesliga,26.0,1998.0,11,3,353,3.9,0,0,0,0,0,0,0,0,0.1,0.1,0.8,0.9,6,22,5,0.0,0.23,2,0,0.0,0.51,0.0,0.0,,24.6,0,0.06,-0.1,-0.1,164,216,75.9,2596,801,0.6,-0.8,5,19,4,0,201,15,10,3,2,8,0,4,1,3,0,0,5,11,2.8,7,2,1,1,0,0,0,0.0,2,2,1,0,1,5,20.0,4,5,1,4,7,9,5,0,252,8,37,164,52,3,252,6,4,66.7,2,33.3,128,611,268,5,0,5,1,142,32,11.5,75.0,2,8,16.0,7,1.55,5,7,-2,-0.51,-0.64,7.5,6.4,1.1,0.29,0,5,6,0,0,0,0,27,5,4,55.6,MID,244940.0,exact,244940.0,2025-06-05,4000000.0,244940,1998-01-11,Türkiye,2026-06-30,182.0,right,26.973305954825463,17.904073587385017,15.201805169084134,727.5592341326228,Peak,True,False,False,False,False,TUR,UEFA,False,False,False,False,False,True
Salih Özcan,tr TUR,MF,Dortmund,de Bundesliga,26.0,1998.0,11,3,391,4.3,0,0,0,0,0,0,0,0,0.3,0.3,0.4,0.7,4,31,4,0.0,0.17,4,0,0.0,0.92,0.0,0.0,,13.2,0,0.08,-0.3,-0.3,194,250,77.6,3162,1029,0.3,-0.4,5,25,7,1,239,9,6,1,0,3,0,0,0,0,0,2,1,10,2.3,9,0,0,1,0,0,0,0.0,11,7,6,4,1,13,53.8,6,7,0,7,11,22,10,0,307,13,76,172,60,7,307,2,2,100.0,0,0.0,127,540,226,6,2,4,1,161,36,12.8,79.0,1,8,19.0,4,2.27,9,7,2,0.46,-0.15,8.5,4.4,4.1,0.94,0,11,7,1,0,0,0,33,15,8,65.2,MID,244940.0,exact,244940.0,2025-06-05,4000000.0,244940,1998-01-11,Türkiye,2026-06-30,182.0,right,26.973305954825463,17.904073587385017,15.201805169084134,727.5592341326228,Peak,True,False,False,False,False,TUR,UEFA,False,False,False,False,False,True
Exequiel Palacios,ar ARG,MF,Leverkusen,de Bundesliga,25.0,1998.0,24,11,1155,12.8,1,6,7,1,0,0,2,0,1.5,1.5,2.3,3.8,15,97,40,0.55,0.3,13,8,61.5,1.01,0.62,0.08,0.13,18.6,0,0.12,-0.5,-0.5,922,1023,90.1,13196,3782,2.4,3.7,28,97,19,2,992,30,13,11,2,4,7,1,0,0,0,1,15,47,3.67,41,0,2,1,0,3,9,0.7,22,15,8,10,4,18,55.6,8,14,1,13,13,35,15,1,1144,19,140,659,348,12,1144,12,8,66.7,4,33.3,660,2279,969,17,1,17,20,901,48,37.7,83.0,6,13,18.0,6,2.0,29,17,12,0.94,0.13,20.5,15.5,5.0,0.39,0,9,18,0,0,0,0,76,1,8,11.1,MID,401578.0,exact,401578.0,2025-06-05,40000000.0,401578,1998-10-05,Argentina,2030-06-30,177.0,right,26.24229979466119,65.90013140604468,17.50439003707821,688.6582985128747,Peak,True,False,False,False,False,ARG,CONMEBOL,False,False,False,True,False,False
João Palhinha,pt POR,MF,Bayern Munich,de Bundesliga,29.0,1995.0,17,6,673,7.5,0,0,0,0,0,0,2,1,0.7,0.7,0.2,0.9,3,32,7,0.0,0.12,10,3,30.0,1.34,0.4,0.0,0.0,15.2,0,0.07,-0.7,-0.7,510,552,92.4,8227,1663,0.5,-0.2,4,47,2,0,544,7,7,0,3,2,0,0,0,0,0,1,3,13,1.74,11,0,0,2,0,0,1,0.13,20,14,6,11,3,16,68.8,5,13,1,12,4,24,9,1,631,18,94,419,120,13,631,4,2,50.0,2,50.0,330,1107,383,3,1,6,7,499,40,22.0,73.0,3,11,21.0,6,2.59,28,10,18,2.41,0.56,20.2,5.7,14.5,1.94,0,13,10,0,0,1,0,17,20,11,64.5,MID,257455.0,exact,257455.0,2025-06-05,30000000.0,257455,1995-07-09,Portugal,2026-06-30,190.0,right,29.4839151266256,17.904073587385017,17.216707972959764,869.3012511940619,Peak,True,False,False,False,False,POR,UEFA,False,False,False,False,False,True
Cole Palmer,eng ENG,"MF,FW",Chelsea,eng Premier League,22.0,2002.0,37,36,3191,35.5,15,8,23,11,4,5,7,0,17.3,13.3,10.9,24.2,120,214,187,0.54,0.79,121,44,36.4,3.41,1.24,0.09,0.25,20.4,12,0.11,-2.3,-2.3,1140,1480,77.0,21582,5611,9.1,-2.9,87,163,64,17,1273,198,45,22,14,144,17,75,49,5,0,9,48,202,5.7,134,21,16,21,8,2,15,0.42,34,20,12,10,12,27,44.4,15,16,1,15,11,45,20,1,1851,23,150,824,901,144,1846,113,51,45.1,46,40.7,1173,7917,3804,76,41,71,37,1366,86,93.3,88.0,26,1,32.0,0,1.86,63,41,22,0.62,1.01,64.8,44.1,20.7,0.58,0,15,60,7,1,0,0,106,2,7,22.2,MID,568177.0,exact,568177.0,2025-05-30,120000000.0,568177,2002-05-06,England,2033-06-30,185.0,left,22.65845311430527,101.9053876478318,18.603002309079653,513.4054975331702,Developing,False,True,False,False,False,ENG,UEFA,False,False,False,False,False,True
Mats Pannewig,de GER,MF,Bochum,de Bundesliga,19.0,2004.0,14,2,267,3.0,0,0,0,0,0,0,1,0,0.8,0.8,0.1,0.9,3,10,16,0.0,0.31,9,3,33.3,3.03,1.01,0.0,0.0,14.9,0,0.09,-0.8,-0.8,91,121,75.2,1470,350,0.1,-0.1,1,4,0,0,119,1,0,1,1,3,0,1,0,1,0,1,3,11,3.72,9,0,0,2,0,0,0,0.0,10,6,7,3,0,12,25.0,9,8,1,7,2,12,8,0,182,10,51,89,47,10,182,3,1,33.3,2,66.7,97,397,176,3,1,11,8,103,19,8.7,61.0,0,12,12.0,14,0.29,3,8,-5,-1.69,-0.75,3.8,7.5,-3.7,-1.25,0,5,1,0,0,0,0,24,5,10,33.3,MID,796221.0,exact,796221.0,2025-06-05,1000000.0,796221,2004-10-28,Germany,2028-06-30,195.0,,20.177960301163587,41.9185282522996,13.815511557963774,407.1500819153337,Emerging,True,False,False,False,False,GER,UEFA,False,False,False,False,False,True
Lucas Paquetá,br BRA,"MF,FW",West Ham,eng Premier League,26.0,1997.0,33,27,2380,26.4,4,0,4,2,2,2,10,0,5.3,3.7,3.1,6.8,26,155,85,0.08,0.32,39,3,7.7,1.47,0.11,0.05,0.67,19.5,4,0.1,-1.3,-1.7,1126,1456,77.3,18683,6014,3.3,-3.1,36,132,44,4,1367,81,35,18,12,29,12,4,1,3,0,8,26,82,3.1,68,2,2,4,5,1,6,0.23,66,37,25,30,11,55,49.1,28,29,4,25,18,84,37,6,1796,62,367,989,454,59,1794,47,21,44.7,21,44.7,921,3358,1416,34,2,54,51,1268,72,69.6,82.0,16,6,29.0,1,0.94,34,50,-16,-0.61,-0.61,28.7,42.9,-14.2,-0.54,0,53,62,6,0,1,0,149,48,57,45.7,MID,444523.0,exact,444523.0,2025-05-30,28000000.0,444523,1997-08-27,Brazil,2030-12-31,183.0,left,27.34839151266256,71.94480946123521,17.147715103853763,747.9345183298735,Peak,False,True,False,False,False,BRA,CONMEBOL,False,False,False,True,False,False
Leandro Paredes,ar ARG,MF,Roma,it Serie A,30.0,1994.0,22,15,1373,15.3,3,1,4,1,2,2,4,0,2.3,0.7,1.5,2.2,17,106,14,0.13,0.25,24,7,29.2,1.57,0.46,0.04,0.14,29.3,5,0.03,0.7,0.3,1105,1256,88.0,21192,6511,1.6,-0.5,21,110,15,3,1144,107,66,6,11,57,4,37,12,21,0,5,10,48,3.15,33,9,1,3,0,2,2,0.13,26,14,9,12,5,32,50.0,16,14,5,9,19,45,33,2,1381,78,357,827,208,5,1379,3,3,100.0,0,0.0,826,4085,2020,16,0,6,1,996,62,40.1,82.0,9,7,21.0,13,2.0,31,12,19,1.25,1.16,22.4,15.4,7.0,0.46,0,15,16,0,0,1,0,83,9,2,81.8,MID,166237.0,exact,166237.0,2025-06-17,5000000.0,166237,1994-06-29,Argentina,2028-12-31,182.0,right,30.510609171800137,47.96320630749014,15.424948670398354,930.8972720343346,Declining,False,False,False,False,True,ARG,CONMEBOL,False,False,False,True,False,False
Daniel Parejo,es ESP,MF,Villarreal,es La Liga,35.0,1989.0,36,26,2273,25.3,3,3,6,2,1,2,8,0,2.5,0.8,1.8,2.7,19,176,26,0.2,0.17,12,2,16.7,0.48,0.08,0.17,1.0,22.8,0,0.07,0.5,1.2,1354,1548,87.5,25577,7819,1.9,1.2,23,176,17,3,1448,96,60,3,14,37,1,35,16,8,2,4,12,77,3.05,61,13,0,2,1,0,12,0.48,52,40,27,20,5,54,53.7,25,24,7,17,24,76,40,1,1732,90,451,989,302,12,1730,12,8,66.7,3,25.0,898,3618,1638,29,0,17,13,1200,63,66.5,78.0,11,10,26.0,0,1.89,54,36,18,0.71,0.56,44.5,29.3,15.2,0.6,0,20,37,1,0,0,0,142,24,9,72.7,MID,59561.0,fuzzy_verified,59561.0,2025-06-09,1500000.0,59561,1989-04-16,Spain,2026-06-30,182.0,right,35.71252566735113,17.904073587385017,14.220976332738882,1275.3844895412133,Declining,False,False,True,False,False,ESP,UEFA,False,False,False,False,False,True
Thomas Partey,gh GHA,"MF,DF",Arsenal,eng Premier League,31.0,1993.0,35,31,2797,31.1,4,2,6,4,0,0,4,0,2.3,2.3,2.1,4.3,36,185,48,0.19,0.14,26,9,34.6,0.84,0.29,0.15,0.44,19.2,0,0.09,1.7,1.7,1678,1920,87.4,26697,7155,2.6,-0.1,20,168,33,2,1819,95,27,6,4,12,62,0,0,0,0,6,13,62,2.0,52,2,1,2,1,4,13,0.42,89,53,26,39,24,76,60.5,30,29,9,20,35,124,49,4,2193,74,457,1214,534,33,2193,35,24,68.6,9,25.7,1256,6822,3691,42,3,24,17,1561,80,81.8,88.0,25,4,19.0,2,1.91,52,30,22,0.71,-1.17,43.7,30.3,13.4,0.43,0,45,31,1,0,0,0,138,28,27,50.9,MID,230784.0,exact,230784.0,2025-05-30,14000000.0,230784,1993-06-13,Ghana,2026-06-30,185.0,right,31.55373032169747,17.904073587385017,16.454567959008102,995.6378972144103,Declining,False,True,False,False,False,GHA,CAF,False,True,False,False,False,False
Mario Pašalić,hr CRO,MF,Atalanta,it Serie A,29.0,1995.0,34,23,1967,21.9,3,4,7,3,0,1,1,0,6.6,5.8,3.3,9.1,44,149,68,0.32,0.45,45,11,24.4,2.06,0.5,0.07,0.27,13.5,0,0.13,-3.6,-2.8,1198,1373,87.3,21236,6027,2.2,0.7,32,132,24,1,1323,42,27,3,8,11,5,2,0,0,0,8,12,71,3.25,60,4,2,4,0,1,9,0.41,26,16,11,13,2,26,42.3,15,22,7,15,12,38,28,1,1580,46,278,923,391,70,1579,18,5,27.8,12,66.7,1048,5542,2729,52,6,24,22,1212,58,57.5,74.0,8,11,23.0,4,1.91,36,21,15,0.69,-0.92,36.7,26.5,10.1,0.46,0,19,10,2,0,0,0,112,30,29,50.8,MID,205938.0,exact,205938.0,2025-06-17,10000000.0,205938,1995-02-09,Croatia,2028-06-30,188.0,right,29.894592744695416,41.9185282522996,16.118095750958314,893.6866753711957,Peak,False,False,False,False,True,CRO,UEFA,False,False,False,False,False,True
Aleksandar Pavlovic,de GER,MF,Bayern Munich,de Bundesliga,20.0,2004.0,21,18,1451,16.1,1,0,1,1,0,0,2,0,0.6,0.6,0.2,0.8,15,128,33,0.06,0.05,9,4,44.4,0.56,0.25,0.11,0.25,20.4,0,0.06,0.4,0.4,1437,1541,93.3,22476,5374,1.9,-0.2,7,169,13,1,1529,11,8,5,6,5,3,0,0,0,0,1,9,30,1.86,29,0,0,1,0,0,3,0.19,38,21,13,15,10,32,68.8,10,18,3,15,5,43,14,0,1648,17,194,1100,363,11,1648,5,5,100.0,0,0.0,1035,4360,1984,43,3,13,2,1401,69,47.4,76.0,8,3,26.0,3,2.38,49,12,37,2.29,0.62,34.5,12.6,21.9,1.36,0,17,9,0,0,0,0,72,12,10,54.5,MID,792380.0,exact,792380.0,2025-06-05,55000000.0,792380,2004-05-03,Germany,2029-06-30,188.0,both,20.6652977412731,53.90932982917214,17.822843761378564,427.0545307354671,Emerging,True,False,False,False,False,GER,UEFA,False,False,False,False,False,True
Martín Payero,ar ARG,MF,Udinese,it Serie A,25.0,1998.0,25,16,1381,15.3,1,1,2,1,0,0,5,0,1.2,1.2,1.3,2.5,33,51,44,0.13,0.16,31,5,16.1,2.02,0.33,0.03,0.2,23.5,2,0.04,-0.2,-0.2,353,454,77.8,6081,1375,1.1,-0.3,15,46,8,6,421,30,11,2,5,39,2,17,11,3,0,3,12,51,3.32,25,5,5,1,10,5,5,0.33,24,16,4,14,6,16,50.0,8,16,2,14,13,37,13,0,649,12,86,351,230,26,649,70,30,42.9,31,44.3,368,2284,1094,35,6,27,13,390,55,40.4,74.0,4,9,22.0,2,1.08,14,20,-6,-0.39,0.01,14.7,19.8,-5.2,-0.34,0,35,39,0,1,2,0,75,21,20,51.2,MID,555820.0,exact,555820.0,2025-06-17,5500000.0,555820,1998-09-11,Argentina,2026-06-30,182.0,right,26.308008213552363,17.904073587385017,15.520258832020865,692.1112961643386,Peak,False,False,False,False,True,ARG,CONMEBOL,False,False,False,True,False,False
Nicolás Paz,ar ARG,"MF,FW",Como,it Serie A,19.0,2004.0,35,30,2687,29.9,6,8,14,6,0,1,6,0,9.3,8.5,6.0,14.5,77,163,171,0.47,0.51,109,37,33.9,3.65,1.24,0.06,0.16,20.7,12,0.08,-3.3,-2.5,992,1231,80.6,13933,3946,3.9,2.0,54,116,38,2,1173,47,17,15,3,41,3,22,6,9,0,11,29,144,4.82,96,11,19,11,6,1,16,0.54,51,33,18,26,7,51,47.1,27,49,3,46,21,72,16,0,1683,21,225,821,667,85,1682,135,69,51.1,58,43.0,1093,6153,2878,62,16,101,45,1265,77,78.6,85.0,17,5,26.0,1,1.37,40,38,2,0.07,0.68,36.3,32.2,4.0,0.14,0,47,33,2,0,1,0,118,31,23,57.4,MID,991132.0,exact,991132.0,2025-06-02,1000000.0,991132,2002-10-16,Argentina,2026-12-31,180.0,right,22.21218343600274,23.94875164257556,13.815511557963774,493.38109299463446,Developing,False,False,False,False,True,ARG,CONMEBOL,False,False,False,True,False,False
Pedri,es ESP,MF,Barcelona,es La Liga,21.0,2002.0,37,35,2879,32.0,4,5,9,4,0,0,3,0,2.2,2.2,7.4,9.6,92,360,136,0.28,0.3,25,11,44.0,0.78,0.34,0.16,0.36,19.6,0,0.09,1.8,1.8,2404,2749,87.4,40804,10163,9.0,-2.4,70,331,79,4,2605,140,74,27,16,58,15,41,22,1,0,4,43,165,5.16,148,8,2,2,4,1,17,0.53,61,34,14,38,9,70,34.3,46,45,3,42,26,87,21,1,3060,37,279,1824,988,50,3060,61,40,65.6,20,32.8,2012,11238,5463,103,8,48,35,2389,78,84.2,81.0,15,2,21.0,0,2.3,77,30,47,1.47,-1.19,70.8,34.6,36.2,1.13,0,10,51,2,0,0,0,254,7,6,53.8,MID,683840.0,exact,683840.0,2025-06-09,140000000.0,683840,2002-11-25,Spain,2030-06-30,174.0,right,22.102669404517453,65.90013140604468,18.757152987716434,488.5279948053919,Developing,False,False,True,False,False,ESP,UEFA,False,False,False,False,False,True
Lorenzo Pellegrini,it ITA,MF,Roma,it Serie A,28.0,1996.0,25,20,1626,18.1,2,1,3,1,1,1,4,0,4.7,3.9,2.5,6.4,27,61,82,0.11,0.4,41,13,31.7,2.27,0.72,0.02,0.08,19.2,2,0.1,-2.7,-2.9,519,653,79.5,8369,1865,2.7,-1.5,27,35,19,0,575,73,26,5,0,49,8,36,20,10,0,5,13,60,3.32,33,14,2,8,2,1,5,0.28,24,16,5,13,6,19,42.1,11,8,1,7,6,30,22,0,825,21,108,400,328,53,824,27,11,40.7,16,59.3,463,2834,1185,27,5,26,16,589,65,47.5,73.0,6,5,35.0,10,1.72,17,22,-5,-0.28,-1.58,22.8,22.6,0.2,0.01,0,26,27,4,0,0,0,61,10,20,33.3,MID,286297.0,exact,286297.0,2025-06-17,9000000.0,286297,1996-06-19,Italy,2026-06-30,186.0,right,28.536618754277892,17.904073587385017,16.012735246411598,814.3386099270048,Peak,False,False,False,False,True,ITA,UEFA,False,False,False,False,False,True
Andreas Pereira,br BRA,MF,Fulham,eng Premier League,28.0,1996.0,33,25,2013,22.4,2,4,6,2,0,1,7,0,3.8,3.0,4.6,7.6,29,104,81,0.27,0.38,38,8,21.1,1.7,0.36,0.05,0.25,21.8,6,0.08,-1.8,-1.0,670,970,69.1,12139,3902,4.6,-0.6,57,67,19,4,761,205,50,5,8,171,9,109,53,47,0,4,26,104,4.65,54,41,0,4,4,1,8,0.36,24,13,8,11,5,42,23.8,32,17,2,15,8,32,17,3,1148,22,169,466,531,46,1147,30,14,46.7,8,26.7,578,2764,1341,38,9,29,22,676,61,58.9,74.0,3,8,22.0,2,1.39,31,32,-1,-0.04,-0.11,29.3,27.1,2.2,0.1,0,28,24,1,1,0,0,100,13,23,36.1,MID,203394.0,exact,203394.0,2025-05-30,18000000.0,203394,1996-01-01,Brazil,2028-12-31,178.0,right,29.00205338809035,47.96320630749014,16.705882371415992,841.1191007256429,Peak,False,True,False,False,False,BRA,CONMEBOL,False,False,False,True,False,False
Carles Pérez,es ESP,"MF,FW",Getafe,es La Liga,26.0,1998.0,27,15,1431,15.9,3,0,3,3,0,0,2,0,2.4,2.4,1.5,3.9,31,20,77,0.19,0.24,34,9,26.5,2.14,0.57,0.09,0.33,21.1,1,0.07,0.6,0.6,226,336,67.3,3455,818,1.3,-1.5,17,17,14,8,317,17,9,2,0,42,1,7,4,1,0,2,11,40,2.52,26,1,6,2,3,2,1,0.06,33,23,11,14,8,48,43.8,27,19,2,17,6,39,22,0,551,16,74,198,291,44,551,50,21,42.0,27,54.0,298,2194,952,33,9,37,20,327,53,41.8,74.0,4,12,27.0,11,0.89,15,17,-2,-0.13,0.01,16.3,17.4,-1.1,-0.07,0,44,11,1,0,0,0,50,13,27,32.5,MID,282810.0,exact,282810.0,2025-06-09,2000000.0,282810,1998-02-16,Spain,2026-06-30,173.0,left,26.874743326488705,17.904073587385017,14.508658238524095,722.2518288646492,Peak,False,False,True,False,False,ESP,UEFA,False,False,False,False,False,True
Kike Pérez,es ESP,MF,Venezia,it Serie A,27.0,1997.0,16,13,1114,12.4,1,0,1,1,0,0,4,0,0.9,0.9,1.2,2.1,18,60,31,0.08,0.17,13,7,53.8,1.05,0.57,0.08,0.14,19.0,0,0.07,0.1,0.1,475,635,74.8,8317,3029,1.5,-1.2,16,61,13,3,553,79,33,2,5,49,14,30,16,8,0,3,15,31,2.5,22,6,2,1,0,0,2,0.16,41,25,18,12,11,44,40.9,26,14,2,12,10,51,15,0,793,29,164,397,244,10,793,28,13,46.4,13,46.4,443,2470,1111,19,2,24,22,474,70,32.6,80.0,4,3,26.0,0,0.81,8,13,-5,-0.4,0.34,11.7,16.6,-4.9,-0.4,0,31,16,1,0,0,0,71,14,16,46.7,MID,527698.0,exact,527698.0,2025-06-17,2800000.0,527698,1997-02-14,Spain,2027-06-30,184.0,left,27.87953456536619,29.894875164257556,14.845130332288226,777.2684475814481,Peak,False,False,False,False,True,ESP,UEFA,False,False,False,False,False,True
Kike Pérez,es ESP,MF,Valladolid,es La Liga,27.0,1997.0,19,14,1191,13.2,2,0,2,2,0,0,6,0,2.1,2.1,1.0,3.1,19,67,28,0.15,0.24,20,4,20.0,1.51,0.3,0.1,0.5,21.1,1,0.11,-0.1,-0.1,440,564,78.0,8065,2480,1.1,-1.0,17,47,5,0,481,78,37,2,13,33,5,18,4,10,0,5,7,36,2.72,20,11,1,1,2,1,1,0.08,37,26,15,19,3,26,57.7,11,16,4,12,7,44,18,0,723,19,166,412,159,18,723,22,8,36.4,12,54.5,344,2211,1125,18,4,25,13,441,63,34.8,75.0,2,5,27.0,1,0.79,7,25,-18,-1.36,0.5,11.5,21.0,-9.5,-0.72,0,32,21,1,0,0,0,60,12,15,44.4,MID,527698.0,exact,527698.0,2025-06-17,2800000.0,527698,1997-02-14,Spain,2027-06-30,184.0,left,27.87953456536619,29.894875164257556,14.845130332288226,777.2684475814481,Peak,False,False,True,False,False,ESP,UEFA,False,False,False,False,False,True
Gaëtan Perrin,fr FRA,"MF,FW",Auxerre,fr Ligue 1,28.0,1996.0,34,31,2691,29.9,10,11,21,10,0,0,2,0,6.1,6.1,7.8,13.9,83,142,125,0.7,0.47,59,26,44.1,1.97,0.87,0.17,0.38,19.2,5,0.1,3.9,3.9,728,1031,70.6,13238,4768,4.7,3.2,73,87,34,7,820,204,57,9,12,162,7,110,40,54,0,7,43,125,4.18,69,38,8,3,3,4,18,0.6,49,26,22,12,15,48,43.8,27,10,0,10,12,61,4,1,1327,6,144,590,616,98,1327,127,60,47.2,62,48.8,798,5341,2838,61,37,46,63,888,79,87.9,85.0,12,3,23.0,0,1.24,39,43,-4,-0.13,-0.38,34.1,50.2,-16.1,-0.54,0,24,20,9,0,0,0,124,3,13,18.8,MID,353404.0,exact,353404.0,2025-06-03,8000000.0,353404,1996-06-07,France,2028-06-30,169.0,right,28.569472963723477,41.9185282522996,15.894952224644102,816.2147854249267,Peak,False,False,False,True,False,FRA,UEFA,False,False,False,False,False,True
Máximo Perrone,ar ARG,MF,Como,it Serie A,21.0,2003.0,26,20,1857,20.6,0,3,3,0,0,0,6,0,0.9,0.9,2.2,3.1,16,98,19,0.15,0.15,10,2,20.0,0.48,0.1,0.0,0.0,22.2,0,0.09,-0.9,-0.9,1214,1343,90.4,19177,6168,1.7,0.8,30,97,16,0,1296,42,38,7,6,4,3,1,0,0,0,5,14,49,2.37,47,1,0,0,1,0,4,0.19,38,27,19,14,5,38,34.2,25,15,2,13,20,58,43,0,1502,62,372,932,205,15,1502,8,3,37.5,5,62.5,934,3623,1660,18,1,20,16,1165,71,54.3,84.0,13,6,30.0,0,1.38,28,26,2,0.1,0.38,26.7,24.1,2.6,0.13,0,26,13,0,0,0,0,96,11,14,44.0,MID,668547.0,exact,668547.0,2025-06-17,12000000.0,668547,2003-01-07,Argentina,2029-06-30,177.0,left,21.984941820670773,53.90932982917214,16.300417291085605,483.33766685827874,Emerging,False,False,False,False,True,ARG,CONMEBOL,False,False,False,True,False,False
Matteo Pessina,it ITA,MF,Monza,it Serie A,27.0,1997.0,11,10,854,9.5,0,0,0,0,0,0,2,0,0.2,0.2,0.1,0.3,8,28,20,0.0,0.03,3,0,0.0,0.32,0.0,0.0,,24.2,1,0.06,-0.2,-0.2,424,490,86.5,7412,1478,0.2,-0.1,4,31,4,1,462,26,14,0,1,6,0,0,0,0,0,2,3,9,0.95,8,1,0,0,0,0,1,0.11,15,4,3,11,1,14,64.3,5,6,0,6,12,27,7,0,559,16,155,317,91,5,559,10,5,50.0,3,30.0,333,1750,735,10,1,9,13,397,78,25.0,82.0,6,1,36.0,3,0.73,10,12,-2,-0.21,1.16,6.0,10.0,-4.0,-0.42,0,5,13,0,0,0,0,58,10,8,55.6,MID,332179.0,exact,332179.0,2025-06-17,6000000.0,332179,1997-04-21,Italy,2027-06-30,187.0,left,27.698836413415467,29.894875164257556,15.607270193858982,767.2255386571507,Peak,False,False,False,False,True,ITA,UEFA,False,False,False,False,False,True
Kalvin Phillips,eng ENG,MF,Ipswich Town,eng Premier League,28.0,1995.0,19,14,1237,13.7,0,0,0,0,0,0,6,1,0.4,0.4,0.2,0.7,4,51,4,0.0,0.05,11,2,18.2,0.8,0.15,0.0,0.0,24.3,3,0.04,-0.4,-0.4,436,551,79.1,8581,2474,0.5,-0.2,5,49,6,1,510,40,27,1,6,20,2,11,8,2,1,1,9,17,1.24,13,3,0,1,0,0,3,0.22,35,19,8,20,7,39,38.5,24,35,6,29,19,54,37,2,739,61,223,398,122,5,739,12,5,41.7,6,50.0,310,1489,569,5,0,25,10,394,65,36.2,82.0,6,5,19.0,6,0.68,12,29,-17,-1.24,-0.04,9.8,26.7,-16.8,-1.23,1,28,20,0,0,0,0,68,7,22,24.1,MID,351749.0,exact,351749.0,2025-05-30,12000000.0,351749,1995-12-02,England,2028-06-30,179.0,right,29.084188911704313,41.9185282522996,16.300417291085605,845.8900446517041,Peak,False,True,False,False,False,ENG,UEFA,False,False,False,False,False,True
Yeremi Pino,es ESP,"MF,FW",Villarreal,es La Liga,21.0,2002.0,34,25,1934,21.5,4,7,11,4,0,0,11,0,3.9,3.9,5.3,9.2,42,66,213,0.51,0.43,29,8,27.6,1.35,0.37,0.14,0.5,12.8,0,0.13,0.1,0.1,523,708,73.9,7895,2225,3.8,1.7,37,35,32,8,699,9,1,6,1,47,7,1,0,0,0,0,43,67,3.12,53,0,5,5,3,1,11,0.51,60,32,20,32,8,65,49.2,33,38,3,35,8,68,18,0,986,30,169,356,477,104,986,58,25,43.1,25,43.1,565,2781,1416,26,21,52,23,668,57,56.5,69.0,1,9,24.0,1,1.79,43,28,15,0.7,0.4,37.4,22.7,14.7,0.68,0,49,30,15,1,0,0,93,12,16,42.9,MID,568157.0,fuzzy_verified,568157.0,2025-06-09,30000000.0,568157,2002-10-20,Spain,2030-06-30,174.0,right,22.20123203285421,65.90013140604468,17.216707972959764,492.8947037766319,Developing,False,False,True,False,False,ESP,UEFA,False,False,False,False,False,True
Niccolò Pisilli,it ITA,MF,Roma,it Serie A,19.0,2004.0,28,11,1227,13.6,2,1,3,2,0,0,7,0,2.7,2.7,0.7,3.4,22,63,44,0.22,0.25,27,7,25.9,1.98,0.51,0.07,0.29,18.1,0,0.1,-0.7,-0.7,471,564,83.5,7869,1905,1.0,0.3,10,67,8,2,555,5,3,3,3,10,1,1,0,0,0,4,7,35,2.57,27,0,1,3,3,1,5,0.37,24,11,11,8,5,22,54.5,10,14,3,11,11,35,16,0,718,19,101,417,205,34,718,14,5,35.7,6,42.9,389,1888,921,16,6,27,15,507,44,35.9,77.0,5,17,23.0,9,1.93,19,14,5,0.37,-0.29,18.4,14.8,3.6,0.26,0,19,13,1,0,0,0,58,3,21,12.5,MID,813137.0,exact,813137.0,2025-06-17,13000000.0,813137,2004-09-23,Italy,2029-06-30,180.0,right,20.27378507871321,53.90932982917214,16.380459992348886,411.0263614178544,Emerging,False,False,False,False,True,ITA,UEFA,False,False,False,False,False,True
Alassane Pléa,fr FRA,"MF,FW",Gladbach,de Bundesliga,31.0,1993.0,30,24,1902,21.1,11,4,15,10,1,1,3,0,7.4,6.6,3.1,9.8,51,116,141,0.66,0.5,41,12,29.3,1.94,0.57,0.24,0.83,15.2,1,0.16,3.6,3.4,573,795,72.1,9118,3029,3.3,0.9,25,80,35,8,747,40,1,15,8,45,12,1,0,0,0,8,40,72,3.41,58,2,5,1,5,1,14,0.66,7,3,0,2,5,13,30.8,9,11,0,11,2,9,7,1,979,3,81,494,412,77,978,43,17,39.5,23,53.5,601,3068,1698,31,14,40,22,773,63,62.2,75.0,6,6,18.0,2,1.17,40,34,6,0.28,0.91,32.5,35.7,-3.2,-0.15,0,17,33,8,1,0,0,66,15,32,31.9,MID,167329.0,exact,167329.0,2025-06-05,5000000.0,167329,1993-03-10,France,2028-06-30,181.0,right,31.813826146475016,41.9185282522996,15.424948670398354,1012.1195340781373,Declining,True,False,False,False,False,FRA,UEFA,False,False,False,False,False,True
Tommaso Pobega,it ITA,MF,Bologna,it Serie A,25.0,1999.0,21,13,1178,13.1,2,2,4,2,0,0,6,2,2.1,2.0,1.4,3.4,12,42,23,0.31,0.27,24,8,33.3,1.83,0.61,0.08,0.25,18.8,0,0.08,-0.1,0.0,384,468,82.1,6373,1664,0.8,0.6,12,51,5,3,450,13,8,1,4,8,3,0,0,0,0,5,4,27,2.06,24,0,0,1,2,0,4,0.31,33,19,12,15,6,30,73.3,8,16,4,12,14,47,16,0,608,24,106,368,141,20,608,8,3,37.5,4,50.0,293,1224,517,10,2,13,6,358,56,34.4,74.0,6,8,27.0,10,1.57,18,13,5,0.38,0.18,16.7,10.8,5.9,0.45,1,33,14,0,1,0,0,45,14,16,46.7,MID,392538.0,exact,392538.0,2025-06-17,9000000.0,392538,1999-07-15,Italy,2028-06-30,188.0,left,25.467488021902806,41.9185282522996,16.012735246411598,648.5929461457629,Developing,False,False,False,False,True,ITA,UEFA,False,False,False,False,False,True
Beñat Prados,es ESP,MF,Athletic Club,es La Liga,23.0,2001.0,30,21,1715,19.1,1,0,1,1,0,0,7,0,1.0,1.0,1.1,2.1,20,78,32,0.05,0.11,16,5,31.3,0.84,0.26,0.06,0.2,20.1,0,0.06,0.0,0.0,647,789,82.0,10848,2659,1.3,-1.1,11,70,6,1,774,14,11,4,3,9,3,0,0,0,0,1,10,21,1.1,20,0,0,1,0,0,3,0.16,55,36,20,27,8,53,47.2,28,21,2,19,28,83,26,0,991,33,190,628,184,24,991,30,15,50.0,12,40.0,480,2312,1081,19,1,25,20,604,57,50.1,71.0,5,9,25.0,5,1.8,22,14,8,0.42,-0.48,24.5,19.7,4.8,0.25,0,40,15,0,0,0,0,91,29,22,56.9,MID,625047.0,exact,625047.0,2025-06-09,18000000.0,625047,2001-02-08,Spain,2031-06-30,180.0,right,23.89596167008898,77.8909329829172,16.705882371415992,571.0169841383617,Developing,False,False,True,False,False,ESP,UEFA,False,False,False,False,False,True
Matteo Prati,it ITA,MF,Cagliari,it Serie A,20.0,2003.0,12,8,570,6.3,0,0,0,0,0,0,1,0,0.1,0.1,0.7,0.8,2,23,7,0.0,0.12,4,0,0.0,0.63,0.0,0.0,,27.9,0,0.03,-0.1,-0.1,180,250,72.0,3556,1034,0.4,-0.7,6,20,4,1,239,11,8,1,2,5,1,2,1,1,0,0,5,11,1.74,9,1,0,0,1,0,1,0.16,10,4,2,7,1,11,27.3,8,5,2,3,7,17,10,1,313,12,89,177,48,3,313,11,3,27.3,6,54.5,155,569,244,3,0,4,2,177,48,16.7,65.0,0,4,13.0,24,0.83,4,7,-3,-0.47,-0.06,4.9,6.5,-1.5,-0.24,0,8,6,0,0,0,0,24,1,6,14.3,MID,876298.0,exact,876298.0,2025-06-17,6000000.0,876298,2003-12-28,Italy,2026-06-30,185.0,right,21.013004791238878,17.904073587385017,15.607270193858982,441.546370356628,Emerging,False,False,False,False,True,ITA,UEFA,False,False,False,False,False,True
Adrien Rabiot,fr FRA,MF,Marseille,fr Ligue 1,29.0,1995.0,29,27,2485,27.6,9,4,13,9,0,0,4,0,7.3,7.3,3.8,11.1,79,168,174,0.47,0.4,48,22,45.8,1.74,0.8,0.19,0.41,13.2,0,0.15,1.7,1.7,1309,1543,84.8,18021,4031,3.8,0.2,28,147,24,5,1508,32,19,6,0,40,11,0,0,0,0,3,38,66,2.39,53,0,5,6,2,0,11,0.4,49,31,17,21,11,32,59.4,13,21,2,19,21,70,32,0,1822,36,227,967,644,100,1822,50,26,52.0,23,46.0,1096,5837,2815,52,16,52,31,1445,86,81.2,90.0,27,2,28.0,0,1.79,58,39,19,0.69,-0.56,55.3,35.4,19.9,0.72,0,53,33,12,0,1,0,124,34,26,56.7,MID,182913.0,exact,182913.0,2025-06-03,25000000.0,182913,1995-04-03,France,2028-06-30,191.0,left,29.749486652977414,41.9185282522996,17.034386422832473,885.0319561156813,Peak,False,False,False,True,False,FRA,UEFA,False,False,False,False,False,True
Hamza Rafia,tn TUN,MF,Lecce,it Serie A,25.0,1999.0,18,14,1058,11.8,0,0,0,0,0,0,4,0,0.5,0.5,1.4,1.9,13,51,32,0.0,0.16,10,2,20.0,0.85,0.17,0.0,0.0,23.3,1,0.05,-0.5,-0.5,409,527,77.6,6442,2203,1.3,-1.4,16,47,15,6,455,70,28,2,1,45,1,25,9,10,0,2,11,36,3.06,24,7,1,0,1,3,0,0.0,44,27,14,25,5,32,46.9,17,7,2,5,4,48,18,1,651,16,132,367,164,12,651,22,10,45.5,7,31.8,317,1511,662,16,2,21,20,411,59,30.9,70.0,2,4,21.0,16,0.78,7,16,-9,-0.77,0.07,10.8,18.6,-7.8,-0.66,0,26,25,0,0,0,0,62,5,13,27.8,MID,418571.0,exact,418571.0,2024-06-05,1700000.0,418571,1999-04-02,Tunisia,2029-06-30,181.0,right,25.752224503764545,53.90932982917214,14.346139397261565,663.177066892291,Developing,False,False,False,False,True,TUN,CAF,False,True,False,False,False,False
Ylber Ramadani,al ALB,MF,Lecce,it Serie A,28.0,1996.0,29,21,1807,20.1,1,1,2,1,0,0,4,0,0.6,0.6,1.1,1.7,9,60,7,0.1,0.09,17,6,35.3,0.85,0.3,0.06,0.17,25.7,0,0.04,0.4,0.4,696,848,82.1,12407,3503,0.4,-0.1,16,52,4,0,822,21,18,2,4,6,1,1,1,0,0,5,10,35,1.74,33,0,0,1,0,1,4,0.2,51,28,24,27,0,52,63.5,19,26,9,17,24,75,26,3,1038,64,346,587,123,8,1038,24,13,54.2,11,45.8,537,2424,902,11,2,21,22,651,62,52.8,76.0,6,8,26.0,8,1.07,11,33,-22,-1.1,-0.59,17.2,31.6,-14.4,-0.72,0,18,11,0,0,0,0,117,15,25,37.5,MID,442703.0,exact,442703.0,2025-06-17,1800000.0,442703,1996-04-12,Albania,2027-06-30,185.0,right,28.722792607802873,29.894875164257556,14.403297778421795,824.9988151908553,Peak,False,False,False,False,True,ALB,UEFA,False,False,False,False,False,True
Rayan Raveloson,mg MAD,"MF,DF",Auxerre,fr Ligue 1,27.0,1997.0,13,7,724,8.0,1,0,1,1,0,0,3,0,0.8,0.8,0.2,1.0,5,31,12,0.12,0.12,16,5,31.3,1.99,0.62,0.06,0.2,21.6,1,0.05,0.2,0.2,271,313,86.6,5021,1334,0.3,-0.2,3,19,6,0,290,23,15,1,6,8,2,4,1,3,0,0,9,17,2.11,12,2,0,2,1,0,0,0.0,6,5,2,4,0,15,33.3,10,8,7,1,5,11,22,0,401,30,109,230,67,11,401,13,7,53.8,5,38.5,216,1071,393,5,1,11,11,240,56,23.7,83.0,5,6,24.0,3,1.31,13,17,-4,-0.5,-0.54,11.9,16.3,-4.4,-0.55,0,9,12,0,0,0,0,44,8,9,47.1,MID,344576.0,exact,344576.0,2025-06-10,2000000.0,344576,1997-01-16,Madagascar,2028-06-30,182.0,right,27.958932238193018,41.9185282522996,14.508658238524095,781.7018918998689,Peak,False,False,False,True,False,MAD,CAF,False,True,False,False,False,False
Tijjani Reijnders,nl NED,MF,Milan,it Serie A,26.0,1998.0,37,36,3128,34.8,10,4,14,10,0,0,2,1,7.5,7.5,3.5,11.0,111,230,121,0.4,0.32,77,28,36.4,2.22,0.81,0.13,0.36,20.0,2,0.1,2.5,2.5,1355,1549,87.5,22565,6476,3.6,0.5,47,135,56,2,1432,112,65,14,3,46,7,31,16,6,0,5,16,117,3.37,77,15,13,8,3,1,10,0.29,26,13,6,14,6,26,38.5,16,22,4,18,38,64,28,2,1863,41,280,950,651,82,1863,71,36,50.7,29,40.8,1214,8113,4203,99,29,36,32,1390,85,91.5,86.0,31,1,32.0,0,1.7,59,40,19,0.55,0.85,59.4,39.0,20.4,0.59,0,28,22,2,1,0,0,125,5,15,25.0,MID,460939.0,exact,460939.0,2025-06-17,60000000.0,460939,1998-07-29,Netherlands,2030-06-30,178.0,right,26.428473648186174,65.90013140604468,17.909855136853043,698.464219372871,Peak,False,False,False,False,True,NED,UEFA,False,False,False,False,False,True
Rocco Reitz,de GER,MF,Gladbach,de Bundesliga,22.0,2002.0,27,21,1830,20.3,2,1,3,2,0,0,1,0,1.7,1.7,2.1,3.8,18,91,30,0.15,0.19,23,7,30.4,1.13,0.34,0.09,0.29,16.8,0,0.07,0.3,0.3,684,878,77.9,11785,4189,2.2,-1.1,16,69,16,4,845,29,22,10,3,22,4,0,0,0,0,4,22,45,2.21,35,0,2,1,2,5,5,0.25,52,24,24,24,4,43,55.8,19,39,16,23,53,105,59,2,1199,75,374,658,184,37,1199,36,17,47.2,17,47.2,614,2915,1259,13,1,25,23,726,68,59.8,82.0,5,6,19.0,0,1.3,32,32,0,0.0,0.15,28.9,36.9,-8.0,-0.39,0,20,38,0,0,0,0,94,18,16,52.9,MID,467434.0,exact,467434.0,2025-06-05,15000000.0,467434,2002-05-29,Germany,2028-06-30,176.0,right,22.595482546201232,41.9185282522996,16.52356082573315,510.5558314956845,Developing,True,False,False,False,False,GER,UEFA,False,False,False,False,False,True
Nicolai Remberg,de GER,MF,Holstein Kiel,de Bundesliga,24.0,2000.0,32,26,2417,26.9,0,1,1,0,0,0,11,0,1.5,1.5,0.8,2.3,25,80,31,0.04,0.09,24,2,8.3,0.89,0.07,0.0,0.0,17.9,0,0.06,-1.5,-1.5,756,970,77.9,14270,3495,1.1,0.2,9,73,10,3,951,17,15,2,9,8,2,0,0,0,0,2,16,30,1.12,24,0,0,3,3,0,3,0.11,45,25,24,17,4,41,46.3,22,46,20,26,29,74,100,0,1316,121,429,757,147,26,1316,25,7,28.0,13,52.0,552,2853,1346,19,0,22,18,743,76,79.0,89.0,25,6,18.0,0,0.78,39,62,-23,-0.86,0.26,30.0,45.9,-15.8,-0.59,0,43,46,2,0,0,2,101,86,52,62.3,MID,592534.0,exact,592534.0,2025-06-05,3000000.0,592534,2000-06-19,Germany,2028-06-30,188.0,right,24.536618754277892,41.9185282522996,14.914123179965662,602.0456598927816,Developing,True,False,False,False,False,GER,UEFA,False,False,False,False,False,True
Elvis Rexhbeçaj,xk KVX,MF,Augsburg,de Bundesliga,26.0,1997.0,27,22,1785,19.8,1,1,2,1,0,0,8,0,1.4,1.4,1.1,2.5,31,94,82,0.1,0.13,29,5,17.2,1.46,0.25,0.03,0.2,20.2,1,0.05,-0.4,-0.4,469,670,70.0,7805,2278,2.0,-0.1,16,39,23,2,588,79,27,5,5,71,10,29,12,14,0,3,37,56,2.82,35,11,0,7,3,0,5,0.25,27,19,9,14,4,35,42.9,20,40,9,31,16,43,22,1,887,36,150,398,348,31,887,32,10,31.3,18,56.3,463,2042,978,26,8,31,25,539,66,58.3,77.0,10,5,20.0,4,1.3,27,37,-10,-0.5,-0.08,20.4,31.2,-10.8,-0.54,0,13,42,1,0,0,0,85,10,19,34.5,MID,280575.0,exact_accent_stripped,280575.0,2025-06-05,3500000.0,280575,1997-11-01,Kosovo,2026-06-30,182.0,left,27.16769336071184,17.904073587385017,15.068273812173887,738.0835625416662,Peak,True,False,False,False,False,KVX,UEFA,False,False,False,False,False,True
Samuele Ricci,it ITA,MF,Torino,it Serie A,22.0,2001.0,34,34,2825,31.4,1,1,2,1,0,0,8,1,1.3,1.3,0.6,1.8,43,116,30,0.06,0.06,22,7,31.8,0.7,0.22,0.05,0.14,25.3,0,0.06,-0.3,-0.3,1177,1338,88.0,20766,4393,1.2,0.4,15,102,13,0,1240,95,60,3,6,30,8,9,6,2,0,3,16,48,1.53,43,2,0,1,2,0,4,0.13,35,21,15,14,6,28,64.3,10,23,9,14,25,60,51,2,1589,78,337,975,294,19,1589,22,6,27.3,13,59.1,960,5525,2648,38,6,35,18,1073,83,82.6,83.0,19,0,,1,1.26,32,35,-3,-0.1,0.36,26.9,40.5,-13.6,-0.43,0,38,70,0,0,0,0,130,14,15,48.3,MID,467992.0,exact,467992.0,2025-06-17,30000000.0,467992,2001-08-21,Italy,2029-06-30,181.0,right,23.364818617385353,53.90932982917214,17.216707972959764,545.9147490233172,Developing,False,False,False,False,True,ITA,UEFA,False,False,False,False,False,True
Declan Rice,eng ENG,MF,Arsenal,eng Premier League,25.0,1999.0,35,33,2825,31.4,4,7,11,4,0,0,7,1,3.5,3.5,6.6,10.1,90,192,94,0.35,0.32,48,14,29.2,1.53,0.45,0.08,0.29,19.6,2,0.07,0.5,0.5,1376,1650,83.4,23402,6234,5.6,0.4,59,137,35,5,1436,208,71,5,17,164,4,108,94,3,0,6,15,111,3.54,62,33,4,5,5,2,10,0.32,53,25,22,25,6,41,41.5,24,27,13,14,25,78,51,0,1948,82,325,909,733,81,1948,29,14,48.3,14,48.3,1031,6464,3394,58,16,36,32,1266,81,82.6,84.0,23,2,23.0,1,1.91,56,28,28,0.89,-0.17,48.8,26.8,22.0,0.7,1,21,16,2,0,0,0,156,37,25,59.7,MID,357662.0,exact,357662.0,2025-05-30,120000000.0,357662,1999-01-14,England,2028-06-30,188.0,right,25.965776865160848,41.9185282522996,18.603002309079653,674.2215682113223,Developing,False,True,False,False,False,ENG,UEFA,False,False,False,False,False,True
Amir Richardson,ma MAR,MF,Fiorentina,it Serie A,22.0,2002.0,26,10,1024,11.4,1,1,2,1,0,0,6,0,0.9,0.9,0.6,1.5,19,47,31,0.18,0.12,11,5,45.5,0.97,0.44,0.09,0.2,20.6,0,0.08,0.1,0.1,539,615,87.6,8473,1942,0.7,0.4,8,46,6,1,601,13,11,1,2,5,2,0,0,0,0,1,8,19,1.56,17,0,1,0,1,0,4,0.33,30,13,13,15,2,21,42.9,12,14,1,13,6,36,29,1,748,35,152,439,160,18,748,19,11,57.9,6,31.6,451,2321,1033,20,2,19,10,524,39,30.0,67.0,1,16,22.0,9,1.67,15,13,2,0.18,-0.46,11.8,14.2,-2.4,-0.19,0,30,19,1,0,0,0,51,19,16,54.3,MID,893675.0,exact,893675.0,2025-06-17,8500000.0,893675,2002-01-24,Morocco,2026-06-30,197.0,left,22.937713894592743,17.904073587385017,15.955576839107596,526.138718710193,Developing,False,False,False,False,True,MAR,CAF,False,True,False,False,False,False
Fabian Rieder,ch SUI,"MF,FW",Stuttgart,de Bundesliga,22.0,2002.0,21,8,867,9.6,1,3,4,1,0,0,1,0,1.4,1.4,2.0,3.4,20,38,61,0.42,0.35,20,7,35.0,2.08,0.73,0.05,0.14,22.1,6,0.07,-0.4,-0.4,281,398,70.6,4721,1342,2.4,1.0,12,26,11,2,349,47,8,2,0,39,8,28,12,10,1,2,20,35,3.63,22,4,2,4,3,0,5,0.52,17,14,4,9,4,23,30.4,16,10,1,9,10,27,7,1,492,6,60,215,228,17,492,19,9,47.4,10,52.6,253,1466,631,15,3,21,13,315,41,28.3,71.0,1,13,23.0,11,1.24,16,16,0,0.0,-0.45,19.6,14.5,5.1,0.53,0,14,11,0,1,0,0,45,4,13,23.5,MID,507341.0,exact,507341.0,2025-06-05,6000000.0,507341,2002-02-16,Switzerland,2030-06-30,181.0,left,22.874743326488705,65.90013140604468,15.607270193858982,523.2538822527396,Developing,True,False,False,False,False,SUI,UEFA,False,False,False,False,False,True
Luis Rioja,es ESP,"MF,FW",Valencia,es La Liga,30.0,1993.0,36,33,2831,31.5,5,3,8,3,2,2,6,0,3.3,1.7,4.5,6.2,93,103,228,0.19,0.25,28,12,42.9,0.89,0.38,0.11,0.25,21.2,1,0.06,1.7,1.3,821,1212,67.7,13662,3934,5.5,-1.5,35,42,60,25,1077,132,28,6,14,203,48,56,31,14,0,3,61,82,2.61,65,8,5,1,2,1,10,0.32,33,21,14,12,7,42,33.3,28,30,1,29,22,55,44,1,1505,39,252,533,741,59,1503,91,43,47.3,37,40.7,816,5793,2812,57,28,42,40,1031,79,82.8,83.0,15,3,29.0,0,1.19,37,41,-4,-0.13,0.79,35.2,37.9,-2.7,-0.09,0,18,38,11,0,0,0,111,15,22,40.5,MID,278837.0,exact,278837.0,2025-06-09,2000000.0,278837,1993-10-16,Spain,2027-06-30,176.0,left,31.211498973305954,29.894875164257556,14.508658238524095,974.1576681606786,Declining,False,False,True,False,False,ESP,UEFA,False,False,False,False,False,True
Rodrigo Riquelme,es ESP,"MF,DF",Atlético Madrid,es La Liga,24.0,2000.0,16,4,516,5.7,0,1,1,0,0,0,0,0,0.9,0.9,0.8,1.7,43,24,62,0.17,0.3,14,4,28.6,2.44,0.7,0.0,0.0,17.7,1,0.06,-0.9,-0.9,210,269,78.1,2838,854,0.8,0.2,15,17,12,3,244,25,3,1,0,34,8,13,6,5,0,0,10,29,5.05,27,1,1,0,0,0,1,0.17,11,5,4,6,1,11,54.5,5,3,0,3,2,13,3,0,354,6,41,136,185,23,354,24,6,25.0,16,66.7,246,1708,1001,25,10,11,6,259,32,15.1,72.0,1,12,19.0,19,2.13,13,5,8,1.4,0.47,12.2,3.8,8.3,1.45,0,8,8,4,0,0,0,21,3,3,50.0,MID,461617.0,exact,461617.0,2025-06-09,12000000.0,461617,2000-04-02,Spain,2030-06-30,174.0,right,24.750171115674195,65.90013140604468,16.300417291085605,612.5709702551533,Developing,False,False,True,False,False,ESP,UEFA,False,False,False,False,False,True
Sergi Roberto,es ESP,MF,Como,it Serie A,32.0,1992.0,13,8,696,7.7,0,1,1,0,0,0,4,0,0.7,0.7,0.7,1.4,10,36,19,0.13,0.18,6,1,16.7,0.78,0.13,0.0,0.0,23.5,0,0.11,-0.7,-0.7,457,506,90.3,6059,1422,0.5,0.3,15,28,6,0,486,19,14,2,0,6,2,3,1,2,0,1,10,24,3.1,20,3,0,1,0,0,1,0.13,14,8,5,5,4,7,71.4,2,7,1,6,9,23,14,0,582,19,114,348,123,9,582,10,3,30.0,6,60.0,340,1514,775,13,2,14,5,429,54,20.4,73.0,3,5,22.0,2,1.46,12,10,2,0.26,0.42,10.1,8.7,1.5,0.19,0,7,14,0,0,2,0,48,7,9,43.8,MID,85370.0,exact,85370.0,2025-06-17,1500000.0,85370,1992-02-07,Spain,2026-06-30,178.0,right,32.90075290896646,17.904073587385017,14.220976332738882,1082.459541976865,Declining,False,False,False,False,True,ESP,UEFA,False,False,False,False,False,True
Marc Roca,es ESP,MF,Betis,es La Liga,27.0,1996.0,14,11,906,10.1,2,2,4,2,0,0,4,0,1.1,1.1,1.0,2.1,11,59,13,0.4,0.21,12,4,33.3,1.19,0.4,0.17,0.5,16.9,1,0.09,0.9,0.9,465,538,86.4,7964,2303,0.5,1.0,12,51,6,2,510,26,24,0,4,10,0,1,0,1,0,2,10,24,2.38,19,1,2,1,0,1,1,0.1,20,14,10,9,1,17,52.9,8,17,5,12,14,34,14,2,632,27,154,374,108,19,632,5,4,80.0,1,20.0,385,2069,1037,14,0,9,7,427,65,26.5,76.0,5,3,25.0,1,1.36,12,10,2,0.2,0.02,15.3,10.5,4.8,0.47,0,16,5,0,0,0,0,51,5,13,27.8,MID,336869.0,exact,336869.0,2025-06-09,6000000.0,336869,1996-11-26,Spain,2029-06-30,184.0,left,28.098562628336754,53.90932982917214,15.607270193858982,789.5292217785629,Peak,False,False,True,False,False,ESP,UEFA,False,False,False,False,False,True
Damián Rodríguez,es ESP,MF,Celta Vigo,es La Liga,21.0,2003.0,17,10,927,10.3,0,0,0,0,0,0,3,0,0.1,0.1,0.8,0.9,8,71,12,0.0,0.09,4,0,0.0,0.39,0.0,0.0,,27.5,0,0.03,-0.1,-0.1,726,814,89.2,12535,3486,1.4,-0.8,17,85,4,0,746,66,34,2,6,30,0,31,5,16,0,2,10,26,2.52,17,9,0,0,0,0,2,0.19,14,9,3,10,1,16,37.5,10,6,1,5,7,21,13,0,876,15,127,589,162,4,876,2,0,0.0,2,100.0,529,2383,1230,8,0,4,6,680,55,27.1,78.0,6,7,21.0,19,1.35,20,20,0,0.0,-0.07,14.4,13.7,0.7,0.07,0,13,9,0,0,0,0,49,0,4,0.0,MID,715628.0,exact,715628.0,2024-06-07,500000.0,715628,2003-03-17,Spain,2026-06-30,180.0,left,21.796030116358658,17.904073587385017,13.122365377402328,475.0669288332136,Emerging,False,False,True,False,False,ESP,UEFA,False,False,False,False,False,True
Dani Rodríguez,es ESP,"MF,FW",Mallorca,es La Liga,36.0,1988.0,37,26,2162,24.0,4,7,11,4,0,0,5,0,2.8,2.8,3.1,6.0,37,78,108,0.46,0.25,31,10,32.3,1.29,0.42,0.13,0.4,17.9,1,0.09,1.2,1.2,498,715,69.7,8276,2537,3.4,3.9,33,42,17,6,608,103,28,8,8,116,4,57,27,28,0,4,17,62,2.58,33,23,0,3,3,0,12,0.5,49,29,18,21,10,27,51.9,13,22,3,19,12,61,30,0,971,27,126,463,395,54,971,34,16,47.1,14,41.2,512,2728,1116,38,5,50,46,611,58,63.2,74.0,1,11,22.0,0,1.3,21,31,-10,-0.42,-0.49,22.2,26.1,-3.9,-0.16,0,51,40,8,0,0,0,70,27,37,42.2,MID,139435.0,exact,139435.0,2025-06-09,800000.0,139435,1988-06-06,Spain,2026-06-30,178.0,right,36.57221081451061,17.904073587385017,13.592368256649284,1337.526603861007,Declining,False,False,True,False,False,ESP,UEFA,False,False,False,False,False,True
Guido Rodríguez,ar ARG,MF,West Ham,eng Premier League,30.0,1994.0,23,16,1149,12.8,0,1,1,0,0,0,6,0,0.2,0.2,0.2,0.4,4,33,7,0.08,0.03,8,1,12.5,0.63,0.08,0.0,0.0,27.8,0,0.03,-0.2,-0.2,480,569,84.4,8091,2164,0.2,0.8,4,37,1,0,554,15,14,1,5,5,1,0,0,0,0,0,13,12,0.94,10,0,0,2,0,0,1,0.08,36,19,21,15,0,33,51.5,16,23,9,14,13,49,35,1,709,54,223,423,64,5,709,6,3,50.0,1,16.7,327,1167,481,5,2,4,7,408,50,33.6,69.0,3,7,5.0,13,1.43,19,19,0,0.0,0.63,17.5,20.6,-3.1,-0.25,0,18,12,2,0,0,0,53,11,7,61.1,MID,342385.0,exact,342385.0,2025-05-30,10000000.0,342385,1994-04-12,Argentina,2026-06-30,185.0,right,30.72416153319644,17.904073587385017,16.118095750958314,943.9741019179478,Declining,False,True,False,False,False,ARG,CONMEBOL,False,False,False,True,False,False
Kirian Rodríguez,es ESP,MF,Las Palmas,es La Liga,28.0,1996.0,21,21,1758,19.5,0,3,3,0,0,0,2,0,1.6,1.6,1.5,3.0,25,128,39,0.15,0.16,21,8,38.1,1.08,0.41,0.0,0.0,21.8,0,0.08,-1.6,-1.6,1026,1204,85.2,16191,4876,1.4,1.5,16,106,14,1,1154,43,34,8,4,18,2,6,2,3,0,7,15,49,2.51,43,2,1,0,2,1,7,0.36,33,17,12,18,3,43,51.2,21,22,4,18,10,43,21,0,1357,47,294,872,199,15,1357,16,11,68.8,5,31.3,763,3545,1999,24,0,20,14,1027,84,51.4,84.0,9,0,,0,1.1,22,29,-7,-0.36,0.4,17.1,36.7,-19.7,-1.01,0,9,18,0,0,0,0,100,13,17,43.3,MID,566574.0,exact,566574.0,2025-06-09,1000000.0,566574,1996-03-05,Spain,2028-06-30,178.0,right,28.826830937713893,41.9185282522996,13.815511557963774,830.9861819115389,Peak,False,False,True,False,False,ESP,UEFA,False,False,False,False,False,True
Merlin Röhl,de GER,"MF,FW",Freiburg,de Bundesliga,22.0,2002.0,19,11,965,10.7,0,1,1,0,0,0,2,0,0.8,0.8,1.7,2.5,20,22,60,0.09,0.23,12,3,25.0,1.12,0.28,0.0,0.0,18.2,0,0.06,-0.8,-0.8,190,250,76.0,2824,560,1.1,-0.7,9,17,4,3,247,2,0,0,0,12,1,0,0,0,0,1,12,25,2.33,19,0,1,2,2,1,3,0.28,16,10,4,10,2,11,81.8,2,9,1,8,6,22,2,0,403,6,46,195,169,28,403,40,12,30.0,25,62.5,217,1475,610,15,9,45,22,256,51,31.5,72.0,1,8,22.0,2,1.74,11,18,-7,-0.65,-0.78,11.4,12.6,-1.2,-0.12,0,21,19,0,0,0,0,49,14,34,29.2,MID,608832.0,exact,608832.0,2025-06-05,12000000.0,608832,2002-07-05,Germany,2026-06-30,192.0,right,22.494182067077343,17.904073587385017,16.300417291085605,505.98822686682394,Developing,True,False,False,False,False,GER,UEFA,False,False,False,False,False,True
Oriol Romeu,es ESP,MF,Girona,es La Liga,32.0,1991.0,25,17,1356,15.1,0,0,0,0,0,0,5,0,0.1,0.1,0.3,0.4,22,73,8,0.0,0.03,5,1,20.0,0.33,0.07,0.0,0.0,22.5,0,0.03,-0.1,-0.1,798,883,90.4,13866,3011,0.7,-0.3,8,81,2,1,871,12,12,2,7,8,0,0,0,0,0,0,11,20,1.33,20,0,0,0,0,0,1,0.07,38,25,14,19,5,26,53.8,12,22,8,14,12,50,20,4,1032,48,223,668,141,4,1032,8,4,50.0,3,37.5,600,3070,1666,16,1,13,13,782,54,39.6,70.0,6,8,21.0,5,1.2,18,27,-9,-0.6,-0.29,16.0,19.1,-3.1,-0.21,0,28,18,0,0,1,0,71,13,18,41.9,MID,66100.0,exact,66100.0,2025-06-09,1200000.0,66100,1991-09-24,Spain,2026-06-30,183.0,right,33.27310061601643,17.904073587385017,13.997832948091215,1107.0992246035528,Declining,False,False,True,False,False,ESP,UEFA,False,False,False,False,False,True
Valentin Rongier,fr FRA,"MF,DF",Marseille,fr Ligue 1,29.0,1994.0,25,17,1562,17.4,3,1,4,3,0,0,5,0,1.0,1.0,1.1,2.1,25,110,28,0.23,0.12,14,7,50.0,0.81,0.4,0.21,0.43,21.6,0,0.07,2.0,2.0,1271,1408,90.3,18466,4560,1.5,-0.1,11,110,7,0,1373,31,17,1,3,7,14,0,0,0,0,4,25,35,2.02,29,0,0,3,1,2,6,0.35,50,28,14,31,5,43,62.8,16,30,9,21,33,83,28,5,1602,51,347,977,288,13,1602,16,11,68.8,5,31.3,896,3281,1761,25,4,19,17,1226,62,51.0,80.0,8,8,26.0,5,2.24,39,25,14,0.81,0.03,31.2,24.1,7.2,0.41,0,37,14,0,0,1,0,86,13,11,54.2,MID,332889.0,exact,332889.0,2025-06-03,9000000.0,332889,1994-12-07,France,2028-06-30,173.0,right,30.069815195071868,41.9185282522996,16.012735246411598,904.193785865775,Declining,False,False,False,True,False,FRA,UEFA,False,False,False,False,False,True
Marten de Roon,nl NED,"MF,DF",Atalanta,it Serie A,33.0,1991.0,36,34,3058,34.0,4,4,8,4,0,0,5,0,0.9,0.9,2.3,3.2,37,242,32,0.24,0.09,14,4,28.6,0.41,0.12,0.29,1.0,22.7,0,0.06,3.1,3.1,1950,2258,86.4,36232,11018,2.9,1.7,25,236,27,3,2137,120,94,1,17,28,25,0,0,0,0,1,17,73,2.15,59,10,1,0,1,2,14,0.41,74,48,32,38,4,66,45.5,36,40,7,33,47,121,67,1,2538,89,615,1479,463,19,2538,13,6,46.2,6,46.2,1475,6603,3579,51,1,24,9,1754,85,89.4,88.0,32,2,31.0,1,1.97,71,32,39,1.15,0.65,61.1,32.6,28.5,0.84,0,48,22,1,0,0,0,140,46,29,61.3,MID,133179.0,exact,133179.0,2025-06-17,5000000.0,133179,1991-03-29,Netherlands,2026-06-30,185.0,right,33.76317590691308,17.904073587385017,15.424948670398354,1139.9520473211558,Declining,False,False,False,False,True,NED,UEFA,False,False,False,False,False,True
Pablo Rosario,do DOM,"MF,DF",Nice,fr Ligue 1,27.0,1997.0,29,21,1775,19.7,3,1,4,2,1,1,6,1,3.8,3.0,0.6,3.5,17,89,25,0.15,0.22,16,7,43.8,0.81,0.35,0.13,0.29,16.1,0,0.19,-0.8,-1.0,641,754,85.0,10685,3770,0.9,0.4,16,63,14,1,739,14,13,3,2,3,0,0,0,0,0,1,11,35,1.78,30,0,1,1,0,3,2,0.1,30,20,6,19,5,20,55.0,9,19,11,8,31,61,43,2,950,78,247,559,154,19,949,17,9,52.9,8,47.1,473,2261,1247,19,2,20,15,653,61,58.0,80.0,14,8,13.0,0,1.62,35,27,8,0.41,-0.79,34.7,25.5,9.2,0.47,0,24,10,0,0,0,0,60,24,16,60.0,MID,370791.0,exact,370791.0,2025-06-03,8000000.0,370791,1997-01-07,Dominican Republic,2029-06-30,188.0,right,27.983572895277206,53.90932982917214,15.894952224644102,783.0803519852931,Peak,False,False,False,True,False,DOM,CONCACAF,False,False,True,False,False,False
Nicolò Rovella,it ITA,MF,Lazio,it Serie A,22.0,2001.0,33,31,2718,30.2,0,3,3,0,0,0,13,0,1.5,1.5,2.2,3.7,45,159,42,0.1,0.12,28,8,28.6,0.93,0.26,0.0,0.0,23.4,2,0.06,-1.5,-1.5,1862,2078,89.6,34282,8459,2.1,0.8,31,174,24,3,1992,83,53,9,16,37,9,16,5,7,0,3,11,71,2.35,58,5,2,0,3,3,3,0.1,84,50,39,38,7,79,51.9,38,19,4,15,47,131,46,3,2354,91,589,1458,335,16,2354,25,18,72.0,6,24.0,1451,7910,3837,49,2,22,14,1749,82,79.5,85.0,21,2,38.0,2,1.73,46,41,5,0.17,-0.73,43.4,29.8,13.6,0.45,0,43,33,2,0,0,0,154,11,19,36.7,MID,525704.0,exact,525704.0,2025-06-17,30000000.0,525704,2001-12-04,Italy,2028-06-30,179.0,right,23.077344284736483,41.9185282522996,17.216707972959764,532.5638192362596,Developing,False,False,False,False,True,ITA,UEFA,False,False,False,False,False,True
Georginio Rutter,fr FRA,"MF,FW",Brighton,eng Premier League,22.0,2002.0,28,19,1656,18.4,5,3,8,5,0,0,2,0,4.6,4.6,2.5,7.1,42,67,79,0.43,0.39,50,12,24.0,2.72,0.65,0.1,0.42,15.5,0,0.09,0.4,0.4,237,355,66.8,3344,1174,1.7,0.5,19,30,16,1,344,9,0,12,0,9,0,0,0,0,0,2,14,64,3.47,37,0,9,7,9,2,8,0.43,39,15,13,18,8,36,38.9,22,20,3,17,10,49,13,2,641,20,83,246,326,79,641,71,27,38.0,34,47.9,361,2467,1405,36,16,45,37,411,59,48.4,76.0,3,9,24.0,0,1.57,32,29,3,0.16,-0.04,27.1,27.3,-0.3,-0.01,0,34,45,7,0,1,0,66,25,46,35.2,MID,538977.0,exact,538977.0,2025-05-30,32000000.0,538977,2002-04-20,France,2028-06-30,182.0,left,22.702258726899384,41.9185282522996,17.281246492014,515.3925513030792,Developing,False,True,False,False,False,FRA,UEFA,False,False,False,False,False,True
Marcel Sabitzer,at AUT,MF,Dortmund,de Bundesliga,30.0,1994.0,26,18,1616,18.0,1,0,1,1,0,0,3,0,1.8,1.8,1.6,3.3,24,97,70,0.06,0.19,21,8,38.1,1.17,0.45,0.05,0.13,20.8,0,0.08,-0.8,-0.8,728,858,84.8,10980,2905,1.6,-1.6,12,75,12,2,812,44,22,4,3,23,13,0,0,0,0,2,15,42,2.34,26,3,1,6,1,5,6,0.33,29,19,7,15,7,27,59.3,11,19,6,13,10,39,29,1,1028,37,131,581,322,31,1028,15,6,40.0,9,60.0,577,2494,1255,31,3,22,12,717,62,52.8,77.0,9,8,30.0,1,1.46,32,27,5,0.28,-0.66,30.4,21.6,8.9,0.5,0,12,9,0,0,0,0,58,17,13,56.7,MID,106987.0,exact,106987.0,2025-06-05,8000000.0,106987,1994-03-17,Austria,2027-06-30,178.0,right,30.795345653661876,29.894875164257556,15.894952224644102,948.3533139285114,Declining,True,False,False,False,False,AUT,UEFA,False,False,False,False,False,True
Manolis Saliakas,gr GRE,"MF,DF",St. Pauli,de Bundesliga,27.0,1996.0,30,26,2314,25.7,2,1,3,2,0,0,4,0,1.5,1.5,2.6,4.1,28,93,80,0.12,0.16,29,6,20.7,1.13,0.23,0.07,0.33,22.3,0,0.05,0.5,0.5,958,1334,71.8,17972,7070,2.9,-1.6,26,77,31,14,1056,275,11,2,15,82,257,7,4,2,0,3,29,59,2.29,43,10,1,2,3,0,5,0.19,46,22,24,18,4,49,51.0,24,38,8,30,20,66,62,0,1560,73,447,688,430,30,1560,9,3,33.3,5,55.6,653,2383,1293,34,2,6,6,876,77,75.6,85.0,14,4,28.0,1,1.07,23,28,-5,-0.19,0.77,28.7,33.9,-5.2,-0.2,0,16,15,0,1,0,0,84,14,11,56.0,MID,242661.0,exact,242661.0,2025-06-05,3000000.0,242661,1996-09-12,Greece,,177.0,right,28.303901437371664,,14.914123179965662,801.1108365764497,Peak,True,False,False,False,False,GRE,UEFA,False,False,False,False,False,True
Lazar Samardzic,rs SRB,MF,Atalanta,it Serie A,22.0,2002.0,31,7,1169,13.0,2,1,3,2,0,0,3,0,2.0,2.0,2.9,4.9,54,92,99,0.23,0.37,33,12,36.4,2.54,0.92,0.06,0.17,19.6,3,0.06,0.0,0.0,539,692,77.9,9402,2297,4.0,-1.9,35,60,30,3,641,47,8,6,15,60,1,37,29,5,0,4,8,77,5.93,50,12,8,6,0,1,6,0.46,21,15,5,7,9,25,48.0,13,9,1,8,2,23,6,0,867,6,61,353,459,54,867,60,27,45.0,32,53.3,573,3612,1652,40,21,36,19,658,38,34.2,77.0,3,24,26.0,6,1.81,30,13,17,1.31,0.35,23.8,11.7,12.1,0.93,0,19,10,1,0,0,0,50,4,23,14.8,MID,528833.0,exact_accent_stripped,528833.0,2025-06-17,17000000.0,528833,2002-02-24,Serbia,2029-06-30,184.0,left,22.85284052019165,53.90932982917214,16.648723960844016,522.2523198413132,Developing,False,False,False,False,True,SRB,UEFA,False,False,False,False,False,True
Diadie Samassékou,ml MLI,MF,Hoffenheim,de Bundesliga,28.0,1996.0,8,6,290,3.2,0,0,0,0,0,0,0,0,0.1,0.1,0.0,0.1,3,11,2,0.0,0.02,3,1,33.3,0.93,0.31,0.0,0.0,25.7,0,0.02,-0.1,-0.1,144,156,92.3,2024,473,0.1,0.0,0,15,2,0,153,3,2,0,0,0,0,0,0,0,0,0,1,4,1.24,3,0,0,0,1,0,0,0.0,5,5,1,2,2,4,50.0,2,4,2,2,5,10,5,0,190,8,36,114,42,1,190,5,4,80.0,1,20.0,92,317,112,3,0,1,3,122,36,9.5,47.0,0,2,4.0,6,0.88,2,8,-6,-1.86,-1.34,4.4,3.7,0.7,0.23,0,5,4,0,0,0,0,18,3,6,33.3,MID,315604.0,exact_accent_stripped,315604.0,2025-06-05,1000000.0,315604,1996-01-11,Mali,2026-12-31,177.0,right,28.974674880219027,23.94875164257556,13.815511557963774,839.5317844143955,Peak,True,False,False,False,False,MLI,CAF,False,True,False,False,False,False
Albert Sambi Lokonga,be BEL,MF,Sevilla,es La Liga,24.0,1999.0,22,16,1471,16.3,0,2,2,0,0,0,4,0,0.9,0.9,1.0,1.9,24,93,20,0.12,0.12,13,5,38.5,0.8,0.31,0.0,0.0,19.8,0,0.07,-0.9,-0.9,799,894,89.4,13113,3894,0.9,1.0,19,81,8,0,867,26,20,5,10,2,5,0,0,0,0,1,5,35,2.14,32,0,0,2,0,1,3,0.18,22,15,10,9,3,14,71.4,4,13,1,12,9,31,24,3,1018,42,262,596,162,17,1018,10,4,40.0,4,40.0,533,2948,1640,14,1,19,13,746,67,43.0,82.0,8,6,28.0,2,1.18,14,21,-7,-0.43,-0.15,17.1,19.4,-2.2,-0.14,0,22,21,0,0,0,0,69,28,14,66.7,MID,381967.0,exact,381967.0,2025-06-09,8000000.0,381967,1999-10-22,Belgium,2028-06-30,183.0,right,25.196440793976727,41.9185282522996,15.894952224644102,634.8606286843745,Developing,False,False,True,False,False,BEL,UEFA,False,False,False,False,False,True
Oihan Sancet,es ESP,MF,Athletic Club,es La Liga,24.0,2000.0,29,19,1620,18.0,15,1,16,12,3,3,2,0,9.7,7.3,1.9,9.2,52,90,115,0.72,0.64,47,17,36.2,2.61,0.94,0.26,0.71,16.7,1,0.16,5.3,4.7,461,569,81.0,6927,1632,1.5,-0.9,21,66,15,1,547,18,2,5,4,18,3,0,0,0,0,4,14,50,2.77,38,0,4,5,3,0,8,0.44,13,8,6,6,1,14,35.7,9,10,0,10,5,18,6,0,767,9,61,378,345,68,764,50,24,48.0,21,42.0,464,2996,1662,39,8,56,45,610,56,47.4,69.0,4,10,31.0,1,1.93,37,15,22,1.22,1.07,28.6,16.7,12.0,0.66,0,16,24,5,0,0,0,77,12,13,48.0,MID,571020.0,exact,571020.0,2025-06-09,60000000.0,571020,2000-04-25,Spain,2032-06-30,188.0,right,24.687200547570157,89.91458607095926,17.909855136853043,609.4578708759483,Developing,False,False,True,False,False,ESP,UEFA,False,False,False,False,False,True
Antonio Sánchez,es ESP,"MF,DF",Mallorca,es La Liga,27.0,1997.0,33,12,1395,15.5,0,0,0,0,0,0,3,0,1.1,1.1,0.6,1.7,18,38,53,0.0,0.11,17,2,11.8,1.1,0.13,0.0,0.0,19.3,0,0.06,-1.1,-1.1,391,537,72.8,6493,1870,1.0,-0.6,5,36,8,4,495,38,4,1,2,33,28,3,0,2,0,4,13,18,1.16,12,2,1,2,1,0,0,0.0,28,16,16,8,4,36,38.9,22,16,2,14,18,46,36,1,729,35,211,333,201,20,729,25,14,56.0,8,32.0,367,1900,780,14,7,26,7,404,42,40.8,77.0,2,21,23.0,3,1.39,16,14,2,0.13,0.62,14.9,21.3,-6.4,-0.42,0,24,11,4,0,0,0,77,6,16,27.3,MID,513031.0,exact,513031.0,2025-06-09,2500000.0,513031,1997-04-22,Spain,2027-06-30,179.0,right,27.696098562628336,29.894875164257556,14.731801689838349,767.0738755908234,Peak,False,False,True,False,False,ESP,UEFA,False,False,False,False,False,True
Iván Sánchez,es ESP,"MF,FW",Valladolid,es La Liga,31.0,1992.0,32,11,1404,15.6,2,1,3,2,0,0,4,0,0.7,0.7,2.9,3.5,60,77,93,0.19,0.23,15,5,33.3,0.96,0.32,0.13,0.4,21.1,2,0.04,1.3,1.3,422,591,71.4,7754,2475,2.9,-1.9,24,52,23,15,525,63,19,2,13,114,18,25,21,1,1,3,15,64,4.11,46,7,4,1,5,1,5,0.32,37,20,18,10,9,27,44.4,15,18,3,15,14,51,10,0,755,12,127,331,308,22,755,49,28,57.1,10,20.4,467,3520,2016,34,11,24,21,520,44,41.1,73.0,2,21,29.0,6,0.41,12,39,-27,-1.73,-0.08,14.7,30.0,-15.3,-0.98,0,15,48,3,0,0,0,59,11,11,50.0,MID,221311.0,exact,221311.0,2025-06-09,600000.0,221311,1992-09-23,Spain,2027-06-30,169.0,left,32.27378507871321,29.894875164257556,13.304686600863562,1041.5972033069716,Declining,False,False,True,False,False,ESP,UEFA,False,False,False,False,False,True
Juanlu Sánchez,es ESP,"MF,DF",Sevilla,es La Liga,20.0,2003.0,32,18,1722,19.1,4,4,8,4,0,0,6,1,2.1,2.1,2.8,5.0,44,68,83,0.42,0.26,13,6,46.2,0.68,0.31,0.31,0.67,12.1,0,0.17,1.9,1.9,568,697,81.5,8314,2421,1.7,1.2,24,51,14,5,635,60,2,0,2,40,55,0,0,0,0,2,31,40,2.09,36,0,2,2,0,0,5,0.26,50,34,28,15,7,59,59.3,24,27,2,25,17,67,19,0,884,22,204,413,279,31,884,28,11,39.3,16,57.1,427,2330,1394,23,8,24,12,558,54,50.4,81.0,7,14,18.0,4,1.0,24,33,-9,-0.47,-0.26,21.2,24.9,-3.7,-0.19,1,18,12,1,0,0,0,66,19,19,50.0,MID,676042.0,exact,676042.0,2025-06-09,12000000.0,676042,2003-08-15,Spain,2029-06-30,186.0,right,21.38261464750171,53.90932982917214,16.300417291085605,457.2162091635547,Emerging,False,False,True,False,False,ESP,UEFA,False,False,False,False,False,True
Philipp Sander,de GER,MF,Gladbach,de Bundesliga,26.0,1998.0,27,16,1400,15.6,1,0,1,1,0,0,2,0,1.2,1.2,0.6,1.8,16,60,29,0.06,0.12,18,7,38.9,1.16,0.45,0.06,0.14,21.1,0,0.07,-0.2,-0.2,610,754,80.9,9432,2395,1.0,-0.6,13,50,7,4,721,32,16,4,2,22,9,7,4,3,0,1,15,28,1.8,20,4,1,3,0,0,1,0.06,33,17,16,15,2,23,43.5,13,16,7,9,23,56,44,3,921,53,257,524,151,17,921,18,11,61.1,6,33.3,473,2265,1024,15,5,16,7,575,52,45.8,79.0,5,11,13.0,1,1.37,24,24,0,0.0,0.11,24.1,30.3,-6.2,-0.4,0,16,7,0,0,0,0,82,32,19,62.7,MID,388409.0,exact,388409.0,2025-06-05,4000000.0,388409,1998-02-21,Germany,2028-06-30,186.0,both,26.861054072553046,41.9185282522996,15.201805169084134,721.5162258886186,Peak,True,False,False,False,False,GER,UEFA,False,False,False,False,False,True
James Sands,us USA,"MF,DF",St. Pauli,de Bundesliga,24.0,2000.0,7,5,453,5.0,0,0,0,0,0,0,1,0,0.1,0.1,0.0,0.1,0,16,6,0.0,0.01,1,0,0.0,0.2,0.0,0.0,,9.5,0,0.05,-0.1,-0.1,155,204,76.0,2286,644,0.1,0.0,1,8,3,0,198,5,5,0,2,2,0,0,0,0,0,1,5,7,1.39,7,0,0,0,0,0,0,0.0,15,6,5,8,2,4,100.0,0,5,1,4,5,20,8,0,259,12,63,148,49,6,259,1,1,100.0,0,0.0,119,413,146,0,0,3,3,152,65,14.8,86.0,4,2,12.0,0,1.0,5,4,1,0.2,0.68,4.4,4.9,-0.5,-0.1,0,11,5,1,0,0,0,21,17,8,68.0,MID,393321.0,exact,393321.0,2025-06-05,3000000.0,393321,2000-07-06,United States,2026-06-30,186.0,right,24.490075290896645,17.904073587385017,14.914123179965662,599.7637877537863,Developing,True,False,False,False,False,USA,CONCACAF,False,False,True,False,False,False
Ibrahim Sangaré,ci CIV,MF,Nott'ham Forest,eng Premier League,26.0,1997.0,13,7,590,6.6,0,1,1,0,0,0,3,0,0.0,0.0,0.4,0.4,1,27,4,0.15,0.06,1,1,100.0,0.15,0.15,0.0,0.0,32.0,0,0.02,0.0,0.0,276,323,85.4,4521,1475,0.2,0.6,4,28,4,1,312,11,10,1,2,2,1,0,0,0,0,0,9,8,1.22,7,0,0,1,0,0,0,0.0,28,14,8,17,3,17,47.1,9,10,4,6,6,34,13,1,407,26,110,247,52,7,407,1,0,0.0,1,100.0,171,759,283,2,0,5,4,236,45,17.3,72.0,1,6,14.0,5,1.46,11,6,5,0.76,0.54,9.5,8.2,1.3,0.2,0,15,8,0,0,0,0,42,10,10,50.0,MID,375885.0,exact,375885.0,2025-05-30,24000000.0,375885,1997-12-02,Cote d'Ivoire,2028-06-30,191.0,right,27.082819986310746,41.9185282522996,16.993564429978885,733.4791384109128,Peak,False,True,False,False,False,CIV,CAF,False,True,False,False,False,False
Kaishu Sano,jp JPN,MF,Mainz 05,de Bundesliga,23.0,2000.0,34,34,3043,33.8,0,0,0,0,0,0,3,0,0.9,0.9,1.2,2.1,53,159,46,0.0,0.06,20,2,10.0,0.59,0.06,0.0,0.0,20.2,0,0.04,-0.9,-0.9,1153,1439,80.1,18623,5611,2.0,-1.2,19,133,19,1,1423,11,7,0,7,11,4,0,0,0,0,5,26,62,1.83,50,0,3,2,4,3,5,0.15,61,36,22,31,8,52,48.1,27,66,14,52,65,126,56,1,1814,68,411,1083,344,39,1814,51,32,62.7,16,31.4,894,4664,2250,43,9,39,31,1027,90,99.4,90.0,32,0,,0,1.53,55,43,12,0.35,0.35,49.4,48.0,1.5,0.04,0,16,33,2,0,0,0,190,83,74,52.9,MID,643574.0,exact,643574.0,2025-06-05,20000000.0,643574,2000-12-30,Japan,2028-06-30,176.0,both,24.005475701574266,41.9185282522996,16.811242881518265,576.2628636588724,Developing,True,False,False,False,False,JPN,AFC,True,False,False,False,False,False
Baptiste Santamaria,fr FRA,MF,Nice,fr Ligue 1,29.0,1995.0,13,11,927,10.3,0,0,0,0,0,0,1,0,0.9,0.9,1.0,1.9,10,45,11,0.0,0.18,16,3,18.8,1.55,0.29,0.0,0.0,20.8,0,0.06,-0.9,-0.9,389,471,82.6,6339,1799,0.3,-1.0,9,40,4,0,460,9,8,3,4,3,0,1,0,1,0,2,9,21,2.04,15,1,1,3,1,0,1,0.1,20,10,10,7,3,22,59.1,9,14,3,11,18,38,19,1,589,25,140,362,95,14,589,13,8,61.5,5,38.5,277,1192,647,10,0,15,7,394,71,30.3,81.0,5,2,19.0,2,2.08,19,9,10,0.97,0.34,16.8,12.1,4.7,0.46,0,16,20,0,0,1,0,49,24,13,64.9,MID,285323.0,exact,285323.0,2025-06-03,7000000.0,285323,1995-03-09,France,2027-06-30,183.0,right,29.817932922655714,29.894875164257556,15.76142084987672,889.1091237799956,Peak,False,False,False,True,False,FRA,UEFA,False,False,False,False,False,True
Baptiste Santamaria,fr FRA,MF,Rennes,fr Ligue 1,29.0,1995.0,10,5,482,5.4,0,1,1,0,0,0,1,0,0.1,0.1,0.3,0.4,3,28,9,0.19,0.07,4,1,25.0,0.75,0.19,0.0,0.0,19.1,0,0.03,-0.1,-0.1,254,308,82.5,4350,1435,0.3,0.7,4,32,4,0,296,12,10,1,2,4,1,0,0,0,0,0,9,10,1.87,8,1,0,0,1,0,2,0.37,11,4,7,3,1,11,54.5,5,10,4,6,12,23,7,0,377,12,93,226,58,4,377,5,1,20.0,4,80.0,198,715,216,5,0,12,5,256,48,15.8,79.0,3,5,18.0,7,1.1,5,9,-4,-0.75,-0.92,5.0,7.8,-2.8,-0.53,0,5,7,0,1,0,1,34,13,13,50.0,MID,285323.0,exact,285323.0,2025-06-03,7000000.0,285323,1995-03-09,France,2027-06-30,183.0,right,29.817932922655714,29.894875164257556,15.76142084987672,889.1091237799956,Peak,False,False,False,True,False,FRA,UEFA,False,False,False,False,False,True
Andrey Santos,br BRA,MF,Strasbourg,fr Ligue 1,20.0,2004.0,32,32,2855,31.7,10,3,13,10,0,0,8,0,5.1,5.1,3.3,8.4,29,149,26,0.41,0.27,46,16,34.8,1.45,0.5,0.22,0.63,16.2,0,0.11,4.9,4.9,1401,1588,88.2,23008,7859,2.0,-0.3,27,141,15,0,1519,62,61,8,1,0,1,0,0,0,0,7,23,56,1.77,47,0,1,1,2,5,6,0.19,110,74,47,51,12,87,58.6,36,46,14,32,32,142,67,1,1983,108,634,1159,213,36,1983,37,18,48.6,14,37.8,1015,4117,2383,14,3,44,11,1276,89,93.3,89.0,30,0,,0,1.72,55,42,13,0.41,0.85,46.9,53.4,-6.5,-0.21,0,29,63,0,1,1,0,188,37,24,60.7,MID,743600.0,exact,743600.0,2025-06-03,35000000.0,743600,2004-05-03,Brazil,2030-06-30,180.0,right,20.6652977412731,65.90013140604468,17.370858648025116,427.0545307354671,Emerging,False,False,False,True,False,BRA,CONMEBOL,False,False,False,True,False,False
Pablo Sarabia,es ESP,"MF,FW",Wolves,eng Premier League,32.0,1992.0,23,7,814,9.0,3,2,5,3,0,0,3,0,2.9,2.9,1.8,4.6,15,60,62,0.55,0.51,17,8,47.1,1.88,0.88,0.18,0.38,18.9,2,0.17,0.1,0.1,308,445,69.2,5160,1909,1.9,0.2,15,39,20,3,372,65,22,5,2,47,10,24,22,2,0,8,19,28,3.1,20,6,2,0,0,0,5,0.55,16,8,4,8,4,16,62.5,6,10,0,10,4,20,7,1,552,4,58,271,226,24,552,15,6,40.0,7,46.7,325,1497,731,15,0,22,14,387,35,23.8,63.0,0,16,23.0,7,1.25,14,19,-5,-0.55,-0.21,11.9,15.7,-3.7,-0.41,0,16,15,5,0,0,0,34,5,14,26.3,MID,74230.0,exact,74230.0,2025-05-30,5000000.0,74230,1992-05-11,Spain,2027-06-30,174.0,left,32.643394934976044,29.894875164257556,15.424948670398354,1065.5912328808197,Declining,False,True,False,False,False,ESP,UEFA,False,False,False,False,False,True
Ismaila Sarr,sn SEN,MF,Crystal Palace,eng Premier League,26.0,1998.0,38,30,2711,30.1,8,6,14,8,0,0,4,0,10.7,10.7,8.5,19.2,75,85,183,0.46,0.64,59,29,49.2,1.96,0.96,0.14,0.28,13.2,0,0.19,-2.7,-2.7,490,742,66.0,7257,2202,6.7,-2.5,44,28,42,9,735,2,0,13,1,55,2,0,0,0,0,5,26,110,3.65,81,0,6,9,14,0,12,0.4,22,10,10,9,3,25,32.0,17,27,8,19,9,31,40,0,1091,48,180,411,511,135,1091,61,17,27.9,35,57.4,607,3721,2108,47,28,70,43,739,71,79.3,84.0,13,8,22.0,0,1.39,42,39,3,0.1,0.48,50.8,37.9,12.9,0.43,0,14,56,11,1,0,0,113,37,52,41.6,MID,410225.0,exact_accent_stripped,410225.0,2025-05-30,25000000.0,410225,1998-02-25,Senegal,2029-06-30,185.0,right,26.850102669404517,53.90932982917214,17.034386422832473,720.9280133575636,Peak,False,True,False,False,False,SEN,CAF,False,True,False,False,False,False
Téji Savanier,fr FRA,MF,Montpellier,fr Ligue 1,32.0,1991.0,31,27,2363,26.3,2,5,7,0,2,2,4,1,3.8,2.3,6.9,9.1,26,183,108,0.19,0.42,45,14,31.1,1.71,0.53,0.0,0.0,26.9,13,0.05,-1.8,-2.3,1031,1481,69.6,22715,7412,7.2,-1.9,67,165,31,12,1176,285,113,13,49,199,17,112,41,61,0,20,27,122,4.83,71,33,3,4,7,4,7,0.28,29,25,7,16,6,43,41.9,25,16,1,15,15,44,21,4,1748,23,188,997,575,35,1746,67,27,40.3,35,52.2,909,4394,1948,36,4,46,31,1131,76,77.2,85.0,19,4,20.0,1,0.42,17,61,-44,-1.68,-0.13,26.7,45.9,-19.2,-0.76,0,22,62,1,0,0,0,117,18,23,43.9,MID,127156.0,exact,127156.0,2024-06-03,9000000.0,127156,1991-12-22,France,2026-06-30,172.0,right,33.02943189596167,17.904073587385017,16.012735246411598,1090.9433713699702,Declining,False,False,False,True,False,FRA,UEFA,False,False,False,False,False,True
András Schäfer,hu HUN,MF,Union Berlin,de Bundesliga,25.0,1999.0,26,17,1534,17.0,1,1,2,1,0,0,3,0,0.6,0.6,0.9,1.5,23,55,42,0.12,0.09,12,1,8.3,0.7,0.06,0.08,1.0,21.8,0,0.05,0.4,0.4,414,563,73.5,5736,1421,1.3,0.1,10,30,12,2,534,26,2,0,1,17,5,3,2,0,0,3,19,29,1.7,21,0,1,1,5,1,3,0.18,52,26,23,24,5,41,61.0,16,33,6,27,22,74,36,0,799,39,185,410,211,20,799,29,13,44.8,13,44.8,362,1697,698,16,4,27,9,400,59,50.1,78.0,4,9,23.0,7,1.27,18,26,-8,-0.47,0.0,16.6,25.6,-9.0,-0.53,0,27,33,0,0,0,0,72,28,19,59.6,MID,454863.0,exact,454863.0,2025-06-05,5000000.0,454863,1999-04-13,Hungary,2027-06-30,178.0,right,25.72210814510609,29.894875164257556,15.424948670398354,661.6268474285331,Developing,True,False,False,False,False,HUN,UEFA,False,False,False,False,False,True
Romano Schmid,at AUT,MF,Werder Bremen,de Bundesliga,24.0,2000.0,32,32,2834,31.5,5,4,9,4,1,1,4,0,4.3,3.5,6.2,9.7,107,279,201,0.25,0.33,47,13,27.7,1.49,0.41,0.09,0.31,18.1,2,0.07,0.7,0.5,1239,1663,74.5,20032,7214,8.8,-2.2,68,170,90,24,1574,72,14,20,7,145,15,40,21,14,1,17,39,151,4.8,111,16,5,11,7,1,13,0.41,43,25,10,22,11,51,47.1,27,42,3,39,11,54,9,2,1988,25,244,940,832,104,1987,95,45,47.4,45,47.4,1315,6932,3864,76,28,75,55,1502,89,92.6,89.0,20,0,,0,1.59,51,50,1,0.03,1.62,45.1,42.4,2.7,0.08,0,28,42,3,1,0,0,167,23,28,45.1,MID,346853.0,exact,346853.0,2025-06-05,17000000.0,346853,2000-01-27,Austria,2027-06-30,168.0,right,24.930869267624914,29.894875164257556,16.648723960844016,621.5482424394044,Developing,True,False,False,False,False,AUT,UEFA,False,False,False,False,False,True
Jan Schöppner,de GER,MF,Heidenheim,de Bundesliga,25.0,1999.0,33,32,2681,29.8,4,3,7,4,0,0,8,0,3.9,3.9,3.4,7.3,35,107,48,0.23,0.25,41,13,31.7,1.38,0.44,0.1,0.31,15.9,0,0.09,0.1,0.1,778,1042,74.7,13993,3872,2.1,-0.4,25,67,19,3,1018,21,4,3,9,12,13,0,0,0,0,3,26,56,1.88,44,1,3,6,1,1,4,0.13,56,30,19,27,10,58,34.5,38,38,6,32,43,99,95,1,1440,103,407,719,325,64,1440,32,14,43.8,18,56.3,704,3817,1993,26,5,40,24,801,81,87.6,83.0,22,1,20.0,0,0.88,35,52,-17,-0.57,1.8,35.4,49.6,-14.2,-0.48,0,32,20,2,0,0,0,130,57,60,48.7,MID,581357.0,exact,581357.0,2025-06-05,4000000.0,581357,1999-06-12,Germany,2028-06-30,190.0,right,25.557837097878167,41.9185282522996,15.201805169084134,653.2030371216775,Developing,True,False,False,False,False,GER,UEFA,False,False,False,False,False,True
Alex Scott,eng ENG,MF,Bournemouth,eng Premier League,20.0,2003.0,20,8,755,8.4,0,0,0,0,0,0,3,0,0.7,0.7,0.9,1.6,15,52,33,0.0,0.19,15,6,40.0,1.79,0.72,0.0,0.0,21.1,1,0.05,-0.7,-0.7,286,342,83.6,4583,1359,1.0,-0.9,12,41,5,1,317,23,10,2,4,7,1,5,3,0,0,2,6,29,3.45,19,2,0,2,3,3,2,0.24,27,14,11,8,8,42,45.2,23,17,4,13,10,37,15,0,485,24,90,257,144,18,485,26,6,23.1,13,50.0,247,1401,663,10,3,23,8,294,38,22.1,59.0,0,12,24.0,1,1.35,10,8,2,0.24,-0.1,12.0,10.0,1.9,0.23,0,17,26,0,0,0,0,52,7,7,50.0,MID,855256.0,exact,855256.0,2025-05-30,20000000.0,855256,2003-08-21,England,2028-06-30,178.0,right,21.366187542778917,41.9185282522996,16.811242881518265,456.51397011320097,Emerging,False,True,False,False,False,ENG,UEFA,False,False,False,False,False,True
Nicolas Seiwald,at AUT,"MF,DF",RB Leipzig,de Bundesliga,23.0,2001.0,30,20,2084,23.2,0,0,0,0,0,0,2,0,0.2,0.2,1.7,2.0,17,140,30,0.0,0.08,5,0,0.0,0.22,0.0,0.0,,26.6,0,0.04,-0.2,-0.2,1115,1348,82.7,18798,6983,2.7,-1.7,20,123,27,3,1272,70,36,8,3,46,7,26,8,15,0,6,21,49,2.12,39,10,0,0,0,0,3,0.13,53,31,19,29,5,50,50.0,25,43,10,33,31,84,76,2,1607,107,442,948,226,8,1607,10,4,40.0,6,60.0,760,2905,1400,20,2,9,8,1025,69,68.1,86.0,15,10,37.0,2,1.47,38,36,2,0.09,-0.19,32.8,39.6,-6.8,-0.29,0,27,2,0,0,0,0,125,24,34,41.4,MID,404950.0,exact,404950.0,2025-06-05,18000000.0,404950,2001-05-04,Austria,2028-06-30,179.0,right,23.66324435318275,41.9185282522996,16.705882371415992,559.9491333184353,Developing,True,False,False,False,False,AUT,UEFA,False,False,False,False,False,True
Stefano Sensi,it ITA,MF,Monza,it Serie A,28.0,1995.0,12,2,274,3.0,1,0,1,0,1,1,0,0,0.9,0.2,0.2,0.4,4,38,8,0.0,0.38,6,1,16.7,1.97,0.33,0.0,0.0,30.6,1,0.03,0.1,-0.2,257,299,86.0,4852,1499,0.3,-0.2,3,36,4,1,285,12,6,0,3,12,1,5,0,4,0,2,1,15,4.89,13,1,0,0,1,0,0,0.0,8,5,4,4,0,6,83.3,1,4,2,2,3,11,3,1,329,6,75,201,57,1,328,7,5,71.4,1,14.3,245,1261,588,5,0,1,3,262,23,8.0,56.0,0,10,16.0,10,0.25,4,7,-3,-0.99,0.1,3.8,4.0,-0.2,-0.06,0,3,6,0,0,0,0,16,2,3,40.0,MID,216179.0,exact,216179.0,2025-06-17,1000000.0,216179,1995-08-05,Italy,2027-05-31,168.0,right,29.409993155373034,28.90932982917214,13.815511557963774,864.9476973990887,Peak,False,False,False,False,True,ITA,UEFA,False,False,False,False,False,True
Suat Serdar,de GER,MF,Hellas Verona,it Serie A,27.0,1997.0,22,16,1376,15.3,2,1,3,2,0,0,4,1,1.9,1.9,1.0,2.9,18,56,35,0.2,0.19,30,8,26.7,1.96,0.52,0.07,0.25,20.9,0,0.06,0.1,0.1,357,477,74.8,5878,1693,0.5,0.0,10,47,5,1,458,13,8,3,5,9,3,2,0,0,0,6,19,29,1.9,19,0,3,3,4,0,1,0.07,35,22,12,19,4,26,38.5,16,19,4,15,8,43,21,0,660,31,122,383,164,30,660,37,19,51.4,15,40.5,370,1701,750,20,3,24,15,395,63,40.2,75.0,7,6,29.0,0,0.95,12,29,-17,-1.11,-0.45,11.3,22.3,-11.0,-0.72,1,33,18,0,0,0,0,74,14,14,50.0,MID,261905.0,exact,261905.0,2025-06-17,4500000.0,261905,1997-04-11,Germany,2028-06-30,184.0,right,27.72621492128679,41.9185282522996,15.319588176962746,768.7429938613863,Peak,False,False,False,False,True,GER,UEFA,False,False,False,False,False,True
Vincent Sierro,ch SUI,MF,Toulouse,fr Ligue 1,28.0,1995.0,29,27,2402,26.7,5,1,6,3,2,2,4,0,4.2,2.7,3.6,6.3,15,147,27,0.15,0.29,30,7,23.3,1.12,0.26,0.1,0.43,20.6,2,0.09,0.8,0.3,1076,1372,78.4,19073,5824,3.6,-2.6,30,102,26,1,1237,132,70,6,14,64,3,38,18,18,0,3,18,63,2.36,39,16,1,4,2,1,4,0.15,44,27,15,23,6,56,48.2,29,34,9,25,16,60,44,1,1646,68,386,904,369,37,1644,28,12,42.9,16,57.1,914,3573,1633,21,5,47,18,1074,83,78.5,86.0,18,2,38.0,0,1.28,38,36,2,0.07,0.21,38.8,28.6,10.2,0.38,0,34,31,1,0,0,0,125,31,35,47.0,MID,280387.0,exact,280387.0,2025-06-03,4000000.0,280387,1995-10-08,Switzerland,2027-06-30,185.0,right,29.234770704996578,29.894875164257556,15.201805169084134,854.6718181737261,Peak,False,False,False,True,False,SUI,UEFA,False,False,False,False,False,True
Bernardo Silva,pt POR,"MF,FW",Manchester City,eng Premier League,29.0,1994.0,33,29,2670,29.7,4,4,8,4,0,0,7,0,3.9,3.9,5.1,9.0,101,134,200,0.27,0.3,32,11,34.4,1.08,0.37,0.13,0.36,12.4,0,0.12,0.1,0.1,1547,1783,86.8,23646,4501,4.5,-1.1,53,87,40,7,1654,128,55,4,6,60,44,16,5,0,0,1,35,92,3.1,81,3,4,1,3,0,8,0.27,56,37,17,30,9,56,44.6,31,36,7,29,23,79,32,3,2054,50,355,843,876,141,2054,61,28,45.9,26,42.6,1288,8110,4045,65,32,25,34,1518,81,78.1,90.0,28,4,15.0,5,1.79,49,36,13,0.44,-1.36,49.0,38.9,10.1,0.34,0,27,32,3,0,0,0,107,5,10,33.3,MID,241641.0,exact,241641.0,2025-05-30,38000000.0,241641,1994-08-10,Portugal,2026-06-30,173.0,left,30.39561943874059,17.904073587385017,17.453096744006448,923.8936810647448,Declining,False,True,False,False,False,POR,UEFA,False,False,False,False,False,True
Giuliano Simeone,ar ARG,MF,Atlético Madrid,es La Liga,21.0,2002.0,33,26,1926,21.4,2,6,8,2,0,0,4,0,2.2,2.2,5.2,7.4,69,49,189,0.37,0.35,22,7,31.8,1.03,0.33,0.09,0.29,14.5,0,0.1,-0.2,-0.2,600,795,75.5,7159,2076,4.7,0.8,24,30,27,10,765,29,0,2,0,49,28,1,0,0,0,1,40,50,2.34,40,0,5,2,3,0,9,0.42,27,13,6,11,10,30,50.0,15,22,3,19,14,41,22,1,1034,20,173,416,461,87,1034,68,30,44.1,33,48.5,652,3555,1783,42,24,55,20,748,58,56.3,68.0,3,7,22.0,5,2.09,44,18,26,1.21,0.49,41.1,17.0,24.1,1.13,0,23,42,7,1,0,0,72,11,23,32.4,MID,742201.0,exact,742201.0,2025-06-09,35000000.0,742201,2002-12-18,Argentina,2030-06-30,174.0,right,22.039698836413415,65.90013140604468,17.370858648025116,485.74832479980284,Developing,False,False,True,False,False,ARG,CONMEBOL,False,False,False,True,False,False
Xavi Simons,nl NED,MF,RB Leipzig,de Bundesliga,21.0,2003.0,25,25,2150,23.9,10,6,16,10,0,0,5,0,5.1,5.1,6.3,11.4,85,140,185,0.67,0.48,50,23,46.0,2.09,0.96,0.2,0.43,19.4,4,0.1,4.9,4.9,944,1201,78.6,14792,3997,6.0,-0.3,51,79,60,4,1061,132,40,23,4,79,9,58,20,20,1,8,25,108,4.52,77,13,3,3,11,1,12,0.5,28,21,5,15,8,26,46.2,14,19,3,16,12,40,19,1,1557,13,149,766,672,82,1557,100,33,33.0,56,56.0,869,5261,2765,71,22,73,55,1112,86,70.3,86.0,18,0,,0,1.6,38,28,10,0.42,0.91,32.5,36.3,-3.8,-0.16,0,24,56,5,0,0,0,128,19,26,42.2,MID,566931.0,exact,566931.0,2025-06-05,70000000.0,566931,2003-04-21,Netherlands,2030-06-30,179.0,right,21.700205338809035,65.90013140604468,18.064005814299346,470.89891174647613,Emerging,True,False,False,False,False,NED,UEFA,False,False,False,False,False,True
Ibrahima Sissoko,ml MLI,MF,Bochum,de Bundesliga,26.0,1997.0,32,30,2610,29.0,2,1,3,2,0,0,11,1,1.7,1.7,1.6,3.3,35,105,69,0.1,0.11,25,8,32.0,0.86,0.28,0.08,0.25,17.9,0,0.07,0.3,0.3,804,1072,75.0,13473,4262,2.7,-0.6,27,77,16,5,1059,11,3,4,3,21,4,0,0,0,0,2,28,65,2.24,53,0,3,1,4,4,3,0.1,66,44,30,31,5,45,53.3,21,39,11,28,36,102,61,0,1429,80,366,785,302,51,1429,61,32,52.5,26,42.6,691,3564,1553,24,3,40,32,792,82,85.3,85.0,15,2,36.0,0,0.72,27,57,-30,-1.03,-0.23,35.6,52.3,-16.7,-0.57,1,75,29,2,1,1,0,154,76,54,58.5,MID,372712.0,exact,372712.0,2025-06-05,6000000.0,372712,1997-10-27,Mali,2028-06-30,193.0,right,27.1813826146475,41.9185282522996,15.607270193858982,738.8275608438614,Peak,True,False,False,False,False,MLI,CAF,False,True,False,False,False,False
Ellyes Skhiri,tn TUN,MF,Eint Frankfurt,de Bundesliga,29.0,1995.0,30,26,2231,24.8,1,2,3,1,0,0,6,0,1.4,1.4,1.4,2.8,17,105,27,0.12,0.11,13,2,15.4,0.52,0.08,0.08,0.5,16.8,0,0.11,-0.4,-0.4,1153,1303,88.5,17520,4942,2.0,0.6,22,82,18,0,1266,33,30,2,1,3,3,0,0,0,0,4,20,49,1.98,42,0,0,2,1,4,5,0.2,40,22,15,21,4,44,40.9,26,30,7,23,31,71,45,4,1544,86,446,901,202,21,1544,15,11,73.3,3,20.0,823,3604,1673,17,3,25,7,1047,74,72.9,83.0,18,4,18.0,2,1.87,50,32,18,0.73,0.29,46.8,34.0,12.8,0.52,0,22,19,2,0,0,0,105,19,19,50.0,MID,290587.0,exact,290587.0,2025-06-05,7500000.0,290587,1995-05-10,Tunisia,2027-06-30,185.0,right,29.648186173853524,29.894875164257556,15.830413711839864,879.0149433994793,Peak,True,False,False,False,False,TUN,CAF,False,True,False,False,False,False
Oliver Skipp,eng ENG,MF,Leicester City,eng Premier League,23.0,2000.0,24,10,1129,12.5,0,0,0,0,0,0,8,0,0.4,0.4,0.3,0.6,16,35,19,0.0,0.05,5,1,20.0,0.4,0.08,0.0,0.0,19.4,0,0.07,-0.4,-0.4,419,502,83.5,6399,1568,0.3,-0.3,9,32,4,0,497,4,3,2,0,5,1,0,0,0,0,1,12,15,1.2,13,1,0,0,1,0,0,0.0,21,4,6,12,3,15,60.0,6,23,7,16,11,32,11,2,612,29,141,383,92,9,612,12,7,58.3,5,41.7,347,1392,644,7,3,12,7,419,47,33.0,74.0,3,14,28.0,11,0.79,12,26,-14,-1.12,0.18,11.2,25.4,-14.1,-1.13,0,21,13,0,0,0,0,46,12,6,66.7,MID,406638.0,exact,406638.0,2025-05-30,10000000.0,406638,2000-09-16,England,2029-06-30,175.0,right,24.292950034223136,53.90932982917214,16.118095750958314,590.1474213652618,Developing,False,True,False,False,False,ENG,UEFA,False,False,False,False,False,True
William Smallbone,ie IRL,MF,Southampton,eng Premier League,24.0,2000.0,18,6,690,7.7,1,0,1,1,0,0,1,0,0.6,0.6,0.7,1.3,5,27,25,0.13,0.17,7,1,14.3,0.91,0.13,0.14,1.0,17.6,1,0.08,0.4,0.4,270,356,75.8,4399,1203,0.9,-0.7,10,13,4,3,294,60,12,1,2,36,4,25,15,7,0,2,8,16,2.09,12,3,0,1,0,0,0,0.0,20,13,9,9,2,22,31.8,15,8,0,8,2,22,14,2,431,17,83,213,139,17,431,6,4,66.7,2,33.3,193,787,397,9,1,12,6,262,38,20.2,72.0,2,12,21.0,2,0.22,4,22,-18,-2.35,-0.96,7.0,18.8,-11.8,-1.54,0,11,3,0,0,1,0,23,4,6,40.0,MID,444211.0,fuzzy_verified,444211.0,2025-05-30,6000000.0,444211,2000-02-21,Ireland,2026-06-30,183.0,right,24.862422997946613,17.904073587385017,15.607270193858982,618.1400773288246,Developing,False,True,False,False,False,IRL,UEFA,False,False,False,False,False,True
Emile Smith Rowe,eng ENG,MF,Fulham,eng Premier League,24.0,2000.0,34,25,2043,22.7,6,3,9,6,0,0,3,0,4.5,4.5,1.4,6.0,53,126,127,0.4,0.26,37,11,29.7,1.63,0.48,0.16,0.55,16.0,0,0.12,1.5,1.5,922,1023,90.1,13141,2429,2.0,1.6,24,80,15,1,985,35,6,2,2,16,3,1,0,0,0,3,18,73,3.22,57,0,3,8,2,3,12,0.53,31,18,7,14,10,24,33.3,16,22,2,20,11,42,16,0,1223,20,166,591,476,60,1223,35,16,45.7,16,45.7,779,3728,1932,40,12,36,18,940,60,59.7,73.0,0,9,24.0,0,1.38,29,28,1,0.04,0.11,29.5,25.0,4.5,0.2,0,19,14,4,0,0,0,75,6,20,23.1,MID,392765.0,exact,392765.0,2025-05-30,30000000.0,392765,2000-07-28,England,2029-06-30,182.0,right,24.42984257357974,53.90932982917214,17.216707972959764,596.8172081698892,Developing,False,True,False,False,False,ENG,UEFA,False,False,False,False,False,True
Simon Sohm,ch SUI,MF,Parma,it Serie A,23.0,2001.0,37,36,2989,33.2,4,0,4,4,0,0,6,0,3.1,3.1,2.1,5.2,69,140,67,0.12,0.16,34,13,38.2,1.02,0.39,0.12,0.31,18.8,0,0.09,0.9,0.9,1050,1233,85.2,16773,4583,2.1,-2.1,20,122,24,3,1202,29,15,9,2,15,4,6,1,0,0,2,14,78,2.35,65,2,5,1,3,2,3,0.09,28,17,11,13,4,35,45.7,19,11,3,8,26,54,36,0,1467,45,262,900,326,45,1467,35,15,42.9,13,37.1,876,5074,2968,55,12,33,23,1042,81,87.4,82.0,24,1,30.0,0,0.95,35,51,-16,-0.48,-0.9,36.3,50.8,-14.5,-0.44,0,19,30,1,0,0,0,127,29,29,50.0,MID,507486.0,exact,507486.0,2025-06-17,5000000.0,507486,2001-04-11,Switzerland,2026-06-30,188.0,right,23.72621492128679,17.904073587385017,15.424948670398354,562.9332744910919,Developing,False,False,False,False,True,SUI,UEFA,False,False,False,False,False,True
Alex Sola,es ESP,"MF,FW",Getafe,es La Liga,25.0,1999.0,19,13,1029,11.4,0,1,1,0,0,0,4,0,1.0,1.0,0.7,1.6,24,23,61,0.09,0.14,15,2,13.3,1.31,0.17,0.0,0.0,18.6,0,0.06,-1.0,-1.0,155,242,64.0,2177,529,0.8,0.3,9,12,2,1,238,2,1,0,2,18,1,0,0,0,0,2,10,26,2.28,17,0,6,0,3,0,2,0.18,21,14,9,12,0,25,36.0,16,8,0,8,7,28,11,1,446,8,63,166,225,35,446,61,21,34.4,35,57.4,265,1570,631,12,10,54,21,302,54,30.1,68.0,0,6,25.0,16,1.05,5,10,-5,-0.44,-0.44,9.5,10.8,-1.4,-0.12,0,24,26,7,0,0,0,47,18,28,39.1,MID,434990.0,exact_birthyear_corrected,434990.0,2025-06-09,2500000.0,434990,1999-06-09,Spain,2026-06-30,178.0,right,25.56605065023956,17.904073587385017,14.731801689838349,653.6229458506147,Developing,False,False,True,False,False,ESP,UEFA,False,False,False,False,False,True
Ola Solbakken,no NOR,"MF,FW",Empoli,it Serie A,25.0,1998.0,21,8,760,8.4,0,0,0,0,0,0,2,0,0.8,0.8,0.4,1.2,18,20,32,0.0,0.14,4,3,75.0,0.47,0.36,0.0,0.0,12.7,0,0.2,-0.8,-0.8,141,199,70.9,2301,627,0.3,-0.4,9,14,5,1,193,5,1,1,5,7,2,0,0,0,0,1,6,12,1.42,11,0,1,0,0,0,1,0.12,7,4,0,6,1,6,50.0,3,0,0,0,2,9,8,0,263,7,32,139,98,15,263,15,7,46.7,8,53.3,150,1084,419,10,6,15,8,194,36,22.2,63.0,0,13,20.0,1,1.14,8,10,-2,-0.24,0.58,6.2,11.4,-5.2,-0.62,0,8,2,2,0,0,0,19,9,19,32.1,MID,431811.0,exact,431811.0,2025-06-17,2300000.0,431811,1998-09-07,Norway,2029-06-30,189.0,left,26.31895961670089,53.90932982917214,14.648420115681892,692.6876353055324,Peak,False,False,False,False,True,NOR,UEFA,False,False,False,False,False,True
Carlos Soler,es ESP,"MF,FW",West Ham,eng Premier League,27.0,1997.0,31,14,1409,15.7,1,1,2,1,0,0,6,0,1.8,1.8,1.4,3.2,17,56,37,0.13,0.21,25,8,32.0,1.6,0.51,0.04,0.13,19.0,1,0.07,-0.8,-0.8,570,669,85.2,8890,2414,1.9,-0.4,18,43,13,0,605,62,28,4,6,34,4,21,11,6,0,2,10,51,3.26,31,9,2,5,3,1,2,0.13,16,11,9,6,1,23,30.4,16,19,6,13,8,24,21,2,794,27,180,409,210,26,794,18,8,44.4,9,50.0,367,1806,783,17,4,14,14,539,45,41.2,67.0,1,17,28.0,2,1.16,16,25,-9,-0.57,-0.26,16.8,28.2,-11.4,-0.73,0,26,19,0,0,0,0,64,10,12,45.5,MID,372246.0,exact,372246.0,2025-05-30,18000000.0,372246,1997-01-02,Spain,2029-06-30,180.0,right,27.99726214921287,53.90932982917214,16.705882371415992,783.8466878517476,Peak,False,True,False,False,False,ESP,UEFA,False,False,False,False,False,True
Jhon Solis,co COL,MF,Girona,es La Liga,19.0,2004.0,19,3,535,5.9,1,0,1,1,0,0,3,0,0.7,0.7,0.1,0.7,9,29,15,0.17,0.12,4,1,25.0,0.67,0.17,0.25,1.0,16.0,0,0.16,0.3,0.3,264,295,89.5,4005,885,0.3,-0.1,2,29,1,1,291,2,2,1,0,3,0,0,0,0,0,2,1,6,1.01,5,0,0,1,0,0,0,0.0,13,7,3,9,1,14,42.9,8,13,1,12,4,17,6,1,364,11,67,231,69,6,364,12,5,41.7,6,50.0,229,1305,557,10,1,9,10,274,28,15.6,76.0,1,16,19.0,13,0.95,9,18,-9,-1.51,-1.3,7.6,12.6,-5.0,-0.83,0,9,6,0,0,0,0,27,3,5,37.5,MID,742521.0,exact_birthyear_corrected,742521.0,2025-06-09,2500000.0,742521,2004-10-03,Colombia,2026-06-30,186.0,right,20.246406570841888,17.904073587385017,14.731801689838349,409.91697903182956,Emerging,False,False,True,False,False,COL,CONMEBOL,False,False,False,True,False,False
Hugo Sotelo,es ESP,MF,Celta Vigo,es La Liga,20.0,2003.0,24,15,1254,13.9,0,0,0,0,0,0,5,0,0.2,0.2,1.7,1.8,21,83,38,0.0,0.13,4,0,0.0,0.29,0.0,0.0,,20.6,0,0.05,-0.2,-0.2,873,1018,85.8,16257,4277,1.8,-1.7,19,100,12,3,941,77,37,3,19,50,1,39,14,18,0,0,10,40,2.87,27,12,0,0,0,1,0,0.0,28,17,8,10,10,31,41.9,18,9,1,8,5,33,9,1,1097,17,177,706,226,10,1097,20,8,40.0,9,45.0,656,3170,1326,18,2,11,12,860,52,36.7,76.0,4,9,13.0,12,1.17,21,20,1,0.07,0.03,22.0,14.2,7.9,0.57,0,19,9,1,0,0,0,71,2,10,16.7,MID,892221.0,exact,892221.0,2025-06-09,4000000.0,892221,2003-12-19,Spain,2028-06-30,180.0,right,21.037645448323065,41.9185282522996,15.201805169084134,442.58252600934816,Emerging,False,False,True,False,False,ESP,UEFA,False,False,False,False,False,True
Tomáš Souček,cz CZE,MF,West Ham,eng Premier League,29.0,1995.0,35,30,2567,28.5,9,1,10,9,0,0,8,0,6.7,6.7,1.0,7.8,9,74,68,0.35,0.27,55,17,30.9,1.93,0.6,0.16,0.53,11.9,0,0.13,2.3,2.3,715,969,73.8,11811,3221,1.3,0.0,14,62,8,1,946,20,17,0,11,14,3,0,0,0,0,3,26,44,1.54,35,0,0,6,2,1,3,0.11,46,21,20,23,3,44,59.1,18,41,21,20,20,66,85,1,1280,128,355,626,303,102,1280,12,6,50.0,6,50.0,506,1553,559,12,3,20,15,764,73,75.1,81.0,20,5,27.0,1,1.23,38,44,-6,-0.21,0.84,37.6,43.3,-5.7,-0.2,0,47,25,4,1,0,0,63,99,73,57.6,MID,283628.0,exact,283628.0,2025-05-30,18000000.0,283628,1995-02-27,Czech Republic,2027-06-30,192.0,right,29.845311430527037,29.894875164257556,16.705882371415992,890.7426143851478,Peak,False,True,False,False,False,CZE,UEFA,False,False,False,False,False,True
Matìas Soulé,ar ARG,"MF,DF",Roma,it Serie A,21.0,2003.0,27,22,1781,19.8,5,5,10,5,0,0,3,0,3.0,3.0,5.2,8.3,84,89,191,0.51,0.42,42,13,31.0,2.12,0.66,0.12,0.38,21.1,1,0.07,2.0,2.0,785,955,82.2,11957,2869,3.4,-0.2,51,53,34,12,853,100,21,5,2,88,35,38,23,8,0,2,15,90,4.55,63,17,3,5,2,0,8,0.4,26,16,12,7,7,23,43.5,13,25,3,22,9,35,25,0,1271,24,137,472,673,73,1271,108,35,32.4,54,50.0,794,4724,2444,56,32,56,32,915,66,52.1,79.0,6,5,10.0,10,1.78,23,17,6,0.3,-0.52,23.9,20.5,3.4,0.17,0,12,36,1,0,0,0,105,10,17,37.0,MID,668951.0,exact_accent_stripped,668951.0,2025-06-17,30000000.0,668951,2003-04-15,Argentina,2029-06-30,182.0,left,21.71663244353183,53.90932982917214,17.216707972959764,471.6121246874592,Emerging,False,False,False,False,True,ARG,CONMEBOL,False,False,False,True,False,False
Boubakary Soumaré,fr FRA,MF,Leicester City,eng Premier League,25.0,1999.0,31,25,2171,24.1,0,0,0,0,0,0,8,0,0.3,0.3,0.4,0.7,34,105,23,0.0,0.03,7,0,0.0,0.29,0.0,0.0,,23.4,0,0.04,-0.3,-0.3,1073,1234,87.0,16191,4336,1.0,-0.4,11,95,16,3,1220,11,8,3,1,10,3,0,0,0,0,3,15,35,1.45,27,0,5,1,2,0,3,0.12,37,20,24,12,1,33,63.6,12,22,10,12,27,64,34,4,1441,73,386,903,166,18,1441,45,27,60.0,14,31.1,847,3904,2011,19,4,24,22,1013,70,63.5,83.0,19,6,15.0,4,0.65,17,52,-35,-1.45,-0.59,19.7,45.7,-26.1,-1.08,0,24,23,0,0,0,0,140,21,11,65.6,MID,344605.0,exact,344605.0,2024-06-07,14000000.0,344605,1999-02-27,France,,188.0,right,25.845311430527037,,16.454567959008102,667.9801229409316,Developing,False,True,False,False,False,FRA,UEFA,False,False,False,False,False,True
Djibril Sow,ch SUI,MF,Sevilla,es La Liga,27.0,1997.0,30,24,2062,22.9,2,1,3,2,0,0,5,0,2.4,2.4,1.6,4.0,23,100,50,0.13,0.18,22,6,27.3,0.96,0.26,0.09,0.33,18.6,0,0.11,-0.4,-0.4,883,994,88.8,14168,3459,1.0,-0.6,21,87,10,1,970,22,17,0,5,9,1,2,0,0,0,2,11,64,2.79,58,0,0,1,3,2,4,0.17,25,14,13,10,2,17,47.1,9,18,3,15,28,53,26,1,1197,35,277,709,219,32,1197,25,10,40.0,11,44.0,604,3061,1370,16,3,36,9,827,69,60.3,81.0,9,6,18.0,1,1.0,22,28,-6,-0.26,0.2,23.8,25.0,-1.1,-0.05,0,23,41,0,0,0,0,110,24,23,51.1,MID,212723.0,exact,212723.0,2025-06-09,7500000.0,212723,1997-02-06,Switzerland,2029-06-30,183.0,right,27.901437371663246,53.90932982917214,15.830413711839864,778.4902074048464,Peak,False,False,True,False,False,SUI,UEFA,False,False,False,False,False,True
Anton Stach,de GER,"MF,DF",Hoffenheim,de Bundesliga,25.0,1998.0,30,29,2585,28.7,1,2,3,1,0,0,8,0,2.0,2.0,2.2,4.2,33,152,36,0.1,0.15,35,10,28.6,1.22,0.35,0.03,0.1,21.3,0,0.06,-1.0,-1.0,1270,1537,82.6,22480,8033,3.2,-0.2,26,120,33,10,1500,33,27,4,9,24,3,1,0,1,0,4,26,63,2.19,50,1,4,4,3,1,5,0.17,66,46,25,37,4,47,68.1,15,47,13,34,46,112,101,2,1925,141,578,1077,292,32,1925,35,15,42.9,18,51.4,1002,5221,2932,31,5,23,10,1136,86,84.5,88.0,24,1,45.0,0,1.03,40,50,-10,-0.35,1.93,36.4,42.9,-6.5,-0.23,0,38,34,0,0,0,0,171,53,41,56.4,MID,344069.0,exact,344069.0,2025-06-05,14000000.0,344069,1998-11-15,Germany,2029-06-30,194.0,right,26.130047912388775,53.90932982917214,16.454567959008102,682.779403903733,Peak,True,False,False,False,False,GER,UEFA,False,False,False,False,False,True
Jens Stage,dk DEN,MF,Werder Bremen,de Bundesliga,27.0,1996.0,28,26,2204,24.5,10,5,15,10,0,0,10,0,7.2,7.2,2.8,10.0,28,104,89,0.61,0.41,44,15,34.1,1.8,0.61,0.23,0.67,12.7,0,0.16,2.8,2.8,768,998,77.0,12751,3913,3.9,2.2,23,67,26,4,966,28,25,7,10,23,3,0,0,0,0,4,22,63,2.57,52,0,1,3,4,3,15,0.61,49,30,22,24,3,46,54.3,21,44,10,34,18,67,42,2,1271,43,309,655,317,83,1271,17,8,47.1,8,47.1,668,2666,1241,24,6,27,10,834,79,72.0,83.0,17,2,27.0,1,1.57,38,35,3,0.12,0.75,34.0,30.9,3.1,0.13,0,38,30,4,0,0,0,114,34,26,56.7,MID,289835.0,exact,289835.0,2025-06-05,14000000.0,289835,1996-11-08,Denmark,2028-06-30,187.0,right,28.147843942505133,41.9185282522996,16.454567959008102,792.3011186116229,Peak,True,False,False,False,False,DEN,UEFA,False,False,False,False,False,True
Angelo Stiller,de GER,MF,Stuttgart,de Bundesliga,23.0,2001.0,32,31,2741,30.5,1,8,9,1,0,0,6,0,1.8,1.8,7.2,9.0,39,289,69,0.3,0.29,21,4,19.0,0.69,0.13,0.05,0.25,20.6,1,0.08,-0.8,-0.8,2219,2540,87.4,37222,12647,8.6,0.8,59,271,50,10,2352,177,83,15,6,95,9,48,24,10,0,11,15,111,3.64,88,17,2,0,3,1,10,0.33,49,27,18,25,6,30,46.7,16,29,9,20,26,75,50,4,2781,75,486,1752,556,35,2781,30,20,66.7,10,33.3,1588,7214,3723,39,3,21,25,2112,86,89.6,87.0,28,1,34.0,0,1.38,52,51,1,0.03,-2.79,52.8,43.9,8.9,0.29,0,21,48,1,1,0,1,140,18,28,39.1,MID,443710.0,exact,443710.0,2025-06-05,45000000.0,443710,2001-04-04,Germany,2028-06-30,183.0,left,23.745379876796715,41.9185282522996,17.622173069956816,563.8430654933824,Developing,True,False,False,False,False,GER,UEFA,False,False,False,False,False,True
Kevin Stöger,at AUT,MF,Gladbach,de Bundesliga,30.0,1993.0,31,16,1551,17.2,3,3,6,1,2,2,3,0,3.9,2.3,5.3,7.6,40,121,95,0.23,0.53,24,9,37.5,1.39,0.52,0.04,0.11,24.2,4,0.1,-0.9,-1.3,847,1117,75.8,14479,4517,4.2,-2.3,54,90,39,8,940,167,59,13,12,116,16,67,28,29,0,10,23,106,6.15,60,30,5,2,9,0,8,0.46,37,21,23,10,4,39,41.0,23,24,3,21,16,53,26,3,1318,31,189,666,469,34,1316,36,17,47.2,15,41.7,699,3680,1757,39,5,29,25,911,50,50.7,79.0,7,15,19.0,3,1.23,23,34,-11,-0.64,-1.18,26.8,34.9,-8.1,-0.47,0,22,40,1,0,0,0,75,5,15,25.0,MID,106872.0,exact,106872.0,2025-06-05,3500000.0,106872,1993-08-27,Austria,2027-06-30,175.0,left,31.34839151266256,29.894875164257556,15.068273812173887,982.721650431174,Declining,True,False,False,False,False,AUT,UEFA,False,False,False,False,False,True
Denis Suárez,es ESP,MF,Villarreal,es La Liga,30.0,1994.0,21,7,608,6.8,1,1,2,1,0,0,0,0,0.9,0.9,1.5,2.4,27,35,24,0.3,0.36,10,3,30.0,1.48,0.44,0.1,0.33,15.5,0,0.09,0.1,0.1,228,291,78.4,3710,1203,1.8,-0.5,14,21,8,3,265,22,7,0,5,25,3,11,2,7,0,4,8,28,4.14,20,6,0,2,0,0,3,0.44,12,8,7,2,3,10,40.0,6,4,1,3,3,15,3,0,358,5,70,147,143,23,358,17,10,58.8,5,29.4,197,1368,807,18,5,13,8,257,29,17.8,59.0,0,14,14.0,10,1.57,12,13,-1,-0.15,-0.82,9.7,11.7,-2.0,-0.3,0,1,7,0,0,0,0,25,1,6,14.3,MID,165007.0,exact,165007.0,2025-06-09,1200000.0,165007,1994-01-06,Spain,2027-06-30,176.0,right,30.986995208761122,29.894875164257556,13.997832948091215,960.1938720677848,Declining,False,False,True,False,False,ESP,UEFA,False,False,False,False,False,True
Luka Sučić,hr CRO,MF,Real Sociedad,es La Liga,21.0,2002.0,29,21,1792,19.9,1,1,2,1,0,0,4,0,3.3,3.3,2.6,5.9,30,79,56,0.1,0.3,43,11,25.6,2.16,0.55,0.02,0.09,23.6,1,0.08,-2.3,-2.3,727,882,82.4,11561,2321,2.2,-1.6,25,52,13,2,852,24,7,5,7,18,1,1,0,1,0,6,15,55,2.76,44,0,3,5,2,1,5,0.25,25,18,8,12,5,26,38.5,16,30,2,28,15,40,16,1,1094,20,146,623,339,32,1094,53,25,47.2,24,45.3,666,3752,1594,34,5,33,16,779,62,52.4,78.0,10,8,20.0,3,1.21,16,27,-11,-0.55,-0.55,24.3,23.8,0.5,0.03,0,11,15,3,0,0,0,109,26,25,51.0,MID,502722.0,exact_accent_stripped,502722.0,2025-06-09,15000000.0,502722,2002-09-08,Croatia,2029-06-30,185.0,left,22.316221765913756,53.90932982917214,16.52356082573315,498.01375390544285,Developing,False,False,True,False,False,CRO,UEFA,False,False,False,False,False,True
Ibrahim Sulemana,gh GHA,MF,Atalanta,it Serie A,21.0,2003.0,9,3,283,3.1,2,0,2,2,0,0,1,0,0.6,0.6,0.0,0.6,2,12,2,0.64,0.19,5,2,40.0,1.59,0.64,0.4,1.0,22.9,0,0.11,1.4,1.4,159,180,88.3,2852,722,0.1,0.0,1,18,1,0,178,2,2,1,0,0,0,0,0,0,0,0,0,3,0.95,1,0,1,1,0,0,0,0.0,9,4,4,5,0,8,25.0,6,2,0,2,0,9,1,0,209,5,43,137,30,1,209,4,1,25.0,1,25.0,135,830,421,6,0,7,3,155,31,8.3,70.0,0,6,12.0,26,2.44,6,4,2,0.64,-0.48,3.2,4.1,-0.9,-0.29,0,2,2,0,0,0,0,13,9,4,69.2,MID,982267.0,exact,982267.0,2025-06-17,7000000.0,982267,2003-05-22,Ghana,2026-06-30,180.0,right,21.61533196440794,17.904073587385017,15.76142084987672,467.2225759315556,Emerging,False,False,False,False,True,GHA,CAF,False,True,False,False,False,False
Tomáš Suslov,sk SVK,"MF,FW",Hellas Verona,it Serie A,22.0,2002.0,31,27,2080,23.1,0,1,1,0,0,0,7,1,1.6,1.6,1.9,3.5,39,82,77,0.04,0.15,32,7,21.9,1.38,0.3,0.0,0.0,21.6,4,0.05,-1.6,-1.6,387,529,73.2,7405,2018,1.7,-0.9,27,40,22,2,444,82,29,2,9,49,11,20,9,7,0,3,20,74,3.2,47,12,5,2,6,2,4,0.17,54,38,23,24,7,72,31.9,49,30,2,28,18,72,17,1,811,18,137,393,306,28,811,77,36,46.8,30,39.0,462,3196,1314,28,10,54,34,466,67,60.8,73.0,5,4,28.0,0,0.97,19,36,-17,-0.74,0.27,18.7,30.4,-11.6,-0.5,1,54,65,2,0,0,0,88,5,25,16.7,MID,540333.0,exact_accent_stripped,540333.0,2025-06-17,6000000.0,540333,2002-06-07,Slovakia,2028-06-30,174.0,left,22.570841889117045,41.9185282522996,15.607270193858982,509.44290358352066,Developing,False,False,False,False,True,SVK,UEFA,False,False,False,False,False,True
Mattias Svanberg,se SWE,MF,Wolfsburg,de Bundesliga,25.0,1999.0,20,14,1219,13.5,3,1,4,3,0,0,4,0,3.6,3.6,1.7,5.4,11,36,39,0.3,0.4,21,7,33.3,1.55,0.52,0.14,0.43,16.4,0,0.17,-0.6,-0.6,259,377,68.7,3931,1508,1.6,-0.7,13,36,4,1,336,36,17,0,0,35,1,14,10,4,0,5,12,29,2.14,13,9,1,1,4,1,5,0.37,20,10,6,11,3,19,47.4,10,11,4,7,15,35,26,0,520,27,115,249,163,25,520,25,10,40.0,13,52.0,235,1082,489,17,1,19,10,279,61,39.8,78.0,4,6,20.0,2,1.25,25,20,5,0.37,0.52,19.3,21.5,-2.2,-0.17,0,16,22,0,0,0,0,48,12,20,37.5,MID,342405.0,exact,342405.0,2025-06-05,12000000.0,342405,1999-01-05,Sweden,2027-06-30,186.0,right,25.99041752224504,29.894875164257556,16.300417291085605,675.501802980622,Developing,True,False,False,False,False,SWE,UEFA,False,False,False,False,False,True
Dominik Szoboszlai,hu HUN,MF,Liverpool,eng Premier League,23.0,2000.0,36,29,2491,27.7,6,6,12,6,0,0,6,0,7.3,7.3,7.4,14.7,72,131,127,0.43,0.53,67,22,32.8,2.42,0.79,0.09,0.27,18.9,4,0.11,-1.3,-1.3,1114,1322,84.3,17528,3641,5.9,-1.4,56,88,33,5,1202,118,21,5,14,41,36,17,9,6,0,2,27,119,4.3,90,7,5,13,3,1,16,0.58,38,20,14,19,5,45,37.8,28,39,5,34,9,47,19,2,1584,32,220,761,626,104,1584,41,21,51.2,17,41.5,805,4223,2372,49,18,37,23,1073,69,72.8,80.0,17,7,26.0,0,2.22,60,29,31,1.12,-0.24,59.6,27.3,32.3,1.17,0,44,24,4,0,0,0,133,19,23,45.2,MID,451276.0,exact,451276.0,2025-05-30,80000000.0,451276,2000-10-25,Hungary,2028-06-30,187.0,right,24.186173853524984,41.9185282522996,18.197537205138154,584.9710056729356,Developing,False,True,False,False,False,HUN,UEFA,False,False,False,False,False,True
Adrien Tameze,cm CMR,"MF,DF",Torino,it Serie A,30.0,1994.0,20,9,649,7.2,0,0,0,0,0,0,3,0,0.4,0.4,0.8,1.2,16,23,21,0.0,0.17,7,3,42.9,0.97,0.42,0.0,0.0,15.1,0,0.06,-0.4,-0.4,259,301,86.0,4112,904,0.7,-0.8,6,10,6,1,291,10,8,0,0,9,2,0,0,0,0,0,7,8,1.11,6,0,1,1,0,0,0,0.0,5,2,2,3,0,10,10.0,9,8,5,3,10,15,8,1,368,15,89,180,99,13,368,15,4,26.7,8,53.3,214,1291,611,9,0,10,3,257,32,19.0,57.0,0,11,13.0,14,1.45,9,10,-1,-0.14,0.02,9.6,9.7,-0.1,-0.01,0,8,4,0,0,1,0,25,11,8,57.9,MID,157507.0,exact_accent_stripped,157507.0,2025-06-17,2000000.0,157507,1994-02-04,France,2026-06-30,182.0,right,30.90759753593429,17.904073587385017,14.508658238524095,955.2795854432914,Declining,False,False,False,False,True,CMR,CAF,False,True,False,False,False,False
Renato Tapia,pe PER,"MF,DF",Leganés,es La Liga,29.0,1995.0,34,28,2424,26.9,1,0,1,1,0,0,8,0,0.6,0.6,0.4,1.0,17,83,20,0.04,0.04,14,6,42.9,0.52,0.22,0.07,0.17,29.1,0,0.05,0.4,0.4,838,1070,78.3,14894,4774,0.8,-0.4,8,80,9,0,1017,50,36,4,20,12,14,0,0,0,0,3,25,24,0.89,19,2,1,0,1,1,4,0.15,61,35,30,27,4,50,48.0,26,58,23,35,27,88,86,2,1397,134,469,802,138,13,1397,37,19,51.4,14,37.8,663,2944,1418,15,3,33,15,779,71,70.9,81.0,16,6,26.0,0,1.03,32,47,-15,-0.56,-0.38,25.8,43.8,-18.0,-0.67,0,38,34,0,0,0,0,155,32,24,57.1,MID,277137.0,exact,277137.0,2025-06-09,2000000.0,277137,1995-07-28,Peru,2027-06-30,185.0,right,29.43189596167009,29.894875164257556,14.508658238524095,866.2364998985721,Peak,False,False,True,False,False,PER,CONMEBOL,False,False,False,True,False,False
Florian Tardieu,fr FRA,MF,Saint-Étienne,fr Ligue 1,32.0,1992.0,24,13,1252,13.9,2,4,6,2,0,0,0,0,0.6,0.6,1.3,1.9,11,139,44,0.43,0.15,16,3,18.8,1.15,0.22,0.13,0.67,22.2,0,0.04,1.4,1.4,869,1013,85.8,13919,5229,1.6,2.7,19,127,24,0,953,57,30,4,6,24,11,16,7,3,0,3,7,45,3.48,39,2,0,1,2,1,5,0.39,18,14,6,9,3,17,35.3,11,18,5,13,15,33,21,0,1141,42,201,644,305,16,1141,13,3,23.1,9,69.2,598,2184,1035,17,0,15,9,846,52,40.9,81.0,7,11,18.0,7,0.96,18,28,-10,-0.72,0.67,14.9,30.6,-15.8,-1.22,0,10,14,1,0,1,0,83,14,8,63.6,MID,212804.0,exact,212804.0,2025-06-03,600000.0,212804,1992-04-22,France,2026-06-30,181.0,right,32.695414099931554,17.904073587385017,13.304686600863562,1068.990103166003,Declining,False,False,False,True,False,FRA,UEFA,False,False,False,False,False,True
Oussama Targhalline,ma MAR,MF,Le Havre,fr Ligue 1,22.0,2002.0,14,12,990,11.0,0,0,0,0,0,0,0,0,0.1,0.1,0.7,0.9,25,66,34,0.0,0.08,5,0,0.0,0.45,0.0,0.0,,24.7,0,0.03,-0.1,-0.1,348,437,79.6,5782,1714,1.2,-0.7,6,50,13,2,419,13,9,5,5,16,2,2,0,0,0,5,10,20,1.82,18,1,0,0,0,1,2,0.18,19,14,12,3,4,12,41.7,7,14,7,7,19,38,14,2,551,25,116,292,151,11,551,13,5,38.5,7,53.8,330,2100,846,25,1,17,21,385,71,32.4,78.0,5,2,26.0,1,0.71,8,22,-14,-1.27,-0.53,12.5,18.1,-5.6,-0.51,0,11,10,4,0,0,0,43,8,6,57.1,MID,667965.0,exact,667965.0,2025-05-28,4000000.0,667965,2002-05-20,Morocco,2028-06-30,186.0,right,22.62012320328542,41.9185282522996,15.201805169084134,511.66997373181147,Developing,False,False,False,True,False,MAR,CAF,False,True,False,False,False,False
Jack Taylor,ie IRL,MF,Ipswich Town,eng Premier League,26.0,1998.0,32,4,860,9.6,1,0,1,1,0,0,4,0,0.7,0.7,0.5,1.3,11,43,23,0.1,0.13,19,4,21.1,1.99,0.42,0.05,0.25,23.9,0,0.04,0.3,0.3,349,421,82.9,6188,1673,0.8,-0.5,5,30,8,1,411,10,2,2,3,7,0,3,3,0,0,0,5,22,2.3,15,1,2,2,0,2,2,0.21,20,10,6,11,3,27,44.4,15,12,3,9,9,29,24,0,534,32,161,281,103,8,534,11,4,36.4,4,36.4,254,1506,791,10,1,10,6,345,27,25.1,79.0,0,28,19.0,1,0.5,7,21,-14,-1.47,-0.34,6.9,15.5,-8.6,-0.9,0,16,5,0,0,0,0,53,7,8,46.7,MID,458178.0,exact,458178.0,2025-05-30,3000000.0,458178,1998-06-23,Ireland,2028-06-30,185.0,right,26.527036276522928,41.9185282522996,14.914123179965662,703.6836536159634,Peak,False,True,False,False,False,IRL,UEFA,False,False,False,False,False,True
Álvaro Tejero,es ESP,"MF,DF",Espanyol,es La Liga,28.0,1996.0,28,13,1238,13.8,1,4,5,1,0,0,2,0,0.6,0.6,2.9,3.5,27,46,72,0.36,0.26,17,4,23.5,1.24,0.29,0.06,0.25,26.1,6,0.04,0.4,0.4,453,626,72.4,8414,3082,3.6,1.1,33,26,21,12,472,152,35,1,4,113,64,53,15,28,1,2,15,55,4.0,28,23,1,1,1,1,9,0.65,14,4,7,6,1,23,30.4,16,9,1,8,13,27,34,1,757,33,162,322,286,13,757,14,3,21.4,10,71.4,336,1885,892,17,2,17,6,394,44,36.2,75.0,4,15,18.0,9,0.96,16,26,-10,-0.73,-0.69,10.8,23.6,-12.8,-0.93,0,14,19,1,0,0,0,64,10,12,45.5,MID,290273.0,exact,290273.0,2025-06-09,1800000.0,290273,1996-07-20,Spain,2027-06-30,174.0,both,28.451745379876797,29.894875164257556,14.403297778421795,809.5018151613407,Peak,False,False,True,False,False,ESP,UEFA,False,False,False,False,False,True
Nathan Tella,ng NGA,"MF,FW",Leverkusen,de Bundesliga,25.0,1999.0,27,17,1359,15.1,2,4,6,2,0,0,1,0,3.1,3.1,1.5,4.6,38,22,130,0.4,0.31,28,10,35.7,1.85,0.66,0.07,0.2,15.5,0,0.11,-1.1,-1.1,256,343,74.6,3452,603,1.6,2.5,18,15,10,2,332,8,1,2,1,25,4,0,0,0,0,3,20,32,2.12,23,0,3,4,2,0,7,0.46,16,11,4,7,5,13,38.5,8,15,1,14,4,20,10,0,529,8,54,189,290,67,529,51,19,37.3,25,49.0,308,1708,811,13,17,39,16,389,50,44.4,68.0,1,10,20.0,3,1.93,29,14,15,0.99,0.25,23.0,14.1,8.9,0.59,0,22,32,10,0,0,0,37,11,25,30.6,MID,340322.0,exact,340322.0,2025-06-05,15000000.0,340322,1999-07-05,Nigeria,2031-06-30,173.0,right,25.49486652977413,77.8909329829172,16.52356082573315,649.9882193709972,Developing,True,False,False,False,False,NGA,CAF,False,True,False,False,False,False
Ramón Terrats,es ESP,"MF,FW",Getafe,es La Liga,23.0,2000.0,15,15,1219,13.5,4,1,5,4,0,0,1,0,2.2,2.2,2.5,4.7,8,36,37,0.37,0.35,19,8,42.1,1.4,0.59,0.21,0.5,21.6,1,0.11,1.8,1.8,228,352,64.8,3750,1171,1.1,-1.5,16,29,9,3,318,31,15,5,3,35,4,12,4,7,0,3,11,32,2.36,23,4,1,1,2,1,2,0.15,20,10,7,8,5,28,28.6,20,9,2,7,8,28,16,0,493,15,77,219,213,23,493,50,25,50.0,20,40.0,256,1340,480,10,4,33,12,291,81,35.6,81.0,4,0,,0,1.2,15,15,0,0.0,0.2,11.9,16.8,-4.9,-0.36,0,13,22,4,0,0,0,53,14,13,51.9,MID,783396.0,exact,783396.0,2025-06-09,4000000.0,783396,2000-10-18,Spain,2026-06-30,181.0,left,24.205338809034906,17.904073587385017,15.201805169084134,585.8984268601714,Developing,False,False,True,False,False,ESP,UEFA,False,False,False,False,False,True
Martin Terrier,fr FRA,"MF,FW",Leverkusen,de Bundesliga,27.0,1997.0,15,7,584,6.5,2,1,3,2,0,0,1,0,2.4,2.4,0.9,3.3,11,14,35,0.46,0.52,16,6,37.5,2.47,0.92,0.13,0.33,13.6,0,0.15,-0.4,-0.4,163,199,81.9,2144,377,1.7,0.1,8,6,5,1,185,10,0,2,0,5,0,2,1,0,0,4,6,21,3.24,16,1,0,2,2,0,3,0.46,4,2,1,0,3,4,25.0,3,3,0,3,1,5,1,0,250,3,13,107,131,35,250,4,2,50.0,2,50.0,129,578,276,4,4,11,6,205,39,19.1,61.0,0,8,20.0,0,2.4,17,10,7,1.08,0.28,13.1,8.5,4.6,0.71,0,2,9,2,0,0,0,8,11,13,45.8,MID,442891.0,exact,442891.0,2025-06-05,17000000.0,442891,1997-03-04,France,2029-06-30,184.0,right,27.83025325119781,53.90932982917214,16.648723960844016,774.5229960258063,Peak,True,False,False,False,False,FRA,UEFA,False,False,False,False,False,True
Tanner Tessmann,us USA,MF,Lyon,fr Ligue 1,22.0,2001.0,25,13,1234,13.7,1,0,1,1,0,0,3,0,1.0,1.0,0.6,1.6,11,56,27,0.07,0.11,18,10,55.6,1.31,0.73,0.06,0.1,22.2,0,0.05,0.0,0.0,685,766,89.4,11703,2664,0.8,-0.6,7,64,3,0,748,18,7,1,16,14,5,5,3,2,0,0,7,18,1.31,10,2,2,1,2,1,1,0.07,25,15,11,10,4,25,48.0,13,13,7,6,19,44,29,1,915,49,226,526,174,20,915,20,10,50.0,9,45.0,575,2551,1167,16,1,12,11,679,49,40.3,82.0,7,12,14.0,7,1.92,27,18,9,0.66,0.16,22.4,16.2,6.2,0.45,0,14,14,0,0,0,0,63,4,19,17.4,MID,670096.0,exact,670096.0,2025-06-03,6000000.0,670096,2001-09-24,United States,2029-06-30,188.0,right,23.27173169062286,53.90932982917214,15.607270193858982,541.5734958803404,Developing,False,False,False,True,False,USA,CONCACAF,False,False,True,False,False,False
Teddy Teuma,mt MLT,MF,Reims,fr Ligue 1,30.0,1993.0,17,9,750,8.3,1,0,1,0,1,1,1,0,1.4,0.6,1.1,1.7,9,47,34,0.0,0.3,13,2,15.4,1.56,0.24,0.0,0.0,23.9,2,0.05,-0.4,-0.6,494,624,79.2,7958,2302,1.3,-1.1,13,41,9,4,545,75,29,3,8,44,10,23,17,4,0,4,17,28,3.36,21,3,1,2,1,0,0,0.0,18,10,6,6,6,25,28.0,18,12,2,10,12,30,8,1,722,19,141,359,224,12,721,12,3,25.0,9,75.0,350,1344,569,4,0,11,11,502,44,24.5,67.0,1,8,18.0,6,1.12,7,19,-12,-1.44,-1.36,7.0,19.4,-12.4,-1.49,0,11,7,2,0,0,0,42,4,8,33.3,MID,409153.0,exact,409153.0,2025-06-03,3000000.0,409153,1993-09-30,Malta,2026-06-30,176.0,left,31.255304585900067,17.904073587385017,14.914123179965662,976.8940647573858,Declining,False,False,False,True,False,MLT,UEFA,False,False,False,False,False,True
Adrien Thomasson,fr FRA,MF,Lens,fr Ligue 1,30.0,1993.0,33,31,2615,29.1,3,7,10,3,0,0,7,0,5.9,5.9,6.0,11.9,30,149,138,0.34,0.41,41,11,26.8,1.41,0.38,0.07,0.27,14.3,0,0.15,-2.9,-2.9,1318,1612,81.8,20594,5103,5.2,1.0,56,99,29,7,1539,68,36,4,9,58,8,24,8,13,0,5,33,109,3.75,85,9,0,8,3,4,11,0.38,90,47,42,25,23,95,54.7,43,48,3,45,19,109,28,2,1995,52,333,1028,650,112,1995,60,26,43.3,32,53.3,1056,4501,2078,34,9,67,41,1361,79,85.5,83.0,18,2,27.0,0,1.48,36,32,4,0.14,0.34,45.2,37.7,7.4,0.26,0,51,48,7,0,1,0,206,17,45,27.4,MID,215977.0,exact,215977.0,2025-06-03,5000000.0,215977,1993-12-10,France,2026-06-30,175.0,right,31.06091718001369,17.904073587385017,15.424948670398354,964.7805760636695,Declining,False,False,False,True,False,FRA,UEFA,False,False,False,False,False,True
Morten Thorsby,no NOR,"MF,FW",Genoa,it Serie A,28.0,1996.0,30,22,1898,21.1,0,1,1,0,0,0,6,0,2.8,2.8,2.1,4.9,24,58,76,0.05,0.23,15,6,40.0,0.71,0.28,0.0,0.0,12.2,0,0.19,-2.8,-2.8,353,530,66.6,4602,1701,1.2,-1.1,27,45,10,1,528,0,0,3,0,9,0,0,0,0,0,2,20,55,2.61,48,0,0,4,2,1,2,0.09,49,30,19,20,10,29,58.6,12,22,1,21,5,54,28,1,753,29,142,371,247,66,753,22,9,40.9,13,59.1,295,1529,684,17,6,45,28,470,63,55.5,80.0,8,8,19.0,2,1.03,18,26,-8,-0.38,-0.14,22.5,27.4,-4.8,-0.23,0,53,15,9,0,2,1,51,107,99,51.9,MID,226524.0,exact,226524.0,2025-06-17,3000000.0,226524,1996-05-05,Norway,2028-06-30,188.0,right,28.659822039698838,41.9185282522996,14.914123179965662,821.3853993472072,Peak,False,False,False,False,True,NOR,UEFA,False,False,False,False,False,True
Khéphren Thuram,fr FRA,MF,Juventus,it Serie A,23.0,2001.0,35,26,2326,25.8,4,5,9,4,0,0,5,0,3.5,3.5,3.6,7.1,74,123,52,0.35,0.28,36,10,27.8,1.39,0.39,0.11,0.4,20.1,0,0.1,0.5,0.5,1228,1389,88.4,18876,4695,1.8,1.4,25,124,19,0,1362,23,19,6,1,13,4,0,0,0,0,4,17,56,2.17,47,0,2,4,2,1,10,0.39,44,21,16,24,4,32,56.3,14,32,10,22,14,58,39,2,1661,73,353,971,358,44,1661,70,39,55.7,28,40.0,1067,6581,3587,59,12,28,23,1258,66,68.0,82.0,15,9,21.0,0,1.8,37,23,14,0.54,-0.2,34.2,22.1,12.1,0.47,0,36,22,0,0,0,0,110,28,29,49.1,MID,463618.0,exact,463618.0,2025-06-17,40000000.0,463618,2001-03-26,France,2029-06-30,192.0,right,23.770020533880903,53.90932982917214,17.50439003707821,565.0138761811197,Developing,False,False,False,False,True,FRA,UEFA,False,False,False,False,False,True
Youri Tielemans,be BEL,MF,Aston Villa,eng Premier League,27.0,1997.0,36,35,3026,33.6,3,7,10,3,0,1,4,0,3.3,2.5,7.0,9.5,39,235,48,0.3,0.31,40,12,30.0,1.19,0.36,0.08,0.25,20.1,0,0.06,-0.3,0.5,1694,2061,82.2,29049,10244,5.7,0.0,60,229,38,4,1847,207,98,24,8,119,2,85,63,8,1,7,37,122,3.63,79,31,3,6,2,1,12,0.36,84,58,32,44,8,73,54.8,33,38,16,22,23,107,47,4,2385,103,479,1366,565,45,2384,61,31,50.8,19,31.1,1288,5561,2551,26,9,31,29,1667,84,88.5,86.0,27,1,29.0,0,1.67,53,46,7,0.21,0.21,51.2,43.6,7.5,0.22,0,41,56,0,0,0,0,145,22,18,55.0,MID,249565.0,exact,249565.0,2025-05-30,38000000.0,249565,1997-05-07,Belgium,2028-06-30,176.0,right,27.655030800821354,41.9185282522996,17.453096744006448,764.8007285943778,Peak,False,True,False,False,False,BEL,UEFA,False,False,False,False,False,True
Umut Tohumcu,de GER,"MF,FW",Hoffenheim,de Bundesliga,19.0,2004.0,12,3,375,4.2,0,1,1,0,0,0,3,0,0.1,0.1,0.4,0.5,3,13,5,0.24,0.12,3,1,33.3,0.72,0.24,0.0,0.0,26.3,0,0.04,-0.1,-0.1,110,133,82.7,1577,398,0.3,0.6,3,8,0,0,120,12,7,0,0,8,0,4,3,1,0,1,1,6,1.44,2,2,0,1,1,0,1,0.24,9,5,3,5,1,7,71.4,2,5,0,5,3,12,6,0,169,8,45,90,36,0,169,7,4,57.1,3,42.9,91,368,193,2,0,3,7,102,31,12.3,68.0,1,9,19.0,8,0.75,8,10,-2,-0.48,0.19,2.9,10.2,-7.3,-1.75,0,6,6,0,0,0,0,13,0,1,0.0,MID,569031.0,exact,569031.0,2025-06-05,6000000.0,569031,2004-08-11,Germany,2026-06-30,175.0,right,20.39151266255989,17.904073587385017,15.607270193858982,415.81378866734036,Emerging,True,False,False,False,False,GER,UEFA,False,False,False,False,False,True
Corentin Tolisso,fr FRA,MF,Lyon,fr Ligue 1,29.0,1994.0,32,27,2329,25.9,7,4,11,7,0,0,4,0,5.3,5.3,4.9,10.2,31,166,133,0.43,0.4,51,18,35.3,1.97,0.7,0.14,0.39,16.4,0,0.1,1.7,1.7,1359,1602,84.8,20673,6018,4.9,-0.9,31,147,35,4,1527,71,40,5,13,32,27,1,1,0,0,4,41,81,3.13,74,0,1,5,1,0,15,0.58,57,25,21,26,10,65,52.3,31,52,13,39,22,79,41,1,1917,79,330,1056,548,88,1917,21,11,52.4,10,47.6,1073,4704,2148,35,3,31,20,1409,73,76.1,83.0,18,5,16.0,1,1.75,56,34,22,0.85,1.22,47.3,35.5,11.8,0.46,0,44,50,8,0,1,0,128,54,58,48.2,MID,190393.0,exact,190393.0,2025-06-03,12000000.0,190393,1994-08-03,France,2027-06-30,181.0,right,30.414784394250514,29.894875164257556,16.300417291085605,925.0591097487446,Declining,False,False,False,True,False,FRA,UEFA,False,False,False,False,False,True
Sandro Tonali,it ITA,MF,Newcastle Utd,eng Premier League,24.0,2000.0,36,28,2630,29.2,4,2,6,4,0,0,5,0,4.4,4.4,2.2,6.6,37,128,53,0.21,0.22,35,12,34.3,1.2,0.41,0.11,0.33,19.6,3,0.13,-0.4,-0.4,1285,1535,83.7,20569,5348,2.8,-0.2,28,104,30,5,1468,61,29,7,7,54,12,19,9,8,1,6,27,78,2.67,50,10,3,6,6,3,9,0.31,51,32,22,23,6,51,49.0,26,34,11,23,34,85,33,2,1818,64,406,991,450,45,1818,37,20,54.1,14,37.8,979,5567,2334,40,6,30,23,1257,73,76.9,86.0,22,8,27.0,0,1.72,55,34,21,0.72,0.72,50.7,32.8,17.9,0.61,0,37,49,2,1,0,0,177,12,12,50.0,MID,397033.0,exact,397033.0,2025-05-30,60000000.0,397033,2000-05-08,Italy,2028-06-30,181.0,right,24.65160848733744,41.9185282522996,17.909855136853043,607.7018010129674,Developing,False,True,False,False,False,ITA,UEFA,False,False,False,False,False,True
Pablo Torre,es ESP,"MF,FW",Barcelona,es La Liga,21.0,2003.0,10,4,310,3.4,3,1,4,3,0,0,0,0,0.4,0.4,0.8,1.1,5,17,20,1.16,0.33,6,4,66.7,1.74,1.16,0.5,0.75,23.5,1,0.06,2.6,2.6,180,220,81.8,2702,678,1.3,0.2,8,13,4,1,198,21,5,3,0,13,0,14,9,1,0,1,4,18,5.24,14,2,0,0,1,1,3,0.87,5,4,1,3,1,4,50.0,2,0,0,0,3,8,5,1,254,5,27,120,109,10,254,6,2,33.3,3,50.0,130,503,205,7,0,5,6,190,31,9.1,56.0,0,6,15.0,26,2.2,9,4,5,1.45,-0.23,7.0,5.0,2.0,0.57,0,4,8,1,0,0,0,15,1,6,14.3,MID,720038.0,exact,720038.0,2025-06-09,6000000.0,720038,2003-04-03,Spain,2029-06-30,173.0,right,21.749486652977414,53.90932982917214,15.607270193858982,473.04016966804267,Emerging,False,False,True,False,False,ESP,UEFA,False,False,False,False,False,True
Lucas Torró,es ESP,MF,Osasuna,es La Liga,30.0,1994.0,35,35,2957,32.9,3,0,3,3,0,0,10,0,2.3,2.3,1.2,3.5,10,109,30,0.09,0.11,31,7,22.6,0.94,0.21,0.1,0.43,16.0,0,0.07,0.7,0.7,1026,1363,75.3,17419,5017,1.7,-1.2,10,114,5,0,1335,22,22,1,27,1,0,0,0,0,0,6,10,38,1.16,31,0,0,5,1,1,3,0.09,74,41,34,35,5,64,56.3,28,36,9,27,45,119,70,3,1706,105,457,1004,262,55,1706,9,6,66.7,3,33.3,736,2958,938,14,0,42,23,981,84,86.5,84.0,26,0,,1,1.43,41,42,-1,-0.03,0.55,37.1,42.8,-5.7,-0.17,0,75,37,1,0,2,0,172,159,67,70.4,MID,213670.0,exact,213670.0,2025-06-09,3000000.0,213670,1994-07-19,Spain,2027-06-30,190.0,right,30.455852156057496,29.894875164257556,14.914123179965662,927.558930551632,Declining,False,False,True,False,False,ESP,UEFA,False,False,False,False,False,True
Abdoulaye Touré,gn GUI,MF,Le Havre,fr Ligue 1,30.0,1994.0,28,26,2324,25.8,10,1,11,2,8,9,5,0,9.4,2.2,0.4,2.6,17,109,28,0.12,0.38,38,6,15.8,1.47,0.23,0.05,0.33,25.4,0,0.06,0.6,-0.2,868,1059,82.0,16170,4315,1.1,0.6,7,90,10,5,1040,13,12,3,12,11,0,0,0,0,0,6,8,49,1.9,35,0,1,5,7,1,5,0.19,61,34,31,21,9,59,55.9,26,36,19,17,34,95,42,5,1354,78,378,784,206,28,1345,33,17,51.5,12,36.4,714,3506,1521,14,0,29,30,832,83,75.9,87.0,17,2,27.0,0,0.93,29,57,-28,-1.08,-0.72,30.9,50.7,-19.9,-0.77,0,30,45,1,1,0,0,160,30,19,61.2,MID,181382.0,exact,181382.0,2025-06-03,3000000.0,181382,1994-03-03,Guinea,2026-06-30,188.0,right,30.833675564681723,17.904073587385017,14.914123179965662,950.7155488280508,Declining,False,False,False,True,False,GUI,CAF,False,True,False,False,False,False
Birama Touré,ml MLI,"MF,DF",Montpellier,fr Ligue 1,32.0,1992.0,8,2,300,3.3,0,0,0,0,0,0,2,0,0.0,0.0,0.1,0.1,0,9,2,0.0,0.04,3,1,33.3,0.9,0.3,0.0,0.0,26.6,0,0.01,0.0,0.0,101,123,82.1,1809,621,0.0,-0.1,3,4,0,0,121,2,2,0,1,0,0,0,0,0,0,0,0,6,1.79,5,0,0,0,0,1,0,0.0,8,5,5,2,1,6,66.7,2,3,2,1,6,14,7,0,157,21,71,65,22,3,157,0,0,,0,,86,287,71,1,1,6,0,99,38,9.8,79.0,1,6,24.0,0,1.13,4,11,-7,-2.1,-0.5,4.1,8.1,-4.0,-1.18,0,2,5,0,0,0,0,14,4,4,50.0,MID,229853.0,exact,229853.0,2025-06-25,800000.0,229853,1992-06-06,Mali,2026-06-30,183.0,right,32.57221081451061,17.904073587385017,13.592368256649284,1060.9489173449222,Declining,False,False,False,True,False,MLI,CAF,False,True,False,False,False,False
Lucas Tousart,fr FRA,MF,Union Berlin,de Bundesliga,27.0,1997.0,15,6,561,6.2,0,1,1,0,0,0,2,0,0.4,0.4,0.5,0.8,4,18,13,0.16,0.14,9,5,55.6,1.44,0.8,0.0,0.0,19.2,0,0.04,-0.4,-0.4,108,162,66.7,1573,561,0.6,0.5,3,7,4,0,162,0,0,0,1,2,0,0,0,0,0,0,3,12,1.93,8,0,0,2,1,1,2,0.32,17,9,6,9,2,12,41.7,7,11,4,7,7,24,27,0,264,31,84,128,57,20,264,11,5,45.5,6,54.5,94,453,196,0,1,8,5,101,37,18.3,64.0,0,9,20.0,11,1.47,6,9,-3,-0.48,-0.01,6.7,9.5,-2.8,-0.44,0,11,6,0,0,0,0,32,20,15,57.1,MID,353948.0,exact,353948.0,2025-06-05,2500000.0,353948,1997-04-29,France,2027-06-30,184.0,right,27.67693360711841,29.894875164257556,14.731801689838349,766.0126538928405,Peak,True,False,False,False,False,FRA,UEFA,False,False,False,False,False,True
Óscar Trejo,ar ARG,MF,Rayo Vallecano,es La Liga,36.0,1988.0,19,6,496,5.5,1,0,1,1,0,0,1,0,0.6,0.6,1.0,1.6,15,37,28,0.18,0.28,5,2,40.0,0.91,0.36,0.2,0.5,16.5,0,0.12,0.4,0.4,261,312,83.7,3441,775,0.3,-1.0,9,30,5,0,289,19,2,1,0,7,6,3,1,1,0,4,4,18,3.27,15,0,0,2,1,0,1,0.18,8,5,1,5,2,9,33.3,6,9,0,9,4,12,5,0,409,7,33,231,152,13,409,22,8,36.4,13,59.1,227,1084,463,8,3,25,26,311,26,14.5,61.0,0,13,10.0,19,1.11,6,5,1,0.18,0.34,6.5,6.3,0.2,0.04,0,17,12,1,0,0,0,25,5,7,41.7,MID,30321.0,exact,30321.0,2025-06-09,500000.0,30321,1988-04-26,Argentina,2026-06-30,180.0,right,36.68446269678302,17.904073587385017,13.122365377402328,1345.7498033516652,Declining,False,False,True,False,False,ARG,CONMEBOL,False,False,False,True,False,False
Philipp Treu,de GER,"MF,DF",St. Pauli,de Bundesliga,23.0,2000.0,33,33,2881,32.0,0,2,2,0,0,0,2,0,1.2,1.2,2.5,3.7,58,105,117,0.06,0.12,19,4,21.1,0.59,0.12,0.0,0.0,16.5,0,0.07,-1.2,-1.2,1225,1532,80.0,18854,5713,2.8,-0.5,22,62,19,8,1213,313,17,1,1,60,296,0,0,0,0,6,45,69,2.16,50,5,5,4,4,1,5,0.16,61,42,35,17,9,68,57.4,29,52,12,40,19,80,87,2,1867,94,564,795,530,46,1867,39,13,33.3,19,48.7,825,4427,2159,42,11,34,12,979,87,94.2,87.0,29,0,,0,0.97,27,38,-11,-0.34,0.66,34.3,42.9,-8.6,-0.27,0,20,36,3,0,0,1,147,21,36,36.8,MID,335993.0,exact,335993.0,2025-06-05,5000000.0,335993,2000-12-03,Germany,,173.0,right,24.079397672826833,,15.424948670398354,579.8173922861383,Developing,True,False,False,False,False,GER,UEFA,False,False,False,False,False,True
Beñat Turrientes,es ESP,MF,Real Sociedad,es La Liga,22.0,2002.0,21,11,942,10.5,0,0,0,0,0,0,4,0,0.6,0.6,0.2,0.7,18,42,28,0.0,0.07,7,1,14.3,0.67,0.1,0.0,0.0,21.1,0,0.08,-0.6,-0.6,405,452,89.6,6925,1458,0.4,-0.2,3,40,2,1,423,29,17,0,6,19,1,10,5,1,0,0,2,12,1.15,10,1,1,0,0,0,0,0.0,15,6,4,10,1,15,26.7,11,15,3,12,5,20,14,1,561,27,108,334,125,8,561,24,13,54.2,7,29.2,317,1866,848,17,1,20,11,392,45,27.5,65.0,2,10,23.0,13,1.05,8,13,-5,-0.48,-0.26,10.3,14.7,-4.3,-0.41,0,13,23,0,0,0,0,45,10,18,35.7,MID,634431.0,exact,634431.0,2025-06-09,10000000.0,634431,2002-01-31,Spain,2030-06-30,181.0,right,22.91854893908282,65.90013140604468,16.118095750958314,525.2598854731343,Developing,False,False,True,False,False,ESP,UEFA,False,False,False,False,False,True
Lesley Ugochukwu,fr FRA,MF,Southampton,eng Premier League,20.0,2004.0,26,18,1655,18.4,1,1,2,1,0,0,7,0,0.9,0.9,1.0,1.9,29,49,20,0.11,0.1,10,1,10.0,0.54,0.05,0.1,1.0,17.0,0,0.09,0.1,0.1,600,706,85.0,9335,2081,0.6,0.0,14,54,7,1,697,9,9,2,0,6,0,0,0,0,0,0,11,24,1.3,20,0,1,1,2,0,1,0.05,50,24,16,30,4,36,50.0,18,27,10,17,14,64,23,2,879,50,215,501,169,24,879,28,19,67.9,8,28.6,479,2565,1229,15,6,12,13,600,64,48.4,77.0,4,8,33.0,6,0.42,13,39,-26,-1.41,0.32,13.5,39.5,-26.0,-1.41,0,31,16,0,0,1,0,67,20,18,52.6,MID,711999.0,exact,711999.0,2025-05-30,18000000.0,711999,2004-03-26,France,2030-06-30,190.0,right,20.76933607118412,65.90013140604468,16.705882371415992,431.36532083778985,Emerging,False,True,False,False,False,FRA,UEFA,False,False,False,False,False,True
Kacper Urbanski,pl POL,MF,Monza,it Serie A,19.0,2004.0,8,6,500,5.6,0,0,0,0,0,0,1,0,0.1,0.1,0.1,0.3,10,41,14,0.0,0.05,5,1,20.0,0.9,0.18,0.0,0.0,23.0,0,0.03,-0.1,-0.1,215,249,86.3,3905,1045,0.3,-0.1,4,30,2,0,242,7,5,1,2,4,1,1,0,1,0,0,6,7,1.26,7,0,0,0,0,0,0,0.0,5,3,1,2,2,7,57.1,3,7,2,5,2,7,9,0,304,11,69,167,69,3,304,8,3,37.5,4,50.0,187,1160,473,5,0,6,10,222,63,14.6,77.0,2,2,21.0,9,0.13,0,9,-9,-1.62,-0.63,2.0,9.2,-7.3,-1.31,0,8,4,0,0,0,0,23,6,13,31.6,MID,699442.0,exact_accent_stripped,699442.0,2025-06-17,6000000.0,699442,2004-09-07,Poland,2028-06-30,183.0,right,20.317590691307323,41.9185282522996,15.607270193858982,412.804491499498,Emerging,False,False,False,False,True,POL,UEFA,False,False,False,False,False,True
Can Uzun,tr TUR,"MF,FW",Eint Frankfurt,de Bundesliga,18.0,2005.0,20,6,675,7.5,4,1,5,4,0,0,1,0,3.0,3.0,1.1,4.1,11,42,45,0.67,0.55,27,11,40.7,3.6,1.47,0.15,0.36,16.3,0,0.11,1.0,1.0,239,299,79.9,3821,1135,1.1,-0.1,14,25,18,4,289,10,1,2,1,18,0,6,2,2,0,0,11,38,5.06,24,2,6,3,1,2,3,0.4,10,4,1,4,5,10,50.0,5,9,0,9,1,11,3,0,395,4,33,191,174,31,395,22,11,50.0,9,40.9,265,1368,523,13,4,19,14,315,34,22.1,66.0,0,14,20.0,13,1.4,18,7,11,1.47,1.05,15.3,11.2,4.1,0.54,0,8,16,0,0,0,0,31,5,3,62.5,MID,816585.0,exact,816585.0,2025-06-05,18000000.0,816585,2005-11-11,Türkiye,2029-06-30,186.0,right,19.140314852840522,53.90932982917214,16.705882371415992,366.3516526658675,Emerging,True,False,False,False,False,TUR,UEFA,False,False,False,False,False,True
Óscar Valentín,es ESP,MF,Rayo Vallecano,es La Liga,29.0,1994.0,34,18,1835,20.4,0,0,0,0,0,0,5,0,0.4,0.4,0.9,1.3,13,86,8,0.0,0.06,5,1,20.0,0.25,0.05,0.0,0.0,12.3,0,0.09,-0.4,-0.4,688,830,82.9,10843,3821,1.1,-0.9,13,74,6,1,809,19,19,0,4,2,0,0,0,0,0,2,19,44,2.16,40,0,1,0,3,0,3,0.15,55,41,21,20,14,76,43.4,43,36,8,28,21,76,51,2,1068,79,325,617,138,14,1068,11,5,45.5,4,36.4,509,2254,1158,13,1,18,8,571,54,53.7,79.0,9,16,26.0,2,1.46,24,24,0,0.0,0.23,25.5,25.8,-0.2,-0.01,0,57,31,0,0,0,0,109,33,39,45.8,MID,517753.0,exact,517753.0,2025-06-09,2500000.0,517753,1994-08-20,Spain,2027-06-30,177.0,right,30.368240930869266,29.894875164257556,14.731801689838349,922.2300572353234,Declining,False,False,True,False,False,ESP,UEFA,False,False,False,False,False,True
Federico Valverde,uy URU,"MF,DF",Real Madrid,es La Liga,26.0,1998.0,36,34,3032,33.7,6,4,10,6,0,0,4,0,2.7,2.7,3.1,5.8,66,226,76,0.3,0.17,57,22,38.6,1.69,0.65,0.11,0.27,26.8,5,0.05,3.3,3.3,2010,2237,89.9,34974,10229,3.2,0.9,39,232,31,2,2145,81,37,3,50,26,38,3,3,0,0,11,23,87,2.58,81,1,1,4,0,0,13,0.39,50,30,22,23,5,43,67.4,14,38,8,30,55,105,52,1,2543,98,528,1461,572,43,2543,28,16,57.1,10,35.7,1525,8009,4084,57,5,35,1,1905,84,88.7,88.0,28,2,21.0,1,2.25,70,31,39,1.16,0.93,68.1,35.3,32.7,0.97,0,12,15,1,0,0,0,174,27,15,64.3,MID,369081.0,exact,369081.0,2025-06-09,130000000.0,369081,1998-07-22,Uruguay,2029-06-30,182.0,right,26.4476386036961,53.90932982917214,18.683045016112164,699.4775877117162,Peak,False,False,True,False,False,URU,CONMEBOL,False,False,False,True,False,False
Ruben Vargas,ch SUI,"MF,FW",Augsburg,de Bundesliga,25.0,1998.0,8,3,305,3.4,0,0,0,0,0,0,3,0,0.7,0.7,0.7,1.4,9,13,24,0.0,0.4,9,1,11.1,2.66,0.3,0.0,0.0,16.7,0,0.08,-0.7,-0.7,118,141,83.7,2132,400,1.1,-0.7,6,7,5,1,128,12,2,0,1,12,6,2,0,0,0,1,0,17,5.0,8,5,1,2,1,0,0,0.0,2,1,1,1,0,4,25.0,3,1,0,1,2,4,1,1,179,2,14,75,91,12,179,12,6,50.0,5,41.7,109,706,285,3,1,11,7,137,38,10.0,63.0,0,5,23.0,2,0.5,3,12,-9,-2.66,-2.43,4.7,7.6,-2.9,-0.86,0,5,3,0,0,0,0,14,3,5,37.5,MID,345886.0,exact_accent_stripped,345886.0,2025-06-09,7000000.0,345886,1998-08-05,Switzerland,2029-06-30,179.0,right,26.409308692676248,53.90932982917214,15.76142084987672,697.4515856250653,Peak,True,False,False,False,False,SUI,UEFA,False,False,False,False,False,True
Matías Vecino,uy URU,MF,Lazio,it Serie A,32.0,1991.0,20,7,877,9.7,2,3,5,2,0,0,7,0,2.3,2.3,2.4,4.6,4,29,14,0.51,0.47,16,4,25.0,1.64,0.41,0.13,0.5,11.9,0,0.14,-0.3,-0.3,322,397,81.1,5633,1465,2.8,0.6,11,32,3,0,387,9,9,4,4,2,0,0,0,0,0,1,9,22,2.25,18,0,0,3,0,1,4,0.41,13,7,3,9,1,18,22.2,14,9,3,6,5,18,15,0,475,19,99,285,93,33,475,1,1,100.0,0,0.0,231,1048,413,11,1,6,10,334,44,25.6,81.0,4,13,24.0,3,2.0,19,13,6,0.62,0.4,20.4,8.7,11.7,1.2,0,20,3,0,0,0,0,29,30,28,51.7,MID,143812.0,exact,143812.0,2025-06-17,2000000.0,143812,1991-08-24,Uruguay,2027-06-30,187.0,right,33.35797399041752,29.894875164257556,14.508658238524095,1112.7544287453718,Declining,False,False,False,False,True,URU,CONMEBOL,False,False,False,True,False,False
Jordan Veretout,fr FRA,MF,Lyon,fr Ligue 1,31.0,1993.0,27,19,1553,17.3,2,0,2,2,0,0,3,0,1.9,1.9,0.6,2.5,35,99,60,0.12,0.14,21,9,42.9,1.22,0.52,0.1,0.22,18.5,0,0.09,0.1,0.1,792,944,83.9,13258,3471,0.9,-0.6,13,86,12,0,905,38,13,1,6,26,6,8,8,0,0,1,14,36,2.09,30,3,0,2,0,1,1,0.06,30,14,14,14,2,40,42.5,23,17,3,14,5,35,23,1,1085,32,210,639,249,28,1085,9,5,55.6,3,33.3,597,2807,1362,18,6,22,7,770,58,50.8,77.0,8,8,12.0,4,1.85,30,18,12,0.7,0.28,32.3,21.2,11.1,0.64,0,23,11,0,0,0,0,88,12,15,44.4,MID,164771.0,exact,164771.0,2025-06-03,4000000.0,164771,1993-03-01,France,2027-06-30,177.0,right,31.838466803559207,29.894875164257556,15.201805169084134,1013.6879684013417,Declining,False,False,False,True,False,FRA,UEFA,False,False,False,False,False,True
Arthur Vermeeren,be BEL,MF,RB Leipzig,de Bundesliga,19.0,2005.0,28,18,1572,17.5,0,2,2,0,0,0,7,0,0.4,0.4,0.9,1.3,14,77,20,0.11,0.07,4,1,25.0,0.23,0.06,0.0,0.0,17.9,0,0.09,-0.4,-0.4,821,953,86.1,12663,3480,1.3,1.1,12,71,6,0,940,12,9,2,1,3,2,0,0,0,0,1,18,28,1.6,27,0,0,0,0,1,2,0.11,32,19,14,13,5,47,29.8,33,34,12,22,23,55,25,2,1109,46,250,669,201,6,1109,15,6,40.0,9,60.0,536,2174,992,16,1,19,12,753,56,51.4,72.0,3,10,28.0,4,1.36,31,30,1,0.06,-0.18,23.3,29.5,-6.3,-0.36,0,22,1,0,0,0,0,94,8,20,28.6,MID,926694.0,exact,926694.0,2025-06-05,22000000.0,926694,2005-02-07,Belgium,2026-06-30,180.0,right,19.89869952087611,17.904073587385017,16.906553056777135,395.95824262211516,Emerging,True,False,False,False,False,BEL,UEFA,False,False,False,False,False,True
Yorbe Vertessen,be BEL,"MF,FW",Union Berlin,de Bundesliga,23.0,2001.0,17,7,718,8.0,1,0,1,1,0,0,2,0,1.3,1.3,1.6,2.9,18,16,42,0.13,0.36,27,5,18.5,3.38,0.63,0.04,0.2,20.5,0,0.05,-0.3,-0.3,133,201,66.2,1979,567,1.8,-1.6,15,6,14,2,177,24,8,1,0,23,1,14,7,2,0,0,7,32,4.0,17,6,6,0,3,0,0,0.0,6,3,3,2,1,8,25.0,6,6,0,6,3,9,6,0,342,5,41,130,174,26,342,51,19,37.3,27,52.9,194,1227,503,14,4,28,17,227,42,23.5,69.0,0,10,24.0,1,0.94,7,10,-3,-0.38,0.12,9.0,9.4,-0.4,-0.05,0,14,17,2,0,0,0,32,6,11,35.3,MID,409517.0,exact,409517.0,2025-06-06,6000000.0,409517,2001-01-08,Belgium,2029-06-30,174.0,right,23.980835044490075,53.90932982917214,15.607270193858982,575.0804494310432,Developing,True,False,False,False,False,BEL,UEFA,False,False,False,False,False,True
Mikel Vesga,es ESP,MF,Athletic Club,es La Liga,31.0,1993.0,25,10,988,11.0,0,0,0,0,0,1,1,0,1.2,0.4,1.0,1.4,10,64,22,0.0,0.2,5,2,40.0,0.46,0.18,0.0,0.0,21.6,0,0.08,-1.2,-0.4,429,539,79.6,7559,2180,0.7,-1.0,12,51,5,0,523,14,9,3,4,8,4,0,0,0,0,2,4,21,1.91,19,0,0,2,0,0,1,0.09,22,15,7,13,2,28,42.9,16,10,1,9,15,37,26,0,653,30,143,398,119,11,652,12,7,58.3,5,41.7,291,1242,591,13,3,11,9,400,40,28.9,73.0,4,15,17.0,10,1.88,19,8,11,1.0,0.48,16.7,9.8,6.9,0.63,0,14,4,0,0,0,0,66,25,16,61.0,MID,300168.0,exact,300168.0,2025-06-09,2500000.0,300168,1993-04-08,Spain,2027-06-30,191.0,left,31.734428473648187,29.894875164257556,14.731801689838349,1007.0739505490927,Declining,False,False,True,False,False,ESP,UEFA,False,False,False,False,False,True
Samuele Vignato,it ITA,MF,Monza,it Serie A,20.0,2004.0,17,3,470,5.2,0,0,0,0,0,0,0,0,0.3,0.3,0.0,0.3,5,17,30,0.0,0.06,4,1,25.0,0.77,0.19,0.0,0.0,13.2,0,0.07,-0.3,-0.3,126,167,75.4,1778,293,0.2,0.0,1,9,2,0,166,1,0,1,1,14,1,0,0,0,0,0,5,7,1.34,7,0,0,0,0,0,1,0.19,6,3,0,4,2,7,42.9,4,1,0,1,0,6,6,0,214,5,27,101,90,7,214,13,4,30.8,9,69.2,139,729,269,8,1,8,10,163,28,13.7,74.0,0,14,18.0,13,0.53,1,8,-7,-1.34,-0.3,2.8,8.3,-5.5,-1.05,0,3,3,1,0,0,0,12,5,13,27.8,MID,650966.0,exact,650966.0,2025-06-17,2200000.0,650966,2004-02-24,Italy,2029-06-30,172.0,right,20.854209445585216,53.90932982917214,14.603968372873895,434.89805160033563,Emerging,False,False,False,False,True,ITA,UEFA,False,False,False,False,False,True
Vitinha,pt POR,MF,Paris S-G,fr Ligue 1,24.0,2000.0,29,20,2042,22.7,5,1,6,3,2,2,1,0,3.4,1.8,2.6,4.4,53,224,57,0.18,0.27,25,12,48.0,1.1,0.53,0.12,0.25,24.2,2,0.07,1.6,1.2,2236,2403,93.1,39605,9228,3.8,-1.6,27,257,37,3,2325,75,56,13,22,21,10,6,2,1,0,3,19,73,3.22,66,2,3,2,0,0,4,0.18,43,23,13,27,3,48,52.1,23,26,7,19,14,57,19,2,2581,58,356,1617,623,32,2579,40,27,67.5,10,25.0,1756,8873,4225,59,9,30,19,2160,70,66.7,89.0,19,9,29.0,2,2.48,60,22,38,1.67,0.0,58.7,21.2,37.5,1.65,0,9,12,0,0,0,0,144,1,5,16.7,MID,586853.0,exact_birthyear_corrected,586853.0,2025-06-17,8000000.0,586853,2000-03-15,Portugal,2028-06-30,178.0,right,24.799452429842574,41.9185282522996,15.894952224644102,615.0128408200247,Developing,False,False,False,True,False,POR,UEFA,False,False,False,False,False,True
Nikola Vlašić,hr CRO,"MF,FW",Torino,it Serie A,26.0,1997.0,30,23,2117,23.5,5,4,9,3,2,2,0,0,3.4,1.8,2.4,4.2,53,94,110,0.3,0.25,30,10,33.3,1.28,0.43,0.1,0.3,22.2,0,0.06,1.6,1.2,613,768,79.8,8813,2258,2.0,1.6,32,57,24,4,758,6,1,3,4,26,4,1,0,1,0,4,19,70,2.98,61,0,3,2,3,1,8,0.34,37,19,11,17,9,30,40.0,18,15,3,12,9,46,15,0,983,15,114,460,430,59,981,48,24,50.0,21,43.8,607,3417,1737,41,12,44,42,713,71,61.9,83.0,12,7,28.0,1,0.97,25,30,-5,-0.21,-0.14,19.0,32.1,-13.1,-0.56,0,28,26,6,0,0,0,93,27,29,48.2,MID,293200.0,exact,293200.0,2025-06-17,8000000.0,293200,1997-10-04,Croatia,2027-06-30,179.0,right,27.24435318275154,29.894875164257556,15.894952224644102,742.2547803465039,Peak,False,False,False,False,True,CRO,UEFA,False,False,False,False,False,True
Aster Vranckx,be BEL,MF,Wolfsburg,de Bundesliga,21.0,2002.0,14,6,556,6.2,0,0,0,0,0,0,1,0,0.0,0.0,0.0,0.0,5,20,6,0.0,0.01,0,0,,0.0,0.0,,,,0,,0.0,0.0,166,202,82.2,2747,773,0.4,0.0,1,16,2,0,197,4,2,1,2,3,0,0,0,0,0,1,10,6,0.97,5,0,0,0,1,0,1,0.16,11,6,3,8,0,9,33.3,6,14,3,11,10,21,13,0,276,30,94,149,37,4,276,6,5,83.3,1,16.7,123,487,206,2,0,13,5,144,40,18.2,75.0,2,8,13.0,7,1.21,7,13,-6,-0.97,-1.26,6.8,10.7,-3.9,-0.63,0,12,11,0,0,0,0,22,7,14,33.3,MID,503881.0,exact,503881.0,2025-06-05,7000000.0,503881,2002-10-04,Belgium,2026-06-30,183.0,right,22.245037645448324,17.904073587385017,15.76142084987672,494.8416998474131,Developing,True,False,False,False,False,BEL,UEFA,False,False,False,False,False,True
Paul Wanner,de GER,"MF,FW",Heidenheim,de Bundesliga,18.0,2005.0,29,20,1771,19.7,3,2,5,2,1,1,2,0,3.7,2.9,1.3,4.1,28,64,65,0.2,0.25,24,5,20.8,1.22,0.25,0.08,0.4,18.2,3,0.12,-0.7,-0.9,518,709,73.1,7975,2039,1.8,0.7,20,43,13,3,600,105,34,4,2,52,15,25,17,5,0,4,19,51,2.59,30,9,1,6,5,0,7,0.36,40,27,16,21,3,32,46.9,17,15,0,15,4,44,20,0,935,19,138,480,338,41,934,59,25,42.4,29,49.2,496,2613,1109,29,6,45,37,575,61,57.9,74.0,3,9,33.0,4,0.72,18,38,-20,-1.02,-0.53,22.4,30.8,-8.3,-0.42,0,23,18,1,0,0,0,90,12,18,40.0,MID,900909.0,exact,900909.0,2025-06-05,18000000.0,900909,2005-12-23,Austria,2030-06-30,185.0,left,19.025325119780973,65.90013140604468,16.705882371415992,361.9629959133689,Emerging,True,False,False,False,False,GER,UEFA,False,False,False,False,False,True
James Ward-Prowse,eng ENG,MF,West Ham,eng Premier League,29.0,1994.0,15,12,1039,11.5,1,1,2,1,0,0,2,0,1.6,1.6,1.9,3.6,11,54,9,0.17,0.31,13,5,38.5,1.13,0.43,0.08,0.2,19.9,3,0.13,-0.6,-0.6,677,768,88.2,11241,3140,1.8,-0.9,20,76,5,2,699,64,28,0,9,49,1,34,18,14,1,5,4,34,2.95,19,11,0,3,0,1,1,0.09,20,14,8,8,4,19,36.8,12,6,3,3,8,28,15,0,849,30,180,513,158,11,849,5,2,40.0,3,60.0,427,1999,845,16,0,3,6,593,69,30.4,80.0,6,3,25.0,1,1.07,12,11,1,0.09,0.73,12.9,13.7,-0.8,-0.07,0,10,4,0,0,0,0,52,10,5,66.7,MID,181579.0,exact,181579.0,2025-05-30,8000000.0,181579,1994-11-01,England,2026-06-30,177.0,right,30.168377823408623,17.904073587385017,15.894952224644102,910.1310204959332,Declining,False,True,False,False,False,ENG,UEFA,False,False,False,False,False,True
James Ward-Prowse,eng ENG,MF,Nott'ham Forest,eng Premier League,29.0,1994.0,9,5,400,4.4,0,1,1,0,0,0,2,1,0.1,0.1,1.1,1.2,1,16,3,0.23,0.26,2,1,50.0,0.45,0.23,0.0,0.0,29.0,1,0.03,-0.1,-0.1,145,182,79.7,2296,768,0.8,-0.1,4,16,2,0,157,24,15,0,1,19,0,8,3,5,0,1,1,10,2.25,6,4,0,0,0,0,2,0.45,4,1,1,3,0,2,100.0,0,3,2,1,5,9,8,0,205,13,49,115,45,1,205,0,0,,0,,92,407,170,3,0,3,3,115,44,11.7,75.0,2,4,6.0,9,1.56,4,7,-3,-0.68,-1.12,4.4,5.3,-0.9,-0.21,1,7,2,0,0,0,0,19,3,5,37.5,MID,181579.0,exact,181579.0,2025-05-30,8000000.0,181579,1994-11-01,England,2026-06-30,177.0,right,30.168377823408623,17.904073587385017,15.894952224644102,910.1310204959332,Declining,False,True,False,False,False,ENG,UEFA,False,False,False,False,False,True
Julian Weigl,de GER,MF,Gladbach,de Bundesliga,28.0,1995.0,33,33,2881,32.0,0,2,2,0,0,0,8,0,0.7,0.7,1.1,1.9,11,122,9,0.06,0.06,19,6,31.6,0.59,0.19,0.0,0.0,24.0,0,0.04,-0.7,-0.7,1557,1763,88.3,28131,8594,1.9,0.9,11,121,18,1,1703,55,52,5,6,11,2,1,0,0,0,5,23,51,1.59,45,0,0,5,1,0,6,0.19,53,25,24,24,5,46,60.9,18,54,27,27,48,101,86,3,2075,122,713,1184,193,9,2075,8,7,87.5,0,0.0,1061,4009,1760,14,1,13,10,1416,87,94.2,87.0,26,0,,0,1.27,49,54,-5,-0.16,-1.66,47.1,60.3,-13.1,-0.41,0,23,24,0,0,3,0,133,39,19,67.2,MID,196792.0,exact,196792.0,2025-06-05,6000000.0,196792,1995-09-08,Germany,2027-06-30,186.0,right,29.31690622861054,29.894875164257556,15.607270193858982,859.4809908171436,Peak,True,False,False,False,False,GER,UEFA,False,False,False,False,False,True
Adam Wharton,eng ENG,MF,Crystal Palace,eng Premier League,20.0,2004.0,20,16,1318,14.6,0,2,2,0,0,0,2,0,0.4,0.4,3.0,3.4,14,107,11,0.14,0.23,13,5,38.5,0.89,0.34,0.0,0.0,25.4,0,0.03,-0.4,-0.4,548,725,75.6,10271,3780,2.2,-1.0,26,78,18,5,678,40,14,5,1,39,0,26,19,1,0,7,12,59,4.03,45,11,0,2,0,1,6,0.41,34,14,14,16,4,44,38.6,27,11,2,9,20,54,27,0,872,30,204,463,212,11,872,10,2,20.0,8,80.0,430,2014,1078,23,2,17,13,533,66,38.5,77.0,3,4,23.0,1,1.25,18,21,-3,-0.2,-0.33,21.1,19.2,1.9,0.13,0,12,21,0,0,0,0,102,7,16,30.4,MID,744149.0,exact,744149.0,2025-05-30,45000000.0,744149,2004-02-06,England,2029-06-30,182.0,left,20.903490759753595,53.90932982917214,17.622173069956816,436.9559259431039,Emerging,False,True,False,False,False,ENG,UEFA,False,False,False,False,False,True
Joe Willock,eng ENG,"MF,FW",Newcastle Utd,eng Premier League,24.0,1999.0,32,11,1086,12.1,0,2,2,0,0,0,4,0,1.6,1.6,2.1,3.8,38,41,86,0.17,0.31,18,3,16.7,1.49,0.25,0.0,0.0,15.1,0,0.09,-1.6,-1.6,300,363,82.6,4282,903,0.9,-0.1,22,28,8,0,356,5,0,0,2,18,5,0,0,0,0,2,8,45,3.73,36,0,3,3,1,2,4,0.33,30,17,15,12,3,31,58.1,13,24,6,18,6,36,7,0,533,12,74,231,239,55,533,35,12,34.3,17,48.6,325,2217,1034,28,16,37,23,372,34,31.8,62.0,0,21,19.0,1,1.59,19,16,3,0.25,-0.45,18.9,14.7,4.2,0.35,0,23,13,3,0,0,0,40,5,14,26.3,MID,340329.0,exact,340329.0,2025-05-30,22000000.0,340329,1999-08-20,England,2027-06-30,186.0,right,25.36892539356605,29.894875164257556,16.906553056777135,643.5823756243204,Developing,False,True,False,False,False,ENG,UEFA,False,False,False,False,False,True
Patrick Wimmer,at AUT,"MF,FW",Wolfsburg,de Bundesliga,23.0,2001.0,29,22,1770,19.7,3,4,7,3,0,0,5,1,3.7,3.7,2.9,6.7,46,91,75,0.36,0.34,41,10,24.4,2.08,0.51,0.07,0.3,17.7,1,0.09,-0.7,-0.7,427,650,65.7,7363,2757,3.4,1.1,24,55,23,4,591,57,14,7,4,42,16,21,9,12,0,2,39,71,3.61,45,8,8,2,5,3,12,0.61,47,35,19,21,7,46,32.6,31,31,4,27,32,79,15,2,920,20,160,410,370,63,920,69,37,53.6,29,42.0,504,3056,1525,44,13,43,27,532,61,57.8,73.0,4,7,24.0,0,1.31,31,31,0,0.0,-0.14,26.7,29.8,-3.1,-0.16,0,36,40,6,0,0,0,92,36,49,42.4,MID,533295.0,exact,533295.0,2025-06-05,15000000.0,533295,2001-05-30,Austria,2027-06-30,182.0,right,23.592060232717316,29.894875164257556,16.52356082573315,556.5853060241618,Developing,True,False,False,False,False,AUT,UEFA,False,False,False,False,False,True
Harry Winks,eng ENG,MF,Leicester City,eng Premier League,28.0,1996.0,22,17,1538,17.1,0,2,2,0,0,0,4,0,0.2,0.2,1.2,1.5,19,101,11,0.12,0.09,10,4,40.0,0.59,0.23,0.0,0.0,29.2,0,0.02,-0.2,-0.2,910,1045,87.1,14101,5048,1.5,0.8,17,110,7,5,981,61,35,4,2,34,5,16,11,3,0,3,11,39,2.28,29,7,1,1,1,0,3,0.18,24,11,12,10,2,30,43.3,17,19,7,12,9,33,20,0,1158,49,275,746,151,1,1158,12,3,25.0,8,66.7,696,3268,1522,13,0,13,8,827,70,45.0,80.0,12,5,34.0,3,0.45,17,34,-17,-0.99,0.44,16.4,28.9,-12.5,-0.73,0,9,13,0,0,0,0,106,8,6,57.1,MID,249126.0,exact,249126.0,2025-05-30,9000000.0,249126,1996-02-02,England,2026-06-30,178.0,right,28.914442162902123,17.904073587385017,16.012735246411598,836.044965591812,Peak,False,True,False,False,False,ENG,UEFA,False,False,False,False,False,True
Florian Wirtz,de GER,"MF,FW",Leverkusen,de Bundesliga,21.0,2003.0,31,25,2351,26.1,10,12,22,8,2,4,3,0,9.4,6.1,7.0,13.1,131,176,309,0.77,0.63,74,35,47.3,2.83,1.34,0.11,0.23,19.7,1,0.08,0.6,1.9,1370,1749,78.3,18566,5171,9.4,5.0,57,96,65,8,1619,120,23,26,8,101,48,42,17,4,0,10,40,148,5.66,107,7,23,6,4,1,26,0.99,32,20,10,12,10,22,40.9,13,32,3,29,10,42,6,1,2096,10,129,814,1177,137,2092,167,82,49.1,79,47.3,1217,7053,3641,72,53,58,47,1638,76,76.8,87.0,17,6,28.0,0,1.94,58,32,26,1.0,0.61,44.1,27.6,16.5,0.63,0,22,39,11,1,0,0,113,9,36,20.0,MID,598577.0,exact,598577.0,2025-06-05,140000000.0,598577,2003-05-03,Germany,2030-06-30,177.0,right,21.66735112936345,65.90013140604468,18.757152987716434,469.47410496312756,Emerging,True,False,False,False,False,GER,UEFA,False,False,False,False,False,True
Dani de Wit,nl NED,"MF,FW",Bochum,de Bundesliga,26.0,1998.0,28,11,1153,12.8,2,1,3,2,0,0,1,0,2.1,2.1,0.5,2.7,5,33,37,0.23,0.21,20,7,35.0,1.56,0.55,0.1,0.29,11.7,0,0.11,-0.1,-0.1,296,411,72.0,4084,1104,0.5,0.5,10,24,5,2,381,26,3,1,0,8,5,0,0,0,0,4,8,22,1.72,14,1,0,4,2,1,2,0.16,29,17,11,15,3,31,58.1,13,17,4,13,12,41,23,1,558,27,97,315,146,37,558,8,1,12.5,5,62.5,244,815,315,4,0,11,3,311,41,37.7,78.0,5,17,17.0,5,0.75,14,40,-26,-2.03,-1.65,14.8,30.7,-15.9,-1.24,0,24,12,8,2,0,0,36,41,48,46.1,MID,340459.0,exact,340459.0,2025-06-05,2500000.0,340459,1998-01-28,Netherlands,2028-06-30,184.0,right,26.926762491444215,41.9185282522996,14.731801689838349,725.050538270647,Peak,True,False,False,False,False,NED,UEFA,False,False,False,False,False,True
Jeong Woo-yeong,kr KOR,"MF,FW",Union Berlin,de Bundesliga,24.0,1999.0,23,17,1263,14.0,3,2,5,3,0,0,2,0,2.8,2.8,1.7,4.4,32,63,93,0.36,0.31,25,6,24.0,1.78,0.43,0.12,0.5,18.5,1,0.11,0.2,0.2,381,506,75.3,4914,1386,2.1,0.3,18,30,20,5,490,15,2,2,0,36,3,8,2,3,0,1,25,49,3.49,40,2,1,4,1,1,5,0.36,10,7,5,5,0,11,27.3,8,10,1,9,11,21,11,0,621,12,79,261,296,34,621,21,12,57.1,8,38.1,386,2038,1003,24,6,23,16,423,55,41.3,66.0,1,6,25.0,0,1.13,15,22,-7,-0.5,-0.05,18.1,23.0,-4.9,-0.35,0,16,15,4,0,0,0,68,14,27,34.1,MID,297583.0,fuzzy_verified,297583.0,2025-06-05,4000000.0,297583,1999-09-20,"Korea, South",,179.0,right,25.284052019164957,,15.201805169084134,639.2832865078395,Developing,True,False,False,False,False,KOR,AFC,True,False,False,False,False,False
Granit Xhaka,ch SUI,MF,Leverkusen,de Bundesliga,31.0,1992.0,33,33,2888,32.1,2,7,9,2,0,0,3,0,0.9,0.9,4.4,5.3,42,318,72,0.28,0.17,21,3,14.3,0.65,0.09,0.1,0.67,24.6,1,0.04,1.1,1.1,2528,2818,89.7,42166,11905,5.1,2.6,50,372,40,6,2694,114,63,8,22,30,25,1,1,0,0,10,26,120,3.74,113,4,0,1,2,0,18,0.56,48,26,15,27,6,42,57.1,18,30,7,23,12,60,52,6,3052,85,475,1885,707,15,3052,16,7,43.8,8,50.0,1611,5928,3002,52,0,18,14,2368,88,94.4,88.0,29,0,,1,2.06,69,39,30,0.93,1.46,54.1,31.9,22.2,0.69,0,33,34,0,0,0,1,179,41,26,61.2,MID,111455.0,exact,111455.0,2025-06-05,12000000.0,111455,1992-09-27,Switzerland,2028-06-30,183.0,left,32.26283367556468,41.9185282522996,16.300417291085605,1040.8904367771502,Declining,True,False,False,False,False,SUI,UEFA,False,False,False,False,False,True
Yehor Yarmoliuk,ua UKR,MF,Brentford,eng Premier League,20.0,2004.0,31,15,1450,16.1,0,0,0,0,0,0,6,0,0.6,0.6,0.9,1.5,15,63,47,0.0,0.09,9,2,22.2,0.56,0.12,0.0,0.0,15.9,0,0.07,-0.6,-0.6,661,760,87.0,11716,2679,0.9,-0.9,9,71,8,4,752,7,3,4,9,16,4,0,0,0,0,1,12,26,1.62,21,0,2,1,1,1,2,0.12,49,28,21,21,7,55,50.9,27,26,9,17,13,62,33,0,960,61,277,501,203,15,960,27,13,48.1,11,40.7,520,2790,908,19,3,26,21,599,47,42.4,79.0,6,16,16.0,7,1.52,27,25,2,0.12,-0.2,22.8,26.1,-3.3,-0.21,0,19,13,2,0,0,0,113,8,10,44.4,MID,717411.0,fuzzy_verified,717411.0,2025-05-30,15000000.0,717411,2004-03-01,Ukraine,2031-06-30,180.0,right,20.83778234086242,77.8909329829172,16.52356082573315,434.2131728851578,Emerging,False,True,False,False,False,UKR,UEFA,False,False,False,False,False,True
Ryan Yates,eng ENG,MF,Nott'ham Forest,eng Premier League,26.0,1997.0,35,18,1915,21.3,2,1,3,2,0,0,10,0,2.3,2.3,1.2,3.5,18,53,16,0.14,0.16,33,9,27.3,1.55,0.42,0.06,0.22,19.6,0,0.07,-0.3,-0.3,618,758,81.5,9172,2063,0.5,-0.2,18,48,4,0,699,56,23,0,0,8,0,2,0,0,0,3,19,38,1.78,26,1,1,6,2,2,3,0.14,42,21,24,14,4,37,45.9,20,38,10,28,26,68,61,1,1041,80,276,510,266,41,1041,18,9,50.0,5,27.8,425,2079,934,19,1,24,18,545,55,56.0,83.0,13,17,25.0,2,1.69,25,27,-2,-0.09,-0.93,24.2,27.2,-3.0,-0.14,0,53,49,7,0,0,0,104,45,30,60.0,MID,425902.0,exact,425902.0,2025-05-30,12000000.0,425902,1997-11-21,England,2028-06-30,190.0,right,27.1129363449692,41.9185282522996,16.300417291085605,735.1113172463517,Peak,False,True,False,False,False,ENG,UEFA,False,False,False,False,False,True
Warren Zaïre-Emery,fr FRA,"MF,DF",Paris S-G,fr Ligue 1,18.0,2006.0,29,23,2050,22.8,1,2,3,1,0,0,3,0,1.7,1.7,1.4,3.1,49,135,92,0.13,0.14,17,7,41.2,0.75,0.31,0.06,0.14,20.5,0,0.1,-0.7,-0.7,1557,1677,92.8,22787,4864,1.4,0.6,18,116,9,1,1605,70,17,2,18,9,50,0,0,0,0,2,22,52,2.28,47,1,1,3,0,0,4,0.18,51,26,17,21,13,45,51.1,22,35,6,29,23,74,20,2,1908,49,314,1051,555,32,1908,37,20,54.1,17,45.9,1211,6383,3200,63,6,39,32,1506,71,67.0,82.0,15,6,26.0,0,2.38,61,21,40,1.76,0.24,54.6,21.7,32.9,1.45,0,25,19,1,0,0,0,136,9,14,39.1,MID,810092.0,exact,810092.0,2025-06-03,55000000.0,810092,2006-03-08,France,2029-06-30,176.0,right,18.819986310746064,53.90932982917214,17.822843761378564,354.19188473666924,Emerging,False,False,False,True,False,FRA,UEFA,False,False,False,False,False,True
Denis Zakaria,ch SUI,MF,Monaco,fr Ligue 1,27.0,1996.0,26,24,2144,23.8,6,4,10,4,2,2,5,0,5.2,3.6,1.4,5.0,27,113,36,0.34,0.28,29,9,31.0,1.22,0.38,0.14,0.44,18.0,0,0.12,0.8,0.4,1062,1175,90.4,15671,4921,2.0,2.6,16,91,23,2,1135,38,36,4,2,7,2,0,0,0,0,2,8,52,2.18,41,0,2,5,1,3,10,0.42,41,26,15,19,7,33,72.7,9,31,8,23,34,75,39,1,1425,60,280,912,255,40,1423,36,21,58.3,13,36.1,823,3741,1818,30,8,35,23,972,82,70.1,87.0,19,2,27.0,1,2.04,52,24,28,1.18,1.76,52.4,23.0,29.4,1.24,0,32,21,1,0,2,0,165,18,12,60.0,MID,334526.0,exact,334526.0,2025-06-03,30000000.0,334526,1996-11-20,Switzerland,2028-06-30,189.0,right,28.11498973305955,41.9185282522996,17.216707972959764,790.4526476900438,Peak,False,False,False,True,False,SUI,UEFA,False,False,False,False,False,True
Oier Zarraga,es ESP,MF,Udinese,it Serie A,25.0,1999.0,22,9,896,10.0,1,0,1,1,0,0,0,0,0.4,0.4,0.4,0.8,7,28,23,0.1,0.08,6,1,16.7,0.6,0.1,0.17,1.0,21.2,0,0.07,0.6,0.6,238,289,82.4,3845,859,0.6,-0.4,6,27,8,5,280,5,1,0,1,20,1,2,1,0,0,4,8,15,1.51,13,0,0,2,0,0,0,0.0,19,13,7,10,2,22,45.5,12,9,5,4,2,21,8,0,359,13,62,202,99,3,359,5,2,40.0,2,40.0,186,908,388,3,0,9,4,230,41,26.2,69.0,1,13,21.0,9,1.36,11,13,-2,-0.2,0.26,9.9,13.0,-3.1,-0.31,0,12,6,0,0,0,0,25,6,11,35.3,MID,524010.0,exact,524010.0,2025-06-17,2000000.0,524010,1999-01-04,Spain,2027-06-30,175.0,right,25.99315537303217,29.894875164257556,14.508658238524095,675.6441262465912,Developing,False,False,False,False,True,ESP,UEFA,False,False,False,False,False,True
Kevin Zeroli,it ITA,MF,Monza,it Serie A,19.0,2005.0,8,4,395,4.4,0,1,1,0,0,0,0,0,0.8,0.8,0.5,1.2,2,5,8,0.23,0.28,6,1,16.7,1.37,0.23,0.0,0.0,13.0,0,0.13,-0.8,-0.8,71,96,74.0,1047,261,0.0,0.5,2,6,0,0,96,0,0,0,1,2,0,0,0,0,0,0,4,2,0.46,0,0,0,2,0,0,1,0.23,6,2,3,3,0,1,0.0,1,6,1,5,2,8,11,0,146,12,50,67,30,9,146,1,0,0.0,1,100.0,83,326,115,3,0,9,3,90,49,11.5,74.0,1,4,25.0,2,0.63,6,12,-6,-1.37,-0.33,4.3,7.0,-2.7,-0.62,0,5,1,2,0,0,0,15,5,4,55.6,MID,883349.0,exact,883349.0,2024-06-25,2000000.0,883349,2005-01-11,Italy,2026-06-30,187.0,right,19.972621492128678,17.904073587385017,14.508658238524095,398.90560926784036,Emerging,False,False,False,False,True,ITA,UEFA,False,False,False,False,False,True
Piotr Zieliński,pl POL,MF,Inter,it Serie A,30.0,1994.0,26,8,980,10.9,2,2,4,0,2,2,0,0,2.6,1.1,0.9,2.0,26,65,24,0.18,0.32,15,4,26.7,1.38,0.37,0.0,0.0,21.7,0,0.07,-0.6,-1.1,636,711,89.5,9848,3091,1.0,1.1,14,77,6,0,671,38,20,2,4,28,1,16,7,7,0,2,6,40,3.67,28,8,1,2,0,1,7,0.64,14,10,6,7,1,13,46.2,7,10,5,5,6,20,13,1,803,27,139,498,177,14,801,18,6,33.3,9,50.0,510,3060,1582,27,1,8,6,588,38,28.7,76.0,3,18,21.0,4,2.12,26,8,18,1.65,0.69,22.4,11.2,11.2,1.03,0,9,16,0,0,0,0,58,9,3,75.0,MID,181136.0,exact_accent_stripped,181136.0,2025-06-17,10000000.0,181136,1994-05-20,Poland,2028-06-30,180.0,both,30.62012320328542,41.9185282522996,16.118095750958314,937.5919449843782,Declining,False,False,False,False,True,POL,UEFA,False,False,False,False,False,True
Martín Zubimendi,es ESP,MF,Real Sociedad,es La Liga,25.0,1999.0,36,33,2962,32.9,2,1,3,2,0,0,6,0,2.6,2.6,1.1,3.7,38,195,43,0.09,0.11,24,6,25.0,0.73,0.18,0.08,0.33,13.9,0,0.11,-0.6,-0.6,1482,1772,83.6,25341,7363,1.3,-0.1,19,172,23,1,1708,57,55,2,11,12,1,1,0,0,0,7,24,46,1.4,38,0,4,1,1,2,6,0.18,73,37,31,29,13,44,63.6,16,42,16,26,44,117,79,3,2131,122,489,1332,325,59,2131,28,19,67.9,9,32.1,1074,5591,2548,34,5,39,17,1412,82,86.6,87.0,30,3,32.0,0,1.25,31,38,-7,-0.21,0.57,38.1,35.0,3.0,0.09,0,44,19,0,1,0,0,140,53,32,62.4,MID,423440.0,exact,423440.0,2025-06-09,60000000.0,423440,1999-02-02,Spain,2030-06-30,181.0,right,25.913757700205338,65.90013140604468,17.909855136853043,671.5228381449514,Developing,False,False,True,False,False,ESP,UEFA,False,False,False,False,False,True
Martin Ødegaard,no NOR,MF,Arsenal,eng Premier League,25.0,1998.0,30,26,2325,25.8,3,8,11,2,1,1,4,0,4.8,4.0,5.4,9.5,92,258,154,0.39,0.4,48,15,31.3,1.86,0.58,0.04,0.13,19.2,3,0.08,-1.8,-2.0,1237,1499,82.5,19237,5460,6.7,2.6,63,132,86,5,1373,114,35,25,3,86,12,37,31,0,0,12,27,124,4.8,101,13,3,5,2,0,18,0.7,19,11,9,7,3,25,16.0,21,5,0,5,6,25,6,1,1694,9,126,708,875,115,1693,59,25,42.4,32,54.2,1174,7444,3772,85,26,38,40,1336,78,68.0,86.0,14,4,23.0,0,2.0,50,21,29,1.12,0.63,41.1,21.7,19.4,0.75,0,12,23,1,0,0,0,97,8,7,53.3,MID,316264.0,exact,316264.0,2025-05-30,85000000.0,316264,1998-12-17,Norway,2028-06-30,178.0,left,26.04243668720055,41.9185282522996,18.258161826219297,678.2085086068491,Peak,False,True,False,False,False,NOR,UEFA,False,False,False,False,False,True
