Player,position,actual_value_eur,predicted_value_eur,oof_predicted_value_eur,value_gap_eur,value_ratio,oof_value_ratio,undervalued_flag
Matthis Abline,FWD,17999999.999999985,15001211.0,11829444.0,-2998788.999999985,0.8334006111111119,0.6571913333333339,False
Tammy Abraham,FWD,15000000.00000001,13872662.0,14685354.0,-1127338.0000000093,0.9248441333333327,0.9790235999999994,False
Akor Adams,FWD,4999999.999999999,3620929.25,2039081.25,-1379070.749999999,0.7241858500000001,0.4078162500000001,False
Che Adams,FWD,15000000.00000001,9627676.0,6189823.0,-5372324.000000009,0.6418450666666663,0.4126548666666664,False
Junior Adamu,FWD,4999999.999999999,5312583.5,7451719.5,312583.50000000093,1.0625167000000002,1.4903439000000003,False
Karim Adeyemi,FWD,44999999.999999985,45579376.0,46310480.0,579376.0000000149,1.0128750222222225,1.0291217777777781,False
Simon Adingra,FWD,27999999.99999999,21445088.0,18748208.0,-6554911.999999989,0.7658960000000004,0.6695788571428574,False
Jeremy Agbonifo,FWD,4999999.999999999,4269448.5,2270979.25,-730551.4999999991,0.8538897000000002,0.45419585000000007,False
Ludovic Ajorque,FWD,4000000.0000000005,4553924.0,5264599.0,553923.9999999995,1.1384809999999999,1.31614975,False
Maghnes Akliouche,FWD,44999999.999999985,38392004.0,32271952.0,-6607995.999999985,0.8531556444444447,0.7171544888888891,False
Chuba Akpom,FWD,6999999.999999995,6800039.0,7376939.0,-199960.99999999534,0.9714341428571435,1.0538484285714294,False
Carlos Alcaraz,FWD,14000000.00000001,15360324.0,12776634.0,1360323.9999999907,1.0971659999999992,0.9126167142857137,False
Mohamed Ali Cho,FWD,15000000.00000001,21162970.0,25237712.0,6162969.999999991,1.4108646666666658,1.6825141333333322,False
Jim Allevinah,FWD,1499999.9999999986,1415943.25,1351303.5,-84056.7499999986,0.9439621666666675,0.9008690000000008,False
Pontus Almqvist,FWD,2499999.9999999953,2623028.5,2502130.75,123028.50000000466,1.049211400000002,1.0008523000000018,False
Julián Álvarez,FWD,99999999.99999991,87492496.0,74433008.0,-12507503.99999991,0.8749249600000008,0.7443300800000007,False
Mohamed Amoura,FWD,31999999.999999955,24836628.0,22103136.0,-7163371.999999955,0.776144625000001,0.690723000000001,False
Marcos André,FWD,999999.9999999997,1465409.75,1784651.75,465409.75000000035,1.4654097500000005,1.7846517500000005,False
Michail Antonio,FWD,700000.0000000006,1074604.875,5767904.5,374604.8749999994,1.5351498214285701,8.239863571428565,True
Antoniu,FWD,349999.9999999997,602644.8125,2064209.5,252644.8125000003,1.721842321428573,5.897741428571433,True
Antony,FWD,35000000.000000015,41154684.0,53752156.0,6154683.999999985,1.1758481142857138,1.5357758857142851,False
Cameron Archer,FWD,12000000.000000007,10709662.0,7608590.0,-1290338.0000000075,0.8924718333333328,0.6340491666666662,False
Adam Armstrong,FWD,12000000.000000007,9886528.0,6927032.5,-2113472.0000000075,0.8238773333333328,0.577252708333333,False
Marko Arnautović,FWD,3000000.000000001,3336147.5,3776531.0,336147.49999999907,1.1120491666666663,1.2588436666666663,False
Takuma Asano,FWD,2499999.9999999953,2340952.75,2617233.75,-159047.24999999534,0.9363811000000017,1.046893500000002,False
Marco Asensio,FWD,20000000.000000015,21902326.0,10499634.0,1902325.999999985,1.0951162999999993,0.5249816999999997,False
Iago Aspas,FWD,2000000.0000000016,2286827.25,4272731.5,286827.24999999837,1.143413624999999,2.136365749999998,True
Yaser Asprilla,FWD,15000000.00000001,8763098.0,6220945.5,-6236902.000000009,0.584206533333333,0.41472969999999976,False
Taiwo Awoniyi,FWD,16000000.000000026,14154237.0,10779751.0,-1845763.000000026,0.8846398124999986,0.673734437499999,False
Florian Ayé,FWD,1200000.0000000005,1315840.375,1913326.625,115840.37499999953,1.096533645833333,1.594438854166666,False
André Ayew,FWD,600000.0000000003,973986.8125,1968238.5,373986.81249999965,1.6233113541666657,3.280397499999998,True
Jordan Ayew,FWD,2499999.9999999953,2681186.0,5896937.5,181186.00000000466,1.072474400000002,2.3587750000000045,True
Leon Bailey,FWD,27999999.99999999,19003028.0,20925232.0,-8996971.999999989,0.6786795714285717,0.7473297142857146,False
Theo Bair,FWD,1800000.000000004,2202662.5,3122871.0,402662.49999999604,1.2237013888888861,1.7349283333333294,False
Cédric Bakambu,FWD,1499999.9999999986,1726897.125,2064067.75,226897.1250000014,1.151264750000001,1.376045166666668,False
Mitchel Bakker,FWD,6999999.999999995,6663555.5,6994283.5,-336444.49999999534,0.9519365000000006,0.9991833571428578,False
Ridle Baku,FWD,8999999.999999996,7522988.5,7048246.5,-1477011.4999999963,0.8358876111111114,0.7831385000000003,False
Keita Baldé,FWD,899999.9999999979,1296432.5,1961861.25,396432.5000000021,1.4404805555555589,2.1798458333333386,True
Folarin Balogun,FWD,17999999.999999985,19556650.0,16259143.0,1556650.000000015,1.0864805555555566,0.9032857222222229,False
Jonathan Bamba,FWD,3500000.0000000056,3505226.75,3416597.75,5226.749999994412,1.0014933571428555,0.9761707857142842,False
Lameck Banda,FWD,4500000.000000002,3043445.5,2289015.75,-1456554.5000000019,0.6763212222222219,0.5086701666666664,False
Bradley Barcola,FWD,69999999.99999967,68130520.0,47786824.0,-1869479.9999996722,0.9732931428571474,0.6826689142857175,False
Kike Barja,FWD,1499999.9999999986,2036399.375,2902674.75,536399.3750000014,1.3575995833333345,1.935116500000002,False
Harvey Barnes,FWD,35000000.000000015,44767840.0,48811192.0,9767839.999999985,1.2790811428571423,1.394605485714285,False
Thierno Barry,FWD,20000000.000000015,30310680.0,52043948.0,10310679.999999985,1.5155339999999988,2.602197399999998,True
Michy Batshuayi,FWD,4000000.0000000005,3668919.25,3114323.5,-331080.75000000047,0.9172298124999999,0.778580875,False
Sheraldo Becker,FWD,2499999.9999999953,2380465.25,2752197.0,-119534.74999999534,0.9521861000000018,1.100878800000002,False
Maximilian Beier,FWD,24999999.999999963,26653844.0,26932820.0,1653844.0000000373,1.0661537600000015,1.0773128000000016,False
Andrea Belotti,FWD,2000000.0000000016,2130776.75,2944833.25,130776.74999999837,1.065388374999999,1.4724166249999988,False
Lucas Beltrán,FWD,17999999.999999985,15638979.0,14430487.0,-2361020.999999985,0.8688321666666674,0.8016937222222229,False
Saïd Benrahma,FWD,9999999.999999996,7841687.5,5679397.0,-2158312.4999999963,0.7841687500000003,0.5679397000000002,False
Álex Berenguer,FWD,8999999.999999996,9499806.0,15645394.0,499806.0000000037,1.0555340000000004,1.738377111111112,False
Mergim Berisha,FWD,3500000.0000000056,2682447.0,1544289.75,-817553.0000000056,0.7664134285714274,0.44122564285714216,False
Alexander Bernhardsson,FWD,3000000.000000001,5343905.5,5787189.5,2343905.499999999,1.7813018333333328,1.929063166666666,False
Beto,FWD,22000000.000000007,15071965.0,12031279.0,-6928035.000000007,0.685089318181818,0.546876318181818,False
Mika Biereth,FWD,30000000.00000005,30344520.0,37686940.0,344519.9999999516,1.0114839999999983,1.2562313333333313,False
El Bilal Touré,FWD,15000000.00000001,8249002.0,5656084.5,-6750998.000000009,0.5499334666666663,0.37707229999999975,False
Myron Boadu,FWD,6999999.999999995,6001145.0,6755916.0,-998854.9999999953,0.8573064285714291,0.9651308571428577,False
Augustine Boakye,FWD,2499999.9999999953,2386309.25,2266606.5,-113690.74999999534,0.9545237000000018,0.9066426000000017,False
Victor Boniface,FWD,39999999.999999985,36520816.0,36098092.0,-3479183.999999985,0.9130204000000003,0.9024523000000003,False
Ange-Yoan Bonny,FWD,20000000.000000015,19193760.0,18046798.0,-806240.0000000149,0.9596879999999993,0.9023398999999993,False
Jarrod Bowen,FWD,39999999.999999985,35175156.0,28835018.0,-4824843.999999985,0.8793789000000003,0.7208754500000003,False
Iker Bravo,FWD,3000000.000000001,2815494.75,2326979.0,-184505.25000000093,0.9384982499999998,0.7756596666666664,False
Maximilian Breunig,FWD,1499999.9999999986,1777965.25,2472475.25,277965.2500000014,1.1853101666666677,1.648316833333335,False
Armando Broja,FWD,12000000.000000007,11368087.0,9094339.0,-631913.0000000075,0.9473405833333327,0.7578615833333329,False
David Brooks,FWD,9999999.999999996,15066935.0,18915660.0,5066935.000000004,1.5066935000000006,1.8915660000000007,False
Moritz Broschinski,FWD,2000000.0000000016,2413024.75,3286527.75,413024.74999999837,1.206512374999999,1.6432638749999986,False
Jacob Bruun Larsen,FWD,4999999.999999999,4742042.5,5491939.0,-257957.49999999907,0.9484085000000002,1.0983878000000002,False
Ante Budimir,FWD,4999999.999999999,5608617.5,4680078.5,608617.5000000009,1.1217235000000003,0.9360157000000002,False
Marius Bülter,FWD,2499999.9999999953,3268972.75,3433295.0,768972.7500000047,1.3075891000000024,1.3733180000000025,False
Facundo Buonanotte,FWD,20000000.000000015,15047004.0,9514185.0,-4952996.000000015,0.7523501999999994,0.47570924999999964,False
Jonathan Burkardt,FWD,35000000.000000015,45640356.0,48242064.0,10640355.999999985,1.3040101714285708,1.3783446857142851,False
Oliver Burke,FWD,3000000.000000001,4607059.5,7733694.0,1607059.499999999,1.5356864999999995,2.5778979999999994,True
Rémy Cabella,FWD,2499999.9999999953,2462176.25,2639988.25,-37823.74999999534,0.9848705000000019,1.055995300000002,False
Dominic Calvert-Lewin,FWD,16000000.000000026,14624307.0,11123167.0,-1375693.000000026,0.9140191874999986,0.6951979374999989,False
Nicolò Cambiaghi,FWD,8499999.999999998,10504441.0,12894095.0,2004441.0000000019,1.2358165882352943,1.5169523529411768,False
Sergio Camello,FWD,3000000.000000001,3839783.5,6143299.5,839783.4999999991,1.279927833333333,2.0477664999999994,True
Matteo Cancellieri,FWD,4500000.000000002,4682592.0,4144809.5,182591.99999999814,1.0405759999999995,0.9210687777777774,False
Irvin Cardona,FWD,2499999.9999999953,2566239.75,2227150.25,66239.75000000466,1.026495900000002,0.8908601000000017,False
Irvin Cardona,FWD,2499999.9999999953,3197784.75,4264366.0,697784.7500000047,1.2791139000000025,1.705746400000003,False
Fabio Carvalho,FWD,14000000.00000001,13201985.0,9146073.0,-798015.0000000093,0.942998928571428,0.6532909285714281,False
Josué Casimir,FWD,4000000.0000000005,4375980.0,4726818.0,375979.99999999953,1.0939949999999998,1.1817045,False
Santiago Castro,FWD,35000000.000000015,31548554.0,22770906.0,-3451446.000000015,0.9013872571428567,0.650597314285714,False
Franco Cervi,FWD,800000.0000000005,1024352.1875,2088968.125,224352.18749999953,1.2804402343749992,2.6112101562499985,True
Gabriel Charpentier,FWD,1299999.9999999993,1939232.25,3777651.25,639232.2500000007,1.4917171153846163,2.9058855769230787,True
Walid Cheddira,FWD,2499999.9999999953,2206865.75,1868519.75,-293134.24999999534,0.8827463000000016,0.7474079000000013,False
Sidiki Cherif,FWD,800000.0000000005,1194857.0,2736992.25,394856.99999999953,1.4935712499999991,3.421240312499998,True
Rayan Cherki,FWD,44999999.999999985,49871124.0,55503936.0,4871124.000000015,1.1082472000000003,1.2334208000000004,False
Samuel Chukwueze,FWD,9999999.999999996,9438669.0,10013815.0,-561330.9999999963,0.9438669000000004,1.0013815000000004,False
Jack Clarke,FWD,15000000.00000001,10121772.0,5496791.5,-4878228.000000009,0.6747847999999996,0.36645276666666643,False
Lorenzo Colombo,FWD,4999999.999999999,5597358.5,6594734.5,597358.5000000009,1.1194717000000003,1.3189469000000003,False
Andrea Colpani,FWD,9500000.000000015,10006484.0,11835289.0,506483.9999999851,1.0533141052631563,1.2458198947368402,False
Kingsley Coman,FWD,30000000.00000005,28408772.0,32358798.0,-1591228.0000000484,0.9469590666666652,1.0786265999999982,False
Francisco Conceição,FWD,27999999.99999999,29176418.0,25732142.0,1176418.0000000112,1.042014928571429,0.9190050714285718,False
Tomás Conechny,FWD,1800000.000000004,1981482.375,2552456.75,181482.37499999604,1.1008235416666643,1.4180315277777746,False
Sirlord Conteh,FWD,1499999.9999999986,1749801.25,2316099.5,249801.2500000014,1.1665341666666678,1.5440663333333349,False
Ángel Correa,FWD,9999999.999999996,7860495.5,5347056.0,-2139504.4999999963,0.7860495500000003,0.5347056000000002,False
Joaquín Correa,FWD,3000000.000000001,3500092.5,4375980.0,500092.49999999907,1.1666974999999997,1.4586599999999996,False
Tanguy Coulibaly,FWD,1499999.9999999986,1804628.125,3392800.75,304628.1250000014,1.2030854166666678,2.261867166666669,True
Juan Cruz,FWD,4999999.999999999,5984622.0,7346946.0,984622.0000000009,1.1969244000000003,1.4693892000000002,False
Patrick Cutrone,FWD,6000000.0,7255384.5,7699570.0,1255384.5,1.20923075,1.2832616666666667,False
Tomáš Čvančara,FWD,3000000.000000001,2289050.5,1549253.625,-710949.5000000009,0.7630168333333331,0.5164178749999998,False
Thijs Dallinga,FWD,12000000.000000007,8813998.0,8343915.0,-3186002.0000000075,0.7344998333333329,0.6953262499999996,False
Arnaut Danjuma,FWD,4000000.0000000005,4049405.25,3577215.5,49405.249999999534,1.0123513124999999,0.8943038749999999,False
Jonathan David,FWD,44999999.999999985,44821240.0,50238688.0,-178759.9999999851,0.9960275555555559,1.1164152888888892,False
Keinan Davis,FWD,3400000.000000002,4187229.25,4479659.0,787229.2499999981,1.2315380147058816,1.3175467647058816,False
Zuriko Davitashvili,FWD,9999999.999999996,10321170.0,11820941.0,321170.0000000037,1.0321170000000004,1.1820941000000005,False
Bobby De Cordova-Reid,FWD,2499999.9999999953,2588481.75,1978814.0,88481.75000000466,1.0353927000000018,0.7915256000000015,False
Romain Del Castillo,FWD,6999999.999999995,5655232.0,4488413.0,-1344767.9999999953,0.8078902857142862,0.6412018571428576,False
Liam Delap,FWD,39999999.999999985,33368724.0,20190726.0,-6631275.999999985,0.8342181000000003,0.5047681500000002,False
Andy Delort,FWD,1499999.9999999986,1273042.5,724307.25,-226957.4999999986,0.8486950000000008,0.48287150000000045,False
Ousmane Dembélé,FWD,90000000.00000004,90446976.0,69301688.0,446975.9999999553,1.0049663999999996,0.7700187555555552,False
Ermedin Demirović,FWD,22000000.000000007,21027174.0,17216204.0,-972826.0000000075,0.9557806363636361,0.782554727272727,False
Mamadou Diakhon,FWD,3000000.000000001,3328968.0,3687686.5,328967.99999999907,1.1096559999999998,1.229228833333333,False
Oumar Diakité,FWD,6000000.0,4227034.0,4213889.0,-1772966.0,0.7045056666666667,0.7023148333333333,False
Assane Diao,FWD,30000000.00000005,26224254.0,17032808.0,-3775746.0000000484,0.8741417999999986,0.5677602666666658,False
Assane Diao,FWD,30000000.00000005,24647768.0,3998173.0,-5352232.000000048,0.8215922666666653,0.1332724333333331,False
Brahim Díaz,FWD,39999999.999999985,32398508.0,30520688.0,-7601491.999999985,0.8099627000000003,0.7630172000000003,False
Luis Díaz,FWD,69999999.99999967,67998488.0,46694268.0,-2001511.9999996722,0.971406971428576,0.6670609714285746,False
Tyler Dibling,FWD,24999999.999999963,21708928.0,15484783.0,-3291071.9999999627,0.8683571200000013,0.619391320000001,False
Bamba Dieng,FWD,3000000.000000001,2845983.75,1943794.5,-154016.25000000093,0.9486612499999997,0.6479314999999998,False
Álvaro djaló,FWD,4999999.999999999,4407854.0,4237653.5,-592145.9999999991,0.8815708000000002,0.8475307000000002,False
Ritsu Doan,FWD,24999999.999999963,26006134.0,28649558.0,1006134.0000000373,1.0402453600000015,1.1459823200000017,False
Jeremy Doku,FWD,50000000.00000009,48422380.0,45121280.0,-1577620.0000000894,0.9684475999999983,0.9024255999999984,False
Marc Domenech,FWD,999999.9999999997,1117964.5,2264595.0,117964.50000000035,1.1179645000000005,2.264595000000001,True
Benjamín Domínguez,FWD,15000000.00000001,15962464.0,16101596.0,962463.9999999907,1.064164266666666,1.0734397333333328,False
Désiré Doué,FWD,90000000.00000004,68187200.0,57202720.0,-21812800.000000045,0.7576355555555552,0.6355857777777775,False
Anastasios Douvikas,FWD,9999999.999999996,9830119.0,8982731.0,-169880.99999999627,0.9830119000000004,0.8982731000000004,False
Anastasios Douvikas,FWD,9999999.999999996,4764804.0,4231289.5,-5235195.999999996,0.4764804000000002,0.42312895000000017,False
Artem Dovbyk,FWD,30000000.00000005,35553900.0,35359132.0,5553899.999999952,1.185129999999998,1.1786377333333313,False
Marvin Ducksch,FWD,6000000.0,6852986.5,9210847.0,852986.5,1.1421644166666667,1.5351411666666666,False
Pablo Durán,FWD,3500000.0000000056,7496840.0,10732524.0,3996839.9999999944,2.141954285714282,3.0664354285714235,True
Julien Duranville,FWD,8499999.999999998,7506269.0,3563095.75,-993730.9999999981,0.8830904705882355,0.41918773529411774,False
Hugo Duro,FWD,14000000.00000001,8661641.0,6100109.5,-5338359.000000009,0.6186886428571424,0.43572210714285686,False
Paulo Dybala,FWD,8000000.000000002,6214280.5,5583454.5,-1785719.5000000019,0.7767850624999998,0.6979318124999998,False
Johannes Eggestein,FWD,2499999.9999999953,4137850.5,4640001.5,1637850.5000000047,1.655140200000003,1.8560006000000036,False
Chidera Ejuke,FWD,4000000.0000000005,4093795.0,3949844.5,93794.99999999953,1.0234487499999998,0.9874611249999999,False
Jeff Ekhator,FWD,4999999.999999999,3656198.0,3362730.25,-1343801.999999999,0.7312396000000001,0.6725460500000001,False
Hugo Ekitike,FWD,75000000.0000003,80970752.0,66824732.0,5970751.999999702,1.0796100266666624,0.8909964266666631,False
Caleb Ekuban,FWD,1299999.9999999993,1857566.125,2514016.0,557566.1250000007,1.42889701923077,1.9338584615384626,False
Anthony Elanga,FWD,42000000.00000003,46034480.0,60987756.0,4034479.99999997,1.0960590476190468,1.4520894285714276,False
Elif Elmas,FWD,14000000.00000001,7982209.5,7218199.0,-6017790.500000009,0.5701578214285711,0.5155856428571425,False
Adri Embarba,FWD,1200000.0000000005,1686851.75,2344107.25,486851.74999999953,1.405709791666666,1.9534227083333326,False
Breel Embolo,FWD,12000000.000000007,15964321.0,22344494.0,3964320.9999999925,1.3303600833333324,1.8620411666666654,False
Endrick,FWD,35000000.000000015,22178728.0,9938446.0,-12821272.000000015,0.6336779428571426,0.28395559999999986,False
Sebastiano Esposito,FWD,8499999.999999998,9077997.0,9032056.0,577997.0000000019,1.0679996470588238,1.062594823529412,False
Samuel Essende,FWD,4500000.000000002,5768372.0,6730880.0,1268371.9999999981,1.281860444444444,1.4957511111111106,False
Evanilson,FWD,35000000.000000015,37424124.0,32022276.0,2424123.999999985,1.0692606857142852,0.914922171428571,False
Abde Ezzalzouli,FWD,12000000.000000007,10463229.0,10507307.0,-1536771.0000000075,0.8719357499999995,0.8756089166666661,False
Alieu Fadera,FWD,4500000.000000002,5234790.5,7030791.5,734790.4999999981,1.1632867777777773,1.5623981111111105,False
João Félix,FWD,20000000.000000015,22276110.0,19884714.0,2276109.999999985,1.1138054999999991,0.9942356999999993,False
Roberto Férnandez,FWD,6000000.0,8132017.5,8110726.0,2132017.5,1.35533625,1.3517876666666666,False
Matias Fernandez-Pardo,FWD,15000000.00000001,16401862.0,24342312.0,1401861.9999999907,1.0934574666666659,1.622820799999999,False
Daniel Fila,FWD,3000000.000000001,3247832.75,3595229.0,247832.74999999907,1.0826109166666664,1.1984096666666664,False
Malick Fofana,FWD,30000000.00000005,25554744.0,26499490.0,-4445256.000000048,0.8518247999999986,0.8833163333333319,False
Michael Folorunsho,FWD,6000000.0,4227244.0,2709166.5,-1772756.0,0.7045406666666667,0.45152775,False
Ryan Fraser,FWD,2000000.0000000016,2075092.875,2789199.75,75092.87499999837,1.0375464374999992,1.3945998749999988,False
Jorge de Frutos,FWD,4000000.0000000005,6355850.5,8640075.0,2355850.4999999995,1.5889626249999997,2.16001875,True
Niclas Füllkrug,FWD,9999999.999999996,6979671.0,5265859.5,-3020328.9999999963,0.6979671000000003,0.5265859500000002,False
Manuel Fuster,FWD,1499999.9999999986,1997446.125,2517161.25,497446.1250000014,1.3316307500000013,1.6781075000000016,False
Cody Gakpo,FWD,69999999.99999967,61929036.0,52937684.0,-8070963.999999672,0.8847005142857184,0.7562526285714322,False
Álvaro García,FWD,2000000.0000000016,2352584.0,3248542.25,352583.99999999837,1.176291999999999,1.6242711249999986,False
Rubén García,FWD,2000000.0000000016,2489257.0,3368164.0,489256.99999999837,1.244628499999999,1.6840819999999985,False
Bryan Gil,FWD,15000000.00000001,13463347.0,13986027.0,-1536653.0000000093,0.8975564666666661,0.9324017999999994,False
Santiago Giménez,FWD,30000000.00000005,18760048.0,10925329.0,-11239952.000000048,0.6253349333333323,0.36417763333333275,False
Jamie Gittens,FWD,50000000.00000009,45899900.0,32798174.0,-4100100.0000000894,0.9179979999999983,0.6559634799999988,False
Serge Gnabry,FWD,22000000.000000007,28629782.0,30039314.0,6629781.999999993,1.301353727272727,1.365423363636363,False
Nicolás González,FWD,24000000.0,17285928.0,14682077.0,-6714072.0,0.720247,0.6117532083333334,False
Anthony Gordon,FWD,65000000.00000007,59441272.0,60293900.0,-5558728.000000067,0.9144811076923067,0.9275984615384606,False
Amine Gouiri,FWD,30000000.00000005,36138252.0,44504768.0,6138251.999999952,1.2046083999999981,1.4834922666666643,False
Jack Grealish,FWD,27999999.99999999,21082956.0,9226919.0,-6917043.999999989,0.7529627142857146,0.32953282142857154,False
Mason Greenwood,FWD,39999999.999999985,58071956.0,97659680.0,18071956.000000015,1.4517989000000004,2.441492000000001,True
Michael Gregoritsch,FWD,3000000.000000001,2231638.5,1976952.25,-768361.5000000009,0.7438794999999998,0.6589840833333331,False
Antoine Griezmann,FWD,17999999.999999985,16717578.0,14406286.0,-1282421.999999985,0.9287543333333341,0.8003492222222229,False
Vincenzo Grifo,FWD,6000000.0,6978147.0,7870202.0,978147.0,1.1630245,1.3117003333333332,False
Marco Grüll,FWD,4000000.0000000005,6218596.5,8051914.5,2218596.4999999995,1.5546491249999999,2.0129786249999997,True
Sergi Guardiola,FWD,800000.0000000005,976041.75,1370280.25,176041.74999999953,1.2200521874999992,1.712850312499999,False
Evann Guessand,FWD,24999999.999999963,34445172.0,58256448.0,9445172.000000037,1.377806880000002,2.3302579200000033,True
Morgan Guilavogui,FWD,4000000.0000000005,5316212.5,7362250.0,1316212.4999999995,1.329053125,1.8405624999999999,False
Serhou Guirassy,FWD,44999999.999999985,39396636.0,35346524.0,-5603363.999999985,0.8754808000000003,0.7854783111111113,False
Gorka Guruzeta,FWD,8999999.999999996,10688500.0,14113665.0,1688500.0000000037,1.1876111111111116,1.5681850000000006,False
Albert Guðmundsson,FWD,17999999.999999985,16219187.0,15083670.0,-1780812.999999985,0.9010659444444452,0.8379816666666674,False
Erling Haaland,FWD,179999999.9999997,109678864.0,56474104.0,-70321135.9999997,0.6093270222222232,0.3137450222222227,False
Robin Hack,FWD,12000000.000000007,14398649.0,19030014.0,2398648.9999999925,1.199887416666666,1.585834499999999,False
Munir El Haddadi,FWD,2499999.9999999953,2966178.5,3975277.25,466178.50000000466,1.1864714000000023,1.5901109000000029,False
Sébastien Haller,FWD,3000000.000000001,1871010.75,475887.0625,-1128989.250000001,0.6236702499999998,0.15862902083333327,False
Jack Harrison,FWD,14000000.00000001,12487521.0,7672529.5,-1512479.0000000093,0.8919657857142851,0.548037821428571,False
Kai Havertz,FWD,65000000.00000007,63169752.0,54241356.0,-1830248.000000067,0.9718423384615374,0.8344823999999992,False
Son Heung-min,FWD,20000000.000000015,18918078.0,12510193.0,-1081922.000000015,0.9459038999999992,0.6255096499999996,False
George Hirst,FWD,4000000.0000000005,5031033.0,7823028.5,1031032.9999999995,1.2577582499999997,1.9557571249999999,False
Adam Hložek,FWD,17999999.999999985,13621035.0,11535618.0,-4378964.999999985,0.7567241666666673,0.6408676666666672,False
Philipp Hofmann,FWD,999999.9999999997,1431086.875,2495344.0,431086.87500000035,1.4310868750000005,2.4953440000000007,True
Lucas Höler,FWD,3000000.000000001,2988159.75,2783401.75,-11840.250000000931,0.9960532499999997,0.927800583333333,False
Benedict Hollerbach,FWD,12000000.000000007,14188430.0,17520606.0,2188429.9999999925,1.182369166666666,1.460050499999999,False
Franck Honorat,FWD,12000000.000000007,12144111.0,13990136.0,144110.99999999255,1.0120092499999993,1.165844666666666,False
Mathias Honsak,FWD,2000000.0000000016,2125135.25,2378956.25,125135.24999999837,1.0625676249999991,1.189478124999999,False
Callum Hudson-Odoi,FWD,24999999.999999963,29211832.0,30257020.0,4211832.000000037,1.1684732800000017,1.2102808000000018,False
Rasmus Højlund,FWD,35000000.000000015,29820502.0,20810324.0,-5179498.000000015,0.8520143428571425,0.5945806857142855,False
Stanis Idumbo,FWD,2499999.9999999953,2722684.25,3153676.75,222684.25000000466,1.089073700000002,1.2614707000000023,False
Borja Iglesias,FWD,3000000.000000001,3483040.5,4459412.5,483040.49999999907,1.1610134999999997,1.486470833333333,False
Kelechi Iheanacho,FWD,4500000.000000002,2879473.5,1909099.875,-1620526.5000000019,0.6398829999999998,0.4242444166666665,False
Jonathan Ikone,FWD,6999999.999999995,7661941.5,6442016.5,661941.5000000047,1.0945630714285721,0.920288071428572,False
Jonathan Ikone,FWD,6999999.999999995,5608317.5,3309478.25,-1391682.4999999953,0.8011882142857149,0.47278260714285747,False
George Ilenikhena,FWD,15000000.00000001,13845382.0,15328627.0,-1154618.0000000093,0.9230254666666661,1.021908466666666,False
Andrej Ilic,FWD,4000000.0000000005,4818180.0,5367569.0,818179.9999999995,1.2045449999999998,1.34189225,False
Danny Ings,FWD,6000000.0,5393379.0,3156357.5,-606621.0,0.8988965,0.5260595833333334,False
Alexander Isak,FWD,119999999.9999999,105022440.0,85075888.0,-14977559.999999896,0.8751870000000007,0.7089657333333339,False
Gustav Isaksen,FWD,20000000.000000015,18962586.0,21450774.0,-1037414.0000000149,0.9481292999999993,1.0725386999999993,False
Junya Ito,FWD,6000000.0,4072599.75,2841246.0,-1927400.25,0.678766625,0.473541,False
Alex Iwobi,FWD,27999999.99999999,23134084.0,20599048.0,-4865915.999999989,0.8262172857142861,0.735680285714286,False
Nicolas Jackson,FWD,50000000.00000009,59443196.0,64664820.0,9443195.99999991,1.188863919999998,1.2932963999999978,False
Gabriel Jesus,FWD,31999999.999999955,28043492.0,30784892.0,-3956507.9999999553,0.8763591250000012,0.9620278750000013,False
Raúl Jiménez,FWD,4999999.999999999,4710604.0,2903569.0,-289395.99999999907,0.9421208000000002,0.5807138000000001,False
João Pedro,FWD,50000000.00000009,46217476.0,38242692.0,-3782524.0000000894,0.9243495199999984,0.7648538399999987,False
Brennan Johnson,FWD,39999999.999999985,33762580.0,32402216.0,-6237419.999999985,0.8440645000000003,0.8100554000000003,False
Jota,FWD,8000000.000000002,6480232.0,5780531.5,-1519768.0000000019,0.8100289999999998,0.7225664374999998,False
Diogo Jota,FWD,39999999.999999985,36865148.0,32712270.0,-3134851.999999985,0.9216287000000003,0.8178067500000004,False
Luka Jović,FWD,4500000.000000002,4139847.75,4650429.5,-360152.25000000186,0.9199661666666663,1.0334287777777773,False
Juanmi,FWD,2000000.0000000016,1857116.25,1945337.5,-142883.75000000163,0.9285581249999992,0.9726687499999992,False
Vinicius Júnior,FWD,169999999.99999988,134449040.0,106705608.0,-35550959.99999988,0.7908767058823535,0.627680047058824,False
Arnaud Kalimuendo,FWD,22000000.000000007,17949238.0,16376417.0,-4050762.0000000075,0.8158744545454543,0.7443825909090906,False
Harry Kane,FWD,75000000.0000003,45881956.0,18132262.0,-29118044.000000298,0.611759413333331,0.24176349333333239,False
Lee Kang-in,FWD,24999999.999999963,30696004.0,22022466.0,5696004.000000037,1.2278401600000017,0.8808986400000013,False
Jesper Karlsson,FWD,4000000.0000000005,4039115.0,3854911.25,39114.999999999534,1.00977875,0.9637278124999998,False
Jesper Karlsson,FWD,4000000.0000000005,3362425.5,2457189.25,-637574.5000000005,0.8406063749999999,0.6142973125,False
Mikkel Kaufmann,FWD,1200000.0000000005,1293279.875,1056440.375,93279.87499999953,1.0777332291666661,0.8803669791666663,False
Moise Kean,FWD,50000000.00000009,49799072.0,36859312.0,-200928.0000000894,0.9959814399999982,0.7371862399999987,False
Wahbi Khazri,FWD,999999.9999999997,946550.8125,1124040.0,-53449.18749999965,0.9465508125000003,1.1240400000000004,False
Joshua King,FWD,1800000.000000004,1980373.375,3450027.75,180373.37499999604,1.1002074305555531,1.9166820833333291,False
Tim Kleindienst,FWD,16999999.999999974,15153049.0,13394191.0,-1846950.999999974,0.8913558235294131,0.7878935882352953,False
Randal Kolo Muani,FWD,30000000.00000005,27353924.0,18422898.0,-2646076.0000000484,0.9117974666666652,0.614096599999999,False
Randal Kolo Muani,FWD,30000000.00000005,23301522.0,11668302.0,-6698478.000000048,0.7767173999999988,0.3889433999999994,False
Christian Kouamé,FWD,4000000.0000000005,5927797.0,8344360.5,1927796.9999999995,1.4819492499999998,2.0860901249999997,True
Christian Kouamé,FWD,4000000.0000000005,3737830.0,2752690.5,-262170.00000000047,0.9344574999999999,0.6881726249999999,False
Goduine Koyalipou,FWD,2499999.9999999953,3637903.25,6498284.5,1137903.2500000047,1.4551613000000028,2.599313800000005,True
Nikola Krstović,FWD,15000000.00000001,14511413.0,14559209.0,-488587.0000000093,0.9674275333333328,0.9706139333333327,False
Mohammed Kudus,FWD,44999999.999999985,37393088.0,25813844.0,-7606911.999999985,0.8309575111111114,0.573640977777778,False
Khvicha Kvaratskhelia,FWD,90000000.00000004,64028096.0,39283860.0,-25971904.000000045,0.7114232888888885,0.4364873333333331,False
Khvicha Kvaratskhelia,FWD,90000000.00000004,61321004.0,29925112.0,-28678996.000000045,0.6813444888888885,0.3325012444444443,False
Rémy Labeau Lascary,FWD,2000000.0000000016,4648102.0,8430660.0,2648101.999999998,2.324050999999998,4.215329999999996,True
Gaëtan Laborde,FWD,9999999.999999996,10912437.0,17432472.0,912437.0000000037,1.0912437000000004,1.7432472000000006,False
Alexandre Lacazette,FWD,6000000.0,7049261.5,11768568.0,1049261.5,1.1748769166666666,1.961428,False
Gianluca Lapadula,FWD,749999.9999999984,889086.0,1514023.375,139086.00000000163,1.1854480000000025,2.018697833333338,True
Cyle Larin,FWD,3500000.0000000056,2760148.25,2168635.5,-739851.7500000056,0.7886137857142844,0.6196101428571419,False
Juanmi Latasa,FWD,2000000.0000000016,1802165.375,1588068.125,-197834.62500000163,0.9010826874999993,0.7940340624999993,False
Rafael Leão,FWD,69999999.99999967,52474748.0,46221088.0,-17525251.999999672,0.7496392571428606,0.6603012571428603,False
Esteban Lepaul,FWD,6999999.999999995,6411897.5,3923878.75,-588102.4999999953,0.9159853571428578,0.5605541071428575,False
Robert Lewandowski,FWD,12000000.000000007,12536922.0,19436574.0,536921.9999999925,1.0447434999999994,1.619714499999999,False
Jesper Lindstrøm,FWD,17999999.999999985,12875442.0,9007815.0,-5124557.999999985,0.7153023333333339,0.5004341666666671,False
Dailon Livramento,FWD,800000.0000000005,1264190.0,1911340.625,464189.99999999953,1.580237499999999,2.3891757812499987,True
Marin Ljubicic,FWD,4000000.0000000005,3755355.5,5103598.0,-244644.50000000047,0.9388388749999999,1.2758994999999997,False
Fer López,FWD,4999999.999999999,6088729.5,6981002.5,1088729.500000001,1.2177459000000002,1.3962005000000002,False
Iker Losada,FWD,1499999.9999999986,2272628.0,5801540.0,772628.0000000014,1.5150853333333347,3.867693333333337,True
Lorenzo Lucca,FWD,22000000.000000007,14483071.0,6145315.5,-7516929.000000007,0.6583214090909089,0.27933252272727266,False
Romelu Lukaku,FWD,22000000.000000007,21091080.0,22101534.0,-908920.0000000075,0.9586854545454542,1.0046151818181814,False
Dodi Lukebakio,FWD,20000000.000000015,22410608.0,24891974.0,2410607.999999985,1.1205303999999991,1.2445986999999992,False
Zito Luvumbo,FWD,4999999.999999999,6297536.5,6457560.5,1297536.500000001,1.2595073000000003,1.2915121000000003,False
Othmane Maamma,FWD,300000.0000000003,453625.8125,2699474.25,153625.8124999997,1.5120860416666653,8.99824749999999,True
Shuto Machino,FWD,4999999.999999999,5689876.0,9088270.0,689876.0000000009,1.1379752000000003,1.8176540000000003,False
Noni Madueke,FWD,39999999.999999985,53664568.0,48717344.0,13664568.000000015,1.3416142000000004,1.2179336000000005,False
Frank Magri,FWD,3000000.000000001,4008446.75,5090614.0,1008446.7499999991,1.3361489166666662,1.6968713333333327,False
Donyell Malen,FWD,24999999.999999963,25433566.0,16411062.0,433566.00000003725,1.0173426400000014,0.6564424800000009,False
Donyell Malen,FWD,24999999.999999963,17767382.0,11616938.0,-7232617.999999963,0.710695280000001,0.4646775200000007,False
Dennis Man,FWD,9999999.999999996,8071035.0,7213100.0,-1928964.9999999963,0.8071035000000003,0.7213100000000002,False
Johan Manzambi,FWD,8000000.000000002,8440926.0,10600306.0,440925.99999999814,1.0551157499999997,1.3250382499999998,False
Sekou Mara,FWD,4999999.999999999,3280988.0,2175361.25,-1719011.999999999,0.6561976000000002,0.4350722500000001,False
Mirko Marić,FWD,700000.0000000006,1010833.0,885085.3125,310832.9999999994,1.4440471428571418,1.2644075892857132,False
Omar Marmoush,FWD,75000000.0000003,65993692.0,51593260.0,-9006308.000000298,0.8799158933333299,0.6879101333333306,False
Omar Marmoush,FWD,75000000.0000003,80378184.0,62954208.0,5378183.999999702,1.0717091199999957,0.8393894399999967,False
Carlos Martín,FWD,2800000.000000002,2309744.75,1986867.625,-490255.25000000186,0.8249088392857138,0.7095955803571424,False
Gabriel Martinelli,FWD,55000000.000000075,61067256.0,69844296.0,6067255.9999999255,1.110313745454544,1.2698962909090892,False
Lautaro Martínez,FWD,94999999.99999987,74288200.0,55447536.0,-20711799.999999866,0.78198105263158,0.5836582736842113,False
Toni Martínez,FWD,2499999.9999999953,2292793.25,1548785.25,-207206.74999999534,0.9171173000000017,0.6195141000000012,False
Giorgos Masouras,FWD,2000000.0000000016,2548217.5,3616205.0,548217.4999999984,1.274108749999999,1.8081024999999986,False
Jaime Mata,FWD,899999.9999999979,849446.0625,725380.125,-50553.937499997905,0.9438289583333356,0.8059779166666685,False
Igor Matanovic,FWD,4999999.999999999,5402769.0,9123702.0,402769.00000000093,1.0805538000000001,1.8247404000000003,False
Jean-Philippe Mateta,FWD,30000000.00000005,31536642.0,20930262.0,1536641.9999999516,1.0512213999999982,0.6976753999999988,False
Neal Maupay,FWD,8000000.000000002,7446434.5,7456013.5,-553565.5000000019,0.9308043124999997,0.9320016874999998,False
Stephy Mavididi,FWD,9999999.999999996,11152377.0,12896604.0,1152377.0000000037,1.1152377000000004,1.2896604000000005,False
Borja Mayoral,FWD,7500000.000000002,5123465.5,3620815.25,-2376534.500000002,0.6831287333333331,0.48277536666666654,False
Samuel Mbangula,FWD,14000000.00000001,10950217.0,10360143.0,-3049783.0000000093,0.7821583571428566,0.7400102142857138,False
Kylian Mbappé,FWD,179999999.9999997,152441984.0,90937208.0,-27558015.999999702,0.8468999111111125,0.5052067111111119,False
Ibrahim Mbaye,FWD,3000000.000000001,4807348.0,15369350.0,1807347.999999999,1.6024493333333327,5.123116666666665,True
Bryan Mbeumo,FWD,55000000.000000075,54349888.0,42229920.0,-650112.0000000745,0.9881797818181804,0.7678167272727262,False
Kasey McAteer,FWD,2000000.0000000016,3728527.0,9907558.0,1728526.9999999984,1.8642634999999985,4.953778999999996,True
Oliver McBurnie,FWD,2499999.9999999953,2515140.75,2267309.25,15140.750000004657,1.0060563000000018,0.9069237000000017,False
Mohamed Meité,FWD,1200000.0000000005,1863567.125,3444399.5,663567.1249999995,1.552972604166666,2.8703329166666656,True
Valentin Mihaila,FWD,3000000.000000001,4893150.0,4892254.0,1893149.999999999,1.6310499999999994,1.6307513333333328,False
Georges Mikautadze,FWD,22000000.000000007,24764728.0,28146432.0,2764727.9999999925,1.1256694545454542,1.2793832727272723,False
Yankuba Minteh,FWD,30000000.00000005,28918406.0,22809376.0,-1081594.0000000484,0.9639468666666651,0.7603125333333322,False
Bojan Miovski,FWD,2499999.9999999953,3244504.75,3932161.25,744504.7500000047,1.2978019000000025,1.572864500000003,False
Rafa Mir,FWD,800000.0000000005,1731224.0,3232308.75,931223.9999999995,2.1640299999999986,4.040385937499997,True
Kaoru Mitoma,FWD,39999999.999999985,36253064.0,29648714.0,-3746935.999999985,0.9063266000000003,0.7412178500000003,False
Koji Miyoshi,FWD,1499999.9999999986,1576558.875,1395502.125,76558.8750000014,1.051039250000001,0.9303347500000009,False
Max Moerstedt,FWD,6999999.999999995,4176839.75,2851876.75,-2823160.2499999953,0.5966913928571432,0.40741096428571455,False
Mostafa Mohamed,FWD,4999999.999999999,3001964.25,2262421.25,-1998035.749999999,0.6003928500000001,0.4524842500000001,False
Alberto Moleiro,FWD,24999999.999999963,22959526.0,17408250.0,-2040473.9999999627,0.9183810400000013,0.696330000000001,False
Mikey Moore,FWD,17999999.999999985,15378616.0,4665947.0,-2621383.999999985,0.8543675555555562,0.259219277777778,False
Álvaro Morata,FWD,11000000.000000013,7387175.5,5087416.0,-3612824.500000013,0.6715614090909083,0.4624923636363631,False
Gerard Moreno,FWD,4000000.0000000005,4299943.5,3614360.25,299943.49999999953,1.0749858749999999,0.9035900624999998,False
Tete Morente,FWD,2000000.0000000016,2200550.25,3077465.25,200550.24999999837,1.1002751249999991,1.5387326249999989,False
Daniel Mosquera,FWD,1499999.9999999986,2040106.25,2501047.5,540106.2500000014,1.3600708333333347,1.6673650000000015,False
Dany Mota,FWD,4999999.999999999,6036946.5,5216322.0,1036946.5000000009,1.2073893000000002,1.0432644000000002,False
Steve Mounié,FWD,2000000.0000000016,1822219.625,1662525.0,-177780.37500000163,0.9111098124999992,0.8312624999999993,False
Rodrigo Muniz,FWD,20000000.000000015,19235650.0,20057536.0,-764350.0000000149,0.9617824999999993,1.0028767999999992,False
Vedat Muriqi,FWD,4999999.999999999,3787412.5,3496036.0,-1212587.499999999,0.7574825000000002,0.6992072000000001,False
Jacob Murphy,FWD,16000000.000000026,15278072.0,15589452.0,-721928.0000000261,0.9548794999999984,0.9743407499999984,False
Konan N'dri,FWD,1400000.0000000033,1638238.25,2354628.75,238238.24999999674,1.1701701785714258,1.6818776785714247,False
Keito Nakamura,FWD,8000000.000000002,7872529.0,9746126.0,-127471.00000000186,0.9840661249999998,1.2182657499999998,False
Jesús Navas,FWD,2499999.9999999953,2372444.75,1775169.75,-127555.24999999534,0.9489779000000018,0.7100679000000013,False
Iliman Ndiaye,FWD,22000000.000000007,23261292.0,21547672.0,1261291.9999999925,1.0573314545454542,0.9794396363636361,False
Junior Ndiaye,FWD,50000.000000000015,117202.3984375,1169251.5,67202.39843749999,2.344047968749999,23.385029999999993,True
Dan Ndoye,FWD,35000000.000000015,45851072.0,47832508.0,10851071.999999985,1.310030628571428,1.366643085714285,False
Reiss Nelson,FWD,16000000.000000026,19719474.0,24492134.0,3719473.999999974,1.2324671249999979,1.5307583749999976,False
David Neres,FWD,30000000.00000005,26423984.0,17167870.0,-3576016.0000000484,0.8807994666666652,0.5722623333333324,False
Pedro Neto,FWD,50000000.00000009,45580244.0,39828048.0,-4419756.000000089,0.9116048799999984,0.7965609599999985,False
Steve Ngoura,FWD,800000.0000000005,873691.5625,1857266.75,73691.56249999953,1.0921144531249993,2.321583437499999,True
Justin Njinmah,FWD,6999999.999999995,6398434.5,6391275.0,-601565.4999999953,0.914062071428572,0.9130392857142863,False
Eddie Nketiah,FWD,17999999.999999985,19818300.0,16702853.0,1818300.000000015,1.1010166666666676,0.9279362777777785,False
Christopher Nkunku,FWD,35000000.000000015,31657174.0,27337702.0,-3342826.000000015,0.9044906857142854,0.7810771999999997,False
Lukas Nmecha,FWD,3000000.000000001,3225851.0,4530454.5,225850.99999999907,1.0752836666666663,1.5101514999999994,False
Arnaud Nordin,FWD,4999999.999999999,4499865.0,3014127.75,-500134.99999999907,0.8999730000000001,0.6028255500000002,False
Tijjani Noslin,FWD,7500000.000000002,8091828.5,8086490.0,591828.4999999981,1.0789104666666665,1.0781986666666663,False
Randy Nteka,FWD,1499999.9999999986,2092615.0,2682257.75,592615.0000000014,1.395076666666668,1.788171833333335,False
Ernest Nuamah,FWD,15000000.00000001,12946216.0,12900147.0,-2053784.0000000093,0.8630810666666662,0.8600097999999995,False
Darwin Núñez,FWD,44999999.999999985,38573816.0,29302850.0,-6426183.999999985,0.8571959111111114,0.6511744444444446,False
Ethan Nwaneri,FWD,55000000.000000075,52377156.0,30709766.0,-2622844.0000000745,0.952311927272726,0.558359381818181,False
M'Bala Nzola,FWD,6000000.0,6558501.5,8793571.0,558501.5,1.0930835833333334,1.4655951666666667,False
Wilson Odobert,FWD,20000000.000000015,21510674.0,16499319.0,1510673.999999985,1.0755336999999991,0.8249659499999994,False
Noah Okafor,FWD,13000000.000000013,9489230.0,7189303.5,-3510770.000000013,0.7299407692307684,0.5530233461538456,False
Ben Old,FWD,700000.0000000006,1110736.875,1965872.875,410736.8749999994,1.586766964285713,2.808389821428569,True
Michael Olise,FWD,99999999.99999991,99583944.0,89493376.0,-416055.9999999106,0.9958394400000009,0.8949337600000008,False
Paul Onuachu,FWD,6000000.0,4623640.0,3083955.25,-1376360.0,0.7706066666666667,0.5139925416666666,False
Loïs Openda,FWD,50000000.00000009,37913980.0,28657154.0,-12086020.00000009,0.7582795999999986,0.573143079999999,False
Gift Orban,FWD,9999999.999999996,6854098.0,3710631.0,-3145901.9999999963,0.6854098000000003,0.37106310000000015,False
Gaetano Oristanio,FWD,6000000.0,5729205.5,5766496.5,-270794.5,0.9548675833333333,0.96108275,False
Riccardo Orsolini,FWD,24999999.999999963,27322430.0,31642806.0,2322430.0000000373,1.0928972000000017,1.2657122400000018,False
Dango Ouattara,FWD,27999999.99999999,32199646.0,35555324.0,4199646.000000011,1.1499873571428576,1.2698330000000004,False
Mikel Oyarzabal,FWD,24999999.999999963,13338410.0,6899178.0,-11661589.999999963,0.5335364000000008,0.2759671200000004,False
Leonardo Pavoletti,FWD,700000.0000000006,798890.5625,1274849.0,98890.56249999942,1.1412722321428561,1.8212128571428556,False
Nicolas Pays,FWD,700000.0000000006,862371.25,1146032.625,162371.24999999942,1.2319589285714276,1.637189464285713,False
Pietro Pellegri,FWD,3000000.000000001,3113818.5,3564258.25,113818.49999999907,1.0379394999999996,1.1880860833333329,False
Mateo Pellegrino,FWD,6000000.0,5067282.5,3337315.5,-932717.5,0.8445470833333333,0.55621925,False
Rubén Peña,FWD,1200000.0000000005,1195977.625,1206580.375,-4022.3750000004657,0.9966480208333329,1.005483645833333,False
Nicolas Pépé,FWD,6000000.0,5346240.0,4468574.0,-653760.0,0.89104,0.7447623333333333,False
Mathias Pereira Lage,FWD,2499999.9999999953,3165032.75,5872049.0,665032.7500000047,1.2660131000000023,2.3488196000000046,True
Ayoze Pérez,FWD,9999999.999999996,13579323.0,27542184.0,3579323.0000000037,1.3579323000000005,2.754218400000001,True
Francisco Perez,FWD,499999.99999999977,746426.75,2906977.0,246426.75000000023,1.4928535000000007,5.8139540000000025,True
Andrea Petagna,FWD,999999.9999999997,968016.75,608918.75,-31983.24999999965,0.9680167500000003,0.6089187500000002,False
Roberto Piccoli,FWD,12000000.000000007,14886146.0,22399026.0,2886145.9999999925,1.2405121666666659,1.866585499999999,False
Benedikt Pichler,FWD,1499999.9999999986,1564618.25,1832008.875,64618.2500000014,1.0430788333333343,1.221339250000001,False
Marvin Pieringer,FWD,5500000.000000001,5513933.5,5897466.0,13933.499999999069,1.0025333636363634,1.0722665454545453,False
Santiago Pierotti,FWD,4000000.0000000005,4382035.0,4389099.5,382034.99999999953,1.0955087499999998,1.0972748749999999,False
Andrea Pinamonti,FWD,15000000.00000001,12102097.0,9665155.0,-2897903.0000000093,0.8068064666666661,0.6443436666666663,False
Matteo Politano,FWD,9999999.999999996,12550176.0,20116384.0,2550176.0000000037,1.2550176000000004,2.0116384000000007,True
Portu,FWD,1800000.000000004,1546920.875,1282759.125,-253079.12500000396,0.8594004861111092,0.7126439583333317,False
Yussuf Poulsen,FWD,4999999.999999999,3507219.5,2299531.25,-1492780.499999999,0.7014439000000001,0.45990625000000007,False
Abdón Prats,FWD,1200000.0000000005,1440569.25,2195345.75,240569.24999999953,1.2004743749999995,1.829454791666666,False
Javi Puado,FWD,9999999.999999996,12064116.0,14872836.0,2064116.0000000037,1.2064116000000005,1.4872836000000005,False
Christian Pulisic,FWD,50000000.00000009,47434480.0,53885908.0,-2565520.0000000894,0.9486895999999984,1.077718159999998,False
Dani Raba,FWD,2499999.9999999953,3048764.5,6117418.0,548764.5000000047,1.2195058000000023,2.4469672000000044,True
Sandro Ramírez,FWD,1499999.9999999986,2039474.125,5949448.5,539474.1250000014,1.359649416666668,3.966299000000004,True
Gonçalo Ramos,FWD,39999999.999999985,34105288.0,27272394.0,-5894711.999999985,0.8526322000000003,0.6818098500000003,False
Jacob Ramsey,FWD,31999999.999999955,27661480.0,14658265.0,-4338519.999999955,0.8644212500000013,0.4580707812500006,False
Raphinha,FWD,90000000.00000004,89630720.0,63721568.0,-369280.0000000447,0.9958968888888884,0.7080174222222219,False
Marcus Rashford,FWD,50000000.00000009,25242910.0,18150464.0,-24757090.00000009,0.5048581999999991,0.3630092799999993,False
Marcus Rashford,FWD,50000000.00000009,46874344.0,29597862.0,-3125656.0000000894,0.9374868799999984,0.5919572399999989,False
Giacomo Raspadori,FWD,24999999.999999963,17488654.0,7645453.0,-7511345.999999963,0.699546160000001,0.30581812000000047,False
Raúl,FWD,100000.00000000004,262708.875,2390769.25,162708.87499999994,2.6270887499999986,23.90769249999999,True
Ante Rebić,FWD,999999.9999999997,1388383.0,1680653.625,388383.00000000035,1.3883830000000006,1.6806536250000006,False
Mateo Retegui,FWD,44999999.999999985,51710296.0,77413736.0,6710296.000000015,1.1491176888888892,1.720305244444445,False
Richarlison,FWD,20000000.000000015,14778304.0,10712583.0,-5221696.000000015,0.7389151999999994,0.5356291499999996,False
Álvaro Rodríguez,FWD,2499999.9999999953,2349938.0,3468611.25,-150061.99999999534,0.9399752000000018,1.3874445000000026,False
Jesus Rodríguez,FWD,30000000.00000005,26775676.0,17388936.0,-3224324.0000000484,0.8925225333333319,0.579631199999999,False
Rodrygo,FWD,90000000.00000004,60363400.0,43955576.0,-29636600.000000045,0.6707044444444441,0.48839528888888867,False
Morgan Rogers,FWD,55000000.000000075,54235252.0,59487320.0,-764748.0000000745,0.9860954909090895,1.081587636363635,False
Isaac Romero,FWD,6000000.0,7293985.5,7320634.0,1293985.5,1.21566425,1.2201056666666668,False
Vitor Roque,FWD,20000000.000000015,19104860.0,11717166.0,-895140.0000000149,0.9552429999999993,0.5858582999999996,False
Abel Ruiz,FWD,4000000.0000000005,5063128.0,6980609.5,1063127.9999999995,1.265782,1.7451523749999998,False
Emmanuel Sabbi,FWD,1499999.9999999986,1379079.625,1121787.875,-120920.3749999986,0.9193864166666675,0.747858583333334,False
Umar Sadiq,FWD,4999999.999999999,5431907.0,7015213.0,431907.00000000093,1.0863814000000003,1.4030426000000003,False
Osame Sahraoui,FWD,12000000.000000007,16605429.0,22961672.0,4605428.999999993,1.383785749999999,1.9134726666666655,False
Wesley Saïd,FWD,3000000.000000001,2916710.25,2772867.75,-83289.75000000093,0.9722367499999996,0.9242892499999997,False
Bukayo Saka,FWD,150000000.00000077,111616408.0,77172104.0,-38383592.000000775,0.7441093866666628,0.5144806933333307,False
Ibrahim Salah,FWD,3000000.000000001,2188418.25,1489997.75,-811581.7500000009,0.7294727499999998,0.4966659166666665,False
Mohamed Salah,FWD,50000000.00000009,46105656.0,30130666.0,-3894344.0000000894,0.9221131199999983,0.6026133199999989,False
Amine Salama,FWD,1499999.9999999986,1601317.375,1850663.0,101317.3750000014,1.0675449166666677,1.2337753333333346,False
Antonio Sanabria,FWD,2800000.000000002,2480406.0,2162190.25,-319594.00000000186,0.8858592857142851,0.772210803571428,False
Alexis Sánchez,FWD,1499999.9999999986,1390069.5,1694744.875,-109930.4999999986,0.9267130000000009,1.1298299166666677,False
Jadon Sancho,FWD,27999999.99999999,37511456.0,51010760.0,9511456.000000011,1.3396948571428577,1.8218128571428578,False
Leroy Sané,FWD,31999999.999999955,41838432.0,48923136.0,9838432.000000045,1.307451000000002,1.5288480000000022,False
Maroan Sannadi,FWD,9999999.999999996,8059943.0,8215714.0,-1940056.9999999963,0.8059943000000003,0.8215714000000003,False
Amin Sarr,FWD,4999999.999999999,4466188.0,4438978.0,-533811.9999999991,0.8932376000000002,0.8877956000000001,False
Sávio,FWD,199999.99999999997,391811.28125,14838862.0,191811.28125000003,1.9590564062500002,74.19431000000002,True
Kevin Schade,FWD,30000000.00000005,31092336.0,33166120.0,1092335.9999999516,1.0364111999999983,1.1055373333333316,False
Patrik Schick,FWD,26999999.999999993,27413048.0,24027852.0,413048.00000000745,1.0152980740740745,0.8899204444444447,False
Léo Scienza,FWD,3000000.000000001,3759519.5,6150404.5,759519.4999999991,1.2531731666666663,2.050134833333333,True
Antoine Semenyo,FWD,39999999.999999985,47525496.0,69181376.0,7525496.000000015,1.1881374000000005,1.7295344000000006,False
Benjamin Šeško,FWD,69999999.99999967,48069664.0,27262876.0,-21930335.999999672,0.6867094857142889,0.38946965714285897,False
Ryan Sessegnon,FWD,15000000.00000001,17252924.0,12101728.0,2252923.9999999907,1.1501949333333326,0.8067818666666662,False
Eldor Shomurodov,FWD,4999999.999999999,6192509.5,7754395.0,1192509.500000001,1.2385019000000002,1.5508790000000003,False
Armindo Sieb,FWD,3000000.000000001,3605021.0,4566492.5,605020.9999999991,1.2016736666666663,1.522164166666666,False
André Silva,FWD,4000000.0000000005,3469633.5,2385162.5,-530366.5000000005,0.8674083749999999,0.596290625,False
Fábio Silva,FWD,20000000.000000015,17733762.0,15033578.0,-2266238.000000015,0.8866880999999993,0.7516788999999995,False
Jota Silva,FWD,15000000.00000001,12314291.0,11575489.0,-2685709.0000000093,0.8209527333333329,0.7716992666666662,False
Abdallah Sima,FWD,8999999.999999996,9356111.0,7984927.5,356111.0000000037,1.0395678888888893,0.8872141666666671,False
Giovanni Simeone,FWD,4999999.999999999,4414467.0,3802167.25,-585532.9999999991,0.8828934000000002,0.7604334500000002,False
Moses Simon,FWD,12000000.000000007,10006617.0,7978655.5,-1993383.0000000075,0.8338847499999995,0.6648879583333329,False
Danel Sinani,FWD,1499999.9999999986,2013548.125,2152107.75,513548.1250000014,1.3423654166666679,1.4347385000000012,False
Lassine Sinayoko,FWD,4000000.0000000005,6545111.5,13465889.0,2545111.4999999995,1.6362778749999998,3.3664722499999997,True
Tim Skarke,FWD,2000000.0000000016,1795201.0,2489420.75,-204799.00000000163,0.8976004999999992,1.244710374999999,False
Andreas Skov Olsen,FWD,14000000.00000001,8952627.0,3346111.25,-5047373.000000009,0.6394733571428567,0.23900794642857126,False
Dominic Solanke,FWD,39999999.999999985,36573168.0,35418396.0,-3426831.999999985,0.9143292000000003,0.8854599000000003,False
Ramón Sosa,FWD,12000000.000000007,13252746.0,18521762.0,1252745.9999999925,1.1043954999999994,1.5434801666666658,False
Florian Sotoca,FWD,2000000.0000000016,1980516.875,1882187.25,-19483.12500000163,0.9902584374999992,0.9410936249999993,False
Riccardo Sottil,FWD,4999999.999999999,6938887.5,6519849.5,1938887.500000001,1.3877775000000003,1.3039699000000002,False
Issa Soumaré,FWD,2000000.0000000016,3481479.75,5912226.0,1481479.7499999984,1.7407398749999985,2.9561129999999975,True
Lucas Stassin,FWD,17999999.999999985,10812451.0,6936810.0,-7187548.999999985,0.6006917222222227,0.38537833333333366,False
Raheem Sterling,FWD,9999999.999999996,9193103.0,3715308.75,-806896.9999999963,0.9193103000000004,0.37153087500000015,False
Ross Stewart,FWD,4000000.0000000005,4194779.0,3140405.25,194778.99999999953,1.04869475,0.7851013124999999,False
Jørgen Strand Larsen,FWD,30000000.00000005,28613950.0,17236544.0,-1386050.0000000484,0.9537983333333317,0.5745514666666658,False
Gabriel Strefezza,FWD,6000000.0,6818735.0,7212357.0,818735.0,1.1364558333333334,1.2020595,False
Cristhian Stuani,FWD,999999.9999999997,1096660.0,1919224.0,96660.00000000035,1.0966600000000004,1.9192240000000007,False
Kamaldeen Sulemana,FWD,13000000.000000013,12138739.0,8743822.0,-861261.000000013,0.9337491538461529,0.6726016923076916,False
Crysencio Summerville,FWD,22000000.000000007,16966176.0,14804034.0,-5033824.000000007,0.7711898181818179,0.6729106363636361,False
Suso,FWD,4000000.0000000005,3030464.5,2748496.0,-969535.5000000005,0.7576161249999999,0.687124,False
Williot Swedberg,FWD,4999999.999999999,9731711.0,16219775.0,4731711.000000001,1.9463422000000004,3.2439550000000006,True
Mamadou Sylla,FWD,1200000.0000000005,1251863.875,1477384.875,51863.874999999534,1.043219895833333,1.2311540624999995,False
Sammie Szmodics,FWD,9999999.999999996,7190586.0,4223178.0,-2809413.9999999963,0.7190586000000002,0.42231780000000013,False
Alexander Sørloth,FWD,24999999.999999963,26824134.0,29672532.0,1824134.0000000373,1.0729653600000015,1.1869012800000018,False
Haris Tabakovic,FWD,2499999.9999999953,2268505.25,2276576.0,-231494.74999999534,0.9074021000000017,0.9106304000000017,False
Mehdi Taremi,FWD,3500000.0000000056,3644529.0,4792059.5,144528.9999999944,1.0412939999999984,1.369159857142855,False
Marcus Tavernier,FWD,17999999.999999985,21398958.0,21713940.0,3398958.000000015,1.188831000000001,1.206330000000001,False
Loum Tchaouna,FWD,9999999.999999996,7593997.5,7521876.5,-2406002.4999999963,0.7593997500000003,0.7521876500000003,False
Mathys Tel,FWD,35000000.000000015,31759990.0,15012575.0,-3240010.000000015,0.9074282857142854,0.4289307142857141,False
Casper Tengstedt,FWD,6000000.0,6314411.0,4850794.5,314411.0,1.0524018333333334,0.80846575,False
Florian Thauvin,FWD,4999999.999999999,5077876.5,4629760.0,77876.50000000093,1.0155753000000003,0.9259520000000002,False
Sorba Thomas,FWD,3500000.0000000056,3294567.5,3440857.0,-205432.5000000056,0.9413049999999985,0.9831019999999985,False
Marcus Thuram,FWD,75000000.0000003,66978368.0,61058408.0,-8021632.000000298,0.8930449066666631,0.8141121066666634,False
Phillip Tietz,FWD,4999999.999999999,4578056.5,4803471.0,-421943.49999999907,0.9156113000000001,0.9606942000000002,False
Tiago Tomás,FWD,12000000.000000007,8359884.5,7401102.0,-3640115.5000000075,0.6966570416666662,0.6167584999999997,False
Ferrán Torres,FWD,39999999.999999985,44785432.0,39842788.0,4785432.000000015,1.1196358000000004,0.9960697000000004,False
Bazoumana Touré,FWD,8999999.999999996,6388904.5,4029634.75,-2611095.4999999963,0.7098782777777781,0.44773719444444465,False
Adama Traoré,FWD,8999999.999999996,11219263.0,13725091.0,2219263.0000000037,1.2465847777777783,1.5250101111111118,False
Leandro Trossard,FWD,22000000.000000007,20294586.0,31852686.0,-1705414.0000000075,0.9224811818181815,1.4478493636363632,False
Viktor Tsyhankov,FWD,17999999.999999985,8513744.0,4993243.0,-9486255.999999985,0.47298577777777817,0.27740238888888913,False
Christantus Uche,FWD,15000000.00000001,11131168.0,7534160.5,-3868832.0000000093,0.7420778666666662,0.5022773666666663,False
Enes Ünal,FWD,9999999.999999996,13895489.0,16326890.0,3895489.0000000037,1.3895489000000005,1.6326890000000005,False
Deniz Undav,FWD,20000000.000000015,21046314.0,14201074.0,1046313.9999999851,1.0523156999999992,0.7100536999999995,False
Jamie Vardy,FWD,999999.9999999997,1175805.25,4973468.0,175805.25000000035,1.1758052500000005,4.973468000000001,True
Ruben Vargas,FWD,6999999.999999995,6173069.5,6706506.0,-826930.4999999953,0.881867071428572,0.9580722857142864,False
Alejo Véliz,FWD,2499999.9999999953,2624770.0,2859006.0,124770.00000000466,1.049908000000002,1.1436024000000022,False
Carlos Vicente,FWD,4000000.0000000005,4708794.0,15000124.0,708793.9999999995,1.1771984999999998,3.7500309999999994,True
Pau Victor,FWD,4000000.0000000005,6530559.0,13794008.0,2530558.9999999995,1.6326397499999998,3.4485019999999995,True
Asier Villalibre,FWD,2499999.9999999953,2029787.75,2608413.0,-470212.24999999534,0.8119151000000016,1.043365200000002,False
Nicolas Viola,FWD,999999.9999999997,1184317.75,1498426.625,184317.75000000035,1.1843177500000004,1.4984266250000005,False
Vitinha,FWD,8000000.000000002,5736865.5,6108044.0,-2263134.500000002,0.7171081874999998,0.7635054999999998,False
Dušan Vlahović,FWD,35000000.000000015,35548680.0,33707052.0,548679.9999999851,1.015676571428571,0.9630586285714282,False
Ibrahima Wadji,FWD,700000.0000000006,765870.0,1018736.8125,65869.99999999942,1.0940999999999992,1.4553383035714273,False
Elye Wahi,FWD,22000000.000000007,22234554.0,16714071.0,234553.99999999255,1.0106615454545451,0.7597304999999998,False
Ollie Watkins,FWD,39999999.999999985,41149268.0,35563124.0,1149268.000000015,1.0287317000000005,0.8890781000000003,False
Nelson Weiper,FWD,9999999.999999996,7819821.0,4583189.5,-2180178.9999999963,0.7819821000000003,0.45831895000000017,False
Noah Weißhaupt,FWD,4999999.999999999,4924398.0,4865560.5,-75601.99999999907,0.9848796000000002,0.9731121000000001,False
Danny Welbeck,FWD,4999999.999999999,5765606.0,5787813.0,765606.0000000009,1.1531212000000002,1.1575626,False
Timo Werner,FWD,6999999.999999995,7637371.0,6137010.5,637371.0000000047,1.0910530000000007,0.8767157857142863,False
Iñaki Williams,FWD,15000000.00000001,14883619.0,19943550.0,-116381.00000000931,0.992241266666666,1.3295699999999993,False
Nico Williams,FWD,69999999.99999967,50415984.0,32287468.0,-19584015.999999672,0.7202283428571462,0.46124954285714503,False
Callum Wilson,FWD,8000000.000000002,6959810.5,4013450.0,-1040189.5000000019,0.8699763124999998,0.5016812499999999,False
Harry Wilson,FWD,15000000.00000001,16481674.0,13737322.0,1481673.9999999907,1.098778266666666,0.9158214666666661,False
Jonas Wind,FWD,12000000.000000007,9711926.0,8791692.0,-2288074.0000000075,0.8093271666666662,0.7326409999999995,False
Yoane Wissa,FWD,31999999.999999955,35159260.0,46129320.0,3159260.0000000447,1.0987268750000014,1.441541250000002,False
Nick Woltemade,FWD,30000000.00000005,36095888.0,52793996.0,6095887.999999952,1.2031962666666647,1.7597998666666639,False
Chris Wood,FWD,9999999.999999996,10828074.0,9707278.0,828074.0000000037,1.0828074000000003,0.9707278000000004,False
Lamine Yamal,FWD,200000000.0000001,176862448.0,100988304.0,-23137552.00000009,0.8843122399999996,0.5049415199999998,False
Erencan Yardimci,FWD,2499999.9999999953,2235990.75,1234172.75,-264009.24999999534,0.8943963000000017,0.4936691000000009,False
Bertuğ Yıldırım,FWD,2000000.0000000016,2155860.75,2170290.5,155860.74999999837,1.077930374999999,1.0851452499999992,False
Kenan Yıldız,FWD,50000000.00000009,54409840.0,70102816.0,4409839.999999911,1.088196799999998,1.4020563199999976,False
Mattia Zaccagni,FWD,20000000.000000015,13939502.0,8614816.0,-6060498.000000015,0.6969750999999995,0.4307407999999997,False
Nicolò Zaniolo,FWD,12000000.000000007,9651762.0,5702321.5,-2348238.0000000075,0.8043134999999995,0.47519345833333304,False
Nicolò Zaniolo,FWD,12000000.000000007,10308068.0,11420529.0,-1691932.0000000075,0.8590056666666661,0.9517107499999994,False
Alessandro Zanoli,FWD,6000000.0,4416627.0,4573688.0,-1583373.0,0.7361045,0.7622813333333334,False
Duván Zapata,FWD,3500000.0000000056,3679676.75,3344554.25,179676.7499999944,1.0513362142857126,0.955586928571427,False
Bryan Zaragoza,FWD,12000000.000000007,8674197.0,7268529.0,-3325803.0000000075,0.7228497499999995,0.6057107499999996,False
Anass Zaroury,FWD,8000000.000000002,7714497.5,6989069.5,-285502.50000000186,0.9643121874999998,0.8736336874999998,False
Edon Zhegrova,FWD,24999999.999999963,23077586.0,17810880.0,-1922413.9999999627,0.9231034400000013,0.712435200000001,False
Joshua Zirkzee,FWD,30000000.00000005,18698424.0,12542471.0,-11301576.000000048,0.623280799999999,0.418082366666666,False
Budu Zivzivadze,FWD,2000000.0000000016,2384575.75,2678497.5,384575.74999999837,1.192287874999999,1.339248749999999,False
Himad Abdelli,MID,6999999.999999995,7051191.378844064,14416251.546275228,51191.378844068386,1.0073130541205813,2.059464506610748,True
Zakaria Aboukhlal,MID,12000000.000000007,11687926.20995392,9005426.37479121,-312073.79004608653,0.9739938508294929,0.7504521978992671,False
Tyler Adams,MID,17999999.999999985,19192124.255951386,27119599.997224595,1192124.2559514008,1.0662291253306335,1.5066444442902565,False
Amine Adli,MID,17999999.999999985,18386504.600247014,19471065.79402901,386504.6002470292,1.0214724777915016,1.081725877446057,False
Yacine Adli,MID,11000000.000000013,11090089.512390127,11904757.554822067,90089.51239011437,1.0081899556718286,1.0822506868020048,False
Michel Aebischer,MID,7500000.000000002,7280133.011587394,3184875.6299290545,-219866.98841260746,0.9706844015449857,0.4246500839905405,False
Lucien Agoume,MID,8000000.000000002,7616856.965332778,5759819.565810681,-383143.0346672237,0.9521071206665971,0.719977445726335,False
Jean-Eudes Aholou,MID,800000.0000000005,908458.3295116903,2626536.145963331,108458.32951168984,1.1355729118896123,3.283170182454162,True
Ilias Akhomach,MID,15000000.00000001,13929546.489848027,7157597.867352556,-1070453.5101519823,0.9286364326565345,0.4771731911568368,False
Jean-Daniel Akpa-Akpro,MID,499999.99999999977,549817.115273244,1353353.1084749396,49817.11527324421,1.0996342305464886,2.7067062169498803,True
Carles Aleñá,MID,2499999.9999999953,2474563.243362055,2775351.6815998373,-25436.756637940183,0.9898252973448239,1.110140672639937,False
Carles Aleñá,MID,2499999.9999999953,2673470.3020443576,4844585.05673581,173470.3020443623,1.0693881208177451,1.9378340226943276,False
Thiago Almada,MID,24999999.999999963,25054839.539811675,19732442.145870734,54839.53981171176,1.0021935815924685,0.7892976858348305,False
Sergi Altimira,MID,15000000.00000001,15329092.222815322,15859793.762495266,329092.22281531245,1.0219394815210208,1.0573195841663505,False
Edson Álvarez,MID,24999999.999999963,23440808.51038017,14482593.136493491,-1559191.4896197915,0.9376323404152083,0.5793037254597405,False
Hugo Álvarez,MID,7500000.000000002,8199697.701435964,13212442.33529566,699697.7014359618,1.0932930268581282,1.761658978039421,False
Selim Amallah,MID,1600000.000000004,1598165.2071502544,3011034.152858303,-1834.7928497495595,0.9988532544689065,1.8818963455364346,False
Nadiem Amiri,MID,20000000.000000015,20271851.546695914,33940556.80034062,271851.5466958992,1.013592577334795,1.6970278400170298,False
Mathis Amougou,MID,9999999.999999996,8612730.63958853,3172865.8947091578,-1387269.360411467,0.8612730639588533,0.31728658947091587,False
Elliot Anderson,MID,31999999.999999955,30948760.105077382,28424515.05176843,-1051239.8949225731,0.9671487532836696,0.8882660953677647,False
André,MID,27999999.99999999,28089551.518517572,26127905.989040013,89551.51851758361,1.003198268518485,0.9331394996085722,False
Benjamin André,MID,4999999.999999999,4761562.354112982,3546803.5901989783,-238437.64588701725,0.9523124708225965,0.7093607180397958,False
Robert Andrich,MID,8999999.999999996,8981154.665552728,9904332.132178923,-18845.334447268397,0.9979060739503035,1.1004813480198807,False
Faustino Anjorin,MID,6000000.0,5823493.895390368,4853959.7260810565,-176506.10460963193,0.9705823158983947,0.8089932876801761,False
Anuar,MID,899999.9999999979,913412.0959642552,1643941.1168578838,13412.095964257256,1.0149023288491748,1.8266012409532084,False
Mauro Arambarri,MID,12000000.000000007,9877140.900134522,3052575.77935357,-2122859.099865485,0.8230950750112097,0.2543813149461307,False
Joe Aribo,MID,6000000.0,6306355.527614472,7629864.08414842,306355.52761447243,1.051059254602412,1.2716440140247367,False
Hákon Arnar Haraldsson,MID,17999999.999999985,17873211.988008913,22239881.459175177,-126788.01199107245,0.9929562215560516,1.2355489699541775,False
Maximilian Arnold,MID,4999999.999999999,5093037.480466476,6615548.081664793,93037.48046647664,1.0186074960932954,1.323109616332959,False
Marco Asensio,MID,20000000.000000015,19501918.625979636,13704365.798837977,-498081.37402037904,0.9750959312989811,0.6852182899418983,False
Kristjan Asllani,MID,13000000.000000013,12565256.674451824,11293143.691622814,-434743.32554818876,0.9665582057270624,0.8687033608940617,False
Valentin Atangana Edoa,MID,9999999.999999996,10082414.257605342,6796615.727347509,82414.25760534592,1.0082414257605345,0.6796615727347511,False
Arthur Atta,MID,8000000.000000002,7898161.564165378,8144297.013188528,-101838.43583462387,0.987270195520672,1.0180371266485657,False
Yasin Ayari,MID,22000000.000000007,23369955.418457415,24026333.12875748,1369955.4184574075,1.0622707008389731,1.0921060513071579,False
Neil El Aynaoui,MID,15000000.00000001,15293420.76081681,11586979.72115622,293420.76081680134,1.0195613840544535,0.7724653147437476,False
Shavy Babicka,MID,2499999.9999999953,2850517.284676206,5720816.364222326,350517.2846762105,1.1402069138704845,2.288326545688935,True
Milan Badelj,MID,800000.0000000005,780371.6987565984,828445.1880884079,-19628.301243402064,0.9754646234457475,1.0355564851105092,False
Alex Baena,MID,55000000.000000075,59738889.763485424,99705918.54531586,4738889.76348535,1.0861616320633698,1.8128348826421041,False
Stefan Bajcetic,MID,8999999.999999996,8714504.512177788,4010461.184411466,-285495.48782220855,0.9682782791308657,0.44560679826794086,False
Dilane Bakwa,MID,24999999.999999963,26888429.919403974,35750791.603947684,1888429.9194040112,1.0755371967761607,1.4300316641579094,False
Tommaso Baldanzi,MID,12000000.000000007,11699742.783451794,9503769.041445434,-300257.21654821374,0.9749785652876489,0.7919807534537857,False
Carlos Baleba,MID,39999999.999999985,38509361.7274777,36780212.47896736,-1490638.2725222856,0.9627340431869429,0.9195053119741844,False
Valentín Barco,MID,12000000.000000007,13097345.8228177,19773552.569305837,1097345.8228176925,1.0914454852348077,1.647796047442152,False
Nicolò Barella,MID,75000000.0000003,77131869.30273828,67798610.86323921,2131869.302737981,1.0284249240365062,0.9039814781765193,False
Ross Barkley,MID,6000000.0,6272456.550957602,10743454.818259843,272456.55095760245,1.0454094251596004,1.7905758030433072,False
Enzo Barrenechea,MID,9999999.999999996,10642742.786088292,11807462.2395757,642742.7860882953,1.0642742786088295,1.1807462239575706,False
Ander Barrenetxea,MID,15000000.00000001,12755870.57499062,5935887.59467154,-2244129.4250093885,0.8503913716660408,0.3957258396447691,False
Pablo Barrios,MID,55000000.000000075,56434379.96804562,43837526.10832964,1434379.9680455476,1.0260796357826463,0.797045929242356,False
Christoph Baumgartner,MID,12000000.000000007,11746087.663691513,9000664.515373815,-253912.3363084942,0.9788406386409588,0.7500553762811508,False
Adrian Beck,MID,2000000.0000000016,2228605.2847667006,6447374.3757051,228605.28476669895,1.1143026423833493,3.2236871878525473,True
Donny van de Beek,MID,4999999.999999999,4903768.158613247,4593828.356137115,-96231.8413867522,0.9807536317226495,0.9187656712274231,False
Reda Belahyane,MID,9999999.999999996,10077189.713228641,8235291.105940988,77189.7132286448,1.0077189713228645,0.8235291105940992,False
Haris Belkebla,MID,2000000.0000000016,2020901.2076343568,2219922.863374528,20901.207634355174,1.0104506038171777,1.109961431687263,False
Yassin Belkhdim,MID,999999.9999999997,1082231.7279455985,2876769.7519212193,82231.72794559889,1.0822317279455989,2.8767697519212203,True
Jean-Ricner Bellegarde,MID,17999999.999999985,18682087.433121264,19119491.581548024,682087.4331212789,1.0378937462845155,1.062193976752669,False
Jude Bellingham,MID,179999999.9999997,165421398.19163695,79448214.93158369,-14578601.808362752,0.9190077677313179,0.4413789718421323,False
Fran Beltrán,MID,8000000.000000002,8789256.252113653,17190713.44560752,789256.2521136515,1.0986570315142064,2.1488391807009397,True
Eliesse Ben Seghir,MID,27999999.99999999,29358980.012378015,39831547.86206356,1358980.0123780258,1.0485350004420724,1.4225552807879847,False
László Bénes,MID,3000000.000000001,2914538.9214578387,2500923.126366232,-85461.0785421622,0.9715129738192793,0.8336410421220771,False
Ismaël Bennacer,MID,15000000.00000001,14987232.0097595,6765481.709684857,-12767.99024050869,0.9991488006506327,0.4510321139789902,False
Ismaël Bennacer,MID,15000000.00000001,15420459.905137187,12527465.134623066,420459.90513717756,1.0280306603424785,0.8351643423082038,False
Nabil Bentaleb,MID,6000000.0,5445468.297744232,2214101.0566235017,-554531.7022557678,0.9075780496240387,0.3690168427705836,False
Rodrigo Bentancur,MID,30000000.00000005,28548498.15825438,20108336.167134527,-1451501.8417456672,0.9516166052751445,0.6702778722378165,False
Sander Berge,MID,24999999.999999963,25824545.658806447,28743667.596062735,824545.6588064842,1.0329818263522594,1.149746703842511,False
Lucas Bergvall,MID,37999999.99999996,35616230.63082943,20156816.03706563,-2383769.3691705316,0.9372692271270913,0.5304425272912012,False
Medon Berisha,MID,1499999.9999999986,1727067.842616362,3936269.3660255373,227067.84261636343,1.1513785617442425,2.6241795773503607,True
Adrian Bernabe,MID,15000000.00000001,15049172.695273345,10578859.018524058,49172.69527333602,1.003278179684889,0.7052572679016035,False
Juan Bernat,MID,2000000.0000000016,2028674.0395575755,1331427.3117535624,28674.03955757385,1.0143370197787869,0.6657136558767807,False
Antoine Bernede,MID,2499999.9999999953,2558570.223575867,3312962.339297131,58570.22357587144,1.0234280894303487,1.325184935718855,False
Matúš Bero,MID,3000000.000000001,3024909.132615898,3023559.201304722,24909.132615896873,1.008303044205299,1.0078530671015737,False
Alessandro Bianco,MID,4999999.999999999,5128927.85069922,8441545.694328988,128927.85069922078,1.0257855701398442,1.6883091388657978,False
Tom Bischof,MID,30000000.00000005,28828275.833401594,15251308.99558291,-1171724.1665984541,0.9609425277800516,0.5083769665194295,False
Yves Bissouma,MID,24999999.999999963,24075201.843629114,13339479.846154341,-924798.1563708484,0.9630080737451661,0.5335791938461745,False
Leonardo Bittencourt,MID,1499999.9999999986,1635569.399484658,3261072.922825958,135569.3994846593,1.0903795996564396,2.1740486152173073,True
Antonio Blanco,MID,9999999.999999996,8974649.536738198,5477374.227488369,-1025350.463261798,0.8974649536738202,0.5477374227488371,False
Ludovic Blas,MID,17999999.999999985,16828210.795682225,9142635.815478813,-1171789.2043177597,0.9349005997601244,0.5079242119710455,False
Jeremie Boga,MID,9999999.999999996,10329499.219825923,10255707.285018824,329499.21982592717,1.0329499219825928,1.0255707285018827,False
Warren Bondo,MID,9999999.999999996,10064646.439715022,10240798.626261283,64646.43971502595,1.0064646439715026,1.0240798626261287,False
Ayyoub Bouaddi,MID,27999999.99999999,25426959.516833574,13443339.527593832,-2573040.4831664152,0.9081056970297708,0.48011926884263706,False
Badredine Bouanani,MID,6999999.999999995,7327583.152150696,13013736.150877126,327583.1521507008,1.0467975931643858,1.8591051644110193,False
Benjamin Bouchouari,MID,4999999.999999999,4645641.010214415,4056354.306809289,-354358.9897855837,0.9291282020428833,0.8112708613618579,False
Hicham Boudaoui,MID,15000000.00000001,14536386.105499167,18671814.067703746,-463613.8945008423,0.9690924070332771,1.2447876045135824,False
Carlo Boukhalfa,MID,2000000.0000000016,2190225.306913476,4445143.167031898,190225.30691347434,1.095112653456737,2.2225715835159474,True
Edoardo Bove,MID,4999999.999999999,6295513.847505105,25057536.539049316,1295513.8475051057,1.2591027695010213,5.011507307809864,True
Julian Brandt,MID,24999999.999999963,24670754.000186514,25234512.13162034,-329245.99981344864,0.986830160007462,1.0093804852648152,False
Darko Brašanac,MID,499999.99999999977,554374.9603454222,1119418.4396599566,54374.96034542238,1.1087499206908449,2.2388368793199143,True
Matthias Braunöder,MID,1400000.0000000033,1499913.2991356868,2252281.1811406775,99913.29913568357,1.0713666422397738,1.6087722722433373,False
Brenner,MID,4000000.0000000005,3880485.3042309284,3099324.704847153,-119514.69576907204,0.970121326057732,0.7748311762117881,False
Marco Brescianini,MID,8000000.000000002,9028660.204913992,12051143.834479414,1028660.2049139906,1.1285825256142488,1.5063929793099264,False
Nathan Broadhead,MID,4500000.000000002,4771878.511041421,11635242.22170725,271878.5110414196,1.0604174468980931,2.58560938260161,True
Jacob Bruun Larsen,MID,4999999.999999999,5009246.757020892,5579750.760666741,9246.757020892575,1.0018493514041784,1.1159501521333484,False
Tajon Buchanan,MID,6000000.0,6157363.075309146,5859448.90879622,157363.0753091462,1.026227179218191,0.9765748181327033,False
Gianluca Busio,MID,6000000.0,6215191.157333519,6262976.608115395,215191.1573335193,1.03586519288892,1.0438294346858992,False
Liberato Cacace,MID,3000000.000000001,3059520.8901163987,4373934.258433215,59520.89011639776,1.0198402967054658,1.4579780861444047,False
Mathieu Cafaro,MID,2499999.9999999953,2843804.2865158333,3742374.206118238,343804.286515838,1.1375217146063354,1.496949682447298,False
Moisés Caicedo,MID,90000000.00000004,90619472.02567756,55728751.76924818,619472.025677517,1.006883022507528,0.6192083529916461,False
Tom Cairney,MID,1499999.9999999986,1717709.743189013,3772122.0227494077,217709.7431890145,1.1451398287926764,2.514748015166274,True
Jens Cajuste,MID,12000000.000000007,10568927.783160241,7328208.247466703,-1431072.2168397661,0.8807439819300196,0.6106840206222248,False
Hakan Çalhanoğlu,MID,30000000.00000005,27993991.1012259,16667378.422433699,-2006008.898774147,0.9331330367075286,0.5555792807477891,False
Drissa Camara,MID,1499999.9999999986,1627211.0014094494,3190777.9753245395,127211.00140945078,1.0848073342729672,2.127185316883028,True
Lamine Camara,MID,22000000.000000007,21582531.570108794,38490786.8472126,-417468.4298912138,0.9810241622776721,1.7495812203278447,False
Mahdi Camara,MID,8999999.999999996,9794248.74519066,15316621.887270859,794248.7451906633,1.0882498605767403,1.7018468763634294,False
Eduardo Camavinga,MID,60000000.0000001,52689255.71389468,21628644.819513157,-7310744.286105417,0.8781542618982433,0.360477413658552,False
José Campaña,MID,899999.9999999979,940331.757198551,1329003.8081304377,40331.75719855307,1.0448130635539479,1.4766708979227121,False
Sergi Canós,MID,2499999.9999999953,2313092.310452442,1168124.5515895872,-186907.6895475532,0.9252369241809786,0.46724982063583576,False
Pierrick Capelle,MID,199999.99999999997,226881.37267119306,612669.7621639419,26881.372671193094,1.1344068633559654,3.0633488108197096,True
Gianluca Caprari,MID,4000000.0000000005,3828997.2956673075,2359263.1521591153,-171002.704332693,0.9572493239168267,0.5898157880397787,False
Maxence Caqueret,MID,16000000.000000026,15104017.118678147,12864285.360895948,-895982.8813218791,0.9440010699173826,0.8040178350559954,False
Maxence Caqueret,MID,16000000.000000026,15487450.731695691,7340749.961408149,-512549.26830433495,0.9679656707309792,0.4587968725880086,False
Johnny Cardoso,MID,24999999.999999963,24414633.06885029,19089203.003458913,-585366.9311496727,0.9765853227540131,0.7635681201383576,False
Sergio Carreira,MID,4000000.0000000005,4349325.134909116,10787030.776429486,349325.13490911527,1.0873312837272788,2.696757694107371,True
William Carvalho,MID,1499999.9999999986,1499490.236205979,1385030.125852175,-509.7637940195855,0.9996601574706536,0.9233534172347843,False
Cesare Casadei,MID,15000000.00000001,12895001.085833551,4971495.8313908605,-2104998.914166458,0.8596667390555696,0.33143305542605717,False
Marc Casado,MID,30000000.00000005,29807482.906568836,29515642.216340277,-192517.093431212,0.9935827635522929,0.9838547405446744,False
Casemiro,MID,9999999.999999996,8929913.019392934,4187656.8902169303,-1070086.9806070626,0.8929913019392937,0.4187656890216932,False
Cristian Cásseres Jr.,MID,6000000.0,6707579.887965892,11001366.647836877,707579.8879658924,1.1179299813276486,1.833561107972813,False
Gaetano Castrovilli,MID,1499999.9999999986,1533505.7699675402,2877928.223040807,33505.769967541564,1.0223371799783612,1.91861881536054,False
Danilo Cataldi,MID,3500000.0000000056,3792780.8333113147,7329920.690119368,292780.8333113091,1.083651666660374,2.094263054319816,True
Dani Ceballos,MID,9999999.999999996,10563683.753573926,15752741.249290342,563683.7535739299,1.056368375357393,1.5752741249290347,False
Fares Chaïbi,MID,8999999.999999996,9190408.147626368,10830414.040180558,190408.14762637205,1.0211564608473747,1.2033793377978403,False
Conor Chaplin,MID,6000000.0,5913648.967001842,4525947.771258115,-86351.03299815767,0.9856081611669737,0.7543246285430192,False
Julián Chicco,MID,499999.99999999977,579992.8203586636,2035645.8214628,79992.8203586638,1.1599856407173277,4.071291642925602,True
Pedro Chirivella,MID,4999999.999999999,5072105.200617511,7088041.226791195,72105.20061751176,1.0144210401235023,1.4176082453582393,False
Joris Chotard,MID,6000000.0,5330911.47719684,3324953.6763657657,-669088.5228031604,0.8884852461994732,0.5541589460609609,False
Ryan Christie,MID,9999999.999999996,10551155.44221435,18163662.837108936,551155.442214353,1.0551155442214353,1.8163662837108943,False
Pathé Ciss,MID,2000000.0000000016,2094693.640010054,4023282.952751218,94693.64001005236,1.0473468200050262,2.0116414763756074,True
Djaoui Cissé,MID,8000000.000000002,8126778.714765478,13883698.60852508,126778.71476547606,1.0158473393456846,1.7354623260656348,False
Patrick Ciurria,MID,1499999.9999999986,1489326.6340789555,1779321.2180359783,-10673.365921043092,0.9928844227193045,1.1862141453573198,False
Alexis Claude-Maurice,MID,12000000.000000007,12082358.267792922,11717337.283678576,82358.26779291406,1.0068631889827429,0.9764447736398808,False
Santi Comesaña,MID,8000000.000000002,8785660.796165824,20682550.508782696,785660.7961658221,1.0982075995207277,2.585318813597836,True
Lewis Cook,MID,15000000.00000001,15238497.333001979,19251499.21184826,238497.33300196938,1.0158998222001312,1.2834332807898832,False
Coba da Costa,MID,3000000.000000001,2833910.8056000685,3643763.4141586632,-166089.1943999324,0.9446369352000226,1.214587804719554,False
Samu Costa,MID,15000000.00000001,14461006.425877932,8874957.301733907,-538993.5741220769,0.9640670950585283,0.5916638201155935,False
Lassana Coulibaly,MID,2499999.9999999953,2460059.560192,2281019.361616468,-39940.43980799522,0.9840238240768019,0.9124077446465889,False
Marius Courcoul,MID,300000.0000000003,489606.9372068229,2317986.514069033,189606.93720682262,1.6320231240227414,7.726621713563436,True
Bryan Cristante,MID,6999999.999999995,7533066.133571201,8398998.717138419,533066.1335712057,1.0761523047958865,1.1998569595912034,False
Matheus Cunha,MID,60000000.0000001,56358336.33583278,32974054.799480464,-3641663.664167315,0.9393056055972115,0.5495675799913402,False
Lucas Da Cunha,MID,9999999.999999996,10687851.268220883,17771559.69987169,687851.2682208866,1.0687851268220887,1.7771559699871695,False
Mahmoud Dahoud,MID,3500000.0000000056,3518885.6332260515,5897432.2801389145,18885.633226045873,1.0053958952074418,1.6849806514682586,False
Mikkel Damsgaard,MID,27999999.99999999,29736964.64608864,50456936.895141564,1736964.6460886523,1.0620344516460234,1.8020334605407708,False
Danilo,MID,27999999.99999999,24724837.021798197,10078608.583311412,-3275162.9782017916,0.8830298936356502,0.3599503065468363,False
Kévin Danois,MID,8000000.000000002,8456329.08829769,10493158.025517317,456329.0882976875,1.057041136037211,1.3116447531896642,False
Bence Dárdai,MID,12000000.000000007,11786896.270883251,7114299.277572069,-213103.72911675647,0.982241355906937,0.5928582731310054,False
Sergi Darder,MID,4000000.0000000005,4081913.041630478,5514755.899707067,81913.04163047764,1.0204782604076195,1.3786889749267666,False
Lukas Daschner,MID,899999.9999999979,996594.6154587598,1315941.1515868995,96594.61545876192,1.1073273505097356,1.4621568350965584,False
Kevin De Bruyne,MID,20000000.000000015,17934209.29127492,6853918.353944402,-2065790.7087250948,0.8967104645637454,0.34269591769721985,False
Charles De Ketelaere,MID,35000000.000000015,36251000.5335717,57238966.23166665,1251000.5335716829,1.0357428723877624,1.635399035190475,False
Rodrigo De Paul,MID,24999999.999999963,24952188.81213539,19817206.071634218,-47811.18786457181,0.9980875524854171,0.7926882428653699,False
Alessandro Deiola,MID,1600000.000000004,1684420.165344101,2799755.9946946837,84420.16534409695,1.0527626033400606,1.749847496684173,False
Fisayo Dele-Bashiru,MID,7500000.000000002,7713812.036299397,5147470.389813007,213812.03629939537,1.028508271506586,0.6863293853084007,False
Justin Devenny,MID,6000000.0,6092483.307696203,9718966.834575266,92483.30769620277,1.0154138846160339,1.6198278057625444,False
Boulaye Dia,MID,15000000.00000001,14646268.587124528,23175772.12077648,-353731.41287548095,0.9764179058083012,1.545051474718431,False
Amad Diallo,MID,44999999.999999985,45775146.094762444,36587429.61187582,775146.0947624594,1.017225468772499,0.8130539913750184,False
Habib Diarra,MID,20000000.000000015,19660846.515092302,17867754.047334917,-339153.4849077128,0.9830423257546144,0.8933877023667451,False
Mahamadou Diawara,MID,2000000.0000000016,2036268.7282688594,4785126.730389313,36268.72826885781,1.018134364134429,2.3925633651946545,True
Pedro Díaz,MID,399999.9999999999,518255.3692926315,4098190.367625111,118255.36929263163,1.2956384232315792,10.24547591906278,True
Junior Dina Ebimbe,MID,6000000.0,6048647.196970938,6911996.4820475355,48647.19697093777,1.008107866161823,1.1519994136745892,False
Eren Dinkçi,MID,8000000.000000002,7472847.2893172065,5015873.198169657,-527152.7106827954,0.9341059111646506,0.626984149771207,False
Yan Diomandé,MID,1499999.9999999986,1819067.9615202334,7843159.45104793,319067.9615202348,1.2127119743468233,5.228772967365291,True
Sofiane Diop,MID,9999999.999999996,10034978.73356206,11329859.807285447,34978.733562063426,1.0034978733562063,1.1329859807285452,False
Andy Diouf,MID,15000000.00000001,13948373.545207052,14485757.629406365,-1051626.4547929578,0.9298915696804695,0.965717175293757,False
Assane Dioussé,MID,700000.0000000006,676117.9177213287,1032853.8234610902,-23882.082278671907,0.9658827396018973,1.4755054620872705,False
Nicolás Domínguez,MID,17999999.999999985,17907255.845770977,19993232.296678886,-92744.15422900766,0.9948475469872774,1.1107351275932724,False
Niklas Dorsch,MID,3500000.0000000056,3392605.514248252,2437962.119218667,-107394.48575175367,0.9693158612137848,0.6965606054910466,False
Abdoulaye Doucouré,MID,6999999.999999995,6817071.312947391,5335883.6500251135,-182928.68705260474,0.9738673304210564,0.762269092860731,False
Cheick Doucouré,MID,24999999.999999963,22350003.18418127,7774711.587301691,-2649996.8158186935,0.8940001273672521,0.3109884634920681,False
Kamory Doumbia,MID,4000000.0000000005,3924627.2732018097,5232824.074003386,-75372.72679819074,0.9811568183004523,1.3082060185008464,False
Flynn Downes,MID,13000000.000000013,11583055.08055236,8831877.270705437,-1416944.919447653,0.8910042369655653,0.6793751746696484,False
Tommy Doyle,MID,9999999.999999996,9584834.710485699,7322898.735506559,-415165.2895142976,0.9584834710485702,0.7322898735506561,False
Ondrej Duda,MID,3500000.0000000056,3039689.727537888,2692688.5783585324,-460310.2724621175,0.868482779296538,0.7693395938167223,False
Alfred Duncan,MID,4000000.0000000005,3794417.6594926957,2356569.6932761483,-205582.34050730476,0.9486044148731738,0.589142423319037,False
Éderson,MID,50000000.00000009,52636042.641271934,57554373.30998943,2636042.6412718445,1.0527208528254368,1.1510874661997865,False
Maximilian Eggestein,MID,9999999.999999996,9724564.919714086,9507687.347450176,-275435.0802859105,0.9724564919714089,0.950768734745018,False
Jurgen Ekkelenkamp,MID,6999999.999999995,6743557.990799354,6637834.25788164,-256442.00920064095,0.9633654272570513,0.948262036840235,False
Harvey Elliott,MID,30000000.00000005,29552448.92975509,14730161.757474888,-447551.07024495676,0.9850816309918348,0.4910053919158288,False
Julio Enciso,MID,22000000.000000007,22088441.968440436,13904211.021804929,88441.96844042838,1.004020089474565,0.6320095919002238,False
Julio Enciso,MID,22000000.000000007,22287979.443232447,14019875.836328745,287979.44323243946,1.0130899746923836,0.6372670834694882,False
Wataru Endo,MID,8000000.000000002,7059360.639560501,3188409.608457179,-940639.3604395008,0.8824200799450624,0.39855120105714725,False
Yannik Engelhardt,MID,6000000.0,6129667.818074316,6139525.107296924,129667.81807431579,1.021611303012386,1.0232541845494874,False
Christian Eriksen,MID,4000000.0000000005,4064250.623805068,4282846.448623889,64250.6238050675,1.0160626559512669,1.070711612155972,False
Dario Essugo,MID,20000000.000000015,18906863.33274089,6911684.711335523,-1093136.6672591232,0.9453431666370439,0.3455842355667759,False
Nahuel Estévez,MID,2000000.0000000016,2155319.8796186363,2911946.13758629,155319.8796186347,1.0776599398093172,1.4559730687931438,False
Edu Expósito,MID,3000000.000000001,3002182.4375921744,2879864.141176345,2182.437592173461,1.0007274791973912,0.9599547137254479,False
Eberechi Eze,MID,55000000.000000075,53222957.95185291,28033040.94687083,-1777042.0481471643,0.9676901445791425,0.509691653579469,False
Giovanni Fabbian,MID,12000000.000000007,10714279.649884308,4286045.825055348,-1285720.3501156997,0.8928566374903584,0.35717048542127877,False
Nicolò Fagioli,MID,17999999.999999985,17252991.28034901,6892137.461810384,-747008.7196509764,0.9584995155749457,0.38289652565613275,False
Nicolò Fagioli,MID,17999999.999999985,18108194.71885381,11435867.555911213,108194.71885382384,1.0060108177141014,0.6353259753284013,False
Romain Faivre,MID,6000000.0,6016030.049757719,5305439.304170174,16030.04975771904,1.0026716749596198,0.8842398840283623,False
Khalil Fayad,MID,4999999.999999999,4579344.2779604085,3447802.7216000026,-420655.7220395906,0.9158688555920819,0.6895605443200007,False
Jacopo Fazzini,MID,9999999.999999996,10285649.097122256,8990553.798036443,285649.09712225944,1.028564909712226,0.8990553798036447,False
Mattia Felici,MID,2800000.000000002,2664161.0633584545,2535660.404005247,-135838.93664154736,0.9514860940565902,0.9055930014304449,False
João Félix,MID,20000000.000000015,19487293.002330534,14870276.052405672,-512706.99766948074,0.974364650116526,0.7435138026202831,False
Lewis Ferguson,MID,27999999.99999999,26676097.49499999,16268807.76907583,-1323902.504999999,0.9527177676785714,0.5810288488955656,False
Bruno Fernandes,MID,50000000.00000009,43699671.43081611,19694786.258507743,-6300328.569183983,0.8739934286163206,0.39389572517015414,False
Edimilson Fernandes,MID,3000000.000000001,2953845.4370131087,3247372.5516599654,-46154.56298689218,0.9846151456710359,1.0824575172199882,False
Mateus Fernandes,MID,15000000.00000001,15230331.669904543,26212102.13154562,230331.66990453377,1.0153554446603021,1.7474734754363734,False
Enzo Fernández,MID,75000000.0000003,73348145.08942917,58582476.19925942,-1651854.9105711281,0.9779752678590518,0.7810996826567892,False
Valery Fernández,MID,2000000.0000000016,2140748.266796666,4213985.388880695,140748.26679666457,1.0703741333983323,2.106992694440346,True
Jordan Ferri,MID,2000000.0000000016,1766769.6817610527,1258427.5206200476,-233230.31823894894,0.8833848408805256,0.6292137603100233,False
Phil Foden,MID,99999999.99999991,91726327.21783917,39562637.7473892,-8273672.782160744,0.9172632721783924,0.39562637747389234,False
Seko Fofana,MID,9999999.999999996,9214835.951127935,4837971.921280839,-785164.0488720611,0.9214835951127939,0.48379719212808403,False
Youssouf Fofana,MID,30000000.00000005,27749329.31255503,19260225.336533036,-2250670.6874450184,0.9249776437518329,0.6420075112177668,False
Pablo Fornals,MID,6000000.0,6207718.96305459,7789996.531774824,207718.96305458993,1.034619827175765,1.298332755295804,False
Davide Frattesi,MID,35000000.000000015,31316778.245604184,16341956.717396392,-3683221.7543958314,0.8947650927315477,0.46691304906846814,False
Morten Frendrup,MID,20000000.000000015,18279032.975246638,9543604.0137995,-1720967.0247533768,0.9139516487623313,0.47718020068997463,False
Remo Freuler,MID,4999999.999999999,5212138.550795509,4793738.707193063,212138.55079550948,1.042427710159102,0.9587477414386127,False
Chris Führich,MID,15000000.00000001,15132101.250525126,12267549.589538002,132101.25052511692,1.0088067500350077,0.817836639302533,False
Angelo Fulgini,MID,4999999.999999999,5504394.750574506,9189633.49813077,504394.7505745068,1.1008789501149014,1.8379266996261545,False
Gianluca Gaetano,MID,4000000.0000000005,4398317.859094486,11060962.841210289,398317.8590944852,1.0995794647736212,2.765240710302572,True
Iñigo Ruiz de Galarreta,MID,3000000.000000001,3208363.773925155,5944859.31959381,208363.773925154,1.0694545913083846,1.981619773197936,True
Conor Gallagher,MID,39999999.999999985,37754468.25901702,21339549.396417152,-2245531.7409829646,0.9438617064754259,0.533488734910429,False
Aleix García,MID,20000000.000000015,19509603.955475308,24455098.961425718,-490396.0445247069,0.9754801977737647,1.222754948071285,False
Alejandro Garnacho,MID,44999999.999999985,42408751.7846672,30804702.71700389,-2591248.2153327838,0.9424167063259381,0.6845489492667534,False
James Garner,MID,17999999.999999985,19246051.61820808,23425191.666665245,1246051.6182080954,1.0692250899004498,1.301399537036959,False
Gavi,MID,60000000.0000001,58284924.55280036,32529991.37039103,-1715075.4471997395,0.9714154092133377,0.5421665228398497,False
Yann Gboho,MID,8000000.000000002,8916981.753209744,16043243.773300761,916981.7532097418,1.1146227191512177,2.005405471662595,True
Dennis Geiger,MID,2000000.0000000016,2063037.5163333996,1496410.828507713,63037.51633339794,1.031518758166699,0.7482054142538559,False
Yannick Gerhardt,MID,2499999.9999999953,2431189.8423788766,3337287.227578882,-68810.1576211187,0.9724759369515524,1.3349148910315554,False
Morgan Gibbs-White,MID,50000000.00000009,49455612.03135294,45598194.53028904,-544387.9686471522,0.9891122406270569,0.9119638906057792,False
Armin Gigovic,MID,3000000.000000001,3294631.2851409633,6991220.885879535,294631.28514096234,1.0982104283803207,2.330406961959844,True
Billy Gilmour,MID,20000000.000000015,20643898.345741242,16463762.639400719,643898.3457412273,1.0321949172870613,0.8231881319700354,False
Gvidas Gineitis,MID,6000000.0,5935805.550389358,6591383.727115903,-64194.44961064216,0.989300925064893,1.098563954519317,False
Aleksandr Golovin,MID,20000000.000000015,18883623.603605743,12774052.41454048,-1116376.3963942714,0.9441811801802865,0.6387026207270236,False
André Gomes,MID,6000000.0,5872554.930937226,4636026.307683528,-127445.06906277407,0.9787591551562044,0.7726710512805881,False
Angel Gomes,MID,20000000.000000015,18454421.175392464,3649382.335902475,-1545578.824607551,0.9227210587696225,0.1824691167951236,False
João Gomes,MID,39999999.999999985,40271499.680621885,32253042.225331962,271499.68062189966,1.0067874920155475,0.8063260556332994,False
Diego Gómez,MID,14000000.00000001,14695447.32105974,20626388.009065703,695447.3210597299,1.0496748086471235,1.4733134292189778,False
Moi Gómez,MID,2000000.0000000016,1848582.727617657,1052649.1643731187,-151417.27238234458,0.9242913638088278,0.5263245821865589,False
Sergio Gómez,MID,20000000.000000015,19521445.230353553,13260668.0567593,-478554.76964646205,0.9760722615176769,0.6630334028379645,False
Unai Gómez,MID,6000000.0,6405326.236575549,10143974.170247762,405326.23657554854,1.0675543727625914,1.6906623617079604,False
Nicolás González,MID,39999999.999999985,38859049.67052801,26946738.434031434,-1140950.3294719756,0.9714762417632006,0.6736684608507861,False
Leon Goretzka,MID,22000000.000000007,21445191.891434472,12938598.6374728,-554808.1085655354,0.9747814496106575,0.5881181198851271,False
Mario Götze,MID,4000000.0000000005,4206402.196944203,5451557.13211893,206402.19694420276,1.0516005492360507,1.3628892830297323,False
Amine Gouiri,MID,30000000.00000005,24323646.350396622,7136733.13495845,-5676353.649603426,0.8107882116798861,0.23789110449861461,False
José Gragera,MID,2000000.0000000016,2116588.170319366,2485195.683040073,116588.17031936417,1.058294085159682,1.2425978415200356,False
Alberto Grassi,MID,1800000.000000004,1866457.4642829257,2318897.3740682043,66457.46428292175,1.036920813490512,1.2882763189267774,False
Ryan Gravenberch,MID,75000000.0000003,75347463.9320845,75787470.74252482,347463.93208420277,1.0046328524277894,1.010499609900327,False
Florian Grillitsch,MID,2000000.0000000016,1874176.0337761599,1797427.3458717223,-125823.96622384177,0.9370880168880792,0.8987136729358605,False
Florian Grillitsch,MID,2000000.0000000016,2153255.9275442394,2602463.2776074703,153255.9275442378,1.0766279637721188,1.3012316388037342,False
Pascal Groß,MID,4999999.999999999,4871859.520358822,3394628.4325902434,-128140.47964117676,0.9743719040717647,0.6789256865180489,False
Brajan Gruda,MID,24999999.999999963,23600396.59738857,12121804.014261862,-1399603.4026113935,0.9440158638955441,0.4848721605704752,False
Albert Grønbaek,MID,11000000.000000013,10281264.87201051,6197953.814326974,-718735.1279895026,0.9346604429100452,0.5634503467569969,False
Nemanja Gudelj,MID,3000000.000000001,2875957.2422213424,1740472.5572825714,-124042.75777865853,0.9586524140737805,0.5801575190941903,False
Gonçalo Guedes,MID,11000000.000000013,10317893.913633699,7064749.592645425,-682106.0863663144,0.9379903557848805,0.6422499629677652,False
Mattéo Guendouzi,MID,31999999.999999955,33834538.57622269,61399204.24541451,1834538.5762227327,1.0573293305069604,1.918725132669206,False
Javier Guerra,MID,24999999.999999963,22714721.848675817,13979505.193341173,-2285278.1513241455,0.908588873947034,0.5591802077336477,False
Ander Guevara,MID,3500000.0000000056,3198999.4328381824,2716992.3281678148,-301000.56716182316,0.9139998379537649,0.7762835223336602,False
Pape Gueye,MID,15000000.00000001,16001986.726170212,20737101.441060845,1001986.7261702027,1.0667991150780134,1.3824734294040555,False
Hugo Guillamón,MID,2499999.9999999953,2281022.4796744604,1469209.6578224779,-218977.52032553498,0.9124089918697859,0.5876838631289922,False
Bruno Guimarães,MID,79999999.9999996,78731435.93954255,66573937.59265544,-1268564.0604570508,0.9841429492442868,0.8321742199081972,False
Arda Güler,MID,44999999.999999985,44283788.28769673,31331745.638080895,-716211.7123032585,0.9840841841710387,0.6962610141795756,False
Gerard Gumbau,MID,1499999.9999999986,1541170.7789325682,1955728.4101127144,41170.77893256955,1.0274471859550465,1.303818940075144,False
İlkay Gündoğan,MID,4999999.999999999,4896407.190111989,7472048.3469402855,-103592.80988800991,0.979281438022398,1.4944096693880573,False
Jon Guridi,MID,3000000.000000001,2997434.771985418,3721309.3678135676,-2565.228014582768,0.9991449239951391,1.2404364559378556,False
Nicolas Haas,MID,700000.0000000006,752344.5656641125,1676467.2199561875,52344.56566411187,1.0747779509487312,2.39495317136598,True
Janik Haberer,MID,2499999.9999999953,2402133.1215978805,2190486.79856342,-97866.87840211485,0.960853248639154,0.8761947194253695,False
Amadou Haidara,MID,16000000.000000026,14954670.179170143,13149304.06489661,-1045329.8208298832,0.9346668861981324,0.8218315040560368,False
Mohamed Haj,MID,1499999.9999999986,1441135.0500237863,1385741.4265299255,-58864.949976212345,0.9607567000158584,0.9238276176866179,False
Amine Harit,MID,8000000.000000002,8324376.84727619,9535283.121473374,324376.84727618843,1.0405471059095235,1.1919103901841714,False
Abdou Harroui,MID,1800000.000000004,1918284.3639661958,3347801.648325228,118284.36396619189,1.065713535536773,1.8598898046251227,False
Hwang Hee-chan,MID,12000000.000000007,10648318.849877737,6029715.76524229,-1351681.15012227,0.8873599041564776,0.5024763137701905,False
Liam Henderson,MID,100000.00000000004,255231.85416804667,3068137.676529799,155231.85416804662,2.5523185416804655,30.681376765297976,True
Hernani,MID,1600000.000000004,1566140.396432205,1529614.3273819452,-33859.603567798855,0.9788377477701258,0.9560089546137134,False
Ander Herrera,MID,800000.0000000005,786096.8683309252,1266639.113363258,-13903.131669075228,0.982621085413656,1.5832988917040716,False
Yangel Herrera,MID,15000000.00000001,14553538.187821142,11903876.743854487,-446461.81217886694,0.9702358791880755,0.793591782923632,False
Jack Hinshelwood,MID,24000000.0,25240861.7964913,33922461.99848936,1240861.7964912988,1.051702574853804,1.4134359166037231,False
Nicolas Höfler,MID,499999.99999999977,512107.99850145134,934878.4243736585,12107.99850145157,1.0242159970029032,1.869756848747318,False
Jonas Hofmann,MID,2000000.0000000016,2037561.7277545934,2068091.0538163472,37561.72775459173,1.018780863877296,1.0340455269081728,False
Lewis Holtby,MID,499999.99999999977,507356.95655510784,682007.1459275286,7356.956555108074,1.014713913110216,1.364014291855058,False
Will Hughes,MID,6999999.999999995,7272936.695970566,10885401.999402666,272936.69597057067,1.0389909565672244,1.5550574284860963,False
Omari Hutchinson,MID,22000000.000000007,22525560.340837087,27612386.328938168,525560.34083708,1.0238891064016855,1.255108469497189,False
Hong Hyunseok,MID,3500000.0000000056,3520636.5422677887,3993865.334018832,20636.54226778308,1.0058961549336523,1.141104381148236,False
Oscar Højlund,MID,7500000.000000002,8217472.030730494,10230585.408383038,717472.0307304924,1.0956629374307323,1.3640780544510713,False
Pablo Ibáñez,MID,2000000.0000000016,2312219.8098062,6226851.2991096405,312219.8098061986,1.1561099049030992,3.113425649554818,True
Ivan Ilić,MID,16000000.000000026,15216298.422102466,5806139.1271664705,-783701.5778975599,0.9510186513814026,0.36288369544790383,False
Tim Iroegbunam,MID,8999999.999999996,9133276.208684796,8426742.703917965,133276.2086848002,1.0148084676316445,0.9363047448797743,False
Jackson Irvine,MID,2000000.0000000016,2198842.207311115,3874329.414513434,198842.2073111136,1.0994211036555568,1.9371647072567153,False
Isco,MID,6000000.0,6433105.093230004,9019688.916936161,433105.0932300044,1.0721841822050007,1.5032814861560269,False
Lee Jae-sung,MID,2499999.9999999953,2758220.4846956427,6856488.57836777,258220.48469564738,1.103288193878259,2.742595431347113,True
Kristijan Jakić,MID,6499999.999999999,6931359.500951733,6458221.1655364195,431359.5009517344,1.0663630001464206,0.9935724870056032,False
Jordan James,MID,8000000.000000002,8001075.883206175,10098674.422641264,1075.8832061728463,1.0001344854007717,1.2623343028301577,False
Vitaly Janelt,MID,20000000.000000015,21534590.949482303,24050759.977409456,1534590.9494822882,1.0767295474741143,1.2025379988704719,False
Adnan Januzaj,MID,1200000.0000000005,1258987.066064995,2086295.3147604037,58987.06606499455,1.0491558883874954,1.7385794289670025,False
Mikel Jauregizar,MID,30000000.00000005,27559160.264625758,16257894.46498439,-2440839.7353742905,0.9186386754875238,0.5419298154994788,False
Fredrik Jensen,MID,3500000.0000000056,3143366.4308166336,2355156.100849199,-356633.56918337196,0.8981046945190367,0.6729017430997701,False
Mathias Jensen,MID,14000000.00000001,14252397.726727922,14817385.07999481,252397.7267279122,1.0180284090519938,1.0583846485710573,False
Joelinton,MID,35000000.000000015,36271870.24509317,36354219.13925568,1271870.245093152,1.0363391498598042,1.0386919754073047,False
Þórir Jóhann Helgason,MID,3000000.000000001,3038826.015003436,3326219.5166298654,38826.01500343485,1.0129420050011448,1.1087398388766214,False
Curtis Jones,MID,44999999.999999985,47073964.52456068,36821196.79272059,2073964.5245606974,1.0460881005457934,0.8182488176160134,False
Frenkie de Jong,MID,44999999.999999985,44594869.480812095,46575750.975444146,-405130.51918789,0.9909970995736025,1.0350166883432035,False
Joan Jordán,MID,2499999.9999999953,2511290.890217758,3140879.5025947997,11290.89021776244,1.0045163560871049,1.2563518010379222,False
Jorginho,MID,6000000.0,5886386.726435089,4467994.051014072,-113613.27356491145,0.9810644544058481,0.744665675169012,False
Antoine Joujou,MID,2000000.0000000016,1986682.9978104057,2567520.0625381167,-13317.00218959595,0.9933414989052021,1.2837600312690574,False
Stanko Jurić,MID,1200000.0000000005,1256217.678519458,1188197.966869785,56217.67851945758,1.0468480654328813,0.9901649723914872,False
Mohamed Kaba,MID,2000000.0000000016,2034198.8751365468,1538707.2405802973,34198.87513654516,1.0170994375682725,0.769353620290148,False
Tino Kadewere,MID,2499999.9999999953,2357426.2730844417,2099315.4545273962,-142573.72691555368,0.9429705092337785,0.83972618181096,False
Daichi Kamada,MID,12000000.000000007,11702878.512092944,12233602.951485641,-297121.4879070632,0.9752398760077448,1.0194669126238027,False
Boubacar Kamara,MID,39999999.999999985,39048074.34266517,34261945.96930536,-951925.657334812,0.9762018585666297,0.8565486492326343,False
Glen Kamara,MID,4999999.999999999,5213606.191797034,4190338.7883492215,213606.19179703481,1.0427212383594069,0.8380677576698444,False
Kevin Kampl,MID,3500000.0000000056,2750035.3172331094,1228485.24424277,-749964.6827668962,0.7857243763523157,0.35099578406936227,False
Yann Karamoh,MID,1800000.000000004,1924770.0009650788,3209318.291244233,124770.00096507487,1.0693166672028191,1.7829546062467923,False
Atakan Karazor,MID,12000000.000000007,11742372.291756455,15184850.87876998,-257627.7082435526,0.9785310243130373,1.2654042398974976,False
Jesper Karlström,MID,4000000.0000000005,4029012.2805224922,4856783.415771258,29012.280522491783,1.007253070130623,1.2141958539428144,False
Grigoris Kastanos,MID,1499999.9999999986,1501386.0154952253,1663408.2817161821,1386.0154952267185,1.000924010330151,1.1089388544774559,False
Yassine Kechta,MID,4999999.999999999,4886751.757843279,4780227.375295576,-113248.24215671979,0.977350351568656,0.9560454750591153,False
Mandela Keita,MID,12000000.000000007,11164953.926241726,8049171.419478183,-835046.0737582818,0.9304128271868098,0.6707642849565149,False
Yannik Keitel,MID,3500000.0000000056,3559134.486726395,4875739.247985459,59134.48672638927,1.016895567636111,1.3930683565672717,False
Aljoscha Kemlein,MID,6999999.999999995,7261703.7293040175,6737956.387884655,261703.72930402216,1.0373862470434319,0.962565198269237,False
Luca Kerber,MID,1499999.9999999986,1651557.935939296,2640238.7415249273,151557.9359392973,1.1010386239595316,1.7601591610166198,False
Bilal El Khannouss,MID,27999999.99999999,25229713.268633332,13085029.732443096,-2770286.7313666567,0.9010611881654765,0.4673224904443965,False
Rani Khedira,MID,2499999.9999999953,2622236.697630279,2986643.6554550338,122236.69763028389,1.0488946790521136,1.1946574621820156,False
Joshua Kimmich,MID,44999999.999999985,47508677.19185026,41963339.43034876,2508677.191850275,1.0557483820411173,0.9325186540077506,False
Justin Kluivert,MID,35000000.000000015,35627289.625296585,37386252.21466493,627289.6252965704,1.017922560722759,1.0681786347047117,False
Ansgar Knauff,MID,15000000.00000001,15866764.354261408,22367701.759203684,866764.3542613983,1.0577842902840933,1.4911801172802446,False
Magnus Knudsen,MID,2499999.9999999953,2710403.8428261075,4535361.158807913,210403.84282611217,1.084161537130445,1.8141444635231685,False
Magnus Kofod Andersen,MID,999999.9999999997,1092699.2099099988,2905884.76337115,92699.20990999916,1.0926992099099992,2.905884763371151,True
Koke,MID,8000000.000000002,7942809.361045629,5476324.689189387,-57190.63895437308,0.9928511701307033,0.6845405861486732,False
Mert Kömür,MID,4999999.999999999,4794086.320755596,4456937.451113372,-205913.6792444028,0.9588172641511195,0.8913874902226746,False
Amadou Koné,MID,4000000.0000000005,4323770.196466495,10229717.314748012,323770.1964664948,1.0809425491166238,2.5574293286870025,True
Ismaël Koné,MID,8999999.999999996,9158844.808170173,6966231.553151024,158844.80817017704,1.0176494231300197,0.7740257281278918,False
Ismaël Koné,MID,8999999.999999996,8240704.097932018,3795003.433610424,-759295.9020679779,0.9156337886591135,0.4216670481789362,False
Manu Koné,MID,39999999.999999985,38330081.893499546,24808671.641259015,-1669918.1065004393,0.958252047337489,0.6202167910314756,False
Teun Koopmeiners,MID,35000000.000000015,31123551.9238638,20521089.184232302,-3876448.0761362165,0.8892443406818225,0.5863168338352084,False
Mateo Kovačić,MID,20000000.000000015,18973273.272550672,18118654.478046395,-1026726.7274493426,0.948663663627533,0.905932723902319,False
Alex Král,MID,6000000.0,5912827.129647514,4205874.225820417,-87172.87035248615,0.9854711882745857,0.7009790376367361,False
Andrej Kramarić,MID,4000000.0000000005,4036472.469713795,3195796.4860731475,36472.46971379453,1.0091181174284487,0.7989491215182868,False
Tom Krauß,MID,4000000.0000000005,4317153.175446891,5970941.68778175,317153.17544689076,1.0792882938617228,1.4927354219454374,False
Takefusa Kubo,MID,30000000.00000005,25933056.594714805,13776509.8179563,-4066943.405285243,0.8644352198238254,0.4592169939318759,False
Dejan Kulusevski,MID,50000000.00000009,47437798.27243618,30797514.366558373,-2562201.72756391,0.9487559654487219,0.6159502873311664,False
Daler Kuzyaev,MID,3500000.0000000056,2996751.8300829967,738586.2873121016,-503248.16991700884,0.8562148085951405,0.21102465351774297,False
Adam Lallana,MID,749999.9999999984,899216.0184536703,2801247.2421022523,149216.01845367195,1.198954691271563,3.734996322803011,True
Hugo Larsson,MID,39999999.999999985,36604094.591958605,23181634.799003057,-3395905.4080413803,0.9151023647989655,0.5795408699750767,False
Roméo Lavia,MID,39999999.999999985,39903025.20277337,27101470.183482785,-96974.79722661525,0.9975756300693346,0.6775367545870699,False
Enzo Le Fée,MID,17999999.999999985,16162056.680967016,4132538.408957446,-1837943.319032969,0.8978920378315016,0.22958546716430275,False
Pierre Lees-Melou,MID,6000000.0,5571790.086712602,2848362.152242732,-428209.9132873984,0.9286316811187669,0.47472702537378864,False
Félix Lemaréchal,MID,9999999.999999996,11239411.499759153,18565346.55081438,1239411.4997591563,1.1239411499759158,1.8565346550814386,False
Mario Lemina,MID,7500000.000000002,7154177.113180879,4132596.7095174193,-345822.8868191233,0.9538902817574503,0.5510128946023224,False
Johann Lepenant,MID,6000000.0,6130089.441849794,7506735.489046577,130089.44184979424,1.0216815736416325,1.251122581507763,False
Jefferson Lerma,MID,9999999.999999996,10666012.86017305,11802785.303372227,666012.860173054,1.0666012860173055,1.1802785303372232,False
Louis Leroux,MID,4000000.0000000005,3841378.1537150415,4896106.107778754,-158621.846284959,0.9603445384287602,1.2240265269446884,False
Jamie Leweling,MID,20000000.000000015,20166151.362343416,15853040.409084368,166151.36234340072,1.00830756811717,0.7926520204542178,False
Karol Linetty,MID,1800000.000000004,1866298.7725319185,1809561.8710893441,66298.77253191452,1.036832651406619,1.005312150605189,False
Samuel Lino,MID,22000000.000000007,22950897.180804268,37614650.91232573,950897.1808042601,1.0432225991274664,1.709756859651169,False
Giovani Lo Celso,MID,15000000.00000001,14298075.767160129,5512009.056521913,-701924.2328398805,0.953205051144008,0.367467270434794,False
Stanislav Lobotka,MID,24999999.999999963,23474910.61961157,13485371.605293762,-1525089.380388394,0.9389964247844641,0.5394148642117513,False
Manuel Locatelli,MID,30000000.00000005,29371663.814484954,35037252.30184712,-628336.1855150945,0.9790554604828302,1.1679084100615689,False
Ruben Loftus-Cheek,MID,9999999.999999996,10636797.084329166,10912236.740060566,636797.0843291692,1.063679708432917,1.091223674006057,False
Enzo Loiodice,MID,1200000.0000000005,1340762.242506121,2879658.6728809634,140762.2425061206,1.1173018687551004,2.399715560734135,True
Sean Longstaff,MID,20000000.000000015,19302610.44996429,12772558.65667159,-697389.5500357263,0.9651305224982137,0.638627932833579,False
Ademola Lookman,MID,60000000.0000001,63321835.466589406,83570364.37661414,3321835.4665893093,1.055363924443155,1.3928394062769,False
Diego López,MID,15000000.00000001,13600620.04238427,10904133.318668189,-1399379.9576157387,0.9067080028256175,0.7269422212445454,False
Fermin López,MID,50000000.00000009,49250654.622039974,38261730.93044479,-749345.3779601157,0.9850130924407977,0.7652346186088945,False
Roberto López,MID,999999.9999999997,993949.1578179239,1219902.4784048921,-6050.842182075721,0.9939491578179243,1.2199024784048926,False
Unai López,MID,2499999.9999999953,2379378.2285762136,3207700.3014823436,-120621.77142378176,0.9517512914304872,1.2830801205929399,False
Iker Losada,MID,1499999.9999999986,1662320.007545262,3762873.6588758784,162320.0075452635,1.108213338363509,2.508582439250588,True
Anthony Losilla,MID,499999.99999999977,521122.2388505741,783248.8449794608,21122.23885057436,1.0422444777011488,1.5664976899589225,False
Sandi Lovrić,MID,8499999.999999998,7882662.268761692,6945183.268972398,-617337.7312383065,0.9273720316190227,0.8170803845849881,False
Pol Lozano,MID,4999999.999999999,4329990.226544329,2231520.255689618,-670009.7734556701,0.8659980453088659,0.4463040511379237,False
Douglas Luiz,MID,30000000.00000005,23964183.1820547,4466616.602507754,-6035816.81794535,0.7988061060684887,0.14888722008359156,False
Saša Lukić,MID,14000000.00000001,12861517.035284303,10274310.925461505,-1138482.9647157062,0.9186797882345925,0.7338793518186784,False
Senne Lynen,MID,8999999.999999996,8800840.179817097,11704383.88004846,-199159.820182899,0.9778711310907889,1.3004870977831626,False
Alexis Mac Allister,MID,99999999.99999991,92064692.65491985,60633038.99733483,-7935307.345080063,0.9206469265491993,0.6063303899733489,False
Darwin Machís,MID,600000.0000000003,601656.4497206529,875197.5288343128,1656.4497206525411,1.0027607495344208,1.458662548057187,False
James Maddison,MID,42000000.00000003,42714309.667235106,36917366.192222774,714309.6672350764,1.0170073730294065,0.8789849093386368,False
Soungoutou Magassa,MID,12000000.000000007,12499854.045493549,14672004.249624519,499854.0454935413,1.0416545037911284,1.2226670208020425,False
Hugo Magnetti,MID,6000000.0,6195493.186028743,6406634.4989453,195493.18602874316,1.032582197671457,1.0677724164908833,False
Arne Maier,MID,4000000.0000000005,3574274.5266468227,3712884.056655636,-425725.4733531778,0.8935686316617055,0.9282210141639089,False
Kobbie Mainoo,MID,50000000.00000009,50296184.38749258,28540056.190899976,296184.3874924928,1.0059236877498499,0.5708011238179985,False
Lovro Majer,MID,16999999.999999974,15432072.05827864,6487090.695621275,-1567927.9417213332,0.9077689446046273,0.3815935703306638,False
Antoine Makoumbou,MID,3500000.0000000056,3934938.2413369482,7269514.289281896,434938.24133694265,1.124268068953412,2.077004082651967,True
Daniel Maldini,MID,9999999.999999996,9854459.106143564,6299391.7971348,-145540.8938564323,0.9854459106143567,0.6299391797134802,False
Youssef Maleh,MID,3200000.000000008,3072856.0897167427,2866561.3779813973,-127143.91028326517,0.9602675280364797,0.8958004306191845,False
Ruslan Malinovskyi,MID,2499999.9999999953,2474165.6993859117,2106459.428343781,-25834.30061408365,0.9896662797543665,0.8425837713375139,False
Lennard Maloney,MID,3500000.0000000056,3334282.5727920467,2070498.1323500327,-165717.42720795888,0.9526521636548689,0.5915708949571512,False
Rolando Mandragora,MID,12000000.000000007,12161336.74203793,9990721.32264461,161336.74203792214,1.0134447285031603,0.8325601102203837,False
Orel Mangala,MID,17999999.999999985,18788697.778804936,13470700.714346442,788697.7788049504,1.0438165432669417,0.7483722619081363,False
Pablo Marín,MID,8000000.000000002,7305139.907968091,5959324.430791956,-694860.092031911,0.9131424884960111,0.7449155538489943,False
Răzvan Marin,MID,3500000.0000000056,3242508.622685899,2969531.0667776875,-257491.37731410656,0.9264310350531125,0.8484374476507666,False
Iván Martín,MID,6000000.0,6211727.162057318,5750024.228216012,211727.1620573178,1.0352878603428863,0.9583373713693354,False
Jonas Martin,MID,600000.0000000003,564428.7044578897,511710.54173928435,-35571.29554211069,0.9407145074298155,0.8528509028988067,False
Mario Martín,MID,1499999.9999999986,1540481.7331372362,3072208.0384945413,40481.73313723761,1.0269878220914919,2.048138692329696,True
Omar Mascarell,MID,899999.9999999979,916290.920097109,2061792.5364555642,16290.920097111142,1.0181010223301235,2.2908805960617435,True
Patrizio Masini,MID,6000000.0,5956003.327249276,3533809.5614869813,-43996.67275072355,0.9926672212082127,0.5889682602478302,False
Han-Noah Massengo,MID,4999999.999999999,4948330.428375368,5741456.38018035,-51669.57162463106,0.9896660856750737,1.1482912760360702,False
Pape Matar Sarr,MID,31999999.999999955,32122116.021408077,30371110.90414238,122116.02140812203,1.003816125669004,0.9490972157544507,False
Nemanja Matić,MID,2000000.0000000016,1996378.0154296472,3586036.974517584,-3621.984570354456,0.9981890077148228,1.7930184872587904,False
Jean Mattéo Bahoya,MID,16999999.999999974,15285081.537067529,7515117.628525865,-1714918.462932445,0.8991224433569148,0.4420657428544633,False
Azor Matusiwa,MID,8000000.000000002,8348146.357199339,10125249.4731146,348146.35719933733,1.043518294649917,1.2656561841393248,False
Senny Mayulu,MID,15000000.00000001,15545045.665253278,17367960.690326944,545045.6652532686,1.0363363776835512,1.1578640460217955,False
Luca Mazzitelli,MID,1499999.9999999986,1582695.4258820228,2538600.6834699833,82695.42588202422,1.0551302839213494,1.6924004556466572,False
James Mcatee,MID,20000000.000000015,20255267.158925056,13523365.690502798,255267.15892504156,1.012763357946252,0.6761682845251394,False
John McGinn,MID,16000000.000000026,15531237.38896379,11088918.11082882,-468762.61103623547,0.9707023368102353,0.6930573819268001,False
Weston McKennie,MID,22000000.000000007,20927161.32916137,22094329.73398144,-1072838.6708386391,0.951234605870971,1.0042877151809744,False
Dwight McNeil,MID,24999999.999999963,26469857.580948338,22744897.706183456,1469857.5809483752,1.058794303237935,0.9097959082473396,False
Scott McTominay,MID,50000000.00000009,47786778.40135391,38977012.26916559,-2213221.598646179,0.9557355680270765,0.7795402453833105,False
Arthur Melo,MID,4999999.999999999,4520938.8890252095,3077865.138702329,-479061.1109747896,0.9041877778050421,0.6155730277404659,False
Brais Méndez,MID,22000000.000000007,19436473.392820552,9938115.26250976,-2563526.6071794555,0.8834760633100248,0.45173251193226166,False
Nampalys Mendy,MID,1800000.000000004,1793612.4513847015,2991026.352468413,-6387.548615302425,0.9964513618803875,1.6616813069268923,False
Mikel Merino,MID,35000000.000000015,34680844.25882915,24380386.230567314,-319155.7411708683,0.9908812645379752,0.6965824637304944,False
Víctor Meseguer,MID,1499999.9999999986,1478433.8500072877,1625540.2789463568,-21566.14999271091,0.985622566671526,1.0836935192975723,False
Junior Messias,MID,1499999.9999999986,1471751.2201660702,1207226.0967877815,-28248.77983392845,0.9811674801107143,0.8048173978585217,False
Connor Metcalfe,MID,2499999.9999999953,2467182.508948774,3267527.2408898347,-32817.49105122127,0.9868730035795115,1.3070108963559364,False
Lewis Miley,MID,22000000.000000007,20980377.355058346,13482949.828763459,-1019622.6449416615,0.9536535161390154,0.6128613558528843,False
Luis Milla,MID,3500000.0000000056,3525643.2592550307,3659820.563710486,25643.25925502507,1.0073266455014358,1.0456630182029945,False
Pere Milla,MID,1200000.0000000005,1127460.2059089488,804888.4449402441,-72539.79409105168,0.9395501715907902,0.6707403707835364,False
Enzo Millot,MID,35000000.000000015,31625961.661117084,16021166.671691181,-3374038.3388829306,0.9035989046033449,0.4577476191911764,False
Takumi Minamino,MID,15000000.00000001,14768946.590123894,18673387.36897222,-231053.40987611562,0.9845964393415924,1.2448924912648138,False
Óscar Mingueza,MID,20000000.000000015,20203039.445659634,20199715.583265375,203039.44565961882,1.010151972282981,1.009985779163268,False
Fabio Miretti,MID,14000000.00000001,15062502.103707924,13462446.844823841,1062502.1037079152,1.0758930074077082,0.9616033460588451,False
Henrikh Mkhitaryan,MID,4000000.0000000005,3640375.6700166385,4099715.994207678,-359624.329983362,0.9100939175041595,1.0249289985519194,False
Luka Modrić,MID,4000000.0000000005,4264620.856365006,6125882.358989898,264620.85636500595,1.0661552140912516,1.5314705897474743,False
Jon Moncayola,MID,6999999.999999995,6989907.193931415,9052716.502691047,-10092.806068580598,0.9985581705616313,1.2932452146701505,False
Ilaix Moriba,MID,6000000.0,7064129.471442561,18950100.42812978,1064129.4714425607,1.1773549119070934,3.1583500713549637,True
Manu Morlanes,MID,2499999.9999999953,2834006.59976656,3786945.740128849,334006.59976656456,1.1336026399066261,1.5147782960515426,False
Nikola Moro,MID,4500000.000000002,4476305.770179673,5836417.905303256,-23694.229820328765,0.9947346155954825,1.2969817567340562,False
Raúl Moro,MID,7500000.000000002,7619178.791204079,6617130.743574367,119178.79120407719,1.015890505493877,0.8822840991432487,False
Sam Morsy,MID,499999.99999999977,690459.5856368036,5817607.765047575,190459.58563680388,1.380919171273608,11.635215530095156,True
Mason Mount,MID,27999999.99999999,25872721.47241624,16032762.912358236,-2127278.527583748,0.924025766872009,0.5725986754413658,False
Louis Mouton,MID,700000.0000000006,805478.8473712878,3138043.3549813833,105478.84737128718,1.1506840676732673,4.482919078544829,True
Ngal'Ayel Mukau,MID,15000000.00000001,14228875.577830797,13588960.377128314,-771124.4221692123,0.9485917051887193,0.9059306918085537,False
Thomas Müller,MID,6000000.0,5586137.510004239,4096161.49297295,-413862.48999576084,0.9310229183340398,0.6826935821621584,False
Marshall Munetsi,MID,15000000.00000001,15400428.177732667,14140037.549012683,400428.17773265764,1.026695211848844,0.9426691699341783,False
Marshall Munetsi,MID,15000000.00000001,11664113.632852184,2603224.1407127595,-3335886.3671478257,0.7776075755234785,0.17354827604751719,False
Iker Muñoz,MID,3000000.000000001,2889646.8140813475,2475068.9460416753,-110353.18591865338,0.9632156046937822,0.8250229820138915,False
Javier Muñoz,MID,2000000.0000000016,1971155.0990722345,2392230.9338776073,-28844.900927767158,0.9855775495361164,1.1961154669388028,False
Yunus Musah,MID,20000000.000000015,20667280.532588165,15874080.948615424,667280.5325881504,1.0333640266294075,0.7937040474307706,False
Jamal Musiala,MID,139999999.99999934,139741979.13527572,88584158.23813953,-258020.8647236228,0.9981569938234027,0.6327439874152853,False
Almoatasem Al Musrati,MID,8000000.000000002,8386590.639451833,7618209.653390041,386590.6394518316,1.048323829931479,0.9522762066737549,False
Junior Mwanga,MID,6000000.0,5456946.8055514395,3832906.9233686607,-543053.1944485605,0.9094911342585733,0.6388178205614434,False
Junior Mwanga,MID,6000000.0,4906542.9399523465,3036871.9565745513,-1093457.0600476535,0.8177571566587244,0.5061453260957586,False
Bilal Nadir,MID,4999999.999999999,5428691.508764566,8428405.897973996,428691.50876456685,1.0857383017529134,1.6856811795947995,False
Sebastian Nanasi,MID,17999999.999999985,17413610.533480804,17495767.66199554,-586389.4665191807,0.967422807415601,0.9719870923330864,False
Roberto Navarro,MID,6000000.0,6280151.284323533,6655067.07396091,280151.28432353307,1.046691880720589,1.1091778456601515,False
Rassoul Ndiaye,MID,2000000.0000000016,1893917.2916629035,2012678.6293762,-106082.70833709813,0.946958645831451,1.0063393146880992,False
Wilfred Ndidi,MID,15000000.00000001,14484454.162920075,6695798.910502632,-515545.8370799348,0.9656302775280043,0.44638659403350855,False
Tanguy Ndombele,MID,6999999.999999995,7533039.314152418,14756909.180171065,533039.3141524224,1.0761484734503461,2.108129882881582,True
Cher Ndour,MID,4999999.999999999,5169869.179033418,4907858.389687468,169869.17903341912,1.033973835806684,0.9815716779374939,False
Paul Nebel,MID,24000000.0,26044258.189666215,22024449.278751515,2044258.1896662153,1.0851774245694257,0.9176853866146465,False
Florian Neuhaus,MID,3500000.0000000056,3106184.684091854,1639289.5830551148,-393815.3159081517,0.8874813383119569,0.4683684523014606,False
João Neves,MID,79999999.9999996,78634302.23347309,61304336.51974762,-1365697.7665265054,0.9829287779184186,0.7663042064968492,False
Yvan Neyou,MID,3000000.000000001,3288806.655824432,4420695.41507827,288806.6558244312,1.0962688852748104,1.473565138359423,False
Hans Nicolussi Caviglia,MID,8499999.999999998,8396042.074877933,7344791.963268823,-103957.92512206547,0.9877696558679923,0.8640931721492735,False
Saúl Ñíguez,MID,3000000.000000001,2961738.0687531405,3090010.225660733,-38261.93124686042,0.9872460229177132,1.0300034085535774,False
Tamás Nikitscher,MID,999999.9999999997,1184603.8392577153,3600016.6985664507,184603.83925771562,1.1846038392577156,3.600016698566452,True
Felix Nmecha,MID,27999999.99999999,28376618.453486968,27174623.17626278,376618.453486979,1.0134506590531065,0.9705222562950997,False
Antonio Nusa,MID,27999999.99999999,24715094.74734847,10415374.10908252,-3284905.25265152,0.8826819552624456,0.3719776467529473,False
Rabby Nzingoula,MID,2499999.9999999953,2483872.828278923,2497123.7977886065,-16127.171721072402,0.9935491313115711,0.9988495191154445,False
Christian Nørgaard,MID,11000000.000000013,10928688.329094842,16012237.942284012,-71311.67090517096,0.9935171208268027,1.4556579947530903,False
Matt O'Riley,MID,22000000.000000007,22739798.368928324,17591381.694301132,739798.368928317,1.0336271985876508,0.7996082588318694,False
Jens Odgaard,MID,12000000.000000007,13172828.667240659,29808373.817510262,1172828.6672406513,1.0977357222700541,2.484031151459187,True
Hamzat Ojediran,MID,1800000.000000004,1912165.5329136702,3693622.3942440655,112165.53291366622,1.0623141849520366,2.0520124412466987,True
Kazeem Olaigbe,MID,4999999.999999999,4759059.320688471,3915642.000497204,-240940.67931152787,0.9518118641376944,0.783128400099441,False
Finn Ole Becker,MID,2000000.0000000016,2022717.933376757,3413800.69712703,22717.933376755333,1.0113589666883775,1.7069003485635137,False
Dani Olmo,MID,60000000.0000001,59050069.082075514,31235873.07070033,-949930.917924583,0.9841678180345903,0.5205978845116713,False
Ado Onaiwu,MID,1499999.9999999986,1600429.610951089,2798585.1834728695,100429.61095109046,1.0669530739673938,1.8657234556485813,False
Amadou Onana,MID,50000000.00000009,43906293.88704946,27910543.242633235,-6093706.1129506305,0.8781258777409876,0.5582108648526637,False
Jean Onana,MID,1800000.000000004,1773649.3371746584,2561944.334983493,-26350.662825345527,0.9853607428748081,1.4233024083241597,False
Jacob Ondrejka,MID,8000000.000000002,7374881.24736527,4339348.173127923,-625118.752634732,0.9218601559206585,0.5424185216409902,False
Frank Onyeka,MID,6999999.999999995,6988923.067988219,9642006.81980134,-11076.932011776604,0.9984175811411747,1.3774295456859067,False
Aimar Oroz,MID,15000000.00000001,15009773.063147582,16191878.774434553,9773.0631475728,1.0006515375431715,1.0794585849623028,False
Patrick Osterhage,MID,9999999.999999996,9735284.373619184,9408415.583761413,-264715.6263808124,0.9735284373619187,0.9408415583761416,False
Remi Oudin,MID,3500000.0000000056,3304288.133664246,2204602.119861956,-195711.8663357594,0.9440823239040689,0.6298863199605579,False
Elisha Owusu,MID,3000000.000000001,3006509.405293711,4223557.239107788,6509.405293710064,1.00216980176457,1.4078524130359287,False
Salih Özcan,MID,4000000.0000000005,4170890.6209143903,4810963.74653969,170890.62091438984,1.0427226552285975,1.2027409366349222,False
Salih Özcan,MID,4000000.0000000005,4231284.8433635775,6336825.632927175,231284.84336357703,1.0578212108408942,1.5842064082317935,False
Exequiel Palacios,MID,39999999.999999985,34053976.099585965,14453002.182582982,-5946023.90041402,0.8513494024896494,0.3613250545645747,False
João Palhinha,MID,30000000.00000005,25759665.681133527,7826952.546867931,-4240334.318866521,0.8586555227044496,0.2608984182289306,False
Cole Palmer,MID,119999999.9999999,116912986.4221232,86415895.26481417,-3087013.577876702,0.9742748868510275,0.7201324605401187,False
Mats Pannewig,MID,999999.9999999997,1008319.8281626042,1706113.0471235507,8319.828162604594,1.0083198281626047,1.7061130471235513,False
Lucas Paquetá,MID,27999999.99999999,28059142.249764275,22974015.834855743,59142.24976428598,1.0021122232058675,0.8205005655305626,False
Leandro Paredes,MID,4999999.999999999,5032578.208576401,9283940.135522496,32578.208576401696,1.0065156417152803,1.8567880271044996,False
Daniel Parejo,MID,1499999.9999999986,1535799.753898859,3474066.7781337914,35799.75389886042,1.0238665025992404,2.316044518755863,True
Thomas Partey,MID,14000000.00000001,13873457.371608054,11194854.551632544,-126542.62839195505,0.990961240829146,0.7996324679737526,False
Mario Pašalić,MID,9999999.999999996,10950767.399372172,16432922.65843464,950767.3993721753,1.0950767399372177,1.6432922658434648,False
Aleksandar Pavlovic,MID,55000000.000000075,58093589.207722,60738601.80311845,3093589.2077219263,1.056247076504035,1.104338214602152,False
Martín Payero,MID,5500000.000000001,5054734.21994251,3296697.529929322,-445265.7800574908,0.9190425854440926,0.5993995508962403,False
Nicolás Paz,MID,999999.9999999997,1901262.790165383,23913748.108363785,901262.7901653833,1.9012627901653836,23.913748108363794,True
Pedri,MID,139999999.99999934,130459549.71547969,78436988.50849646,-9540450.284519657,0.931853926539145,0.5602642036321203,False
Lorenzo Pellegrini,MID,8999999.999999996,8826973.10852443,7062875.619810104,-173026.89147556573,0.9807747898360483,0.7847639577566786,False
Andreas Pereira,MID,17999999.999999985,17887630.477261815,17000614.316987604,-112369.52273816988,0.9937572487367683,0.9444785731659788,False
Carles Pérez,MID,2000000.0000000016,2035138.693736287,2843334.0610642927,35138.69373628544,1.0175693468681426,1.4216670305321453,False
Kike Pérez,MID,2800000.000000002,2976215.583771373,3878041.0136922393,176215.58377137128,1.062934137061204,1.3850146477472274,False
Kike Pérez,MID,2800000.000000002,2650689.8711833907,2616026.2307346086,-149310.12881661113,0.9466749539940675,0.9342950824052167,False
Gaëtan Perrin,MID,8000000.000000002,8085967.25058556,8465886.172442408,85967.2505855579,1.0107459063231947,1.0582357715553008,False
Máximo Perrone,MID,12000000.000000007,11801673.843344072,11179916.26314228,-198326.15665593557,0.983472820278672,0.9316596885951894,False
Matteo Pessina,MID,6000000.0,5600465.124615199,3057056.374007066,-399534.87538480107,0.9334108541025331,0.5095093956678443,False
Kalvin Phillips,MID,12000000.000000007,11283547.33812588,5050548.995378894,-716452.6618741266,0.9402956115104895,0.4208790829482409,False
Yeremi Pino,MID,30000000.00000005,28691472.864609122,21226814.374374352,-1308527.1353909262,0.9563824288203026,0.7075604791458106,False
Niccolò Pisilli,MID,13000000.000000013,13171881.506811555,13731005.039071718,171881.50681154244,1.0132216543701187,1.0562311568516696,False
Alassane Pléa,MID,4999999.999999999,5226904.140530301,6259546.421710682,226904.1405303022,1.0453808281060604,1.2519092843421367,False
Tommaso Pobega,MID,8999999.999999996,9659633.721148074,9019775.885939775,659633.7211480774,1.0732926356831198,1.0021973206599755,False
Beñat Prados,MID,17999999.999999985,17250446.296943862,16241295.003056113,-749553.7030561231,0.9583581276079931,0.9022941668364515,False
Matteo Prati,MID,6000000.0,5052911.327525765,2345261.50409465,-947088.6724742353,0.8421518879209607,0.39087691734910834,False
Adrien Rabiot,MID,24999999.999999963,23668098.61782353,17471870.314866498,-1331901.3821764328,0.9467239447129426,0.698874812594661,False
Hamza Rafia,MID,1699999.9999999958,1815572.9339885206,3562051.3428993984,115572.93398852483,1.0679840788167796,2.0953243193525926,True
Ylber Ramadani,MID,1800000.000000004,1795674.1049324253,1726090.6471109234,-4325.895067578647,0.9975967249624563,0.9589392483949554,False
Rayan Raveloson,MID,2000000.0000000016,2293424.50560308,4551595.751174061,293424.5056030785,1.1467122528015392,2.2757978755870285,True
Tijjani Reijnders,MID,60000000.0000001,62049896.50946736,54741280.740566656,2049896.5094672665,1.0341649418244543,0.9123546790094428,False
Rocco Reitz,MID,15000000.00000001,13518512.660706807,7530807.040823314,-1481487.3392932024,0.9012341773804532,0.502053802721554,False
Nicolai Remberg,MID,3000000.000000001,3101801.251639209,5373627.265108077,101801.25163920829,1.0339337505464028,1.7912090883693583,False
Elvis Rexhbeçaj,MID,3500000.0000000056,3745847.276525436,4720404.17714997,245847.27652543038,1.0702420790072658,1.3486869077571322,False
Samuele Ricci,MID,30000000.00000005,26975756.069673505,11483511.630198192,-3024243.9303265437,0.8991918689891154,0.3827837210066058,False
Declan Rice,MID,119999999.9999999,111477810.54884274,71023571.83451764,-8522189.451157153,0.9289817545736904,0.5918630986209809,False
Amir Richardson,MID,8499999.999999998,8619447.986074155,8908637.052399239,119447.98607415706,1.0140527042440184,1.048074947341087,False
Fabian Rieder,MID,6000000.0,6313458.142494357,5281616.294972011,313458.1424943572,1.0522430237490594,0.8802693824953352,False
Luis Rioja,MID,2000000.0000000016,2123093.364907462,5279446.220511815,123093.36490746052,1.0615466824537303,2.6397231102559053,True
Rodrigo Riquelme,MID,12000000.000000007,11902112.094269263,14043352.051790843,-97887.90573074482,0.9918426745224379,1.1702793376492362,False
Sergi Roberto,MID,1499999.9999999986,1460203.4463996824,1654297.0627330046,-39796.55360031617,0.9734689642664559,1.1028647084886707,False
Marc Roca,MID,6000000.0,5447646.402380499,5557411.2614927925,-552353.597619501,0.9079410670634165,0.9262352102487987,False
Damián Rodríguez,MID,499999.99999999977,621383.5032257615,6282513.4538790835,121383.5032257617,1.2427670064515235,12.565026907758172,True
Dani Rodríguez,MID,800000.0000000005,886335.4610485425,1569987.7507297269,86335.46104854206,1.1079193263106775,1.9624846884121574,True
Guido Rodríguez,MID,9999999.999999996,9619531.144656187,6703021.609175617,-380468.85534380935,0.961953114465619,0.6703021609175619,False
Kirian Rodríguez,MID,999999.9999999997,1175851.49799252,3301880.2593577607,175851.49799252034,1.1758514979925203,3.3018802593577616,True
Merlin Röhl,MID,12000000.000000007,11605977.044856071,6862148.137428078,-394022.955143936,0.9671647537380054,0.5718456781190061,False
Oriol Romeu,MID,1200000.0000000005,1212196.8534791588,1246515.985736588,12196.853479158366,1.0101640445659652,1.0387633214471563,False
Valentin Rongier,MID,8999999.999999996,9394237.438666146,10341507.423707094,394237.43866615,1.0438041598517944,1.1490563804118998,False
Marten de Roon,MID,4999999.999999999,4681853.020598504,5128477.324177686,-318146.9794014953,0.936370604119701,1.0256954648355374,False
Pablo Rosario,MID,8000000.000000002,8928810.301261526,15107576.16002811,928810.3012615237,1.1161012876576903,1.8884470200035133,False
Nicolò Rovella,MID,30000000.00000005,27977143.964614674,20407086.389668796,-2022856.035385374,0.9325714654871543,0.6802362129889588,False
Georginio Rutter,MID,31999999.999999955,33396312.907077357,27449259.422897186,1396312.9070774019,1.0436347783461688,0.8577893569655383,False
Marcel Sabitzer,MID,8000000.000000002,7670908.817456914,6641309.207877853,-329091.18254308775,0.9588636021821141,0.8301636509847314,False
Manolis Saliakas,MID,3000000.000000001,2956615.302375441,4354400.828089971,-43384.69762455998,0.9855384341251466,1.4514669426966567,False
Lazar Samardzic,MID,16999999.999999974,16870522.111860394,21733441.04861523,-129477.88813957945,0.9923836536388483,1.2784377087420742,False
Diadie Samassékou,MID,999999.9999999997,1195013.727771793,3844893.4259879235,195013.72777179338,1.1950137277717934,3.844893425987925,True
Albert Sambi Lokonga,MID,8000000.000000002,8371121.73529223,6901842.09994819,371121.73529222794,1.0463902169115284,0.8627302624935236,False
Oihan Sancet,MID,60000000.0000001,55660686.07223617,21757736.65460341,-4339313.927763924,0.9276781012039347,0.3626289442433896,False
Antonio Sánchez,MID,2499999.9999999953,2515944.9189182357,2816852.591982024,15944.91891824035,1.0063779675672961,1.1267410367928117,False
Iván Sánchez,MID,600000.0000000003,600196.1030931723,1145472.1270870902,196.10309317195788,1.00032683848862,1.9091202118118158,False
Juanlu Sánchez,MID,12000000.000000007,10813231.868007991,7847321.376739107,-1186768.131992016,0.901102655667332,0.6539434480615919,False
Philipp Sander,MID,4000000.0000000005,4070139.001591108,3288072.96136099,70139.00159110734,1.0175347503977767,0.8220182403402474,False
James Sands,MID,3000000.000000001,3301844.658373034,3562621.0648118546,301844.65837303316,1.1006148861243443,1.1875403549372845,False
Ibrahim Sangaré,MID,24000000.0,22134318.002040226,14532496.086927066,-1865681.997959774,0.9222632500850094,0.6055206702886278,False
Kaishu Sano,MID,20000000.000000015,20026986.879032347,10396219.100563908,26986.87903233245,1.0013493439516166,0.519810955028195,False
Baptiste Santamaria,MID,6999999.999999995,6965080.2832272425,8410041.713350553,-34919.716772752814,0.9950114690324638,1.2014345304786513,False
Baptiste Santamaria,MID,6999999.999999995,6272204.004051966,2046885.9799561114,-727795.9959480297,0.8960291434359957,0.29241228285087323,False
Andrey Santos,MID,35000000.000000015,36482421.72089748,31341156.681961916,1482421.720897466,1.0423549063113562,0.8954616194846258,False
Pablo Sarabia,MID,4999999.999999999,5107110.741569087,5959159.306523853,107110.74156908784,1.0214221483138175,1.191831861304771,False
Ismaila Sarr,MID,24999999.999999963,25495826.345649205,43748358.991636835,495826.3456492424,1.0198330538259697,1.749934359665476,False
Téji Savanier,MID,8999999.999999996,7999144.249119756,2380069.693701684,-1000855.7508802405,0.888793805457751,0.2644521881890761,False
András Schäfer,MID,4999999.999999999,4845641.383900386,3249460.118494983,-154358.6160996128,0.9691282767800774,0.6498920236989967,False
Romano Schmid,MID,16999999.999999974,16856834.044656895,19459107.894682772,-143165.95534307882,0.9915784732151129,1.1446534055695765,False
Jan Schöppner,MID,4000000.0000000005,4322105.311641213,6188287.2560295025,322105.3116412121,1.080526327910303,1.5470718140073754,False
Alex Scott,MID,20000000.000000015,18795339.561235745,11971292.627675023,-1204660.4387642704,0.9397669780617866,0.5985646313837507,False
Nicolas Seiwald,MID,17999999.999999985,17597660.93704666,8736263.893454684,-402339.06295332685,0.9776478298359262,0.4853479940808162,False
Stefano Sensi,MID,999999.9999999997,1087286.1398953262,3027854.41581766,87286.13989532657,1.0872861398953266,3.027854415817661,True
Suat Serdar,MID,4500000.000000002,4194184.9248014414,2951683.2235247125,-305815.0751985605,0.9320410944003199,0.6559296052277136,False
Vincent Sierro,MID,4000000.0000000005,4055252.034170081,5365333.949334836,55252.03417008044,1.01381300854252,1.3413334873337088,False
Bernardo Silva,MID,37999999.99999996,37682178.80248469,20677606.764339212,-317821.1975152716,0.9916362842759139,0.5441475464299798,False
Giuliano Simeone,MID,35000000.000000015,34746147.59522184,38007929.1601442,-253852.40477817506,0.992747074149195,1.0859408331469766,False
Xavi Simons,MID,69999999.99999967,66754197.29803637,39758398.305013135,-3245802.7019633055,0.9536313899719525,0.5679771186430475,False
Ibrahima Sissoko,MID,6000000.0,5683519.563377699,4371867.706858376,-316480.4366223011,0.9472532605629498,0.7286446178097293,False
Ellyes Skhiri,MID,7500000.000000002,8029542.08951337,13134511.654243948,529542.089513368,1.0706056119351157,1.7512682205658592,False
Oliver Skipp,MID,9999999.999999996,10065303.845833218,10191343.056680968,65303.84583322145,1.0065303845833222,1.0191343056680973,False
William Smallbone,MID,6000000.0,6348329.827545303,8076312.712607019,348329.8275453029,1.0580549712575504,1.3460521187678365,False
Emile Smith Rowe,MID,30000000.00000005,29703304.236352514,28539833.193137635,-296695.76364753395,0.9901101412117489,0.9513277731045863,False
Simon Sohm,MID,4999999.999999999,5231010.885367506,9847943.101192923,231010.88536750712,1.0462021770735015,1.969588620238585,True
Alex Sola,MID,2499999.9999999953,2604655.46944313,3288973.296481777,104655.4694431345,1.0418621877772538,1.3155893185927132,False
Ola Solbakken,MID,2300000.0,2451400.307040887,3345373.9626954296,151400.30704088695,1.0658262204525595,1.4545104185632303,False
Carlos Soler,MID,17999999.999999985,17809700.2396249,10882459.85876501,-190299.76037508622,0.989427791090273,0.6045811032647233,False
Jhon Solis,MID,2499999.9999999953,2513846.363631952,2297220.839457699,13846.363631956745,1.0055385454527828,0.9188883357830814,False
Hugo Sotelo,MID,4000000.0000000005,3889097.753955558,6541847.277657504,-110902.24604444252,0.9722744384888894,1.635461819414376,False
Tomáš Souček,MID,17999999.999999985,17269282.933952015,12797870.425353201,-730717.0660479702,0.9594046074417794,0.7109928014085117,False
Matìas Soulé,MID,30000000.00000005,31573468.77162137,29297661.577167958,1573468.7716213204,1.052448959054044,0.9765887192389303,False
Boubakary Soumaré,MID,14000000.00000001,13181052.919603853,8815893.459886856,-818947.0803961568,0.9415037799717031,0.6297066757062036,False
Djibril Sow,MID,7500000.000000002,7560041.639736231,6072290.521682601,60041.639736229554,1.0080055519648305,0.8096387362243467,False
Anton Stach,MID,14000000.00000001,14266263.889595853,12769775.944264177,266263.88959584385,1.019018849256846,0.9121268531617264,False
Jens Stage,MID,14000000.00000001,14016155.618693944,14169103.682465207,16155.618693934754,1.0011539727638525,1.0120788344618,False
Angelo Stiller,MID,44999999.999999985,38742670.70106051,14872123.772970257,-6257329.298939474,0.860948237801345,0.3304916393993392,False
Kevin Stöger,MID,3500000.0000000056,3688316.545179589,4223510.0250386335,188316.5451795836,1.0538047271941666,1.2067171500110363,False
Denis Suárez,MID,1200000.0000000005,1229234.4976676414,2130143.158869658,29234.497667640913,1.0243620813897008,1.7751192990580478,False
Luka Sučić,MID,15000000.00000001,14872906.138448196,9679345.169564284,-127093.86155181378,0.9915270758965458,0.6452896779709519,False
Ibrahim Sulemana,MID,6999999.999999995,6505549.665068404,5235167.511233627,-494450.3349315915,0.9293642378669155,0.7478810730333758,False
Tomáš Suslov,MID,6000000.0,5547520.115389262,6372763.92266994,-452479.8846107377,0.9245866858982104,1.06212732044499,False
Mattias Svanberg,MID,12000000.000000007,11446481.05854173,5716222.997104026,-553518.9414582774,0.9538734215451435,0.47635191642533525,False
Dominik Szoboszlai,MID,79999999.9999996,82066246.56660275,76533453.5986689,2066246.566603154,1.0258280820825396,0.9566681699833661,False
Adrien Tameze,MID,2000000.0000000016,1940372.950991363,1326433.6778965478,-59627.0490086386,0.9701864754956807,0.6632168389482733,False
Renato Tapia,MID,2000000.0000000016,1969104.8966866308,2351786.456977012,-30895.10331337084,0.9845524483433146,1.175893228488505,False
Florian Tardieu,MID,600000.0000000003,638295.3346799812,1115086.2220350753,38295.33467998088,1.063825557799968,1.8584770367251244,False
Oussama Targhalline,MID,4000000.0000000005,4292507.629404586,7043835.609058933,292507.62940458534,1.0731269073511462,1.7609589022647332,False
Jack Taylor,MID,3000000.000000001,3175441.045034863,5405342.863084732,175441.04503486212,1.058480348344954,1.8017809543615766,False
Álvaro Tejero,MID,1800000.000000004,1689634.8470508654,1382804.3933287137,-110365.15294913854,0.9386860261393676,0.7682246629603948,False
Nathan Tella,MID,15000000.00000001,14566003.773744447,16362997.318591805,-433996.22625556216,0.9710669182496292,1.0908664879061196,False
Ramón Terrats,MID,4000000.0000000005,3892862.3849349692,3681972.123133902,-107137.61506503122,0.9732155962337422,0.9204930307834754,False
Martin Terrier,MID,16999999.999999974,17147568.896224257,11534426.799887486,147568.89622428268,1.0086805233073108,0.6784956941110296,False
Tanner Tessmann,MID,6000000.0,6378859.206272787,13890453.933763418,378859.2062727874,1.0631432010454647,2.3150756556272363,True
Teddy Teuma,MID,3000000.000000001,3004467.881248684,2258705.453572403,4467.881248683203,1.001489293749561,0.7529018178574675,False
Adrien Thomasson,MID,4999999.999999999,5298306.9529492995,9149579.232180653,298306.9529493004,1.0596613905898602,1.829915846436131,False
Morten Thorsby,MID,3000000.000000001,2841735.147485213,3484180.835283441,-158264.85251478804,0.9472450491617374,1.1613936117611467,False
Khéphren Thuram,MID,39999999.999999985,37162460.38077564,39731808.781302206,-2837539.619224347,0.9290615095193913,0.9932952195325555,False
Youri Tielemans,MID,37999999.99999996,40286325.06371179,43980002.94438917,2286325.0637118295,1.0601664490450482,1.1573684985365582,False
Umut Tohumcu,MID,6000000.0,5041817.769699885,1503777.867099374,-958182.2303001154,0.8403029616166474,0.25062964451656233,False
Corentin Tolisso,MID,12000000.000000007,12034027.35368745,12995614.00582357,34027.35368744284,1.0028356128072868,1.0829678338186302,False
Sandro Tonali,MID,60000000.0000001,58337116.06351534,37482933.8289392,-1662883.936484754,0.9722852677252541,0.6247155638156523,False
Pablo Torre,MID,6000000.0,6223634.422943297,10777500.293487756,223634.42294329684,1.0372724038238827,1.796250048914626,False
Lucas Torró,MID,3000000.000000001,3175383.4382598097,2889560.9053506507,175383.4382598088,1.058461146086603,0.9631869684502166,False
Abdoulaye Touré,MID,3000000.000000001,3029016.5856410293,3094107.960297769,29016.58564102836,1.009672195213676,1.031369320099256,False
Birama Touré,MID,800000.0000000005,776325.9350911932,1111212.9576309314,-23674.064908807282,0.970407418863991,1.3890161970386634,False
Lucas Tousart,MID,2499999.9999999953,2548028.792414403,2269549.5140578453,48028.79241440771,1.0192115169657632,0.9078198056231398,False
Óscar Trejo,MID,499999.99999999977,507052.3219752953,770925.3011721113,7052.321975295548,1.0141046439505912,1.5418506023442233,False
Philipp Treu,MID,4999999.999999999,5285252.647351967,9692728.301118696,285252.6473519681,1.0570505294703936,1.9385456602237396,True
Beñat Turrientes,MID,9999999.999999996,9418109.480924502,4725851.88943897,-581890.5190754943,0.9418109480924506,0.47258518894389717,False
Lesley Ugochukwu,MID,17999999.999999985,18542678.00226208,11189674.555252444,542678.0022620931,1.0301487779034497,0.6216485864029141,False
Kacper Urbanski,MID,6000000.0,5808432.789547548,3616214.3605425996,-191567.2104524523,0.9680721315912579,0.6027023934237666,False
Can Uzun,MID,17999999.999999985,16846843.71707832,10885516.957914816,-1153156.2829216644,0.9359357620599075,0.6047509421063791,False
Óscar Valentín,MID,2499999.9999999953,2509007.79376762,3989922.145046821,9007.793767624535,1.00360311750705,1.5959688580187312,False
Federico Valverde,MID,129999999.99999997,126086584.62093891,53183959.77830242,-3913415.379061058,0.9698968047764533,0.40910738291001875,False
Ruben Vargas,MID,6999999.999999995,6063040.179025739,2690367.1421568873,-936959.8209742559,0.8661485970036776,0.38433816316526986,False
Matías Vecino,MID,2000000.0000000016,1992125.4037046067,2756888.870639256,-7874.596295394935,0.9960627018523025,1.378444435319627,False
Jordan Veretout,MID,4000000.0000000005,4010131.742244032,4990963.458075851,10131.742244031746,1.002532935561008,1.2477408645189627,False
Arthur Vermeeren,MID,22000000.000000007,19552856.47454237,7486071.57076725,-2447143.5254576392,0.8887662033882892,0.3402759804894203,False
Yorbe Vertessen,MID,6000000.0,6086411.290799051,5479142.536421463,86411.29079905059,1.0144018817998417,0.9131904227369105,False
Mikel Vesga,MID,2499999.9999999953,2569709.484692704,4524634.121024775,69709.48469270859,1.0278837938770835,1.8098536484099135,False
Samuele Vignato,MID,2199999.9999999995,2213036.996495493,2971116.8220424512,13036.996495493688,1.0059259074979516,1.3505076463829326,False
Vitinha,MID,8000000.000000002,10501886.802430933,47413700.55187368,2501886.8024309315,1.3127358503038664,5.926712568984208,True
Nikola Vlašić,MID,8000000.000000002,7774219.295788502,5604238.880056126,-225780.70421149954,0.9717774119735626,0.7005298600070156,False
Aster Vranckx,MID,6999999.999999995,6807440.060356283,2667108.8959736177,-192559.9396437127,0.9724914371937553,0.3810155565676599,False
Paul Wanner,MID,17999999.999999985,17543487.92832097,10418528.352752937,-456512.0716790147,0.9746382182400547,0.578807130708497,False
James Ward-Prowse,MID,8000000.000000002,7695272.647214204,8579238.882587895,-304727.3527857978,0.9619090809017753,1.0724048603234866,False
James Ward-Prowse,MID,8000000.000000002,8068900.4617893,6462135.34992318,68900.46178929787,1.0086125577236622,0.8077669187403974,False
Julian Weigl,MID,6000000.0,5946957.557166071,5098175.556747255,-53042.44283392932,0.9911595928610117,0.8496959261245425,False
Adam Wharton,MID,44999999.999999985,40449044.81518997,17384982.065975647,-4550955.184810013,0.8988676625597775,0.38633293479945896,False
Joe Willock,MID,22000000.000000007,21307984.18522879,19501015.79214031,-692015.8147712164,0.9685447356922174,0.88640980873365,False
Patrick Wimmer,MID,15000000.00000001,14990214.605301417,11585866.572419867,-9785.394698591903,0.9993476403534272,0.7723911048279907,False
Harry Winks,MID,8999999.999999996,8515820.136238124,4942874.890157881,-484179.86376187205,0.9462022373597919,0.5492083211286537,False
Florian Wirtz,MID,139999999.99999934,127795235.90146962,65734478.72759677,-12204764.098529726,0.9128231135819301,0.4695319909114077,False
Dani de Wit,MID,2499999.9999999953,2322075.689382115,2155486.1449090578,-177924.31061788043,0.9288302757528477,0.8621944579636247,False
Jeong Woo-yeong,MID,4000000.0000000005,4159211.202956366,5645769.969580672,159211.20295636542,1.0398028007390914,1.4114424923951678,False
Granit Xhaka,MID,12000000.000000007,11342744.35179449,7143666.687739333,-657255.6482055169,0.9452286959828736,0.5953055573116107,False
Yehor Yarmoliuk,MID,15000000.00000001,17171012.127573017,33465372.407832038,2171012.1275730077,1.1447341418382004,2.231024827188801,True
Ryan Yates,MID,12000000.000000007,12376763.108547209,15198769.053765973,376763.1085472014,1.0313969257122668,1.2665640878138302,False
Warren Zaïre-Emery,MID,55000000.000000075,55294574.20658305,52933259.73194655,294574.20658297837,1.005355894665145,0.9624229042172087,False
Denis Zakaria,MID,30000000.00000005,30371676.51978425,36815544.38233597,371676.51978420094,1.01238921732614,1.2271848127445304,False
Oier Zarraga,MID,2000000.0000000016,2044676.5722056841,2644986.5276828436,44676.57220568252,1.0223382861028412,1.3224932638414206,False
Kevin Zeroli,MID,2000000.0000000016,2075793.4221671855,3089434.817191904,75793.42216718383,1.037896711083592,1.5447174085959507,False
Piotr Zieliński,MID,9999999.999999996,9880589.359971032,7571725.366491609,-119410.64002896473,0.9880589359971035,0.7571725366491612,False
Martín Zubimendi,MID,60000000.0000001,45985696.85270683,12629608.873037793,-14014303.14729327,0.7664282808784458,0.21049348121729622,False
Martin Ødegaard,MID,85000000.00000004,89287859.61107667,94374846.99012394,4287859.611076623,1.0504454071891367,1.1102923175308694,False
Yunis Abdelhamid,DEF,399999.9999999999,450249.34375,671627.375,50249.34375000012,1.1256233593750002,1.6790684375000005,False
Mohamed Abdelmoneim,DEF,4000000.0000000005,5609772.5,6041346.5,1609772.4999999995,1.4024431249999998,1.5103366249999999,False
Ali Abdi,DEF,3000000.000000001,3700118.25,4716317.0,700118.2499999991,1.2333727499999996,1.5721056666666662,False
Abner,DEF,6999999.999999995,7557166.0,8400251.0,557166.0000000047,1.0795951428571435,1.200035857142858,False
Abdel Abqar,DEF,7500000.000000002,5821842.0,5473602.0,-1678158.0000000019,0.7762455999999998,0.7298135999999998,False
Francesco Acerbi,DEF,3000000.000000001,2888674.0,2362050.75,-111326.00000000093,0.962891333333333,0.7873502499999998,False
Tosin Adarabioyo,DEF,20000000.000000015,22377506.0,22627944.0,2377505.999999985,1.1188752999999991,1.1313971999999992,False
Emmanuel Agbadou,DEF,20000000.000000015,26237912.0,23677770.0,6237911.999999985,1.311895599999999,1.183888499999999,False
Emmanuel Agbadou,DEF,20000000.000000015,11831113.0,9180977.0,-8168887.000000015,0.5915556499999995,0.4590488499999997,False
Felix Agu,DEF,8000000.000000002,7044255.0,6893383.5,-955745.0000000019,0.8805318749999997,0.8616729374999998,False
Nayef Aguerd,DEF,17999999.999999985,13356893.0,12837262.0,-4643106.999999985,0.7420496111111117,0.7131812222222228,False
Ruben Aguilar,DEF,3500000.0000000056,2991262.0,2643351.5,-508738.0000000056,0.8546462857142844,0.7552432857142846,False
Honest Ahanor,DEF,4999999.999999999,3967441.0,1629888.5,-1032558.9999999991,0.7934882000000002,0.32597770000000004,False
Joseph Aidoo,DEF,1200000.0000000005,1378860.0,1738362.875,178859.99999999953,1.1490499999999995,1.448635729166666,False
Ola Aina,DEF,22000000.000000007,20978222.0,21886456.0,-1021778.0000000075,0.9535555454545451,0.9948389090909088,False
Rayan Aït-Nouri,DEF,35000000.000000015,29972982.0,20255026.0,-5027018.000000015,0.8563709142857139,0.5787150285714283,False
Kristoffer Ajer,DEF,17999999.999999985,22369140.0,21365802.0,4369140.000000015,1.242730000000001,1.186989000000001,False
Manuel Akanji,DEF,27999999.99999999,29819704.0,23415086.0,1819704.0000000112,1.064989428571429,0.8362530714285717,False
Ümit Akdag,DEF,600000.0000000003,1058075.875,2518333.0,458075.87499999965,1.7634597916666657,4.197221666666664,True
Nathan Aké,DEF,24999999.999999963,17689002.0,9522300.0,-7310997.999999963,0.707560080000001,0.38089200000000056,False
Sergio Akieme,DEF,6999999.999999995,4699081.5,3764032.5,-2300918.4999999953,0.6712973571428575,0.5377189285714289,False
Clément Akpa,DEF,4999999.999999999,5963621.5,6238216.0,963621.5000000009,1.1927243000000003,1.2476432000000002,False
Kevin Akpoguma,DEF,2499999.9999999953,2136321.5,1967718.625,-363678.49999999534,0.8545286000000016,0.7870874500000015,False
David Alaba,DEF,6000000.0,4654978.0,2938655.75,-1345022.0,0.7758296666666666,0.4897759583333333,False
Raúl Albiol,DEF,999999.9999999997,1050691.125,1130283.25,50691.12500000035,1.0506911250000004,1.1302832500000004,False
Omar Alderete,DEF,8000000.000000002,8953311.0,8935210.0,953310.9999999981,1.1191638749999997,1.1169012499999997,False
Trent Alexander-Arnold,DEF,75000000.0000003,66166236.0,51790348.0,-8833764.000000298,0.8822164799999965,0.6905379733333306,False
Marcos Alonso,DEF,1499999.9999999986,1916118.625,2683739.25,416118.6250000014,1.2774124166666678,1.7891595000000016,False
Giorgio Altare,DEF,999999.9999999997,1755529.375,1845710.25,755529.3750000003,1.7555293750000005,1.8457102500000007,False
Adrià Altimira,DEF,2000000.0000000016,2643946.5,3114712.5,643946.4999999984,1.321973249999999,1.5573562499999987,False
Yeray Álvarez,DEF,6999999.999999995,6823327.5,6667713.0,-176672.49999999534,0.974761071428572,0.9525304285714292,False
Harry Amass,DEF,4999999.999999999,5450053.0,8248176.0,450053.00000000093,1.0900106000000003,1.6496352000000003,False
Jordan Amavi,DEF,1200000.0000000005,1470087.75,1868402.125,270087.74999999953,1.2250731249999995,1.5570017708333328,False
Kelvin Amian,DEF,2499999.9999999953,2526916.75,2697585.5,26916.750000004657,1.0107667000000018,1.079034200000002,False
Samuel Amo-Ameyaw,DEF,4000000.0000000005,4705876.0,5113683.0,705875.9999999995,1.1764689999999998,1.2784207499999998,False
Joachim Andersen,DEF,26999999.999999993,28728408.0,33411394.0,1728408.0000000075,1.0640151111111114,1.2374590370370373,False
Angeliño,DEF,20000000.000000015,19767864.0,20218858.0,-232136.0000000149,0.9883931999999993,1.0109428999999992,False
Waldemar Anton,DEF,17999999.999999985,19695116.0,16751124.0,1695116.000000015,1.094173111111112,0.9306180000000007,False
Dennis Appiah,DEF,800000.0000000005,863384.25,946939.0625,63384.249999999534,1.0792303124999993,1.1836738281249992,False
Jon Aramburu,DEF,15000000.00000001,11369887.0,10900247.0,-3630113.0000000093,0.7579924666666662,0.7266831333333329,False
Julian Araujo,DEF,9999999.999999996,6689770.0,4595628.0,-3310229.9999999963,0.6689770000000003,0.45956280000000016,False
Ronald Araújo,DEF,35000000.000000015,28349176.0,23608682.0,-6650824.000000015,0.8099764571428568,0.6745337714285712,False
Carlens Arcus,DEF,1800000.000000004,1867442.0,2285599.75,67441.99999999604,1.0374677777777754,1.2697776388888862,False
Jesús Areso,DEF,12000000.000000007,12951971.0,12603647.0,951970.9999999925,1.079330916666666,1.0503039166666661,False
Arthur,DEF,6999999.999999995,5026439.0,4121982.0,-1973560.9999999953,0.7180627142857148,0.5888545714285718,False
Raúl Asencio,DEF,39999999.999999985,33728532.0,31739218.0,-6271467.999999985,0.8432133000000003,0.7934804500000003,False
Lorenz Assignon,DEF,8999999.999999996,10404362.0,11845113.0,1404362.0000000037,1.1560402222222228,1.3161236666666671,False
Tommaso Augello,DEF,1800000.000000004,2242067.75,2637454.25,442067.74999999604,1.2455931944444416,1.465252361111108,False
Carlos Augusto,DEF,25999999.999999985,23197888.0,18546508.0,-2802111.999999985,0.8922264615384621,0.7133272307692312,False
Adam Aznou,DEF,4000000.0000000005,5051581.5,6040661.0,1051581.4999999995,1.2628953749999998,1.5101652499999998,False
César Azpilicueta,DEF,1499999.9999999986,1254039.875,1155627.125,-245960.1249999986,0.8360265833333341,0.7704180833333341,False
Paulo Azzi,DEF,800000.0000000005,994124.6875,1764864.375,194124.68749999953,1.2426558593749992,2.206080468749999,True
Loïc Bade,DEF,24999999.999999963,12585390.0,10765470.0,-12414609.999999963,0.5034156000000007,0.43061880000000063,False
Benoît Badiashile,DEF,22000000.000000007,18845114.0,18262802.0,-3154886.0000000075,0.8565960909090906,0.8301273636363633,False
Juma Bah,DEF,6000000.0,3895214.5,2546189.0,-2104785.5,0.6492024166666667,0.42436483333333336,False
Juma Bah,DEF,6000000.0,6327251.0,5738069.0,327251.0,1.0545418333333334,0.9563448333333333,False
Eric Bailly,DEF,2000000.0000000016,2198731.5,2033284.75,198731.49999999837,1.0993657499999991,1.016642374999999,False
Ridle Baku,DEF,8999999.999999996,5246380.5,3922281.25,-3753619.4999999963,0.5829311666666669,0.43580902777777797,False
Alejandro Balde,DEF,60000000.0000001,45975340.0,36910740.0,-14024660.000000097,0.7662556666666654,0.615178999999999,False
Leonardo Balerdi,DEF,20000000.000000015,25442980.0,30205182.0,5442979.999999985,1.272148999999999,1.510259099999999,False
Iván Balliu,DEF,1400000.0000000033,1173415.875,816300.6875,-226584.12500000326,0.8381541964285695,0.5830719196428558,False
Fodé Ballo-Touré,DEF,1200000.0000000005,1487104.625,2036587.75,287104.62499999953,1.2392538541666662,1.6971564583333327,False
Botond Balogh,DEF,2400000.000000001,3777550.25,4854747.0,1377550.249999999,1.5739792708333327,2.0228112499999993,False
Abdoulaye Bamba,DEF,300000.0000000003,449321.96875,654097.4375,149321.9687499997,1.497739895833332,2.1803247916666644,True
Mattia Bani,DEF,2499999.9999999953,2478490.75,2385731.25,-21509.249999995343,0.9913963000000019,0.9542925000000018,False
Noahkai Banks,DEF,6000000.0,5093086.0,3554099.0,-906914.0,0.8488476666666667,0.5923498333333334,False
Federico Barba,DEF,499999.99999999977,1045595.3125,2005120.5,545595.3125000002,2.091190625000001,4.0102410000000015,True
Valentín Barco,DEF,12000000.000000007,10474790.0,5861401.5,-1525210.0000000075,0.8728991666666661,0.4884501249999997,False
Melvin Bard,DEF,15000000.00000001,18482520.0,20094870.0,3482519.9999999907,1.2321679999999993,1.3396579999999991,False
Marc Bartra,DEF,999999.9999999997,1157941.625,1636984.125,157941.62500000035,1.1579416250000003,1.6369841250000006,False
Federico Baschirotto,DEF,3600000.0000000014,4033964.25,4516667.0,433964.2499999986,1.1205456249999997,1.2546297222222218,False
Calvin Bassey,DEF,24999999.999999963,32745604.0,31672878.0,7745604.000000037,1.309824160000002,1.266915120000002,False
Alessandro Bastoni,DEF,79999999.9999996,45044924.0,34566136.0,-34955075.9999996,0.5630615500000028,0.4320767000000022,False
Dylan Batubinsika,DEF,1200000.0000000005,1852163.875,2255906.0,652163.8749999995,1.5434698958333328,1.879921666666666,False
Maximilian Bauer,DEF,2000000.0000000016,2485722.25,2889947.0,485722.24999999837,1.242861124999999,1.4449734999999988,False
Timo Becker,DEF,1499999.9999999986,2691769.75,4521614.5,1191769.7500000014,1.7945131666666683,3.0144096666666695,True
Jan Bednarek,DEF,8999999.999999996,8867409.0,6431470.5,-132590.99999999627,0.9852676666666671,0.7146078333333337,False
Stefan Bell,DEF,800000.0000000005,1241519.0,1601294.5,441518.99999999953,1.551898749999999,2.001618124999999,False
Armel Bella Kotchap,DEF,8999999.999999996,8177536.0,6584937.0,-822463.9999999963,0.9086151111111115,0.7316596666666669,False
Raoul Bellanova,DEF,24000000.0,27850796.0,32243772.0,3850796.0,1.1604498333333333,1.3434905,False
Héctor Bellerín,DEF,2000000.0000000016,2617276.25,3262672.0,617276.2499999984,1.308638124999999,1.6313359999999986,False
Ramy Bensebaini,DEF,6999999.999999995,8168159.5,8082858.5,1168159.5000000047,1.1668799285714293,1.1546940714285723,False
Lucas Beraldo,DEF,24999999.999999963,34059980.0,35568144.0,9059980.000000037,1.362399200000002,1.422725760000002,False
Yuri Berchiche,DEF,1400000.0000000033,1522659.25,1277716.625,122659.24999999674,1.0876137499999974,0.912654732142855,False
Bernardo,DEF,5500000.000000001,4203910.0,3096887.75,-1296090.000000001,0.7643472727272727,0.5630704999999999,False
Maxime Bernauer,DEF,2000000.0000000016,2839758.75,3114222.5,839758.7499999984,1.419879374999999,1.5571112499999988,False
Juan Berrocal,DEF,1499999.9999999986,1727066.75,1622843.75,227066.7500000014,1.1513778333333344,1.0818958333333344,False
Sam Beukema,DEF,27999999.99999999,25736168.0,24209194.0,-2263831.999999989,0.9191488571428575,0.8646140714285718,False
Jaka Bijol,DEF,17999999.999999985,14156100.0,12723764.0,-3843899.999999985,0.7864500000000006,0.7068757777777783,False
Cristiano Biraghi,DEF,1800000.000000004,1746605.25,1555200.0,-53394.75000000396,0.9703362499999979,0.8639999999999981,False
Cristiano Biraghi,DEF,1800000.000000004,2033050.125,2565833.75,233050.12499999604,1.1294722916666642,1.4254631944444414,False
Samuele Birindelli,DEF,2800000.000000002,3038219.75,2758414.0,238219.74999999814,1.0850784821428565,0.9851478571428565,False
Emmanuel Biumla,DEF,4000000.0000000005,4097138.25,4008829.0,97138.24999999953,1.0242845624999999,1.0022072499999999,False
Daley Blind,DEF,1499999.9999999986,1138025.375,951561.4375,-361974.6249999986,0.7586835833333341,0.6343742916666673,False
Sacha Boey,DEF,17999999.999999985,12415466.0,10436799.0,-5584533.999999985,0.6897481111111117,0.5798221666666672,False
Lamare Bogarde,DEF,6000000.0,9271056.0,11632326.0,3271056.0,1.545176,1.938721,False
Adama Boiro,DEF,2499999.9999999953,5081776.5,7311445.5,2581776.5000000047,2.0327106000000037,2.9245782000000053,True
Moïse Bombito,DEF,9999999.999999996,17313018.0,20833994.0,7313018.000000004,1.7313018000000007,2.0833994000000007,True
Sebastiaan Bornauw,DEF,6000000.0,6410980.5,5816925.0,410980.5,1.06849675,0.9694875,False
Sven Botman,DEF,42000000.00000003,27549540.0,21028818.0,-14450460.00000003,0.6559414285714281,0.5006861428571425,False
Enzo Boyomo,DEF,20000000.000000015,14805022.0,11952870.0,-5194978.000000015,0.7402510999999995,0.5976434999999996,False
Enzo Boyomo,DEF,20000000.000000015,13284026.0,5055765.0,-6715974.000000015,0.6642012999999996,0.2527882499999998,False
Domagoj Bradarić,DEF,4000000.0000000005,2981780.5,2649388.25,-1018219.5000000005,0.7454451249999999,0.6623470625,False
Conor Bradley,DEF,30000000.00000005,33038330.0,30468806.0,3038329.9999999516,1.1012776666666648,1.015626866666665,False
Jarrad Branthwaite,DEF,50000000.00000009,40493464.0,34348992.0,-9506536.00000009,0.8098692799999986,0.6869798399999988,False
Lilian Brassier,DEF,9999999.999999996,7608568.0,4489440.0,-2391431.9999999963,0.7608568000000003,0.4489440000000002,False
Lilian Brassier,DEF,9999999.999999996,14445027.0,15090259.0,4445027.000000004,1.4445027000000006,1.5090259000000006,False
James Bree,DEF,2499999.9999999953,3658870.0,5722270.5,1158870.0000000047,1.4635480000000027,2.2889082000000043,True
Arvid Brorsson,DEF,600000.0000000003,980915.625,1634467.875,380915.62499999965,1.6348593749999991,2.7241131249999984,True
Nathaniel Brown,DEF,22000000.000000007,21841086.0,20637746.0,-158914.00000000745,0.992776636363636,0.9380793636363634,False
Santiago Bueno,DEF,9999999.999999996,12159455.0,13008468.0,2159455.0000000037,1.2159455000000003,1.3008468000000004,False
Alessandro Buongiorno,DEF,50000000.00000009,26057424.0,21273860.0,-23942576.00000009,0.521148479999999,0.4254771999999992,False
Cameron Burgess,DEF,2000000.0000000016,2846923.0,4994591.0,846922.9999999984,1.4234614999999988,2.497295499999998,True
Dan Burn,DEF,6000000.0,7978556.5,8827811.0,1978556.5,1.3297594166666666,1.4713018333333334,False
Marnon Busch,DEF,1200000.0000000005,1261911.0,1864760.0,61910.999999999534,1.0515924999999995,1.553966666666666,False
Aurélio Buta,DEF,4999999.999999999,2886952.5,3196336.5,-2113047.499999999,0.5773905000000001,0.6392673000000001,False
Leandro Cabrera,DEF,999999.9999999997,1079475.625,1215804.875,79475.62500000035,1.0794756250000004,1.2158048750000003,False
Anthony Caci,DEF,12000000.000000007,14076860.0,14285454.0,2076859.9999999925,1.1730716666666658,1.1904544999999993,False
Davide Calabria,DEF,4500000.000000002,4964019.5,7345769.0,464019.49999999814,1.103115444444444,1.6323931111111105,False
Davide Calabria,DEF,4500000.000000002,4997211.5,4958029.5,497211.49999999814,1.110491444444444,1.1017843333333328,False
Riccardo Calafiori,DEF,35000000.000000015,29491638.0,28795392.0,-5508362.000000015,0.8426182285714282,0.8227254857142854,False
Luca Caldirola,DEF,700000.0000000006,611424.4375,655137.5,-88575.56250000058,0.8734634821428564,0.9359107142857135,False
Fernando Calero,DEF,1499999.9999999986,1813553.0,2374950.75,313553.0000000014,1.2090353333333343,1.5833005000000016,False
Duje Ćaleta-Car,DEF,6999999.999999995,7375166.5,7275193.5,375166.50000000466,1.053595214285715,1.0393133571428579,False
Andrea Cambiaso,DEF,35000000.000000015,26849574.0,23596348.0,-8150426.000000015,0.7671306857142854,0.6741813714285712,False
Emre Can,DEF,6999999.999999995,6935354.5,5997071.5,-64645.49999999534,0.9907649285714293,0.8567245000000006,False
Fali Candé,DEF,2499999.9999999953,3634286.5,4318819.5,1134286.5000000047,1.4537146000000027,1.7275278000000032,False
Antonio Candela,DEF,1800000.000000004,2120282.75,2345531.75,320282.74999999604,1.1779348611111085,1.3030731944444416,False
Antonio Candela,DEF,1800000.000000004,2105498.75,2118896.0,305498.74999999604,1.1697215277777753,1.1771644444444418,False
Jaydee Canvot,DEF,4000000.0000000005,5624011.0,9063256.0,1624010.9999999995,1.4060027499999999,2.2658139999999998,True
Andrea Carboni,DEF,2800000.000000002,4311494.5,4922923.5,1511494.4999999981,1.5398194642857133,1.758186964285713,False
Sergi Cardona,DEF,9999999.999999996,16046931.0,20131468.0,6046931.000000004,1.6046931000000006,2.013146800000001,False
Diego Carlos,DEF,9500000.000000015,8133444.5,6152299.5,-1366555.500000015,0.8561520526315776,0.6476104736842095,False
Dani Carvajal,DEF,8000000.000000002,4943605.5,3575172.5,-3056394.500000002,0.6179506874999998,0.44689656249999987,False
Nicolò Casale,DEF,6000000.0,5191656.0,5328785.5,-808344.0,0.865276,0.8881309166666667,False
Matty Cash,DEF,24999999.999999963,25813942.0,26157812.0,813942.0000000373,1.0325576800000016,1.0463124800000017,False
Timothy Castagne,DEF,13000000.000000013,9241097.0,8998062.0,-3758903.000000013,0.7108536153846147,0.6921586153846147,False
Jean-Charles Castelletto,DEF,3500000.0000000056,3024066.75,2215530.5,-475933.2500000056,0.86401907142857,0.6330087142857133,False
Zeki Çelik,DEF,6000000.0,7686965.0,8089652.5,1686965.0,1.2811608333333333,1.3482754166666666,False
El Chadaille Bitshiabu,DEF,17999999.999999985,11517019.0,7070665.5,-6482980.999999985,0.6398343888888894,0.3928147500000003,False
Trevoh Chalobah,DEF,24999999.999999963,18461204.0,11378695.0,-6538795.999999963,0.7384481600000011,0.45514780000000066,False
Trevoh Chalobah,DEF,24999999.999999963,24331822.0,23217454.0,-668177.9999999627,0.9732728800000015,0.9286981600000014,False
Brendan Chardonnet,DEF,6000000.0,4094150.25,3337528.75,-1905849.75,0.682358375,0.5562547916666667,False
Anrie Chase,DEF,3000000.000000001,5223410.5,9595905.0,2223410.499999999,1.7411368333333328,3.198634999999999,True
Pep Chavarría,DEF,4999999.999999999,9646185.0,12667537.0,4646185.000000001,1.9292370000000003,2.5335074000000004,True
Arthur Chaves,DEF,4999999.999999999,4859180.0,5063654.5,-140819.99999999907,0.9718360000000001,1.0127309000000002,False
Jhoanner Chávez,DEF,3500000.0000000056,3281335.25,3136930.0,-218664.7500000056,0.9375243571428556,0.8962657142857129,False
Fabio Chiarodia,DEF,2000000.0000000016,2534132.5,3837415.0,534132.4999999984,1.267066249999999,1.9187074999999985,False
Alessandro Circati,DEF,8000000.000000002,5890631.0,6058320.5,-2109369.000000002,0.7363288749999999,0.7572900624999999,False
Harry Clarke,DEF,4500000.000000002,4633890.0,5270708.0,133889.99999999814,1.0297533333333329,1.171268444444444,False
Jonathan Clauss,DEF,4999999.999999999,4639621.0,3946504.75,-360378.99999999907,0.9279242000000002,0.7893009500000001,False
Nathaniel Clyne,DEF,999999.9999999997,872296.1875,1354237.125,-127703.81249999965,0.8722961875000003,1.3542371250000005,False
Conor Coady,DEF,2199999.9999999995,2241710.75,2438804.25,41710.750000000466,1.018959431818182,1.1085473863636366,False
Marcus Coco,DEF,1200000.0000000005,1878864.0,2524255.25,678863.9999999995,1.5657199999999993,2.103546041666666,True
Saúl Coco,DEF,9999999.999999996,9841262.0,10641693.0,-158737.99999999627,0.9841262000000004,1.0641693000000003,False
Nathan Collins,DEF,27999999.99999999,41064984.0,42806348.0,13064984.000000011,1.466606571428572,1.5287981428571435,False
Nnamdi Collins,DEF,9999999.999999996,13034372.0,16984242.0,3034372.0000000037,1.3034372000000005,1.6984242000000007,False
Levi Colwill,DEF,55000000.000000075,55082188.0,49723900.0,82187.9999999255,1.001494327272726,0.9040709090909078,False
Eray Cömert,DEF,2000000.0000000016,2507151.5,2780202.25,507151.49999999837,1.2535757499999989,1.3901011249999988,False
Pietro Comuzzo,DEF,24999999.999999963,23490998.0,21339206.0,-1509001.9999999627,0.9396399200000014,0.8535682400000013,False
Diego Coppola,DEF,9999999.999999996,7416491.0,5679467.0,-2583508.9999999963,0.7416491000000003,0.5679467000000002,False
Derek Cornelius,DEF,4999999.999999999,10174750.0,15115436.0,5174750.000000001,2.0349500000000003,3.0230872000000004,True
Pierre Cornud,DEF,800000.0000000005,977208.8125,1568777.875,177208.81249999953,1.2215110156249993,1.9609723437499988,False
Thierry Correia,DEF,3000000.000000001,2794517.0,2843528.5,-205483.00000000093,0.9315056666666663,0.9478428333333331,False
Alberto costa,DEF,9999999.999999996,7149320.0,4492751.0,-2850679.9999999963,0.7149320000000002,0.44927510000000015,False
Danny da Costa,DEF,1499999.9999999986,2080655.25,2377241.5,580655.2500000014,1.3871035000000014,1.584827666666668,False
Logan Costa,DEF,17999999.999999985,27444490.0,32539212.0,9444490.000000015,1.5246938888888901,1.8077340000000015,False
Vladimír Coufal,DEF,4999999.999999999,3526343.25,3141567.5,-1473656.749999999,0.7052686500000002,0.6283135000000001,False
Soumaïla Coulibaly,DEF,8000000.000000002,5748333.5,4849768.0,-2251666.500000002,0.7185416874999998,0.6062209999999999,False
Woyo Coulibaly,DEF,2000000.0000000016,2971807.25,4195283.5,971807.2499999984,1.4859036249999988,2.0976417499999984,True
Yan Couto,DEF,20000000.000000015,11960259.0,7227567.0,-8039741.000000015,0.5980129499999995,0.36137834999999974,False
Nicolas Cozza,DEF,3500000.0000000056,2687814.25,2730425.0,-812185.7500000056,0.7679469285714273,0.7801214285714273,False
Aaron Cresswell,DEF,499999.99999999977,689600.8125,1541739.625,189600.81250000023,1.3792016250000005,3.0834792500000012,True
Charlie Cresswell,DEF,9999999.999999996,12782289.0,14050438.0,2782289.0000000037,1.2782289000000004,1.4050438000000005,False
Juan Cuadrado,DEF,999999.9999999997,1300117.25,2024386.375,300117.25000000035,1.3001172500000004,2.0243863750000006,True
Pau Cubarsí,DEF,79999999.9999996,67783016.0,50798900.0,-12216983.999999598,0.8472877000000043,0.6349862500000032,False
Marc Cucurella,DEF,35000000.000000015,39079240.0,46082972.0,4079239.999999985,1.1165497142857137,1.3166563428571423,False
Jorge Cuenca,DEF,4999999.999999999,4486602.5,4816599.5,-513397.49999999907,0.8973205000000002,0.9633199000000002,False
Danilo D'Ambrosio,DEF,700000.0000000006,634193.6875,661221.6875,-65806.31250000058,0.9059909821428563,0.944602410714285,False
Ameen Al-Dakhil,DEF,7500000.000000002,4131789.75,3369638.5,-3368210.250000002,0.5509052999999998,0.4492851333333332,False
Diogo Dalot,DEF,30000000.00000005,25062620.0,21252568.0,-4937380.000000048,0.8354206666666654,0.7084189333333322,False
Flavius Daniliuc,DEF,2700000.0,2184750.25,2201039.25,-515249.75,0.8091667592592593,0.8151997222222223,False
Danilo,DEF,3500000.0000000056,2451031.5,1679407.125,-1048968.5000000056,0.7002947142857132,0.47983060714285636,False
Kevin Danso,DEF,24999999.999999963,20143490.0,11300271.0,-4856509.999999963,0.8057396000000012,0.4520108400000007,False
Kevin Danso,DEF,24999999.999999963,16116559.0,15041036.0,-8883440.999999963,0.644662360000001,0.6016414400000009,False
Dante,DEF,499999.99999999977,1104624.75,3250683.5,604624.7500000002,2.209249500000001,6.501367000000003,True
Matteo Darmian,DEF,2499999.9999999953,2352287.75,2604440.75,-147712.24999999534,0.9409151000000018,1.041776300000002,False
Alphonso Davies,DEF,50000000.00000009,46618804.0,48786900.0,-3381196.0000000894,0.9323760799999984,0.9757379999999982,False
Ben Davies,DEF,6000000.0,5552433.5,5576302.5,-447566.5,0.9254055833333333,0.92938375,False
Leif Davis,DEF,22000000.000000007,16203356.0,11908701.0,-5796644.000000007,0.7365161818181816,0.5413045909090908,False
Paweł Dawidowicz,DEF,2499999.9999999953,2223620.75,2221814.75,-276379.24999999534,0.8894483000000016,0.8887259000000016,False
Craig Dawson,DEF,1499999.9999999986,1722126.125,1823389.5,222126.1250000014,1.1480840833333343,1.215593000000001,False
Mattia De Sciglio,DEF,999999.9999999997,885795.4375,856954.625,-114204.56249999965,0.8857954375000003,0.8569546250000003,False
Lorenzo De Silvestri,DEF,800000.0000000005,874051.5625,1002103.3125,74051.56249999953,1.0925644531249994,1.2526291406249992,False
Koni De Winter,DEF,22000000.000000007,14573601.0,11498033.0,-7426399.000000007,0.6624364090909088,0.5226378636363634,False
Amar Dedić,DEF,12000000.000000007,8912249.0,5540917.5,-3087751.0000000075,0.7426874166666662,0.4617431249999997,False
Ali Dembélé,DEF,300000.0000000003,598545.5,2123451.75,298545.4999999997,1.9951516666666647,7.078172499999993,True
Sepp van den Berg,DEF,22000000.000000007,35978968.0,40464512.0,13978967.999999993,1.6354076363636358,1.8392959999999994,False
Giovanni Di Lorenzo,DEF,12000000.000000007,11787349.0,10245070.0,-212651.00000000745,0.9822790833333327,0.8537558333333328,False
Mouctar Diakhaby,DEF,2000000.0000000016,2912224.25,4128595.25,912224.2499999984,1.4561121249999989,2.0642976249999982,True
Bafodé Diakité,DEF,27999999.99999999,30241326.0,28952072.0,2241326.000000011,1.0800473571428575,1.0340025714285719,False
Moussa Diarra,DEF,1800000.000000004,2736000.5,2657475.75,936000.499999996,1.5200002777777744,1.4763754166666634,False
Rúben Dias,DEF,65000000.00000007,64935864.0,45147192.0,-64136.000000067055,0.9990132923076913,0.694572184615384,False
Krépin Diatta,DEF,6999999.999999995,5891333.5,3922124.0,-1108666.4999999953,0.841619071428572,0.5603034285714289,False
Eric Dier,DEF,8000000.000000002,9686341.0,10680552.0,1686340.9999999981,1.2107926249999996,1.3350689999999996,False
Lucas Digne,DEF,9999999.999999996,6866725.0,4236413.0,-3133274.9999999963,0.6866725000000002,0.42364130000000016,False
Federico Dimarco,DEF,50000000.00000009,33247572.0,21571524.0,-16752428.00000009,0.6649514399999988,0.43143047999999923,False
Sinaly Diomande,DEF,4999999.999999999,4155876.25,3816746.25,-844123.7499999991,0.8311752500000001,0.7633492500000001,False
Issa Diop,DEF,14000000.00000001,12812092.0,12189457.0,-1187908.0000000093,0.915149428571428,0.8706754999999994,False
Axel Disasi,DEF,22000000.000000007,16567055.0,12186992.0,-5432945.000000007,0.7530479545454543,0.5539541818181817,False
Axel Disasi,DEF,22000000.000000007,19456270.0,17795158.0,-2543730.0000000075,0.8843759090909088,0.8088708181818179,False
Berat Djimsiti,DEF,6000000.0,7527474.0,7418705.0,1527474.0,1.254579,1.2364508333333333,False
Dodô,DEF,24000000.0,18207884.0,15584458.0,-5792116.0,0.7586618333333334,0.6493524166666667,False
Danilho Doekhi,DEF,13000000.000000013,8716930.0,7144726.0,-4283070.000000013,0.6705330769230763,0.5495943076923071,False
Matt Doherty,DEF,2000000.0000000016,3025217.75,3874146.0,1025217.7499999984,1.5126088749999989,1.9370729999999985,False
Carlos Dominguez,DEF,3000000.000000001,6146364.5,7474196.0,3146364.499999999,2.048788166666666,2.491398666666666,True
Patrick Dorgu,DEF,24999999.999999963,25336730.0,18020142.0,336730.00000003725,1.0134692000000014,0.7208056800000011,False
Patrick Dorgu,DEF,24999999.999999963,14407001.0,7935318.5,-10592998.999999963,0.5762800400000009,0.31741274000000047,False
Alberto Dossena,DEF,8000000.000000002,5987139.5,5829025.5,-2012860.5000000019,0.7483924374999998,0.7286281874999998,False
Guela Doué,DEF,17999999.999999985,18062330.0,16208116.0,62330.0000000149,1.0034627777777787,0.9004508888888897,False
Ismaël Doukouré,DEF,17999999.999999985,18781134.0,18272454.0,781134.0000000149,1.0433963333333343,1.015136333333334,False
Radu Drăgușin,DEF,24999999.999999963,21021160.0,14976911.0,-3978839.9999999627,0.8408464000000012,0.5990764400000009,False
Tim Drexler,DEF,3000000.000000001,3422382.75,3864739.5,422382.74999999907,1.1407942499999997,1.2882464999999996,False
Domingos Duarte,DEF,800000.0000000005,1560740.5,2277577.25,760740.4999999995,1.9509256249999989,2.8469715624999985,True
Denzel Dumfries,DEF,35000000.000000015,21389492.0,12117295.0,-13610508.000000015,0.6111283428571426,0.3462084285714284,False
Lewis Dunk,DEF,6000000.0,4978118.5,5844254.5,-1021881.5,0.8296864166666666,0.9740424166666667,False
Jean-Kevin Duverne,DEF,2499999.9999999953,1772045.625,1872999.625,-727954.3749999953,0.7088182500000013,0.7491998500000014,False
Adam Dźwigała,DEF,600000.0000000003,739225.0625,1077291.25,139225.06249999965,1.2320417708333327,1.7954854166666656,False
Aron Dønnum,DEF,4000000.0000000005,6933800.5,10394028.0,2933800.4999999995,1.7334501249999998,2.5985069999999997,True
Kingsley Ehizibue,DEF,2400000.000000001,2656834.75,2883029.25,256834.74999999907,1.1070144791666663,1.2012621874999996,False
Jacques Ekomie,DEF,800000.0000000005,994744.0,1216859.25,194743.99999999953,1.2434299999999994,1.5210740624999992,False
Mikael Ellertsson,DEF,3400000.000000002,3870825.75,4367308.0,470825.74999999814,1.1384781617647053,1.2845023529411759,False
Aritz Elustondo,DEF,3000000.000000001,2644894.75,3022530.0,-355105.25000000093,0.881631583333333,1.0075099999999997,False
Nico Elvedi,DEF,8000000.000000002,6477816.0,5473513.0,-1522184.0000000019,0.8097269999999999,0.6841891249999998,False
Emerson,DEF,800000.0000000005,4853340.0,9046210.0,4053339.9999999995,6.0666749999999965,11.307762499999994,True
Martin Erlic,DEF,4000000.0000000005,4014797.5,4258696.5,14797.499999999534,1.0036993749999998,1.0646741249999998,False
Patrick Erras,DEF,800000.0000000005,1191260.5,1647955.0,391260.49999999953,1.4890756249999992,2.0599437499999986,True
Alfonso Espino,DEF,1200000.0000000005,1140926.875,1184352.75,-59073.125000000466,0.950772395833333,0.9869606249999996,False
Pervis Estupiñán,DEF,30000000.00000005,34558096.0,39632992.0,4558095.999999952,1.1519365333333316,1.3210997333333312,False
Jonny Evans,DEF,2000000.0000000016,1856825.875,1508717.75,-143174.12500000163,0.9284129374999992,0.7543588749999994,False
Wout Faes,DEF,15000000.00000001,13191464.0,7490887.0,-1808536.0000000093,0.8794309333333328,0.49939246666666637,False
Kiko Femenía,DEF,899999.9999999979,1471430.0,2487529.25,571430.0000000021,1.634922222222226,2.763921388888895,True
Kilian Fischer,DEF,6000000.0,6393988.0,6435268.5,393988.0,1.0656646666666667,1.07254475,False
Wesley Fofana,DEF,24999999.999999963,33250108.0,34908880.0,8250108.000000037,1.330004320000002,1.3963552000000021,False
Jonas Föhrenbach,DEF,1499999.9999999986,1544814.25,1913339.375,44814.2500000014,1.0298761666666676,1.2755595833333344,False
Héctor Fort,DEF,9999999.999999996,8786537.0,6160601.5,-1213462.9999999963,0.8786537000000003,0.6160601500000003,False
Dimitri Foulquier,DEF,1499999.9999999986,2041094.875,2341301.25,541094.8750000014,1.360729916666668,1.5608675000000014,False
Juan Foyth,DEF,15000000.00000001,21746808.0,24666486.0,6746807.999999991,1.4497871999999992,1.644432399999999,False
Alejandro Francés,DEF,2000000.0000000016,3099585.5,6350961.0,1099585.4999999984,1.5497927499999988,3.1754804999999973,True
Przemysław Frankowski,DEF,6999999.999999995,6000275.0,5131494.5,-999724.9999999953,0.8571821428571434,0.7330706428571433,False
Martin Frese,DEF,2000000.0000000016,1976130.375,2048288.375,-23869.62500000163,0.9880651874999992,1.0241441874999992,False
Marco Friedl,DEF,12000000.000000007,10748913.0,10285364.0,-1251087.0000000075,0.8957427499999995,0.8571136666666661,False
Marvin Friedrich,DEF,3500000.0000000056,3813562.75,4842078.0,313562.7499999944,1.0895893571428554,1.383450857142855,False
Jeremie Frimpong,DEF,50000000.00000009,36368100.0,25110278.0,-13631900.00000009,0.7273619999999987,0.502205559999999,False
Matteo Gabbia,DEF,14000000.00000001,17556602.0,20973460.0,3556601.9999999907,1.2540429999999991,1.4981042857142848,False
Javi Galán,DEF,4000000.0000000005,5191735.5,5117869.0,1191735.4999999995,1.2979338749999998,1.27946725,False
Antonino Gallo,DEF,4300000.000000002,4208246.5,3791510.75,-91753.50000000186,0.9786619767441856,0.8817466860465113,False
Facundo Garcés,DEF,2000000.0000000016,2411023.5,2318422.0,411023.49999999837,1.205511749999999,1.159210999999999,False
Andrés García,DEF,6999999.999999995,8043794.5,7869166.0,1043794.5000000047,1.1491135000000008,1.1241665714285722,False
Eric García,DEF,17999999.999999985,31042678.0,43599868.0,13042678.000000015,1.7245932222222236,2.422214888888891,True
Fran Garcia,DEF,17999999.999999985,21155302.0,24945300.0,3155302.000000015,1.1752945555555565,1.3858500000000011,False
Ulisses Garcia,DEF,4999999.999999999,4695032.0,5348111.5,-304967.99999999907,0.9390064000000001,1.0696223000000002,False
Yarek Gasiorowski,DEF,7500000.000000002,6485815.0,3615170.5,-1014185.0000000019,0.8647753333333331,0.48202273333333323,False
Federico Gatti,DEF,24000000.0,24052658.0,25606218.0,52658.0,1.0021940833333334,1.06692575,False
Mory Gbane,DEF,4000000.0000000005,3790654.0,3946083.25,-209346.00000000047,0.9476634999999999,0.9865208124999999,False
Lutsharel Geertruida,DEF,20000000.000000015,8531153.0,5488148.5,-11468847.000000015,0.4265576499999997,0.2744074249999998,False
Valentin Gendrey,DEF,6999999.999999995,4001903.75,2943850.5,-2998096.2499999953,0.5717005357142861,0.4205500714285717,False
Max Geschwill,DEF,1499999.9999999986,1938714.5,2241751.25,438714.5000000014,1.2924763333333344,1.4945008333333347,False
Daniele Ghilardi,DEF,4999999.999999999,4293227.5,4193219.25,-706772.4999999991,0.8586455000000002,0.8386438500000002,False
Lautaro Gianetti,DEF,2000000.0000000016,1316230.625,1067933.625,-683769.3750000016,0.6581153124999994,0.5339668124999996,False
Dimitris Giannoulis,DEF,3000000.000000001,2947637.5,2862872.25,-52362.50000000093,0.982545833333333,0.9542907499999997,False
Samuel Gigot,DEF,3000000.000000001,2961223.75,2780358.75,-38776.25000000093,0.987074583333333,0.9267862499999997,False
Mario Gila,DEF,30000000.00000005,25238336.0,24499376.0,-4761664.000000048,0.8412778666666653,0.8166458666666654,False
Benedikt Gimber,DEF,3000000.000000001,3637882.5,4436624.5,637882.4999999991,1.2126274999999995,1.4788748333333328,False
Matthias Ginter,DEF,6999999.999999995,4518226.5,3351195.25,-2481773.4999999953,0.645460928571429,0.47874217857142887,False
Saba Goglichidze,DEF,8000000.000000002,5697375.0,3278129.25,-2302625.000000002,0.7121718749999998,0.4097661562499999,False
Edoardo Goldaniga,DEF,3000000.000000001,3670651.5,3504374.5,670651.4999999991,1.2235504999999995,1.168124833333333,False
Rodrigo Gomes,DEF,15000000.00000001,11231403.0,10262946.0,-3768597.0000000093,0.7487601999999995,0.6841963999999996,False
Joe Gomez,DEF,20000000.000000015,17267210.0,14493295.0,-2732790.000000015,0.8633604999999993,0.7246647499999994,False
Sergi Gómez,DEF,600000.0000000003,646972.875,828431.5625,46972.87499999965,1.0782881249999994,1.3807192708333325,False
Andoni Gorosabel,DEF,4999999.999999999,4589553.5,4216083.5,-410446.49999999907,0.9179107000000002,0.8432167000000002,False
Robin Gosens,DEF,8000000.000000002,6757063.0,5520679.0,-1242937.0000000019,0.8446328749999998,0.6900848749999998,False
Jeffrey Gouweleeuw,DEF,1499999.9999999986,1575201.875,1609969.0,75201.8750000014,1.0501345833333342,1.0733126666666677,False
Jonathan Gradit,DEF,4000000.0000000005,3143479.5,3323233.0,-856520.5000000005,0.7858698749999999,0.8308082499999999,False
Archie Gray,DEF,37999999.99999996,28098158.0,18229116.0,-9901841.999999963,0.7394252105263165,0.4797135789473689,False
Jacob Greaves,DEF,17999999.999999985,14412113.0,12527194.0,-3587886.999999985,0.8006729444444451,0.6959552222222228,False
Gabriel Gudmundsson,DEF,6999999.999999995,10610177.0,12097320.0,3610177.0000000047,1.5157395714285724,1.7281885714285725,False
Marc Guéhi,DEF,44999999.999999985,40233556.0,41261736.0,-4766443.999999985,0.8940790222222225,0.916927466666667,False
Raphaël Guerreiro,DEF,8000000.000000002,8205691.0,10022051.0,205690.99999999814,1.0257113749999998,1.2527563749999997,False
Frederic Guilbert,DEF,2499999.9999999953,2059168.25,1736838.375,-440831.74999999534,0.8236673000000015,0.6947353500000013,False
Robert Gumny,DEF,1499999.9999999986,1671563.125,2239262.0,171563.1250000014,1.1143754166666677,1.4928413333333348,False
Christian Günter,DEF,3500000.0000000056,2699698.25,2328410.75,-800301.7500000056,0.7713423571428559,0.6652602142857132,False
Malo Gusto,DEF,35000000.000000015,38671796.0,40860908.0,3671795.999999985,1.1049084571428567,1.1674545142857138,False
Miguel Gutiérrez,DEF,20000000.000000015,14660362.0,10047411.0,-5339638.000000015,0.7330180999999995,0.5023705499999996,False
Joško Gvardiol,DEF,75000000.0000003,66230252.0,51085340.0,-8769748.000000298,0.8830700266666631,0.681137866666664,False
Emmanuel Gyasi,DEF,1400000.0000000033,1642413.375,1751519.25,242413.37499999674,1.173152410714283,1.2510851785714256,False
Massadio Haïdara,DEF,1499999.9999999986,1917698.125,2004646.25,417698.1250000014,1.2784654166666678,1.3364308333333346,False
Antoine Hainaut,DEF,999999.9999999997,1916804.0,2877244.75,916804.0000000003,1.9168040000000006,2.877244750000001,True
Achraf Hakimi,DEF,79999999.9999996,59913072.0,48635272.0,-20086927.999999598,0.7489134000000037,0.607940900000003,False
Lewis Hall,DEF,31999999.999999955,41686052.0,39650080.0,9686052.000000045,1.302689125000002,1.2390650000000016,False
Andreas Hanche-Olsen,DEF,6000000.0,5309630.5,5980662.5,-690369.5,0.8849384166666666,0.9967770833333334,False
Florent Hanin,DEF,300000.0000000003,529563.625,879163.6875,229563.6249999997,1.7652120833333316,2.930545624999997,True
Ridgeciano Haps,DEF,899999.9999999979,1248975.625,1526502.125,348975.6250000021,1.3877506944444478,1.6961134722222262,False
Taylor Harwood-Bellis,DEF,22000000.000000007,17409678.0,12299033.0,-4590322.000000007,0.7913489999999997,0.5590469545454544,False
Hans Hateboer,DEF,2499999.9999999953,2438716.0,2643918.75,-61283.99999999534,0.9754864000000019,1.057567500000002,False
Jan Paul van Hecke,DEF,31999999.999999955,38843152.0,35632040.0,6843152.000000045,1.2138485000000017,1.1135012500000017,False
Ramon Hendriks,DEF,4999999.999999999,5534485.0,6863746.0,534485.0000000009,1.1068970000000002,1.3727492000000003,False
Benjamin Henrichs,DEF,15000000.00000001,6662100.5,4825652.5,-8337899.500000009,0.4441400333333331,0.32171016666666646,False
Luis Henrique,DEF,24999999.999999963,27395016.0,24599674.0,2395016.0000000373,1.0958006400000015,0.9839869600000015,False
Mario Hermoso,DEF,6999999.999999995,6100784.5,4188782.75,-899215.4999999953,0.8715406428571434,0.5983975357142861,False
Javi Hernández,DEF,2499999.9999999953,3362550.5,4185348.75,862550.5000000047,1.3450202000000024,1.6741395000000032,False
Aridane Hernández,DEF,800000.0000000005,867434.9375,833946.25,67434.93749999953,1.0842936718749994,1.0424328124999993,False
Lucas Hernández,DEF,24999999.999999963,17315956.0,8045958.0,-7684043.999999963,0.6926382400000011,0.32183832000000046,False
Theo Hernández,DEF,35000000.000000015,27328474.0,20805640.0,-7671526.000000015,0.7808135428571426,0.5944468571428569,False
Jorge Herrando,DEF,4000000.0000000005,5613417.0,4869975.5,1613416.9999999995,1.4033542499999998,1.217493875,False
Juan Herzog,DEF,999999.9999999997,1247348.5,2712325.5,247348.50000000035,1.2473485000000004,2.712325500000001,True
Isak Hien,DEF,30000000.00000005,25923528.0,23950616.0,-4076472.0000000484,0.8641175999999986,0.7983538666666654,False
Omar El Hilali,DEF,15000000.00000001,9060837.0,7579635.0,-5939163.000000009,0.6040557999999996,0.5053089999999997,False
James Hill,DEF,3000000.000000001,6031031.0,11581164.0,3031030.999999999,2.010343666666666,3.8603879999999986,True
Piero Hincapié,DEF,50000000.00000009,36256244.0,36596544.0,-13743756.00000009,0.7251248799999988,0.7319308799999987,False
Ki-Jana Hoever,DEF,4999999.999999999,5720819.5,6653034.0,720819.5000000009,1.1441639000000001,1.3306068000000002,False
Emil Holm,DEF,8000000.000000002,5506750.0,5282105.5,-2493250.000000002,0.6883437499999998,0.6602631874999998,False
Gerrit Holtmann,DEF,700000.0000000006,1647422.375,2423543.75,947422.3749999994,2.3534605357142837,3.4622053571428544,True
Dean Huijsen,DEF,60000000.0000001,55922724.0,43948448.0,-4077276.000000097,0.9320453999999985,0.7324741333333321,False
Mats Hummels,DEF,2000000.0000000016,1408883.75,1362888.0,-591116.2500000016,0.7044418749999994,0.6814439999999995,False
Elseid Hysaj,DEF,1499999.9999999986,1920969.125,2212266.5,420969.1250000014,1.2806460833333346,1.4748443333333348,False
Jay Idzes,DEF,7500000.000000002,6921875.0,6584679.5,-578125.0000000019,0.9229166666666664,0.8779572666666664,False
Alessio Iovine,DEF,399999.9999999999,512481.21875,608506.0,112481.21875000012,1.2812030468750004,1.5212650000000005,False
Ismaily,DEF,1200000.0000000005,1342979.75,1372838.75,142979.74999999953,1.1191497916666662,1.1440322916666663,False
Ardian Ismajli,DEF,6000000.0,3331909.25,3000690.75,-2668090.75,0.5553182083333333,0.500115125,False
Ko Itakura,DEF,12000000.000000007,11640893.0,11859377.0,-359107.00000000745,0.970074416666666,0.988281416666666,False
Marko Ivezić,DEF,2000000.0000000016,2610533.25,2937282.75,610533.2499999984,1.305266624999999,1.4686413749999987,False
Armando Izzo,DEF,1499999.9999999986,1399764.625,1371900.25,-100235.3749999986,0.9331764166666675,0.9146001666666675,False
Jérémy Jacquet,DEF,9999999.999999996,10667400.0,10853279.0,667400.0000000037,1.0667400000000005,1.0853279000000005,False
Reece James,DEF,30000000.00000005,29495408.0,24647720.0,-504592.0000000484,0.983180266666665,0.8215906666666654,False
Dominik Javorček,DEF,550000.0000000007,801009.875,1868444.875,251009.8749999993,1.4563815909090891,3.3971724999999955,True
Gaby Jean,DEF,2000000.0000000016,2117290.25,2518001.5,117290.24999999837,1.058645124999999,1.259000749999999,False
Finn Jeltsch,DEF,20000000.000000015,18404390.0,13202942.0,-1595610.000000015,0.9202194999999993,0.6601470999999995,False
Moritz Jenz,DEF,4999999.999999999,7103066.0,6719130.5,2103066.000000001,1.4206132000000002,1.3438261000000002,False
Juan Jesus,DEF,1499999.9999999986,1625940.5,2407549.5,125940.5000000014,1.0839603333333343,1.6050330000000015,False
Carl Johansson,DEF,499999.99999999977,727835.25,1153952.0,227835.25000000023,1.4556705000000008,2.307904000000001,True
Ben Johnson,DEF,8000000.000000002,5689084.0,5266703.5,-2310916.000000002,0.7111354999999998,0.6583379374999998,False
Juanpe,DEF,600000.0000000003,676762.6875,734035.6875,76762.68749999965,1.1279378124999992,1.2233928124999993,False
Jubal,DEF,2499999.9999999953,2799574.5,3413087.0,299574.50000000466,1.119829800000002,1.3652348000000025,False
Anthony Jung,DEF,999999.9999999997,1398826.5,1976571.375,398826.50000000035,1.3988265000000004,1.9765713750000007,False
Josip Juranović,DEF,4000000.0000000005,2586890.0,1918892.75,-1413110.0000000005,0.6467225,0.4797231874999999,False
David Jurásek,DEF,4999999.999999999,3370490.25,2664807.75,-1629509.749999999,0.6740980500000001,0.5329615500000001,False
James Justin,DEF,13000000.000000013,10316840.0,10263984.0,-2683160.000000013,0.7936030769230761,0.78953723076923,False
Christian Kabasele,DEF,700000.0000000006,850336.8125,921896.25,150336.81249999942,1.214766874999999,1.3169946428571417,False
Issa Kaboré,DEF,4000000.0000000005,3364709.5,2880124.5,-635290.5000000005,0.8411773749999999,0.7200311249999999,False
Pavel Kadeřábek,DEF,1699999.9999999958,1538888.375,1431137.375,-161111.6249999958,0.9052284558823551,0.8418455147058844,False
Ferdi Kadioglu,DEF,24999999.999999963,15382606.0,7556042.0,-9617393.999999963,0.615304240000001,0.30224168000000046,False
Pierre Kalulu,DEF,27999999.99999999,24259716.0,21661942.0,-3740283.999999989,0.8664184285714289,0.7736407857142861,False
Waren Kamanzi,DEF,2000000.0000000016,3437006.5,4599166.5,1437006.4999999984,1.7185032499999986,2.299583249999998,True
Hassane Kamara,DEF,3500000.0000000056,2689237.25,2554694.75,-810762.7500000056,0.7683534999999988,0.7299127857142845,False
Willy Kambwala,DEF,4000000.0000000005,7952326.0,14667243.0,3952325.9999999995,1.9880814999999998,3.66681075,True
Jakub Kamiński,DEF,4999999.999999999,3731860.25,3422118.5,-1268139.749999999,0.7463720500000002,0.6844237000000001,False
Michael Kayode,DEF,17999999.999999985,18115290.0,19055366.0,115290.0000000149,1.0064050000000009,1.0586314444444453,False
Michael Keane,DEF,4999999.999999999,4172146.0,2826495.25,-827853.9999999991,0.8344292000000002,0.5652990500000001,False
Thilo Kehrer,DEF,20000000.000000015,20722352.0,21109472.0,722351.9999999851,1.0361175999999992,1.0554735999999991,False
Lloyd Kelly,DEF,16000000.000000026,12252275.0,7024525.0,-3747725.000000026,0.7657671874999987,0.43903281249999926,False
Lloyd Kelly,DEF,16000000.000000026,13166528.0,12465984.0,-2833472.000000026,0.8229079999999986,0.7791239999999987,False
Marc-Oliver Kempf,DEF,3000000.000000001,5604083.5,8527810.0,2604083.499999999,1.8680278333333327,2.8426033333333325,True
Milos Kerkez,DEF,44999999.999999985,45760736.0,46312160.0,760736.0000000149,1.0169052444444449,1.0291591111111114,False
Abdukodir Khusanov,DEF,35000000.000000015,25688988.0,18719336.0,-9311012.000000015,0.7339710857142854,0.5348381714285712,False
Abdukodir Khusanov,DEF,35000000.000000015,13273414.0,8132599.0,-21726586.000000015,0.3792403999999998,0.23235997142857132,False
Jakub Kiwior,DEF,27999999.99999999,20606082.0,18306642.0,-7393917.999999989,0.7359315000000003,0.6538086428571431,False
Lukas Klostermann,DEF,8000000.000000002,6462667.5,6675781.0,-1537332.5000000019,0.8078334374999998,0.8344726249999999,False
Robin Koch,DEF,17999999.999999985,22220138.0,24018276.0,4220138.000000015,1.2344521111111122,1.3343486666666677,False
Derrick Köhn,DEF,4999999.999999999,7042031.5,8003072.0,2042031.500000001,1.4084063000000002,1.6006144000000002,False
Dominik Kohr,DEF,3500000.0000000056,3129880.75,3085741.0,-370119.2500000056,0.8942516428571414,0.8816402857142843,False
Sead Kolašinac,DEF,6999999.999999995,6351869.5,5394109.5,-648130.4999999953,0.9074099285714292,0.770587071428572,False
Marco Komenda,DEF,800000.0000000005,1654180.875,2034830.875,854180.8749999995,2.067726093749999,2.5435385937499984,True
Ibrahima Konaté,DEF,60000000.0000001,59040936.0,51181896.0,-959064.0000000969,0.9840155999999984,0.8530315999999987,False
Geoffrey Kondogbia,DEF,6999999.999999995,4881311.5,3874670.5,-2118688.4999999953,0.6973302142857147,0.5535243571428575,False
Ezri Konsa,DEF,35000000.000000015,39326068.0,34227868.0,4326067.999999985,1.1236019428571424,0.9779390857142853,False
Odilon Kossounou,DEF,24999999.999999963,20099508.0,16843618.0,-4900491.999999963,0.8039803200000012,0.673744720000001,False
Henri Koudossou,DEF,2000000.0000000016,2298538.0,2826562.75,298537.99999999837,1.149268999999999,1.4132813749999988,False
Konstantinos Koulierakis,DEF,24999999.999999963,17252594.0,16502183.0,-7747405.999999963,0.6901037600000011,0.660087320000001,False
Jules Koundé,DEF,65000000.00000007,46468244.0,38572200.0,-18531756.000000067,0.7148960615384607,0.5934184615384609,False
Emil Krafth,DEF,2000000.0000000016,2197503.25,3858217.75,197503.24999999837,1.0987516249999991,1.9291088749999985,False
Frans Krätzig,DEF,3500000.0000000056,4164172.0,4343980.0,664171.9999999944,1.1897634285714267,1.241137142857141,False
Ladislav Krejčí,DEF,12000000.000000007,8525069.0,7737515.5,-3474931.0000000075,0.7104224166666663,0.6447929583333329,False
Rasmus Kristensen,DEF,14000000.00000001,21112572.0,25749866.0,7112571.999999991,1.508040857142856,1.8392761428571416,False
Thomas Kristensen,DEF,6000000.0,6650515.5,7582780.5,650515.5,1.10841925,1.26379675,False
Lukas Kübler,DEF,1499999.9999999986,2380572.0,2897641.0,880572.0000000014,1.5870480000000016,1.9317606666666685,False
Sael Kumbedi,DEF,6999999.999999995,6324367.0,6127425.5,-675632.9999999953,0.9034810000000006,0.8753465000000006,False
Marash Kumbulla,DEF,7500000.000000002,8428956.0,7423978.0,928955.9999999981,1.1238607999999997,0.9898637333333331,False
Giorgos Kyriakopoulos,DEF,2499999.9999999953,2397722.0,3276569.5,-102277.99999999534,0.9590888000000017,1.3106278000000025,False
Maxence Lacroix,DEF,24999999.999999963,31017642.0,34844684.0,6017642.000000037,1.2407056800000018,1.3937873600000021,False
Yoel Lago,DEF,999999.9999999997,3008220.5,6417385.0,2008220.5000000005,3.008220500000001,6.417385000000002,True
Konrad Laimer,DEF,24999999.999999963,29961208.0,31128770.0,4961208.000000037,1.1984483200000018,1.2451508000000018,False
Stefan Lainer,DEF,1200000.0000000005,1258208.625,1268497.875,58208.624999999534,1.0485071874999996,1.0570815624999996,False
Kenny Lala,DEF,2000000.0000000016,1762946.625,2201688.0,-237053.37500000163,0.8814733124999993,1.100843999999999,False
Tariq Lamptey,DEF,11000000.000000013,13262380.0,11414801.0,2262379.999999987,1.2056709090909077,1.0377091818181805,False
Toni Lato,DEF,1800000.000000004,1766742.0,1822756.75,-33258.00000000396,0.9815233333333312,1.0126426388888867,False
Valentino Lazaro,DEF,4500000.000000002,3725413.5,2722658.25,-774586.5000000019,0.8278696666666663,0.6050351666666665,False
Darko Lazović,DEF,1499999.9999999986,832175.375,688716.8125,-667824.6249999986,0.5547835833333339,0.45914454166666707,False
Manuel Lazzari,DEF,3500000.0000000056,3407918.75,3777208.0,-92081.25000000559,0.9736910714285699,1.079202285714284,False
Julien Le Cardinal,DEF,1499999.9999999986,2996032.5,4761065.5,1496032.5000000014,1.9973550000000018,3.1740436666666696,True
Robin Le Normand,DEF,39999999.999999985,28361508.0,26480544.0,-11638491.999999985,0.7090377000000002,0.6620136000000002,False
Jordan Lefort,DEF,1499999.9999999986,2030062.625,2016522.875,530062.6250000014,1.3533750833333347,1.3443485833333346,False
Diogo Leite,DEF,16999999.999999974,9074950.0,7018806.5,-7925049.999999974,0.533820588235295,0.4128709705882359,False
Maxim Leitsch,DEF,1499999.9999999986,1743496.5,1818388.375,243496.5000000014,1.1623310000000011,1.2122589166666677,False
Florian Lejeune,DEF,2499999.9999999953,2466361.75,2856989.0,-33638.24999999534,0.9865447000000018,1.1427956000000021,False
Stefan Lekovic,DEF,1699999.9999999958,2345764.25,3278764.0,645764.2500000042,1.3798613235294153,1.9286847058823577,False
Iñigo Lekue,DEF,2000000.0000000016,1993590.5,1585664.875,-6409.50000000163,0.9967952499999991,0.7928324374999993,False
Clément Lenglet,DEF,7500000.000000002,9724605.0,10724973.0,2224604.999999998,1.2966139999999997,1.4299963999999996,False
Giovanni Leoni,DEF,17999999.999999985,9671222.0,4440066.0,-8328777.999999985,0.5372901111111116,0.24667033333333355,False
Rico Lewis,DEF,39999999.999999985,41706412.0,32244510.0,1706412.000000015,1.0426603000000003,0.8061127500000003,False
Keane Lewis-Potter,DEF,22999999.999999974,32804804.0,34314548.0,9804804.000000026,1.426295826086958,1.491936869565219,False
Myles Lewis-Skelly,DEF,44999999.999999985,40516100.0,31016518.0,-4483899.999999985,0.900357777777778,0.6892559555555557,False
Philipp Lienhart,DEF,12000000.000000007,11512516.0,12786288.0,-487484.00000000745,0.9593763333333327,1.0655239999999992,False
Matthijs de Ligt,DEF,37999999.99999996,28616352.0,23718540.0,-9383647.999999963,0.7530618947368428,0.6241721052631585,False
Victor Lindelöf,DEF,8000000.000000002,7816592.5,6226584.0,-183407.50000000186,0.9770740624999997,0.7783229999999998,False
Pol Lirola,DEF,4000000.0000000005,3520644.25,3833450.0,-479355.75000000047,0.8801610624999999,0.9583624999999999,False
Valentino Livramento,DEF,39999999.999999985,36249468.0,33124080.0,-3750531.999999985,0.9062367000000003,0.8281020000000003,False
Diego Llorente,DEF,6000000.0,4738331.5,5217327.0,-1261668.5,0.7897219166666667,0.8695545,False
Marcos Llorente,DEF,24999999.999999963,15180531.0,10964868.0,-9819468.999999963,0.6072212400000009,0.43859472000000066,False
Gautier Lloris,DEF,3000000.000000001,2184044.0,2310493.75,-815956.0000000009,0.7280146666666665,0.770164583333333,False
David López,DEF,999999.9999999997,1265859.75,1889991.875,265859.75000000035,1.2658597500000004,1.8899918750000007,False
Javi López,DEF,7500000.000000002,5804063.5,4828617.5,-1695936.5000000019,0.7738751333333331,0.6438156666666665,False
Tom Louchet,DEF,2499999.9999999953,3800006.75,6071624.0,1300006.7500000047,1.520002700000003,2.4286496000000044,True
Jhon Lucumí,DEF,22000000.000000007,21385494.0,16509613.0,-614506.0000000075,0.9720679090909088,0.7504369545454543,False
José Luis Palomino,DEF,700000.0000000006,640958.6875,798532.5625,-59041.31250000058,0.9156552678571421,1.1407608035714276,False
Castello Lukeba,DEF,39999999.999999985,18549268.0,14593211.0,-21450731.999999985,0.4637317000000002,0.36483027500000015,False
Sebastiano Luperto,DEF,4000000.0000000005,4998584.0,5992789.0,998583.9999999995,1.2496459999999998,1.4981972499999998,False
Charalambos Lykogiannis,DEF,1499999.9999999986,2190284.75,2594915.5,690284.7500000014,1.4601898333333347,1.7299436666666683,False
Ian Maatsen,DEF,27999999.99999999,24661640.0,21973208.0,-3338359.999999989,0.8807728571428575,0.7847574285714289,False
Deiver Machado,DEF,3000000.000000001,3144163.0,3093198.25,144162.99999999907,1.048054333333333,1.031066083333333,False
Yvann Macon,DEF,1800000.000000004,1720046.5,2005219.875,-79953.50000000396,0.9555813888888868,1.1140110416666642,False
Pablo Maffeo,DEF,4999999.999999999,5584887.0,5798028.0,584887.0000000009,1.1169774000000001,1.1596056000000001,False
Giangiacomo Magnani,DEF,3000000.000000001,1816457.5,1353573.5,-1183542.500000001,0.6054858333333332,0.45119116666666653,False
Harry Maguire,DEF,13000000.000000013,8465102.0,5792230.5,-4534898.000000013,0.6511616923076916,0.44555619230769183,False
Patrick Mainka,DEF,3000000.000000001,2993853.25,3514552.25,-6146.750000000931,0.997951083333333,1.1715174166666662,False
Ainsley Maitland-Niles,DEF,12000000.000000007,12626794.0,13313348.0,626793.9999999925,1.0522328333333326,1.1094456666666659,False
Jordy Makengo,DEF,6000000.0,4068512.0,2949620.0,-1931488.0,0.6780853333333333,0.49160333333333334,False
Nikola Maksimović,DEF,449999.99999999994,734558.8125,1598188.25,284558.81250000006,1.6323529166666668,3.5515294444444447,True
Julián Malatini,DEF,2499999.9999999953,3077735.25,3143041.75,577735.2500000047,1.2310941000000022,1.2572167000000023,False
Gianluca Mancini,DEF,15000000.00000001,17401212.0,19558776.0,2401211.9999999907,1.1600807999999994,1.3039183999999993,False
Reinildo Mandava,DEF,4999999.999999999,3189442.75,2883590.25,-1810557.249999999,0.6378885500000001,0.5767180500000001,False
Aïssa Mandi,DEF,1200000.0000000005,1320345.5,1401435.625,120345.49999999953,1.1002879166666661,1.167863020833333,False
Ryan Manning,DEF,3000000.000000001,4066704.25,4713943.0,1066704.249999999,1.355568083333333,1.5713143333333328,False
Javier Manquillo,DEF,1800000.000000004,1780277.875,1915775.125,-19722.125000003958,0.9890432638888867,1.0643195138888866,False
Alessandro Marcandalli,DEF,2000000.0000000016,2147449.75,2249431.0,147449.74999999837,1.073724874999999,1.124715499999999,False
Marcão,DEF,2000000.0000000016,1571702.5,1429256.5,-428297.50000000163,0.7858512499999993,0.7146282499999994,False
Óscar de Marcos,DEF,1499999.9999999986,1527763.25,2028688.5,27763.250000001397,1.0185088333333343,1.3524590000000012,False
Pablo Marí,DEF,3500000.0000000056,2441103.25,1871216.0,-1058896.7500000056,0.6974580714285703,0.534633142857142,False
Pablo Marí,DEF,3500000.0000000056,3508875.75,3833252.5,8875.749999994412,1.002535928571427,1.0952149999999983,False
José María Giménez,DEF,20000000.000000015,9987378.0,8116011.0,-10012622.000000015,0.4993688999999996,0.4058005499999997,False
Luca Marianucci,DEF,7500000.000000002,4108943.75,3773183.0,-3391056.250000002,0.5478591666666666,0.5030910666666666,False
Guillermo Maripán,DEF,4000000.0000000005,2823311.0,2768764.0,-1176689.0000000005,0.7058277499999999,0.6921909999999999,False
Mika Mármol,DEF,15000000.00000001,5531140.0,4225035.0,-9468860.00000001,0.36874266666666644,0.28166899999999984,False
Marquinhos,DEF,35000000.000000015,24033536.0,14587784.0,-10966464.000000015,0.6866724571428569,0.4167938285714284,False
Aarón Martín,DEF,6499999.999999999,6036727.5,6158592.5,-463272.49999999907,0.9287273076923078,0.9474757692307694,False
Gerard Martín,DEF,12000000.000000007,8072066.5,6736313.0,-3927933.5000000075,0.672672208333333,0.5613594166666663,False
Jon Martin,DEF,8000000.000000002,6964278.5,2661450.25,-1035721.5000000019,0.8705348124999998,0.3326812812499999,False
Arnau Martinez,DEF,9999999.999999996,9147556.0,8496127.0,-852443.9999999963,0.9147556000000003,0.8496127000000003,False
Iñigo Martínez,DEF,4999999.999999999,5805968.0,8010593.5,805968.0000000009,1.1611936000000003,1.6021187000000003,False
Lisandro Martínez,DEF,39999999.999999985,31223078.0,22964212.0,-8776921.999999985,0.7805769500000003,0.5741053000000003,False
Lucas Martínez Quarta,DEF,6999999.999999995,7136928.5,5205404.0,136928.50000000466,1.019561214285715,0.7436291428571433,False
Adam Marušić,DEF,3500000.0000000056,3533749.75,3730259.0,33749.74999999441,1.009642785714284,1.065788285714284,False
Adam Masina,DEF,1499999.9999999986,2142632.25,2658872.75,642632.2500000014,1.4284215000000013,1.772581833333335,False
Erhan Mašović,DEF,2000000.0000000016,1637585.25,1478502.625,-362414.75000000163,0.8187926249999994,0.7392513124999994,False
Clinton Mata,DEF,3500000.0000000056,3655065.0,3681600.25,155064.9999999944,1.0443042857142841,1.051885785714284,False
Chrislain Matsima,DEF,22000000.000000007,13709916.0,11574164.0,-8290084.000000007,0.6231779999999998,0.5260983636363634,False
Alan Matturro,DEF,6999999.999999995,3837272.25,3163336.75,-3162727.7499999953,0.5481817500000004,0.4519052500000003,False
Konstantinos Mavropanos,DEF,16999999.999999974,19582778.0,16540533.0,2582778.000000026,1.1519281176470606,0.9729725294117662,False
Christian Mawissa,DEF,15000000.00000001,15003644.0,14829977.0,3643.999999990687,1.0002429333333327,0.9886651333333327,False
Noussair Mazraoui,DEF,24999999.999999963,25698446.0,22534954.0,698446.0000000373,1.0279378400000014,0.9013981600000014,False
Pasquale Mazzocchi,DEF,2499999.9999999953,3229021.25,3825510.5,729021.2500000047,1.2916085000000024,1.530204200000003,False
Scott McKenna,DEF,4000000.0000000005,4555292.0,4814051.0,555291.9999999995,1.138823,1.2035127499999998,False
Mark McKenzie,DEF,6000000.0,8842514.0,9745587.0,2842514.0,1.4737523333333333,1.6242645,False
Jakov Medić,DEF,2000000.0000000016,2000299.875,2309077.25,299.8749999983702,1.0001499374999991,1.1545386249999992,False
Facundo Medina,DEF,24999999.999999963,17974350.0,17514458.0,-7025649.999999963,0.7189740000000011,0.7005783200000011,False
Bamo Meïté,DEF,4000000.0000000005,2516746.0,1821274.5,-1483254.0000000005,0.6291865,0.4553186249999999,False
Nuno Mendes,DEF,69999999.99999967,56740896.0,50739832.0,-13259103.999999672,0.8105842285714324,0.7248547428571462,False
Antoine Mendy,DEF,2499999.9999999953,3876640.5,6022541.5,1376640.5000000047,1.5506562000000028,2.4090166000000046,True
Ferland Mendy,DEF,14000000.00000001,8204611.5,5617176.5,-5795388.500000009,0.5860436785714281,0.4012268928571426,False
Gideon Mensah,DEF,4000000.0000000005,5101782.5,6318019.5,1101782.4999999995,1.275445625,1.5795048749999998,False
Quentin Merlin,DEF,15000000.00000001,18336974.0,19736406.0,3336973.9999999907,1.2224649333333326,1.3157603999999992,False
Rafik Messali,DEF,800000.0000000005,1503055.125,2816286.75,703055.1249999995,1.878818906249999,3.520358437499998,True
Karol Mets,DEF,1299999.9999999993,1618693.625,1858248.375,318693.6250000007,1.245148942307693,1.4294218269230776,False
Thomas Meunier,DEF,2000000.0000000016,1792214.25,2545562.75,-207785.75000000163,0.8961071249999992,1.272781374999999,False
Nikola Milenković,DEF,35000000.000000015,28915704.0,29303966.0,-6084296.000000015,0.8261629714285711,0.8372561714285711,False
Éder Militão,DEF,30000000.00000005,18892188.0,13775341.0,-11107812.000000048,0.629739599999999,0.45917803333333257,False
Kim Min-jae,DEF,39999999.999999985,44152700.0,51276088.0,4152700.000000015,1.1038175000000003,1.2819022000000004,False
Yerry Mina,DEF,3000000.000000001,2903699.25,3211856.25,-96300.75000000093,0.9678997499999997,1.0706187499999997,False
Lucas Mincarelli,DEF,999999.9999999997,1363250.75,2354303.25,363250.75000000035,1.3632507500000004,2.354303250000001,True
Tyrone Mings,DEF,4999999.999999999,7491144.0,7197886.0,2491144.000000001,1.4982288000000004,1.4395772000000002,False
Juan Miranda,DEF,15000000.00000001,13185552.0,14444448.0,-1814448.0000000093,0.8790367999999995,0.9629631999999994,False
Tyrick Mitchell,DEF,24999999.999999963,23932488.0,24529300.0,-1067511.9999999627,0.9572995200000014,0.9811720000000015,False
Maximilian Mittelstädt,DEF,20000000.000000015,18877708.0,19034878.0,-1122292.000000015,0.9438853999999993,0.9517438999999993,False
Rui Modesto,DEF,2000000.0000000016,1730491.125,1535753.875,-269508.87500000163,0.8652455624999993,0.7678769374999994,False
Johan Mojica,DEF,2000000.0000000016,1924080.5,1830065.25,-75919.50000000163,0.9620402499999993,0.9150326249999993,False
Nahuel Molina,DEF,20000000.000000015,11206623.0,9690739.0,-8793377.000000015,0.5603311499999996,0.48453694999999963,False
Morato,DEF,14000000.00000001,13875202.0,14319335.0,-124798.00000000931,0.9910858571428565,1.0228096428571423,False
Diego Moreira,DEF,17999999.999999985,20789336.0,15184991.0,2789336.000000015,1.154963111111112,0.8436106111111118,False
Alberto Moreno,DEF,1499999.9999999986,1762336.5,2061048.5,262336.5000000014,1.174891000000001,1.3740323333333346,False
Álex Moreno,DEF,6999999.999999995,5349596.0,4735304.5,-1650403.9999999953,0.7642280000000005,0.6764720714285719,False
Mateu Morey,DEF,800000.0000000005,1464042.25,2048770.875,664042.2499999995,1.8300528124999988,2.5609635937499986,True
Cristhian Mosquera,DEF,30000000.00000005,21460350.0,14209636.0,-8539650.000000048,0.7153449999999989,0.4736545333333326,False
Yerson Mosquera,DEF,8000000.000000002,11373770.0,15077859.0,3373769.999999998,1.4217212499999996,1.8847323749999996,False
Santiago Mouriño,DEF,3000000.000000001,4718535.0,6622181.0,1718534.999999999,1.5728449999999996,2.207393666666666,True
Nordi Mukiele,DEF,9999999.999999996,9872867.0,9881061.0,-127132.99999999627,0.9872867000000004,0.9881061000000003,False
Abdul Mumin,DEF,4999999.999999999,6999114.5,8701614.0,1999114.500000001,1.3998229000000002,1.7403228000000004,False
Aihen Muñoz,DEF,4000000.0000000005,2608211.5,2297878.25,-1391788.5000000005,0.652052875,0.5744695624999999,False
Álex Muñoz,DEF,999999.9999999997,1156922.75,1339343.375,156922.75000000035,1.1569227500000003,1.3393433750000006,False
Daniel Muñoz,DEF,24999999.999999963,24457310.0,23652132.0,-542689.9999999627,0.9782924000000015,0.9460852800000014,False
Murillo,DEF,55000000.000000075,42584844.0,31244882.0,-12415156.000000075,0.7742698909090898,0.5680887636363628,False
Phillipp Mwene,DEF,1800000.000000004,2881770.25,4513278.5,1081770.249999996,1.6009834722222187,2.507376944444439,True
Vitaliy Mykolenko,DEF,27999999.99999999,24604272.0,22806678.0,-3395727.999999989,0.8787240000000004,0.8145242142857146,False
Joakim Mæhle,DEF,14000000.00000001,8747676.0,7803848.5,-5252324.000000009,0.6248339999999996,0.5574177499999996,False
Stanley N'Soki,DEF,2499999.9999999953,2963608.25,3739106.25,463608.25000000466,1.1854433000000022,1.4956425000000029,False
Mickael Nade,DEF,2000000.0000000016,2994730.0,3776077.25,994729.9999999984,1.4973649999999987,1.8880386249999985,False
Mahamadou Nagida,DEF,800000.0000000005,1462715.0,4456819.0,662714.9999999995,1.828393749999999,5.571023749999997,True
Matija Nastasić,DEF,1499999.9999999986,1609083.375,1555300.875,109083.3750000014,1.072722250000001,1.036867250000001,False
Natan,DEF,8999999.999999996,13651648.0,16292484.0,4651648.000000004,1.5168497777777783,1.8102760000000007,False
Pau Navarro,DEF,3000000.000000001,3899232.25,7620194.0,899232.2499999991,1.299744083333333,2.540064666666666,True
Youssouf Ndayishimiye,DEF,12000000.000000007,18344636.0,19951654.0,6344635.999999993,1.5287196666666658,1.6626378333333323,False
Kosta Nedeljković,DEF,9999999.999999996,5226176.0,3909129.0,-4773823.999999996,0.5226176000000002,0.3909129000000001,False
Loïc Nego,DEF,700000.0000000006,597634.0,729126.0625,-102366.00000000058,0.8537628571428564,1.041608660714285,False
David Nemeth,DEF,4000000.0000000005,4296066.0,4223347.5,296065.99999999953,1.0740165,1.0558368749999998,False
Luca Netz,DEF,6000000.0,5217257.0,4056617.75,-782743.0,0.8695428333333334,0.6761029583333333,False
Moussa Niakhate,DEF,15000000.00000001,16345211.0,12092775.0,1345210.9999999907,1.0896807333333327,0.8061849999999995,False
Tanguy Nianzou,DEF,1499999.9999999986,3784971.75,7224907.0,2284971.7500000014,2.5233145000000023,4.816604666666671,True
Rasmus Nicolaisen,DEF,4500000.000000002,3764388.0,3551463.0,-735612.0000000019,0.8365306666666663,0.7892139999999996,False
Niels Nkounkou,DEF,3500000.0000000056,3216343.75,3175611.75,-283656.2500000056,0.9189553571428557,0.9073176428571414,False
Brooke Norton-Cuffy,DEF,3500000.0000000056,2637481.75,2451929.25,-862518.2500000056,0.7535662142857131,0.7005512142857132,False
Matheus Nunes,DEF,35000000.000000015,30579190.0,24723432.0,-4420810.000000015,0.8736911428571424,0.7063837714285711,False
Unai Núñez,DEF,3000000.000000001,3193015.5,3599280.5,193015.49999999907,1.0643384999999996,1.1997601666666662,False
Allan Nyom,DEF,300000.0000000003,460458.8125,669617.875,160458.8124999997,1.534862708333332,2.232059583333331,True
Jake O'Brien,DEF,17999999.999999985,12260387.0,11550567.0,-5739612.999999985,0.6811326111111117,0.6416981666666672,False
Dara O'Shea,DEF,14000000.00000001,13184798.0,13785381.0,-815202.0000000093,0.941771285714285,0.9846700714285708,False
Adam Obert,DEF,3000000.000000001,3319558.75,3361575.75,319558.74999999907,1.106519583333333,1.1205252499999996,False
Tim Oermann,DEF,4999999.999999999,4167529.0,3765695.0,-832470.9999999991,0.8335058000000002,0.7531390000000001,False
Caleb Okoli,DEF,8000000.000000002,6033475.5,4918048.0,-1966524.5000000019,0.7541844374999999,0.6147559999999999,False
Joseph Okumu,DEF,8999999.999999996,4761365.5,3587652.75,-4238634.499999996,0.5290406111111113,0.3986280833333335,False
Lucas Oliveira Rosa,DEF,1400000.0000000033,1551490.625,1921033.25,151490.62499999674,1.1082075892857117,1.372166607142854,False
Mathías Olivera,DEF,20000000.000000015,22423478.0,23860792.0,2423477.999999985,1.1211738999999992,1.1930395999999992,False
Becir Omeragic,DEF,4500000.000000002,4463518.5,3774115.0,-36481.50000000186,0.9918929999999996,0.8386922222222218,False
Andrew Omobamidele,DEF,8000000.000000002,8163954.5,8151794.5,163954.49999999814,1.0204943124999997,1.0189743124999997,False
Christopher Operi,DEF,3799999.9999999995,2569854.75,2018678.0,-1230145.2499999995,0.6762775657894737,0.531231052631579,False
Fredrik Oppegard,DEF,600000.0000000003,1062454.125,3437842.5,462454.12499999965,1.770756874999999,5.729737499999997,True
Willi Orban,DEF,8000000.000000002,4957769.5,3220456.5,-3042230.500000002,0.6197211874999998,0.4025570624999999,False
Ivan Ordets,DEF,999999.9999999997,1278851.625,1459837.25,278851.62500000035,1.2788516250000004,1.4598372500000005,False
Ángel Ortíz,DEF,2499999.9999999953,4144853.0,6516536.0,1644853.0000000047,1.6579412000000031,2.6066144000000047,True
Gabriel Osho,DEF,3000000.000000001,5032425.0,7423857.5,2032424.999999999,1.6774749999999994,2.474619166666666,True
Kassoum Ouattara,DEF,6999999.999999995,4236061.5,2122415.0,-2763938.4999999953,0.6051516428571433,0.3032021428571431,False
Cenk Özkacar,DEF,1200000.0000000005,1517825.625,2630531.25,317825.62499999953,1.2648546874999995,2.1921093749999994,True
Nico O’Reilly,DEF,17999999.999999985,19622636.0,15179981.0,1622636.000000015,1.0901464444444453,0.8433322777777785,False
Jon Pacheco,DEF,6000000.0,2750050.75,1693510.5,-3249949.25,0.45834179166666666,0.28225175,False
Willian Pacho,DEF,65000000.00000007,52068372.0,38287872.0,-12931628.000000067,0.8010518769230761,0.589044184615384,False
Tomás Palacios,DEF,4000000.0000000005,2701918.5,2036137.25,-1298081.5000000005,0.6754796249999999,0.5090343125,False
Nicolas Pallois,DEF,399999.9999999999,521818.09375,596223.875,121818.09375000012,1.3045452343750004,1.4905596875000005,False
Aitor Paredes,DEF,22000000.000000007,13724306.0,10904760.0,-8275694.000000007,0.6238320909090908,0.49567090909090894,False
Fabiano Parisi,DEF,6000000.0,5586746.0,4719043.5,-413254.0,0.9311243333333333,0.78650725,False
Felix Passlack,DEF,2000000.0000000016,2922997.75,3423672.25,922997.7499999984,1.4614988749999989,1.7118361249999987,False
Patric,DEF,2499999.9999999953,2891413.5,2965612.75,391413.50000000466,1.156565400000002,1.1862451000000023,False
Nathan Patterson,DEF,15000000.00000001,10826421.0,5614407.5,-4173579.0000000093,0.7217613999999996,0.3742938333333331,False
Benjamin Pavard,DEF,24999999.999999963,16368703.0,10900372.0,-8631296.999999963,0.6547481200000009,0.43601488000000066,False
Strahinja Pavlović,DEF,17999999.999999985,15141088.0,12950464.0,-2858911.999999985,0.8411715555555562,0.7194702222222228,False
Marcus Pedersen,DEF,3000000.000000001,2938958.5,2748553.75,-61041.50000000093,0.9796528333333331,0.9161845833333331,False
Alfonso Pedraza,DEF,2499999.9999999953,3388484.0,4113244.75,888484.0000000047,1.3553936000000024,1.645297900000003,False
Adrià Pedrosa,DEF,6999999.999999995,4775913.5,4326054.0,-2224086.4999999953,0.6822733571428576,0.6180077142857147,False
Luca Pellegrini,DEF,3000000.000000001,5758698.5,7546212.0,2758698.499999999,1.9195661666666661,2.5154039999999993,True
Timothee Pembele,DEF,2499999.9999999953,2135062.75,2213974.0,-364937.24999999534,0.8540251000000015,0.8855896000000016,False
Pedro Pereira,DEF,1499999.9999999986,2658979.25,3515722.25,1158979.2500000014,1.772652833333335,2.3438148333333357,True
Ricardo Pereira,DEF,4500000.000000002,2998313.5,2846811.5,-1501686.5000000019,0.6662918888888886,0.6326247777777775,False
Luis Pérez,DEF,1400000.0000000033,1490256.375,1341396.375,90256.37499999674,1.0644688392857118,0.9581402678571407,False
Romain Perraud,DEF,4999999.999999999,5870934.5,6228752.0,870934.5000000009,1.1741869000000003,1.2457504000000001,False
Léo Pétrot,DEF,899999.9999999979,1772943.25,2398909.0,872943.2500000021,1.969936944444449,2.6654544444444506,True
Giuseppe Pezzella,DEF,2499999.9999999953,3631476.75,4673152.5,1131476.7500000047,1.4525907000000027,1.8692610000000034,False
Amos Pieper,DEF,3500000.0000000056,4873673.5,6302463.0,1373673.4999999944,1.3924781428571407,1.8007037142857114,False
Ethan Pinnock,DEF,6999999.999999995,7177130.5,6636152.5,177130.50000000466,1.0253043571428577,0.9480217857142863,False
Marin Pongračić,DEF,9999999.999999996,10078005.0,8332233.5,78005.00000000373,1.0078005000000003,0.8332233500000004,False
Pedro Porro,DEF,37999999.99999996,34369240.0,32559512.0,-3630759.9999999627,0.9044536842105272,0.8568292631578955,False
Stefan Posch,DEF,8000000.000000002,5714423.0,4901337.0,-2285577.000000002,0.7143028749999998,0.6126671249999999,False
Stefan Posch,DEF,8000000.000000002,6739275.0,6699589.5,-1260725.0000000019,0.8424093749999998,0.8374486874999998,False
Alexander Prass,DEF,4999999.999999999,4186678.0,3157450.5,-813321.9999999991,0.8373356000000002,0.6314901000000002,False
Tymoteusz Puchacz,DEF,1499999.9999999986,1672944.25,1626446.125,172944.2500000014,1.1152961666666676,1.0842974166666677,False
Jarell Quansah,DEF,20000000.000000015,20622950.0,21982808.0,622949.9999999851,1.0311474999999992,1.0991403999999991,False
Leopold Querfeld,DEF,13000000.000000013,6085705.0,3746134.25,-6914295.000000013,0.4681311538461534,0.28816417307692277,False
Antonio Raillo,DEF,1800000.000000004,2012981.75,2461216.0,212981.74999999604,1.118323194444442,1.3673422222222191,False
Benito Ramírez,DEF,600000.0000000003,788997.625,1572758.125,188997.62499999965,1.314996041666666,2.621263541666665,True
Luca Ranieri,DEF,12000000.000000007,16583558.0,18773184.0,4583557.999999993,1.3819631666666659,1.564431999999999,False
Lilian Raolisoa,DEF,800000.0000000005,1610655.5,2946895.5,810655.4999999995,2.0133193749999987,3.683619374999998,True
Andrei Ratiu,DEF,12000000.000000007,14743590.0,16024450.0,2743589.9999999925,1.2286324999999991,1.3353708333333325,False
David Raum,DEF,20000000.000000015,8945987.0,7110046.5,-11054013.000000015,0.44729934999999965,0.35550232499999973,False
Devyne Rensch,DEF,9999999.999999996,9164391.0,10228279.0,-835608.9999999963,0.9164391000000004,1.0228279000000005,False
Chris Richards,DEF,14000000.00000001,16760009.0,19541548.0,2760008.9999999907,1.1971434999999992,1.3958248571428562,False
Diego Rico,DEF,1200000.0000000005,1978825.25,2004610.0,778825.2499999995,1.649021041666666,1.6705083333333326,False
Mihailo Ristić,DEF,899999.9999999979,1446956.625,3037912.5,546956.6250000021,1.6077295833333372,3.375458333333341,True
Lars Ritzka,DEF,999999.9999999997,1618391.125,2079300.5,618391.1250000003,1.6183911250000005,2.079300500000001,True
Andrew Robertson,DEF,17999999.999999985,17741172.0,17891610.0,-258827.9999999851,0.9856206666666675,0.9939783333333342,False
Antonee Robinson,DEF,35000000.000000015,29821298.0,26386816.0,-5178702.000000015,0.8520370857142854,0.7539090285714283,False
Javi Rodríguez,DEF,15000000.00000001,16229182.0,15265314.0,1229181.9999999907,1.081945466666666,1.0176875999999995,False
Ricardo Rodríguez,DEF,2000000.0000000016,1819522.875,1926307.5,-180477.12500000163,0.9097614374999993,0.9631537499999993,False
Mads Roerslev,DEF,6000000.0,13528060.0,19096152.0,7528060.0,2.2546766666666667,3.182692,True
Mads Roerslev,DEF,6000000.0,5686854.5,5449912.5,-313145.5,0.9478090833333334,0.90831875,False
Alessio Romagnoli,DEF,6999999.999999995,8117582.0,6888409.0,1117582.0000000047,1.1596545714285722,0.9840584285714292,False
Carlos Romero,DEF,4999999.999999999,5317875.5,4967884.0,317875.50000000093,1.0635751000000002,0.9935768000000001,False
Cristian Romero,DEF,50000000.00000009,37733908.0,29692630.0,-12266092.00000009,0.7546781599999987,0.593852599999999,False
Lasse Rosenboom,DEF,1499999.9999999986,2150528.0,2133766.0,650528.0000000014,1.4336853333333346,1.422510666666668,False
Max Rosenfelder,DEF,8000000.000000002,7993148.5,10097592.0,-6851.500000001863,0.9991435624999998,1.2621989999999996,False
Valentin Rosier,DEF,3000000.000000001,3483196.75,3390420.0,483196.74999999907,1.161065583333333,1.1301399999999997,False
Tom Rothe,DEF,9999999.999999996,7200577.5,5570684.0,-2799422.4999999963,0.7200577500000003,0.5570684000000002,False
Anthony Rouault,DEF,9999999.999999996,10631001.0,14119346.0,631001.0000000037,1.0631001000000004,1.4119346000000006,False
Anthony Rouault,DEF,9999999.999999996,11640094.0,11277383.0,1640094.0000000037,1.1640094000000005,1.1277383000000005,False
Amir Rrahmani,DEF,12000000.000000007,14356117.0,13918168.0,2356116.9999999925,1.1963430833333326,1.1598473333333326,False
Antonio Rüdiger,DEF,20000000.000000015,14356637.0,9607021.0,-5643363.000000015,0.7178318499999995,0.48035104999999967,False
Matteo Ruggeri,DEF,16000000.000000026,20374212.0,23255658.0,4374211.999999974,1.273388249999998,1.4534786249999976,False
Aitor Ruibal,DEF,3500000.0000000056,4576594.0,4049328.0,1076593.9999999944,1.3075982857142836,1.1569508571428553,False
Julian Ryerson,DEF,20000000.000000015,19428198.0,18330680.0,-571802.0000000149,0.9714098999999993,0.9165339999999993,False
Youssouf Sabaly,DEF,2499999.9999999953,2683680.25,2811689.75,183680.25000000466,1.073472100000002,1.1246759000000022,False
Stefano Sabelli,DEF,1400000.0000000033,1706599.125,2012465.375,306599.12499999674,1.2189993749999972,1.4374752678571394,False
Falaye Sacko,DEF,4000000.0000000005,1713816.25,1170914.125,-2286183.7500000005,0.42845406249999995,0.29272853125,False
Alexis Saelemaekers,DEF,16999999.999999974,21594782.0,23185458.0,4594782.000000026,1.2702812941176491,1.3638504705882375,False
Modibo Sagnan,DEF,3000000.000000001,3178660.0,3339633.25,178659.99999999907,1.059553333333333,1.113211083333333,False
Théo Sainte-Luce,DEF,999999.9999999997,1582171.0,2297976.75,582171.0000000003,1.5821710000000007,2.297976750000001,True
Kike Salas,DEF,8000000.000000002,8780984.0,8796238.0,780983.9999999981,1.0976229999999998,1.0995297499999996,False
William Saliba,DEF,79999999.9999996,64796800.0,59698964.0,-15203199.999999598,0.8099600000000041,0.7462370500000037,False
Mohammed Salisu,DEF,12000000.000000007,10847132.0,11750423.0,-1152868.0000000075,0.9039276666666661,0.979201916666666,False
Yoann Salmier,DEF,1499999.9999999986,1188906.5,1166753.0,-311093.4999999986,0.792604333333334,0.7778353333333341,False
Junior Sambia,DEF,2000000.0000000016,1487121.625,1567073.25,-512878.37500000163,0.7435608124999994,0.7835366249999993,False
Javi Sánchez,DEF,1499999.9999999986,2572019.75,3120599.5,1072019.7500000014,1.7146798333333348,2.0803996666666684,True
Manu Sánchez,DEF,6000000.0,6259640.0,6320170.5,259640.0,1.0432733333333333,1.05336175,False
Arouna Sangante,DEF,8000000.000000002,6312665.0,6657261.0,-1687335.0000000019,0.7890831249999998,0.8321576249999998,False
Nhoa Sangui,DEF,2499999.9999999953,2622383.0,3773856.0,122383.00000000466,1.048953200000002,1.5095424000000028,False
Tiago Santos,DEF,15000000.00000001,10916226.0,10227167.0,-4083774.0000000093,0.7277483999999995,0.6818111333333329,False
Malang Sarr,DEF,4999999.999999999,5237222.5,7168914.5,237222.50000000093,1.0474445000000001,1.4337829000000002,False
Mamadou Sarr,DEF,20000000.000000015,21787494.0,19044648.0,1787493.999999985,1.0893746999999991,0.9522323999999993,False
Nicolò Savona,DEF,12000000.000000007,14766048.0,15968006.0,2766047.9999999925,1.2305039999999992,1.3306671666666658,False
Joe Scally,DEF,9999999.999999996,12185993.0,11966101.0,2185993.0000000037,1.2185993000000004,1.1966101000000005,False
Giorgio Scalvini,DEF,35000000.000000015,17369312.0,6264501.5,-17630688.000000015,0.49626605714285693,0.17898575714285705,False
Oliver Scarles,DEF,8000000.000000002,9044813.0,10725566.0,1044812.9999999981,1.1306016249999997,1.3406957499999996,False
Fabian Schär,DEF,6999999.999999995,7767844.0,4780707.5,767844.0000000047,1.1096920000000008,0.6829582142857148,False
Joël Schingtienne,DEF,2000000.0000000016,2660760.0,2873318.0,660759.9999999984,1.330379999999999,1.4366589999999988,False
Keven Schlotterbeck,DEF,6000000.0,4000259.25,2978503.5,-1999740.75,0.666709875,0.49641725,False
Nico Schlotterbeck,DEF,39999999.999999985,30768104.0,21938742.0,-9231895.999999985,0.7692026000000003,0.5484685500000002,False
Aleksandar Sedlar,DEF,300000.0000000003,482580.6875,945941.6875,182580.6874999997,1.6086022916666651,3.1531389583333302,True
Alidu Seidu,DEF,8999999.999999996,4961951.0,3934111.75,-4038048.9999999963,0.5513278888888891,0.43712352777777796,False
Hiroki Sekine,DEF,1200000.0000000005,1760107.625,2638007.5,560107.6249999995,1.4667563541666662,2.1983395833333326,True
Nélson Semedo,DEF,8999999.999999996,6456408.5,3836496.5,-2543591.4999999963,0.7173787222222225,0.42627738888888905,False
Marcos Senesi,DEF,22000000.000000007,20540354.0,17275710.0,-1459646.0000000075,0.9336524545454542,0.7852595454545452,False
Stephan El Shaarawy,DEF,3500000.0000000056,3130725.5,3398250.5,-369274.5000000056,0.8944929999999985,0.9709287142857127,False
Luke Shaw,DEF,12000000.000000007,10627636.0,6027925.5,-1372364.0000000075,0.8856363333333328,0.5023271249999997,False
Djibril Sidibé,DEF,999999.9999999997,1627648.625,2651337.25,627648.6250000003,1.6276486250000006,2.651337250000001,True
Tim Siersleben,DEF,2000000.0000000016,2537114.0,3005169.75,537113.9999999984,1.268556999999999,1.5025848749999988,False
Kiliann Sildillia,DEF,9999999.999999996,6902389.5,5001111.5,-3097610.4999999963,0.6902389500000002,0.5001111500000002,False
Wilfried Singo,DEF,24999999.999999963,26837236.0,28908038.0,1837236.0000000373,1.0734894400000017,1.1563215200000017,False
Robert Skov,DEF,4000000.0000000005,2799750.75,2471596.0,-1200249.2500000005,0.6999376875,0.617899,False
Milan Škriniar,DEF,15000000.00000001,12064852.0,6990276.0,-2935148.0000000093,0.8043234666666662,0.4660183999999997,False
Adam Smith,DEF,749999.9999999984,1049951.0,2508139.25,299951.00000000163,1.3999346666666697,3.344185666666674,True
Eric Smith,DEF,4999999.999999999,4855242.5,4323348.5,-144757.49999999907,0.9710485000000002,0.8646697000000002,False
Ivan Smolčić,DEF,1800000.000000004,4571002.0,5551088.5,2771001.9999999963,2.53944555555555,3.083938055555549,True
Oumar Solet,DEF,17999999.999999985,9221271.0,6307056.5,-8778728.999999985,0.5122928333333338,0.35039202777777806,False
Borna Sosa,DEF,4500000.000000002,3289089.5,4021979.25,-1210910.5000000019,0.7309087777777775,0.8937731666666663,False
Saidou Sow,DEF,6000000.0,4751168.5,4723866.0,-1248831.5,0.7918614166666667,0.787311,False
Saidou Sow,DEF,6000000.0,5697478.0,4655799.0,-302522.0,0.9495796666666667,0.7759665,False
Djed Spence,DEF,20000000.000000015,23406424.0,24083554.0,3406423.999999985,1.1703211999999992,1.2041776999999991,False
Leonardo Spinazzola,DEF,3500000.0000000056,4666321.0,5233433.0,1166320.9999999944,1.3332345714285694,1.4952665714285691,False
Josip Stanišić,DEF,31999999.999999955,36474316.0,30079792.0,4474316.000000045,1.1398223750000016,0.9399935000000013,False
Carl Starfelt,DEF,6000000.0,6182366.0,5258608.0,182366.0,1.0303943333333334,0.8764346666666667,False
Niklas Stark,DEF,4000000.0000000005,4890574.5,6424654.0,890574.4999999995,1.222643625,1.6061634999999999,False
Pascal Stenzel,DEF,2000000.0000000016,1922022.75,2425356.5,-77977.25000000163,0.9610113749999992,1.212678249999999,False
Jack Stephens,DEF,1499999.9999999986,2004965.625,2280585.25,504965.6250000014,1.3366437500000012,1.5203901666666682,False
Leonidas Stergiou,DEF,4999999.999999999,6052430.5,6735073.0,1052430.500000001,1.2104861000000002,1.3470146000000003,False
John Stones,DEF,24999999.999999963,20031652.0,13787143.0,-4968347.999999963,0.8012660800000012,0.5514857200000008,False
Álex Suárez,DEF,1200000.0000000005,1551616.375,2092084.25,351616.37499999953,1.2930136458333328,1.743403541666666,False
Gabriel Suazo,DEF,4000000.0000000005,4938417.5,5542968.5,938417.4999999995,1.2346043749999998,1.385742125,False
Yukinari Sugawara,DEF,11000000.000000013,8124188.5,5913438.0,-2875811.500000013,0.73856259090909,0.5375852727272721,False
Niklas Süle,DEF,8000000.000000002,6698727.0,6384896.5,-1301273.0000000019,0.8373408749999998,0.7981120624999998,False
Daniel Svensson,DEF,12000000.000000007,10763274.0,11366526.0,-1236726.0000000075,0.8969394999999994,0.9472104999999994,False
Abakar Sylla,DEF,9999999.999999996,6112484.5,4088582.5,-3887515.4999999963,0.6112484500000003,0.40885825000000015,False
Issiaga Sylla,DEF,1499999.9999999986,1432381.25,1231044.75,-67618.7499999986,0.9549208333333342,0.8206965000000007,False
Nicolás Tagliafico,DEF,6000000.0,4293711.0,3963583.5,-1706289.0,0.7156185,0.66059725,False
Jonathan Tah,DEF,30000000.00000005,33087268.0,25242622.0,3087267.9999999516,1.1029089333333315,0.841420733333332,False
Edmond Tapsoba,DEF,35000000.000000015,36239928.0,33183838.0,1239927.999999985,1.0354265142857138,0.9481096571428568,False
James Tarkowski,DEF,8999999.999999996,8059582.0,8479128.0,-940417.9999999963,0.8955091111111115,0.9421253333333337,False
César Tárrega,DEF,9999999.999999996,13872556.0,19649076.0,3872556.0000000037,1.3872556000000005,1.9649076000000008,False
Nuno Tavares,DEF,24999999.999999963,19741262.0,20564228.0,-5258737.999999963,0.7896504800000012,0.8225691200000013,False
Charlie Taylor,DEF,2199999.9999999995,2008153.625,1851072.5,-191846.37499999953,0.9127971022727275,0.8413965909090911,False
Jackson Tchatchoua,DEF,8000000.000000002,6774167.5,5453469.0,-1225832.5000000019,0.8467709374999998,0.6816836249999998,False
Enzo Tchato,DEF,2499999.9999999953,2882188.0,3086232.5,382188.00000000466,1.1528752000000022,1.2344930000000023,False
Aurélien Tchouaméni,DEF,75000000.0000003,47282640.0,35252800.0,-27717360.000000298,0.6304351999999975,0.4700373333333315,False
Nahuel Tenaglia,DEF,3000000.000000001,4643857.5,4765267.5,1643857.499999999,1.5479524999999996,1.5884224999999994,False
Filippo Terracciano,DEF,3200000.000000008,3707543.0,3861512.25,507542.9999999921,1.158607187499997,1.206722578124997,False
Kenny Tete,DEF,13000000.000000013,10475710.0,7923287.0,-2524290.000000013,0.8058238461538454,0.6094836153846148,False
Jordan Teze,DEF,8999999.999999996,8518998.0,7959298.5,-481001.9999999963,0.9465553333333337,0.8843665000000004,False
Arthur Theate,DEF,24000000.0,28901312.0,29661158.0,4901312.0,1.2042213333333334,1.2358815833333334,False
Malick Thiaw,DEF,17999999.999999985,19037274.0,18023752.0,1037274.0000000149,1.0576263333333342,1.0013195555555563,False
Luke Thomas,DEF,6000000.0,5130462.0,6070784.5,-869538.0,0.855077,1.0117974166666666,False
Jurriën Timber,DEF,55000000.000000075,39553700.0,38549032.0,-15446300.000000075,0.7191581818181808,0.70089149090909,False
Jean-Clair Todibo,DEF,24999999.999999963,24555936.0,21176860.0,-444063.99999996275,0.9822374400000015,0.8470744000000012,False
John Tolkin,DEF,2499999.9999999953,2055681.625,1854493.375,-444318.37499999534,0.8222726500000015,0.7417973500000014,False
Rafael Tolói,DEF,1400000.0000000033,1559510.125,1695467.375,159510.12499999674,1.113935803571426,1.2110481249999971,False
Fikayo Tomori,DEF,20000000.000000015,11188170.0,7273577.0,-8811830.000000015,0.5594084999999995,0.3636788499999997,False
Pau Torres,DEF,31999999.999999955,28571140.0,23056070.0,-3428859.9999999553,0.8928481250000012,0.7205021875000011,False
Conor Townsend,DEF,800000.0000000005,906955.4375,1431769.375,106955.43749999953,1.1336942968749992,1.789711718749999,False
Hamari Traoré,DEF,2000000.0000000016,1256188.375,1065151.75,-743811.6250000016,0.6280941874999995,0.5325758749999996,False
Omar Traoré,DEF,4000000.0000000005,3993699.0,4178477.0,-6301.000000000466,0.9984247499999999,1.0446192499999998,False
Christopher Trimmel,DEF,600000.0000000003,753302.6875,942989.1875,153302.68749999965,1.2555044791666659,1.5716486458333325,False
Kieran Trippier,DEF,4000000.0000000005,2632662.0,2047942.625,-1367338.0000000005,0.6581655,0.5119856562499999,False
Adrien Truffert,DEF,15000000.00000001,14323132.0,13663813.0,-676868.0000000093,0.9548754666666661,0.910920866666666,False
Axel Tuanzebe,DEF,4999999.999999999,5800533.0,7086306.5,800533.0000000009,1.1601066000000002,1.4172613000000003,False
Tuta,DEF,15000000.00000001,18997700.0,22080592.0,3997699.9999999907,1.2665133333333325,1.4720394666666659,False
Destiny Udogie,DEF,39999999.999999985,29149052.0,21194114.0,-10850947.999999985,0.7287263000000003,0.5298528500000002,False
Lukas Ullrich,DEF,8000000.000000002,7547385.5,8259377.0,-452614.50000000186,0.9434231874999998,1.0324221249999999,False
Dayot Upamecano,DEF,50000000.00000009,48633604.0,51953200.0,-1366396.0000000894,0.9726720799999983,1.0390639999999982,False
Josha Vagnoman,DEF,9999999.999999996,9791870.0,9153228.0,-208129.99999999627,0.9791870000000004,0.9153228000000003,False
Lautaro Valenti,DEF,1499999.9999999986,2383279.75,3671460.25,883279.7500000014,1.588853166666668,2.4476401666666687,True
Nicolás Valentini,DEF,6000000.0,3982008.25,2844201.0,-2017991.75,0.6636680416666667,0.4740335,False
Emanuele Valeri,DEF,3000000.000000001,4026945.5,5124687.0,1026945.4999999991,1.3423151666666662,1.7082289999999996,False
Martin Valjent,DEF,6000000.0,5284836.5,4563358.0,-715163.5,0.8808060833333333,0.7605596666666666,False
Álex Valle,DEF,6000000.0,7811987.0,7438165.5,1811987.0,1.3019978333333333,1.23969425,False
Ignace Van Der Brempt,DEF,4000000.0000000005,4281003.0,4507493.0,281002.99999999953,1.0702507499999998,1.1268732499999998,False
Siebe Van Der Heyden,DEF,2499999.9999999953,2858207.25,2606446.0,358207.25000000466,1.1432829000000022,1.042578400000002,False
Virgil van Dijk,DEF,22999999.999999974,16351073.0,8971465.0,-6648926.999999974,0.7109162173913052,0.39006369565217436,False
Vanderson,DEF,20000000.000000015,17892052.0,19232128.0,-2107948.000000015,0.8946025999999994,0.9616063999999993,False
Johan Vásquez,DEF,14000000.00000001,9756467.0,8399907.0,-4243533.000000009,0.6968904999999995,0.5999933571428567,False
Denis Vavro,DEF,6999999.999999995,9363734.0,9010358.0,2363734.0000000047,1.3376762857142865,1.2871940000000008,False
Jesus Vazquez,DEF,3000000.000000001,2347702.5,2355673.25,-652297.5000000009,0.7825674999999997,0.7852244166666664,False
Lucas Vázquez,DEF,3000000.000000001,3779319.5,6008967.5,779319.4999999991,1.2597731666666663,2.002989166666666,False
Danilo Veiga,DEF,999999.9999999997,1327137.375,1701347.0,327137.37500000035,1.3271373750000004,1.7013470000000006,False
Renato Veiga,DEF,24999999.999999963,20177252.0,15235906.0,-4822747.999999963,0.8070900800000012,0.609436240000001,False
Miloš Veljković,DEF,3000000.000000001,2808208.75,2661610.0,-191791.25000000093,0.936069583333333,0.887203333333333,False
Joël Veltman,DEF,4000000.0000000005,3495479.25,3397430.75,-504520.75000000047,0.8738698124999998,0.8493576874999998,False
Micky van de Ven,DEF,50000000.00000009,27670398.0,19917434.0,-22329602.00000009,0.553407959999999,0.3983486799999993,False
Nikolas Veratschnig,DEF,1499999.9999999986,1664808.125,2321462.0,164808.1250000014,1.1098720833333344,1.5476413333333348,False
Jannik Vestergaard,DEF,2000000.0000000016,2477427.25,2936319.25,477427.24999999837,1.238713624999999,1.4681596249999989,False
Mattia Viti,DEF,4999999.999999999,5243804.5,6045133.0,243804.50000000093,1.0487609000000002,1.2090266000000003,False
Daniel Vivian,DEF,39999999.999999985,29754482.0,29761066.0,-10245517.999999985,0.7438620500000003,0.7440266500000002,False
Alessandro Vogliacco,DEF,2800000.000000002,2689750.25,2127540.25,-110249.75000000186,0.9606250892857137,0.7598358035714281,False
Alessandro Vogliacco,DEF,2800000.000000002,3521856.5,4061212.5,721856.4999999981,1.257805892857142,1.4504330357142847,False
Kevin Vogt,DEF,999999.9999999997,988196.125,993880.125,-11803.87499999965,0.9881961250000003,0.9938801250000003,False
Mërgim Vojvoda,DEF,3000000.000000001,2426251.75,2184212.75,-573748.2500000009,0.808750583333333,0.7280709166666665,False
Mërgim Vojvoda,DEF,3000000.000000001,4187341.0,4567524.5,1187340.999999999,1.395780333333333,1.5225081666666662,False
Stefan de Vrij,DEF,4999999.999999999,5075993.0,8234893.0,75993.00000000093,1.0151986000000002,1.6469786000000004,False
Hauke Wahl,DEF,1499999.9999999986,2427392.75,2986732.5,927392.7500000014,1.6182618333333347,1.9911550000000018,False
Kyle Walker,DEF,4000000.0000000005,3267102.75,2291173.5,-732897.2500000005,0.8167756875,0.5727933749999999,False
Kyle Walker,DEF,4000000.0000000005,3011306.25,2420958.75,-988693.7500000005,0.7528265624999999,0.6052396874999999,False
Kyle Walker-Peters,DEF,15000000.00000001,10666952.0,10088602.0,-4333048.000000009,0.7111301333333329,0.6725734666666663,False
Sebastian Walukiewicz,DEF,4500000.000000002,4055728.0,5117864.0,-444272.00000000186,0.9012728888888886,1.1373031111111107,False
Aaron Wan-Bissaka,DEF,24000000.0,25072566.0,20975060.0,1072566.0,1.04469025,0.8739608333333333,False
Timothy Weah,DEF,16999999.999999974,17011250.0,18585036.0,11250.000000026077,1.000661764705884,1.0932374117647075,False
Adam Webster,DEF,11000000.000000013,12158504.0,9338692.0,1158503.999999987,1.1053185454545442,0.848971999999999,False
Mitchell Weiser,DEF,4999999.999999999,4042348.0,4528878.0,-957651.9999999991,0.8084696000000001,0.9057756000000001,False
Welington,DEF,3000000.000000001,3655626.25,4963432.5,655626.2499999991,1.218542083333333,1.6544774999999994,False
Ben White,DEF,44999999.999999985,20838404.0,15857286.0,-24161595.999999985,0.4630756444444446,0.35238413333333346,False
Silvan Widmer,DEF,1200000.0000000005,1590880.0,2249274.25,390879.99999999953,1.3257333333333328,1.8743952083333326,False
Mats Wieffer,DEF,24999999.999999963,23479396.0,20162710.0,-1520603.9999999627,0.9391758400000014,0.8065084000000012,False
Caleb Wiley,DEF,8000000.000000002,7054386.0,5522575.0,-945614.0000000019,0.8817982499999998,0.6903218749999999,False
Neco Williams,DEF,20000000.000000015,28344958.0,32223792.0,8344957.999999985,1.417247899999999,1.6111895999999988,False
Axel Witsel,DEF,2000000.0000000016,1876460.875,1524067.0,-123539.12500000163,0.9382304374999992,0.7620334999999994,False
Maximilian Wittek,DEF,1499999.9999999986,1749739.5,2576930.0,249739.5000000014,1.1664930000000011,1.717953333333335,False
Marius Wolf,DEF,3000000.000000001,3060986.0,3213296.25,60985.99999999907,1.0203286666666664,1.0710987499999998,False
Christopher Wooh,DEF,6000000.0,8572715.0,11415259.0,2572715.0,1.4287858333333334,1.9025431666666666,False
Luke Woolfenden,DEF,2000000.0000000016,3135724.5,5054743.0,1135724.4999999984,1.5678622499999988,2.527371499999998,True
Leny Yoro,DEF,55000000.000000075,37732324.0,19263370.0,-17267676.000000075,0.6860422545454536,0.35024309090909045,False
Ashley Young,DEF,499999.99999999977,679387.5,1218571.0,179387.50000000023,1.3587750000000007,2.437142000000001,True
Etienne Youte Kinkoue,DEF,6999999.999999995,6227065.0,7070517.0,-772934.9999999953,0.8895807142857148,1.0100738571428578,False
Illia Zabarnyi,DEF,42000000.00000003,45128340.0,42721192.0,3128339.99999997,1.074484285714285,1.0171712380952374,False
Nicola Zalewski,DEF,12000000.000000007,6182454.5,4063525.5,-5817545.500000007,0.5152045416666663,0.3386271249999998,False
Nicola Zalewski,DEF,12000000.000000007,11519765.0,12817200.0,-480235.00000000745,0.9599804166666661,1.0680999999999994,False
Gabriele Zappa,DEF,4000000.0000000005,6890886.0,9589922.0,2890885.9999999995,1.7227214999999998,2.3974805,True
Davide Zappacosta,DEF,4999999.999999999,5443253.5,6834509.5,443253.50000000093,1.0886507000000003,1.3669019000000002,False
David Zec,DEF,2499999.9999999953,4056037.5,4065510.0,1556037.5000000047,1.622415000000003,1.626204000000003,False
Jordan Zemura,DEF,4500000.000000002,2676003.0,2163368.0,-1823997.0000000019,0.5946673333333331,0.48074844444444426,False
Alessio Zerbin,DEF,4000000.0000000005,3136657.75,3279373.75,-863342.2500000005,0.7841644374999999,0.8198434374999999,False
Cedric Zesiger,DEF,6999999.999999995,6159814.0,6588819.0,-840185.9999999953,0.8799734285714291,0.9412598571428578,False
Cedric Zesiger,DEF,6999999.999999995,3893027.25,2892591.25,-3106972.7499999953,0.5561467500000004,0.4132273214285717,False
Nathan Zeze,DEF,15000000.00000001,11600022.0,9314233.0,-3399978.0000000093,0.7733347999999995,0.6209488666666663,False
Oleksandr Zinchenko,DEF,20000000.000000015,14916814.0,8251394.0,-5083186.000000015,0.7458406999999995,0.4125696999999997,False
Luck Zogbé,DEF,2499999.9999999953,2300281.25,2554475.5,-199718.74999999534,0.9201125000000017,1.0217902000000019,False
Nadir Zortea,DEF,4999999.999999999,5634291.0,4871791.5,634291.0000000009,1.1268582000000003,0.9743583000000002,False
Yanis Zouaoui,DEF,800000.0000000005,1464357.75,2535474.0,664357.7499999995,1.830447187499999,3.169342499999998,True
Igor Zubeldia,DEF,12000000.000000007,11274630.0,9670502.0,-725370.0000000075,0.9395524999999995,0.8058751666666661,False
Julen Agirrezabala,GK,15000000.00000001,10047447.221169725,8489146.336850744,-4952552.778830284,0.6698298147446479,0.5659430891233825,False
Alisson,GK,20000000.000000015,19274867.99908515,16522704.557937788,-725132.0009148642,0.9637433999542568,0.8261352278968888,False
Alphonse Areola,GK,8999999.999999996,6203826.929716225,2604031.7694325023,-2796173.0702837715,0.6893141033018031,0.28933686327027813,False
Kepa Arrizabalaga,GK,9999999.999999996,11362174.15710123,13724548.242517103,1362174.1571012344,1.1362174157101235,1.3724548242517107,False
Noah Atubolu,GK,17999999.999999985,13770765.405477958,10166552.957521485,-4229234.594522027,0.7650425225265538,0.564808497640083,False
Emil Audero,GK,3200000.000000008,1869813.5098556757,1154795.5399563275,-1330186.4901443322,0.5843167218298972,0.36087360623635145,False
Augusto Batalla,GK,6000000.0,8424052.520683033,11113760.471315999,2424052.5206830334,1.4040087534471721,1.8522934118859997,False
Oliver Baumann,GK,3000000.000000001,1525234.8791014308,1104468.525535588,-1474765.1208985702,0.5084116263671434,0.36815617517852917,False
Altay Bayındır,GK,8000000.000000002,3856755.4764599428,2102738.8225846537,-4143244.523540059,0.48209443455749273,0.26284235282308166,False
Dimitry Bertaud,GK,1200000.0000000005,999861.9548260642,962936.7069803218,-200138.0451739363,0.8332182956883865,0.8024472558169345,False
Marco Bizot,GK,3000000.000000001,2550426.104131478,2161309.7442877856,-449573.89586852305,0.8501420347104923,0.7204365814292616,False
Jean Butez,GK,3500000.0000000056,5303282.179578476,10658520.46313598,1803282.17957847,1.515223479879562,3.0452915608959894,True
Marcin Bułka,GK,20000000.000000015,21975503.033430927,22399278.269700848,1975503.0334309116,1.0987751516715456,1.1199639134850417,False
Elia Caprile,GK,8999999.999999996,8885678.683768742,6885054.077163467,-114321.31623125449,0.9872976315298606,0.7650060085737189,False
Elia Caprile,GK,8999999.999999996,7533755.61621328,6476950.794186767,-1466244.3837867165,0.8370839573570314,0.7196611993540856,False
Dani Cárdenas,GK,1800000.000000004,1462870.543090489,1276533.571724371,-337129.45690951496,0.8127058572724921,0.709185317624649,False
Patrik Carlgren,GK,600000.0000000003,539509.6427253135,456495.5432932598,-60490.3572746868,0.899182737875522,0.7608259054887659,False
Marco Carnesecchi,GK,24999999.999999963,23272404.697430473,20851100.66889249,-1727595.30256949,0.9308961878972203,0.8340440267557009,False
Lucas Chevalier,GK,30000000.00000005,28412560.79408191,26661189.15281624,-1587439.205918137,0.9470853598027289,0.8887063050938733,False
Jasper Cillessen,GK,800000.0000000005,812468.1638991027,1313742.8435636312,12468.163899102248,1.0155852048738778,1.642178554454538,False
Diego Conde,GK,7500000.000000002,9902896.650285069,17097839.09237926,2402896.650285067,1.3203862200380088,2.279711878983901,False
Thibaut Courtois,GK,20000000.000000015,16001413.403764531,10784059.650055677,-3998586.596235484,0.800070670188226,0.5392029825027834,False
Finn Dahmen,GK,8999999.999999996,5819729.036929278,3620654.6451471085,-3180270.9630707186,0.646636559658809,0.4022949605719011,False
Thomas Dähne,GK,399999.9999999999,597799.3908779856,1225825.8672429838,197799.39087798574,1.4944984771949645,3.0645646681074603,True
Arthur Desmas,GK,2499999.9999999953,1561984.9716761317,1167684.323736677,-938015.0283238636,0.6247939886704539,0.46707372949467163,False
Michele Di Gregorio,GK,17999999.999999985,16445317.31347702,18775505.104806848,-1554682.6865229644,0.913628739637613,1.0430836169337145,False
Stole Dimitrievski,GK,2499999.9999999953,1332982.693227208,730663.027701529,-1167017.3067727874,0.5331930772908842,0.29226521108061215,False
Yehvann Diouf,GK,12000000.000000007,11519111.833621467,9735413.884310529,-480888.1663785409,0.9599259861351216,0.8112844903592102,False
Marko Dmitrović,GK,800000.0000000005,889397.000830829,1491501.9980673941,89397.00083082856,1.1117462510385356,1.8643774975842415,False
Gianluigi Donnarumma,GK,39999999.999999985,22627692.55874952,12018006.130335135,-17372307.441250466,0.5656923139687382,0.3004501532583785,False
Patrick Drewes,GK,499999.99999999977,958911.5847686651,1478589.8855292636,458911.5847686654,1.9178231695373311,2.9571797710585286,True
Martin Dúbravka,GK,999999.9999999997,1403040.0689813215,1320711.666223376,403040.0689813219,1.403040068981322,1.3207116662233764,False
Ederson,GK,20000000.000000015,20565426.742055073,17902716.410209298,565426.7420550585,1.028271337102753,0.8951358205104643,False
Łukasz Fabiański,GK,499999.99999999977,838520.7991299537,2326111.6408695253,338520.79912995396,1.6770415982599083,4.652223281739053,True
Wladimiro Falcone,GK,3500000.0000000056,3019477.283644254,2311994.8153437846,-480522.71635575173,0.8627077953269283,0.6605699472410803,False
André Ferreira,GK,700000.0000000006,732941.1993223606,735682.6639641727,32941.199322359986,1.0470588561748,1.0509752342345315,False
Mark Flekken,GK,9999999.999999996,10762072.645439416,9340310.758375105,762072.6454394199,1.076207264543942,0.9340310758375108,False
Yahia Fofana,GK,6999999.999999995,7853366.699882838,6607517.805615279,853366.6998828426,1.1219095285546918,0.9439311150878976,False
Fraser Forster,GK,999999.9999999997,794098.4931650453,564592.4324367518,-205901.50683495437,0.7940984931650455,0.564592432436752,False
Joan García,GK,24999999.999999963,13768107.674227173,9684229.303959928,-11231892.32577279,0.5507243069690877,0.3873691721583977,False
Paulo Gazzaniga,GK,2499999.9999999953,2695765.0853022058,5075894.257662956,195765.0853022104,1.0783060341208843,2.030357703065186,False
David de Gea,GK,4999999.999999999,4547604.304082684,2580161.78074756,-452395.69591731485,0.909520860816537,0.516032356149512,False
Pierluigi Gollini,GK,999999.9999999997,1019700.5416186318,1358365.3645761197,19700.541618632153,1.0197005416186322,1.3583653645761202,False
Mathieu Gorgelin,GK,300000.0000000003,458693.95020963374,883367.024881328,158693.95020963345,1.528979834032111,2.944556749604424,True
Kamil Grabara,GK,14000000.00000001,11811388.170596037,7467520.041987545,-2188611.8294039723,0.843670583614002,0.5333942887133957,False
Dominik Greif,GK,6000000.0,6886008.535181143,7768249.009244223,886008.5351811433,1.1476680891968571,1.2947081682073704,False
Vicente Guaita,GK,700000.0000000006,1279434.521837387,3059450.088831911,579434.5218373864,1.827763602624837,4.370642984045583,True
Péter Gulácsi,GK,2000000.0000000016,1769384.1949571448,2590951.39265042,-230615.80504285684,0.8846920974785717,1.2954756963252088,False
Kjetil Haug,GK,600000.0000000003,891382.2188481736,1481859.6016393327,291382.2188481733,1.4856370314136218,2.4697660027322197,False
Dean Henderson,GK,20000000.000000015,19067306.598575678,15225017.549111359,-932693.4014243372,0.9533653299287832,0.7612508774555674,False
Mads Hermansen,GK,15000000.00000001,11219616.611159952,7323294.777478907,-3780383.388840057,0.7479744407439963,0.48821965183192684,False
Sergio Herrera,GK,3000000.000000001,4443449.666063996,6769324.581364743,1443449.666063995,1.4811498886879981,2.2564415271215803,False
Timo Horn,GK,800000.0000000005,1049615.4498976686,1856765.6751819209,249615.4498976681,1.312019312372085,2.3209570939773996,False
Lukáš Hrádecký,GK,2000000.0000000016,2039392.7469998265,2612168.582935698,39392.746999824885,1.0196963734999125,1.3060842914678479,False
Karl-Johan Johnsson,GK,300000.0000000003,468459.27458138065,983774.1805245777,168459.27458138036,1.5615309152712673,3.279247268415256,True
Sam Johnstone,GK,6000000.0,3360339.695274105,1515785.5035099776,-2639660.304725895,0.5600566158790174,0.2526309172516629,False
Jesse Joronen,GK,499999.99999999977,661053.4486130091,1128062.0120817139,161053.4486130093,1.3221068972260188,2.256124024163429,False
Filip Jørgensen,GK,17999999.999999985,11484940.196869353,5301482.548046698,-6515059.803130632,0.6380522331594091,0.2945268082248168,False
Caoimhín Kelleher,GK,20000000.000000015,16275555.874556322,9587330.192684144,-3724444.1254436933,0.8137777937278154,0.47936650963420685,False
Antonín Kinský,GK,15000000.00000001,11093795.2307824,5818691.859787413,-3906204.7692176085,0.7395863487188262,0.38791279065249396,False
Gregor Kobel,GK,39999999.999999985,26482393.53744059,14902589.563605662,-13517606.462559395,0.662059838436015,0.3725647390901417,False
Hervé Koffi,GK,1200000.0000000005,1159987.2411630815,1366505.8248174763,-40012.758836918976,0.9666560343025675,1.1387548540145631,False
Philipp Köhn,GK,4999999.999999999,8267033.463393014,10841019.446177596,3267033.463393015,1.653406692678603,2.1682038892355195,False
Matej Kovar,GK,4999999.999999999,5506846.8455028245,6702234.085129511,506846.84550282545,1.101369369100565,1.3404468170259023,False
Nediljko Labrović,GK,2499999.9999999953,2677596.634009896,4427580.886998557,177596.6340099005,1.0710386536039604,1.771032354799426,False
Alban Lafont,GK,3000000.000000001,3120287.684679865,2189303.0081402245,120287.68467986397,1.040095894893288,0.7297676693800746,False
Gautier Larsonneur,GK,3000000.000000001,4101858.1111783865,7970538.887271106,1101858.1111783856,1.3672860370594617,2.6568462957570347,False
Nicola Leali,GK,1499999.9999999986,1879723.7959901667,3176764.596762925,379723.7959901681,1.253149197326779,2.1178430645086186,False
Benjamin Lecomte,GK,1499999.9999999986,1080716.5679497204,1158830.4055120742,-419283.4320502782,0.7204777119664809,0.7725536036747169,False
Bernd Leno,GK,9999999.999999996,10331381.189229377,7827607.472047377,331381.18922938034,1.033138118922938,0.782760747204738,False
Donovan Léon,GK,999999.9999999997,2061666.563108712,2840997.6848706426,1061666.5631087124,2.0616665631087128,2.8409976848706435,True
Anthony Lopes,GK,1200000.0000000005,987985.0124018465,766892.8617632788,-212014.987598154,0.8233208436682051,0.6390773848027321,False
Joe Lumley,GK,499999.99999999977,1417599.2014638723,3019705.8418387426,917599.2014638726,2.835198402927746,6.039411683677488,True
Andriy Lunin,GK,17999999.999999985,13741636.156376889,10528897.576824106,-4258363.843623096,0.7634242309098278,0.5849387542680063,False
Mike Maignan,GK,24999999.999999963,21650424.90356787,15779517.664242128,-3349575.0964320935,0.8660169961427161,0.6311807065696861,False
Radosław Majecki,GK,6000000.0,6069933.193001769,6796388.628540062,69933.19300176855,1.0116555321669614,1.1327314380900104,False
Giorgi Mamardashvili,GK,30000000.00000005,18410231.403347313,12161494.094358731,-11589768.596652735,0.6136743801115762,0.40538313647862373,False
Steve Mandanda,GK,499999.99999999977,692947.2000004492,1414363.1156750557,192947.20000044943,1.385894400000899,2.8287262313501125,False
Christos Mandas,GK,9999999.999999996,7964852.257551411,6318759.405619237,-2035147.742448585,0.7964852257551415,0.6318759405619239,False
Emiliano Martínez,GK,20000000.000000015,16700273.903158374,15584571.356406149,-3299726.096841641,0.8350136951579181,0.7792285678203068,False
Josep Martinez,GK,12000000.000000007,8967544.116622753,5572163.873396061,-3032455.883377254,0.7472953430518957,0.4643469894496715,False
Alex McCarthy,GK,349999.9999999997,660380.2662976212,1835311.7339249642,310380.2662976215,1.8868007608503479,5.243747811214188,True
Alex Meret,GK,17999999.999999985,21382137.058639724,18350858.864581063,3382137.0586397387,1.1878965032577635,1.0194921591433932,False
Vanja Milinković-Savić,GK,16000000.000000026,11199867.486180175,8311167.524465877,-4800132.513819851,0.6999917178862598,0.5194479702791165,False
Lorenzo Montipò,GK,2000000.0000000016,2781210.1252823165,3964295.8309180946,781210.1252823148,1.390605062641157,1.9821479154590458,False
Florian Müller,GK,1200000.0000000005,1239825.1226911251,1638473.0659416642,39825.12269112468,1.0331876022426039,1.365394221618053,False
Kevin Müller,GK,700000.0000000006,1209341.0482101792,2490604.3271166603,509341.0482101786,1.7276300688716832,3.558006181595226,True
Marius Müller,GK,1499999.9999999986,1239689.0860400875,1235224.596645041,-260310.9139599111,0.8264593906933925,0.8234830644300281,False
Arijanet Muric,GK,4999999.999999999,5186843.3896476915,6622113.332941183,186843.38964769244,1.0373686779295386,1.3244226665882368,False
Manuel Neuer,GK,4000000.0000000005,3733435.6228737542,3471166.4162963782,-266564.3771262462,0.9333589057184385,0.8677916040740945,False
Moritz Nicolas,GK,4999999.999999999,5644051.270277917,12146654.80818269,644051.2702779183,1.1288102540555838,2.4293309616365386,False
Alexander Nübel,GK,12000000.000000007,12524911.814582435,10869613.339085227,524911.814582428,1.0437426512152024,0.905801111590435,False
Ørjan Nyland,GK,899999.9999999979,1102179.0631381276,1419073.2065299333,202179.06313812966,1.2246434034868112,1.5767480072554851,False
Jan Oblak,GK,20000000.000000015,17084921.097766582,11766975.470797358,-2915078.902233433,0.8542460548883285,0.5883487735398675,False
Maduka Okoye,GK,7500000.000000002,6887013.375907016,5492198.085005334,-612986.6240929859,0.9182684501209353,0.732293078000711,False
Jonas Omlin,GK,2499999.9999999953,1968831.623993844,1705139.540541369,-531168.3760061513,0.7875326495975391,0.6820558162165489,False
André Onana,GK,24999999.999999963,18204423.604231935,9862805.42391068,-6795576.395768028,0.7281769441692785,0.39451221695642774,False
Stefan Ortega,GK,8000000.000000002,5172675.340081984,2563025.2056365665,-2827324.6599180177,0.6465844175102479,0.32037815070457076,False
Jesús Owono,GK,999999.9999999997,1069062.7552949772,1279364.7706462326,69062.75529497757,1.0690627552949776,1.279364770646233,False
Alex Padilla,GK,3000000.000000001,3112982.2885831217,2909169.305236424,112982.2885831208,1.0376607628610404,0.9697231017454743,False
Rui Patrício,GK,800000.0000000005,998801.0563851845,1305659.272744388,198801.05638518406,1.2485013204814799,1.632074090930484,False
Iñaki Peña,GK,8000000.000000002,9885225.21651463,13540488.797791556,1885225.2165146284,1.2356531520643286,1.692561099723944,False
Daniel Peretz,GK,3000000.000000001,3052826.4525955543,2538333.248455376,52826.45259555336,1.0176088175318512,0.8461110828184584,False
Mattia Perin,GK,2499999.9999999953,2814890.410743218,2443990.728309662,314890.4107432226,1.1259561642972893,0.9775962913238666,False
Lucas Perri,GK,9999999.999999996,15266526.360037329,22517137.02598661,5266526.360037332,1.5266526360037334,2.251713702598662,False
Luca Philipp,GK,749999.9999999984,980921.1180767247,1266387.7198409121,230921.11807672633,1.3078948241023025,1.6885169597878866,False
Jordan Pickford,GK,17999999.999999985,14890377.538174389,8551440.207432369,-3109622.461825596,0.8272431965652445,0.4750800115240209,False
Semuel Pizzignacco,GK,800000.0000000005,1237385.1276288535,2066672.631047511,437385.1276288531,1.546731409536066,2.5833407888093873,False
Nick Pope,GK,8000000.000000002,9267361.796043202,11084502.272729408,1267361.7960432004,1.1584202245054,1.3855627840911757,False
Ivan Provedel,GK,3000000.000000001,3976929.028165272,10674636.963812653,976929.028165271,1.3256430093884235,3.5582123212708834,True
Ionuț Radu,GK,2499999.9999999953,3093831.1200190643,3427404.0734140845,593831.1200190689,1.237532448007628,1.3709616293656364,False
Aaron Ramsdale,GK,16000000.000000026,11638786.24955954,8498212.895663263,-4361213.750440486,0.7274241405974701,0.5311383059789531,False
Federico Ravaglia,GK,1499999.9999999986,2096518.7175012792,3619848.4956084234,596518.7175012806,1.397679145000854,2.413232330405618,False
David Raya,GK,39999999.999999985,27649868.503641807,21977426.12397991,-12350131.496358179,0.6912467125910454,0.5494356530994979,False
Pepe Reina,GK,600000.0000000003,619812.3503509335,787430.0828770413,19812.35035093315,1.0330205839182218,1.3123834714617348,False
Álex Remiro,GK,17999999.999999985,12185055.522606675,7214964.3026600685,-5814944.4773933105,0.6769475290337047,0.40083135014778193,False
Guillaume Restes,GK,20000000.000000015,17303180.815760233,8568333.035504496,-2696819.1842397824,0.865159040788011,0.4284166517752245,False
Leo Román,GK,4999999.999999999,3710610.234792475,2364871.724647516,-1289389.765207524,0.7421220469584952,0.4729743449295033,False
Gerónimo Rulli,GK,8000000.000000002,10780067.989421325,11372867.932202343,2780067.989421323,1.3475084986776653,1.4216084915252925,False
Mathew Ryan,GK,2499999.9999999953,2910879.842680691,3911855.900338193,410879.84268069547,1.1643519370722786,1.5647423601352801,False
Frederik Rønnow,GK,3000000.000000001,2639888.096100642,3641852.5676105544,-360111.90389935905,0.8799626987002137,1.2139508558701844,False
José Sá,GK,6999999.999999995,6670202.518503967,3054126.6519016433,-329797.4814960286,0.9528860740719959,0.43630380741452074,False
Matvei Safonov,GK,20000000.000000015,16715866.643734133,11867357.364319468,-3284133.356265882,0.835793332186706,0.593367868215973,False
Brice Samba,GK,12000000.000000007,7943777.996219473,3963505.2901139474,-4056222.0037805345,0.6619814996849557,0.3302921075094954,False
Brice Samba,GK,12000000.000000007,11105116.901543492,6925436.615739869,-894883.098456515,0.9254264084619571,0.5771197179783221,False
Robert Sánchez,GK,20000000.000000015,21407401.2989525,21854248.09173875,1407401.2989524864,1.0703700649476242,1.0927124045869367,False
Kauã Santos,GK,2499999.9999999953,5964378.72345141,11786194.312055565,3464378.723451415,2.3857514893805685,4.714477724822235,True
Razvan Sava,GK,2499999.9999999953,4091180.102646332,6704738.890637227,1591180.1026463364,1.6364720410585358,2.681895556254896,False
Alexander Schwolow,GK,499999.99999999977,624423.3860498145,694394.864476647,124423.38604981476,1.2488467720996297,1.3887897289532947,False
Simone Scuffet,GK,2000000.0000000016,1614162.0020359512,1317887.3298477929,-385837.9979640504,0.807081001017975,0.6589436649238959,False
Matz Sels,GK,6999999.999999995,4830338.460933703,5874360.253650274,-2169661.5390662923,0.690048351561958,0.8391943219500397,False
Alen Sherri,GK,999999.9999999997,1201655.3716177514,1598112.7876992454,201655.37161775178,1.2016553716177518,1.598112787699246,False
Rui Silva,GK,6999999.999999995,6148291.736486907,3420287.246427189,-851708.2635130882,0.8783273909267016,0.48861246377531303,False
Marco Silvestri,GK,499999.99999999977,530796.9756150068,623145.4491031625,30796.975615006988,1.061593951230014,1.2462908982063257,False
Unai Simón,GK,27999999.99999999,18290677.50337655,14104062.204055762,-9709322.496623438,0.6532384822634485,0.503716507287706,False
Antonio Sivera,GK,6000000.0,5605728.875925832,5333201.318337227,-394271.1240741676,0.9342881459876388,0.8888668863895379,False
Yann Sommer,GK,4000000.0000000005,3454363.457876058,4578767.611468848,-545636.5421239426,0.8635908644690143,1.1446919028672118,False
David Soria,GK,3000000.000000001,4108079.1743829856,6628776.693985201,1108079.1743829846,1.369359724794328,2.2095922313283998,False
Juan Soriano,GK,999999.9999999997,1122131.4627581062,1252954.7733602882,122131.46275810653,1.1221314627581065,1.2529547733602886,False
Filip Stankovic,GK,6000000.0,4936422.501427721,5731911.209443944,-1063577.4985722788,0.8227370835712868,0.9553185349073239,False
Zion Suzuki,GK,20000000.000000015,13944711.82053968,11968464.083047574,-6055288.1794603355,0.6972355910269834,0.5984232041523783,False
Mile Svilar,GK,24999999.999999963,24739721.779844828,23723875.005779367,-260278.2201551348,0.9895888711937946,0.9489550002311761,False
Wojciech Szczęsny,GK,999999.9999999997,1605782.0839289713,3467260.0906618126,605782.0839289717,1.6057820839289718,3.4672600906618136,True
Marc-André ter Stegen,GK,12000000.000000007,7298761.817032725,3105768.6494743726,-4701238.182967283,0.6082301514193933,0.25881405412286423,False
Pietro Terracciano,GK,999999.9999999997,734710.7020697624,756053.2248174032,-265289.29793023726,0.7347107020697626,0.7560532248174036,False
Kevin Trapp,GK,2499999.9999999953,2257249.8944513197,1852916.6127649897,-242750.10554867564,0.9028999577805296,0.7411666451059973,False
Mark Travers,GK,4000000.0000000005,4898891.997252706,4835694.365141481,898891.997252706,1.2247229993131765,1.2089235912853702,False
Stefano Turati,GK,6499999.999999999,7121514.172327489,6313083.743521114,621514.1723274896,1.0956175649734599,0.9712436528494023,False
Jonas Urbig,GK,12000000.000000007,10100885.921481451,10541264.492230203,-1899114.0785185564,0.841740493456787,0.8784387076858498,False
Maarten Vandevoordt,GK,8000000.000000002,5368390.393284068,3690314.597977414,-2631609.6067159334,0.6710487991605084,0.4612893247471766,False
Nikola Vasilj,GK,3500000.0000000056,4542385.9441547645,5818971.116648272,1042385.9441547589,1.2978245554727879,1.6625631761852178,False
Devis Vásquez,GK,2000000.0000000016,2211726.5334933735,3809956.1927548707,211726.5334933719,1.105863266746686,1.9049780963774339,False
Bart Verbruggen,GK,30000000.00000005,23491594.498379555,16227367.213716306,-6508405.501620494,0.7830531499459839,0.5409122404572093,False
Guglielmo Vicario,GK,31999999.999999955,22583390.047870748,16079493.172403308,-9416609.952129208,0.7057309389959618,0.5024841616376041,False
Fran Vieites,GK,499999.99999999977,861612.1653533677,1492699.1370413906,361612.1653533679,1.723224330706736,2.9853982740827827,True
Iván Villar,GK,899999.9999999979,1237039.5909971844,2184086.773187135,337039.5909971865,1.3744884344413193,2.4267630813190446,False
Timon Weiner,GK,999999.9999999997,1365045.9582038324,2481570.8765638657,365045.95820383274,1.3650459582038328,2.4815708765638664,False
Robin Zentner,GK,4000000.0000000005,4849708.326752271,5927974.313412568,849708.3267522701,1.2124270816880676,1.4819935783531417,False
Michael Zetterer,GK,4500000.000000002,7185174.84894954,13623696.87456817,2685174.8489495385,1.596705521988786,3.027488194348481,True
