player_id,neighbor_1_id,neighbor_2_id,neighbor_3_id,neighbor_4_id,neighbor_5_id
Matthis Abline — Nantes,Adam Hložek — Hoffenheim,Andrea Pinamonti — Genoa,Fábio Silva — Las Palmas,Jean-Philippe Mateta — Crystal Palace,Dany Mota — Monza
Tammy Abraham — Milan,Eldor Shomurodov — Roma,Thijs Dallinga — Bologna,Williot Swedberg — Celta Vigo,Diogo Jota — Liverpool,Christopher Nkunku — Chelsea
Akor Adams — Montpellier,Benedikt Pichler — Holstein Kiel,Keinan Davis — Udinese,Christian Kouamé — Empoli,Emmanuel Sabbi — Le Havre,Andy Delort — Montpellier
Che Adams — Torino,Artem Dovbyk — Roma,Andrea Pinamonti — Genoa,Jean-Philippe Mateta — Crystal Palace,Patrick Cutrone — Como,Fábio Silva — Las Palmas
Junior Adamu — Freiburg,Frank Magri — Toulouse,Dominic Calvert-Lewin — Everton,M'Bala Nzola — Lens,Rasmus Højlund — Manchester Utd,Cyle Larin — Mallorca
Karim Adeyemi — Dortmund,Mohamed Ali Cho — Nice,Harvey Barnes — Newcastle Utd,Serge Gnabry — Bayern Munich,Maximilian Beier — Dortmund,Malick Fofana — Lyon
Simon Adingra — Brighton,Samuel Chukwueze — Milan,Ernest Nuamah — Lyon,Pontus Almqvist — Parma,Leon Bailey — Aston Villa,David Brooks — Bournemouth
Jeremy Agbonifo — Lens,Noah Okafor — Milan,Jesper Karlsson — Bologna,Mergim Berisha — Hoffenheim,Jonathan Ikone — Fiorentina,Ibrahim Salah — Brest
Ludovic Ajorque — Brest,Jørgen Strand Larsen — Wolves,Jean-Philippe Mateta — Crystal Palace,Raúl Jiménez — Fulham,Lucas Höler — Freiburg,Andrea Pinamonti — Genoa
Maghnes Akliouche — Monaco,Christian Pulisic — Milan,Désiré Doué — Paris S-G,Kenan Yıldız — Juventus,Leandro Trossard — Arsenal,Luis Díaz — Liverpool
Chuba Akpom — Lille,Anastasios Douvikas — Como,Maroan Sannadi — Athletic Club,Anastasios Douvikas — Celta Vigo,Lukas Nmecha — Wolfsburg,Mateo Pellegrino — Parma
Carlos Alcaraz — Everton,Bazoumana Touré — Hoffenheim,Augustine Boakye — Saint-Étienne,Jacob Bruun Larsen — Hoffenheim,Ruben Vargas — Sevilla,Sergio Camello — Rayo Vallecano
Mohamed Ali Cho — Nice,Malick Fofana — Lyon,Nicolas Pépé — Villarreal,Karim Adeyemi — Dortmund,Jesus Rodríguez — Betis,Benjamín Domínguez — Bologna
Jim Allevinah — Angers,Oumar Diakité — Reims,Andrea Colpani — Fiorentina,Moritz Broschinski — Bochum,Tim Skarke — Union Berlin,Pontus Almqvist — Parma
Pontus Almqvist — Parma,Tim Skarke — Union Berlin,Tomás Conechny — Alavés,Sekou Mara — Strasbourg,Antoniu — Espanyol,Kasey McAteer — Leicester City
Julián Álvarez — Atlético Madrid,Leroy Sané — Bayern Munich,Christian Pulisic — Milan,Alexander Isak — Newcastle Utd,Riccardo Orsolini — Bologna,Jonathan David — Lille
Mohamed Amoura — Wolfsburg,Robin Hack — Gladbach,Lassine Sinayoko — Auxerre,Keito Nakamura — Reims,Iñaki Williams — Athletic Club,Brennan Johnson — Tottenham
Marcos André — Valladolid,Antonio Sanabria — Torino,Adam Armstrong — Southampton,Sekou Mara — Strasbourg,Bertuğ Yıldırım — Getafe,Casper Tengstedt — Hellas Verona
Michail Antonio — West Ham,Emmanuel Sabbi — Le Havre,Takuma Asano — Mallorca,Ruben Vargas — Sevilla,Irvin Cardona — Espanyol,Christian Kouamé — Empoli
Antoniu — Espanyol,Michael Folorunsho — Fiorentina,Pontus Almqvist — Parma,Tim Skarke — Union Berlin,Crysencio Summerville — West Ham,Tomás Conechny — Alavés
Antony — Betis,Callum Hudson-Odoi — Nott'ham Forest,Harvey Barnes — Newcastle Utd,Malick Fofana — Lyon,Nicolas Pépé — Villarreal,Khvicha Kvaratskhelia — Napoli
Cameron Archer — Southampton,Adam Armstrong — Southampton,Sirlord Conteh — Heidenheim,Abel Ruiz — Girona,Sekou Mara — Strasbourg,Keinan Davis — Udinese
Adam Armstrong — Southampton,Abel Ruiz — Girona,Casper Tengstedt — Hellas Verona,Wilson Odobert — Tottenham,Benedikt Pichler — Holstein Kiel,Cameron Archer — Southampton
Marko Arnautović — Inter,Joaquín Correa — Inter,Michael Gregoritsch — Freiburg,Luka Jović — Milan,Danny Ings — West Ham,Anastasios Douvikas — Como
Takuma Asano — Mallorca,Irvin Cardona — Espanyol,Budu Zivzivadze — Heidenheim,Rafa Mir — Valencia,Emmanuel Sabbi — Le Havre,Justin Njinmah — Werder Bremen
Marco Asensio — Paris S-G,João Félix — Chelsea,Randal Kolo Muani — Paris S-G,Pau Victor — Barcelona,Elye Wahi — Marseille,Ibrahim Mbaye — Paris S-G
Iago Aspas — Celta Vigo,João Pedro — Brighton,Nicolas Pépé — Villarreal,Leandro Trossard — Arsenal,Riccardo Orsolini — Bologna,Lucas Beltrán — Fiorentina
Yaser Asprilla — Girona,Ernest Nuamah — Lyon,Chidera Ejuke — Sevilla,Andrea Colpani — Fiorentina,Valentin Mihaila — Parma,Samuel Chukwueze — Milan
Taiwo Awoniyi — Nott'ham Forest,Abdón Prats — Mallorca,Raúl — Osasuna,Giovanni Simeone — Napoli,Caleb Ekuban — Genoa,Fabio Carvalho — Brentford
Florian Ayé — Auxerre,Luka Jović — Milan,Ross Stewart — Southampton,Michael Gregoritsch — Freiburg,Bojan Miovski — Girona,Igor Matanovic — Eint Frankfurt
André Ayew — Le Havre,Randy Nteka — Rayo Vallecano,Casper Tengstedt — Hellas Verona,Budu Zivzivadze — Heidenheim,Paul Onuachu — Southampton,Mostafa Mohamed — Nantes
Jordan Ayew — Leicester City,Stephy Mavididi — Leicester City,Harry Wilson — Fulham,Wahbi Khazri — Montpellier,Manuel Fuster — Las Palmas,Alexander Bernhardsson — Holstein Kiel
Leon Bailey — Aston Villa,Andrea Colpani — Fiorentina,Riccardo Sottil — Fiorentina,Sergio Camello — Rayo Vallecano,Samuel Chukwueze — Milan,Jesus Rodríguez — Betis
Theo Bair — Auxerre,Haris Tabakovic — Hoffenheim,George Hirst — Ipswich Town,Armindo Sieb — Mainz 05,Sekou Mara — Strasbourg,Tijjani Noslin — Lazio
Cédric Bakambu — Betis,Abdón Prats — Mallorca,Caleb Ekuban — Genoa,Rafa Mir — Valencia,Theo Bair — Auxerre,Eldor Shomurodov — Roma
Mitchel Bakker — Lille,Andrea Colpani — Fiorentina,Ridle Baku — Wolfsburg,Albert Guðmundsson — Fiorentina,David Brooks — Bournemouth,Samuel Chukwueze — Milan
Ridle Baku — Wolfsburg,Alessandro Zanoli — Genoa,Mitchel Bakker — Lille,Andrea Colpani — Fiorentina,Jonathan Bamba — Celta Vigo,Arnaud Nordin — Montpellier
Keita Baldé — Monza,Abel Ruiz — Girona,Andrea Belotti — Como,Augustine Boakye — Saint-Étienne,Emmanuel Sabbi — Le Havre,Wilson Odobert — Tottenham
Folarin Balogun — Monaco,Donyell Malen — Dortmund,George Ilenikhena — Monaco,Anastasios Douvikas — Como,Enes Ünal — Bournemouth,Richarlison — Tottenham
Jonathan Bamba — Celta Vigo,Wilson Odobert — Tottenham,Andrea Colpani — Fiorentina,Lameck Banda — Lecce,Takuma Asano — Mallorca,Emmanuel Sabbi — Le Havre
Lameck Banda — Lecce,Ben Old — Saint-Étienne,Emmanuel Sabbi — Le Havre,Ibrahim Salah — Brest,Konan N'dri — Lecce,Álvaro djaló — Athletic Club
Bradley Barcola — Paris S-G,Leroy Sané — Bayern Munich,Luis Díaz — Liverpool,Rafael Leão — Milan,Kaoru Mitoma — Brighton,Noni Madueke — Chelsea
Kike Barja — Osasuna,Raheem Sterling — Arsenal,Konan N'dri — Lecce,Irvin Cardona — Espanyol,Álvaro djaló — Athletic Club,Christian Kouamé — Fiorentina
Harvey Barnes — Newcastle Utd,Malick Fofana — Lyon,Karim Adeyemi — Dortmund,Nicolas Pépé — Villarreal,Gabriel Martinelli — Arsenal,Osame Sahraoui — Lille
Thierno Barry — Villarreal,Artem Dovbyk — Roma,Jean-Philippe Mateta — Crystal Palace,Kai Havertz — Arsenal,Nicolas Jackson — Chelsea,Ermedin Demirović — Stuttgart
Michy Batshuayi — Eint Frankfurt,Jota — Rennes,Pietro Pellegri — Empoli,Gift Orban — Hoffenheim,Iker Losada — Celta Vigo,Marin Ljubicic — Union Berlin
Sheraldo Becker — Real Sociedad,Nicolò Zaniolo — Fiorentina,Noah Okafor — Milan,Timo Werner — Tottenham,Munir El Haddadi — Leganés,Takuma Asano — Mallorca
Maximilian Beier — Dortmund,Karim Adeyemi — Dortmund,Diogo Jota — Liverpool,Darwin Núñez — Liverpool,Williot Swedberg — Celta Vigo,Pablo Durán — Celta Vigo
Andrea Belotti — Como,Ross Stewart — Southampton,Bojan Miovski — Girona,Luka Jović — Milan,Anastasios Douvikas — Como,Antonio Sanabria — Torino
Lucas Beltrán — Fiorentina,Oumar Diakité — Reims,Pablo Durán — Celta Vigo,Mikel Oyarzabal — Real Sociedad,Tiago Tomás — Wolfsburg,Andrea Colpani — Fiorentina
Saïd Benrahma — Lyon,Timo Werner — Tottenham,Takuma Asano — Mallorca,Irvin Cardona — Espanyol,Jonathan Bamba — Celta Vigo,Donyell Malen — Dortmund
Álex Berenguer — Athletic Club,Marcus Tavernier — Bournemouth,Viktor Tsyhankov — Girona,Anthony Elanga — Nott'ham Forest,Florian Thauvin — Udinese,Christian Pulisic — Milan
Mergim Berisha — Hoffenheim,Ibrahim Salah — Brest,Jesper Karlsson — Bologna,Bamba Dieng — Angers,Ross Stewart — Southampton,Amine Salama — Reims
Alexander Bernhardsson — Holstein Kiel,Arnaud Nordin — Montpellier,Harry Wilson — Fulham,Abdallah Sima — Brest,Adam Hložek — Hoffenheim,Pablo Durán — Celta Vigo
Beto — Everton,Phillip Tietz — Augsburg,Cyle Larin — Mallorca,Mostafa Mohamed — Nantes,Dominic Calvert-Lewin — Everton,Paul Onuachu — Southampton
Mika Biereth — Monaco,Ermedin Demirović — Stuttgart,Gonçalo Ramos — Paris S-G,Victor Boniface — Leverkusen,Randal Kolo Muani — Juventus,Folarin Balogun — Monaco
El Bilal Touré — Stuttgart,Anastasios Douvikas — Como,Goduine Koyalipou — Lens,Caleb Ekuban — Genoa,Santiago Giménez — Milan,Mohamed Meité — Rennes
Myron Boadu — Bochum,Gift Orban — Hoffenheim,Anastasios Douvikas — Celta Vigo,Umar Sadiq — Valencia,Abdallah Sima — Brest,Borja Mayoral — Getafe
Augustine Boakye — Saint-Étienne,Sergio Camello — Rayo Vallecano,Lameck Banda — Lecce,Fer López — Celta Vigo,Reiss Nelson — Fulham,Carlos Alcaraz — Everton
Victor Boniface — Leverkusen,Goduine Koyalipou — Lens,Oliver Burke — Werder Bremen,Nelson Weiper — Mainz 05,Diogo Jota — Liverpool,Justin Njinmah — Werder Bremen
Ange-Yoan Bonny — Parma,Marvin Pieringer — Heidenheim,Mikel Oyarzabal — Real Sociedad,Lassine Sinayoko — Auxerre,Gaetano Oristanio — Venezia,Patrick Cutrone — Como
Jarrod Bowen — West Ham,Evann Guessand — Nice,Keito Nakamura — Reims,Gabriel Strefezza — Como,Morgan Rogers — Aston Villa,Kaoru Mitoma — Brighton
Iker Bravo — Udinese,Jeff Ekhator — Genoa,Sekou Mara — Strasbourg,Armindo Sieb — Mainz 05,Álvaro djaló — Athletic Club,Tijjani Noslin — Lazio
Maximilian Breunig — Heidenheim,Taiwo Awoniyi — Nott'ham Forest,Andrea Belotti — Como,Anastasios Douvikas — Como,Anastasios Douvikas — Celta Vigo,Fabio Carvalho — Brentford
Armando Broja — Everton,Mirko Marić — Venezia,Amine Salama — Reims,Marc Domenech — Mallorca,Andrea Petagna — Monza,Kelechi Iheanacho — Sevilla
David Brooks — Bournemouth,Samuel Chukwueze — Milan,Andrea Colpani — Fiorentina,Tijjani Noslin — Lazio,Leon Bailey — Aston Villa,Jack Grealish — Manchester City
Moritz Broschinski — Bochum,Tim Skarke — Union Berlin,Cameron Archer — Southampton,Kamaldeen Sulemana — Southampton,Vitinha — Genoa,Abdallah Sima — Brest
Jacob Bruun Larsen — Hoffenheim,Ruben Vargas — Sevilla,Chuba Akpom — Lille,Caleb Ekuban — Genoa,Jonathan Ikone — Como,Irvin Cardona — Espanyol
Ante Budimir — Osasuna,Ollie Watkins — Aston Villa,Serhou Guirassy — Dortmund,Arnaud Kalimuendo — Rennes,Marvin Pieringer — Heidenheim,Jean-Philippe Mateta — Crystal Palace
Marius Bülter — Hoffenheim,Mathias Honsak — Heidenheim,Adam Hložek — Hoffenheim,Josué Casimir — Le Havre,Ridle Baku — Wolfsburg,Harvey Barnes — Newcastle Utd
Facundo Buonanotte — Leicester City,Stephy Mavididi — Leicester City,Tiago Tomás — Wolfsburg,Carlos Martín — Alavés,Santiago Pierotti — Lecce,Tyler Dibling — Southampton
Jonathan Burkardt — Mainz 05,Ermedin Demirović — Stuttgart,Jean-Philippe Mateta — Crystal Palace,Arnaud Kalimuendo — Rennes,Artem Dovbyk — Roma,Borja Iglesias — Celta Vigo
Oliver Burke — Werder Bremen,Gabriel Jesus — Arsenal,Justin Njinmah — Werder Bremen,Raúl — Osasuna,Victor Boniface — Leverkusen,Keinan Davis — Udinese
Rémy Cabella — Lille,David Neres — Napoli,Nicolas Pépé — Villarreal,Valentin Mihaila — Parma,Mitchel Bakker — Lille,Andrea Colpani — Fiorentina
Dominic Calvert-Lewin — Everton,Cyle Larin — Mallorca,M'Bala Nzola — Lens,Beto — Everton,Junior Adamu — Freiburg,Joshua King — Toulouse
Nicolò Cambiaghi — Bologna,Riccardo Sottil — Fiorentina,Justin Njinmah — Werder Bremen,Rémy Labeau Lascary — Lens,Bazoumana Touré — Hoffenheim,Irvin Cardona — Espanyol
Sergio Camello — Rayo Vallecano,Fer López — Celta Vigo,Keinan Davis — Udinese,Justin Njinmah — Werder Bremen,Christopher Nkunku — Chelsea,Abel Ruiz — Girona
Matteo Cancellieri — Parma,Vitinha — Genoa,Kasey McAteer — Leicester City,Pontus Almqvist — Parma,Arnaud Nordin — Montpellier,Carlos Martín — Alavés
Irvin Cardona — Espanyol,Ruben Vargas — Sevilla,Takuma Asano — Mallorca,Jeff Ekhator — Genoa,Rafa Mir — Valencia,Donyell Malen — Dortmund
Irvin Cardona — Saint-Étienne,Andrej Ilic — Union Berlin,Elif Elmas — Torino,Giorgos Masouras — Bochum,Marcus Rashford — Manchester Utd,Myron Boadu — Bochum
Fabio Carvalho — Brentford,Bamba Dieng — Angers,Anastasios Douvikas — Celta Vigo,Sekou Mara — Strasbourg,Taiwo Awoniyi — Nott'ham Forest,Jeff Ekhator — Genoa
Josué Casimir — Le Havre,Tiago Tomás — Wolfsburg,Marius Bülter — Hoffenheim,Brennan Johnson — Tottenham,Lassine Sinayoko — Auxerre,Juan Cruz — Leganés
Santiago Castro — Bologna,Dominic Solanke — Tottenham,Hugo Duro — Valencia,Vedat Muriqi — Mallorca,Lucas Beltrán — Fiorentina,Tiago Tomás — Wolfsburg
Franco Cervi — Celta Vigo,Andrea Petagna — Monza,Mirko Marić — Venezia,Kelechi Iheanacho — Sevilla,Sébastien Haller — Leganés,Asier Villalibre — Alavés
Gabriel Charpentier — Parma,Nicolò Zaniolo — Atalanta,Danny Ings — West Ham,Mergim Berisha — Hoffenheim,Caleb Ekuban — Genoa,El Bilal Touré — Stuttgart
Walid Cheddira — Espanyol,Armindo Sieb — Mainz 05,Irvin Cardona — Espanyol,Álvaro djaló — Athletic Club,Tijjani Noslin — Lazio,Theo Bair — Auxerre
Sidiki Cherif — Angers,Junior Ndiaye — Montpellier,Ben Old — Saint-Étienne,Othmane Maamma — Montpellier,Max Moerstedt — Hoffenheim,Konan N'dri — Lecce
Rayan Cherki — Lyon,Lee Kang-in — Paris S-G,Antoine Griezmann — Atlético Madrid,Rodrygo — Real Madrid,Michael Olise — Bayern Munich,Vincenzo Grifo — Freiburg
Samuel Chukwueze — Milan,Chidera Ejuke — Sevilla,Andrea Colpani — Fiorentina,Ethan Nwaneri — Arsenal,Leon Bailey — Aston Villa,Fer López — Celta Vigo
Jack Clarke — Ipswich Town,Antoniu — Espanyol,Simon Adingra — Brighton,Tim Skarke — Union Berlin,Pontus Almqvist — Parma,Kamaldeen Sulemana — Southampton
Lorenzo Colombo — Empoli,Christantus Uche — Getafe,Santiago Pierotti — Lecce,Marvin Pieringer — Heidenheim,Ange-Yoan Bonny — Parma,Tiago Tomás — Wolfsburg
Andrea Colpani — Fiorentina,Leon Bailey — Aston Villa,Jonathan Bamba — Celta Vigo,Samuel Chukwueze — Milan,Albert Guðmundsson — Fiorentina,Sergio Camello — Rayo Vallecano
Kingsley Coman — Bayern Munich,Serge Gnabry — Bayern Munich,Karim Adeyemi — Dortmund,David Neres — Napoli,Osame Sahraoui — Lille,Harvey Barnes — Newcastle Utd
Francisco Conceição — Juventus,Anass Zaroury — Lens,Malick Fofana — Lyon,Karim Adeyemi — Dortmund,Antony — Betis,David Neres — Napoli
Tomás Conechny — Alavés,Kasey McAteer — Leicester City,Michael Folorunsho — Fiorentina,Pontus Almqvist — Parma,Randy Nteka — Rayo Vallecano,Sekou Mara — Strasbourg
Sirlord Conteh — Heidenheim,Portu — Girona,Sekou Mara — Strasbourg,Raúl — Osasuna,Keinan Davis — Udinese,Emmanuel Sabbi — Le Havre
Ángel Correa — Atlético Madrid,Diogo Jota — Liverpool,Gabriel Jesus — Arsenal,Eldor Shomurodov — Roma,Christopher Nkunku — Chelsea,Armindo Sieb — Mainz 05
Joaquín Correa — Inter,Mehdi Taremi — Inter,Gabriel Jesus — Arsenal,Tijjani Noslin — Lazio,Anastasios Douvikas — Como,Wesley Saïd — Lens
Tanguy Coulibaly — Montpellier,Matteo Cancellieri — Parma,Lorenzo Colombo — Empoli,Jacob Ramsey — Aston Villa,Santiago Pierotti — Lecce,Ernest Nuamah — Lyon
Juan Cruz — Leganés,Tete Morente — Lecce,Alessandro Zanoli — Genoa,Stephy Mavididi — Leicester City,Marius Bülter — Hoffenheim,Robin Hack — Gladbach
Patrick Cutrone — Como,Joshua King — Toulouse,Johannes Eggestein — St. Pauli,Phillip Tietz — Augsburg,Abdallah Sima — Brest,Adam Hložek — Hoffenheim
Tomáš Čvančara — Gladbach,Eddie Nketiah — Crystal Palace,Sekou Mara — Strasbourg,Neal Maupay — Marseille,Sirlord Conteh — Heidenheim,Theo Bair — Auxerre
Thijs Dallinga — Bologna,Eldor Shomurodov — Roma,Tammy Abraham — Milan,Christopher Nkunku — Chelsea,Justin Njinmah — Werder Bremen,Joshua Zirkzee — Manchester Utd
Arnaut Danjuma — Girona,Ernest Nuamah — Lyon,Leon Bailey — Aston Villa,Andrea Colpani — Fiorentina,Chidera Ejuke — Sevilla,Jonathan Bamba — Celta Vigo
Jonathan David — Lille,Arnaud Kalimuendo — Rennes,Gaëtan Laborde — Nice,Jonathan Burkardt — Mainz 05,Mikel Oyarzabal — Real Sociedad,Alexandre Lacazette — Lyon
Keinan Davis — Udinese,Benedikt Pichler — Holstein Kiel,Wesley Saïd — Lens,Sekou Mara — Strasbourg,Sergio Camello — Rayo Vallecano,Emmanuel Sabbi — Le Havre
Zuriko Davitashvili — Saint-Étienne,Moses Simon — Nantes,Anthony Elanga — Nott'ham Forest,Son Heung-min — Tottenham,Jarrod Bowen — West Ham,Alberto Moleiro — Las Palmas
Bobby De Cordova-Reid — Leicester City,Irvin Cardona — Espanyol,Bamba Dieng — Angers,Rafa Mir — Valencia,Walid Cheddira — Espanyol,Abdón Prats — Mallorca
Romain Del Castillo — Brest,Manuel Fuster — Las Palmas,Danel Sinani — St. Pauli,Florian Thauvin — Udinese,Viktor Tsyhankov — Girona,Nicolas Pépé — Villarreal
Liam Delap — Ipswich Town,Fábio Silva — Las Palmas,Matthis Abline — Nantes,Lorenzo Lucca — Udinese,Marvin Pieringer — Heidenheim,Roberto Piccoli — Cagliari
Andy Delort — Montpellier,Sébastien Haller — Leganés,Christian Kouamé — Empoli,Benedikt Pichler — Holstein Kiel,Emmanuel Sabbi — Le Havre,Michail Antonio — West Ham
Ousmane Dembélé — Paris S-G,Leroy Sané — Bayern Munich,Julián Álvarez — Atlético Madrid,Bradley Barcola — Paris S-G,Rafael Leão — Milan,Luis Díaz — Liverpool
Ermedin Demirović — Stuttgart,Artem Dovbyk — Roma,Jonathan Burkardt — Mainz 05,Borja Iglesias — Celta Vigo,Abdallah Sima — Brest,Patrik Schick — Leverkusen
Mamadou Diakhon — Reims,Riccardo Sottil — Fiorentina,Matias Fernandez-Pardo — Lille,Jesus Rodríguez — Betis,Augustine Boakye — Saint-Étienne,Crysencio Summerville — West Ham
Oumar Diakité — Reims,Pablo Durán — Celta Vigo,Joshua Zirkzee — Manchester Utd,Abel Ruiz — Girona,Rasmus Højlund — Manchester Utd,Cyle Larin — Mallorca
Assane Diao — Como,Alexander Bernhardsson — Holstein Kiel,Randal Kolo Muani — Juventus,Roberto Férnandez — Espanyol,Elif Elmas — Torino,Arnaud Nordin — Montpellier
Assane Diao — Betis,El Bilal Touré — Stuttgart,Othmane Maamma — Montpellier,Fabio Carvalho — Brentford,Jacob Bruun Larsen — Hoffenheim,Ibrahim Salah — Brest
Brahim Díaz — Real Madrid,Osame Sahraoui — Lille,Serge Gnabry — Bayern Munich,Nicolas Pépé — Villarreal,Mohamed Ali Cho — Nice,Williot Swedberg — Celta Vigo
Luis Díaz — Liverpool,Rafael Leão — Milan,Leroy Sané — Bayern Munich,Cody Gakpo — Liverpool,Noni Madueke — Chelsea,Bradley Barcola — Paris S-G
Tyler Dibling — Southampton,Kamaldeen Sulemana — Southampton,Tiago Tomás — Wolfsburg,Stephy Mavididi — Leicester City,Gaetano Oristanio — Venezia,Josué Casimir — Le Havre
Bamba Dieng — Angers,Mergim Berisha — Hoffenheim,Othmane Maamma — Montpellier,Fabio Carvalho — Brentford,Donyell Malen — Dortmund,Amine Salama — Reims
Álvaro djaló — Athletic Club,Jeff Ekhator — Genoa,Irvin Cardona — Espanyol,Sekou Mara — Strasbourg,Jesper Karlsson — Bologna,Lameck Banda — Lecce
Ritsu Doan — Freiburg,Kaoru Mitoma — Brighton,Evann Guessand — Nice,Jacob Murphy — Newcastle Utd,Benedict Hollerbach — Union Berlin,Jarrod Bowen — West Ham
Jeremy Doku — Manchester City,Jamie Gittens — Dortmund,Nico Williams — Athletic Club,Sávio — Manchester City,Callum Hudson-Odoi — Nott'ham Forest,Malick Fofana — Lyon
Marc Domenech — Mallorca,Max Moerstedt — Hoffenheim,Junior Ndiaye — Montpellier,Kelechi Iheanacho — Sevilla,Armando Broja — Everton,Amine Salama — Reims
Benjamín Domínguez — Bologna,Jesus Rodríguez — Betis,Matias Fernandez-Pardo — Lille,Pablo Durán — Celta Vigo,Mamadou Diakhon — Reims,Mohamed Ali Cho — Nice
Désiré Doué — Paris S-G,Luis Díaz — Liverpool,Rafael Leão — Milan,Kenan Yıldız — Juventus,Maghnes Akliouche — Monaco,Leroy Sané — Bayern Munich
Anastasios Douvikas — Como,Donyell Malen — Dortmund,Luka Jović — Milan,Maroan Sannadi — Athletic Club,Noah Okafor — Milan,Anastasios Douvikas — Celta Vigo
Anastasios Douvikas — Celta Vigo,George Ilenikhena — Monaco,Anastasios Douvikas — Como,Nelson Weiper — Mainz 05,Chuba Akpom — Lille,Wesley Saïd — Lens
Artem Dovbyk — Roma,Ermedin Demirović — Stuttgart,Che Adams — Torino,Jean-Philippe Mateta — Crystal Palace,M'Bala Nzola — Lens,Cyle Larin — Mallorca
Marvin Ducksch — Werder Bremen,Álex Berenguer — Athletic Club,Viktor Tsyhankov — Girona,Florian Thauvin — Udinese,Antoine Griezmann — Atlético Madrid,Franck Honorat — Gladbach
Pablo Durán — Celta Vigo,Marco Grüll — Werder Bremen,Oumar Diakité — Reims,Abdallah Sima — Brest,Joshua Zirkzee — Manchester Utd,Eldor Shomurodov — Roma
Julien Duranville — Dortmund,Álvaro djaló — Athletic Club,Konan N'dri — Lecce,Marc Domenech — Mallorca,Max Moerstedt — Hoffenheim,Junior Ndiaye — Montpellier
Hugo Duro — Valencia,Santiago Castro — Bologna,Dominic Solanke — Tottenham,Vedat Muriqi — Mallorca,Cyle Larin — Mallorca,Amin Sarr — Hellas Verona
Paulo Dybala — Roma,Khvicha Kvaratskhelia — Napoli,Florian Thauvin — Udinese,Nicolas Pépé — Villarreal,Harry Wilson — Fulham,Manuel Fuster — Las Palmas
Johannes Eggestein — St. Pauli,Rasmus Højlund — Manchester Utd,Casper Tengstedt — Hellas Verona,Patrick Cutrone — Como,Pablo Durán — Celta Vigo,Antonio Sanabria — Torino
Chidera Ejuke — Sevilla,Samuel Chukwueze — Milan,Andrea Colpani — Fiorentina,Mamadou Diakhon — Reims,Leon Bailey — Aston Villa,Jesus Rodríguez — Betis
Jeff Ekhator — Genoa,Sekou Mara — Strasbourg,Iker Bravo — Udinese,Irvin Cardona — Espanyol,Álvaro djaló — Athletic Club,Tijjani Noslin — Lazio
Hugo Ekitike — Eint Frankfurt,Alexander Isak — Newcastle Utd,Lautaro Martínez — Inter,Serhou Guirassy — Dortmund,Nicolas Jackson — Chelsea,Noni Madueke — Chelsea
Caleb Ekuban — Genoa,Rafa Mir — Valencia,Niclas Füllkrug — West Ham,Cédric Bakambu — Betis,Taiwo Awoniyi — Nott'ham Forest,Abdón Prats — Mallorca
Anthony Elanga — Nott'ham Forest,Álex Berenguer — Athletic Club,Viktor Tsyhankov — Girona,Moses Simon — Nantes,Son Heung-min — Tottenham,Rodrygo — Real Madrid
Elif Elmas — Torino,Marcus Rashford — Manchester Utd,Wilson Odobert — Tottenham,Ruben Vargas — Sevilla,Jonathan Bamba — Celta Vigo,Keita Baldé — Monza
Adri Embarba — Rayo Vallecano,Jack Harrison — Everton,Vitinha — Genoa,Wahbi Khazri — Montpellier,Jesper Lindstrøm — Everton,Mathias Pereira Lage — Brest
Breel Embolo — Monaco,Deniz Undav — Stuttgart,Diogo Jota — Liverpool,Nicolas Jackson — Chelsea,Maximilian Beier — Dortmund,Joshua King — Toulouse
Endrick — Real Madrid,João Félix — Chelsea,Igor Matanovic — Eint Frankfurt,Ibrahim Mbaye — Paris S-G,Ramón Sosa — Nott'ham Forest,Armindo Sieb — Mainz 05
Sebastiano Esposito — Empoli,Tiago Tomás — Wolfsburg,Josué Casimir — Le Havre,Ange-Yoan Bonny — Parma,Stephy Mavididi — Leicester City,Gaetano Oristanio — Venezia
Samuel Essende — Augsburg,Frank Magri — Toulouse,Cyle Larin — Mallorca,Phillip Tietz — Augsburg,Abdallah Sima — Brest,M'Bala Nzola — Lens
Evanilson — Bournemouth,Nicolas Jackson — Chelsea,Mikel Oyarzabal — Real Sociedad,Patrick Cutrone — Como,Borja Iglesias — Celta Vigo,Breel Embolo — Monaco
Abde Ezzalzouli — Betis,Noni Madueke — Chelsea,Ange-Yoan Bonny — Parma,Gustav Isaksen — Lazio,Tiago Tomás — Wolfsburg,Nicolas Pépé — Villarreal
Alieu Fadera — Como,Jorge de Frutos — Rayo Vallecano,Yankuba Minteh — Brighton,Josué Casimir — Le Havre,Alessandro Zanoli — Genoa,Carlos Martín — Alavés
João Félix — Chelsea,Gabriel Jesus — Arsenal,Ibrahim Mbaye — Paris S-G,Endrick — Real Madrid,El Bilal Touré — Stuttgart,Marcus Rashford — Aston Villa
Roberto Férnandez — Espanyol,Borja Mayoral — Getafe,Casper Tengstedt — Hellas Verona,Esteban Lepaul — Angers,Umar Sadiq — Valencia,Andrej Ilic — Union Berlin
Matias Fernandez-Pardo — Lille,Benjamín Domínguez — Bologna,Mamadou Diakhon — Reims,Fer López — Celta Vigo,Sergio Camello — Rayo Vallecano,Jesus Rodríguez — Betis
Daniel Fila — Venezia,Luka Jović — Milan,Neal Maupay — Marseille,Anastasios Douvikas — Como,Tomáš Čvančara — Gladbach,Noah Okafor — Milan
Malick Fofana — Lyon,Mohamed Ali Cho — Nice,Harvey Barnes — Newcastle Utd,Osame Sahraoui — Lille,Callum Hudson-Odoi — Nott'ham Forest,Karim Adeyemi — Dortmund
Michael Folorunsho — Fiorentina,Juanmi — Getafe,Christian Kouamé — Fiorentina,Emmanuel Sabbi — Le Havre,Tomás Conechny — Alavés,Antoniu — Espanyol
Ryan Fraser — Southampton,Jesper Karlsson — Lecce,Koji Miyoshi — Bochum,Mikkel Kaufmann — Heidenheim,Nicolò Zaniolo — Fiorentina,Junior Ndiaye — Montpellier
Jorge de Frutos — Rayo Vallecano,Morgan Guilavogui — St. Pauli,Yankuba Minteh — Brighton,Stephy Mavididi — Leicester City,Keito Nakamura — Reims,Gabriel Martinelli — Arsenal
Niclas Füllkrug — West Ham,Caleb Ekuban — Genoa,Borja Mayoral — Getafe,Haris Tabakovic — Hoffenheim,Budu Zivzivadze — Heidenheim,Mohamed Meité — Rennes
Manuel Fuster — Las Palmas,Danel Sinani — St. Pauli,Harry Wilson — Fulham,Chidera Ejuke — Sevilla,Suso — Sevilla,Wahbi Khazri — Montpellier
Cody Gakpo — Liverpool,Harvey Barnes — Newcastle Utd,Karim Adeyemi — Dortmund,Marcus Thuram — Inter,Leroy Sané — Bayern Munich,Malick Fofana — Lyon
Álvaro García — Rayo Vallecano,Jorge de Frutos — Rayo Vallecano,Iñaki Williams — Athletic Club,Robin Hack — Gladbach,Lassine Sinayoko — Auxerre,Keito Nakamura — Reims
Rubén García — Osasuna,Gabriel Strefezza — Como,Marcus Tavernier — Bournemouth,Antoine Griezmann — Atlético Madrid,Matteo Politano — Napoli,Álex Berenguer — Athletic Club
Bryan Gil — Girona,Callum Hudson-Odoi — Nott'ham Forest,Stephy Mavididi — Leicester City,Malick Fofana — Lyon,Jadon Sancho — Chelsea,Antony — Betis
Santiago Giménez — Milan,El Bilal Touré — Stuttgart,Anastasios Douvikas — Como,Rémy Labeau Lascary — Lens,Anastasios Douvikas — Celta Vigo,George Ilenikhena — Monaco
Jamie Gittens — Dortmund,Karim Adeyemi — Dortmund,Malick Fofana — Lyon,Callum Hudson-Odoi — Nott'ham Forest,Nico Williams — Athletic Club,Cody Gakpo — Liverpool
Serge Gnabry — Bayern Munich,Kingsley Coman — Bayern Munich,Karim Adeyemi — Dortmund,Khvicha Kvaratskhelia — Paris S-G,Diogo Jota — Liverpool,Brahim Díaz — Real Madrid
Nicolás González — Juventus,Kai Havertz — Arsenal,Tiago Tomás — Wolfsburg,Tete Morente — Lecce,Lucas Höler — Freiburg,Nicolas Pépé — Villarreal
Anthony Gordon — Newcastle Utd,Christian Pulisic — Milan,Gustav Isaksen — Lazio,Marcus Tavernier — Bournemouth,Son Heung-min — Tottenham,Kenan Yıldız — Juventus
Amine Gouiri — Marseille,Victor Boniface — Leverkusen,Ferrán Torres — Barcelona,Giacomo Raspadori — Napoli,Omar Marmoush — Manchester City,Khvicha Kvaratskhelia — Paris S-G
Jack Grealish — Manchester City,Joaquín Correa — Inter,Reiss Nelson — Fulham,David Brooks — Bournemouth,Riccardo Sottil — Fiorentina,Samuel Chukwueze — Milan
Mason Greenwood — Marseille,Julián Álvarez — Atlético Madrid,Christian Pulisic — Milan,Vinicius Júnior — Real Madrid,Ousmane Dembélé — Paris S-G,Dodi Lukebakio — Sevilla
Michael Gregoritsch — Freiburg,Haris Tabakovic — Hoffenheim,Tijjani Noslin — Lazio,Irvin Cardona — Espanyol,George Hirst — Ipswich Town,Abdón Prats — Mallorca
Antoine Griezmann — Atlético Madrid,Lee Kang-in — Paris S-G,Vincenzo Grifo — Freiburg,Marcus Tavernier — Bournemouth,Álex Berenguer — Athletic Club,Christian Pulisic — Milan
Vincenzo Grifo — Freiburg,Antoine Griezmann — Atlético Madrid,Marvin Ducksch — Werder Bremen,Álex Berenguer — Athletic Club,Lee Kang-in — Paris S-G,Rubén García — Osasuna
Marco Grüll — Werder Bremen,Abdallah Sima — Brest,Pablo Durán — Celta Vigo,Joshua Zirkzee — Manchester Utd,Tijjani Noslin — Lazio,Esteban Lepaul — Angers
Sergi Guardiola — Rayo Vallecano,Abdón Prats — Mallorca,Steve Mounié — Augsburg,Cédric Bakambu — Betis,Asier Villalibre — Alavés,Kelechi Iheanacho — Sevilla
Evann Guessand — Nice,Cody Gakpo — Liverpool,Dan Ndoye — Bologna,Lassine Sinayoko — Auxerre,Marcus Thuram — Inter,Jarrod Bowen — West Ham
Morgan Guilavogui — St. Pauli,Lucas Höler — Freiburg,Tiago Tomás — Wolfsburg,Marvin Pieringer — Heidenheim,Gorka Guruzeta — Athletic Club,Fábio Silva — Las Palmas
Serhou Guirassy — Dortmund,Erling Haaland — Manchester City,Jean-Philippe Mateta — Crystal Palace,Ollie Watkins — Aston Villa,Robert Lewandowski — Barcelona,Jonathan Burkardt — Mainz 05
Gorka Guruzeta — Athletic Club,Joshua King — Toulouse,Mostafa Mohamed — Nantes,Pablo Durán — Celta Vigo,Daniel Mosquera — Hellas Verona,Phillip Tietz — Augsburg
Albert Guðmundsson — Fiorentina,Andrea Colpani — Fiorentina,Sergio Camello — Rayo Vallecano,Harry Wilson — Fulham,Matias Fernandez-Pardo — Lille,Augustine Boakye — Saint-Étienne
Erling Haaland — Manchester City,Serhou Guirassy — Dortmund,Jean-Philippe Mateta — Crystal Palace,Ermedin Demirović — Stuttgart,Jonathan Burkardt — Mainz 05,Robert Lewandowski — Barcelona
Robin Hack — Gladbach,Dennis Man — Parma,Mohamed Amoura — Wolfsburg,Nicolas Pépé — Villarreal,Keito Nakamura — Reims,Lassine Sinayoko — Auxerre
Munir El Haddadi — Leganés,Augustine Boakye — Saint-Étienne,Sheraldo Becker — Real Sociedad,Irvin Cardona — Espanyol,Marco Grüll — Werder Bremen,Borja Mayoral — Getafe
Sébastien Haller — Leganés,Mirko Marić — Venezia,Andrea Petagna — Monza,Andy Delort — Montpellier,Junior Ndiaye — Montpellier,Emmanuel Sabbi — Le Havre
Jack Harrison — Everton,Adri Embarba — Rayo Vallecano,Stephy Mavididi — Leicester City,Tete Morente — Lecce,Jorge de Frutos — Rayo Vallecano,Jim Allevinah — Angers
Kai Havertz — Arsenal,Ermedin Demirović — Stuttgart,Artem Dovbyk — Roma,Gorka Guruzeta — Athletic Club,Jean-Philippe Mateta — Crystal Palace,Che Adams — Torino
Son Heung-min — Tottenham,Rafael Leão — Milan,Dennis Man — Parma,Nicolas Pépé — Villarreal,Harvey Barnes — Newcastle Utd,Gustav Isaksen — Lazio
George Hirst — Ipswich Town,Raúl — Osasuna,Michael Gregoritsch — Freiburg,Theo Bair — Auxerre,Haris Tabakovic — Hoffenheim,Anastasios Douvikas — Celta Vigo
Adam Hložek — Hoffenheim,Lucas Stassin — Saint-Étienne,Tiago Tomás — Wolfsburg,Patrick Cutrone — Como,Matthis Abline — Nantes,Karim Adeyemi — Dortmund
Philipp Hofmann — Bochum,Oliver McBurnie — Las Palmas,Amin Sarr — Hellas Verona,Marvin Pieringer — Heidenheim,Phillip Tietz — Augsburg,Andrea Pinamonti — Genoa
Lucas Höler — Freiburg,Morgan Guilavogui — St. Pauli,Oliver McBurnie — Las Palmas,Tiago Tomás — Wolfsburg,Gorka Guruzeta — Athletic Club,Kai Havertz — Arsenal
Benedict Hollerbach — Union Berlin,Jorge de Frutos — Rayo Vallecano,Keito Nakamura — Reims,Mohammed Kudus — West Ham,Brennan Johnson — Tottenham,Matthis Abline — Nantes
Franck Honorat — Gladbach,Sorba Thomas — Nantes,Viktor Tsyhankov — Girona,David Neres — Napoli,Nicolas Pépé — Villarreal,Romain Del Castillo — Brest
Mathias Honsak — Heidenheim,Vitinha — Genoa,Ridle Baku — Wolfsburg,Casper Tengstedt — Hellas Verona,Marius Bülter — Hoffenheim,Alessandro Zanoli — Genoa
Callum Hudson-Odoi — Nott'ham Forest,Malick Fofana — Lyon,Antony — Betis,Jadon Sancho — Chelsea,Harvey Barnes — Newcastle Utd,Cody Gakpo — Liverpool
Rasmus Højlund — Manchester Utd,Frank Magri — Toulouse,Vitor Roque — Betis,Oumar Diakité — Reims,Johannes Eggestein — St. Pauli,Cyle Larin — Mallorca
Stanis Idumbo — Sevilla,Johan Manzambi — Freiburg,Marc Domenech — Mallorca,Jesper Karlsson — Bologna,El Bilal Touré — Stuttgart,Bojan Miovski — Girona
Borja Iglesias — Celta Vigo,Ermedin Demirović — Stuttgart,Joshua King — Toulouse,Patrick Cutrone — Como,Marco Grüll — Werder Bremen,Artem Dovbyk — Roma
Kelechi Iheanacho — Sevilla,Mirko Marić — Venezia,Marc Domenech — Mallorca,Amine Salama — Reims,Konan N'dri — Lecce,Emmanuel Sabbi — Le Havre
Jonathan Ikone — Como,Irvin Cardona — Espanyol,Ruben Vargas — Sevilla,Jacob Bruun Larsen — Hoffenheim,Gabriel Jesus — Arsenal,Rémy Labeau Lascary — Lens
Jonathan Ikone — Fiorentina,Konan N'dri — Lecce,Noah Okafor — Milan,Amine Salama — Reims,Nicolò Zaniolo — Fiorentina,Jeremy Agbonifo — Lens
George Ilenikhena — Monaco,Anastasios Douvikas — Celta Vigo,Elye Wahi — Marseille,Nelson Weiper — Mainz 05,Folarin Balogun — Monaco,Armindo Sieb — Mainz 05
Andrej Ilic — Union Berlin,Mateo Pellegrino — Parma,Richarlison — Tottenham,Haris Tabakovic — Hoffenheim,Theo Bair — Auxerre,Niclas Füllkrug — West Ham
Danny Ings — West Ham,Lukas Nmecha — Wolfsburg,Pau Victor — Barcelona,Ramón Sosa — Nott'ham Forest,Chuba Akpom — Lille,Randal Kolo Muani — Paris S-G
Alexander Isak — Newcastle Utd,Mateo Retegui — Atalanta,Erling Haaland — Manchester City,Jonathan David — Lille,Arnaud Kalimuendo — Rennes,Ollie Watkins — Aston Villa
Gustav Isaksen — Lazio,Nicolas Pépé — Villarreal,Bryan Zaragoza — Osasuna,Dennis Man — Parma,Callum Hudson-Odoi — Nott'ham Forest,Gabriel Martinelli — Arsenal
Junya Ito — Reims,Gabriel Strefezza — Como,Anthony Gordon — Newcastle Utd,Antoine Griezmann — Atlético Madrid,Rubén García — Osasuna,Álex Berenguer — Athletic Club
Alex Iwobi — Fulham,Maghnes Akliouche — Monaco,Kenan Yıldız — Juventus,Antoine Griezmann — Atlético Madrid,Jacob Murphy — Newcastle Utd,Gabriel Strefezza — Como
Nicolas Jackson — Chelsea,Breel Embolo — Monaco,Deniz Undav — Stuttgart,M'Bala Nzola — Lens,Karim Adeyemi — Dortmund,Patrick Cutrone — Como
Gabriel Jesus — Arsenal,Rémy Labeau Lascary — Lens,Donyell Malen — Dortmund,Wesley Saïd — Lens,Anastasios Douvikas — Como,Umar Sadiq — Valencia
Raúl Jiménez — Fulham,Jean-Philippe Mateta — Crystal Palace,Marvin Pieringer — Heidenheim,Gaëtan Laborde — Nice,Lucas Höler — Freiburg,Andrea Pinamonti — Genoa
João Pedro — Brighton,Jonathan David — Lille,Lucas Beltrán — Fiorentina,Dan Ndoye — Bologna,Mikel Oyarzabal — Real Sociedad,Georges Mikautadze — Lyon
Brennan Johnson — Tottenham,Tiago Tomás — Wolfsburg,Cody Gakpo — Liverpool,Josué Casimir — Le Havre,Maximilian Beier — Dortmund,Morgan Guilavogui — St. Pauli
Jota — Rennes,Iker Losada — Celta Vigo,Anastasios Douvikas — Celta Vigo,Anastasios Douvikas — Como,Luka Jović — Milan,Gift Orban — Hoffenheim
Diogo Jota — Liverpool,Eldor Shomurodov — Roma,Victor Boniface — Leverkusen,Tammy Abraham — Milan,Darwin Núñez — Liverpool,Williot Swedberg — Celta Vigo
Luka Jović — Milan,Anastasios Douvikas — Como,Andrea Belotti — Como,Igor Matanovic — Eint Frankfurt,Noah Okafor — Milan,Bojan Miovski — Girona
Juanmi — Getafe,Emmanuel Sabbi — Le Havre,Michael Folorunsho — Fiorentina,Maroan Sannadi — Athletic Club,Wesley Saïd — Lens,Takuma Asano — Mallorca
Vinicius Júnior — Real Madrid,Rafael Leão — Milan,Sávio — Manchester City,Dan Ndoye — Bologna,Nico Williams — Athletic Club,Luis Díaz — Liverpool
Arnaud Kalimuendo — Rennes,Jonathan David — Lille,Jonathan Burkardt — Mainz 05,Javi Puado — Espanyol,Jean-Philippe Mateta — Crystal Palace,Fábio Silva — Las Palmas
Harry Kane — Bayern Munich,Mateo Retegui — Atalanta,Alexander Isak — Newcastle Utd,Jonathan David — Lille,Robert Lewandowski — Barcelona,Julián Álvarez — Atlético Madrid
Lee Kang-in — Paris S-G,Antoine Griezmann — Atlético Madrid,Rodrygo — Real Madrid,Rayan Cherki — Lyon,Marcus Tavernier — Bournemouth,Julián Álvarez — Atlético Madrid
Jesper Karlsson — Bologna,Mergim Berisha — Hoffenheim,Ibrahim Salah — Brest,Álvaro djaló — Athletic Club,Noah Okafor — Milan,Donyell Malen — Dortmund
Jesper Karlsson — Lecce,Kelechi Iheanacho — Sevilla,Lameck Banda — Lecce,Konan N'dri — Lecce,Ramón Sosa — Nott'ham Forest,Amine Salama — Reims
Mikkel Kaufmann — Heidenheim,Junior Ndiaye — Montpellier,Jeremy Agbonifo — Lens,Benedikt Pichler — Holstein Kiel,Sidiki Cherif — Angers,Max Moerstedt — Hoffenheim
Moise Kean — Fiorentina,Thierno Barry — Villarreal,Nicolas Jackson — Chelsea,Jean-Philippe Mateta — Crystal Palace,Ollie Watkins — Aston Villa,Artem Dovbyk — Roma
Wahbi Khazri — Montpellier,Tim Skarke — Union Berlin,Nicolas Viola — Cagliari,Danel Sinani — St. Pauli,Pontus Almqvist — Parma,Vitinha — Genoa
Joshua King — Toulouse,Mostafa Mohamed — Nantes,Gorka Guruzeta — Athletic Club,Patrick Cutrone — Como,Phillip Tietz — Augsburg,Dominic Calvert-Lewin — Everton
Tim Kleindienst — Gladbach,Ludovic Ajorque — Brest,Raúl Jiménez — Fulham,Yoane Wissa — Brentford,Jørgen Strand Larsen — Wolves,Nikola Krstović — Lecce
Randal Kolo Muani — Juventus,Umar Sadiq — Valencia,Álvaro Morata — Milan,Marcus Rashford — Manchester Utd,Borja Mayoral — Getafe,Abdallah Sima — Brest
Randal Kolo Muani — Paris S-G,Chuba Akpom — Lille,Lukas Nmecha — Wolfsburg,Pau Victor — Barcelona,Elye Wahi — Marseille,George Ilenikhena — Monaco
Christian Kouamé — Fiorentina,Irvin Cardona — Espanyol,Michael Folorunsho — Fiorentina,Armando Broja — Everton,Amine Salama — Reims,Álvaro djaló — Athletic Club
Christian Kouamé — Empoli,Benedikt Pichler — Holstein Kiel,Emmanuel Sabbi — Le Havre,Andy Delort — Montpellier,Michail Antonio — West Ham,André Silva — Werder Bremen
Goduine Koyalipou — Lens,Victor Boniface — Leverkusen,El Bilal Touré — Stuttgart,Justin Njinmah — Werder Bremen,Sergio Camello — Rayo Vallecano,Nelson Weiper — Mainz 05
Nikola Krstović — Lecce,Roberto Piccoli — Cagliari,Raúl Jiménez — Fulham,Matthis Abline — Nantes,Che Adams — Torino,Andrea Pinamonti — Genoa
Mohammed Kudus — West Ham,Alberto Moleiro — Las Palmas,Benedict Hollerbach — Union Berlin,Keito Nakamura — Reims,Gaetano Oristanio — Venezia,Nico Williams — Athletic Club
Khvicha Kvaratskhelia — Napoli,Mohamed Ali Cho — Nice,Khvicha Kvaratskhelia — Paris S-G,Andrea Colpani — Fiorentina,Edon Zhegrova — Lille,Nicolas Pépé — Villarreal
Khvicha Kvaratskhelia — Paris S-G,Khvicha Kvaratskhelia — Napoli,Serge Gnabry — Bayern Munich,Karim Adeyemi — Dortmund,Samuel Chukwueze — Milan,Matias Fernandez-Pardo — Lille
Rémy Labeau Lascary — Lens,Gabriel Jesus — Arsenal,Anastasios Douvikas — Como,Ruben Vargas — Sevilla,Umar Sadiq — Valencia,Maroan Sannadi — Athletic Club
Gaëtan Laborde — Nice,Joshua King — Toulouse,Mikel Oyarzabal — Real Sociedad,Jean-Philippe Mateta — Crystal Palace,Artem Dovbyk — Roma,Gorka Guruzeta — Athletic Club
Alexandre Lacazette — Lyon,Gaëtan Laborde — Nice,Jonathan David — Lille,Artem Dovbyk — Roma,Deniz Undav — Stuttgart,Jean-Philippe Mateta — Crystal Palace
Gianluca Lapadula — Cagliari,Alexis Sánchez — Udinese,Kelechi Iheanacho — Sevilla,Igor Matanovic — Eint Frankfurt,Ramón Sosa — Nott'ham Forest,Danny Ings — West Ham
Cyle Larin — Mallorca,Beto — Everton,Dominic Calvert-Lewin — Everton,Randy Nteka — Rayo Vallecano,Abdallah Sima — Brest,Oumar Diakité — Reims
Juanmi Latasa — Valladolid,Toni Martínez — Alavés,Paul Onuachu — Southampton,Keinan Davis — Udinese,Benedikt Pichler — Holstein Kiel,Bertuğ Yıldırım — Getafe
Rafael Leão — Milan,Son Heung-min — Tottenham,Gabriel Martinelli — Arsenal,Leroy Sané — Bayern Munich,Noni Madueke — Chelsea,Iñaki Williams — Athletic Club
Esteban Lepaul — Angers,Abdallah Sima — Brest,Casper Tengstedt — Hellas Verona,Marco Grüll — Werder Bremen,Pablo Durán — Celta Vigo,Borja Mayoral — Getafe
Robert Lewandowski — Barcelona,Erling Haaland — Manchester City,Serhou Guirassy — Dortmund,Mateo Retegui — Atalanta,Alexander Isak — Newcastle Utd,Jonathan Burkardt — Mainz 05
Jesper Lindstrøm — Everton,Carlos Martín — Alavés,Adri Embarba — Rayo Vallecano,Valentin Mihaila — Parma,Vitinha — Genoa,Kasey McAteer — Leicester City
Dailon Livramento — Hellas Verona,Sekou Mara — Strasbourg,Jeff Ekhator — Genoa,Irvin Cardona — Espanyol,Tijjani Noslin — Lazio,Theo Bair — Auxerre
Marin Ljubicic — Union Berlin,Pietro Pellegri — Empoli,Gift Orban — Hoffenheim,Iker Losada — Celta Vigo,Jesper Karlsson — Bologna,George Hirst — Ipswich Town
Fer López — Celta Vigo,Sergio Camello — Rayo Vallecano,Augustine Boakye — Saint-Étienne,Reiss Nelson — Fulham,Gabriel Jesus — Arsenal,Rémy Labeau Lascary — Lens
Iker Losada — Celta Vigo,Jota — Rennes,Luka Jović — Milan,Gift Orban — Hoffenheim,Anastasios Douvikas — Celta Vigo,Anastasios Douvikas — Como
Lorenzo Lucca — Udinese,Fábio Silva — Las Palmas,Jørgen Strand Larsen — Wolves,Phillip Tietz — Augsburg,Andrea Pinamonti — Genoa,Che Adams — Torino
Romelu Lukaku — Napoli,Ollie Watkins — Aston Villa,Artem Dovbyk — Roma,Gaëtan Laborde — Nice,Mateo Retegui — Atalanta,Che Adams — Torino
Dodi Lukebakio — Sevilla,Mohammed Kudus — West Ham,Anthony Gordon — Newcastle Utd,Gustav Isaksen — Lazio,Alberto Moleiro — Las Palmas,Nico Williams — Athletic Club
Zito Luvumbo — Cagliari,Leon Bailey — Aston Villa,Noah Weißhaupt — St. Pauli,Vitinha — Genoa,Jesus Rodríguez — Betis,Pablo Durán — Celta Vigo
Othmane Maamma — Montpellier,Ibrahim Salah — Brest,Bamba Dieng — Angers,Mergim Berisha — Hoffenheim,Donyell Malen — Dortmund,Irvin Cardona — Espanyol
Shuto Machino — Holstein Kiel,Marius Bülter — Hoffenheim,Juan Cruz — Leganés,Mathias Honsak — Heidenheim,Kevin Schade — Brentford,Mitchel Bakker — Lille
Noni Madueke — Chelsea,Gabriel Martinelli — Arsenal,Abde Ezzalzouli — Betis,Harvey Barnes — Newcastle Utd,Rafael Leão — Milan,Cody Gakpo — Liverpool
Frank Magri — Toulouse,Junior Adamu — Freiburg,Rasmus Højlund — Manchester Utd,Joshua Zirkzee — Manchester Utd,Vitor Roque — Betis,Abdallah Sima — Brest
Donyell Malen — Aston Villa,Lukas Nmecha — Wolfsburg,Noah Okafor — Milan,Ramón Sosa — Nott'ham Forest,Folarin Balogun — Monaco,Nelson Weiper — Mainz 05
Donyell Malen — Dortmund,Anastasios Douvikas — Como,Folarin Balogun — Monaco,Noah Okafor — Milan,Irvin Cardona — Espanyol,Gabriel Jesus — Arsenal
Dennis Man — Parma,Nicolas Pépé — Villarreal,Mohamed Ali Cho — Nice,Jim Allevinah — Angers,Adam Hložek — Hoffenheim,Harvey Barnes — Newcastle Utd
Johan Manzambi — Freiburg,Anastasios Douvikas — Como,Igor Matanovic — Eint Frankfurt,El Bilal Touré — Stuttgart,Luka Jović — Milan,Michael Gregoritsch — Freiburg
Sekou Mara — Strasbourg,Jeff Ekhator — Genoa,Armindo Sieb — Mainz 05,Tijjani Noslin — Lazio,Álvaro djaló — Athletic Club,Amine Salama — Reims
Mirko Marić — Venezia,Armando Broja — Everton,Andrea Petagna — Monza,Sébastien Haller — Leganés,Kelechi Iheanacho — Sevilla,Callum Wilson — Newcastle Utd
Omar Marmoush — Manchester City,Khvicha Kvaratskhelia — Napoli,Edon Zhegrova — Lille,Andrea Colpani — Fiorentina,Albert Guðmundsson — Fiorentina,Victor Boniface — Leverkusen
Omar Marmoush — Eint Frankfurt,Amine Gouiri — Marseille,Karim Adeyemi — Dortmund,Khvicha Kvaratskhelia — Napoli,Marcus Thuram — Inter,Riccardo Orsolini — Bologna
Carlos Martín — Alavés,Kasey McAteer — Leicester City,Matteo Cancellieri — Parma,Vitinha — Genoa,Tiago Tomás — Wolfsburg,Jota Silva — Nott'ham Forest
Gabriel Martinelli — Arsenal,Noni Madueke — Chelsea,Harvey Barnes — Newcastle Utd,Malick Fofana — Lyon,Rafael Leão — Milan,Cody Gakpo — Liverpool
Lautaro Martínez — Inter,Deniz Undav — Stuttgart,Jean-Philippe Mateta — Crystal Palace,Marcus Thuram — Inter,Gaëtan Laborde — Nice,Kai Havertz — Arsenal
Toni Martínez — Alavés,Oliver Burke — Werder Bremen,Raúl — Osasuna,Keinan Davis — Udinese,Juanmi Latasa — Valladolid,Daniel Mosquera — Hellas Verona
Giorgos Masouras — Bochum,Budu Zivzivadze — Heidenheim,Takuma Asano — Mallorca,Jonathan Bamba — Celta Vigo,Benedikt Pichler — Holstein Kiel,Keinan Davis — Udinese
Jaime Mata — Las Palmas,Abdón Prats — Mallorca,Portu — Girona,Michael Gregoritsch — Freiburg,Sirlord Conteh — Heidenheim,Mehdi Taremi — Inter
Igor Matanovic — Eint Frankfurt,Noah Okafor — Milan,Ramón Sosa — Nott'ham Forest,Amine Salama — Reims,Anastasios Douvikas — Como,Mergim Berisha — Hoffenheim
Jean-Philippe Mateta — Crystal Palace,Che Adams — Torino,Artem Dovbyk — Roma,Jonathan Burkardt — Mainz 05,Ermedin Demirović — Stuttgart,Gaëtan Laborde — Nice
Neal Maupay — Marseille,Eldor Shomurodov — Roma,Tomáš Čvančara — Gladbach,Daniel Fila — Venezia,Eddie Nketiah — Crystal Palace,Joaquín Correa — Inter
Stephy Mavididi — Leicester City,Tete Morente — Lecce,Tiago Tomás — Wolfsburg,Vitinha — Genoa,Dennis Man — Parma,Alessandro Zanoli — Genoa
Borja Mayoral — Getafe,Abel Ruiz — Girona,Umar Sadiq — Valencia,Niclas Füllkrug — West Ham,Donyell Malen — Dortmund,Wesley Saïd — Lens
Samuel Mbangula — Juventus,Ryan Sessegnon — Fulham,Matias Fernandez-Pardo — Lille,Ethan Nwaneri — Arsenal,Joaquín Correa — Inter,Iker Bravo — Udinese
Kylian Mbappé — Real Madrid,Mason Greenwood — Marseille,Ousmane Dembélé — Paris S-G,Alexander Isak — Newcastle Utd,Mohamed Salah — Liverpool,Vinicius Júnior — Real Madrid
Ibrahim Mbaye — Paris S-G,George Ilenikhena — Monaco,João Félix — Chelsea,Noah Okafor — Milan,Folarin Balogun — Monaco,Elye Wahi — Marseille
Bryan Mbeumo — Brentford,Jarrod Bowen — West Ham,Christian Pulisic — Milan,Mason Greenwood — Marseille,Dodi Lukebakio — Sevilla,Gabriel Strefezza — Como
Kasey McAteer — Leicester City,Tomás Conechny — Alavés,Wilson Odobert — Tottenham,Michael Folorunsho — Fiorentina,Pontus Almqvist — Parma,Crysencio Summerville — West Ham
Oliver McBurnie — Las Palmas,Phillip Tietz — Augsburg,Cyle Larin — Mallorca,Mostafa Mohamed — Nantes,Dominic Calvert-Lewin — Everton,André Ayew — Le Havre
Mohamed Meité — Rennes,Caleb Ekuban — Genoa,Max Moerstedt — Hoffenheim,Niclas Füllkrug — West Ham,El Bilal Touré — Stuttgart,Fabio Carvalho — Brentford
Valentin Mihaila — Parma,Andrea Colpani — Fiorentina,Ernest Nuamah — Lyon,Yaser Asprilla — Girona,Wahbi Khazri — Montpellier,Danel Sinani — St. Pauli
Georges Mikautadze — Lyon,Ermedin Demirović — Stuttgart,Diogo Jota — Liverpool,Karim Adeyemi — Dortmund,Harvey Barnes — Newcastle Utd,Williot Swedberg — Celta Vigo
Yankuba Minteh — Brighton,Jorge de Frutos — Rayo Vallecano,Gabriel Martinelli — Arsenal,Tiago Tomás — Wolfsburg,Stephy Mavididi — Leicester City,Cody Gakpo — Liverpool
Bojan Miovski — Girona,Antonio Sanabria — Torino,Andrea Belotti — Como,Anastasios Douvikas — Como,Jeff Ekhator — Genoa,Luka Jović — Milan
Rafa Mir — Valencia,Armindo Sieb — Mainz 05,Takuma Asano — Mallorca,Irvin Cardona — Espanyol,Caleb Ekuban — Genoa,Cédric Bakambu — Betis
Kaoru Mitoma — Brighton,Jorge de Frutos — Rayo Vallecano,Gabriel Martinelli — Arsenal,Iñaki Williams — Athletic Club,Noni Madueke — Chelsea,Leandro Trossard — Arsenal
Koji Miyoshi — Bochum,Ibrahim Salah — Brest,Mergim Berisha — Hoffenheim,Ben Old — Saint-Étienne,Lameck Banda — Lecce,Sekou Mara — Strasbourg
Max Moerstedt — Hoffenheim,Marc Domenech — Mallorca,Junior Ndiaye — Montpellier,Amine Salama — Reims,Konan N'dri — Lecce,Othmane Maamma — Montpellier
Mostafa Mohamed — Nantes,Phillip Tietz — Augsburg,Paul Onuachu — Southampton,Joshua King — Toulouse,Beto — Everton,Abdallah Sima — Brest
Alberto Moleiro — Las Palmas,Keito Nakamura — Reims,Dennis Man — Parma,Mohammed Kudus — West Ham,Jorge de Frutos — Rayo Vallecano,Kaoru Mitoma — Brighton
Mikey Moore — Tottenham,Armando Broja — Everton,Ben Old — Saint-Étienne,Othmane Maamma — Montpellier,Junior Ndiaye — Montpellier,Ibrahim Salah — Brest
Álvaro Morata — Milan,Umar Sadiq — Valencia,Wesley Saïd — Lens,Randal Kolo Muani — Juventus,Gabriel Jesus — Arsenal,Borja Mayoral — Getafe
Gerard Moreno — Villarreal,Mehdi Taremi — Inter,Chuba Akpom — Lille,João Félix — Chelsea,Randal Kolo Muani — Paris S-G,Samuel Chukwueze — Milan
Tete Morente — Lecce,Stephy Mavididi — Leicester City,Juan Cruz — Leganés,Alessandro Zanoli — Genoa,Dennis Man — Parma,Jim Allevinah — Angers
Daniel Mosquera — Hellas Verona,Phillip Tietz — Augsburg,Mostafa Mohamed — Nantes,Keinan Davis — Udinese,Gorka Guruzeta — Athletic Club,Tijjani Noslin — Lazio
Dany Mota — Monza,Phillip Tietz — Augsburg,Oumar Diakité — Reims,Matthis Abline — Nantes,Andrea Pinamonti — Genoa,Adam Hložek — Hoffenheim
Steve Mounié — Augsburg,Enes Ünal — Bournemouth,Haris Tabakovic — Hoffenheim,Lukas Nmecha — Wolfsburg,Yussuf Poulsen — RB Leipzig,Theo Bair — Auxerre
Rodrigo Muniz — Fulham,Raúl — Osasuna,Victor Boniface — Leverkusen,Nelson Weiper — Mainz 05,Abdallah Sima — Brest,Anastasios Douvikas — Celta Vigo
Vedat Muriqi — Mallorca,Hugo Duro — Valencia,Dominic Solanke — Tottenham,Santiago Castro — Bologna,Philipp Hofmann — Bochum,Isaac Romero — Sevilla
Jacob Murphy — Newcastle Utd,Robin Hack — Gladbach,Leandro Trossard — Arsenal,Iñaki Williams — Athletic Club,Cody Gakpo — Liverpool,Mohamed Amoura — Wolfsburg
Konan N'dri — Lecce,Marc Domenech — Mallorca,Max Moerstedt — Hoffenheim,Kelechi Iheanacho — Sevilla,Lameck Banda — Lecce,Emmanuel Sabbi — Le Havre
Keito Nakamura — Reims,Adam Hložek — Hoffenheim,Matthis Abline — Nantes,Gabriel Martinelli — Arsenal,Javi Puado — Espanyol,Robin Hack — Gladbach
Jesús Navas — Sevilla,Luka Jović — Milan,Wesley Saïd — Lens,Michael Gregoritsch — Freiburg,Portu — Girona,Joaquín Correa — Inter
Iliman Ndiaye — Everton,Jorge de Frutos — Rayo Vallecano,Stephy Mavididi — Leicester City,Tiago Tomás — Wolfsburg,Facundo Buonanotte — Leicester City,Kaoru Mitoma — Brighton
Junior Ndiaye — Montpellier,Amine Salama — Reims,Ben Old — Saint-Étienne,Marc Domenech — Mallorca,Max Moerstedt — Hoffenheim,Jeff Ekhator — Genoa
Dan Ndoye — Bologna,Gaetano Oristanio — Venezia,Cody Gakpo — Liverpool,Callum Hudson-Odoi — Nott'ham Forest,Malick Fofana — Lyon,Rafael Leão — Milan
Reiss Nelson — Fulham,Fer López — Celta Vigo,Augustine Boakye — Saint-Étienne,Jonathan Bamba — Celta Vigo,Crysencio Summerville — West Ham,Noah Okafor — Milan
David Neres — Napoli,Nicolas Pépé — Villarreal,Samuel Chukwueze — Milan,Osame Sahraoui — Lille,Mohamed Ali Cho — Nice,Malick Fofana — Lyon
Pedro Neto — Chelsea,Bukayo Saka — Arsenal,Marcus Tavernier — Bournemouth,Florian Thauvin — Udinese,David Neres — Napoli,Jordan Ayew — Leicester City
Steve Ngoura — Le Havre,Emmanuel Sabbi — Le Havre,Nicolas Pays — Montpellier,Ibrahima Wadji — Saint-Étienne,Marc Domenech — Mallorca,Christian Kouamé — Empoli
Justin Njinmah — Werder Bremen,Armindo Sieb — Mainz 05,Sergio Camello — Rayo Vallecano,Takuma Asano — Mallorca,Ruben Vargas — Sevilla,Irvin Cardona — Espanyol
Eddie Nketiah — Crystal Palace,Tomáš Čvančara — Gladbach,Frank Magri — Toulouse,Vitor Roque — Betis,Neal Maupay — Marseille,Christopher Nkunku — Chelsea
Christopher Nkunku — Chelsea,Eldor Shomurodov — Roma,Sergio Camello — Rayo Vallecano,Keinan Davis — Udinese,Wesley Saïd — Lens,Gabriel Jesus — Arsenal
Lukas Nmecha — Wolfsburg,Donyell Malen — Aston Villa,Chuba Akpom — Lille,Anastasios Douvikas — Celta Vigo,Anastasios Douvikas — Como,Nelson Weiper — Mainz 05
Arnaud Nordin — Montpellier,Jonathan Bamba — Celta Vigo,Adam Armstrong — Southampton,Kasey McAteer — Leicester City,Giorgos Masouras — Bochum,Wilson Odobert — Tottenham
Tijjani Noslin — Lazio,Sekou Mara — Strasbourg,Jeff Ekhator — Genoa,Armindo Sieb — Mainz 05,Michael Gregoritsch — Freiburg,Wesley Saïd — Lens
Randy Nteka — Rayo Vallecano,Bertuğ Yıldırım — Getafe,Wesley Saïd — Lens,Tomás Conechny — Alavés,Cyle Larin — Mallorca,Umar Sadiq — Valencia
Ernest Nuamah — Lyon,Simon Adingra — Brighton,Andrea Colpani — Fiorentina,Chidera Ejuke — Sevilla,Arnaut Danjuma — Girona,Sammie Szmodics — Ipswich Town
Darwin Núñez — Liverpool,Diogo Jota — Liverpool,Christopher Nkunku — Chelsea,Eldor Shomurodov — Roma,Gabriel Jesus — Arsenal,Tijjani Noslin — Lazio
Ethan Nwaneri — Arsenal,Samuel Chukwueze — Milan,Matias Fernandez-Pardo — Lille,Samuel Mbangula — Juventus,Benjamín Domínguez — Bologna,Chidera Ejuke — Sevilla
M'Bala Nzola — Lens,Dominic Calvert-Lewin — Everton,Frank Magri — Toulouse,Junior Adamu — Freiburg,Cyle Larin — Mallorca,Keinan Davis — Udinese
Wilson Odobert — Tottenham,Ben Old — Saint-Étienne,Mathys Tel — Tottenham,Jonathan Bamba — Celta Vigo,Abel Ruiz — Girona,Nicolas Pays — Montpellier
Noah Okafor — Milan,Igor Matanovic — Eint Frankfurt,Donyell Malen — Dortmund,Anastasios Douvikas — Como,Amine Salama — Reims,Ibrahim Salah — Brest
Ben Old — Saint-Étienne,Lameck Banda — Lecce,Emmanuel Sabbi — Le Havre,Junior Ndiaye — Montpellier,Amine Salama — Reims,Nicolas Pays — Montpellier
Michael Olise — Bayern Munich,Rayan Cherki — Lyon,Christian Pulisic — Milan,Désiré Doué — Paris S-G,Maghnes Akliouche — Monaco,Raphinha — Barcelona
Paul Onuachu — Southampton,Haris Tabakovic — Hoffenheim,Benedikt Pichler — Holstein Kiel,George Hirst — Ipswich Town,Mostafa Mohamed — Nantes,Keinan Davis — Udinese
Loïs Openda — RB Leipzig,Benjamin Šeško — RB Leipzig,Evanilson — Bournemouth,Patrick Cutrone — Como,Che Adams — Torino,Ollie Watkins — Aston Villa
Gift Orban — Hoffenheim,Myron Boadu — Bochum,Jota — Rennes,Umar Sadiq — Valencia,Iker Losada — Celta Vigo,Donyell Malen — Dortmund
Gaetano Oristanio — Venezia,Ange-Yoan Bonny — Parma,Zito Luvumbo — Cagliari,Matthis Abline — Nantes,Dany Mota — Monza,Bryan Zaragoza — Osasuna
Riccardo Orsolini — Bologna,Harvey Barnes — Newcastle Utd,Jonathan Burkardt — Mainz 05,Cody Gakpo — Liverpool,Adam Hložek — Hoffenheim,Arnaud Kalimuendo — Rennes
Dango Ouattara — Bournemouth,Lucas Höler — Freiburg,Kevin Schade — Brentford,Iñaki Williams — Athletic Club,Cody Gakpo — Liverpool,Yankuba Minteh — Brighton
Mikel Oyarzabal — Real Sociedad,Lucas Beltrán — Fiorentina,Gaëtan Laborde — Nice,Oumar Diakité — Reims,Cyle Larin — Mallorca,Patrick Cutrone — Como
Leonardo Pavoletti — Cagliari,Jaime Mata — Las Palmas,Andrea Belotti — Como,Yussuf Poulsen — RB Leipzig,Lukas Nmecha — Wolfsburg,Haris Tabakovic — Hoffenheim
Nicolas Pays — Montpellier,Ben Old — Saint-Étienne,Emmanuel Sabbi — Le Havre,Wilson Odobert — Tottenham,Steve Ngoura — Le Havre,Mirko Marić — Venezia
Pietro Pellegri — Empoli,Jesper Karlsson — Bologna,Marin Ljubicic — Union Berlin,Ibrahim Salah — Brest,Jeremy Agbonifo — Lens,Augustine Boakye — Saint-Étienne
Mateo Pellegrino — Parma,Anastasios Douvikas — Como,Donyell Malen — Dortmund,Ruben Vargas — Sevilla,Maroan Sannadi — Athletic Club,Irvin Cardona — Espanyol
Rubén Peña — Osasuna,Tim Skarke — Union Berlin,Tomás Conechny — Alavés,Irvin Cardona — Espanyol,Michael Folorunsho — Fiorentina,Francisco Perez — Valencia
Nicolas Pépé — Villarreal,Mohamed Ali Cho — Nice,Harvey Barnes — Newcastle Utd,Dennis Man — Parma,Malick Fofana — Lyon,Karim Adeyemi — Dortmund
Mathias Pereira Lage — Brest,Adri Embarba — Rayo Vallecano,Valentin Mihaila — Parma,Rémy Cabella — Lille,Nicolas Pépé — Villarreal,Viktor Tsyhankov — Girona
Ayoze Pérez — Villarreal,Marcus Thuram — Inter,Cody Gakpo — Liverpool,Jonathan Burkardt — Mainz 05,Patrik Schick — Leverkusen,Ermedin Demirović — Stuttgart
Francisco Perez — Valencia,Sekou Mara — Strasbourg,Ben Old — Saint-Étienne,Álvaro djaló — Athletic Club,Jeff Ekhator — Genoa,Emmanuel Sabbi — Le Havre
Andrea Petagna — Monza,Mirko Marić — Venezia,Sébastien Haller — Leganés,Armando Broja — Everton,Kelechi Iheanacho — Sevilla,Marc Domenech — Mallorca
Roberto Piccoli — Cagliari,Nikola Krstović — Lecce,Marvin Pieringer — Heidenheim,Jean-Philippe Mateta — Crystal Palace,Che Adams — Torino,Matthis Abline — Nantes
Benedikt Pichler — Holstein Kiel,Keinan Davis — Udinese,Christian Kouamé — Empoli,Akor Adams — Montpellier,Emmanuel Sabbi — Le Havre,Haris Tabakovic — Hoffenheim
Marvin Pieringer — Heidenheim,Ange-Yoan Bonny — Parma,Fábio Silva — Las Palmas,Morgan Guilavogui — St. Pauli,Mikel Oyarzabal — Real Sociedad,Lassine Sinayoko — Auxerre
Santiago Pierotti — Lecce,Lorenzo Colombo — Empoli,Morgan Guilavogui — St. Pauli,Matteo Cancellieri — Parma,Jacob Ramsey — Aston Villa,Stephy Mavididi — Leicester City
Andrea Pinamonti — Genoa,Che Adams — Torino,Matthis Abline — Nantes,Lorenzo Lucca — Udinese,Phillip Tietz — Augsburg,Jean-Philippe Mateta — Crystal Palace
Matteo Politano — Napoli,Anthony Gordon — Newcastle Utd,Antoine Griezmann — Atlético Madrid,Marcus Tavernier — Bournemouth,Gustav Isaksen — Lazio,Rubén García — Osasuna
Portu — Girona,Wesley Saïd — Lens,Irvin Cardona — Espanyol,Sirlord Conteh — Heidenheim,Michael Gregoritsch — Freiburg,Caleb Ekuban — Genoa
Yussuf Poulsen — RB Leipzig,Anastasios Douvikas — Celta Vigo,Enes Ünal — Bournemouth,Lukas Nmecha — Wolfsburg,Chuba Akpom — Lille,Cédric Bakambu — Betis
Abdón Prats — Mallorca,Taiwo Awoniyi — Nott'ham Forest,Cédric Bakambu — Betis,Michael Gregoritsch — Freiburg,Giovanni Simeone — Napoli,Caleb Ekuban — Genoa
Javi Puado — Espanyol,Keito Nakamura — Reims,Arnaud Kalimuendo — Rennes,Jonathan David — Lille,Mikel Oyarzabal — Real Sociedad,Matthis Abline — Nantes
Christian Pulisic — Milan,Anthony Gordon — Newcastle Utd,Julián Álvarez — Atlético Madrid,Kenan Yıldız — Juventus,Maghnes Akliouche — Monaco,Son Heung-min — Tottenham
Dani Raba — Leganés,Álex Berenguer — Athletic Club,Romain Del Castillo — Brest,Gabriel Strefezza — Como,Christian Pulisic — Milan,Florian Thauvin — Udinese
Sandro Ramírez — Las Palmas,Viktor Tsyhankov — Girona,Mathias Pereira Lage — Brest,Sebastiano Esposito — Empoli,Yaser Asprilla — Girona,Adri Embarba — Rayo Vallecano
Gonçalo Ramos — Paris S-G,George Ilenikhena — Monaco,Victor Boniface — Leverkusen,Mika Biereth — Monaco,Elye Wahi — Marseille,Diogo Jota — Liverpool
Jacob Ramsey — Aston Villa,Francisco Conceição — Juventus,Lucas Beltrán — Fiorentina,Nicolas Pépé — Villarreal,Andrea Colpani — Fiorentina,Anass Zaroury — Lens
Raphinha — Barcelona,Michael Olise — Bayern Munich,Vincenzo Grifo — Freiburg,Rayan Cherki — Lyon,Antoine Griezmann — Atlético Madrid,Christian Pulisic — Milan
Marcus Rashford — Manchester Utd,Elif Elmas — Torino,Borja Mayoral — Getafe,Ruben Vargas — Sevilla,Randal Kolo Muani — Juventus,Donyell Malen — Dortmund
Marcus Rashford — Aston Villa,Saïd Benrahma — Lyon,João Félix — Chelsea,Jacob Bruun Larsen — Hoffenheim,Anastasios Douvikas — Como,El Bilal Touré — Stuttgart
Giacomo Raspadori — Napoli,Harry Wilson — Fulham,Danel Sinani — St. Pauli,Samuel Chukwueze — Milan,Ethan Nwaneri — Arsenal,Albert Guðmundsson — Fiorentina
Raúl — Osasuna,George Hirst — Ipswich Town,Wesley Saïd — Lens,Nelson Weiper — Mainz 05,Taiwo Awoniyi — Nott'ham Forest,Sirlord Conteh — Heidenheim
Ante Rebić — Lecce,Dailon Livramento — Hellas Verona,Sheraldo Becker — Real Sociedad,Munir El Haddadi — Leganés,Koji Miyoshi — Bochum,Sirlord Conteh — Heidenheim
Mateo Retegui — Atalanta,Jonathan Burkardt — Mainz 05,Alexander Isak — Newcastle Utd,Ollie Watkins — Aston Villa,Marcus Thuram — Inter,Romelu Lukaku — Napoli
Richarlison — Tottenham,Donyell Malen — Dortmund,Bamba Dieng — Angers,Andrej Ilic — Union Berlin,Anastasios Douvikas — Celta Vigo,Enes Ünal — Bournemouth
Álvaro Rodríguez — Getafe,Bertuğ Yıldırım — Getafe,Randy Nteka — Rayo Vallecano,Tomás Conechny — Alavés,Sekou Mara — Strasbourg,Paul Onuachu — Southampton
Jesus Rodríguez — Betis,Benjamín Domínguez — Bologna,Leon Bailey — Aston Villa,Mamadou Diakhon — Reims,Matias Fernandez-Pardo — Lille,Andrea Colpani — Fiorentina
Rodrygo — Real Madrid,Nico Williams — Athletic Club,Gustav Isaksen — Lazio,Lee Kang-in — Paris S-G,Callum Hudson-Odoi — Nott'ham Forest,Son Heung-min — Tottenham
Morgan Rogers — Aston Villa,Jarrod Bowen — West Ham,Evann Guessand — Nice,Kaoru Mitoma — Brighton,Maghnes Akliouche — Monaco,Robin Hack — Gladbach
Isaac Romero — Sevilla,Junior Adamu — Freiburg,Oumar Diakité — Reims,Fábio Silva — Las Palmas,Frank Magri — Toulouse,Tiago Tomás — Wolfsburg
Vitor Roque — Betis,Rasmus Højlund — Manchester Utd,Frank Magri — Toulouse,Abdallah Sima — Brest,Maroan Sannadi — Athletic Club,Keinan Davis — Udinese
Abel Ruiz — Girona,Antonio Sanabria — Torino,Borja Mayoral — Getafe,Casper Tengstedt — Hellas Verona,Wilson Odobert — Tottenham,Adam Armstrong — Southampton
Emmanuel Sabbi — Le Havre,Ben Old — Saint-Étienne,Lameck Banda — Lecce,Nicolas Pays — Montpellier,Mirko Marić — Venezia,Kelechi Iheanacho — Sevilla
Umar Sadiq — Valencia,Álvaro Morata — Milan,Wesley Saïd — Lens,Borja Mayoral — Getafe,Randal Kolo Muani — Juventus,Rémy Labeau Lascary — Lens
Osame Sahraoui — Lille,Jadon Sancho — Chelsea,Harvey Barnes — Newcastle Utd,Mohamed Ali Cho — Nice,Malick Fofana — Lyon,Brahim Díaz — Real Madrid
Wesley Saïd — Lens,Portu — Girona,Keinan Davis — Udinese,Umar Sadiq — Valencia,Raúl — Osasuna,Anastasios Douvikas — Como
Bukayo Saka — Arsenal,Son Heung-min — Tottenham,Rafael Leão — Milan,Sávio — Manchester City,Gustav Isaksen — Lazio,Marcus Tavernier — Bournemouth
Ibrahim Salah — Brest,Mergim Berisha — Hoffenheim,Othmane Maamma — Montpellier,Noah Okafor — Milan,Amine Salama — Reims,Jesper Karlsson — Bologna
Mohamed Salah — Liverpool,Kylian Mbappé — Real Madrid,Mason Greenwood — Marseille,Alexander Isak — Newcastle Utd,Bradley Barcola — Paris S-G,Vinicius Júnior — Real Madrid
Amine Salama — Reims,Junior Ndiaye — Montpellier,Ben Old — Saint-Étienne,Callum Wilson — Newcastle Utd,Nicolò Zaniolo — Fiorentina,Armando Broja — Everton
Antonio Sanabria — Torino,Abel Ruiz — Girona,Bojan Miovski — Girona,Andrea Belotti — Como,Tijjani Noslin — Lazio,Sekou Mara — Strasbourg
Alexis Sánchez — Udinese,Kelechi Iheanacho — Sevilla,Mirko Marić — Venezia,Callum Wilson — Newcastle Utd,Armando Broja — Everton,Raheem Sterling — Arsenal
Jadon Sancho — Chelsea,Osame Sahraoui — Lille,Callum Hudson-Odoi — Nott'ham Forest,Harvey Barnes — Newcastle Utd,Malick Fofana — Lyon,Nicolas Pépé — Villarreal
Leroy Sané — Bayern Munich,Cody Gakpo — Liverpool,Serge Gnabry — Bayern Munich,Harvey Barnes — Newcastle Utd,Kingsley Coman — Bayern Munich,Rafael Leão — Milan
Maroan Sannadi — Athletic Club,Anastasios Douvikas — Como,Chuba Akpom — Lille,Mateo Pellegrino — Parma,Anastasios Douvikas — Celta Vigo,Donyell Malen — Dortmund
Amin Sarr — Hellas Verona,Oumar Diakité — Reims,Cyle Larin — Mallorca,Pablo Durán — Celta Vigo,Oliver McBurnie — Las Palmas,Casper Tengstedt — Hellas Verona
Sávio — Manchester City,Rafael Leão — Milan,Noni Madueke — Chelsea,Son Heung-min — Tottenham,Leroy Sané — Bayern Munich,Abde Ezzalzouli — Betis
Kevin Schade — Brentford,Dango Ouattara — Bournemouth,Tiago Tomás — Wolfsburg,Yankuba Minteh — Brighton,Brennan Johnson — Tottenham,Cody Gakpo — Liverpool
Patrik Schick — Leverkusen,Ermedin Demirović — Stuttgart,Alexander Sørloth — Atlético Madrid,Jonathan Burkardt — Mainz 05,Ayoze Pérez — Villarreal,Borja Iglesias — Celta Vigo
Léo Scienza — Heidenheim,Nicolas Viola — Cagliari,Danel Sinani — St. Pauli,Bryan Zaragoza — Osasuna,Chidera Ejuke — Sevilla,Romain Del Castillo — Brest
Antoine Semenyo — Bournemouth,Morgan Rogers — Aston Villa,Kaoru Mitoma — Brighton,Ritsu Doan — Freiburg,Kenan Yıldız — Juventus,Iñaki Williams — Athletic Club
Benjamin Šeško — RB Leipzig,Nick Woltemade — Stuttgart,Adam Hložek — Hoffenheim,Jean-Philippe Mateta — Crystal Palace,Fábio Silva — Las Palmas,Che Adams — Torino
Ryan Sessegnon — Fulham,Samuel Mbangula — Juventus,Eldor Shomurodov — Roma,Joaquín Correa — Inter,Gabriel Jesus — Arsenal,Pablo Durán — Celta Vigo
Eldor Shomurodov — Roma,Christopher Nkunku — Chelsea,Thijs Dallinga — Bologna,Tammy Abraham — Milan,Diogo Jota — Liverpool,Tijjani Noslin — Lazio
Armindo Sieb — Mainz 05,Rafa Mir — Valencia,Sekou Mara — Strasbourg,Justin Njinmah — Werder Bremen,Tijjani Noslin — Lazio,Jeff Ekhator — Genoa
André Silva — Werder Bremen,Christian Kouamé — Empoli,Max Moerstedt — Hoffenheim,Amine Salama — Reims,Mergim Berisha — Hoffenheim,Bamba Dieng — Angers
Fábio Silva — Las Palmas,Lorenzo Lucca — Udinese,Lucas Stassin — Saint-Étienne,Phillip Tietz — Augsburg,Oumar Diakité — Reims,Adam Hložek — Hoffenheim
Jota Silva — Nott'ham Forest,Pontus Almqvist — Parma,Mostafa Mohamed — Nantes,Tijjani Noslin — Lazio,Pablo Durán — Celta Vigo,Darwin Núñez — Liverpool
Abdallah Sima — Brest,Marco Grüll — Werder Bremen,Pablo Durán — Celta Vigo,Esteban Lepaul — Angers,Casper Tengstedt — Hellas Verona,Eldor Shomurodov — Roma
Giovanni Simeone — Napoli,Abdón Prats — Mallorca,Taiwo Awoniyi — Nott'ham Forest,Tijjani Noslin — Lazio,Anastasios Douvikas — Como,Michael Gregoritsch — Freiburg
Moses Simon — Nantes,Anthony Elanga — Nott'ham Forest,Zuriko Davitashvili — Saint-Étienne,Nico Williams — Athletic Club,Son Heung-min — Tottenham,Florian Thauvin — Udinese
Danel Sinani — St. Pauli,Nicolas Viola — Cagliari,Giacomo Raspadori — Napoli,Andrea Colpani — Fiorentina,Harry Wilson — Fulham,Manuel Fuster — Las Palmas
Lassine Sinayoko — Auxerre,Marvin Pieringer — Heidenheim,Ange-Yoan Bonny — Parma,Josué Casimir — Le Havre,Tiago Tomás — Wolfsburg,Robin Hack — Gladbach
Tim Skarke — Union Berlin,Takuma Asano — Mallorca,Sirlord Conteh — Heidenheim,Pontus Almqvist — Parma,Jonathan Bamba — Celta Vigo,Timo Werner — Tottenham
Andreas Skov Olsen — Wolfsburg,Ruben Vargas — Sevilla,Irvin Cardona — Espanyol,El Bilal Touré — Stuttgart,Mohamed Meité — Rennes,Assane Diao — Betis
Dominic Solanke — Tottenham,Santiago Castro — Bologna,Hugo Duro — Valencia,Vedat Muriqi — Mallorca,Che Adams — Torino,Jean-Philippe Mateta — Crystal Palace
Ramón Sosa — Nott'ham Forest,Igor Matanovic — Eint Frankfurt,Noah Okafor — Milan,Ibrahim Salah — Brest,Amine Salama — Reims,Raúl — Osasuna
Florian Sotoca — Lens,Tete Morente — Lecce,Nicolás González — Juventus,Nicolas Pépé — Villarreal,Dennis Man — Parma,Mitchel Bakker — Lille
Riccardo Sottil — Fiorentina,Nicolò Cambiaghi — Bologna,Leon Bailey — Aston Villa,Justin Njinmah — Werder Bremen,Mamadou Diakhon — Reims,Álvaro djaló — Athletic Club
Issa Soumaré — Le Havre,Adam Hložek — Hoffenheim,Tiago Tomás — Wolfsburg,Vitinha — Genoa,Morgan Guilavogui — St. Pauli,Stephy Mavididi — Leicester City
Lucas Stassin — Saint-Étienne,Adam Hložek — Hoffenheim,Esteban Lepaul — Angers,Abdallah Sima — Brest,Fábio Silva — Las Palmas,Marco Grüll — Werder Bremen
Raheem Sterling — Arsenal,Kike Barja — Osasuna,Alexis Sánchez — Udinese,Christian Kouamé — Fiorentina,Álvaro djaló — Athletic Club,Mehdi Taremi — Inter
Ross Stewart — Southampton,Andrea Belotti — Como,Mergim Berisha — Hoffenheim,Emmanuel Sabbi — Le Havre,Kelechi Iheanacho — Sevilla,Mirko Marić — Venezia
Jørgen Strand Larsen — Wolves,Lorenzo Lucca — Udinese,Fábio Silva — Las Palmas,Ludovic Ajorque — Brest,Che Adams — Torino,Chris Wood — Nott'ham Forest
Gabriel Strefezza — Como,Mattia Zaccagni — Lazio,Rubén García — Osasuna,Marcus Tavernier — Bournemouth,Kenan Yıldız — Juventus,Álex Berenguer — Athletic Club
Cristhian Stuani — Girona,Raúl — Osasuna,Niclas Füllkrug — West Ham,Umar Sadiq — Valencia,Marko Arnautović — Inter,Cédric Bakambu — Betis
Kamaldeen Sulemana — Southampton,Moritz Broschinski — Bochum,Pontus Almqvist — Parma,Arnaud Nordin — Montpellier,Kasey McAteer — Leicester City,Wilson Odobert — Tottenham
Crysencio Summerville — West Ham,Ben Old — Saint-Étienne,Emmanuel Sabbi — Le Havre,Lameck Banda — Lecce,Jeff Ekhator — Genoa,Tijjani Noslin — Lazio
Suso — Sevilla,Samuel Chukwueze — Milan,Saïd Benrahma — Lyon,Kike Barja — Osasuna,Jonathan Bamba — Celta Vigo,Danel Sinani — St. Pauli
Williot Swedberg — Celta Vigo,Eldor Shomurodov — Roma,Pablo Durán — Celta Vigo,Abdallah Sima — Brest,Joshua Zirkzee — Manchester Utd,Tammy Abraham — Milan
Mamadou Sylla — Valladolid,Marcos André — Valladolid,Adam Armstrong — Southampton,Casper Tengstedt — Hellas Verona,Antonio Sanabria — Torino,Alejo Véliz — Espanyol
Sammie Szmodics — Ipswich Town,Kasey McAteer — Leicester City,Wesley Saïd — Lens,Randy Nteka — Rayo Vallecano,Abel Ruiz — Girona,Takuma Asano — Mallorca
Alexander Sørloth — Atlético Madrid,Patrik Schick — Leverkusen,Ermedin Demirović — Stuttgart,Victor Boniface — Leverkusen,Rodrigo Muniz — Fulham,Ferrán Torres — Barcelona
Haris Tabakovic — Hoffenheim,Theo Bair — Auxerre,Michael Gregoritsch — Freiburg,Benedikt Pichler — Holstein Kiel,Mateo Pellegrino — Parma,George Hirst — Ipswich Town
Mehdi Taremi — Inter,Joaquín Correa — Inter,Giovanni Simeone — Napoli,Tijjani Noslin — Lazio,Chuba Akpom — Lille,Maroan Sannadi — Athletic Club
Marcus Tavernier — Bournemouth,Robin Hack — Gladbach,Anthony Gordon — Newcastle Utd,Álex Berenguer — Athletic Club,Florian Thauvin — Udinese,Viktor Tsyhankov — Girona
Loum Tchaouna — Lazio,Tomáš Čvančara — Gladbach,Eddie Nketiah — Crystal Palace,Armindo Sieb — Mainz 05,Neal Maupay — Marseille,Tijjani Noslin — Lazio
Mathys Tel — Tottenham,Wilson Odobert — Tottenham,Crysencio Summerville — West Ham,Jonathan Bamba — Celta Vigo,Vitor Roque — Betis,Bazoumana Touré — Hoffenheim
Casper Tengstedt — Hellas Verona,Abel Ruiz — Girona,Adam Armstrong — Southampton,Abdallah Sima — Brest,Antonio Sanabria — Torino,Esteban Lepaul — Angers
Florian Thauvin — Udinese,Romain Del Castillo — Brest,Viktor Tsyhankov — Girona,Son Heung-min — Tottenham,Marcus Tavernier — Bournemouth,Dennis Man — Parma
Sorba Thomas — Nantes,Franck Honorat — Gladbach,Mathias Honsak — Heidenheim,Mitchel Bakker — Lille,Danel Sinani — St. Pauli,Vitinha — Genoa
Marcus Thuram — Inter,Cody Gakpo — Liverpool,Harvey Barnes — Newcastle Utd,Ayoze Pérez — Villarreal,Jonathan Burkardt — Mainz 05,Karim Adeyemi — Dortmund
Phillip Tietz — Augsburg,Beto — Everton,Mostafa Mohamed — Nantes,Oliver McBurnie — Las Palmas,Cyle Larin — Mallorca,Joshua King — Toulouse
Tiago Tomás — Wolfsburg,Oumar Diakité — Reims,Adam Hložek — Hoffenheim,Lucas Beltrán — Fiorentina,Morgan Guilavogui — St. Pauli,Brennan Johnson — Tottenham
Ferrán Torres — Barcelona,Diogo Jota — Liverpool,Victor Boniface — Leverkusen,Serge Gnabry — Bayern Munich,Ángel Correa — Atlético Madrid,Santiago Giménez — Milan
Bazoumana Touré — Hoffenheim,Ben Old — Saint-Étienne,Carlos Alcaraz — Everton,Ruben Vargas — Sevilla,Emmanuel Sabbi — Le Havre,Lameck Banda — Lecce
Adama Traoré — Fulham,Jadon Sancho — Chelsea,Harvey Barnes — Newcastle Utd,Nicolas Pépé — Villarreal,Bryan Zaragoza — Osasuna,Bryan Gil — Girona
Leandro Trossard — Arsenal,Jacob Murphy — Newcastle Utd,Iñaki Williams — Athletic Club,Gabriel Martinelli — Arsenal,Jorge de Frutos — Rayo Vallecano,Cody Gakpo — Liverpool
Viktor Tsyhankov — Girona,Danel Sinani — St. Pauli,Franck Honorat — Gladbach,Dennis Man — Parma,Florian Thauvin — Udinese,Romain Del Castillo — Brest
Christantus Uche — Getafe,Lorenzo Colombo — Empoli,Santiago Pierotti — Lecce,Loïs Openda — RB Leipzig,Marvin Pieringer — Heidenheim,Benjamin Šeško — RB Leipzig
Enes Ünal — Bournemouth,Folarin Balogun — Monaco,Yussuf Poulsen — RB Leipzig,Steve Mounié — Augsburg,Richarlison — Tottenham,Jacob Bruun Larsen — Hoffenheim
Deniz Undav — Stuttgart,Breel Embolo — Monaco,Patrick Cutrone — Como,Ermedin Demirović — Stuttgart,Joshua King — Toulouse,Gaëtan Laborde — Nice
Jamie Vardy — Leicester City,Oliver McBurnie — Las Palmas,Che Adams — Torino,Mamadou Sylla — Valladolid,Danny Welbeck — Brighton,Fábio Silva — Las Palmas
Ruben Vargas — Sevilla,Irvin Cardona — Espanyol,Mateo Pellegrino — Parma,Justin Njinmah — Werder Bremen,Takuma Asano — Mallorca,Donyell Malen — Dortmund
Alejo Véliz — Espanyol,Bertuğ Yıldırım — Getafe,Jeff Ekhator — Genoa,Theo Bair — Auxerre,Walid Cheddira — Espanyol,Sekou Mara — Strasbourg
Carlos Vicente — Alavés,Rubén García — Osasuna,Junya Ito — Reims,Pedro Neto — Chelsea,Álex Berenguer — Athletic Club,Gabriel Strefezza — Como
Pau Victor — Barcelona,Randal Kolo Muani — Paris S-G,Danny Ings — West Ham,Lukas Nmecha — Wolfsburg,Ibrahim Mbaye — Paris S-G,Donyell Malen — Aston Villa
Asier Villalibre — Alavés,Andrea Petagna — Monza,Marc Domenech — Mallorca,Max Moerstedt — Hoffenheim,Abdón Prats — Mallorca,Mirko Marić — Venezia
Nicolas Viola — Cagliari,Danel Sinani — St. Pauli,Wahbi Khazri — Montpellier,Suso — Sevilla,Andrea Colpani — Fiorentina,David Brooks — Bournemouth
Vitinha — Genoa,Matteo Cancellieri — Parma,Pablo Durán — Celta Vigo,Zito Luvumbo — Cagliari,Mathias Honsak — Heidenheim,Moritz Broschinski — Bochum
Dušan Vlahović — Juventus,Artem Dovbyk — Roma,Gaëtan Laborde — Nice,Phillip Tietz — Augsburg,Georges Mikautadze — Lyon,Ollie Watkins — Aston Villa
Ibrahima Wadji — Saint-Étienne,Ben Old — Saint-Étienne,Emmanuel Sabbi — Le Havre,Mirko Marić — Venezia,Kelechi Iheanacho — Sevilla,Ross Stewart — Southampton
Elye Wahi — Marseille,George Ilenikhena — Monaco,Folarin Balogun — Monaco,Ibrahim Mbaye — Paris S-G,Anastasios Douvikas — Celta Vigo,Randal Kolo Muani — Paris S-G
Ollie Watkins — Aston Villa,Romelu Lukaku — Napoli,Ermedin Demirović — Stuttgart,Artem Dovbyk — Roma,Jean-Philippe Mateta — Crystal Palace,Jonathan Burkardt — Mainz 05
Nelson Weiper — Mainz 05,Anastasios Douvikas — Celta Vigo,George Ilenikhena — Monaco,Raúl — Osasuna,Mateo Pellegrino — Parma,Maroan Sannadi — Athletic Club
Noah Weißhaupt — St. Pauli,Crysencio Summerville — West Ham,Zito Luvumbo — Cagliari,Ruben Vargas — Sevilla,Wilson Odobert — Tottenham,Mathys Tel — Tottenham
Danny Welbeck — Brighton,Joshua King — Toulouse,Che Adams — Torino,Adam Hložek — Hoffenheim,Gaëtan Laborde — Nice,Mikel Oyarzabal — Real Sociedad
Timo Werner — Tottenham,Saïd Benrahma — Lyon,Lameck Banda — Lecce,Irvin Cardona — Espanyol,Bazoumana Touré — Hoffenheim,Ben Old — Saint-Étienne
Iñaki Williams — Athletic Club,Gabriel Martinelli — Arsenal,Rafael Leão — Milan,Robin Hack — Gladbach,Jacob Murphy — Newcastle Utd,Cody Gakpo — Liverpool
Nico Williams — Athletic Club,Rodrygo — Real Madrid,Gabriel Martinelli — Arsenal,Bryan Zaragoza — Osasuna,Gustav Isaksen — Lazio,Rafael Leão — Milan
Callum Wilson — Newcastle Utd,Amine Salama — Reims,Mirko Marić — Venezia,Armando Broja — Everton,Alexis Sánchez — Udinese,Ben Old — Saint-Étienne
Harry Wilson — Fulham,Giacomo Raspadori — Napoli,Andrea Colpani — Fiorentina,Albert Guðmundsson — Fiorentina,Matias Fernandez-Pardo — Lille,Alexander Bernhardsson — Holstein Kiel
Jonas Wind — Wolfsburg,Adam Hložek — Hoffenheim,Phillip Tietz — Augsburg,Lucas Beltrán — Fiorentina,Che Adams — Torino,Andrea Pinamonti — Genoa
Yoane Wissa — Brentford,Ollie Watkins — Aston Villa,Raúl Jiménez — Fulham,Jean-Philippe Mateta — Crystal Palace,Serhou Guirassy — Dortmund,Lautaro Martínez — Inter
Nick Woltemade — Stuttgart,Benjamin Šeško — RB Leipzig,Jonathan Burkardt — Mainz 05,Jean-Philippe Mateta — Crystal Palace,Ermedin Demirović — Stuttgart,Karim Adeyemi — Dortmund
Chris Wood — Nott'ham Forest,Jørgen Strand Larsen — Wolves,Jean-Philippe Mateta — Crystal Palace,Artem Dovbyk — Roma,Andrea Pinamonti — Genoa,Ludovic Ajorque — Brest
Lamine Yamal — Barcelona,Michael Olise — Bayern Munich,Vinicius Júnior — Real Madrid,Maghnes Akliouche — Monaco,Désiré Doué — Paris S-G,Mohamed Salah — Liverpool
Erencan Yardimci — Hoffenheim,Sébastien Haller — Leganés,Emmanuel Sabbi — Le Havre,Junior Ndiaye — Montpellier,Bojan Miovski — Girona,Kelechi Iheanacho — Sevilla
Bertuğ Yıldırım — Getafe,Randy Nteka — Rayo Vallecano,Alejo Véliz — Espanyol,Álvaro Rodríguez — Getafe,Tomás Conechny — Alavés,Jeff Ekhator — Genoa
Kenan Yıldız — Juventus,Christian Pulisic — Milan,Anthony Gordon — Newcastle Utd,Gabriel Strefezza — Como,Désiré Doué — Paris S-G,Leandro Trossard — Arsenal
Mattia Zaccagni — Lazio,Gabriel Strefezza — Como,Anthony Gordon — Newcastle Utd,Álex Berenguer — Athletic Club,Antoine Griezmann — Atlético Madrid,Christian Pulisic — Milan
Nicolò Zaniolo — Fiorentina,Amine Salama — Reims,Noah Okafor — Milan,Junior Ndiaye — Montpellier,Igor Matanovic — Eint Frankfurt,Ibrahim Salah — Brest
Nicolò Zaniolo — Atalanta,Gabriel Charpentier — Parma,Johan Manzambi — Freiburg,Jesper Karlsson — Bologna,Igor Matanovic — Eint Frankfurt,Mergim Berisha — Hoffenheim
Alessandro Zanoli — Genoa,Ridle Baku — Wolfsburg,Vitinha — Genoa,Matteo Cancellieri — Parma,Mathias Honsak — Heidenheim,Tete Morente — Lecce
Duván Zapata — Torino,Richarlison — Tottenham,Folarin Balogun — Monaco,Donyell Malen — Dortmund,Haris Tabakovic — Hoffenheim,Budu Zivzivadze — Heidenheim
Bryan Zaragoza — Osasuna,Mohamed Ali Cho — Nice,Nicolas Pépé — Villarreal,Gustav Isaksen — Lazio,Malick Fofana — Lyon,David Neres — Napoli
Anass Zaroury — Lens,Francisco Conceição — Juventus,Mitchel Bakker — Lille,Danel Sinani — St. Pauli,Yaser Asprilla — Girona,Andrea Colpani — Fiorentina
Edon Zhegrova — Lille,Khvicha Kvaratskhelia — Napoli,Andrea Colpani — Fiorentina,Omar Marmoush — Manchester City,Ruben Vargas — Sevilla,Elif Elmas — Torino
Joshua Zirkzee — Manchester Utd,Pablo Durán — Celta Vigo,Oumar Diakité — Reims,Frank Magri — Toulouse,Abdallah Sima — Brest,Williot Swedberg — Celta Vigo
Budu Zivzivadze — Heidenheim,Takuma Asano — Mallorca,Giorgos Masouras — Bochum,Keinan Davis — Udinese,Irvin Cardona — Espanyol,Borja Mayoral — Getafe
Himad Abdelli — Angers,Javier Guerra — Valencia,Aimar Oroz — Osasuna,Lucas Paquetá — West Ham,Andy Diouf — Lens,Simon Sohm — Parma
Zakaria Aboukhlal — Toulouse,Nathan Tella — Leverkusen,Boulaye Dia — Lazio,Ansgar Knauff — Eint Frankfurt,Samuel Lino — Atlético Madrid,Georginio Rutter — Brighton
Tyler Adams — Bournemouth,Nicolás Domínguez — Nott'ham Forest,Azor Matusiwa — Rennes,Enzo Barrenechea — Valencia,Sander Berge — Fulham,Ander Guevara — Alavés
Amine Adli — Leverkusen,Eren Dinkçi — Freiburg,Davide Frattesi — Inter,Martin Terrier — Leverkusen,Nathan Tella — Leverkusen,Diego Gómez — Brighton
Yacine Adli — Fiorentina,Maxence Caqueret — Como,Juanlu Sánchez — Sevilla,Niklas Dorsch — Heidenheim,Aleix García — Leverkusen,Faustino Anjorin — Empoli
Michel Aebischer — Bologna,William Carvalho — Betis,Rayan Raveloson — Auxerre,Enzo Le Fée — Roma,Gerard Gumbau — Rayo Vallecano,Dennis Geiger — Hoffenheim
Lucien Agoume — Sevilla,Azor Matusiwa — Rennes,Rodrigo Bentancur — Tottenham,Sander Berge — Fulham,Johnny Cardoso — Betis,Kristijan Jakić — Augsburg
Jean-Eudes Aholou — Angers,Rodrigo Bentancur — Tottenham,Alberto Grassi — Empoli,Johann Lepenant — Nantes,Karol Linetty — Torino,Djibril Sow — Sevilla
Ilias Akhomach — Villarreal,Yorbe Vertessen — Union Berlin,Albert Grønbaek — Rennes,João Félix — Milan,Bilal Nadir — Marseille,Romain Faivre — Brest
Jean-Daniel Akpa-Akpro — Monza,Han-Noah Massengo — Auxerre,Karol Linetty — Torino,Alfred Duncan — Venezia,Tamás Nikitscher — Valladolid,Mathis Amougou — Saint-Étienne
Carles Aleñá — Getafe,Salih Özcan — Wolfsburg,Iker Losada — Betis,Gaetano Castrovilli — Monza,Cher Ndour — Fiorentina,William Carvalho — Betis
Carles Aleñá — Alavés,Alfred Duncan — Venezia,Ruben Loftus-Cheek — Milan,Nicolò Fagioli — Fiorentina,Orel Mangala — Everton,Baptiste Santamaria — Nice
Thiago Almada — Lyon,Fares Chaïbi — Eint Frankfurt,Nicolò Fagioli — Fiorentina,João Félix — Milan,Badredine Bouanani — Nice,Edoardo Bove — Fiorentina
Sergi Altimira — Betis,Enzo Barrenechea — Valencia,Sander Berge — Fulham,Ellyes Skhiri — Eint Frankfurt,Mikel Jauregizar — Athletic Club,Boubacar Kamara — Aston Villa
Edson Álvarez — West Ham,Youssef Maleh — Empoli,Antoine Makoumbou — Cagliari,Patrick Osterhage — Freiburg,Reda Belahyane — Hellas Verona,Yvan Neyou — Leganés
Hugo Álvarez — Celta Vigo,Sergio Carreira — Celta Vigo,Antonio Nusa — RB Leipzig,Weston McKennie — Juventus,Félix Lemaréchal — Strasbourg,Jurgen Ekkelenkamp — Udinese
Selim Amallah — Valladolid,Kike Pérez — Valladolid,Louis Mouton — Saint-Étienne,Roberto Navarro — Mallorca,Paul Wanner — Heidenheim,Carlos Soler — West Ham
Nadiem Amiri — Mainz 05,Declan Rice — Arsenal,Lamine Camara — Monaco,Hakan Çalhanoğlu — Inter,Téji Savanier — Montpellier,Lucas Da Cunha — Como
Mathis Amougou — Saint-Étienne,Kacper Urbanski — Monza,Gaetano Castrovilli — Monza,Mahamadou Diawara — Le Havre,Samuele Vignato — Monza,Oussama Targhalline — Le Havre
Elliot Anderson — Nott'ham Forest,Cristian Cásseres Jr. — Toulouse,Javier Guerra — Valencia,Santi Comesaña — Villarreal,Adrien Thomasson — Lens,Ryan Christie — Bournemouth
André — Wolves,Senne Lynen — Werder Bremen,Sergi Altimira — Betis,Azor Matusiwa — Rennes,Enzo Barrenechea — Valencia,Pol Lozano — Espanyol
Benjamin André — Lille,Remo Freuler — Bologna,Kaishu Sano — Mainz 05,Maximilian Eggestein — Freiburg,Martín Zubimendi — Real Sociedad,Samu Costa — Mallorca
Robert Andrich — Leverkusen,Jordan Veretout — Lyon,Danilo Cataldi — Fiorentina,Eduardo Camavinga — Real Madrid,Felix Nmecha — Dortmund,Rodrigo Bentancur — Tottenham
Faustino Anjorin — Empoli,Pablo Marín — Real Sociedad,Julio Enciso — Ipswich Town,Gvidas Gineitis — Torino,Romain Faivre — Brest,Maxence Caqueret — Como
Anuar — Valladolid,Alberto Grassi — Empoli,Darko Brašanac — Leganés,Kike Pérez — Valladolid,Dani de Wit — Bochum,Yassin Belkhdim — Angers
Mauro Arambarri — Getafe,Yangel Herrera — Girona,Tomáš Souček — West Ham,Nikola Vlašić — Torino,Vincent Sierro — Toulouse,Jon Guridi — Alavés
Joe Aribo — Southampton,Lesley Ugochukwu — Southampton,Benjamin Bouchouari — Saint-Étienne,Jens Cajuste — Ipswich Town,Flynn Downes — Southampton,Joris Chotard — Montpellier
Hákon Arnar Haraldsson — Lille,Phil Foden — Manchester City,Emile Smith Rowe — Fulham,Félix Lemaréchal — Strasbourg,Fabio Miretti — Genoa,Arda Güler — Real Madrid
Maximilian Arnold — Wolfsburg,Ondrej Duda — Hellas Verona,Lucas Da Cunha — Como,Vincent Sierro — Toulouse,Lamine Camara — Monaco,Rolando Mandragora — Fiorentina
Marco Asensio — Aston Villa,Martin Terrier — Leverkusen,Romain Faivre — Brest,João Félix — Milan,Lovro Majer — Wolfsburg,Mattias Svanberg — Wolfsburg
Kristjan Asllani — Inter,Piotr Zieliński — Inter,Billy Gilmour — Napoli,Lewis Ferguson — Bologna,Jordan James — Rennes,André Gomes — Lille
Valentin Atangana Edoa — Reims,Frank Onyeka — Augsburg,Alex Král — Espanyol,Gianluca Busio — Venezia,Anton Stach — Hoffenheim,Kristijan Jakić — Augsburg
Arthur Atta — Udinese,Pablo Marín — Real Sociedad,Merlin Röhl — Freiburg,Yunus Musah — Milan,Roberto Navarro — Mallorca,Yann Karamoh — Torino
Yasin Ayari — Brighton,Pape Matar Sarr — Tottenham,Kévin Danois — Auxerre,Kamory Doumbia — Brest,Daichi Kamada — Crystal Palace,Jurgen Ekkelenkamp — Udinese
Neil El Aynaoui — Lens,Vincent Sierro — Toulouse,Danilo Cataldi — Fiorentina,Rolando Mandragora — Fiorentina,Joan Jordán — Alavés,Jack Hinshelwood — Brighton
Shavy Babicka — Toulouse,Marco Brescianini — Atalanta,Nathan Tella — Leverkusen,Gonçalo Guedes — Wolves,Jean Mattéo Bahoya — Eint Frankfurt,Romain Faivre — Brest
Milan Badelj — Genoa,Karol Linetty — Torino,Danilo Cataldi — Fiorentina,Janik Haberer — Union Berlin,Guido Rodríguez — West Ham,André Gomes — Lille
Alex Baena — Villarreal,Kevin De Bruyne — Manchester City,Enzo Fernández — Chelsea,Dilane Bakwa — Strasbourg,Romano Schmid — Werder Bremen,Nadiem Amiri — Mainz 05
Stefan Bajcetic — Las Palmas,Aljoscha Kemlein — Union Berlin,Tom Krauß — Bochum,Magnus Kofod Andersen — Venezia,Oussama Targhalline — Le Havre,Mathis Amougou — Saint-Étienne
Dilane Bakwa — Strasbourg,Ludovic Blas — Rennes,Xavi Simons — RB Leipzig,Matìas Soulé — Roma,James Maddison — Tottenham,Gaëtan Perrin — Auxerre
Tommaso Baldanzi — Roma,Yann Karamoh — Torino,Joe Willock — Newcastle Utd,Niccolò Pisilli — Roma,Hong Hyunseok — Mainz 05,João Félix — Milan
Carlos Baleba — Brighton,Ilaix Moriba — Celta Vigo,Hicham Boudaoui — Nice,Mikel Jauregizar — Athletic Club,Manu Koné — Roma,Pape Gueye — Villarreal
Valentín Barco — Strasbourg,Ngal'Ayel Mukau — Lille,Eduardo Camavinga — Real Madrid,Baptiste Santamaria — Nice,Billy Gilmour — Napoli,Junior Mwanga — Le Havre
Nicolò Barella — Inter,Rodrigo De Paul — Atlético Madrid,Henrikh Mkhitaryan — Inter,Javier Guerra — Valencia,Sandro Tonali — Newcastle Utd,Éderson — Atalanta
Ross Barkley — Aston Villa,Tajon Buchanan — Villarreal,Marc Roca — Betis,Matías Vecino — Lazio,Almoatasem Al Musrati — Monaco,Davide Frattesi — Inter
Enzo Barrenechea — Valencia,Azor Matusiwa — Rennes,Sergi Altimira — Betis,Sander Berge — Fulham,Rodrigo Bentancur — Tottenham,Kristijan Jakić — Augsburg
Ander Barrenetxea — Real Sociedad,Nathan Tella — Leverkusen,Joe Willock — Newcastle Utd,Coba da Costa — Getafe,Eren Dinkçi — Freiburg,Jeong Woo-yeong — Union Berlin
Pablo Barrios — Atlético Madrid,Youssouf Fofana — Milan,Ellyes Skhiri — Eint Frankfurt,Fran Beltrán — Celta Vigo,Warren Zaïre-Emery — Paris S-G,Khéphren Thuram — Juventus
Christoph Baumgartner — RB Leipzig,Luka Sučić — Real Sociedad,Jon Guridi — Alavés,Pape Matar Sarr — Tottenham,Jurgen Ekkelenkamp — Udinese,Ryan Yates — Nott'ham Forest
Adrian Beck — Heidenheim,Jurgen Ekkelenkamp — Udinese,Félix Lemaréchal — Strasbourg,Carles Pérez — Getafe,Luka Sučić — Real Sociedad,Pedro Díaz — Rayo Vallecano
Donny van de Beek — Girona,Jurgen Ekkelenkamp — Udinese,Karol Linetty — Torino,Carlo Boukhalfa — St. Pauli,Mattias Svanberg — Wolfsburg,Jeong Woo-yeong — Union Berlin
Reda Belahyane — Hellas Verona,Warren Bondo — Monza,Mandela Keita — Parma,Youssef Maleh — Empoli,Antoine Makoumbou — Cagliari,Edson Álvarez — West Ham
Haris Belkebla — Angers,Boubacar Kamara — Aston Villa,Kristijan Jakić — Augsburg,Hugo Magnetti — Brest,Ylber Ramadani — Lecce,Manu Morlanes — Mallorca
Yassin Belkhdim — Angers,Karol Linetty — Torino,Rassoul Ndiaye — Le Havre,Arthur Vermeeren — RB Leipzig,Yehor Yarmoliuk — Brentford,Jurgen Ekkelenkamp — Udinese
Jean-Ricner Bellegarde — Wolves,Jurgen Ekkelenkamp — Udinese,Fabio Miretti — Genoa,Faustino Anjorin — Empoli,Paul Wanner — Heidenheim,Kamory Doumbia — Brest
Jude Bellingham — Real Madrid,Morgan Gibbs-White — Nott'ham Forest,Adrien Rabiot — Marseille,Dominik Szoboszlai — Liverpool,Enzo Millot — Stuttgart,João Neves — Paris S-G
Fran Beltrán — Celta Vigo,Valentin Rongier — Marseille,Hugo Magnetti — Brest,Rodrigo Bentancur — Tottenham,Pedro Chirivella — Nantes,Hugo Larsson — Eint Frankfurt
Eliesse Ben Seghir — Monaco,Matìas Soulé — Roma,Phil Foden — Manchester City,Chris Führich — Stuttgart,Hákon Arnar Haraldsson — Lille,Charles De Ketelaere — Atalanta
László Bénes — Union Berlin,Justin Devenny — Crystal Palace,Sergi Canós — Valencia,Grigoris Kastanos — Hellas Verona,Medon Berisha — Lecce,Mert Kömür — Augsburg
Ismaël Bennacer — Milan,Enzo Le Fée — Roma,Nahuel Estévez — Parma,Florian Grillitsch — Valladolid,Ruslan Malinovskyi — Genoa,Diadie Samassékou — Hoffenheim
Ismaël Bennacer — Marseille,Lewis Ferguson — Bologna,Billy Gilmour — Napoli,Nicolò Fagioli — Juventus,Mathias Jensen — Brentford,Iñigo Ruiz de Galarreta — Athletic Club
Nabil Bentaleb — Lille,Jhon Solis — Girona,Oier Zarraga — Udinese,Jonas Martin — Brest,Birama Touré — Montpellier,Magnus Kofod Andersen — Venezia
Rodrigo Bentancur — Tottenham,Djibril Sow — Sevilla,Boubacar Kamara — Aston Villa,Jean-Eudes Aholou — Angers,Beñat Prados — Athletic Club,Amadou Onana — Aston Villa
Sander Berge — Fulham,Rodrigo Bentancur — Tottenham,Boubacar Kamara — Aston Villa,Azor Matusiwa — Rennes,Nemanja Matić — Lyon,Kristijan Jakić — Augsburg
Lucas Bergvall — Tottenham,Yehor Yarmoliuk — Brentford,Ngal'Ayel Mukau — Lille,Ayyoub Bouaddi — Lille,Jordan James — Rennes,Philipp Sander — Gladbach
Medon Berisha — Lecce,Alex Scott — Bournemouth,Iker Muñoz — Osasuna,Jordan James — Rennes,Tommy Doyle — Wolves,Magnus Kofod Andersen — Venezia
Adrian Bernabe — Parma,Harry Winks — Leicester City,Pierre Lees-Melou — Brest,Nicolò Fagioli — Fiorentina,Tom Krauß — Bochum,Carlos Soler — West Ham
Juan Bernat — Getafe,Fredrik Jensen — Augsburg,Gaetano Castrovilli — Monza,William Carvalho — Betis,Florian Grillitsch — Hoffenheim,Salih Özcan — Wolfsburg
Antoine Bernede — Hellas Verona,Oscar Højlund — Eint Frankfurt,Conor Chaplin — Ipswich Town,Ola Solbakken — Empoli,Hwang Hee-chan — Wolves,Iker Losada — Betis
Matúš Bero — Bochum,Vincent Sierro — Toulouse,Lucas Da Cunha — Como,Sergio Gómez — Real Sociedad,Liberato Cacace — Empoli,Sandi Lovrić — Udinese
Alessandro Bianco — Monza,Jesper Karlström — Udinese,Flynn Downes — Southampton,Boubakary Soumaré — Leicester City,Fran Beltrán — Celta Vigo,Yvan Neyou — Leganés
Tom Bischof — Hoffenheim,Lucas Da Cunha — Como,Sergio Gómez — Real Sociedad,Matúš Bero — Bochum,Sergi Darder — Mallorca,Youri Tielemans — Aston Villa
Yves Bissouma — Tottenham,Oriol Romeu — Girona,Karol Linetty — Torino,Boubacar Kamara — Aston Villa,Ylber Ramadani — Lecce,Philipp Sander — Gladbach
Leonardo Bittencourt — Werder Bremen,Carlos Soler — West Ham,Niccolò Pisilli — Roma,Seko Fofana — Rennes,Romain Faivre — Brest,Ivan Ilić — Torino
Antonio Blanco — Alavés,Samu Costa — Mallorca,Edson Álvarez — West Ham,Yvan Neyou — Leganés,Saša Lukić — Fulham,Lucien Agoume — Sevilla
Ludovic Blas — Rennes,Dilane Bakwa — Strasbourg,Gaëtan Perrin — Auxerre,Matìas Soulé — Roma,Amad Diallo — Manchester Utd,James Maddison — Tottenham
Jeremie Boga — Nice,Romain Faivre — Brest,Angelo Fulgini — Lens,Amine Gouiri — Rennes,Seko Fofana — Rennes,Ilias Akhomach — Villarreal
Warren Bondo — Monza,Reda Belahyane — Hellas Verona,Youssef Maleh — Empoli,Mandela Keita — Parma,Han-Noah Massengo — Auxerre,Amadou Koné — Reims
Ayyoub Bouaddi — Lille,Ngal'Ayel Mukau — Lille,Lucas Bergvall — Tottenham,Soungoutou Magassa — Monaco,Yehor Yarmoliuk — Brentford,Amir Richardson — Fiorentina
Badredine Bouanani — Nice,Romain Faivre — Brest,Senny Mayulu — Paris S-G,Albert Grønbaek — Rennes,Tommaso Baldanzi — Roma,Niccolò Pisilli — Roma
Benjamin Bouchouari — Saint-Étienne,Yvan Neyou — Leganés,Jens Cajuste — Ipswich Town,Hugo Magnetti — Brest,Iván Martín — Girona,Joris Chotard — Montpellier
Hicham Boudaoui — Nice,Sandro Tonali — Newcastle Utd,Mahdi Camara — Brest,Ryan Christie — Bournemouth,Yangel Herrera — Girona,Ilaix Moriba — Celta Vigo
Carlo Boukhalfa — St. Pauli,Pablo Ibáñez — Osasuna,Bence Dárdai — Wolfsburg,Karol Linetty — Torino,Jeong Woo-yeong — Union Berlin,Alessandro Deiola — Cagliari
Edoardo Bove — Fiorentina,Maxence Caqueret — Como,Diego Gómez — Brighton,Nicolás González — Manchester City,Eren Dinkçi — Freiburg,Nicolò Fagioli — Fiorentina
Julian Brandt — Dortmund,Dominik Szoboszlai — Liverpool,Charles De Ketelaere — Atalanta,Phil Foden — Manchester City,Martin Ødegaard — Arsenal,Matìas Soulé — Roma
Darko Brašanac — Leganés,Yannick Gerhardt — Wolfsburg,Rassoul Ndiaye — Le Havre,Dani de Wit — Bochum,Alessandro Deiola — Cagliari,Karol Linetty — Torino
Matthias Braunöder — Como,Hugo Guillamón — Valencia,Matteo Prati — Cagliari,Kacper Urbanski — Monza,Iker Losada — Betis,Mohamed Kaba — Lecce
Brenner — Udinese,Justin Devenny — Crystal Palace,Tajon Buchanan — Villarreal,Magnus Kofod Andersen — Venezia,Lovro Majer — Wolfsburg,Jonas Hofmann — Leverkusen
Marco Brescianini — Atalanta,Jean Mattéo Bahoya — Eint Frankfurt,Davide Frattesi — Inter,Shavy Babicka — Toulouse,Giovanni Fabbian — Bologna,Romain Faivre — Brest
Nathan Broadhead — Ipswich Town,Romain Faivre — Brest,Justin Devenny — Crystal Palace,Amine Gouiri — Rennes,Conor Chaplin — Ipswich Town,Ivan Ilić — Torino
Jacob Bruun Larsen — Stuttgart,Mert Kömür — Augsburg,Hong Hyunseok — Mainz 05,Nathan Broadhead — Ipswich Town,Martin Terrier — Leverkusen,Denis Suárez — Villarreal
Tajon Buchanan — Villarreal,Bilal Nadir — Marseille,Brenner — Udinese,Martin Terrier — Leverkusen,Abdou Harroui — Hellas Verona,Mahmoud Dahoud — Eint Frankfurt
Gianluca Busio — Venezia,Frank Onyeka — Augsburg,Alex Král — Espanyol,Kristijan Jakić — Augsburg,Yassine Kechta — Le Havre,Elvis Rexhbeçaj — Augsburg
Liberato Cacace — Empoli,Elvis Rexhbeçaj — Augsburg,Paul Wanner — Heidenheim,Jurgen Ekkelenkamp — Udinese,Gianluca Busio — Venezia,Alex Král — Espanyol
Mathieu Cafaro — Saint-Étienne,Yorbe Vertessen — Union Berlin,Conor Chaplin — Ipswich Town,Rayan Raveloson — Auxerre,Amine Gouiri — Rennes,Mert Kömür — Augsburg
Moisés Caicedo — Chelsea,Remo Freuler — Bologna,Thomas Partey — Arsenal,Ryan Gravenberch — Liverpool,Nicolò Rovella — Lazio,Benjamin André — Lille
Tom Cairney — Fulham,Denis Suárez — Villarreal,Leonardo Bittencourt — Werder Bremen,Óscar Trejo — Rayo Vallecano,Ross Barkley — Aston Villa,Ivan Ilić — Torino
Jens Cajuste — Ipswich Town,Lesley Ugochukwu — Southampton,András Schäfer — Union Berlin,Ylber Ramadani — Lecce,Joris Chotard — Montpellier,Benjamin Bouchouari — Saint-Étienne
Hakan Çalhanoğlu — Inter,Lucas Da Cunha — Como,Luka Modrić — Real Madrid,Isco — Betis,Vincent Sierro — Toulouse,Lamine Camara — Monaco
Drissa Camara — Parma,Mats Pannewig — Bochum,Hong Hyunseok — Mainz 05,Mert Kömür — Augsburg,Florian Neuhaus — Gladbach,Tommy Doyle — Wolves
Lamine Camara — Monaco,Lucas Da Cunha — Como,Ondrej Duda — Hellas Verona,Cristian Cásseres Jr. — Toulouse,Declan Rice — Arsenal,Alexis Mac Allister — Liverpool
Mahdi Camara — Brest,Hicham Boudaoui — Nice,Yangel Herrera — Girona,Sandro Tonali — Newcastle Utd,Joelinton — Newcastle Utd,Gianluca Busio — Venezia
Eduardo Camavinga — Real Madrid,Ngal'Ayel Mukau — Lille,Robert Andrich — Leverkusen,Valentín Barco — Strasbourg,Yannik Engelhardt — Como,Felix Nmecha — Dortmund
José Campaña — Las Palmas,Harry Winks — Leicester City,Albert Sambi Lokonga — Sevilla,Nikola Moro — Bologna,Mathias Jensen — Brentford,Oriol Romeu — Girona
Sergi Canós — Valencia,Mats Pannewig — Bochum,Grigoris Kastanos — Hellas Verona,Iker Losada — Betis,László Bénes — Union Berlin,Lucas Tousart — Union Berlin
Pierrick Capelle — Angers,Juan Bernat — Getafe,William Carvalho — Betis,Salih Özcan — Wolfsburg,Gaetano Castrovilli — Monza,Nicolas Höfler — Freiburg
Gianluca Caprari — Monza,Răzvan Marin — Cagliari,Lorenzo Pellegrini — Roma,Brais Méndez — Real Sociedad,Selim Amallah — Valladolid,Carlos Soler — West Ham
Maxence Caqueret — Como,Edoardo Bove — Fiorentina,Faustino Anjorin — Empoli,Jean Mattéo Bahoya — Eint Frankfurt,Nicolò Fagioli — Fiorentina,Marc Roca — Betis
Maxence Caqueret — Lyon,Cher Ndour — Fiorentina,Rayan Raveloson — Auxerre,Salih Özcan — Wolfsburg,Iker Losada — Betis,Mathis Amougou — Saint-Étienne
Johnny Cardoso — Betis,Rodrigo Bentancur — Tottenham,Rocco Reitz — Gladbach,Amadou Onana — Aston Villa,Boubacar Kamara — Aston Villa,Hugo Larsson — Eint Frankfurt
Sergio Carreira — Celta Vigo,Weston McKennie — Juventus,Janik Haberer — Union Berlin,Hugo Álvarez — Celta Vigo,Jurgen Ekkelenkamp — Udinese,James Garner — Everton
William Carvalho — Betis,Michel Aebischer — Bologna,Juan Bernat — Getafe,Glen Kamara — Rennes,Nicolò Fagioli — Juventus,Diadie Samassékou — Hoffenheim
Cesare Casadei — Torino,Aljoscha Kemlein — Union Berlin,Pablo Marín — Real Sociedad,Rayan Raveloson — Auxerre,Orel Mangala — Everton,Edimilson Fernandes — Brest
Marc Casado — Barcelona,Gavi — Barcelona,Patrick Osterhage — Freiburg,Ellyes Skhiri — Eint Frankfurt,Conor Gallagher — Atlético Madrid,Eduardo Camavinga — Real Madrid
Casemiro — Manchester Utd,Nicolás Domínguez — Nott'ham Forest,Ylber Ramadani — Lecce,Óscar Valentín — Rayo Vallecano,Pierre Lees-Melou — Brest,Ander Guevara — Alavés
Cristian Cásseres Jr. — Toulouse,Saša Lukić — Fulham,Nicolò Rovella — Lazio,Mikel Jauregizar — Athletic Club,Sandro Tonali — Newcastle Utd,Remo Freuler — Bologna
Gaetano Castrovilli — Monza,Cheick Doucouré — Crystal Palace,Juan Bernat — Getafe,Mathis Amougou — Saint-Étienne,Víctor Meseguer — Valladolid,Conor Chaplin — Ipswich Town
Danilo Cataldi — Fiorentina,Jordan Veretout — Lyon,Milan Badelj — Genoa,Robert Andrich — Leverkusen,Boubacar Kamara — Aston Villa,Kevin Kampl — RB Leipzig
Dani Ceballos — Real Madrid,André Gomes — Lille,Billy Gilmour — Napoli,Jordan Veretout — Lyon,Aleksandar Pavlovic — Bayern Munich,Iñigo Ruiz de Galarreta — Athletic Club
Fares Chaïbi — Eint Frankfurt,Fabian Rieder — Stuttgart,Jeong Woo-yeong — Union Berlin,Arne Maier — Augsburg,Brajan Gruda — Brighton,Edu Expósito — Espanyol
Conor Chaplin — Ipswich Town,Gaetano Castrovilli — Monza,Patrick Ciurria — Monza,Mathis Amougou — Saint-Étienne,Samuele Vignato — Monza,Florian Neuhaus — Gladbach
Julián Chicco — Leganés,Florian Neuhaus — Gladbach,Roberto López — Leganés,Umut Tohumcu — Hoffenheim,Hugo Guillamón — Valencia,Samuele Vignato — Monza
Pedro Chirivella — Nantes,Máximo Perrone — Como,Hugo Magnetti — Brest,Nemanja Matić — Lyon,Kristijan Jakić — Augsburg,Sander Berge — Fulham
Joris Chotard — Montpellier,Magnus Knudsen — Holstein Kiel,Ylber Ramadani — Lecce,Lesley Ugochukwu — Southampton,Jens Cajuste — Ipswich Town,Hugo Magnetti — Brest
Ryan Christie — Bournemouth,Sandro Tonali — Newcastle Utd,Hicham Boudaoui — Nice,Yasin Ayari — Brighton,Javier Guerra — Valencia,Javier Muñoz — Las Palmas
Pathé Ciss — Rayo Vallecano,Rodrigo Bentancur — Tottenham,Azor Matusiwa — Rennes,Valentin Rongier — Marseille,Bryan Cristante — Roma,Fran Beltrán — Celta Vigo
Djaoui Cissé — Rennes,Tanner Tessmann — Lyon,Ngal'Ayel Mukau — Lille,Orel Mangala — Everton,Soungoutou Magassa — Monaco,Marc Roca — Betis
Patrick Ciurria — Monza,Conor Chaplin — Ipswich Town,Alfred Duncan — Venezia,Kike Pérez — Valladolid,Teddy Teuma — Reims,William Smallbone — Southampton
Alexis Claude-Maurice — Augsburg,Jens Odgaard — Bologna,Georginio Rutter — Brighton,Armin Gigovic — Holstein Kiel,Hákon Arnar Haraldsson — Lille,Nikola Vlašić — Torino
Santi Comesaña — Villarreal,Hicham Boudaoui — Nice,Christian Nørgaard — Brentford,Martín Zubimendi — Real Sociedad,Joelinton — Newcastle Utd,Maximilian Eggestein — Freiburg
Lewis Cook — Bournemouth,Cristian Cásseres Jr. — Toulouse,Saša Lukić — Fulham,Vincent Sierro — Toulouse,Will Hughes — Crystal Palace,Lucas Da Cunha — Como
Coba da Costa — Getafe,Carles Pérez — Getafe,Albert Grønbaek — Rennes,Antoine Joujou — Le Havre,Yann Karamoh — Torino,Eren Dinkçi — Freiburg
Samu Costa — Mallorca,Antonio Blanco — Alavés,Ibrahima Sissoko — Bochum,Yangel Herrera — Girona,Anton Stach — Hoffenheim,Kristijan Jakić — Augsburg
Lassana Coulibaly — Lecce,Kristijan Jakić — Augsburg,Alberto Grassi — Empoli,Yvan Neyou — Leganés,Óscar Valentín — Rayo Vallecano,Alex Král — Espanyol
Marius Courcoul — Angers,Kacper Urbanski — Monza,Samuele Vignato — Monza,Víctor Meseguer — Valladolid,Iker Losada — Betis,Finn Ole Becker — Hoffenheim
Bryan Cristante — Roma,Rodrigo Bentancur — Tottenham,Fran Beltrán — Celta Vigo,Amadou Onana — Aston Villa,Djibril Sow — Sevilla,Khéphren Thuram — Juventus
Matheus Cunha — Wolves,Xavi Simons — RB Leipzig,Dilane Bakwa — Strasbourg,Gaëtan Perrin — Auxerre,Eberechi Eze — Crystal Palace,Dejan Kulusevski — Tottenham
Lucas Da Cunha — Como,Vincent Sierro — Toulouse,Sandi Lovrić — Udinese,Javier Guerra — Valencia,Sandro Tonali — Newcastle Utd,Pablo Fornals — Betis
Mahmoud Dahoud — Eint Frankfurt,Mohamed Haj — Parma,Brenner — Udinese,Almoatasem Al Musrati — Monaco,Tajon Buchanan — Villarreal,Magnus Kofod Andersen — Venezia
Mikkel Damsgaard — Brentford,Enzo Fernández — Chelsea,Nicolò Barella — Inter,Adrien Thomasson — Lens,Romano Schmid — Werder Bremen,Bruno Guimarães — Newcastle Utd
Danilo — Nott'ham Forest,Cheick Doucouré — Crystal Palace,Aster Vranckx — Wolfsburg,Mahamadou Diawara — Le Havre,Hong Hyunseok — Mainz 05,Mohamed Kaba — Lecce
Kévin Danois — Auxerre,Yehor Yarmoliuk — Brentford,Kobbie Mainoo — Manchester Utd,Jordan James — Rennes,Lucas Bergvall — Tottenham,Beñat Prados — Athletic Club
Bence Dárdai — Wolfsburg,Oier Zarraga — Udinese,Carlo Boukhalfa — St. Pauli,Rassoul Ndiaye — Le Havre,András Schäfer — Union Berlin,Yannik Engelhardt — Como
Sergi Darder — Mallorca,Lucas Da Cunha — Como,Luis Milla — Getafe,Andreas Pereira — Fulham,Pascal Groß — Dortmund,Ryan Christie — Bournemouth
Lukas Daschner — Bochum,Tino Kadewere — Nantes,Conor Chaplin — Ipswich Town,Mats Pannewig — Bochum,Ola Solbakken — Empoli,Nathan Broadhead — Ipswich Town
Kevin De Bruyne — Manchester City,Phil Foden — Manchester City,Julian Brandt — Dortmund,Martin Ødegaard — Arsenal,Andreas Pereira — Fulham,Arda Güler — Real Madrid
Charles De Ketelaere — Atalanta,Chris Führich — Stuttgart,Yann Gboho — Toulouse,Julian Brandt — Dortmund,Eliesse Ben Seghir — Monaco,Enzo Millot — Stuttgart
Rodrigo De Paul — Atlético Madrid,Nicolò Barella — Inter,Henrikh Mkhitaryan — Inter,Mateo Kovačić — Manchester City,Youssouf Fofana — Milan,Lucas Da Cunha — Como
Alessandro Deiola — Cagliari,Pablo Ibáñez — Osasuna,Philipp Sander — Gladbach,Karol Linetty — Torino,Carlo Boukhalfa — St. Pauli,Amir Richardson — Fiorentina
Fisayo Dele-Bashiru — Lazio,Denis Suárez — Villarreal,Oier Zarraga — Udinese,Mert Kömür — Augsburg,Oscar Højlund — Eint Frankfurt,Magnus Kofod Andersen — Venezia
Justin Devenny — Crystal Palace,Hamzat Ojediran — Lens,Brenner — Udinese,Florian Neuhaus — Gladbach,Lucas Tousart — Union Berlin,Hong Hyunseok — Mainz 05
Boulaye Dia — Lazio,Jens Odgaard — Bologna,Emile Smith Rowe — Fulham,Félix Lemaréchal — Strasbourg,Mikel Merino — Arsenal,Alassane Pléa — Gladbach
Amad Diallo — Manchester Utd,Ludovic Blas — Rennes,Matìas Soulé — Roma,Yann Gboho — Toulouse,Hákon Arnar Haraldsson — Lille,Dilane Bakwa — Strasbourg
Habib Diarra — Strasbourg,Nikola Vlašić — Torino,John McGinn — Aston Villa,Gianluca Busio — Venezia,Jean-Ricner Bellegarde — Wolves,Giuliano Simeone — Atlético Madrid
Mahamadou Diawara — Le Havre,Nicolò Fagioli — Juventus,Cheick Doucouré — Crystal Palace,Mathis Amougou — Saint-Étienne,Iker Muñoz — Osasuna,Fredrik Jensen — Augsburg
Pedro Díaz — Rayo Vallecano,Aleksandr Golovin — Monaco,Nicolò Fagioli — Fiorentina,Gvidas Gineitis — Torino,Carlos Soler — West Ham,Carles Pérez — Getafe
Junior Dina Ebimbe — Eint Frankfurt,Cheick Doucouré — Crystal Palace,Iker Muñoz — Osasuna,Carles Aleñá — Getafe,Iker Losada — Betis,Salih Özcan — Wolfsburg
Eren Dinkçi — Freiburg,Joe Willock — Newcastle Utd,Antoine Joujou — Le Havre,Coba da Costa — Getafe,Rassoul Ndiaye — Le Havre,Roberto Navarro — Mallorca
Yan Diomandé — Leganés,João Félix — Milan,Brajan Gruda — Brighton,Jean Mattéo Bahoya — Eint Frankfurt,Albert Grønbaek — Rennes,Ilias Akhomach — Villarreal
Sofiane Diop — Nice,Shavy Babicka — Toulouse,Fermin López — Barcelona,Marco Brescianini — Atalanta,Pablo Sarabia — Wolves,Badredine Bouanani — Nice
Andy Diouf — Lens,Javier Guerra — Valencia,Luka Sučić — Real Sociedad,Manu Koné — Roma,Aimar Oroz — Osasuna,Yasin Ayari — Brighton
Assane Dioussé — Auxerre,Enzo Loiodice — Las Palmas,Finn Ole Becker — Hoffenheim,Michel Aebischer — Bologna,Enzo Le Fée — Roma,Florian Neuhaus — Gladbach
Nicolás Domínguez — Nott'ham Forest,Óscar Valentín — Rayo Vallecano,Tyler Adams — Bournemouth,Beñat Prados — Athletic Club,Casemiro — Manchester Utd,Yehor Yarmoliuk — Brentford
Niklas Dorsch — Heidenheim,Kike Pérez — Valladolid,Marc Roca — Betis,Danilo Cataldi — Fiorentina,Junior Mwanga — Le Havre,Unai López — Rayo Vallecano
Abdoulaye Doucouré — Everton,Patrick Osterhage — Freiburg,Jon Guridi — Alavés,Christoph Baumgartner — RB Leipzig,Félix Lemaréchal — Strasbourg,Mikel Merino — Arsenal
Cheick Doucouré — Crystal Palace,Iker Muñoz — Osasuna,Gaetano Castrovilli — Monza,Mahamadou Diawara — Le Havre,Ismaël Koné — Marseille,Víctor Meseguer — Valladolid
Kamory Doumbia — Brest,Jurgen Ekkelenkamp — Udinese,Félix Lemaréchal — Strasbourg,Mattias Svanberg — Wolfsburg,Niccolò Pisilli — Roma,Gvidas Gineitis — Torino
Flynn Downes — Southampton,Boubakary Soumaré — Leicester City,Yvan Neyou — Leganés,Joris Chotard — Montpellier,Alberto Grassi — Empoli,Rodrigo Bentancur — Tottenham
Tommy Doyle — Wolves,Florian Neuhaus — Gladbach,Iker Muñoz — Osasuna,Hamzat Ojediran — Lens,Hong Hyunseok — Mainz 05,Denis Suárez — Villarreal
Ondrej Duda — Hellas Verona,Saša Lukić — Fulham,Liam Henderson — Empoli,Maximilian Arnold — Wolfsburg,Sandi Lovrić — Udinese,Vincent Sierro — Toulouse
Alfred Duncan — Venezia,Rayan Raveloson — Auxerre,Florian Grillitsch — Hoffenheim,Seko Fofana — Rennes,Orel Mangala — Everton,Michel Aebischer — Bologna
Éderson — Atalanta,Sandro Tonali — Newcastle Utd,Pape Gueye — Villarreal,Nicolò Barella — Inter,Atakan Karazor — Stuttgart,Mattéo Guendouzi — Lazio
Maximilian Eggestein — Freiburg,Kristijan Jakić — Augsburg,Kaishu Sano — Mainz 05,Jan Schöppner — Heidenheim,Rodrigo Bentancur — Tottenham,Bryan Cristante — Roma
Jurgen Ekkelenkamp — Udinese,Donny van de Beek — Girona,Félix Lemaréchal — Strasbourg,Karol Linetty — Torino,Djibril Sow — Sevilla,Carlo Boukhalfa — St. Pauli
Harvey Elliott — Liverpool,Martin Terrier — Leverkusen,João Félix — Milan,Can Uzun — Eint Frankfurt,Rodrigo Riquelme — Atlético Madrid,Brajan Gruda — Brighton
Julio Enciso — Ipswich Town,Faustino Anjorin — Empoli,Amine Gouiri — Rennes,Albert Grønbaek — Rennes,Yorbe Vertessen — Union Berlin,Romain Faivre — Brest
Julio Enciso — Brighton,Mats Pannewig — Bochum,Drissa Camara — Parma,Mathieu Cafaro — Saint-Étienne,Yorbe Vertessen — Union Berlin,Ilias Akhomach — Villarreal
Wataru Endo — Liverpool,Aster Vranckx — Wolfsburg,Salih Özcan — Dortmund,William Carvalho — Betis,Nicolas Höfler — Freiburg,Yannik Keitel — Stuttgart
Yannik Engelhardt — Como,Amir Richardson — Fiorentina,Karol Linetty — Torino,Pablo Marín — Real Sociedad,Billy Gilmour — Napoli,Ngal'Ayel Mukau — Lille
Christian Eriksen — Manchester Utd,Álvaro Tejero — Espanyol,James Garner — Everton,James Ward-Prowse — West Ham,Edu Expósito — Espanyol,Dwight McNeil — Everton
Dario Essugo — Las Palmas,Mario Martín — Valladolid,Edson Álvarez — West Ham,Mandela Keita — Parma,Reda Belahyane — Hellas Verona,Warren Bondo — Monza
Nahuel Estévez — Parma,Salih Özcan — Dortmund,Salih Özcan — Wolfsburg,Ismaël Bennacer — Milan,William Carvalho — Betis,Florian Grillitsch — Valladolid
Edu Expósito — Espanyol,Carles Aleñá — Alavés,Angelo Fulgini — Lens,Jordan James — Rennes,Alfred Duncan — Venezia,James Ward-Prowse — West Ham
Eberechi Eze — Crystal Palace,Nicolás Paz — Como,Dilane Bakwa — Strasbourg,Ludovic Blas — Rennes,Dominik Szoboszlai — Liverpool,Eliesse Ben Seghir — Monaco
Giovanni Fabbian — Bologna,Unai Gómez — Athletic Club,Davide Frattesi — Inter,Marco Brescianini — Atalanta,Niccolò Pisilli — Roma,Luca Kerber — Heidenheim
Nicolò Fagioli — Fiorentina,Ivan Ilić — Torino,Marc Roca — Betis,Orel Mangala — Everton,Carles Aleñá — Alavés,Jordan James — Rennes
Nicolò Fagioli — Juventus,Douglas Luiz — Juventus,Mahamadou Diawara — Le Havre,Cheick Doucouré — Crystal Palace,William Carvalho — Betis,Iker Muñoz — Osasuna
Romain Faivre — Brest,Mattias Svanberg — Wolfsburg,Albert Grønbaek — Rennes,Amine Gouiri — Rennes,Nathan Broadhead — Ipswich Town,João Félix — Milan
Khalil Fayad — Montpellier,Oliver Skipp — Leicester City,Moi Gómez — Osasuna,Louis Mouton — Saint-Étienne,Mathis Amougou — Saint-Étienne,Arthur Atta — Udinese
Jacopo Fazzini — Empoli,Fabio Miretti — Genoa,Jeong Woo-yeong — Union Berlin,Paul Wanner — Heidenheim,Mattias Svanberg — Wolfsburg,Daniel Maldini — Monza
Mattia Felici — Cagliari,Alex Sola — Getafe,Coba da Costa — Getafe,Yann Karamoh — Torino,Pablo Marín — Real Sociedad,Albert Grønbaek — Rennes
João Félix — Milan,Martin Terrier — Leverkusen,Seko Fofana — Rennes,Romain Faivre — Brest,Albert Grønbaek — Rennes,Ilias Akhomach — Villarreal
Lewis Ferguson — Bologna,Billy Gilmour — Napoli,Ngal'Ayel Mukau — Lille,Ruben Loftus-Cheek — Milan,Baptiste Santamaria — Nice,Mikel Vesga — Athletic Club
Bruno Fernandes — Manchester Utd,Nadiem Amiri — Mainz 05,Enzo Fernández — Chelsea,Youri Tielemans — Aston Villa,Romano Schmid — Werder Bremen,Alex Baena — Villarreal
Edimilson Fernandes — Brest,Rayan Raveloson — Auxerre,Baptiste Santamaria — Nice,Orel Mangala — Everton,Oliver Skipp — Leicester City,Guido Rodríguez — West Ham
Mateus Fernandes — Southampton,Elliot Anderson — Nott'ham Forest,Javier Guerra — Valencia,Bilal El Khannouss — Leicester City,Cristian Cásseres Jr. — Toulouse,Frank Onyeka — Augsburg
Enzo Fernández — Chelsea,Youri Tielemans — Aston Villa,Nicolò Barella — Inter,Adrien Thomasson — Lens,Alexis Mac Allister — Liverpool,Mikkel Damsgaard — Brentford
Valery Fernández — Mallorca,Lewis Miley — Newcastle Utd,Hwang Hee-chan — Wolves,Pablo Torre — Barcelona,Luca Kerber — Heidenheim,Tino Kadewere — Nantes
Jordan Ferri — Montpellier,Benjamin Bouchouari — Saint-Étienne,Joris Chotard — Montpellier,Harry Winks — Leicester City,Antoine Makoumbou — Cagliari,Pedro Chirivella — Nantes
Phil Foden — Manchester City,Hákon Arnar Haraldsson — Lille,Matìas Soulé — Roma,Sebastian Nanasi — Strasbourg,Arda Güler — Real Madrid,Fermin López — Barcelona
Seko Fofana — Rennes,Rayan Raveloson — Auxerre,Alfred Duncan — Venezia,Ruben Loftus-Cheek — Milan,João Félix — Milan,Orel Mangala — Everton
Youssouf Fofana — Milan,Fran Beltrán — Celta Vigo,Khéphren Thuram — Juventus,Ellyes Skhiri — Eint Frankfurt,Máximo Perrone — Como,Enzo Barrenechea — Valencia
Pablo Fornals — Betis,Djibril Sow — Sevilla,Luka Sučić — Real Sociedad,Adam Wharton — Crystal Palace,Aleksandr Golovin — Monaco,Kevin Kampl — RB Leipzig
Davide Frattesi — Inter,Marco Brescianini — Atalanta,Giovanni Fabbian — Bologna,Ross Barkley — Aston Villa,Niccolò Pisilli — Roma,Mattias Svanberg — Wolfsburg
Morten Frendrup — Genoa,Elisha Owusu — Auxerre,Maximilian Eggestein — Freiburg,André — Wolves,Senne Lynen — Werder Bremen,Wilfred Ndidi — Leicester City
Remo Freuler — Bologna,Jesper Karlström — Udinese,Thomas Partey — Arsenal,Maximilian Eggestein — Freiburg,Youssouf Fofana — Milan,Nicolò Rovella — Lazio
Chris Führich — Stuttgart,Matìas Soulé — Roma,Eliesse Ben Seghir — Monaco,Giuliano Simeone — Atlético Madrid,Charles De Ketelaere — Atalanta,Hákon Arnar Haraldsson — Lille
Angelo Fulgini — Lens,Edu Expósito — Espanyol,Brais Méndez — Real Sociedad,Roberto Navarro — Mallorca,Jeremie Boga — Nice,Aleksandr Golovin — Monaco
Gianluca Gaetano — Cagliari,Gonçalo Guedes — Wolves,Nathan Tella — Leverkusen,Fares Chaïbi — Eint Frankfurt,Jeong Woo-yeong — Union Berlin,João Félix — Milan
Iñigo Ruiz de Galarreta — Athletic Club,Ismaël Bennacer — Marseille,Nikola Moro — Bologna,André Gomes — Lille,Billy Gilmour — Napoli,Lewis Ferguson — Bologna
Conor Gallagher — Atlético Madrid,Jurgen Ekkelenkamp — Udinese,Félix Lemaréchal — Strasbourg,Felix Nmecha — Dortmund,Maxence Caqueret — Como,Eduardo Camavinga — Real Madrid
Aleix García — Leverkusen,Rolando Mandragora — Fiorentina,Yacine Adli — Fiorentina,Unai López — Rayo Vallecano,Kevin Kampl — RB Leipzig,Nicolò Fagioli — Fiorentina
Alejandro Garnacho — Manchester Utd,Yann Gboho — Toulouse,Omari Hutchinson — Ipswich Town,Eliesse Ben Seghir — Monaco,Charles De Ketelaere — Atalanta,Diego López — Valencia
James Garner — Everton,Adam Wharton — Crystal Palace,Kike Pérez — Venezia,Manu Morlanes — Mallorca,Janik Haberer — Union Berlin,Tom Krauß — Bochum
Gavi — Barcelona,Billy Gilmour — Napoli,Ngal'Ayel Mukau — Lille,Eduardo Camavinga — Real Madrid,Yannik Engelhardt — Como,Amir Richardson — Fiorentina
Yann Gboho — Toulouse,Alejandro Garnacho — Manchester Utd,Charles De Ketelaere — Atalanta,Omari Hutchinson — Ipswich Town,Takefusa Kubo — Real Sociedad,Aimar Oroz — Osasuna
Dennis Geiger — Hoffenheim,Michel Aebischer — Bologna,Oliver Skipp — Leicester City,Mathis Amougou — Saint-Étienne,Alfred Duncan — Venezia,Beñat Turrientes — Real Sociedad
Yannick Gerhardt — Wolfsburg,Darko Brašanac — Leganés,Karol Linetty — Torino,Janik Haberer — Union Berlin,Jurgen Ekkelenkamp — Udinese,Yassin Belkhdim — Angers
Morgan Gibbs-White — Nott'ham Forest,Aimar Oroz — Osasuna,Jude Bellingham — Real Madrid,Julian Brandt — Dortmund,Joelinton — Newcastle Utd,Ludovic Blas — Rennes
Armin Gigovic — Holstein Kiel,Felix Nmecha — Dortmund,Jurgen Ekkelenkamp — Udinese,Faustino Anjorin — Empoli,Jacopo Fazzini — Empoli,Gvidas Gineitis — Torino
Billy Gilmour — Napoli,Jordan James — Rennes,Ngal'Ayel Mukau — Lille,Lewis Ferguson — Bologna,Ruben Loftus-Cheek — Milan,Nikola Moro — Bologna
Gvidas Gineitis — Torino,Faustino Anjorin — Empoli,Carlos Soler — West Ham,Jeong Woo-yeong — Union Berlin,Pablo Ibáñez — Osasuna,Jurgen Ekkelenkamp — Udinese
Aleksandr Golovin — Monaco,Pedro Díaz — Rayo Vallecano,Roberto Navarro — Mallorca,Jordan Veretout — Lyon,Kike Pérez — Venezia,Angelo Fulgini — Lens
André Gomes — Lille,Jordan Veretout — Lyon,Karol Linetty — Torino,Billy Gilmour — Napoli,Manu Morlanes — Mallorca,Mikel Vesga — Athletic Club
Angel Gomes — Lille,Ivan Ilić — Torino,Denis Suárez — Villarreal,Magnus Kofod Andersen — Venezia,Seko Fofana — Rennes,Hong Hyunseok — Mainz 05
João Gomes — Wolves,Samu Costa — Mallorca,Carlos Baleba — Brighton,Cristian Cásseres Jr. — Toulouse,Ibrahima Sissoko — Bochum,Antonio Blanco — Alavés
Diego Gómez — Brighton,Hamzat Ojediran — Lens,Bilal Nadir — Marseille,Magnus Kofod Andersen — Venezia,Edoardo Bove — Fiorentina,Tajon Buchanan — Villarreal
Moi Gómez — Osasuna,Khalil Fayad — Montpellier,Baptiste Santamaria — Rennes,Dennis Geiger — Hoffenheim,Alfred Duncan — Venezia,Michel Aebischer — Bologna
Sergio Gómez — Real Sociedad,Lucas Da Cunha — Como,Andreas Pereira — Fulham,Luis Milla — Getafe,Matúš Bero — Bochum,Tom Bischof — Hoffenheim
Unai Gómez — Athletic Club,Giovanni Fabbian — Bologna,Merlin Röhl — Freiburg,Amir Richardson — Fiorentina,Pablo Marín — Real Sociedad,Iker Muñoz — Osasuna
Nicolás González — Manchester City,Ngal'Ayel Mukau — Lille,Magnus Kofod Andersen — Venezia,Orel Mangala — Everton,Lewis Ferguson — Bologna,Ruben Loftus-Cheek — Milan
Leon Goretzka — Bayern Munich,Jordan Veretout — Lyon,Aleksandar Pavlovic — Bayern Munich,Felix Nmecha — Dortmund,Robert Andrich — Leverkusen,Valentin Rongier — Marseille
Mario Götze — Eint Frankfurt,Tanguy Ndombele — Nice,Félix Lemaréchal — Strasbourg,Mattias Svanberg — Wolfsburg,Jordan Veretout — Lyon,Maxence Caqueret — Como
Amine Gouiri — Rennes,Romain Faivre — Brest,Albert Grønbaek — Rennes,Jeong Woo-yeong — Union Berlin,Nathan Broadhead — Ipswich Town,Julio Enciso — Ipswich Town
José Gragera — Espanyol,Kacper Urbanski — Monza,Cher Ndour — Fiorentina,Tim Iroegbunam — Everton,Cheick Doucouré — Crystal Palace,Mathis Amougou — Saint-Étienne
Alberto Grassi — Empoli,Jean-Eudes Aholou — Angers,Djibril Sow — Sevilla,Rodrigo Bentancur — Tottenham,Ylber Ramadani — Lecce,Anuar — Valladolid
Ryan Gravenberch — Liverpool,Warren Zaïre-Emery — Paris S-G,Mattéo Guendouzi — Lazio,Nicolò Rovella — Lazio,Pablo Barrios — Atlético Madrid,Carlos Baleba — Brighton
Florian Grillitsch — Valladolid,Michel Aebischer — Bologna,William Carvalho — Betis,Enzo Le Fée — Roma,Tamás Nikitscher — Valladolid,Alfred Duncan — Venezia
Florian Grillitsch — Hoffenheim,Alfred Duncan — Venezia,Juan Bernat — Getafe,Rayan Raveloson — Auxerre,William Carvalho — Betis,Orel Mangala — Everton
Pascal Groß — Dortmund,Sergi Darder — Mallorca,İlkay Gündoğan — Manchester City,Luka Modrić — Real Madrid,Lamine Camara — Monaco,Hakan Çalhanoğlu — Inter
Brajan Gruda — Brighton,Romain Faivre — Brest,Fabian Rieder — Stuttgart,Jean Mattéo Bahoya — Eint Frankfurt,Tajon Buchanan — Villarreal,Gonçalo Guedes — Wolves
Albert Grønbaek — Rennes,Yorbe Vertessen — Union Berlin,Romain Faivre — Brest,Coba da Costa — Getafe,Amine Gouiri — Rennes,João Félix — Milan
Nemanja Gudelj — Sevilla,Jefferson Lerma — Crystal Palace,Renato Tapia — Leganés,Nicolas Seiwald — RB Leipzig,Sander Berge — Fulham,Kristijan Jakić — Augsburg
Gonçalo Guedes — Wolves,Amine Gouiri — Rennes,Brajan Gruda — Brighton,Jeong Woo-yeong — Union Berlin,Pablo Sarabia — Wolves,Shavy Babicka — Toulouse
Mattéo Guendouzi — Lazio,Manuel Locatelli — Juventus,Remo Freuler — Bologna,Nicolò Rovella — Lazio,Ryan Gravenberch — Liverpool,Federico Valverde — Real Madrid
Javier Guerra — Valencia,Andy Diouf — Lens,Aimar Oroz — Osasuna,Khéphren Thuram — Juventus,Gianluca Busio — Venezia,Bilal El Khannouss — Leicester City
Ander Guevara — Alavés,Ylber Ramadani — Lecce,Hugo Magnetti — Brest,Beñat Prados — Athletic Club,Óscar Valentín — Rayo Vallecano,Kristijan Jakić — Augsburg
Pape Gueye — Villarreal,Ilaix Moriba — Celta Vigo,Patrick Osterhage — Freiburg,Yangel Herrera — Girona,Pape Matar Sarr — Tottenham,Curtis Jones — Liverpool
Hugo Guillamón — Valencia,Julián Chicco — Leganés,Mohamed Kaba — Lecce,Michel Aebischer — Bologna,Umut Tohumcu — Hoffenheim,Enzo Loiodice — Las Palmas
Bruno Guimarães — Newcastle Utd,Enzo Fernández — Chelsea,Nicolò Barella — Inter,Youri Tielemans — Aston Villa,Mikkel Damsgaard — Brentford,Corentin Tolisso — Lyon
Arda Güler — Real Madrid,Lazar Samardzic — Atalanta,Fermin López — Barcelona,Hákon Arnar Haraldsson — Lille,Badredine Bouanani — Nice,Phil Foden — Manchester City
Gerard Gumbau — Rayo Vallecano,Michel Aebischer — Bologna,Lucas Tousart — Union Berlin,Mikel Vesga — Athletic Club,Conor Chaplin — Ipswich Town,Alfred Duncan — Venezia
İlkay Gündoğan — Manchester City,Mario Pašalić — Atalanta,Henrikh Mkhitaryan — Inter,Sandro Tonali — Newcastle Utd,John McGinn — Aston Villa,Khéphren Thuram — Juventus
Jon Guridi — Alavés,Pape Matar Sarr — Tottenham,Jurgen Ekkelenkamp — Udinese,Christoph Baumgartner — RB Leipzig,Carlo Boukhalfa — St. Pauli,Brais Méndez — Real Sociedad
Nicolas Haas — Empoli,Birama Touré — Montpellier,Jean Onana — Genoa,José Gragera — Espanyol,Cher Ndour — Fiorentina,Magnus Kofod Andersen — Venezia
Janik Haberer — Union Berlin,Karol Linetty — Torino,Antonio Sánchez — Mallorca,Manu Morlanes — Mallorca,Philipp Sander — Gladbach,Ander Guevara — Alavés
Amadou Haidara — RB Leipzig,Arthur Vermeeren — RB Leipzig,Philipp Sander — Gladbach,Manu Morlanes — Mallorca,Alessandro Deiola — Cagliari,Ander Guevara — Alavés
Mohamed Haj — Parma,Mahmoud Dahoud — Eint Frankfurt,Óscar Trejo — Rayo Vallecano,Brenner — Udinese,Jonas Hofmann — Leverkusen,Lucas Tousart — Union Berlin
Amine Harit — Marseille,Pablo Torre — Barcelona,Brajan Gruda — Brighton,Lovro Majer — Wolfsburg,Kazeem Olaigbe — Rennes,Martin Terrier — Leverkusen
Abdou Harroui — Hellas Verona,Tajon Buchanan — Villarreal,Mason Mount — Manchester Utd,Tino Kadewere — Nantes,Mahmoud Dahoud — Eint Frankfurt,Romain Faivre — Brest
Hwang Hee-chan — Wolves,Jhon Solis — Girona,Luca Kerber — Heidenheim,Antoine Bernede — Hellas Verona,Óscar Trejo — Rayo Vallecano,Oier Zarraga — Udinese
Liam Henderson — Empoli,Saša Lukić — Fulham,Pol Lozano — Espanyol,Will Hughes — Crystal Palace,Javier Muñoz — Las Palmas,Jon Moncayola — Osasuna
Hernani — Parma,Selim Amallah — Valladolid,Teddy Teuma — Reims,Gianluca Caprari — Monza,Răzvan Marin — Cagliari,Kike Pérez — Valladolid
Ander Herrera — Athletic Club,Enzo Le Fée — Roma,Ruslan Malinovskyi — Genoa,William Carvalho — Betis,Seko Fofana — Rennes,Almoatasem Al Musrati — Monaco
Yangel Herrera — Girona,Hicham Boudaoui — Nice,Joelinton — Newcastle Utd,Jan Schöppner — Heidenheim,Ilaix Moriba — Celta Vigo,Mikel Jauregizar — Athletic Club
Jack Hinshelwood — Brighton,Jurgen Ekkelenkamp — Udinese,Danilo Cataldi — Fiorentina,Juanlu Sánchez — Sevilla,Felix Nmecha — Dortmund,Jordan Veretout — Lyon
Nicolas Höfler — Freiburg,Salih Özcan — Dortmund,Mikel Vesga — Athletic Club,Guido Rodríguez — West Ham,Nahuel Estévez — Parma,Pierrick Capelle — Angers
Jonas Hofmann — Leverkusen,Brenner — Udinese,Denis Suárez — Villarreal,Mahmoud Dahoud — Eint Frankfurt,Martin Terrier — Leverkusen,Mohamed Haj — Parma
Lewis Holtby — Holstein Kiel,Teddy Teuma — Reims,Patrick Ciurria — Monza,Carlos Soler — West Ham,Oriol Romeu — Girona,Rassoul Ndiaye — Le Havre
Will Hughes — Crystal Palace,Saša Lukić — Fulham,Yasin Ayari — Brighton,Liam Henderson — Empoli,Nicolás Domínguez — Nott'ham Forest,Óscar Valentín — Rayo Vallecano
Omari Hutchinson — Ipswich Town,Aimar Oroz — Osasuna,Yann Gboho — Toulouse,Takefusa Kubo — Real Sociedad,Javier Guerra — Valencia,Bilal El Khannouss — Leicester City
Hong Hyunseok — Mainz 05,Denis Suárez — Villarreal,Iker Muñoz — Osasuna,Justin Devenny — Crystal Palace,Tommy Doyle — Wolves,Iker Losada — Betis
Oscar Højlund — Eint Frankfurt,Marc Roca — Betis,Hamzat Ojediran — Lens,Antoine Bernede — Hellas Verona,Amir Richardson — Fiorentina,Oier Zarraga — Udinese
Pablo Ibáñez — Osasuna,Alessandro Deiola — Cagliari,Amir Richardson — Fiorentina,Karol Linetty — Torino,Carlos Soler — West Ham,Antonio Sánchez — Mallorca
Ivan Ilić — Torino,Magnus Kofod Andersen — Venezia,Nicolò Fagioli — Fiorentina,Angel Gomes — Lille,Tommy Doyle — Wolves,Rayan Raveloson — Auxerre
Tim Iroegbunam — Everton,José Gragera — Espanyol,Mathis Amougou — Saint-Étienne,Cher Ndour — Fiorentina,Oliver Skipp — Leicester City,Juan Bernat — Getafe
Jackson Irvine — St. Pauli,Jan Schöppner — Heidenheim,Maximilian Eggestein — Freiburg,Kristijan Jakić — Augsburg,Saúl Ñíguez — Sevilla,Alex Král — Espanyol
Isco — Betis,Justin Kluivert — Bournemouth,Giovani Lo Celso — Betis,Hakan Çalhanoğlu — Inter,Joan Jordán — Alavés,Kevin Stöger — Gladbach
Lee Jae-sung — Mainz 05,Diego López — Valencia,Corentin Tolisso — Lyon,Jens Stage — Werder Bremen,Adrien Rabiot — Marseille,Boulaye Dia — Lazio
Kristijan Jakić — Augsburg,Hugo Magnetti — Brest,Ander Guevara — Alavés,Haris Belkebla — Angers,Alex Král — Espanyol,Sander Berge — Fulham
Jordan James — Rennes,Ngal'Ayel Mukau — Lille,Billy Gilmour — Napoli,Lucas Bergvall — Tottenham,Nikola Moro — Bologna,Lewis Ferguson — Bologna
Vitaly Janelt — Brentford,Nicolai Remberg — Holstein Kiel,Koke — Atlético Madrid,Elisha Owusu — Auxerre,Khalil Fayad — Montpellier,Wilfred Ndidi — Leicester City
Adnan Januzaj — Las Palmas,Albert Grønbaek — Rennes,László Bénes — Union Berlin,Romain Faivre — Brest,Fabian Rieder — Stuttgart,Ivan Ilić — Torino
Mikel Jauregizar — Athletic Club,Ilaix Moriba — Celta Vigo,Sergi Altimira — Betis,Enzo Barrenechea — Valencia,Yangel Herrera — Girona,Yasin Ayari — Brighton
Fredrik Jensen — Augsburg,Juan Bernat — Getafe,Mahamadou Diawara — Le Havre,Mohamed Kaba — Lecce,Gaetano Castrovilli — Monza,Iker Muñoz — Osasuna
Mathias Jensen — Brentford,Jordan James — Rennes,Billy Gilmour — Napoli,Magnus Kofod Andersen — Venezia,Douglas Luiz — Juventus,Gerard Gumbau — Rayo Vallecano
Joelinton — Newcastle Utd,Hicham Boudaoui — Nice,Yangel Herrera — Girona,Santi Comesaña — Villarreal,Mahdi Camara — Brest,Maximilian Eggestein — Freiburg
Þórir Jóhann Helgason — Lecce,Edu Expósito — Espanyol,Fabian Rieder — Stuttgart,Carles Aleñá — Alavés,Medon Berisha — Lecce,Fares Chaïbi — Eint Frankfurt
Curtis Jones — Liverpool,Conor Gallagher — Atlético Madrid,Yunus Musah — Milan,Pablo Rosario — Nice,Pape Matar Sarr — Tottenham,Ilaix Moriba — Celta Vigo
Frenkie de Jong — Barcelona,Felix Nmecha — Dortmund,Leon Goretzka — Bayern Munich,Maxence Caqueret — Como,Exequiel Palacios — Leverkusen,Gavi — Barcelona
Joan Jordán — Alavés,Răzvan Marin — Cagliari,Leandro Paredes — Roma,Hernani — Parma,Neil El Aynaoui — Lens,Rolando Mandragora — Fiorentina
Jorginho — Arsenal,Nampalys Mendy — Lens,Matteo Prati — Cagliari,Maxence Caqueret — Lyon,Pierrick Capelle — Angers,Florian Grillitsch — Hoffenheim
Antoine Joujou — Le Havre,Coba da Costa — Getafe,Yann Karamoh — Torino,Eren Dinkçi — Freiburg,Merlin Röhl — Freiburg,Arthur Atta — Udinese
Stanko Jurić — Valladolid,Edson Álvarez — West Ham,Kalvin Phillips — Ipswich Town,Youssef Maleh — Empoli,Joris Chotard — Montpellier,Magnus Knudsen — Holstein Kiel
Mohamed Kaba — Lecce,Iker Losada — Betis,Samuele Vignato — Monza,Ismaël Koné — Marseille,Sean Longstaff — Newcastle Utd,Fredrik Jensen — Augsburg
Tino Kadewere — Nantes,Brenner — Udinese,Martin Terrier — Leverkusen,Lukas Daschner — Bochum,Romain Faivre — Brest,Lovro Majer — Wolfsburg
Daichi Kamada — Crystal Palace,Yehor Yarmoliuk — Brentford,Karol Linetty — Torino,Kévin Danois — Auxerre,Antonio Sánchez — Mallorca,Carlos Soler — West Ham
Boubacar Kamara — Aston Villa,Amadou Onana — Aston Villa,Rodrigo Bentancur — Tottenham,Philipp Sander — Gladbach,Karol Linetty — Torino,Beñat Prados — Athletic Club
Glen Kamara — Rennes,Gaetano Castrovilli — Monza,William Carvalho — Betis,Cheick Doucouré — Crystal Palace,Roméo Lavia — Chelsea,Juan Bernat — Getafe
Kevin Kampl — RB Leipzig,Danilo Cataldi — Fiorentina,Unai López — Rayo Vallecano,Nemanja Matić — Lyon,Jordan Veretout — Lyon,Iván Martín — Girona
Yann Karamoh — Torino,Tommaso Baldanzi — Roma,Antoine Joujou — Le Havre,Coba da Costa — Getafe,Arthur Atta — Udinese,Joe Willock — Newcastle Utd
Atakan Karazor — Stuttgart,Martín Zubimendi — Real Sociedad,Remo Freuler — Bologna,Maximilian Eggestein — Freiburg,Ellyes Skhiri — Eint Frankfurt,Enzo Barrenechea — Valencia
Jesper Karlström — Udinese,Martín Zubimendi — Real Sociedad,Pedro Chirivella — Nantes,Alessandro Bianco — Monza,Senne Lynen — Werder Bremen,Anton Stach — Hoffenheim
Grigoris Kastanos — Hellas Verona,Sergi Canós — Valencia,Rassoul Ndiaye — Le Havre,László Bénes — Union Berlin,Gerard Gumbau — Rayo Vallecano,Darwin Machís — Valladolid
Yassine Kechta — Le Havre,Rabby Nzingoula — Montpellier,Gianluca Busio — Venezia,Johann Lepenant — Nantes,Lassana Coulibaly — Lecce,Yasin Ayari — Brighton
Mandela Keita — Parma,Reda Belahyane — Hellas Verona,Amadou Koné — Reims,Youssef Maleh — Empoli,Edson Álvarez — West Ham,Warren Bondo — Monza
Yannik Keitel — Stuttgart,Salih Özcan — Dortmund,Nicolò Fagioli — Juventus,Douglas Luiz — Juventus,Julián Chicco — Leganés,James Sands — St. Pauli
Aljoscha Kemlein — Union Berlin,Cesare Casadei — Torino,Stefan Bajcetic — Las Palmas,Rayan Raveloson — Auxerre,Pablo Marín — Real Sociedad,Magnus Kofod Andersen — Venezia
Luca Kerber — Heidenheim,Justin Devenny — Crystal Palace,Hwang Hee-chan — Wolves,Oier Zarraga — Udinese,Rassoul Ndiaye — Le Havre,Lucas Tousart — Union Berlin
Bilal El Khannouss — Leicester City,Javier Muñoz — Las Palmas,Javier Guerra — Valencia,Paul Wanner — Heidenheim,Benjamin Bouchouari — Saint-Étienne,Sandi Lovrić — Udinese
Rani Khedira — Union Berlin,Azor Matusiwa — Rennes,Alberto Grassi — Empoli,Yvan Neyou — Leganés,Haris Belkebla — Angers,Ander Guevara — Alavés
Joshua Kimmich — Bayern Munich,Pedri — Barcelona,Luka Modrić — Real Madrid,Granit Xhaka — Leverkusen,Angelo Stiller — Stuttgart,Youri Tielemans — Aston Villa
Justin Kluivert — Bournemouth,Isco — Betis,Eliesse Ben Seghir — Monaco,Andrej Kramarić — Hoffenheim,Oihan Sancet — Athletic Club,Nikola Vlašić — Torino
Ansgar Knauff — Eint Frankfurt,Georginio Rutter — Brighton,Giuliano Simeone — Atlético Madrid,Patrick Wimmer — Wolfsburg,Yeremi Pino — Villarreal,Nathan Tella — Leverkusen
Magnus Knudsen — Holstein Kiel,Ylber Ramadani — Lecce,Hugo Magnetti — Brest,Karol Linetty — Torino,Yehor Yarmoliuk — Brentford,Louis Mouton — Saint-Étienne
Magnus Kofod Andersen — Venezia,Rayan Raveloson — Auxerre,Finn Ole Becker — Hoffenheim,Oier Zarraga — Udinese,Ivan Ilić — Torino,Hamzat Ojediran — Lens
Koke — Atlético Madrid,Nemanja Matić — Lyon,Kevin Kampl — RB Leipzig,Dani Ceballos — Real Madrid,Máximo Perrone — Como,Fran Beltrán — Celta Vigo
Mert Kömür — Augsburg,Justin Devenny — Crystal Palace,Jacob Bruun Larsen — Stuttgart,Fisayo Dele-Bashiru — Lazio,Nathan Broadhead — Ipswich Town,Yorbe Vertessen — Union Berlin
Amadou Koné — Reims,Soungoutou Magassa — Monaco,Boubacar Kamara — Aston Villa,Philipp Sander — Gladbach,Lucas Bergvall — Tottenham,Mandela Keita — Parma
Ismaël Koné — Marseille,Iker Losada — Betis,Mohamed Kaba — Lecce,Cheick Doucouré — Crystal Palace,Mahamadou Diawara — Le Havre,José Gragera — Espanyol
Ismaël Koné — Rennes,Magnus Kofod Andersen — Venezia,Bilal Nadir — Marseille,Tajon Buchanan — Villarreal,Brenner — Udinese,Ross Barkley — Aston Villa
Manu Koné — Roma,Khéphren Thuram — Juventus,Hicham Boudaoui — Nice,Frank Onyeka — Augsburg,Simon Sohm — Parma,Andy Diouf — Lens
Teun Koopmeiners — Juventus,Yasin Ayari — Brighton,Brais Méndez — Real Sociedad,Félix Lemaréchal — Strasbourg,Lorenzo Pellegrini — Roma,Andreas Pereira — Fulham
Mateo Kovačić — Manchester City,Khéphren Thuram — Juventus,Thomas Partey — Arsenal,Vitinha — Paris S-G,Fran Beltrán — Celta Vigo,Rodrigo De Paul — Atlético Madrid
Alex Král — Espanyol,Kristijan Jakić — Augsburg,Frank Onyeka — Augsburg,Gianluca Busio — Venezia,Boubakary Soumaré — Leicester City,Rocco Reitz — Gladbach
Andrej Kramarić — Hoffenheim,Julian Brandt — Dortmund,Alassane Pléa — Gladbach,Justin Kluivert — Bournemouth,Enzo Millot — Stuttgart,Charles De Ketelaere — Atalanta
Tom Krauß — Bochum,Oussama Targhalline — Le Havre,Manu Morlanes — Mallorca,Ngal'Ayel Mukau — Lille,Carles Aleñá — Alavés,Stefan Bajcetic — Las Palmas
Takefusa Kubo — Real Sociedad,Dejan Kulusevski — Tottenham,Yann Gboho — Toulouse,Omari Hutchinson — Ipswich Town,Raúl Moro — Valladolid,Dilane Bakwa — Strasbourg
Dejan Kulusevski — Tottenham,Takefusa Kubo — Real Sociedad,Yann Gboho — Toulouse,Dilane Bakwa — Strasbourg,Aimar Oroz — Osasuna,Xavi Simons — RB Leipzig
Daler Kuzyaev — Le Havre,Rayan Raveloson — Auxerre,Florian Grillitsch — Valladolid,Finn Ole Becker — Hoffenheim,Assane Dioussé — Auxerre,Tamás Nikitscher — Valladolid
Adam Lallana — Southampton,Gaetano Castrovilli — Monza,Cheick Doucouré — Crystal Palace,Juan Bernat — Getafe,Víctor Meseguer — Valladolid,William Carvalho — Betis
Hugo Larsson — Eint Frankfurt,Ellyes Skhiri — Eint Frankfurt,Johnny Cardoso — Betis,Azor Matusiwa — Rennes,Fran Beltrán — Celta Vigo,Pape Matar Sarr — Tottenham
Roméo Lavia — Chelsea,Glen Kamara — Rennes,Ngal'Ayel Mukau — Lille,Cheick Doucouré — Crystal Palace,Beñat Turrientes — Real Sociedad,Nicolò Fagioli — Juventus
Enzo Le Fée — Roma,Michel Aebischer — Bologna,Salih Özcan — Wolfsburg,Rayan Raveloson — Auxerre,Magnus Kofod Andersen — Venezia,Assane Dioussé — Auxerre
Pierre Lees-Melou — Brest,Unai López — Rayo Vallecano,Hugo Magnetti — Brest,Máximo Perrone — Como,Djibril Sow — Sevilla,Jordan Veretout — Lyon
Félix Lemaréchal — Strasbourg,Jurgen Ekkelenkamp — Udinese,Antonio Nusa — RB Leipzig,Roberto Navarro — Mallorca,Adrian Beck — Heidenheim,Kamory Doumbia — Brest
Mario Lemina — Wolves,Ylber Ramadani — Lecce,Philipp Sander — Gladbach,Joris Chotard — Montpellier,Edimilson Fernandes — Brest,Albert Sambi Lokonga — Sevilla
Johann Lepenant — Nantes,Beñat Prados — Athletic Club,András Schäfer — Union Berlin,Hugo Magnetti — Brest,Jurgen Ekkelenkamp — Udinese,Jean-Eudes Aholou — Angers
Jefferson Lerma — Crystal Palace,Kristijan Jakić — Augsburg,Rodrigo Bentancur — Tottenham,Renato Tapia — Leganés,Ander Guevara — Alavés,Ryan Yates — Nott'ham Forest
Louis Leroux — Nantes,Oscar Højlund — Eint Frankfurt,Lewis Miley — Newcastle Utd,Romain Faivre — Brest,Jean Mattéo Bahoya — Eint Frankfurt,Luca Kerber — Heidenheim
Jamie Leweling — Stuttgart,Giuliano Simeone — Atlético Madrid,Antonio Nusa — RB Leipzig,Roberto Navarro — Mallorca,Hákon Arnar Haraldsson — Lille,Adrian Beck — Heidenheim
Karol Linetty — Torino,Manu Morlanes — Mallorca,Janik Haberer — Union Berlin,Philipp Sander — Gladbach,Pablo Ibáñez — Osasuna,Yassin Belkhdim — Angers
Samuel Lino — Atlético Madrid,Giuliano Simeone — Atlético Madrid,Ansgar Knauff — Eint Frankfurt,Enzo Millot — Stuttgart,Nathan Tella — Leverkusen,Jamie Leweling — Stuttgart
Giovani Lo Celso — Betis,Phil Foden — Manchester City,James Maddison — Tottenham,Kevin Stöger — Gladbach,Hákon Arnar Haraldsson — Lille,Eliesse Ben Seghir — Monaco
Stanislav Lobotka — Napoli,Ellyes Skhiri — Eint Frankfurt,Fran Beltrán — Celta Vigo,Nemanja Matić — Lyon,Sander Berge — Fulham,Máximo Perrone — Como
Manuel Locatelli — Juventus,Mattéo Guendouzi — Lazio,Remo Freuler — Bologna,Marten de Roon — Atalanta,Martín Zubimendi — Real Sociedad,Nicolò Rovella — Lazio
Ruben Loftus-Cheek — Milan,Baptiste Santamaria — Nice,Orel Mangala — Everton,Billy Gilmour — Napoli,Lewis Ferguson — Bologna,Seko Fofana — Rennes
Enzo Loiodice — Las Palmas,Assane Dioussé — Auxerre,Kacper Urbanski — Monza,Michel Aebischer — Bologna,Finn Ole Becker — Hoffenheim,Hugo Guillamón — Valencia
Sean Longstaff — Newcastle Utd,Mohamed Kaba — Lecce,Iker Losada — Betis,Glen Kamara — Rennes,Gerard Gumbau — Rayo Vallecano,Tim Iroegbunam — Everton
Ademola Lookman — Atalanta,Amad Diallo — Manchester Utd,Dejan Kulusevski — Tottenham,Jamal Musiala — Bayern Munich,Matheus Cunha — Wolves,Dilane Bakwa — Strasbourg
Diego López — Valencia,Lee Jae-sung — Mainz 05,Yeremi Pino — Villarreal,Alassane Pléa — Gladbach,Giuliano Simeone — Atlético Madrid,Enzo Millot — Stuttgart
Fermin López — Barcelona,Arda Güler — Real Madrid,Sofiane Diop — Nice,Badredine Bouanani — Nice,Ansgar Knauff — Eint Frankfurt,Hákon Arnar Haraldsson — Lille
Roberto López — Leganés,Florian Neuhaus — Gladbach,Julián Chicco — Leganés,Matteo Prati — Cagliari,Iker Losada — Betis,Tommy Doyle — Wolves
Unai López — Rayo Vallecano,Jordan Veretout — Lyon,Rodrigo Bentancur — Tottenham,Pierre Lees-Melou — Brest,Kevin Kampl — RB Leipzig,Djibril Sow — Sevilla
Iker Losada — Betis,Samuele Vignato — Monza,Mohamed Kaba — Lecce,Ismaël Koné — Marseille,Víctor Meseguer — Valladolid,Salih Özcan — Wolfsburg
Anthony Losilla — Bochum,Jean-Daniel Akpa-Akpro — Monza,Juan Bernat — Getafe,Karol Linetty — Torino,Milan Badelj — Genoa,Teddy Teuma — Reims
Sandi Lovrić — Udinese,Elvis Rexhbeçaj — Augsburg,John McGinn — Aston Villa,Yassine Kechta — Le Havre,Yasin Ayari — Brighton,Paul Wanner — Heidenheim
Pol Lozano — Espanyol,Hugo Magnetti — Brest,Karol Linetty — Torino,Manu Morlanes — Mallorca,Beñat Prados — Athletic Club,Arthur Vermeeren — RB Leipzig
Douglas Luiz — Juventus,Nicolò Fagioli — Juventus,Salih Özcan — Dortmund,Ruben Loftus-Cheek — Milan,William Carvalho — Betis,Baptiste Santamaria — Nice
Saša Lukić — Fulham,Will Hughes — Crystal Palace,Liam Henderson — Empoli,Jon Moncayola — Osasuna,Rodrigo Bentancur — Tottenham,Fran Beltrán — Celta Vigo
Senne Lynen — Werder Bremen,André — Wolves,Jesper Karlström — Udinese,Maximilian Eggestein — Freiburg,Renato Tapia — Leganés,Kristijan Jakić — Augsburg
Alexis Mac Allister — Liverpool,Lamine Camara — Monaco,Enzo Fernández — Chelsea,Corentin Tolisso — Lyon,Sandro Tonali — Newcastle Utd,Ryan Christie — Bournemouth
Darwin Machís — Valladolid,Remi Oudin — Lecce,Víctor Meseguer — Valladolid,Sergi Canós — Valencia,Gerard Gumbau — Rayo Vallecano,Conor Chaplin — Ipswich Town
James Maddison — Tottenham,Giovani Lo Celso — Betis,Dilane Bakwa — Strasbourg,Xavi Simons — RB Leipzig,Phil Foden — Manchester City,Alassane Pléa — Gladbach
Soungoutou Magassa — Monaco,Ngal'Ayel Mukau — Lille,Beñat Prados — Athletic Club,Ayyoub Bouaddi — Lille,Amir Richardson — Fiorentina,Yehor Yarmoliuk — Brentford
Hugo Magnetti — Brest,Yvan Neyou — Leganés,Kristijan Jakić — Augsburg,Ander Guevara — Alavés,Magnus Knudsen — Holstein Kiel,Máximo Perrone — Como
Arne Maier — Augsburg,Gerard Gumbau — Rayo Vallecano,Carlos Soler — West Ham,Jordan James — Rennes,Medon Berisha — Lecce,Edu Expósito — Espanyol
Kobbie Mainoo — Manchester Utd,Kévin Danois — Auxerre,Beñat Prados — Athletic Club,Yehor Yarmoliuk — Brentford,Lucas Bergvall — Tottenham,Louis Mouton — Saint-Étienne
Lovro Majer — Wolfsburg,Brenner — Udinese,Martin Terrier — Leverkusen,Jacob Bruun Larsen — Stuttgart,Tino Kadewere — Nantes,Ruslan Malinovskyi — Genoa
Antoine Makoumbou — Cagliari,Edson Álvarez — West Ham,Reda Belahyane — Hellas Verona,Patrick Osterhage — Freiburg,Youssef Maleh — Empoli,Magnus Knudsen — Holstein Kiel
Daniel Maldini — Monza,Jacopo Fazzini — Empoli,Julio Enciso — Ipswich Town,Amine Gouiri — Rennes,Mattias Svanberg — Wolfsburg,Fabio Miretti — Genoa
Youssef Maleh — Empoli,Suat Serdar — Hellas Verona,Kalvin Phillips — Ipswich Town,Edson Álvarez — West Ham,Tom Krauß — Bochum,Manu Morlanes — Mallorca
Ruslan Malinovskyi — Genoa,Magnus Kofod Andersen — Venezia,Brenner — Udinese,Mahmoud Dahoud — Eint Frankfurt,Stefano Sensi — Monza,Enzo Le Fée — Roma
Lennard Maloney — Heidenheim,José Gragera — Espanyol,Mathis Amougou — Saint-Étienne,Florian Grillitsch — Hoffenheim,Juan Bernat — Getafe,Glen Kamara — Rennes
Rolando Mandragora — Fiorentina,Gvidas Gineitis — Torino,Danilo Cataldi — Fiorentina,Răzvan Marin — Cagliari,Marcel Sabitzer — Dortmund,Djibril Sow — Sevilla
Orel Mangala — Everton,Han-Noah Massengo — Auxerre,Rayan Raveloson — Auxerre,Baptiste Santamaria — Nice,Ruben Loftus-Cheek — Milan,Ngal'Ayel Mukau — Lille
Pablo Marín — Real Sociedad,Faustino Anjorin — Empoli,Amir Richardson — Fiorentina,Arthur Atta — Udinese,Pablo Ibáñez — Osasuna,Ngal'Ayel Mukau — Lille
Răzvan Marin — Cagliari,Gianluca Caprari — Monza,Arne Maier — Augsburg,Edu Expósito — Espanyol,Pedro Díaz — Rayo Vallecano,Carlos Soler — West Ham
Iván Martín — Girona,Kevin Kampl — RB Leipzig,Djibril Sow — Sevilla,Benjamin Bouchouari — Saint-Étienne,Máximo Perrone — Como,Simon Sohm — Parma
Jonas Martin — Brest,Oier Zarraga — Udinese,Jhon Solis — Girona,Óscar Trejo — Rayo Vallecano,Nabil Bentaleb — Lille,William Smallbone — Southampton
Mario Martín — Valladolid,Dario Essugo — Las Palmas,Mandela Keita — Parma,Edson Álvarez — West Ham,Stanko Jurić — Valladolid,Suat Serdar — Hellas Verona
Omar Mascarell — Mallorca,Philipp Sander — Gladbach,Rodrigo Bentancur — Tottenham,Alberto Grassi — Empoli,Boubacar Kamara — Aston Villa,Alessandro Deiola — Cagliari
Patrizio Masini — Genoa,András Schäfer — Union Berlin,Yannik Engelhardt — Como,Beñat Prados — Athletic Club,Johann Lepenant — Nantes,Bence Dárdai — Wolfsburg
Han-Noah Massengo — Auxerre,Orel Mangala — Everton,Jean-Daniel Akpa-Akpro — Monza,Mathis Amougou — Saint-Étienne,Mahamadou Diawara — Le Havre,Ngal'Ayel Mukau — Lille
Pape Matar Sarr — Tottenham,Jurgen Ekkelenkamp — Udinese,Rodrigo Bentancur — Tottenham,Djibril Sow — Sevilla,Jon Guridi — Alavés,Luka Sučić — Real Sociedad
Nemanja Matić — Lyon,Sander Berge — Fulham,Kevin Kampl — RB Leipzig,Pedro Chirivella — Nantes,Dani Ceballos — Real Madrid,Hugo Magnetti — Brest
Jean Mattéo Bahoya — Eint Frankfurt,Marco Brescianini — Atalanta,Brajan Gruda — Brighton,Maxence Caqueret — Como,Tajon Buchanan — Villarreal,Diego Gómez — Brighton
Azor Matusiwa — Rennes,Lucien Agoume — Sevilla,Sander Berge — Fulham,Enzo Barrenechea — Valencia,Rodrigo Bentancur — Tottenham,Kristijan Jakić — Augsburg
Senny Mayulu — Paris S-G,Badredine Bouanani — Nice,Niccolò Pisilli — Roma,João Félix — Milan,Tommaso Baldanzi — Roma,Harvey Elliott — Liverpool
Luca Mazzitelli — Como,Florian Neuhaus — Gladbach,Michel Aebischer — Bologna,Denis Suárez — Villarreal,Antoine Bernede — Hellas Verona,Bilal Nadir — Marseille
James Mcatee — Manchester City,Martin Terrier — Leverkusen,Harvey Elliott — Liverpool,Jonas Hofmann — Leverkusen,Pere Milla — Espanyol,Ibrahim Sulemana — Atalanta
John McGinn — Aston Villa,Djibril Sow — Sevilla,Elvis Rexhbeçaj — Augsburg,Yasin Ayari — Brighton,Yunus Musah — Milan,Luka Sučić — Real Sociedad
Weston McKennie — Juventus,Félix Lemaréchal — Strasbourg,Hugo Larsson — Eint Frankfurt,Jurgen Ekkelenkamp — Udinese,Djibril Sow — Sevilla,Sergio Carreira — Celta Vigo
Dwight McNeil — Everton,Phil Foden — Manchester City,Hákon Arnar Haraldsson — Lille,Adnan Januzaj — Las Palmas,Álvaro Tejero — Espanyol,Brajan Gruda — Brighton
Scott McTominay — Napoli,Adrien Rabiot — Marseille,Boulaye Dia — Lazio,Jens Odgaard — Bologna,Jens Stage — Werder Bremen,Alexis Claude-Maurice — Augsburg
Arthur Melo — Girona,Matteo Pessina — Monza,Orel Mangala — Everton,Beñat Turrientes — Real Sociedad,Michel Aebischer — Bologna,Florian Grillitsch — Hoffenheim
Brais Méndez — Real Sociedad,Fabio Miretti — Genoa,Angelo Fulgini — Lens,Nathan Tella — Leverkusen,Félix Lemaréchal — Strasbourg,Jurgen Ekkelenkamp — Udinese
Nampalys Mendy — Lens,Jorginho — Arsenal,Mahmoud Dahoud — Eint Frankfurt,Florian Grillitsch — Hoffenheim,Glen Kamara — Rennes,Maxence Caqueret — Lyon
Mikel Merino — Arsenal,Boulaye Dia — Lazio,Abdoulaye Doucouré — Everton,Curtis Jones — Liverpool,Jens Odgaard — Bologna,Marshall Munetsi — Reims
Víctor Meseguer — Valladolid,Samuele Vignato — Monza,Iker Losada — Betis,Iker Muñoz — Osasuna,Kevin Zeroli — Monza,Cheick Doucouré — Crystal Palace
Junior Messias — Genoa,Yorbe Vertessen — Union Berlin,Albert Grønbaek — Rennes,Yann Karamoh — Torino,Romain Faivre — Brest,Lucas Tousart — Union Berlin
Connor Metcalfe — St. Pauli,Carles Aleñá — Getafe,Enzo Le Fée — Roma,Salih Özcan — Wolfsburg,Lucas Tousart — Union Berlin,Cher Ndour — Fiorentina
Lewis Miley — Newcastle Utd,Louis Leroux — Nantes,Jhon Solis — Girona,Ibrahim Sulemana — Atalanta,Oscar Højlund — Eint Frankfurt,Luca Kerber — Heidenheim
Luis Milla — Getafe,Sergi Darder — Mallorca,Lucas Da Cunha — Como,Sergio Gómez — Real Sociedad,Maximilian Arnold — Wolfsburg,Téji Savanier — Montpellier
Pere Milla — Espanyol,Mohamed Haj — Parma,Óscar Trejo — Rayo Vallecano,László Bénes — Union Berlin,Jacob Bruun Larsen — Stuttgart,Jonas Hofmann — Leverkusen
Enzo Millot — Stuttgart,Emile Smith Rowe — Fulham,Hákon Arnar Haraldsson — Lille,Fermin López — Barcelona,Samuel Lino — Atlético Madrid,Félix Lemaréchal — Strasbourg
Takumi Minamino — Monaco,Ansgar Knauff — Eint Frankfurt,Dominik Szoboszlai — Liverpool,Ismaila Sarr — Crystal Palace,Enzo Millot — Stuttgart,Samuel Lino — Atlético Madrid
Óscar Mingueza — Celta Vigo,Manolis Saliakas — St. Pauli,Matúš Bero — Bochum,Rodrigo De Paul — Atlético Madrid,Nicolò Barella — Inter,Philipp Treu — St. Pauli
Fabio Miretti — Genoa,Paul Wanner — Heidenheim,Brais Méndez — Real Sociedad,Jacopo Fazzini — Empoli,Félix Lemaréchal — Strasbourg,Roberto Navarro — Mallorca
Henrikh Mkhitaryan — Inter,İlkay Gündoğan — Manchester City,Nicolò Barella — Inter,Pablo Fornals — Betis,Mario Pašalić — Atalanta,Youssouf Fofana — Milan
Luka Modrić — Real Madrid,İlkay Gündoğan — Manchester City,Hakan Çalhanoğlu — Inter,Aleix García — Leverkusen,Lucas Da Cunha — Como,Rodrigo De Paul — Atlético Madrid
Jon Moncayola — Osasuna,Saša Lukić — Fulham,Yasin Ayari — Brighton,Pol Lozano — Espanyol,Daichi Kamada — Crystal Palace,Liam Henderson — Empoli
Ilaix Moriba — Celta Vigo,Mikel Jauregizar — Athletic Club,Patrick Osterhage — Freiburg,Hicham Boudaoui — Nice,Sergi Altimira — Betis,Edson Álvarez — West Ham
Manu Morlanes — Mallorca,Karol Linetty — Torino,Ngal'Ayel Mukau — Lille,Yehor Yarmoliuk — Brentford,Lucas Bergvall — Tottenham,Han-Noah Massengo — Auxerre
Nikola Moro — Bologna,Jordan James — Rennes,Billy Gilmour — Napoli,Lewis Ferguson — Bologna,Ngal'Ayel Mukau — Lille,Louis Mouton — Saint-Étienne
Raúl Moro — Valladolid,Omari Hutchinson — Ipswich Town,Dilane Bakwa — Strasbourg,Chris Führich — Stuttgart,Takefusa Kubo — Real Sociedad,Luis Rioja — Valencia
Sam Morsy — Ipswich Town,Flynn Downes — Southampton,Alessandro Bianco — Monza,Jesper Karlström — Udinese,Yvan Neyou — Leganés,Boubakary Soumaré — Leicester City
Mason Mount — Manchester Utd,Abdou Harroui — Hellas Verona,Mats Pannewig — Bochum,Tino Kadewere — Nantes,Lukas Daschner — Bochum,Iker Losada — Betis
Louis Mouton — Saint-Étienne,Hamza Rafia — Lecce,Rassoul Ndiaye — Le Havre,Karol Linetty — Torino,Pablo Marín — Real Sociedad,Ngal'Ayel Mukau — Lille
Ngal'Ayel Mukau — Lille,Ayyoub Bouaddi — Lille,Manu Morlanes — Mallorca,Amir Richardson — Fiorentina,Soungoutou Magassa — Monaco,Jordan James — Rennes
Thomas Müller — Bayern Munich,Angelo Fulgini — Lens,Fares Chaïbi — Eint Frankfurt,Nathan Tella — Leverkusen,Gianluca Gaetano — Cagliari,Badredine Bouanani — Nice
Marshall Munetsi — Wolves,Mattias Svanberg — Wolfsburg,Donny van de Beek — Girona,Junior Messias — Genoa,Tino Kadewere — Nantes,Carlo Boukhalfa — St. Pauli
Marshall Munetsi — Reims,Mattias Svanberg — Wolfsburg,Carlo Boukhalfa — St. Pauli,Marshall Munetsi — Wolves,Ramón Terrats — Getafe,Donny van de Beek — Girona
Iker Muñoz — Osasuna,Cheick Doucouré — Crystal Palace,Víctor Meseguer — Valladolid,Salih Özcan — Wolfsburg,Tommy Doyle — Wolves,Mahamadou Diawara — Le Havre
Javier Muñoz — Las Palmas,Kristijan Jakić — Augsburg,Pedro Chirivella — Nantes,Alex Král — Espanyol,Frank Onyeka — Augsburg,Yvan Neyou — Leganés
Yunus Musah — Milan,Arthur Atta — Udinese,Roberto Navarro — Mallorca,Joe Willock — Newcastle Utd,Lucas Bergvall — Tottenham,Albert Sambi Lokonga — Sevilla
Jamal Musiala — Bayern Munich,Yann Gboho — Toulouse,Charles De Ketelaere — Atalanta,Takefusa Kubo — Real Sociedad,Dejan Kulusevski — Tottenham,Amad Diallo — Manchester Utd
Almoatasem Al Musrati — Monaco,Mahmoud Dahoud — Eint Frankfurt,Diego Gómez — Brighton,Ross Barkley — Aston Villa,Nicolás González — Manchester City,Nicolò Fagioli — Juventus
Junior Mwanga — Le Havre,Orel Mangala — Everton,Han-Noah Massengo — Auxerre,Nicolò Fagioli — Fiorentina,Florian Grillitsch — Hoffenheim,Magnus Kofod Andersen — Venezia
Junior Mwanga — Strasbourg,José Gragera — Espanyol,Mohamed Kaba — Lecce,Aster Vranckx — Wolfsburg,Marius Courcoul — Angers,Iker Losada — Betis
Bilal Nadir — Marseille,Tajon Buchanan — Villarreal,Diego Gómez — Brighton,Hamzat Ojediran — Lens,Nicolò Fagioli — Juventus,William Carvalho — Betis
Sebastian Nanasi — Strasbourg,Phil Foden — Manchester City,Hákon Arnar Haraldsson — Lille,Félix Lemaréchal — Strasbourg,Emile Smith Rowe — Fulham,Enzo Millot — Stuttgart
Roberto Navarro — Mallorca,Arthur Atta — Udinese,Eren Dinkçi — Freiburg,Coba da Costa — Getafe,Aleksandr Golovin — Monaco,Joe Willock — Newcastle Utd
Rassoul Ndiaye — Le Havre,Louis Mouton — Saint-Étienne,Karol Linetty — Torino,Mathis Amougou — Saint-Étienne,Grigoris Kastanos — Hellas Verona,Pablo Ibáñez — Osasuna
Wilfred Ndidi — Leicester City,Elisha Owusu — Auxerre,Nicolai Remberg — Holstein Kiel,Jan Schöppner — Heidenheim,Jackson Irvine — St. Pauli,Kristijan Jakić — Augsburg
Tanguy Ndombele — Nice,Mattias Svanberg — Wolfsburg,Roberto Navarro — Mallorca,Ruben Loftus-Cheek — Milan,Niccolò Pisilli — Roma,Maxence Caqueret — Como
Cher Ndour — Fiorentina,Salih Özcan — Wolfsburg,Kacper Urbanski — Monza,Iker Losada — Betis,José Gragera — Espanyol,Maxence Caqueret — Lyon
Paul Nebel — Mainz 05,Diego López — Valencia,Xavi Simons — RB Leipzig,Morgan Gibbs-White — Nott'ham Forest,Mahdi Camara — Brest,Matìas Soulé — Roma
Florian Neuhaus — Gladbach,Tommy Doyle — Wolves,Roberto López — Leganés,Julián Chicco — Leganés,Justin Devenny — Crystal Palace,Denis Suárez — Villarreal
João Neves — Paris S-G,Warren Zaïre-Emery — Paris S-G,Khéphren Thuram — Juventus,Youssouf Fofana — Milan,Sandro Tonali — Newcastle Utd,Denis Zakaria — Monaco
Yvan Neyou — Leganés,Hugo Magnetti — Brest,Flynn Downes — Southampton,Pol Lozano — Espanyol,Frank Onyeka — Augsburg,Kristijan Jakić — Augsburg
Hans Nicolussi Caviglia — Venezia,Ondrej Duda — Hellas Verona,Maximilian Arnold — Wolfsburg,Vincent Sierro — Toulouse,Sandi Lovrić — Udinese,Lucas Da Cunha — Como
Saúl Ñíguez — Sevilla,Jurgen Ekkelenkamp — Udinese,Jon Guridi — Alavés,Pape Matar Sarr — Tottenham,Faustino Anjorin — Empoli,Luka Sučić — Real Sociedad
Tamás Nikitscher — Valladolid,Kacper Urbanski — Monza,Florian Grillitsch — Valladolid,Oliver Skipp — Leicester City,Dennis Geiger — Hoffenheim,Jean-Daniel Akpa-Akpro — Monza
Felix Nmecha — Dortmund,Amadou Onana — Aston Villa,Eduardo Camavinga — Real Madrid,Robert Andrich — Leverkusen,Danilo Cataldi — Fiorentina,Valentin Rongier — Marseille
Antonio Nusa — RB Leipzig,Félix Lemaréchal — Strasbourg,Roberto Navarro — Mallorca,Jacopo Fazzini — Empoli,Georginio Rutter — Brighton,Fabio Miretti — Genoa
Rabby Nzingoula — Montpellier,Johann Lepenant — Nantes,Yassine Kechta — Le Havre,Magnus Knudsen — Holstein Kiel,Kobbie Mainoo — Manchester Utd,András Schäfer — Union Berlin
Christian Nørgaard — Brentford,Santi Comesaña — Villarreal,Maximilian Eggestein — Freiburg,Senne Lynen — Werder Bremen,Jan Schöppner — Heidenheim,Martín Zubimendi — Real Sociedad
Matt O'Riley — Brighton,Fares Chaïbi — Eint Frankfurt,Fabian Rieder — Stuttgart,Romain Faivre — Brest,Angel Gomes — Lille,Jeong Woo-yeong — Union Berlin
Jens Odgaard — Bologna,Boulaye Dia — Lazio,Georginio Rutter — Brighton,Félix Lemaréchal — Strasbourg,Nathan Tella — Leverkusen,Brais Méndez — Real Sociedad
Hamzat Ojediran — Lens,Justin Devenny — Crystal Palace,Magnus Kofod Andersen — Venezia,Iker Muñoz — Osasuna,Nicolò Fagioli — Juventus,Amir Richardson — Fiorentina
Kazeem Olaigbe — Rennes,Brajan Gruda — Brighton,Yan Diomandé — Leganés,Harvey Elliott — Liverpool,Denis Suárez — Villarreal,Hong Hyunseok — Mainz 05
Finn Ole Becker — Hoffenheim,Magnus Kofod Andersen — Venezia,Assane Dioussé — Auxerre,Rayan Raveloson — Auxerre,Alfred Duncan — Venezia,Lucas Tousart — Union Berlin
Dani Olmo — Barcelona,Oihan Sancet — Athletic Club,Boulaye Dia — Lazio,Alassane Pléa — Gladbach,Arda Güler — Real Madrid,Fermin López — Barcelona
Ado Onaiwu — Auxerre,Amine Gouiri — Rennes,Shavy Babicka — Toulouse,Romain Faivre — Brest,Pablo Sarabia — Wolves,Marco Brescianini — Atalanta
Amadou Onana — Aston Villa,Boubacar Kamara — Aston Villa,Philipp Sander — Gladbach,Beñat Prados — Athletic Club,Rodrigo Bentancur — Tottenham,Felix Nmecha — Dortmund
Jean Onana — Genoa,Nicolas Haas — Empoli,Salih Özcan — Wolfsburg,Magnus Kofod Andersen — Venezia,Mahamadou Diawara — Le Havre,Matteo Pessina — Monza
Jacob Ondrejka — Parma,Brenner — Udinese,Can Uzun — Eint Frankfurt,Lovro Majer — Wolfsburg,Pablo Torre — Barcelona,Jonas Hofmann — Leverkusen
Frank Onyeka — Augsburg,Yvan Neyou — Leganés,Kristijan Jakić — Augsburg,Alex Král — Espanyol,Gianluca Busio — Venezia,Valentin Atangana Edoa — Reims
Aimar Oroz — Osasuna,Javier Guerra — Valencia,Andy Diouf — Lens,Manu Koné — Roma,Enzo Millot — Stuttgart,Nikola Vlašić — Torino
Patrick Osterhage — Freiburg,Edson Álvarez — West Ham,Djibril Sow — Sevilla,Kristijan Jakić — Augsburg,Abdoulaye Doucouré — Everton,Youssef Maleh — Empoli
Remi Oudin — Lecce,Iker Losada — Betis,Salih Özcan — Wolfsburg,Lucas Tousart — Union Berlin,Darwin Machís — Valladolid,Gaetano Castrovilli — Monza
Elisha Owusu — Auxerre,Hugo Magnetti — Brest,Jean-Eudes Aholou — Angers,Azor Matusiwa — Rennes,Haris Belkebla — Angers,Pol Lozano — Espanyol
Salih Özcan — Wolfsburg,Cher Ndour — Fiorentina,Iker Losada — Betis,Iker Muñoz — Osasuna,Salih Özcan — Dortmund,Carles Aleñá — Getafe
Salih Özcan — Dortmund,Salih Özcan — Wolfsburg,James Sands — St. Pauli,Nicolò Fagioli — Juventus,William Carvalho — Betis,Yannik Keitel — Stuttgart
Exequiel Palacios — Leverkusen,Maxence Caqueret — Como,Niccolò Pisilli — Roma,Kamory Doumbia — Brest,Nicolò Fagioli — Fiorentina,Badredine Bouanani — Nice
João Palhinha — Bayern Munich,Baptiste Santamaria — Nice,Mikel Vesga — Athletic Club,Almoatasem Al Musrati — Monaco,Nicolò Fagioli — Juventus,Nicolás González — Manchester City
Cole Palmer — Chelsea,Eberechi Eze — Crystal Palace,Alex Baena — Villarreal,Florian Wirtz — Leverkusen,Nicolás Paz — Como,Justin Kluivert — Bournemouth
Mats Pannewig — Bochum,Samuele Vignato — Monza,Iker Losada — Betis,Sergi Canós — Valencia,Ruben Vargas — Augsburg,Drissa Camara — Parma
Lucas Paquetá — West Ham,Vincent Sierro — Toulouse,Javier Guerra — Valencia,Yangel Herrera — Girona,Alessandro Bianco — Monza,Gianluca Busio — Venezia
Leandro Paredes — Roma,Dani Ceballos — Real Madrid,Rolando Mandragora — Fiorentina,Joan Jordán — Alavés,Robert Andrich — Leverkusen,Lewis Ferguson — Bologna
Daniel Parejo — Villarreal,Ellyes Skhiri — Eint Frankfurt,Ryan Christie — Bournemouth,Fran Beltrán — Celta Vigo,Vincent Sierro — Toulouse,Azor Matusiwa — Rennes
Thomas Partey — Arsenal,Remo Freuler — Bologna,Martín Zubimendi — Real Sociedad,Santi Comesaña — Villarreal,Mateo Kovačić — Manchester City,Youssouf Fofana — Milan
Mario Pašalić — Atalanta,Khéphren Thuram — Juventus,Luka Sučić — Real Sociedad,İlkay Gündoğan — Manchester City,Weston McKennie — Juventus,Pape Matar Sarr — Tottenham
Aleksandar Pavlovic — Bayern Munich,Dani Ceballos — Real Madrid,Leon Goretzka — Bayern Munich,Jordan Veretout — Lyon,Warren Zaïre-Emery — Paris S-G,Felix Nmecha — Dortmund
Martín Payero — Udinese,Faustino Anjorin — Empoli,Pablo Marín — Real Sociedad,Carles Pérez — Getafe,Eren Dinkçi — Freiburg,Pablo Ibáñez — Osasuna
Nicolás Paz — Como,Eberechi Eze — Crystal Palace,Dominik Szoboszlai — Liverpool,Dilane Bakwa — Strasbourg,Jude Bellingham — Real Madrid,Aimar Oroz — Osasuna
Pedri — Barcelona,Nicolò Barella — Inter,Mattéo Guendouzi — Lazio,Vitinha — Paris S-G,Enzo Fernández — Chelsea,Rodrigo De Paul — Atlético Madrid
Lorenzo Pellegrini — Roma,Angelo Fulgini — Lens,Luka Sučić — Real Sociedad,Carlos Soler — West Ham,Gianluca Caprari — Monza,Paul Wanner — Heidenheim
Andreas Pereira — Fulham,Teun Koopmeiners — Juventus,Kevin Stöger — Gladbach,Sandi Lovrić — Udinese,Răzvan Marin — Cagliari,John McGinn — Aston Villa
Carles Pérez — Getafe,Coba da Costa — Getafe,Carlo Boukhalfa — St. Pauli,Pablo Ibáñez — Osasuna,Pedro Díaz — Rayo Vallecano,Roberto Navarro — Mallorca
Kike Pérez — Venezia,Kike Pérez — Valladolid,Karol Linetty — Torino,Hamza Rafia — Lecce,Alfred Duncan — Venezia,James Ward-Prowse — West Ham
Kike Pérez — Valladolid,Kike Pérez — Venezia,Selim Amallah — Valladolid,Karol Linetty — Torino,Patrick Ciurria — Monza,Carlos Soler — West Ham
Gaëtan Perrin — Auxerre,Dilane Bakwa — Strasbourg,Ludovic Blas — Rennes,Xavi Simons — RB Leipzig,James Maddison — Tottenham,Dejan Kulusevski — Tottenham
Máximo Perrone — Como,Pedro Chirivella — Nantes,Hugo Magnetti — Brest,Arthur Vermeeren — RB Leipzig,Ander Guevara — Alavés,Djibril Sow — Sevilla
Matteo Pessina — Monza,Florian Grillitsch — Hoffenheim,Arthur Melo — Girona,Orel Mangala — Everton,Magnus Kofod Andersen — Venezia,José Gragera — Espanyol
Kalvin Phillips — Ipswich Town,Youssef Maleh — Empoli,Suat Serdar — Hellas Verona,Stanko Jurić — Valladolid,Karol Linetty — Torino,Edson Álvarez — West Ham
Yeremi Pino — Villarreal,Giuliano Simeone — Atlético Madrid,Ansgar Knauff — Eint Frankfurt,Diego López — Valencia,Patrick Wimmer — Wolfsburg,Félix Lemaréchal — Strasbourg
Niccolò Pisilli — Roma,Amir Richardson — Fiorentina,Joe Willock — Newcastle Utd,Pablo Marín — Real Sociedad,Tommaso Baldanzi — Roma,Pablo Ibáñez — Osasuna
Alassane Pléa — Gladbach,Boulaye Dia — Lazio,Oihan Sancet — Athletic Club,Diego López — Valencia,Emile Smith Rowe — Fulham,Phil Foden — Manchester City
Tommaso Pobega — Bologna,Youssef Maleh — Empoli,Suat Serdar — Hellas Verona,Soungoutou Magassa — Monaco,Niccolò Pisilli — Roma,Amir Richardson — Fiorentina
Beñat Prados — Athletic Club,Yehor Yarmoliuk — Brentford,Soungoutou Magassa — Monaco,Karol Linetty — Torino,Ngal'Ayel Mukau — Lille,Amadou Onana — Aston Villa
Matteo Prati — Cagliari,Roberto López — Leganés,Iker Losada — Betis,Samuele Vignato — Monza,Kacper Urbanski — Monza,Gaetano Castrovilli — Monza
Adrien Rabiot — Marseille,Corentin Tolisso — Lyon,Enzo Millot — Stuttgart,Scott McTominay — Napoli,Bernardo Silva — Manchester City,Khéphren Thuram — Juventus
Hamza Rafia — Lecce,Louis Mouton — Saint-Étienne,Karol Linetty — Torino,Alfred Duncan — Venezia,Beñat Turrientes — Real Sociedad,Kike Pérez — Venezia
Ylber Ramadani — Lecce,Magnus Knudsen — Holstein Kiel,Karol Linetty — Torino,Ander Guevara — Alavés,Hugo Magnetti — Brest,Philipp Sander — Gladbach
Rayan Raveloson — Auxerre,Magnus Kofod Andersen — Venezia,Orel Mangala — Everton,Alfred Duncan — Venezia,Michel Aebischer — Bologna,Seko Fofana — Rennes
Tijjani Reijnders — Milan,Adrien Rabiot — Marseille,Dominik Szoboszlai — Liverpool,Aimar Oroz — Osasuna,Bernardo Silva — Manchester City,Sandro Tonali — Newcastle Utd
Rocco Reitz — Gladbach,Johnny Cardoso — Betis,Rodrigo Bentancur — Tottenham,Boubacar Kamara — Aston Villa,Azor Matusiwa — Rennes,Kristijan Jakić — Augsburg
Nicolai Remberg — Holstein Kiel,Vitaly Janelt — Brentford,Wilfred Ndidi — Leicester City,Elisha Owusu — Auxerre,Sam Morsy — Ipswich Town,Kristijan Jakić — Augsburg
Elvis Rexhbeçaj — Augsburg,Carlos Soler — West Ham,Jurgen Ekkelenkamp — Udinese,Carlo Boukhalfa — St. Pauli,Paul Wanner — Heidenheim,Gvidas Gineitis — Torino
Samuele Ricci — Torino,Hugo Magnetti — Brest,Yvan Neyou — Leganés,Pedro Chirivella — Nantes,Kristijan Jakić — Augsburg,Djibril Sow — Sevilla
Declan Rice — Arsenal,Lamine Camara — Monaco,Youri Tielemans — Aston Villa,Lucas Da Cunha — Como,Lewis Cook — Bournemouth,Enzo Fernández — Chelsea
Amir Richardson — Fiorentina,Ngal'Ayel Mukau — Lille,Yannik Engelhardt — Como,Beñat Turrientes — Real Sociedad,Pablo Ibáñez — Osasuna,Pablo Marín — Real Sociedad
Fabian Rieder — Stuttgart,Albert Grønbaek — Rennes,Brajan Gruda — Brighton,Eren Dinkçi — Freiburg,Fares Chaïbi — Eint Frankfurt,Romain Faivre — Brest
Luis Rioja — Valencia,Aimar Oroz — Osasuna,Chris Führich — Stuttgart,Raúl Moro — Valladolid,Dilane Bakwa — Strasbourg,Omari Hutchinson — Ipswich Town
Rodrigo Riquelme — Atlético Madrid,Mahmoud Dahoud — Eint Frankfurt,Tommaso Baldanzi — Roma,Yann Karamoh — Torino,Harvey Elliott — Liverpool,Gerard Gumbau — Rayo Vallecano
Sergi Roberto — Como,Baptiste Santamaria — Nice,Glen Kamara — Rennes,Florian Grillitsch — Hoffenheim,Douglas Luiz — Juventus,William Carvalho — Betis
Marc Roca — Betis,Orel Mangala — Everton,Nicolò Fagioli — Fiorentina,Oscar Højlund — Eint Frankfurt,Magnus Kofod Andersen — Venezia,Rayan Raveloson — Auxerre
Damián Rodríguez — Celta Vigo,Hugo Sotelo — Celta Vigo,Matteo Prati — Cagliari,Jorginho — Arsenal,Billy Gilmour — Napoli,Maxence Caqueret — Lyon
Dani Rodríguez — Mallorca,Jean-Ricner Bellegarde — Wolves,Brais Méndez — Real Sociedad,Fabio Miretti — Genoa,John McGinn — Aston Villa,Nikola Vlašić — Torino
Guido Rodríguez — West Ham,Karol Linetty — Torino,Edimilson Fernandes — Brest,Oriol Romeu — Girona,Manu Morlanes — Mallorca,Milan Badelj — Genoa
Kirian Rodríguez — Las Palmas,Djibril Sow — Sevilla,Máximo Perrone — Como,Harry Winks — Leicester City,Ander Guevara — Alavés,Albert Sambi Lokonga — Sevilla
Merlin Röhl — Freiburg,Arthur Atta — Udinese,Pablo Marín — Real Sociedad,Unai Gómez — Athletic Club,Fredrik Jensen — Augsburg,Mathis Amougou — Saint-Étienne
Oriol Romeu — Girona,Karol Linetty — Torino,Manu Morlanes — Mallorca,Guido Rodríguez — West Ham,Edimilson Fernandes — Brest,Ylber Ramadani — Lecce
Valentin Rongier — Marseille,Fran Beltrán — Celta Vigo,Ellyes Skhiri — Eint Frankfurt,Felix Nmecha — Dortmund,Amadou Onana — Aston Villa,Rodrigo Bentancur — Tottenham
Marten de Roon — Atalanta,Remo Freuler — Bologna,Thomas Partey — Arsenal,Manuel Locatelli — Juventus,Daniel Parejo — Villarreal,Federico Valverde — Real Madrid
Pablo Rosario — Nice,Djibril Sow — Sevilla,Amadou Onana — Aston Villa,Philipp Sander — Gladbach,Jordan Veretout — Lyon,Marcel Sabitzer — Dortmund
Nicolò Rovella — Lazio,Cristian Cásseres Jr. — Toulouse,Youssouf Fofana — Milan,Remo Freuler — Bologna,Jesper Karlström — Udinese,Martín Zubimendi — Real Sociedad
Georginio Rutter — Brighton,Ansgar Knauff — Eint Frankfurt,Patrick Wimmer — Wolfsburg,Antonio Nusa — RB Leipzig,Jens Odgaard — Bologna,Jacopo Fazzini — Empoli
Marcel Sabitzer — Dortmund,Jordan Veretout — Lyon,Djibril Sow — Sevilla,Jurgen Ekkelenkamp — Udinese,Albert Sambi Lokonga — Sevilla,Daichi Kamada — Crystal Palace
Manolis Saliakas — St. Pauli,Sergio Carreira — Celta Vigo,Philipp Treu — St. Pauli,Javier Muñoz — Las Palmas,Weston McKennie — Juventus,Liberato Cacace — Empoli
Lazar Samardzic — Atalanta,Arda Güler — Real Madrid,Badredine Bouanani — Nice,Angelo Fulgini — Lens,Pedro Díaz — Rayo Vallecano,Tommaso Baldanzi — Roma
Diadie Samassékou — Hoffenheim,William Carvalho — Betis,Enzo Le Fée — Roma,Michel Aebischer — Bologna,Remi Oudin — Lecce,Salih Özcan — Wolfsburg
Albert Sambi Lokonga — Sevilla,Philipp Sander — Gladbach,Han-Noah Massengo — Auxerre,Djibril Sow — Sevilla,Orel Mangala — Everton,Ngal'Ayel Mukau — Lille
Oihan Sancet — Athletic Club,Boulaye Dia — Lazio,Alassane Pléa — Gladbach,Dani Olmo — Barcelona,Jens Odgaard — Bologna,Fermin López — Barcelona
Antonio Sánchez — Mallorca,Janik Haberer — Union Berlin,Pablo Ibáñez — Osasuna,Karol Linetty — Torino,Philipp Sander — Gladbach,Yehor Yarmoliuk — Brentford
Iván Sánchez — Valladolid,Carles Pérez — Getafe,Pedro Díaz — Rayo Vallecano,Adrian Beck — Heidenheim,Patrick Ciurria — Monza,Gvidas Gineitis — Torino
Juanlu Sánchez — Sevilla,Jurgen Ekkelenkamp — Udinese,Félix Lemaréchal — Strasbourg,Jack Hinshelwood — Brighton,Johann Lepenant — Nantes,Donny van de Beek — Girona
Philipp Sander — Gladbach,Karol Linetty — Torino,Orel Mangala — Everton,Lucas Bergvall — Tottenham,Jordan Veretout — Lyon,Amadou Onana — Aston Villa
James Sands — St. Pauli,Salih Özcan — Dortmund,Matteo Pessina — Monza,Yannik Keitel — Stuttgart,William Carvalho — Betis,Aster Vranckx — Wolfsburg
Ibrahim Sangaré — Nott'ham Forest,Assane Dioussé — Auxerre,Finn Ole Becker — Hoffenheim,Han-Noah Massengo — Auxerre,Lucas Tousart — Union Berlin,Marius Courcoul — Angers
Kaishu Sano — Mainz 05,Maximilian Eggestein — Freiburg,Senne Lynen — Werder Bremen,Kristijan Jakić — Augsburg,Martín Zubimendi — Real Sociedad,Anton Stach — Hoffenheim
Baptiste Santamaria — Nice,Orel Mangala — Everton,Ruben Loftus-Cheek — Milan,Mikel Vesga — Athletic Club,Sergi Roberto — Como,Edimilson Fernandes — Brest
Baptiste Santamaria — Rennes,Moi Gómez — Osasuna,Iker Losada — Betis,Juan Bernat — Getafe,José Gragera — Espanyol,Víctor Meseguer — Valladolid
Andrey Santos — Strasbourg,Christian Nørgaard — Brentford,Santi Comesaña — Villarreal,Thomas Partey — Arsenal,Martín Zubimendi — Real Sociedad,Mahdi Camara — Brest
Pablo Sarabia — Wolves,Romain Faivre — Brest,Gonçalo Guedes — Wolves,Denis Suárez — Villarreal,Mattias Svanberg — Wolfsburg,Marco Brescianini — Atalanta
Ismaila Sarr — Crystal Palace,Takumi Minamino — Monaco,Charles De Ketelaere — Atalanta,Diego López — Valencia,Yann Gboho — Toulouse,Ansgar Knauff — Eint Frankfurt
Téji Savanier — Montpellier,Luis Milla — Getafe,Kevin Stöger — Gladbach,Nadiem Amiri — Mainz 05,Andreas Pereira — Fulham,Sergi Darder — Mallorca
András Schäfer — Union Berlin,Patrizio Masini — Genoa,Carlo Boukhalfa — St. Pauli,Jens Cajuste — Ipswich Town,Karol Linetty — Torino,Jurgen Ekkelenkamp — Udinese
Romano Schmid — Werder Bremen,Nicolò Barella — Inter,Dejan Kulusevski — Tottenham,Mikkel Damsgaard — Brentford,Aimar Oroz — Osasuna,Martin Ødegaard — Arsenal
Jan Schöppner — Heidenheim,Maximilian Eggestein — Freiburg,Anton Stach — Hoffenheim,Yangel Herrera — Girona,Gianluca Busio — Venezia,Johnny Cardoso — Betis
Alex Scott — Bournemouth,Medon Berisha — Lecce,Jordan James — Rennes,Rassoul Ndiaye — Le Havre,Joe Willock — Newcastle Utd,Amir Richardson — Fiorentina
Nicolas Seiwald — RB Leipzig,Kristijan Jakić — Augsburg,Pedro Chirivella — Nantes,Máximo Perrone — Como,Fran Beltrán — Celta Vigo,Ander Guevara — Alavés
Stefano Sensi — Monza,Remi Oudin — Lecce,William Carvalho — Betis,Diadie Samassékou — Hoffenheim,Ruslan Malinovskyi — Genoa,Michel Aebischer — Bologna
Suat Serdar — Hellas Verona,Youssef Maleh — Empoli,Pablo Ibáñez — Osasuna,Kike Pérez — Valladolid,Carlo Boukhalfa — St. Pauli,Jacopo Fazzini — Empoli
Vincent Sierro — Toulouse,Rolando Mandragora — Fiorentina,Fran Beltrán — Celta Vigo,Lucas Da Cunha — Como,Teun Koopmeiners — Juventus,Pierre Lees-Melou — Brest
Bernardo Silva — Manchester City,Khéphren Thuram — Juventus,Adrien Rabiot — Marseille,Sandro Tonali — Newcastle Utd,Lucas Da Cunha — Como,Mahdi Camara — Brest
Giuliano Simeone — Atlético Madrid,Ansgar Knauff — Eint Frankfurt,Yeremi Pino — Villarreal,Jamie Leweling — Stuttgart,Samuel Lino — Atlético Madrid,Nathan Tella — Leverkusen
Xavi Simons — RB Leipzig,Dilane Bakwa — Strasbourg,James Maddison — Tottenham,Matìas Soulé — Roma,Dejan Kulusevski — Tottenham,Phil Foden — Manchester City
Ibrahima Sissoko — Bochum,Yangel Herrera — Girona,Samu Costa — Mallorca,Lassana Coulibaly — Lecce,Valentin Atangana Edoa — Reims,Jan Schöppner — Heidenheim
Ellyes Skhiri — Eint Frankfurt,Rodrigo Bentancur — Tottenham,Boubacar Kamara — Aston Villa,Sander Berge — Fulham,Hugo Larsson — Eint Frankfurt,Valentin Rongier — Marseille
Oliver Skipp — Leicester City,Beñat Turrientes — Real Sociedad,Dennis Geiger — Hoffenheim,Han-Noah Massengo — Auxerre,Edimilson Fernandes — Brest,Amir Richardson — Fiorentina
William Smallbone — Southampton,Patrick Ciurria — Monza,Conor Chaplin — Ipswich Town,Jhon Solis — Girona,Oier Zarraga — Udinese,Aljoscha Kemlein — Union Berlin
Emile Smith Rowe — Fulham,Félix Lemaréchal — Strasbourg,Hákon Arnar Haraldsson — Lille,Jurgen Ekkelenkamp — Udinese,Nikola Vlašić — Torino,Conor Gallagher — Atlético Madrid
Simon Sohm — Parma,Djibril Sow — Sevilla,Iván Martín — Girona,Gianluca Busio — Venezia,Benjamin Bouchouari — Saint-Étienne,Manu Koné — Roma
Alex Sola — Getafe,Mattia Felici — Cagliari,Coba da Costa — Getafe,Yann Karamoh — Torino,Merlin Röhl — Freiburg,Junior Messias — Genoa
Ola Solbakken — Empoli,Hong Hyunseok — Mainz 05,Carles Aleñá — Getafe,Lucas Tousart — Union Berlin,Samuele Vignato — Monza,Antoine Bernede — Hellas Verona
Carlos Soler — West Ham,Pablo Ibáñez — Osasuna,Leonardo Bittencourt — Werder Bremen,Philipp Sander — Gladbach,Karol Linetty — Torino,Kike Pérez — Valladolid
Jhon Solis — Girona,Oier Zarraga — Udinese,Hwang Hee-chan — Wolves,William Smallbone — Southampton,Lewis Miley — Newcastle Utd,Antoine Bernede — Hellas Verona
Hugo Sotelo — Celta Vigo,Billy Gilmour — Napoli,Jordan James — Rennes,Damián Rodríguez — Celta Vigo,Hamza Rafia — Lecce,Manu Morlanes — Mallorca
Tomáš Souček — West Ham,Jan Schöppner — Heidenheim,Jens Stage — Werder Bremen,Bryan Cristante — Roma,Mauro Arambarri — Getafe,Yangel Herrera — Girona
Matìas Soulé — Roma,Phil Foden — Manchester City,Chris Führich — Stuttgart,Hákon Arnar Haraldsson — Lille,Eliesse Ben Seghir — Monaco,Arda Güler — Real Madrid
Boubakary Soumaré — Leicester City,Flynn Downes — Southampton,Yvan Neyou — Leganés,Ylber Ramadani — Lecce,Kristijan Jakić — Augsburg,Benjamin Bouchouari — Saint-Étienne
Djibril Sow — Sevilla,Rodrigo Bentancur — Tottenham,Albert Sambi Lokonga — Sevilla,Jordan Veretout — Lyon,Jurgen Ekkelenkamp — Udinese,Philipp Sander — Gladbach
Anton Stach — Hoffenheim,Martín Zubimendi — Real Sociedad,Jan Schöppner — Heidenheim,Jesper Karlström — Udinese,Maximilian Eggestein — Freiburg,Jefferson Lerma — Crystal Palace
Jens Stage — Werder Bremen,Corentin Tolisso — Lyon,Emile Smith Rowe — Fulham,Tomáš Souček — West Ham,Joelinton — Newcastle Utd,Félix Lemaréchal — Strasbourg
Angelo Stiller — Stuttgart,Granit Xhaka — Leverkusen,Youri Tielemans — Aston Villa,Mattéo Guendouzi — Lazio,Nicolò Rovella — Lazio,Nicolò Barella — Inter
Kevin Stöger — Gladbach,Andreas Pereira — Fulham,Gianluca Caprari — Monza,Răzvan Marin — Cagliari,Giovani Lo Celso — Betis,Sandi Lovrić — Udinese
Denis Suárez — Villarreal,Hong Hyunseok — Mainz 05,Florian Neuhaus — Gladbach,Tommy Doyle — Wolves,Conor Chaplin — Ipswich Town,Óscar Trejo — Rayo Vallecano
Luka Sučić — Real Sociedad,Arthur Atta — Udinese,Kévin Danois — Auxerre,Djibril Sow — Sevilla,Jurgen Ekkelenkamp — Udinese,Roberto Navarro — Mallorca
Ibrahim Sulemana — Atalanta,Lewis Miley — Newcastle Utd,Brenner — Udinese,Jhon Solis — Girona,Fisayo Dele-Bashiru — Lazio,James Mcatee — Manchester City
Tomáš Suslov — Hellas Verona,Yassine Kechta — Le Havre,Rabby Nzingoula — Montpellier,Ilaix Moriba — Celta Vigo,Patrick Wimmer — Wolfsburg,Sandi Lovrić — Udinese
Mattias Svanberg — Wolfsburg,Romain Faivre — Brest,Marshall Munetsi — Wolves,Jeong Woo-yeong — Union Berlin,Carlo Boukhalfa — St. Pauli,Ramón Terrats — Getafe
Dominik Szoboszlai — Liverpool,Julian Brandt — Dortmund,Enzo Millot — Stuttgart,Takumi Minamino — Monaco,Corentin Tolisso — Lyon,Charles De Ketelaere — Atalanta
Adrien Tameze — Torino,Lucas Tousart — Union Berlin,Hong Hyunseok — Mainz 05,Beñat Turrientes — Real Sociedad,Gerard Gumbau — Rayo Vallecano,Iker Losada — Betis
Renato Tapia — Leganés,Kristijan Jakić — Augsburg,Jefferson Lerma — Crystal Palace,Yvan Neyou — Leganés,Lassana Coulibaly — Lecce,Flynn Downes — Southampton
Florian Tardieu — Saint-Étienne,Harry Winks — Leicester City,Faustino Anjorin — Empoli,Milan Badelj — Genoa,José Campaña — Las Palmas,Jurgen Ekkelenkamp — Udinese
Oussama Targhalline — Le Havre,Mathis Amougou — Saint-Étienne,Tom Krauß — Bochum,Matteo Pessina — Monza,José Gragera — Espanyol,Alfred Duncan — Venezia
Jack Taylor — Ipswich Town,Conor Chaplin — Ipswich Town,Tommy Doyle — Wolves,Dennis Geiger — Hoffenheim,Iker Muñoz — Osasuna,Hamzat Ojediran — Lens
Álvaro Tejero — Espanyol,Þórir Jóhann Helgason — Lecce,Patrick Ciurria — Monza,Edu Expósito — Espanyol,Arne Maier — Augsburg,Fabian Rieder — Stuttgart
Nathan Tella — Leverkusen,Shavy Babicka — Toulouse,Badredine Bouanani — Nice,Gonçalo Guedes — Wolves,Amine Gouiri — Rennes,Jeong Woo-yeong — Union Berlin
Ramón Terrats — Getafe,Mattias Svanberg — Wolfsburg,Jeong Woo-yeong — Union Berlin,Carlo Boukhalfa — St. Pauli,Romain Faivre — Brest,Jacopo Fazzini — Empoli
Martin Terrier — Leverkusen,João Félix — Milan,Tajon Buchanan — Villarreal,Lovro Majer — Wolfsburg,Marco Asensio — Aston Villa,Romain Faivre — Brest
Tanner Tessmann — Lyon,Jordan Veretout — Lyon,Djaoui Cissé — Rennes,Orel Mangala — Everton,Amir Richardson — Fiorentina,Ngal'Ayel Mukau — Lille
Teddy Teuma — Reims,Patrick Ciurria — Monza,Alfred Duncan — Venezia,Gerard Gumbau — Rayo Vallecano,Carlos Soler — West Ham,Conor Chaplin — Ipswich Town
Adrien Thomasson — Lens,Enzo Fernández — Chelsea,Santi Comesaña — Villarreal,Hicham Boudaoui — Nice,Corentin Tolisso — Lyon,Elliot Anderson — Nott'ham Forest
Morten Thorsby — Genoa,Jon Guridi — Alavés,Jackson Irvine — St. Pauli,Christoph Baumgartner — RB Leipzig,Marshall Munetsi — Reims,Pape Matar Sarr — Tottenham
Khéphren Thuram — Juventus,Youssouf Fofana — Milan,Bryan Cristante — Roma,Sandro Tonali — Newcastle Utd,Manu Koné — Roma,Pape Matar Sarr — Tottenham
Youri Tielemans — Aston Villa,Enzo Fernández — Chelsea,Declan Rice — Arsenal,Angelo Stiller — Stuttgart,Lewis Cook — Bournemouth,Cristian Cásseres Jr. — Toulouse
Umut Tohumcu — Hoffenheim,Kacper Urbanski — Monza,Samuele Vignato — Monza,Mahamadou Diawara — Le Havre,Julián Chicco — Leganés,Mathis Amougou — Saint-Étienne
Corentin Tolisso — Lyon,Adrien Rabiot — Marseille,Jens Stage — Werder Bremen,Santi Comesaña — Villarreal,Joelinton — Newcastle Utd,Sandro Tonali — Newcastle Utd
Sandro Tonali — Newcastle Utd,Hicham Boudaoui — Nice,Ryan Christie — Bournemouth,Hugo Larsson — Eint Frankfurt,Khéphren Thuram — Juventus,Manu Koné — Roma
Pablo Torre — Barcelona,Jonas Hofmann — Leverkusen,Amine Harit — Marseille,Mahmoud Dahoud — Eint Frankfurt,Ibrahim Sulemana — Atalanta,Brenner — Udinese
Lucas Torró — Osasuna,Pathé Ciss — Rayo Vallecano,Maximilian Eggestein — Freiburg,Jackson Irvine — St. Pauli,Jan Schöppner — Heidenheim,Rani Khedira — Union Berlin
Abdoulaye Touré — Le Havre,Mauro Arambarri — Getafe,Hernani — Parma,Vincent Sierro — Toulouse,Neil El Aynaoui — Lens,Lucas Paquetá — West Ham
Birama Touré — Montpellier,Nicolas Haas — Empoli,José Gragera — Espanyol,William Carvalho — Betis,Michel Aebischer — Bologna,Kacper Urbanski — Monza
Lucas Tousart — Union Berlin,Gerard Gumbau — Rayo Vallecano,Iker Losada — Betis,Justin Devenny — Crystal Palace,Hamzat Ojediran — Lens,Rayan Raveloson — Auxerre
Óscar Trejo — Rayo Vallecano,Denis Suárez — Villarreal,Mohamed Haj — Parma,Adrien Tameze — Torino,Tom Cairney — Fulham,Mahmoud Dahoud — Eint Frankfurt
Philipp Treu — St. Pauli,Manolis Saliakas — St. Pauli,Sergio Carreira — Celta Vigo,Liberato Cacace — Empoli,Weston McKennie — Juventus,Javier Muñoz — Las Palmas
Beñat Turrientes — Real Sociedad,Amir Richardson — Fiorentina,Oliver Skipp — Leicester City,Iker Muñoz — Osasuna,Rayan Raveloson — Auxerre,Nicolò Fagioli — Juventus
Lesley Ugochukwu — Southampton,Jens Cajuste — Ipswich Town,András Schäfer — Union Berlin,Joris Chotard — Montpellier,Joe Aribo — Southampton,Stefan Bajcetic — Las Palmas
Kacper Urbanski — Monza,Mathis Amougou — Saint-Étienne,Samuele Vignato — Monza,Umut Tohumcu — Hoffenheim,José Gragera — Espanyol,Cher Ndour — Fiorentina
Can Uzun — Eint Frankfurt,João Félix — Milan,Romain Faivre — Brest,Harvey Elliott — Liverpool,Martin Terrier — Leverkusen,Marco Brescianini — Atalanta
Óscar Valentín — Rayo Vallecano,Ander Guevara — Alavés,Nicolás Domínguez — Nott'ham Forest,Beñat Prados — Athletic Club,Boubacar Kamara — Aston Villa,Yehor Yarmoliuk — Brentford
Federico Valverde — Real Madrid,Mattéo Guendouzi — Lazio,Marten de Roon — Atalanta,Vitinha — Paris S-G,Éderson — Atalanta,Manuel Locatelli — Juventus
Ruben Vargas — Augsburg,Iker Losada — Betis,Mats Pannewig — Bochum,Remi Oudin — Lecce,Gaetano Castrovilli — Monza,Cher Ndour — Fiorentina
Matías Vecino — Lazio,Ross Barkley — Aston Villa,Marc Roca — Betis,Martin Terrier — Leverkusen,Alessandro Deiola — Cagliari,Seko Fofana — Rennes
Jordan Veretout — Lyon,André Gomes — Lille,Philipp Sander — Gladbach,Tanner Tessmann — Lyon,Karol Linetty — Torino,Danilo Cataldi — Fiorentina
Arthur Vermeeren — RB Leipzig,Yehor Yarmoliuk — Brentford,Lucas Bergvall — Tottenham,Amadou Haidara — RB Leipzig,Yassin Belkhdim — Angers,Manu Morlanes — Mallorca
Yorbe Vertessen — Union Berlin,Ilias Akhomach — Villarreal,Albert Grønbaek — Rennes,Yann Karamoh — Torino,Junior Messias — Genoa,Medon Berisha — Lecce
Mikel Vesga — Athletic Club,Baptiste Santamaria — Nice,Ruben Loftus-Cheek — Milan,Ngal'Ayel Mukau — Lille,Gerard Gumbau — Rayo Vallecano,Billy Gilmour — Napoli
Samuele Vignato — Monza,Iker Losada — Betis,Mohamed Kaba — Lecce,Víctor Meseguer — Valladolid,Kacper Urbanski — Monza,Mathis Amougou — Saint-Étienne
Vitinha — Paris S-G,Warren Zaïre-Emery — Paris S-G,Mateo Kovačić — Manchester City,Mattéo Guendouzi — Lazio,Federico Valverde — Real Madrid,Rodrigo De Paul — Atlético Madrid
Nikola Vlašić — Torino,Jurgen Ekkelenkamp — Udinese,Félix Lemaréchal — Strasbourg,Emile Smith Rowe — Fulham,Adrian Beck — Heidenheim,Paul Wanner — Heidenheim
Aster Vranckx — Wolfsburg,Cher Ndour — Fiorentina,Wataru Endo — Liverpool,Carles Aleñá — Getafe,Salih Özcan — Dortmund,Mohamed Kaba — Lecce
Paul Wanner — Heidenheim,Fabio Miretti — Genoa,Jacopo Fazzini — Empoli,Jurgen Ekkelenkamp — Udinese,Selim Amallah — Valladolid,Elvis Rexhbeçaj — Augsburg
James Ward-Prowse — West Ham,Seko Fofana — Rennes,Kike Pérez — Venezia,Kike Pérez — Valladolid,Alfred Duncan — Venezia,Nicolò Fagioli — Fiorentina
James Ward-Prowse — Nott'ham Forest,Birama Touré — Montpellier,Nicolas Haas — Empoli,Michel Aebischer — Bologna,Hugo Guillamón — Valencia,William Carvalho — Betis
Julian Weigl — Gladbach,Senne Lynen — Werder Bremen,Azor Matusiwa — Rennes,Alessandro Bianco — Monza,Jesper Karlström — Udinese,Renato Tapia — Leganés
Adam Wharton — Crystal Palace,Jordan James — Rennes,Nicolò Fagioli — Fiorentina,Kike Pérez — Venezia,James Garner — Everton,Tom Krauß — Bochum
Joe Willock — Newcastle Utd,Eren Dinkçi — Freiburg,Niccolò Pisilli — Roma,Tommaso Baldanzi — Roma,Yann Karamoh — Torino,Arthur Atta — Udinese
Patrick Wimmer — Wolfsburg,Georginio Rutter — Brighton,Ansgar Knauff — Eint Frankfurt,Christoph Baumgartner — RB Leipzig,Adrian Beck — Heidenheim,Fabio Miretti — Genoa
Harry Winks — Leicester City,Albert Sambi Lokonga — Sevilla,José Campaña — Las Palmas,Máximo Perrone — Como,Manu Morlanes — Mallorca,Hugo Magnetti — Brest
Florian Wirtz — Leverkusen,Dilane Bakwa — Strasbourg,Charles De Ketelaere — Atalanta,Jude Bellingham — Real Madrid,Nicolás Paz — Como,Jamal Musiala — Bayern Munich
Dani de Wit — Bochum,Darko Brašanac — Leganés,Rassoul Ndiaye — Le Havre,Anuar — Valladolid,Carlo Boukhalfa — St. Pauli,Bence Dárdai — Wolfsburg
Jeong Woo-yeong — Union Berlin,Amine Gouiri — Rennes,Mattias Svanberg — Wolfsburg,Carlo Boukhalfa — St. Pauli,Romain Faivre — Brest,Ivan Ilić — Torino
Granit Xhaka — Leverkusen,Mattéo Guendouzi — Lazio,Angelo Stiller — Stuttgart,Marten de Roon — Atalanta,Manuel Locatelli — Juventus,Federico Valverde — Real Madrid
Yehor Yarmoliuk — Brentford,Lucas Bergvall — Tottenham,Beñat Prados — Athletic Club,Arthur Vermeeren — RB Leipzig,Manu Morlanes — Mallorca,Karol Linetty — Torino
Ryan Yates — Nott'ham Forest,Rodrigo Bentancur — Tottenham,Alessandro Deiola — Cagliari,Jean-Eudes Aholou — Angers,Pape Matar Sarr — Tottenham,Beñat Prados — Athletic Club
Warren Zaïre-Emery — Paris S-G,João Neves — Paris S-G,Hugo Larsson — Eint Frankfurt,Khéphren Thuram — Juventus,Aleksandar Pavlovic — Bayern Munich,Pablo Barrios — Atlético Madrid
Denis Zakaria — Monaco,Hugo Larsson — Eint Frankfurt,Khéphren Thuram — Juventus,Valentin Rongier — Marseille,Azor Matusiwa — Rennes,Ellyes Skhiri — Eint Frankfurt
Oier Zarraga — Udinese,Magnus Kofod Andersen — Venezia,Jhon Solis — Girona,Conor Chaplin — Ipswich Town,Bence Dárdai — Wolfsburg,Hamzat Ojediran — Lens
Kevin Zeroli — Monza,Víctor Meseguer — Valladolid,Samuele Vignato — Monza,Iker Losada — Betis,Marius Courcoul — Angers,Mats Pannewig — Bochum
Piotr Zieliński — Inter,Kristjan Asllani — Inter,Lewis Ferguson — Bologna,Mathias Jensen — Brentford,Billy Gilmour — Napoli,Mikel Vesga — Athletic Club
Martín Zubimendi — Real Sociedad,Anton Stach — Hoffenheim,Jesper Karlström — Udinese,Maximilian Eggestein — Freiburg,Enzo Barrenechea — Valencia,Santi Comesaña — Villarreal
Martin Ødegaard — Arsenal,Julian Brandt — Dortmund,Charles De Ketelaere — Atalanta,İlkay Gündoğan — Manchester City,Nicolò Barella — Inter,Chris Führich — Stuttgart
Yunis Abdelhamid — Saint-Étienne,Yoann Salmier — Le Havre,Sergi Gómez — Espanyol,Luca Caldirola — Monza,Mattia De Sciglio — Empoli,Giangiacomo Magnani — Hellas Verona
Mohamed Abdelmoneim — Nice,Ferland Mendy — Real Madrid,Jon Pacheco — Real Sociedad,Anrie Chase — Stuttgart,Lilian Brassier — Marseille,Victor Lindelöf — Manchester Utd
Ali Abdi — Nice,Timothy Weah — Juventus,Gerrit Holtmann — Bochum,Davide Zappacosta — Atalanta,Carlos Augusto — Inter,Lukas Kübler — Freiburg
Abner — Lyon,Timothee Pembele — Le Havre,Emil Holm — Bologna,Sael Kumbedi — Lyon,Ben White — Arsenal,Álex Valle — Como
Abdel Abqar — Alavés,Santiago Mouriño — Alavés,Benedikt Gimber — Heidenheim,Jarrad Branthwaite — Everton,Adam Masina — Torino,Jean-Charles Castelletto — Nantes
Francesco Acerbi — Inter,Aïssa Mandi — Lille,Benjamin Pavard — Inter,Ben Davies — Tottenham,Hans Hateboer — Rennes,Aritz Elustondo — Real Sociedad
Tosin Adarabioyo — Chelsea,Éder Militão — Real Madrid,Micky van de Ven — Tottenham,Eric Dier — Bayern Munich,Marvin Friedrich — Gladbach,Stefan de Vrij — Inter
Emmanuel Agbadou — Wolves,Emmanuel Agbadou — Reims,Fali Candé — Venezia,Gabriel Osho — Auxerre,Éder Militão — Real Madrid,David Zec — Holstein Kiel
Emmanuel Agbadou — Reims,Emmanuel Agbadou — Wolves,Kevin Danso — Lens,Mory Gbane — Reims,Éder Militão — Real Madrid,Amos Pieper — Werder Bremen
Felix Agu — Werder Bremen,Valentin Gendrey — Hoffenheim,Derrick Köhn — Werder Bremen,Josha Vagnoman — Stuttgart,Gabriel Gudmundsson — Lille,Antoine Hainaut — Parma
Nayef Aguerd — Real Sociedad,Jarrad Branthwaite — Everton,Juan Foyth — Villarreal,Matthijs de Ligt — Manchester Utd,Harry Maguire — Manchester Utd,Emmanuel Agbadou — Reims
Ruben Aguilar — Lens,Aitor Ruibal — Betis,Ridle Baku — RB Leipzig,Abner — Lyon,Ridgeciano Haps — Venezia,Ismaily — Lille
Honest Ahanor — Genoa,Robert Gumny — Augsburg,Alessandro Marcandalli — Venezia,Maximilian Bauer — Augsburg,Yerson Mosquera — Wolves,Brooke Norton-Cuffy — Genoa
Joseph Aidoo — Valladolid,Arvid Brorsson — Monza,Charlie Taylor — Southampton,Tomás Palacios — Monza,Luca Caldirola — Monza,Nathan Aké — Manchester City
Ola Aina — Nott'ham Forest,Omar Traoré — Heidenheim,Vitaliy Mykolenko — Everton,Valentino Livramento — Newcastle Utd,Gideon Mensah — Auxerre,Adrià Pedrosa — Sevilla
Rayan Aït-Nouri — Wolves,Andrei Ratiu — Rayo Vallecano,Diego Moreira — Strasbourg,Aaron Wan-Bissaka — West Ham,Aron Dønnum — Toulouse,Lorenz Assignon — Rennes
Kristoffer Ajer — Brentford,Timothee Pembele — Le Havre,Ramon Hendriks — Stuttgart,Timothy Castagne — Fulham,Mads Roerslev — Brentford,Issiaga Sylla — Montpellier
Manuel Akanji — Manchester City,Pau Torres — Aston Villa,Edmond Tapsoba — Leverkusen,Geoffrey Kondogbia — Marseille,Aïssa Mandi — Lille,Rúben Dias — Manchester City
Ümit Akdag — Toulouse,Jorge Cuenca — Fulham,Tomás Palacios — Monza,Giorgio Scalvini — Atalanta,Harry Amass — Manchester Utd,Flavius Daniliuc — Hellas Verona
Nathan Aké — Manchester City,Diego Carlos — Aston Villa,Eric Bailly — Villarreal,Axel Disasi — Aston Villa,Nikola Maksimović — Montpellier,Jon Pacheco — Real Sociedad
Sergio Akieme — Reims,Javi Hernández — Leganés,Pedro Pereira — Monza,Adrià Pedrosa — Sevilla,Joakim Mæhle — Wolfsburg,Kingsley Ehizibue — Udinese
Clément Akpa — Auxerre,Konstantinos Koulierakis — Wolfsburg,Andrea Carboni — Monza,Saba Goglichidze — Empoli,Jarrad Branthwaite — Everton,Arthur Chaves — Hoffenheim
Kevin Akpoguma — Hoffenheim,Anthony Jung — Werder Bremen,Andrea Carboni — Monza,Benedikt Gimber — Heidenheim,Léo Pétrot — Saint-Étienne,Mika Mármol — Las Palmas
David Alaba — Real Madrid,Javier Manquillo — Celta Vigo,Danilo — Juventus,Federico Barba — Como,Rafael Tolói — Atalanta,Mario Hermoso — Leverkusen
Raúl Albiol — Villarreal,Juan Jesus — Napoli,Danilo — Juventus,Aridane Hernández — Rayo Vallecano,Axel Witsel — Atlético Madrid,Craig Dawson — Wolves
Omar Alderete — Getafe,Abdel Abqar — Alavés,Murillo — Nott'ham Forest,James Tarkowski — Everton,Danilho Doekhi — Union Berlin,Marc Bartra — Betis
Trent Alexander-Arnold — Liverpool,Pedro Porro — Tottenham,Maximilian Mittelstädt — Stuttgart,Jules Koundé — Barcelona,Achraf Hakimi — Paris S-G,Andrew Robertson — Liverpool
Marcos Alonso — Celta Vigo,Kenny Lala — Brest,Emre Can — Dortmund,Jubal — Auxerre,Przemysław Frankowski — Lens,Jan Paul van Hecke — Brighton
Giorgio Altare — Venezia,Juma Bah — Valladolid,Jean-Kevin Duverne — Nantes,Ricardo Pereira — Leicester City,Cedric Zesiger — Wolfsburg,Flavius Daniliuc — Hellas Verona
Adrià Altimira — Leganés,Javi López — Real Sociedad,Moussa Diarra — Alavés,Ignace Van Der Brempt — Como,Emerson — Milan,Aurélio Buta — Reims
Yeray Álvarez — Athletic Club,Alessandro Buongiorno — Napoli,Natan — Betis,Emmanuel Agbadou — Wolves,Aïssa Mandi — Lille,Matteo Gabbia — Milan
Harry Amass — Manchester Utd,Axel Disasi — Aston Villa,Hiroki Sekine — Reims,Oliver Scarles — West Ham,Ümit Akdag — Toulouse,Fredrik Oppegard — Auxerre
Jordan Amavi — Brest,Alfonso Espino — Rayo Vallecano,Thierry Correia — Valencia,Kyle Walker — Manchester City,Flavius Daniliuc — Hellas Verona,Yoann Salmier — Le Havre
Kelvin Amian — Nantes,Lucas Oliveira Rosa — Valladolid,Enzo Tchato — Montpellier,Jonas Föhrenbach — Heidenheim,Timothy Castagne — Fulham,Nicolas Cozza — Nantes
Samuel Amo-Ameyaw — Strasbourg,Nicola Zalewski — Inter,Mahamadou Nagida — Rennes,Nico O’Reilly — Manchester City,Amar Dedić — Marseille,Tiago Santos — Lille
Joachim Andersen — Fulham,Loïc Bade — Sevilla,Konstantinos Koulierakis — Wolfsburg,Marc-Oliver Kempf — Como,David López — Girona,Denis Vavro — Wolfsburg
Angeliño — Roma,Marcos Llorente — Atlético Madrid,Gabriele Zappa — Cagliari,Giovanni Di Lorenzo — Napoli,Adrien Truffert — Rennes,Pep Chavarría — Rayo Vallecano
Waldemar Anton — Dortmund,Tuta — Eint Frankfurt,Ibrahima Konaté — Liverpool,Javi Rodríguez — Celta Vigo,Daniel Vivian — Athletic Club,Diego Llorente — Betis
Dennis Appiah — Saint-Étienne,Gideon Mensah — Auxerre,Carlens Arcus — Angers,Mika Mármol — Las Palmas,Léo Pétrot — Saint-Étienne,Dimitri Foulquier — Valencia
Jon Aramburu — Real Sociedad,Kilian Fischer — Wolfsburg,Noussair Mazraoui — Manchester Utd,Omar El Hilali — Espanyol,Valentin Rosier — Leganés,Gideon Mensah — Auxerre
Julian Araujo — Bournemouth,Javier Manquillo — Celta Vigo,Fodé Ballo-Touré — Le Havre,Alessandro Marcandalli — Venezia,Pierre Cornud — Saint-Étienne,Jordy Makengo — Freiburg
Ronald Araújo — Barcelona,Mohammed Salisu — Monaco,Trevoh Chalobah — Chelsea,Éder Militão — Real Madrid,Dani Carvajal — Real Madrid,Joe Gomez — Liverpool
Carlens Arcus — Angers,Aurélio Buta — Reims,Jonas Föhrenbach — Heidenheim,Dimitri Foulquier — Valencia,Javi López — Real Sociedad,Enzo Tchato — Montpellier
Jesús Areso — Osasuna,Giuseppe Pezzella — Empoli,Omar Traoré — Heidenheim,Pablo Maffeo — Mallorca,Dimitris Giannoulis — Augsburg,Pep Chavarría — Rayo Vallecano
Arthur — Leverkusen,Adama Boiro — Athletic Club,Antoine Mendy — Nice,Henri Koudossou — Augsburg,Oliver Scarles — West Ham,Héctor Fort — Barcelona
Raúl Asencio — Real Madrid,Lucas Hernández — Paris S-G,Castello Lukeba — RB Leipzig,Carlos Dominguez — Celta Vigo,Niklas Süle — Dortmund,Odilon Kossounou — Atalanta
Lorenz Assignon — Rennes,Joakim Mæhle — Wolfsburg,Andrea Cambiaso — Juventus,Phillipp Mwene — Mainz 05,Matheus Nunes — Manchester City,Jackson Tchatchoua — Hellas Verona
Tommaso Augello — Cagliari,Valentino Lazaro — Torino,Marius Wolf — Augsburg,Juan Miranda — Bologna,Raoul Bellanova — Atalanta,Pedro Porro — Tottenham
Carlos Augusto — Inter,Eric García — Barcelona,Matteo Darmian — Inter,Timothy Weah — Juventus,Josha Vagnoman — Stuttgart,Adam Marušić — Lazio
Adam Aznou — Valladolid,Thierry Correia — Valencia,Jesus Vazquez — Valencia,Hiroki Sekine — Reims,Théo Sainte-Luce — Montpellier,Luke Thomas — Leicester City
César Azpilicueta — Atlético Madrid,Lorenzo De Silvestri — Bologna,Ricardo Rodríguez — Betis,Axel Witsel — Atlético Madrid,Jakub Kiwior — Arsenal,Hamari Traoré — Real Sociedad
Paulo Azzi — Cagliari,Robert Gumny — Augsburg,Thierry Correia — Valencia,Niels Nkounkou — Eint Frankfurt,David Jurásek — Hoffenheim,Jordan Amavi — Brest
Loïc Bade — Sevilla,Natan — Betis,Guillermo Maripán — Torino,Diego Llorente — Betis,Konstantinos Koulierakis — Wolfsburg,Igor Zubeldia — Real Sociedad
Benoît Badiashile — Chelsea,Aleksandar Sedlar — Alavés,Mohamed Abdelmoneim — Nice,Milan Škriniar — Paris S-G,Emil Krafth — Newcastle Utd,Anrie Chase — Stuttgart
Juma Bah — Valladolid,Juma Bah — Lens,Giorgio Altare — Venezia,Jaydee Canvot — Toulouse,Jon Pacheco — Real Sociedad,Alessandro Circati — Parma
Juma Bah — Lens,Juma Bah — Valladolid,Jaydee Canvot — Toulouse,Abdukodir Khusanov — Lens,Willy Kambwala — Villarreal,Anrie Chase — Stuttgart
Eric Bailly — Villarreal,Nathan Aké — Manchester City,Unai Núñez — Athletic Club,Willy Kambwala — Villarreal,Ümit Akdag — Toulouse,Yoann Salmier — Le Havre
Ridle Baku — RB Leipzig,Ruben Aguilar — Lens,Aitor Ruibal — Betis,Derrick Köhn — Werder Bremen,Jordan Zemura — Udinese,Benjamin Henrichs — RB Leipzig
Alejandro Balde — Barcelona,Alphonso Davies — Bayern Munich,Nuno Mendes — Paris S-G,Andrea Cambiaso — Juventus,Raoul Bellanova — Atalanta,Matheus Nunes — Manchester City
Leonardo Balerdi — Marseille,Edmond Tapsoba — Leverkusen,Mario Gila — Lazio,Aurélien Tchouaméni — Real Madrid,Calvin Bassey — Fulham,Jhon Lucumí — Bologna
Iván Balliu — Rayo Vallecano,Aihen Muñoz — Real Sociedad,Vladimír Coufal — West Ham,Álex Moreno — Nott'ham Forest,Stefan Posch — Bologna,Mërgim Vojvoda — Torino
Fodé Ballo-Touré — Le Havre,Javier Manquillo — Celta Vigo,Hamari Traoré — Real Sociedad,Julian Araujo — Bournemouth,Mads Roerslev — Wolfsburg,Pierre Cornud — Saint-Étienne
Botond Balogh — Parma,Jean-Clair Todibo — West Ham,Marko Ivezić — Holstein Kiel,Alberto Dossena — Como,Nathan Zeze — Nantes,Paweł Dawidowicz — Hellas Verona
Abdoulaye Bamba — Angers,Ben Davies — Tottenham,Marco Komenda — Holstein Kiel,Nathan Aké — Manchester City,Diego Carlos — Aston Villa,Luca Caldirola — Monza
Mattia Bani — Genoa,Issa Diop — Fulham,Moritz Jenz — Mainz 05,Tim Siersleben — Heidenheim,Micky van de Ven — Tottenham,Ben Davies — Tottenham
Noahkai Banks — Augsburg,Jarell Quansah — Liverpool,Filippo Terracciano — Milan,Oliver Scarles — West Ham,Abdukodir Khusanov — Manchester City,Alessandro Marcandalli — Venezia
Federico Barba — Como,Sergi Gómez — Espanyol,Carl Johansson — Holstein Kiel,Ricardo Pereira — Leicester City,Maximilian Bauer — Augsburg,Cenk Özkacar — Valladolid
Valentín Barco — Sevilla,Nikolas Veratschnig — Mainz 05,Niels Nkounkou — Eint Frankfurt,Kosta Nedeljković — RB Leipzig,Fredrik Oppegard — Auxerre,Danilo Veiga — Lecce
Melvin Bard — Nice,Vanderson — Monaco,Ki-Jana Hoever — Auxerre,Julian Ryerson — Dortmund,Djed Spence — Tottenham,Adrià Pedrosa — Sevilla
Marc Bartra — Betis,Guillermo Maripán — Torino,Diego Llorente — Betis,Denis Vavro — Wolfsburg,Abdul Mumin — Rayo Vallecano,Matt Doherty — Wolves
Federico Baschirotto — Lecce,Gautier Lloris — Le Havre,César Tárrega — Valencia,Ko Itakura — Gladbach,Loïc Bade — Sevilla,Jay Idzes — Venezia
Calvin Bassey — Fulham,Jhon Lucumí — Bologna,Mario Gila — Lazio,Hauke Wahl — St. Pauli,Levi Colwill — Chelsea,Loïc Bade — Sevilla
Alessandro Bastoni — Inter,Nico Schlotterbeck — Dortmund,Ramy Bensebaini — Dortmund,Facundo Medina — Lens,Jan Paul van Hecke — Brighton,Marcos Llorente — Atlético Madrid
Dylan Batubinsika — Saint-Étienne,Etienne Youte Kinkoue — Le Havre,Alberto Dossena — Como,Jakov Medić — Bochum,Scott McKenna — Las Palmas,Joseph Okumu — Reims
Maximilian Bauer — Augsburg,Lamare Bogarde — Aston Villa,Carl Johansson — Holstein Kiel,Federico Barba — Como,Alessandro Vogliacco — Parma,Sergi Gómez — Espanyol
Timo Becker — Holstein Kiel,Tim Oermann — Bochum,Jonas Föhrenbach — Heidenheim,Dimitri Foulquier — Valencia,Konstantinos Koulierakis — Wolfsburg,Léo Pétrot — Saint-Étienne
Jan Bednarek — Southampton,Wout Faes — Leicester City,Marash Kumbulla — Espanyol,Gautier Lloris — Le Havre,Jacob Greaves — Ipswich Town,Carl Starfelt — Celta Vigo
Stefan Bell — Mainz 05,Mattia Bani — Genoa,Tyrone Mings — Aston Villa,Harry Maguire — Manchester Utd,Julien Le Cardinal — Brest,Moritz Jenz — Mainz 05
Armel Bella Kotchap — Southampton,Lucas Mincarelli — Montpellier,Joseph Aidoo — Valladolid,Stefan Lekovic — Monza,Yerson Mosquera — Wolves,Saidou Sow — Strasbourg
Raoul Bellanova — Atalanta,Valentino Lazaro — Torino,Quentin Merlin — Marseille,Lucas Vázquez — Real Madrid,Matheus Nunes — Manchester City,Miguel Gutiérrez — Girona
Héctor Bellerín — Betis,Alfonso Pedraza — Villarreal,Mads Roerslev — Brentford,Kassoum Ouattara — Monaco,Lamare Bogarde — Aston Villa,Trevoh Chalobah — Chelsea
Ramy Bensebaini — Dortmund,Djibril Sidibé — Toulouse,Lucas Vázquez — Real Madrid,Eric García — Barcelona,Mathías Olivera — Napoli,Óscar de Marcos — Athletic Club
Lucas Beraldo — Paris S-G,Dayot Upamecano — Bayern Munich,Ibrahima Konaté — Liverpool,Marquinhos — Paris S-G,Willian Pacho — Paris S-G,Pau Cubarsí — Barcelona
Yuri Berchiche — Athletic Club,Hans Hateboer — Rennes,Dimitri Foulquier — Valencia,Pep Chavarría — Rayo Vallecano,Alberto Moreno — Como,Kiko Femenía — Villarreal
Bernardo — Bochum,Jonathan Gradit — Lens,Arthur Chaves — Hoffenheim,Jean-Clair Todibo — West Ham,Andrea Carboni — Monza,Moritz Jenz — Mainz 05
Maxime Bernauer — Saint-Étienne,Juan Berrocal — Getafe,Andrew Omobamidele — Strasbourg,Axel Disasi — Aston Villa,Anrie Chase — Stuttgart,Nicolás Valentini — Hellas Verona
Juan Berrocal — Getafe,Marcão — Sevilla,Maxime Bernauer — Saint-Étienne,Jon Pacheco — Real Sociedad,Andrew Omobamidele — Strasbourg,Facundo Garcés — Alavés
Sam Beukema — Bologna,Aurélien Tchouaméni — Real Madrid,Mario Gila — Lazio,Edmond Tapsoba — Leverkusen,Illia Zabarnyi — Bournemouth,Jan Paul van Hecke — Brighton
Jaka Bijol — Udinese,César Tárrega — Valencia,Marc-Oliver Kempf — Como,Edoardo Goldaniga — Como,Saúl Coco — Torino,Antonio Raillo — Mallorca
Cristiano Biraghi — Torino,Josip Juranović — Union Berlin,Yanis Zouaoui — Le Havre,Ryan Manning — Southampton,Christopher Operi — Le Havre,Aaron Cresswell — West Ham
Cristiano Biraghi — Fiorentina,Jhoanner Chávez — Lens,Federico Barba — Como,Facundo Garcés — Alavés,Lorenzo De Silvestri — Bologna,Reece James — Chelsea
Samuele Birindelli — Monza,Valentin Gendrey — Hoffenheim,Théo Sainte-Luce — Montpellier,Derrick Köhn — Werder Bremen,Issiaga Sylla — Montpellier,Ridle Baku — RB Leipzig
Emmanuel Biumla — Angers,Saidou Sow — Nantes,Gabriel Osho — Auxerre,Juma Bah — Valladolid,Caleb Okoli — Leicester City,Saidou Sow — Strasbourg
Daley Blind — Girona,Jan Paul van Hecke — Brighton,Mario Gila — Lazio,Sam Beukema — Bologna,David López — Girona,Philipp Lienhart — Freiburg
Sacha Boey — Bayern Munich,Conor Bradley — Liverpool,Héctor Fort — Barcelona,Arthur — Leverkusen,Rafik Messali — Toulouse,Sael Kumbedi — Lyon
Lamare Bogarde — Aston Villa,Maximilian Bauer — Augsburg,Alan Matturro — Genoa,Brooke Norton-Cuffy — Genoa,Cedric Zesiger — Wolfsburg,Flavius Daniliuc — Hellas Verona
Adama Boiro — Athletic Club,Antoine Mendy — Nice,Arthur — Leverkusen,Jesus Vazquez — Valencia,Álex Valle — Como,Oliver Scarles — West Ham
Moïse Bombito — Nice,Niklas Stark — Werder Bremen,José María Giménez — Atlético Madrid,Igor Zubeldia — Real Sociedad,Mamadou Sarr — Strasbourg,Jarrad Branthwaite — Everton
Sebastiaan Bornauw — Wolfsburg,Mouctar Diakhaby — Valencia,Alessandro Vogliacco — Genoa,Erhan Mašović — Bochum,Saidou Sow — Nantes,Julián Malatini — Werder Bremen
Sven Botman — Newcastle Utd,Trevoh Chalobah — Chelsea,Ivan Smolčić — Como,Joe Gomez — Liverpool,Devyne Rensch — Roma,Alberto costa — Juventus
Enzo Boyomo — Osasuna,Tuta — Eint Frankfurt,Mark McKenzie — Toulouse,Arthur Chaves — Hoffenheim,Javi Rodríguez — Celta Vigo,Marash Kumbulla — Espanyol
Enzo Boyomo — Valladolid,Nikola Maksimović — Montpellier,Yoel Lago — Celta Vigo,Juma Bah — Lens,Nathan Aké — Manchester City,Juma Bah — Valladolid
Domagoj Bradarić — Hellas Verona,Valentin Gendrey — Hoffenheim,Yukinari Sugawara — Southampton,Enzo Tchato — Montpellier,Kelvin Amian — Nantes,Jonas Föhrenbach — Heidenheim
Conor Bradley — Liverpool,Waren Kamanzi — Toulouse,Sacha Boey — Bayern Munich,Alfonso Pedraza — Villarreal,Antoine Mendy — Nice,Amar Dedić — Marseille
Jarrad Branthwaite — Everton,Konstantinos Koulierakis — Wolfsburg,David Nemeth — St. Pauli,Mamadou Sarr — Strasbourg,Jonathan Gradit — Lens,Moritz Jenz — Mainz 05
Lilian Brassier — Marseille,Jon Pacheco — Real Sociedad,Anrie Chase — Stuttgart,Mohamed Abdelmoneim — Nice,Lloyd Kelly — Juventus,Issa Diop — Fulham
Lilian Brassier — Rennes,Éder Militão — Real Madrid,Anthony Rouault — Stuttgart,Kevin Danso — Lens,Emmanuel Agbadou — Wolves,Trevoh Chalobah — Chelsea
James Bree — Southampton,Flavius Daniliuc — Hellas Verona,Hiroki Sekine — Reims,Luke Thomas — Leicester City,Antonio Candela — Valladolid,Mateu Morey — Mallorca
Arvid Brorsson — Monza,Charlie Taylor — Southampton,Jorge Cuenca — Fulham,Joseph Aidoo — Valladolid,Nathan Aké — Manchester City,Juma Bah — Valladolid
Nathaniel Brown — Eint Frankfurt,Lewis Hall — Newcastle Utd,Lucas Vázquez — Real Madrid,Gabriel Suazo — Toulouse,David Raum — RB Leipzig,Ramy Bensebaini — Dortmund
Santiago Bueno — Wolves,Amos Pieper — Werder Bremen,Jean-Clair Todibo — West Ham,Sebastian Walukiewicz — Torino,Issa Diop — Fulham,David Nemeth — St. Pauli
Alessandro Buongiorno — Napoli,Robin Le Normand — Atlético Madrid,Pietro Comuzzo — Fiorentina,Guillermo Maripán — Torino,Benjamin Pavard — Inter,Jonathan Gradit — Lens
Cameron Burgess — Ipswich Town,Mattia Bani — Genoa,Radu Drăgușin — Tottenham,Julien Le Cardinal — Brest,Juan Herzog — Las Palmas,Saidou Sow — Strasbourg
Dan Burn — Newcastle Utd,Jaka Bijol — Udinese,César Tárrega — Valencia,Charlie Cresswell — Toulouse,Berat Djimsiti — Atalanta,Antonio Raillo — Mallorca
Marnon Busch — Heidenheim,Alberto Moreno — Como,Ridgeciano Haps — Venezia,Alfonso Espino — Rayo Vallecano,Borna Sosa — Torino,Mërgim Vojvoda — Torino
Aurélio Buta — Reims,Carlens Arcus — Angers,Joël Veltman — Brighton,Timothy Castagne — Fulham,Youssouf Sabaly — Betis,Emerson — Milan
Leandro Cabrera — Espanyol,Martin Valjent — Mallorca,Marc Bartra — Betis,Marash Kumbulla — Espanyol,Kike Salas — Sevilla,Denis Vavro — Wolfsburg
Anthony Caci — Mainz 05,Miguel Gutiérrez — Girona,Sergi Cardona — Villarreal,Adrien Truffert — Rennes,Phillipp Mwene — Mainz 05,Ainsley Maitland-Niles — Lyon
Davide Calabria — Bologna,Stefan Posch — Bologna,Michael Kayode — Brentford,Ángel Ortíz — Betis,Ben White — Arsenal,Henri Koudossou — Augsburg
Davide Calabria — Milan,Jean-Kevin Duverne — Nantes,Iñigo Lekue — Athletic Club,Giorgio Scalvini — Atalanta,Rafael Tolói — Atalanta,Axel Disasi — Aston Villa
Riccardo Calafiori — Arsenal,Abner — Lyon,Éder Militão — Real Madrid,Nicolò Savona — Juventus,Kiliann Sildillia — Freiburg,Fabiano Parisi — Fiorentina
Luca Caldirola — Monza,Ricardo Pereira — Leicester City,Yoann Salmier — Le Havre,Nathan Aké — Manchester City,Kevin Danso — Tottenham,Jannik Vestergaard — Leicester City
Fernando Calero — Espanyol,Maxim Leitsch — Mainz 05,Fabio Chiarodia — Gladbach,José Luis Palomino — Cagliari,Caleb Okoli — Leicester City,Lucas Martínez Quarta — Fiorentina
Duje Ćaleta-Car — Lyon,Robin Le Normand — Atlético Madrid,Juan Foyth — Villarreal,Anthony Rouault — Stuttgart,Thomas Kristensen — Udinese,Moritz Jenz — Mainz 05
Andrea Cambiaso — Juventus,Lucas Vázquez — Real Madrid,Matheus Nunes — Manchester City,Jurriën Timber — Arsenal,Julian Ryerson — Dortmund,Konrad Laimer — Bayern Munich
Emre Can — Dortmund,Przemysław Frankowski — Lens,Pierre Kalulu — Juventus,Geoffrey Kondogbia — Marseille,Kevin Vogt — Union Berlin,Carl Starfelt — Celta Vigo
Fali Candé — Venezia,Emmanuel Agbadou — Wolves,Thomas Kristensen — Udinese,David Zec — Holstein Kiel,Mattia Bani — Genoa,Emmanuel Biumla — Angers
Antonio Candela — Venezia,Luke Thomas — Leicester City,Borna Sosa — Torino,Giorgio Altare — Venezia,Mateu Morey — Mallorca,Jordan Amavi — Brest
Antonio Candela — Valladolid,Pierre Cornud — Saint-Étienne,Hiroki Sekine — Reims,Yvann Macon — Saint-Étienne,James Bree — Southampton,Lucas Mincarelli — Montpellier
Jaydee Canvot — Toulouse,Flavius Daniliuc — Hellas Verona,Finn Jeltsch — Stuttgart,Antoine Mendy — Nice,Anrie Chase — Stuttgart,Ramon Hendriks — Stuttgart
Andrea Carboni — Monza,Jean-Clair Todibo — West Ham,David Nemeth — St. Pauli,Arthur Chaves — Hoffenheim,Tim Oermann — Bochum,Saba Goglichidze — Empoli
Sergi Cardona — Villarreal,Tyrick Mitchell — Crystal Palace,Maximilian Mittelstädt — Stuttgart,Vanderson — Monaco,Lucas Vázquez — Real Madrid,Neco Williams — Nott'ham Forest
Diego Carlos — Aston Villa,Nathan Aké — Manchester City,Kevin Danso — Tottenham,Saidou Sow — Strasbourg,Unai Núñez — Athletic Club,Aridane Hernández — Rayo Vallecano
Dani Carvajal — Real Madrid,Patric — Lazio,Ronald Araújo — Barcelona,Leonidas Stergiou — Stuttgart,Lucas Martínez Quarta — Fiorentina,Nordi Mukiele — Leverkusen
Nicolò Casale — Bologna,Marvin Friedrich — Gladbach,Issa Diop — Fulham,Diego Carlos — Aston Villa,Nathan Aké — Manchester City,Unai Núñez — Athletic Club
Matty Cash — Aston Villa,Aurélio Buta — Reims,Timothy Castagne — Fulham,Zeki Çelik — Roma,Josha Vagnoman — Stuttgart,Joël Veltman — Brighton
Timothy Castagne — Fulham,Hans Hateboer — Rennes,Kristoffer Ajer — Brentford,Aurélio Buta — Reims,Youssouf Sabaly — Betis,Emerson — Milan
Jean-Charles Castelletto — Nantes,Etienne Youte Kinkoue — Le Havre,Scott McKenna — Las Palmas,Matthijs de Ligt — Manchester Utd,Alberto Dossena — Como,Christopher Wooh — Rennes
Zeki Çelik — Roma,Kenny Tete — Fulham,Timothy Castagne — Fulham,Matty Cash — Aston Villa,Mika Mármol — Las Palmas,Hans Hateboer — Rennes
El Chadaille Bitshiabu — RB Leipzig,Luca Marianucci — Empoli,Carlos Dominguez — Celta Vigo,Jaydee Canvot — Toulouse,Nathan Zeze — Nantes,Tim Siersleben — Heidenheim
Trevoh Chalobah — Crystal Palace,Arouna Sangante — Le Havre,Saidou Sow — Nantes,Jake O'Brien — Everton,David Zec — Holstein Kiel,Kiliann Sildillia — Freiburg
Trevoh Chalobah — Chelsea,Micky van de Ven — Tottenham,Anthony Rouault — Rennes,Sven Botman — Newcastle Utd,Jérémy Jacquet — Rennes,Jaydee Canvot — Toulouse
Brendan Chardonnet — Brest,Diego Llorente — Betis,Saúl Coco — Torino,Marash Kumbulla — Espanyol,Matt Doherty — Wolves,Nico Elvedi — Gladbach
Anrie Chase — Stuttgart,Jaydee Canvot — Toulouse,Finn Jeltsch — Stuttgart,Abdukodir Khusanov — Manchester City,Axel Disasi — Aston Villa,Lilian Brassier — Marseille
Pep Chavarría — Rayo Vallecano,Dimitri Foulquier — Valencia,Kingsley Ehizibue — Udinese,Adrià Pedrosa — Sevilla,Fran Garcia — Real Madrid,Mika Mármol — Las Palmas
Arthur Chaves — Hoffenheim,Andrea Carboni — Monza,Bernardo — Bochum,Mattia Viti — Empoli,Modibo Sagnan — Montpellier,Saba Goglichidze — Empoli
Jhoanner Chávez — Lens,Kiliann Sildillia — Freiburg,Alan Matturro — Genoa,Fredrik Oppegard — Auxerre,Ivan Smolčić — Como,Kassoum Ouattara — Monaco
Fabio Chiarodia — Gladbach,Julián Malatini — Werder Bremen,Maxim Leitsch — Mainz 05,Fernando Calero — Espanyol,Lucas Martínez Quarta — Fiorentina,Mouctar Diakhaby — Valencia
Alessandro Circati — Parma,Yerson Mosquera — Wolves,Facundo Garcés — Alavés,Juma Bah — Valladolid,Rasmus Nicolaisen — Toulouse,Unai Núñez — Athletic Club
Harry Clarke — Ipswich Town,Carl Johansson — Holstein Kiel,Maximilian Bauer — Augsburg,Alan Matturro — Genoa,Juma Bah — Valladolid,Ricardo Pereira — Leicester City
Jonathan Clauss — Nice,Juan Miranda — Bologna,Aarón Martín — Genoa,David Raum — RB Leipzig,Pedro Porro — Tottenham,Federico Dimarco — Inter
Nathaniel Clyne — Crystal Palace,Mihailo Ristić — Celta Vigo,Emil Krafth — Newcastle Utd,Alessio Iovine — Como,Andrés García — Aston Villa,Iñigo Lekue — Athletic Club
Conor Coady — Leicester City,Jakov Medić — Bochum,Caleb Okoli — Leicester City,Gaby Jean — Lecce,Jack Stephens — Southampton,Emmanuel Biumla — Angers
Marcus Coco — Nantes,Stefan Posch — Bologna,Vladimír Coufal — West Ham,Alfonso Espino — Rayo Vallecano,Aihen Muñoz — Real Sociedad,Henri Koudossou — Augsburg
Saúl Coco — Torino,Marash Kumbulla — Espanyol,César Tárrega — Valencia,Diego Llorente — Betis,Brendan Chardonnet — Brest,Tuta — Eint Frankfurt
Nathan Collins — Brentford,Matthias Ginter — Freiburg,Johan Vásquez — Genoa,Levi Colwill — Chelsea,Sepp van den Berg — Brentford,Patrick Mainka — Heidenheim
Nnamdi Collins — Eint Frankfurt,Castello Lukeba — RB Leipzig,Nicolò Savona — Juventus,Ramon Hendriks — Stuttgart,Abner — Lyon,Antoine Hainaut — Parma
Levi Colwill — Chelsea,Gianluca Mancini — Roma,Calvin Bassey — Fulham,Mario Gila — Lazio,Aurélien Tchouaméni — Real Madrid,Jan Paul van Hecke — Brighton
Eray Cömert — Valladolid,Becir Omeragic — Montpellier,Marko Ivezić — Holstein Kiel,Amos Pieper — Werder Bremen,Ben Davies — Tottenham,Jakov Medić — Bochum
Pietro Comuzzo — Fiorentina,Alessandro Buongiorno — Napoli,Natan — Betis,Jean-Clair Todibo — West Ham,Lukas Klostermann — RB Leipzig,Santiago Bueno — Wolves
Diego Coppola — Hellas Verona,Arthur Chaves — Hoffenheim,Marash Kumbulla — Espanyol,Saúl Coco — Torino,Guillermo Maripán — Torino,Enzo Boyomo — Osasuna
Derek Cornelius — Marseille,Marin Pongračić — Fiorentina,Lautaro Valenti — Parma,Cedric Zesiger — Augsburg,Niklas Stark — Werder Bremen,Benjamin Pavard — Inter
Pierre Cornud — Saint-Étienne,Antonio Candela — Valladolid,Julian Araujo — Bournemouth,Falaye Sacko — Montpellier,Fodé Ballo-Touré — Le Havre,Jon Pacheco — Real Sociedad
Thierry Correia — Valencia,Yvann Macon — Saint-Étienne,Brooke Norton-Cuffy — Genoa,Théo Sainte-Luce — Montpellier,Jesus Vazquez — Valencia,Alidu Seidu — Rennes
Alberto costa — Juventus,Rafik Messali — Toulouse,Antoine Mendy — Nice,Michael Kayode — Brentford,Oleksandr Zinchenko — Arsenal,Sven Botman — Newcastle Utd
Danny da Costa — Mainz 05,Jonathan Gradit — Lens,David Nemeth — St. Pauli,Hans Hateboer — Rennes,Tim Oermann — Bochum,Carlens Arcus — Angers
Logan Costa — Villarreal,Mark McKenzie — Toulouse,Matteo Gabbia — Milan,Pietro Comuzzo — Fiorentina,Diego Llorente — Betis,Marc Bartra — Betis
Vladimír Coufal — West Ham,Alfonso Espino — Rayo Vallecano,Aihen Muñoz — Real Sociedad,Kristoffer Ajer — Brentford,Mërgim Vojvoda — Torino,Stefan Posch — Bologna
Soumaïla Coulibaly — Brest,Mads Roerslev — Wolfsburg,Anrie Chase — Stuttgart,Milan Škriniar — Paris S-G,Alberto costa — Juventus,Ivan Smolčić — Como
Woyo Coulibaly — Parma,Hiroki Sekine — Reims,Mërgim Vojvoda — Torino,Alidu Seidu — Rennes,Jaydee Canvot — Toulouse,Marcus Coco — Nantes
Yan Couto — Dortmund,Abner — Lyon,Álex Valle — Como,Jesus Vazquez — Valencia,Marcus Pedersen — Torino,Sael Kumbedi — Lyon
Nicolas Cozza — Nantes,Kelvin Amian — Nantes,Jonas Föhrenbach — Heidenheim,Timothy Castagne — Fulham,Lucas Oliveira Rosa — Valladolid,Santiago Mouriño — Alavés
Aaron Cresswell — West Ham,Kyle Walker — Milan,Iñigo Lekue — Athletic Club,Hamari Traoré — Real Sociedad,Juanpe — Girona,Mërgim Vojvoda — Torino
Charlie Cresswell — Toulouse,Matthijs de Ligt — Manchester Utd,Marash Kumbulla — Espanyol,Matthias Ginter — Freiburg,Ko Itakura — Gladbach,Kike Salas — Sevilla
Juan Cuadrado — Atalanta,Aitor Ruibal — Betis,Conor Bradley — Liverpool,Jakub Kamiński — Wolfsburg,Leonardo Spinazzola — Napoli,Ismaily — Lille
Pau Cubarsí — Barcelona,Lucas Beraldo — Paris S-G,Ibrahima Konaté — Liverpool,Edmond Tapsoba — Leverkusen,Sam Beukema — Bologna,Aurélien Tchouaméni — Real Madrid
Marc Cucurella — Chelsea,Rasmus Kristensen — Eint Frankfurt,Javi Rodríguez — Celta Vigo,Melvin Bard — Nice,Jules Koundé — Barcelona,Giovanni Di Lorenzo — Napoli
Jorge Cuenca — Fulham,Arvid Brorsson — Monza,Ümit Akdag — Toulouse,Axel Disasi — Aston Villa,Charlie Taylor — Southampton,Nathan Aké — Manchester City
Danilo D'Ambrosio — Monza,Vladimír Coufal — West Ham,Luca Caldirola — Monza,Alfonso Espino — Rayo Vallecano,Ridgeciano Haps — Venezia,Yunis Abdelhamid — Saint-Étienne
Ameen Al-Dakhil — Stuttgart,Anrie Chase — Stuttgart,Jean-Kevin Duverne — Nantes,Victor Lindelöf — Manchester Utd,Facundo Garcés — Alavés,Willy Kambwala — Villarreal
Diogo Dalot — Manchester Utd,Nélson Semedo — Wolves,Pep Chavarría — Rayo Vallecano,Vanderson — Monaco,Valentin Rosier — Leganés,Arnau Martinez — Girona
Flavius Daniliuc — Hellas Verona,Mateu Morey — Mallorca,Jaydee Canvot — Toulouse,Jon Pacheco — Real Sociedad,James Bree — Southampton,Alejandro Francés — Girona
Danilo — Juventus,Victor Lindelöf — Manchester Utd,Juan Jesus — Napoli,Nathan Aké — Manchester City,Mohamed Abdelmoneim — Nice,Iñigo Lekue — Athletic Club
Kevin Danso — Tottenham,Saidou Sow — Strasbourg,Diego Carlos — Aston Villa,Juma Bah — Valladolid,Mory Gbane — Reims,Renato Veiga — Juventus
Kevin Danso — Lens,Wesley Fofana — Chelsea,Anthony Rouault — Rennes,Pablo Marí — Fiorentina,Niklas Süle — Dortmund,Jérémy Jacquet — Rennes
Dante — Nice,Jonathan Gradit — Lens,Francesco Acerbi — Inter,José María Giménez — Atlético Madrid,Aïssa Mandi — Lille,Guillermo Maripán — Torino
Matteo Darmian — Inter,Carlos Augusto — Inter,Ruben Aguilar — Lens,Adam Marušić — Lazio,Felix Agu — Werder Bremen,Ulisses Garcia — Marseille
Alphonso Davies — Bayern Munich,Konrad Laimer — Bayern Munich,Jurriën Timber — Arsenal,Alejandro Balde — Barcelona,Leonardo Spinazzola — Napoli,Matheus Nunes — Manchester City
Ben Davies — Tottenham,Amos Pieper — Werder Bremen,Jannik Vestergaard — Leicester City,Marco Komenda — Holstein Kiel,Mattia Bani — Genoa,Julien Le Cardinal — Brest
Leif Davis — Ipswich Town,Lucas Digne — Aston Villa,David Raum — RB Leipzig,Maximilian Wittek — Bochum,Lewis Hall — Newcastle Utd,Marius Wolf — Augsburg
Paweł Dawidowicz — Hellas Verona,Jean-Clair Todibo — West Ham,Aritz Elustondo — Real Sociedad,Nathan Zeze — Nantes,Sebastian Walukiewicz — Torino,Amos Pieper — Werder Bremen
Craig Dawson — Wolves,Issa Diop — Fulham,Aridane Hernández — Rayo Vallecano,Rasmus Nicolaisen — Toulouse,Yoann Salmier — Le Havre,Julien Le Cardinal — Brest
Mattia De Sciglio — Empoli,Giangiacomo Magnani — Hellas Verona,Erhan Mašović — Bochum,Flavius Daniliuc — Hellas Verona,Yoann Salmier — Le Havre,Yunis Abdelhamid — Saint-Étienne
Lorenzo De Silvestri — Bologna,César Azpilicueta — Atlético Madrid,Ismaily — Lille,Vladimír Coufal — West Ham,Reinildo Mandava — Atlético Madrid,Iñigo Lekue — Athletic Club
Koni De Winter — Genoa,Matthijs de Ligt — Manchester Utd,Thomas Kristensen — Udinese,Leopold Querfeld — Union Berlin,David Zec — Holstein Kiel,Kike Salas — Sevilla
Amar Dedić — Marseille,Robert Gumny — Augsburg,Kassoum Ouattara — Monaco,Alfonso Pedraza — Villarreal,Conor Bradley — Liverpool,Nicola Zalewski — Inter
Ali Dembélé — Torino,Fabio Chiarodia — Gladbach,Nikolas Veratschnig — Mainz 05,Brooke Norton-Cuffy — Genoa,Adam Dźwigała — St. Pauli,Maxim Leitsch — Mainz 05
Sepp van den Berg — Brentford,Jarrad Branthwaite — Everton,Matthias Ginter — Freiburg,Moritz Jenz — Mainz 05,Federico Gatti — Juventus,Danilho Doekhi — Union Berlin
Giovanni Di Lorenzo — Napoli,Jules Koundé — Barcelona,Angeliño — Roma,Lucas Vázquez — Real Madrid,Marc Cucurella — Chelsea,Arnau Martinez — Girona
Mouctar Diakhaby — Valencia,Sebastiaan Bornauw — Wolfsburg,Lucas Martínez Quarta — Fiorentina,Sven Botman — Newcastle Utd,Éder Militão — Real Madrid,Julián Malatini — Werder Bremen
Bafodé Diakité — Lille,Daniel Vivian — Athletic Club,Jonathan Tah — Leverkusen,Thilo Kehrer — Monaco,Robin Koch — Eint Frankfurt,Levi Colwill — Chelsea
Moussa Diarra — Alavés,Santiago Mouriño — Alavés,Adrià Altimira — Leganés,Javi López — Real Sociedad,Sebastian Walukiewicz — Torino,Aurélio Buta — Reims
Rúben Dias — Manchester City,Edmond Tapsoba — Leverkusen,Manuel Akanji — Manchester City,David López — Girona,Ibrahima Konaté — Liverpool,Mario Gila — Lazio
Krépin Diatta — Monaco,Pasquale Mazzocchi — Napoli,Henri Koudossou — Augsburg,Antoine Mendy — Nice,Morato — Nott'ham Forest,Oliver Scarles — West Ham
Eric Dier — Bayern Munich,Stefan de Vrij — Inter,Tosin Adarabioyo — Chelsea,Matteo Gabbia — Milan,Alessandro Buongiorno — Napoli,Marquinhos — Paris S-G
Lucas Digne — Aston Villa,David Raum — RB Leipzig,Valentino Lazaro — Torino,Lewis Hall — Newcastle Utd,Christian Günter — Freiburg,Gabriel Suazo — Toulouse
Federico Dimarco — Inter,Jonathan Clauss — Nice,Juan Miranda — Bologna,Quentin Merlin — Marseille,Pedro Porro — Tottenham,Miguel Gutiérrez — Girona
Sinaly Diomande — Auxerre,Kike Salas — Sevilla,Leopold Querfeld — Union Berlin,Matt Doherty — Wolves,Abdul Mumin — Rayo Vallecano,Modibo Sagnan — Montpellier
Issa Diop — Fulham,Carlos Dominguez — Celta Vigo,Mattia Bani — Genoa,Aridane Hernández — Rayo Vallecano,Niklas Süle — Dortmund,Marvin Friedrich — Gladbach
Axel Disasi — Aston Villa,Harry Amass — Manchester Utd,Nathan Aké — Manchester City,Anrie Chase — Stuttgart,Jean-Kevin Duverne — Nantes,Jorge Cuenca — Fulham
Axel Disasi — Chelsea,Lucas Martínez Quarta — Fiorentina,Julián Malatini — Werder Bremen,Giovanni Leoni — Parma,Fernando Calero — Espanyol,Jakub Kiwior — Arsenal
Berat Djimsiti — Atalanta,Ibrahima Konaté — Liverpool,Sam Beukema — Bologna,Sebastiano Luperto — Cagliari,Diego Llorente — Betis,Maxence Lacroix — Crystal Palace
Dodô — Fiorentina,Keane Lewis-Potter — Brentford,Alejandro Balde — Barcelona,Dimitris Giannoulis — Augsburg,Andrei Ratiu — Rayo Vallecano,Aron Dønnum — Toulouse
Danilho Doekhi — Union Berlin,Sebastiano Luperto — Cagliari,Maxence Lacroix — Crystal Palace,Patrick Mainka — Heidenheim,Sepp van den Berg — Brentford,Matthias Ginter — Freiburg
Matt Doherty — Wolves,Adam Masina — Torino,Diego Llorente — Betis,Sinaly Diomande — Auxerre,Marc Bartra — Betis,Guillermo Maripán — Torino
Carlos Dominguez — Celta Vigo,Issa Diop — Fulham,Niklas Süle — Dortmund,El Chadaille Bitshiabu — RB Leipzig,Amos Pieper — Werder Bremen,Willy Kambwala — Villarreal
Patrick Dorgu — Manchester Utd,Thierry Correia — Valencia,Álex Valle — Como,Alidu Seidu — Rennes,Ignace Van Der Brempt — Como,Antoine Mendy — Nice
Patrick Dorgu — Lecce,Alessio Zerbin — Venezia,Mikael Ellertsson — Venezia,Tom Rothe — Union Berlin,Sergio Akieme — Reims,Kingsley Ehizibue — Udinese
Alberto Dossena — Como,Julien Le Cardinal — Brest,Malang Sarr — Lens,Christopher Wooh — Rennes,David Nemeth — St. Pauli,Amos Pieper — Werder Bremen
Guela Doué — Strasbourg,Arnau Martinez — Girona,Valentin Rosier — Leganés,Waldemar Anton — Dortmund,Pep Chavarría — Rayo Vallecano,Jon Aramburu — Real Sociedad
Ismaël Doukouré — Strasbourg,Tuta — Eint Frankfurt,Diego Llorente — Betis,Youssouf Ndayishimiye — Nice,Mamadou Sarr — Strasbourg,Enzo Boyomo — Osasuna
Radu Drăgușin — Tottenham,Saidou Sow — Strasbourg,Luke Woolfenden — Ipswich Town,Kevin Danso — Tottenham,Juan Herzog — Las Palmas,Mattia Bani — Genoa
Tim Drexler — Hoffenheim,Lamare Bogarde — Aston Villa,Brooke Norton-Cuffy — Genoa,Robert Gumny — Augsburg,Ricardo Pereira — Leicester City,Alessandro Marcandalli — Venezia
Domingos Duarte — Getafe,Lautaro Valenti — Parma,Gabriel Osho — Auxerre,Andreas Hanche-Olsen — Mainz 05,Keven Schlotterbeck — Augsburg,Joseph Okumu — Reims
Denzel Dumfries — Inter,Ali Abdi — Nice,Alexis Saelemaekers — Roma,Timothy Weah — Juventus,Jeremie Frimpong — Leverkusen,Davide Zappacosta — Atalanta
Lewis Dunk — Brighton,Jonathan Gradit — Lens,David López — Girona,Pau Torres — Aston Villa,Guillermo Maripán — Torino,José María Giménez — Atlético Madrid
Jean-Kevin Duverne — Nantes,Martin Frese — Hellas Verona,Ricardo Pereira — Leicester City,Hamari Traoré — Real Sociedad,Oliver Scarles — West Ham,Giorgio Altare — Venezia
Adam Dźwigała — St. Pauli,Ricardo Pereira — Leicester City,Eric Bailly — Villarreal,Giorgio Scalvini — Atalanta,Jean-Kevin Duverne — Nantes,Lloyd Kelly — Newcastle Utd
Aron Dønnum — Toulouse,Lorenz Assignon — Rennes,Adrien Truffert — Rennes,Diego Moreira — Strasbourg,Keane Lewis-Potter — Brentford,Miguel Gutiérrez — Girona
Kingsley Ehizibue — Udinese,Pep Chavarría — Rayo Vallecano,Carlens Arcus — Angers,Dimitri Foulquier — Valencia,Loïc Nego — Le Havre,Adrià Pedrosa — Sevilla
Jacques Ekomie — Angers,Oliver Scarles — West Ham,Jesus Vazquez — Valencia,Jordy Makengo — Freiburg,Brooke Norton-Cuffy — Genoa,Mateu Morey — Mallorca
Mikael Ellertsson — Venezia,Lasse Rosenboom — Holstein Kiel,Alessio Zerbin — Venezia,Adrià Pedrosa — Sevilla,Javi Hernández — Leganés,Lukas Ullrich — Gladbach
Aritz Elustondo — Real Sociedad,Amos Pieper — Werder Bremen,Paweł Dawidowicz — Hellas Verona,Carlos Dominguez — Celta Vigo,Mattia Bani — Genoa,Ben Davies — Tottenham
Nico Elvedi — Gladbach,Chrislain Matsima — Augsburg,Diego Llorente — Betis,Brendan Chardonnet — Brest,Jarrad Branthwaite — Everton,Matthijs de Ligt — Manchester Utd
Emerson — Milan,Joël Veltman — Brighton,Aurélio Buta — Reims,Álex Valle — Como,Timothy Castagne — Fulham,Hans Hateboer — Rennes
Martin Erlic — Bologna,Giorgio Scalvini — Atalanta,James Hill — Bournemouth,Alberto costa — Juventus,Jean-Kevin Duverne — Nantes,Davide Calabria — Milan
Patrick Erras — Holstein Kiel,Yerson Mosquera — Wolves,Federico Barba — Como,Lucas Mincarelli — Montpellier,Saidou Sow — Nantes,Luke Woolfenden — Ipswich Town
Alfonso Espino — Rayo Vallecano,Álex Moreno — Nott'ham Forest,Aihen Muñoz — Real Sociedad,Ridgeciano Haps — Venezia,Vladimír Coufal — West Ham,Jordan Amavi — Brest
Pervis Estupiñán — Brighton,Phillipp Mwene — Mainz 05,Adrien Truffert — Rennes,Adrià Pedrosa — Sevilla,Thomas Meunier — Lille,Pep Chavarría — Rayo Vallecano
Jonny Evans — Manchester Utd,Rafael Tolói — Atalanta,Joe Gomez — Liverpool,Mats Hummels — Roma,Kyle Walker — Milan,Ricardo Pereira — Leicester City
Wout Faes — Leicester City,Jacob Greaves — Ipswich Town,Hauke Wahl — St. Pauli,Jan Bednarek — Southampton,Chrislain Matsima — Augsburg,Marash Kumbulla — Espanyol
Kiko Femenía — Villarreal,Dimitri Foulquier — Valencia,Carlens Arcus — Angers,Yuri Berchiche — Athletic Club,Danny da Costa — Mainz 05,Clinton Mata — Lyon
Kilian Fischer — Wolfsburg,Carlens Arcus — Angers,Mika Mármol — Las Palmas,Jon Aramburu — Real Sociedad,Dennis Appiah — Saint-Étienne,Adrià Pedrosa — Sevilla
Wesley Fofana — Chelsea,Kevin Danso — Lens,Micky van de Ven — Tottenham,Mohamed Abdelmoneim — Nice,Marcos Senesi — Bournemouth,Jaydee Canvot — Toulouse
Jonas Föhrenbach — Heidenheim,Youssouf Sabaly — Betis,Aurélio Buta — Reims,Enzo Tchato — Montpellier,Timothy Castagne — Fulham,Carlens Arcus — Angers
Héctor Fort — Barcelona,Arthur — Leverkusen,Antoine Mendy — Nice,Adama Boiro — Athletic Club,Pau Navarro — Villarreal,Niels Nkounkou — Eint Frankfurt
Dimitri Foulquier — Valencia,Aurélio Buta — Reims,Carlens Arcus — Angers,Pep Chavarría — Rayo Vallecano,Javi López — Real Sociedad,Jonas Föhrenbach — Heidenheim
Juan Foyth — Villarreal,Moritz Jenz — Mainz 05,Cristian Romero — Tottenham,Kevin Danso — Lens,Robin Le Normand — Atlético Madrid,Duje Ćaleta-Car — Lyon
Alejandro Francés — Girona,Flavius Daniliuc — Hellas Verona,Sebastian Walukiewicz — Torino,Luke Thomas — Leicester City,Álex Valle — Como,Amos Pieper — Werder Bremen
Przemysław Frankowski — Lens,Robert Skov — Union Berlin,Darko Lazović — Hellas Verona,Emre Can — Dortmund,Ruben Aguilar — Lens,Ridle Baku — RB Leipzig
Martin Frese — Hellas Verona,Jean-Kevin Duverne — Nantes,Facundo Garcés — Alavés,Welington — Southampton,Oliver Scarles — West Ham,Ángel Ortíz — Betis
Marco Friedl — Werder Bremen,Niklas Stark — Werder Bremen,Moïse Bombito — Nice,Jaka Bijol — Udinese,Tuta — Eint Frankfurt,Isak Hien — Atalanta
Marvin Friedrich — Gladbach,Ramon Hendriks — Stuttgart,Issa Diop — Fulham,Willy Kambwala — Villarreal,Nathan Aké — Manchester City,Nicolò Casale — Bologna
Jeremie Frimpong — Leverkusen,Lorenz Assignon — Rennes,Luis Henrique — Marseille,Davide Zappacosta — Atalanta,Denzel Dumfries — Inter,Timothy Weah — Juventus
Matteo Gabbia — Milan,Youssouf Ndayishimiye — Nice,Natan — Betis,Carl Starfelt — Celta Vigo,Eric Dier — Bayern Munich,Yeray Álvarez — Athletic Club
Javi Galán — Atlético Madrid,Matty Cash — Aston Villa,Aurélio Buta — Reims,Romain Perraud — Betis,Emerson — Milan,Josha Vagnoman — Stuttgart
Antonino Gallo — Lecce,Adrià Pedrosa — Sevilla,Luis Pérez — Valladolid,Pep Chavarría — Rayo Vallecano,Frederic Guilbert — Lecce,Giuseppe Pezzella — Empoli
Facundo Garcés — Alavés,Martin Frese — Hellas Verona,Alessandro Circati — Parma,Axel Disasi — Aston Villa,Anrie Chase — Stuttgart,Ivan Smolčić — Como
Andrés García — Aston Villa,Kosta Nedeljković — RB Leipzig,Mihailo Ristić — Celta Vigo,Fredrik Oppegard — Auxerre,Oliver Scarles — West Ham,Kassoum Ouattara — Monaco
Eric García — Barcelona,Carlos Augusto — Inter,Eric Dier — Bayern Munich,Ramy Bensebaini — Dortmund,Juan Foyth — Villarreal,Gerard Martín — Barcelona
Fran Garcia — Real Madrid,Malo Gusto — Chelsea,Pep Chavarría — Rayo Vallecano,Mathías Olivera — Napoli,Matteo Ruggeri — Atalanta,Valentino Livramento — Newcastle Utd
Ulisses Garcia — Marseille,Waren Kamanzi — Toulouse,Gerard Martín — Barcelona,Mërgim Vojvoda — Como,Pol Lirola — Marseille,Nico O’Reilly — Manchester City
Yarek Gasiorowski — Valencia,Juan Herzog — Las Palmas,Unai Núñez — Athletic Club,Jon Martin — Real Sociedad,Jon Pacheco — Real Sociedad,Miloš Veljković — Werder Bremen
Federico Gatti — Juventus,Strahinja Pavlović — Milan,Wilfried Singo — Monaco,Matthijs de Ligt — Manchester Utd,Juan Foyth — Villarreal,Robin Le Normand — Atlético Madrid
Mory Gbane — Reims,Jaydee Canvot — Toulouse,Kevin Danso — Tottenham,Juma Bah — Valladolid,Hiroki Sekine — Reims,James Bree — Southampton
Lutsharel Geertruida — RB Leipzig,Thomas Kristensen — Udinese,Anthony Rouault — Stuttgart,Hans Hateboer — Rennes,Nnamdi Collins — Eint Frankfurt,Lukas Klostermann — RB Leipzig
Valentin Gendrey — Hoffenheim,Ridgeciano Haps — Venezia,Josha Vagnoman — Stuttgart,Derrick Köhn — Werder Bremen,Emil Holm — Bologna,Mads Roerslev — Brentford
Max Geschwill — Holstein Kiel,Adam Obert — Cagliari,Antonio Candela — Venezia,Julien Le Cardinal — Brest,Giangiacomo Magnani — Hellas Verona,Timothee Pembele — Le Havre
Daniele Ghilardi — Hellas Verona,Santiago Mouriño — Alavés,Nathan Zeze — Nantes,Marko Ivezić — Holstein Kiel,Adrià Altimira — Leganés,Christopher Wooh — Rennes
Lautaro Gianetti — Udinese,José Luis Palomino — Cagliari,Erhan Mašović — Bochum,Mattia De Sciglio — Empoli,Abakar Sylla — Strasbourg,Michael Keane — Everton
Dimitris Giannoulis — Augsburg,Omar Traoré — Heidenheim,Johan Mojica — Mallorca,Tyrick Mitchell — Crystal Palace,Phillipp Mwene — Mainz 05,Pablo Maffeo — Mallorca
Samuel Gigot — Lazio,Axel Disasi — Chelsea,Lucas Martínez Quarta — Fiorentina,Sebastiaan Bornauw — Wolfsburg,Mouctar Diakhaby — Valencia,Julián Malatini — Werder Bremen
Mario Gila — Lazio,Edmond Tapsoba — Leverkusen,Sam Beukema — Bologna,Calvin Bassey — Fulham,Jhon Lucumí — Bologna,Jan Paul van Hecke — Brighton
Benedikt Gimber — Heidenheim,Arthur Chaves — Hoffenheim,Mattia Viti — Empoli,Andrea Carboni — Monza,Abdel Abqar — Alavés,Armando Izzo — Monza
Matthias Ginter — Freiburg,Sepp van den Berg — Brentford,Sebastiano Luperto — Cagliari,Jarrad Branthwaite — Everton,Marc-Oliver Kempf — Como,Diego Llorente — Betis
Saba Goglichidze — Empoli,Andrea Carboni — Monza,Tim Oermann — Bochum,Arthur Chaves — Hoffenheim,David Nemeth — St. Pauli,Daniele Ghilardi — Hellas Verona
Edoardo Goldaniga — Como,Konstantinos Mavropanos — West Ham,Marc-Oliver Kempf — Como,Harry Maguire — Manchester Utd,Jaka Bijol — Udinese,Wilfried Singo — Monaco
Rodrigo Gomes — Wolves,Antoine Hainaut — Parma,Fabiano Parisi — Fiorentina,Kiliann Sildillia — Freiburg,Rui Modesto — Udinese,Stefan Lainer — Gladbach
Joe Gomez — Liverpool,Sven Botman — Newcastle Utd,Odilon Kossounou — Atalanta,Trevoh Chalobah — Chelsea,Maximilian Bauer — Augsburg,Stefan Posch — Atalanta
Sergi Gómez — Espanyol,Federico Barba — Como,Unai Núñez — Athletic Club,Juanpe — Girona,Carl Johansson — Holstein Kiel,Yoann Salmier — Le Havre
Andoni Gorosabel — Athletic Club,Youssouf Sabaly — Betis,Timothy Castagne — Fulham,Abner — Lyon,Ricardo Rodríguez — Betis,Emerson — Milan
Robin Gosens — Fiorentina,Rasmus Kristensen — Eint Frankfurt,Davide Zappacosta — Atalanta,Lukas Kübler — Freiburg,Joakim Mæhle — Wolfsburg,Romain Perraud — Betis
Jeffrey Gouweleeuw — Augsburg,Sebastiano Luperto — Cagliari,Jordan Lefort — Angers,Hauke Wahl — St. Pauli,Guillermo Maripán — Torino,Clinton Mata — Lyon
Jonathan Gradit — Lens,Guillermo Maripán — Torino,David Nemeth — St. Pauli,Hans Hateboer — Rennes,Danny da Costa — Mainz 05,Bernardo — Bochum
Archie Gray — Tottenham,Gaby Jean — Lecce,Becir Omeragic — Montpellier,El Chadaille Bitshiabu — RB Leipzig,Stanley N'Soki — Hoffenheim,Carlos Dominguez — Celta Vigo
Jacob Greaves — Ipswich Town,David Zec — Holstein Kiel,Wout Faes — Leicester City,David Nemeth — St. Pauli,Ivan Ordets — Bochum,Jakov Medić — Bochum
Gabriel Gudmundsson — Lille,Romain Perraud — Betis,Derrick Köhn — Werder Bremen,Javi López — Real Sociedad,Josha Vagnoman — Stuttgart,Javi Hernández — Leganés
Marc Guéhi — Crystal Palace,Tuta — Eint Frankfurt,César Tárrega — Valencia,Jaka Bijol — Udinese,Mario Gila — Lazio,Diego Llorente — Betis
Raphaël Guerreiro — Bayern Munich,Eric García — Barcelona,Carlos Augusto — Inter,Davide Zappacosta — Atalanta,Timothy Weah — Juventus,Konrad Laimer — Bayern Munich
Frederic Guilbert — Lecce,Carlens Arcus — Angers,Mika Mármol — Las Palmas,Dennis Appiah — Saint-Étienne,Dimitri Foulquier — Valencia,Gideon Mensah — Auxerre
Robert Gumny — Augsburg,Paulo Azzi — Cagliari,Honest Ahanor — Genoa,Fredrik Oppegard — Auxerre,Alessandro Marcandalli — Venezia,Ricardo Pereira — Leicester City
Christian Günter — Freiburg,Sergio Akieme — Reims,Domagoj Bradarić — Hellas Verona,Cristiano Biraghi — Torino,Davide Zappacosta — Atalanta,Adam Marušić — Lazio
Malo Gusto — Chelsea,Fran Garcia — Real Madrid,Josha Vagnoman — Stuttgart,Pep Chavarría — Rayo Vallecano,Zeki Çelik — Roma,Hans Hateboer — Rennes
Miguel Gutiérrez — Girona,Adrien Truffert — Rennes,Phillipp Mwene — Mainz 05,Johan Mojica — Mallorca,Lucas Vázquez — Real Madrid,Giuseppe Pezzella — Empoli
Joško Gvardiol — Manchester City,Jules Koundé — Barcelona,Piero Hincapié — Leverkusen,Marc Cucurella — Chelsea,Giovanni Di Lorenzo — Napoli,Rasmus Kristensen — Eint Frankfurt
Emmanuel Gyasi — Empoli,Kingsley Ehizibue — Udinese,Jackson Tchatchoua — Hellas Verona,Valentin Rosier — Leganés,Javi Hernández — Leganés,Pedro Pereira — Monza
Massadio Haïdara — Brest,Joël Veltman — Brighton,Emerson — Milan,Moussa Diarra — Alavés,Adam Smith — Bournemouth,Ignace Van Der Brempt — Como
Antoine Hainaut — Parma,Fabiano Parisi — Fiorentina,Rodrigo Gomes — Wolves,Kiliann Sildillia — Freiburg,Timothee Pembele — Le Havre,Adam Obert — Cagliari
Achraf Hakimi — Paris S-G,Jules Koundé — Barcelona,Andrea Cambiaso — Juventus,Lucas Vázquez — Real Madrid,Jeremie Frimpong — Leverkusen,Nuno Mendes — Paris S-G
Lewis Hall — Newcastle Utd,Lucas Digne — Aston Villa,Gabriel Suazo — Toulouse,Andrew Robertson — Liverpool,Nathaniel Brown — Eint Frankfurt,Lucas Vázquez — Real Madrid
Andreas Hanche-Olsen — Mainz 05,Jorge Herrando — Osasuna,Keven Schlotterbeck — Augsburg,Marvin Friedrich — Gladbach,Marin Pongračić — Fiorentina,Willy Kambwala — Villarreal
Florent Hanin — Angers,Loïc Nego — Le Havre,Vitaliy Mykolenko — Everton,Gideon Mensah — Auxerre,Stefano Sabelli — Genoa,Dimitri Foulquier — Valencia
Ridgeciano Haps — Venezia,Alfonso Espino — Rayo Vallecano,Timothee Pembele — Le Havre,Issiaga Sylla — Montpellier,Kristoffer Ajer — Brentford,Valentin Gendrey — Hoffenheim
Taylor Harwood-Bellis — Southampton,Wout Faes — Leicester City,Hauke Wahl — St. Pauli,Ladislav Krejčí — Girona,Dara O'Shea — Ipswich Town,Patrick Mainka — Heidenheim
Hans Hateboer — Rennes,Timothy Castagne — Fulham,Emerson — Milan,Aïssa Mandi — Lille,Amos Pieper — Werder Bremen,Benjamin Pavard — Inter
Jan Paul van Hecke — Brighton,Mario Gila — Lazio,Sam Beukema — Bologna,Nico Schlotterbeck — Dortmund,Levi Colwill — Chelsea,Jaka Bijol — Udinese
Ramon Hendriks — Stuttgart,Marvin Friedrich — Gladbach,Jaydee Canvot — Toulouse,Antoine Mendy — Nice,Luca Netz — Gladbach,Leny Yoro — Manchester Utd
Benjamin Henrichs — RB Leipzig,Mads Roerslev — Brentford,Alfonso Espino — Rayo Vallecano,Stefan Posch — Bologna,Ben White — Arsenal,Álex Moreno — Nott'ham Forest
Luis Henrique — Marseille,Jeremie Frimpong — Leverkusen,Achraf Hakimi — Paris S-G,Davide Zappacosta — Atalanta,Nadir Zortea — Cagliari,Lorenz Assignon — Rennes
Mario Hermoso — Leverkusen,Axel Disasi — Aston Villa,Harry Amass — Manchester Utd,Federico Barba — Como,Rasmus Nicolaisen — Toulouse,Rafael Tolói — Atalanta
Javi Hernández — Leganés,Sergio Akieme — Reims,Romain Perraud — Betis,Adrià Pedrosa — Sevilla,Aurélio Buta — Reims,Gabriel Gudmundsson — Lille
Aridane Hernández — Rayo Vallecano,Issa Diop — Fulham,Craig Dawson — Wolves,Mats Hummels — Roma,Diego Carlos — Aston Villa,Yoann Salmier — Le Havre
Lucas Hernández — Paris S-G,Kyle Walker — Milan,Raúl Asencio — Real Madrid,Niklas Süle — Dortmund,Mats Hummels — Roma,Carlos Dominguez — Celta Vigo
Theo Hernández — Milan,Aron Dønnum — Toulouse,Adrien Truffert — Rennes,Andrea Cambiaso — Juventus,Davide Zappacosta — Atalanta,Nuno Mendes — Paris S-G
Jorge Herrando — Osasuna,Jakov Medić — Bochum,Tim Siersleben — Heidenheim,Gabriel Osho — Auxerre,Nicolò Casale — Bologna,Issa Diop — Fulham
Juan Herzog — Las Palmas,Jon Martin — Real Sociedad,Luke Woolfenden — Ipswich Town,Tim Siersleben — Heidenheim,Luca Marianucci — Empoli,Juma Bah — Valladolid
Isak Hien — Atalanta,Robin Le Normand — Atlético Madrid,Mark McKenzie — Toulouse,Mamadou Sarr — Strasbourg,José María Giménez — Atlético Madrid,Alessandro Buongiorno — Napoli
Omar El Hilali — Espanyol,Jon Aramburu — Real Sociedad,Mika Mármol — Las Palmas,Valentin Rosier — Leganés,Benedikt Gimber — Heidenheim,Léo Pétrot — Saint-Étienne
James Hill — Bournemouth,Nathan Patterson — Everton,Niels Nkounkou — Eint Frankfurt,Ümit Akdag — Toulouse,Jean-Kevin Duverne — Nantes,Harry Amass — Manchester Utd
Piero Hincapié — Leverkusen,Berat Djimsiti — Atalanta,Ibrahima Konaté — Liverpool,Gianluca Mancini — Roma,Mario Gila — Lazio,Wilfried Singo — Monaco
Ki-Jana Hoever — Auxerre,Adrià Pedrosa — Sevilla,Melvin Bard — Nice,Hassane Kamara — Udinese,Romain Perraud — Betis,Djed Spence — Tottenham
Emil Holm — Bologna,Abner — Lyon,Ignace Van Der Brempt — Como,Adam Obert — Cagliari,Antoine Hainaut — Parma,Valentin Gendrey — Hoffenheim
Gerrit Holtmann — Bochum,Samuele Birindelli — Monza,Ian Maatsen — Aston Villa,Valentin Gendrey — Hoffenheim,Aitor Ruibal — Betis,Ridle Baku — RB Leipzig
Dean Huijsen — Bournemouth,Daniel Vivian — Athletic Club,Javi Rodríguez — Celta Vigo,Tuta — Eint Frankfurt,Marash Kumbulla — Espanyol,Enzo Boyomo — Osasuna
Mats Hummels — Roma,Axel Witsel — Atlético Madrid,Aridane Hernández — Rayo Vallecano,Juan Jesus — Napoli,Rafael Tolói — Atalanta,César Azpilicueta — Atlético Madrid
Elseid Hysaj — Lazio,Alfonso Pedraza — Villarreal,Michael Kayode — Brentford,Rafik Messali — Toulouse,Alberto costa — Juventus,Mërgim Vojvoda — Como
Jay Idzes — Venezia,Federico Baschirotto — Lecce,Sebastiano Luperto — Cagliari,César Tárrega — Valencia,Gautier Lloris — Le Havre,Benedikt Gimber — Heidenheim
Alessio Iovine — Como,Nathan Patterson — Everton,Ümit Akdag — Toulouse,Nathaniel Clyne — Crystal Palace,Jorge Cuenca — Fulham,Ricardo Pereira — Leicester City
Ismaily — Lille,Abner — Lyon,Kristoffer Ajer — Brentford,Lorenzo De Silvestri — Bologna,Alfonso Espino — Rayo Vallecano,Ridgeciano Haps — Venezia
Ardian Ismajli — Empoli,Botond Balogh — Parma,Jarrad Branthwaite — Everton,Jacob Greaves — Ipswich Town,Ivan Ordets — Bochum,David Nemeth — St. Pauli
Ko Itakura — Gladbach,Martin Valjent — Mallorca,Gautier Lloris — Le Havre,Marash Kumbulla — Espanyol,Diego Llorente — Betis,Robin Koch — Eint Frankfurt
Marko Ivezić — Holstein Kiel,Jean-Clair Todibo — West Ham,David Nemeth — St. Pauli,Amos Pieper — Werder Bremen,Nathan Zeze — Nantes,Jakov Medić — Bochum
Armando Izzo — Monza,Saúl Coco — Torino,Arthur Chaves — Hoffenheim,Marash Kumbulla — Espanyol,Guillermo Maripán — Torino,Benedikt Gimber — Heidenheim
Jérémy Jacquet — Rennes,Jaydee Canvot — Toulouse,Trevoh Chalobah — Chelsea,Renato Veiga — Juventus,Micky van de Ven — Tottenham,Kevin Danso — Lens
Reece James — Chelsea,Abner — Lyon,Mërgim Vojvoda — Torino,Benjamin Henrichs — RB Leipzig,Odilon Kossounou — Atalanta,Éder Militão — Real Madrid
Dominik Javorček — Holstein Kiel,Nathan Patterson — Everton,Kassoum Ouattara — Monaco,James Hill — Bournemouth,Caleb Wiley — Strasbourg,Tymoteusz Puchacz — Holstein Kiel
Gaby Jean — Lecce,Tim Siersleben — Heidenheim,Issa Diop — Fulham,Juma Bah — Valladolid,Emmanuel Biumla — Angers,Carlos Dominguez — Celta Vigo
Finn Jeltsch — Stuttgart,Jaydee Canvot — Toulouse,Anrie Chase — Stuttgart,Alidu Seidu — Rennes,Lilian Brassier — Marseille,Juma Bah — Lens
Moritz Jenz — Mainz 05,Mattia Bani — Genoa,Christopher Wooh — Rennes,Nathan Zeze — Nantes,Kevin Danso — Lens,Juan Foyth — Villarreal
Juan Jesus — Napoli,Danilo — Juventus,Axel Witsel — Atlético Madrid,Mohamed Abdelmoneim — Nice,Raúl Albiol — Villarreal,Juanpe — Girona
Carl Johansson — Holstein Kiel,Maximilian Bauer — Augsburg,Federico Barba — Como,Sergi Gómez — Espanyol,Ricardo Pereira — Leicester City,Harry Clarke — Ipswich Town
Ben Johnson — Ipswich Town,Timothee Pembele — Le Havre,Lasse Rosenboom — Holstein Kiel,Adam Obert — Cagliari,Jordan Zemura — Udinese,Théo Sainte-Luce — Montpellier
Juanpe — Girona,Sergi Gómez — Espanyol,Jon Pacheco — Real Sociedad,Iñigo Lekue — Athletic Club,Axel Witsel — Atlético Madrid,Juan Jesus — Napoli
Jubal — Auxerre,Emre Can — Dortmund,Przemysław Frankowski — Lens,Kenny Lala — Brest,Marcos Alonso — Celta Vigo,Kevin Vogt — Union Berlin
Anthony Jung — Werder Bremen,Francesco Acerbi — Inter,Malang Sarr — Lens,Jean-Clair Todibo — West Ham,Ben Davies — Tottenham,Hans Hateboer — Rennes
Josip Juranović — Union Berlin,Yanis Zouaoui — Le Havre,Cristiano Biraghi — Torino,Ryan Manning — Southampton,Frans Krätzig — Heidenheim,Charalambos Lykogiannis — Bologna
David Jurásek — Hoffenheim,Hiroki Sekine — Reims,Nicola Zalewski — Roma,Brooke Norton-Cuffy — Genoa,James Bree — Southampton,Rui Modesto — Udinese
James Justin — Leicester City,Valentin Rosier — Leganés,Sergio Akieme — Reims,Diogo Leite — Union Berlin,Léo Pétrot — Saint-Étienne,Pedro Pereira — Monza
Christian Kabasele — Udinese,Jorge Herrando — Osasuna,Keven Schlotterbeck — Augsburg,Andreas Hanche-Olsen — Mainz 05,Aridane Hernández — Rayo Vallecano,Yoann Salmier — Le Havre
Issa Kaboré — Werder Bremen,Rafik Messali — Toulouse,Alfonso Pedraza — Villarreal,Alberto costa — Juventus,Michael Kayode — Brentford,Niels Nkounkou — Eint Frankfurt
Pavel Kadeřábek — Hoffenheim,Domagoj Bradarić — Hellas Verona,Issiaga Sylla — Montpellier,Valentin Gendrey — Hoffenheim,Ridgeciano Haps — Venezia,Alberto Moreno — Como
Ferdi Kadioglu — Brighton,Julián Malatini — Werder Bremen,Lucas Martínez Quarta — Fiorentina,Mërgim Vojvoda — Como,Lucas Mincarelli — Montpellier,Jhoanner Chávez — Lens
Pierre Kalulu — Juventus,Moussa Niakhate — Lyon,Geoffrey Kondogbia — Marseille,David López — Girona,Mario Gila — Lazio,Ezri Konsa — Aston Villa
Waren Kamanzi — Toulouse,Conor Bradley — Liverpool,Timothee Pembele — Le Havre,Antoine Hainaut — Parma,Abner — Lyon,Nordi Mukiele — Leverkusen
Hassane Kamara — Udinese,Deiver Machado — Lens,Ki-Jana Hoever — Auxerre,Romain Perraud — Betis,Dimitri Foulquier — Valencia,Sergio Akieme — Reims
Willy Kambwala — Villarreal,Juma Bah — Lens,Jaydee Canvot — Toulouse,Nathan Aké — Manchester City,Marvin Friedrich — Gladbach,Carlos Dominguez — Celta Vigo
Jakub Kamiński — Wolfsburg,Mads Roerslev — Brentford,Aitor Ruibal — Betis,Yan Couto — Dortmund,Valentin Gendrey — Hoffenheim,Conor Bradley — Liverpool
Michael Kayode — Brentford,Rafik Messali — Toulouse,Alberto costa — Juventus,Davide Calabria — Bologna,Ángel Ortíz — Betis,Antoine Mendy — Nice
Michael Keane — Everton,Erhan Mašović — Bochum,Sebastiaan Bornauw — Wolfsburg,Trevoh Chalobah — Crystal Palace,Alessandro Vogliacco — Genoa,Álex Muñoz — Las Palmas
Thilo Kehrer — Monaco,Daniel Vivian — Athletic Club,Dayot Upamecano — Bayern Munich,Robin Koch — Eint Frankfurt,Jonathan Tah — Leverkusen,Diego Llorente — Betis
Lloyd Kelly — Newcastle Utd,Adam Dźwigała — St. Pauli,Giorgio Scalvini — Atalanta,Alberto costa — Juventus,Davide Calabria — Milan,Eric Bailly — Villarreal
Lloyd Kelly — Juventus,Lilian Brassier — Marseille,Niklas Süle — Dortmund,Anrie Chase — Stuttgart,Pablo Marí — Fiorentina,Ivan Smolčić — Como
Marc-Oliver Kempf — Como,Jaka Bijol — Udinese,Edoardo Goldaniga — Como,Matthias Ginter — Freiburg,Joachim Andersen — Fulham,Jarrad Branthwaite — Everton
Milos Kerkez — Bournemouth,Adrien Truffert — Rennes,Andrea Cambiaso — Juventus,Dimitris Giannoulis — Augsburg,Aaron Wan-Bissaka — West Ham,Jackson Tchatchoua — Hellas Verona
Abdukodir Khusanov — Manchester City,Anrie Chase — Stuttgart,Rasmus Nicolaisen — Toulouse,Lilian Brassier — Marseille,Noahkai Banks — Augsburg,Axel Disasi — Aston Villa
Abdukodir Khusanov — Lens,Juma Bah — Lens,Renato Veiga — Juventus,Willy Kambwala — Villarreal,Jaydee Canvot — Toulouse,Jérémy Jacquet — Rennes
Jakub Kiwior — Arsenal,Anthony Rouault — Stuttgart,César Azpilicueta — Atlético Madrid,Jake O'Brien — Everton,Abakar Sylla — Strasbourg,Giovanni Leoni — Parma
Lukas Klostermann — RB Leipzig,Amos Pieper — Werder Bremen,Carl Starfelt — Celta Vigo,Thomas Kristensen — Udinese,Emmanuel Agbadou — Wolves,Ben Davies — Tottenham
Robin Koch — Eint Frankfurt,Diego Llorente — Betis,Denis Vavro — Wolfsburg,Ko Itakura — Gladbach,Thilo Kehrer — Monaco,Jonathan Tah — Leverkusen
Derrick Köhn — Werder Bremen,Jordan Zemura — Udinese,Aitor Ruibal — Betis,Fabiano Parisi — Fiorentina,Valentin Gendrey — Hoffenheim,Ridle Baku — RB Leipzig
Dominik Kohr — Mainz 05,Tuta — Eint Frankfurt,Guillermo Maripán — Torino,Mark McKenzie — Toulouse,Lisandro Martínez — Manchester Utd,Enzo Boyomo — Osasuna
Sead Kolašinac — Atalanta,Benjamin Pavard — Inter,Jonathan Gradit — Lens,Emerson — Milan,Hans Hateboer — Rennes,Alessandro Buongiorno — Napoli
Marco Komenda — Holstein Kiel,Ben Davies — Tottenham,Mërgim Vojvoda — Torino,Alejandro Francés — Girona,Borna Sosa — Torino,Abdoulaye Bamba — Angers
Ibrahima Konaté — Liverpool,Lucas Beraldo — Paris S-G,Berat Djimsiti — Atalanta,Wilfried Singo — Monaco,Willian Pacho — Paris S-G,Edmond Tapsoba — Leverkusen
Geoffrey Kondogbia — Marseille,Jonathan Gradit — Lens,Moussa Niakhate — Lyon,Jean-Clair Todibo — West Ham,Anthony Jung — Werder Bremen,Francesco Acerbi — Inter
Ezri Konsa — Aston Villa,Enzo Boyomo — Osasuna,Moussa Niakhate — Lyon,Diego Llorente — Betis,Pierre Kalulu — Juventus,Martin Valjent — Mallorca
Odilon Kossounou — Atalanta,Niklas Süle — Dortmund,Micky van de Ven — Tottenham,Antoine Mendy — Nice,Éder Militão — Real Madrid,Jaydee Canvot — Toulouse
Henri Koudossou — Augsburg,Luca Netz — Gladbach,Oliver Scarles — West Ham,Jesus Vazquez — Valencia,Krépin Diatta — Monaco,Antoine Mendy — Nice
Konstantinos Koulierakis — Wolfsburg,Jarrad Branthwaite — Everton,Loïc Bade — Sevilla,Clément Akpa — Auxerre,Denis Vavro — Wolfsburg,Jonathan Gradit — Lens
Jules Koundé — Barcelona,Lucas Vázquez — Real Madrid,Giovanni Di Lorenzo — Napoli,Marcos Llorente — Atlético Madrid,Jurriën Timber — Arsenal,Vanderson — Monaco
Emil Krafth — Newcastle Utd,Filippo Terracciano — Milan,Aleksandar Sedlar — Alavés,Jordy Makengo — Freiburg,Benoît Badiashile — Chelsea,Facundo Garcés — Alavés
Frans Krätzig — Heidenheim,Abner — Lyon,Borna Sosa — Torino,Jordan Zemura — Udinese,Valentin Gendrey — Hoffenheim,Ridle Baku — RB Leipzig
Ladislav Krejčí — Girona,David López — Girona,Lewis Dunk — Brighton,Diego Llorente — Betis,Mario Gila — Lazio,Loïc Bade — Sevilla
Rasmus Kristensen — Eint Frankfurt,Robin Gosens — Fiorentina,Joakim Mæhle — Wolfsburg,Marcos Llorente — Atlético Madrid,Marc Cucurella — Chelsea,Davide Zappacosta — Atalanta
Thomas Kristensen — Udinese,Fali Candé — Venezia,Lutsharel Geertruida — RB Leipzig,Anthony Rouault — Stuttgart,Lukas Klostermann — RB Leipzig,Emmanuel Biumla — Angers
Lukas Kübler — Freiburg,Adam Marušić — Lazio,Timothy Weah — Juventus,Álex Muñoz — Las Palmas,Kike Salas — Sevilla,Lasse Rosenboom — Holstein Kiel
Sael Kumbedi — Lyon,Jaydee Canvot — Toulouse,Antoine Mendy — Nice,Álex Valle — Como,Brooke Norton-Cuffy — Genoa,Adama Boiro — Athletic Club
Marash Kumbulla — Espanyol,Saúl Coco — Torino,Diego Llorente — Betis,Ko Itakura — Gladbach,César Tárrega — Valencia,Martin Valjent — Mallorca
Giorgos Kyriakopoulos — Monza,Giuseppe Pezzella — Empoli,Marius Wolf — Augsburg,Adrien Truffert — Rennes,Miguel Gutiérrez — Girona,Felix Passlack — Bochum
Maxence Lacroix — Crystal Palace,Sebastiano Luperto — Cagliari,Danilho Doekhi — Union Berlin,Patrick Mainka — Heidenheim,Berat Djimsiti — Atalanta,Yerry Mina — Cagliari
Yoel Lago — Celta Vigo,Jon Pacheco — Real Sociedad,Mohamed Abdelmoneim — Nice,Anrie Chase — Stuttgart,Nathan Aké — Manchester City,Saidou Sow — Strasbourg
Konrad Laimer — Bayern Munich,Alphonso Davies — Bayern Munich,Lucas Vázquez — Real Madrid,Matheus Nunes — Manchester City,Jurriën Timber — Arsenal,Fran Garcia — Real Madrid
Stefan Lainer — Gladbach,Abakar Sylla — Strasbourg,Kiliann Sildillia — Freiburg,Fernando Calero — Espanyol,Vladimír Coufal — West Ham,Mattia De Sciglio — Empoli
Kenny Lala — Brest,Marcos Alonso — Celta Vigo,Przemysław Frankowski — Lens,Emre Can — Dortmund,Emanuele Valeri — Parma,Jubal — Auxerre
Tariq Lamptey — Brighton,Kiliann Sildillia — Freiburg,Fabiano Parisi — Fiorentina,Julián Malatini — Werder Bremen,Rodrigo Gomes — Wolves,Mërgim Vojvoda — Como
Toni Lato — Mallorca,Jordy Makengo — Freiburg,Emil Krafth — Newcastle Utd,Jacques Ekomie — Angers,Aleksandar Sedlar — Alavés,Mads Roerslev — Wolfsburg
Valentino Lazaro — Torino,Lucas Digne — Aston Villa,Christopher Trimmel — Union Berlin,Felix Passlack — Bochum,Marius Wolf — Augsburg,David Raum — RB Leipzig
Darko Lazović — Hellas Verona,Robert Skov — Union Berlin,Issiaga Sylla — Montpellier,Ridgeciano Haps — Venezia,Aitor Ruibal — Betis,Ridle Baku — RB Leipzig
Manuel Lazzari — Lazio,Yan Couto — Dortmund,Alberto Moreno — Como,Borna Sosa — Torino,Youssouf Sabaly — Betis,Mërgim Vojvoda — Torino
Julien Le Cardinal — Brest,Amos Pieper — Werder Bremen,Alberto Dossena — Como,Ben Davies — Tottenham,Carlos Dominguez — Celta Vigo,Nathan Zeze — Nantes
Robin Le Normand — Atlético Madrid,Alessandro Buongiorno — Napoli,Isak Hien — Atalanta,Clément Lenglet — Atlético Madrid,Duje Ćaleta-Car — Lyon,Mark McKenzie — Toulouse
Jordan Lefort — Angers,Hauke Wahl — St. Pauli,Wout Faes — Leicester City,Loïc Bade — Sevilla,James Tarkowski — Everton,Dara O'Shea — Ipswich Town
Diogo Leite — Union Berlin,Chrislain Matsima — Augsburg,Arthur Chaves — Hoffenheim,Patrick Mainka — Heidenheim,Marash Kumbulla — Espanyol,Tuta — Eint Frankfurt
Maxim Leitsch — Mainz 05,Fernando Calero — Espanyol,Lucas Martínez Quarta — Fiorentina,Fabio Chiarodia — Gladbach,Alessandro Vogliacco — Genoa,Sergi Gómez — Espanyol
Florian Lejeune — Rayo Vallecano,Omar Alderete — Getafe,Fabian Schär — Newcastle Utd,Eric Smith — St. Pauli,Denis Vavro — Wolfsburg,Johan Vásquez — Genoa
Stefan Lekovic — Monza,Tomás Palacios — Monza,Arvid Brorsson — Monza,Harry Amass — Manchester Utd,Jorge Cuenca — Fulham,Joseph Aidoo — Valladolid
Iñigo Lekue — Athletic Club,Mateu Morey — Mallorca,Stefan Posch — Bologna,Rafael Tolói — Atalanta,Axel Disasi — Aston Villa,Pasquale Mazzocchi — Napoli
Clément Lenglet — Atlético Madrid,Robin Le Normand — Atlético Madrid,Matteo Gabbia — Milan,Diego Llorente — Betis,Juan Foyth — Villarreal,Eric Dier — Bayern Munich
Giovanni Leoni — Parma,Emmanuel Biumla — Angers,Jakub Kiwior — Arsenal,Axel Disasi — Chelsea,Caleb Okoli — Leicester City,Arouna Sangante — Le Havre
Rico Lewis — Manchester City,Nnamdi Collins — Eint Frankfurt,Josha Vagnoman — Stuttgart,Malo Gusto — Chelsea,Castello Lukeba — RB Leipzig,Djed Spence — Tottenham
Keane Lewis-Potter — Brentford,Dodô — Fiorentina,Diego Moreira — Strasbourg,Lorenz Assignon — Rennes,Diogo Dalot — Manchester Utd,Aron Dønnum — Toulouse
Myles Lewis-Skelly — Arsenal,Max Rosenfelder — Freiburg,Fabiano Parisi — Fiorentina,Anthony Rouault — Stuttgart,Jakub Kiwior — Arsenal,Abakar Sylla — Strasbourg
Philipp Lienhart — Freiburg,David López — Girona,Pierre Kalulu — Juventus,Jhon Lucumí — Bologna,Mario Gila — Lazio,Carl Starfelt — Celta Vigo
Matthijs de Ligt — Manchester Utd,Harry Maguire — Manchester Utd,Koni De Winter — Genoa,Diego Llorente — Betis,Guillermo Maripán — Torino,Mark McKenzie — Toulouse
Victor Lindelöf — Manchester Utd,Danilo — Juventus,Mohamed Abdelmoneim — Nice,Jordy Makengo — Freiburg,Nathan Aké — Manchester City,Anrie Chase — Stuttgart
Pol Lirola — Marseille,Mërgim Vojvoda — Como,Gerard Martín — Barcelona,Julián Malatini — Werder Bremen,Jordan Teze — Monaco,Kassoum Ouattara — Monaco
Valentino Livramento — Newcastle Utd,Joe Scally — Gladbach,Pep Chavarría — Rayo Vallecano,Fran Garcia — Real Madrid,Gideon Mensah — Auxerre,Ola Aina — Nott'ham Forest
Diego Llorente — Betis,Carl Starfelt — Celta Vigo,Tuta — Eint Frankfurt,Guillermo Maripán — Torino,Marash Kumbulla — Espanyol,Martin Valjent — Mallorca
Marcos Llorente — Atlético Madrid,Lucas Vázquez — Real Madrid,Fran Garcia — Real Madrid,Andrea Cambiaso — Juventus,Julian Ryerson — Dortmund,Jules Koundé — Barcelona
Gautier Lloris — Le Havre,Ko Itakura — Gladbach,Marash Kumbulla — Espanyol,Loïc Bade — Sevilla,Wout Faes — Leicester City,Martin Valjent — Mallorca
David López — Girona,Loïc Bade — Sevilla,Lewis Dunk — Brighton,Pau Torres — Aston Villa,Diego Llorente — Betis,Philipp Lienhart — Freiburg
Javi López — Real Sociedad,Aurélio Buta — Reims,Youssouf Sabaly — Betis,Adrià Altimira — Leganés,Sebastian Walukiewicz — Torino,Carlens Arcus — Angers
Tom Louchet — Nice,Abner — Lyon,Luck Zogbé — Brest,Ismaily — Lille,Antoine Mendy — Nice,Nordi Mukiele — Leverkusen
Jhon Lucumí — Bologna,Calvin Bassey — Fulham,Mario Gila — Lazio,Geoffrey Kondogbia — Marseille,Loïc Bade — Sevilla,David López — Girona
José Luis Palomino — Cagliari,Fernando Calero — Espanyol,Alessandro Vogliacco — Genoa,Caleb Okoli — Leicester City,Sebastiaan Bornauw — Wolfsburg,César Azpilicueta — Atlético Madrid
Castello Lukeba — RB Leipzig,Jean-Clair Todibo — West Ham,Hans Hateboer — Rennes,Nathan Zeze — Nantes,Amos Pieper — Werder Bremen,Aïssa Mandi — Lille
Sebastiano Luperto — Cagliari,Danilho Doekhi — Union Berlin,Guillermo Maripán — Torino,Patrick Mainka — Heidenheim,Gautier Lloris — Le Havre,Maxence Lacroix — Crystal Palace
Charalambos Lykogiannis — Bologna,Christopher Trimmel — Union Berlin,Yanis Zouaoui — Le Havre,Josip Juranović — Union Berlin,John Tolkin — Holstein Kiel,Benjamin Henrichs — RB Leipzig
Ian Maatsen — Aston Villa,Aitor Ruibal — Betis,Tom Louchet — Nice,Derrick Köhn — Werder Bremen,Conor Bradley — Liverpool,Waren Kamanzi — Toulouse
Deiver Machado — Lens,Hassane Kamara — Udinese,Melvin Bard — Nice,Kenny Tete — Fulham,Djed Spence — Tottenham,Aitor Ruibal — Betis
Yvann Macon — Saint-Étienne,Thierry Correia — Valencia,Jesus Vazquez — Valencia,Hiroki Sekine — Reims,Antonio Candela — Valladolid,Lucas Mincarelli — Montpellier
Pablo Maffeo — Mallorca,Omar Traoré — Heidenheim,Giuseppe Pezzella — Empoli,Kingsley Ehizibue — Udinese,Adrià Pedrosa — Sevilla,Gideon Mensah — Auxerre
Giangiacomo Magnani — Hellas Verona,Mattia De Sciglio — Empoli,Yoann Salmier — Le Havre,Lilian Brassier — Marseille,Jon Pacheco — Real Sociedad,Erhan Mašović — Bochum
Harry Maguire — Manchester Utd,Matthijs de Ligt — Manchester Utd,Moritz Jenz — Mainz 05,Guillermo Maripán — Torino,Mattia Bani — Genoa,Stefan Bell — Mainz 05
Patrick Mainka — Heidenheim,Sebastiano Luperto — Cagliari,Hauke Wahl — St. Pauli,Dara O'Shea — Ipswich Town,Danilho Doekhi — Union Berlin,Johan Vásquez — Genoa
Ainsley Maitland-Niles — Lyon,Vanderson — Monaco,Lucas Vázquez — Real Madrid,Malo Gusto — Chelsea,Neco Williams — Nott'ham Forest,Konrad Laimer — Bayern Munich
Jordy Makengo — Freiburg,Toni Lato — Mallorca,Oliver Scarles — West Ham,Jacques Ekomie — Angers,Henri Koudossou — Augsburg,Pasquale Mazzocchi — Napoli
Nikola Maksimović — Montpellier,Enzo Boyomo — Valladolid,Nathan Aké — Manchester City,Hamari Traoré — Real Sociedad,Axel Disasi — Aston Villa,Kyle Walker — Milan
Julián Malatini — Werder Bremen,Axel Disasi — Chelsea,Fabio Chiarodia — Gladbach,Lucas Martínez Quarta — Fiorentina,Ferdi Kadioglu — Brighton,Sebastiaan Bornauw — Wolfsburg
Gianluca Mancini — Roma,Mario Gila — Lazio,Ibrahima Konaté — Liverpool,Levi Colwill — Chelsea,Wilfried Singo — Monaco,Daniel Vivian — Athletic Club
Reinildo Mandava — Atlético Madrid,Maximilian Bauer — Augsburg,Lamare Bogarde — Aston Villa,Lorenzo De Silvestri — Bologna,Tim Siersleben — Heidenheim,Odilon Kossounou — Atalanta
Aïssa Mandi — Lille,Amos Pieper — Werder Bremen,Francesco Acerbi — Inter,Benjamin Pavard — Inter,Hans Hateboer — Rennes,Youssouf Sabaly — Betis
Ryan Manning — Southampton,Yanis Zouaoui — Le Havre,Domagoj Bradarić — Hellas Verona,Josip Juranović — Union Berlin,Cristiano Biraghi — Torino,Christopher Operi — Le Havre
Javier Manquillo — Celta Vigo,Julian Araujo — Bournemouth,Fodé Ballo-Touré — Le Havre,David Alaba — Real Madrid,Federico Barba — Como,Bamo Meïté — Montpellier
Alessandro Marcandalli — Venezia,Julian Araujo — Bournemouth,Ivan Smolčić — Como,Noahkai Banks — Augsburg,Robert Gumny — Augsburg,Oliver Scarles — West Ham
Marcão — Sevilla,Juan Berrocal — Getafe,Andrew Omobamidele — Strasbourg,Eric Bailly — Villarreal,Arvid Brorsson — Monza,Jorge Cuenca — Fulham
Óscar de Marcos — Athletic Club,Ruben Aguilar — Lens,Djibril Sidibé — Toulouse,Nahuel Molina — Atlético Madrid,Andoni Gorosabel — Athletic Club,Aitor Ruibal — Betis
Pablo Marí — Monza,Niklas Stark — Werder Bremen,Ben Davies — Tottenham,Joseph Okumu — Reims,Paweł Dawidowicz — Hellas Verona,Fikayo Tomori — Milan
Pablo Marí — Fiorentina,Karol Mets — St. Pauli,Lloyd Kelly — Juventus,Kevin Danso — Lens,Lilian Brassier — Marseille,Niklas Süle — Dortmund
José María Giménez — Atlético Madrid,Aïssa Mandi — Lille,Amos Pieper — Werder Bremen,Francesco Acerbi — Inter,Raúl Asencio — Real Madrid,Robin Le Normand — Atlético Madrid
Luca Marianucci — Empoli,Flavius Daniliuc — Hellas Verona,El Chadaille Bitshiabu — RB Leipzig,Tim Siersleben — Heidenheim,Jaydee Canvot — Toulouse,Juan Herzog — Las Palmas
Guillermo Maripán — Torino,Jonathan Gradit — Lens,Mark McKenzie — Toulouse,Alessandro Buongiorno — Napoli,Harry Maguire — Manchester Utd,Marc Bartra — Betis
Mika Mármol — Las Palmas,Carlens Arcus — Angers,Zeki Çelik — Roma,Jonas Föhrenbach — Heidenheim,Léo Pétrot — Saint-Étienne,Pep Chavarría — Rayo Vallecano
Marquinhos — Paris S-G,Dayot Upamecano — Bayern Munich,Eric Dier — Bayern Munich,Lucas Beraldo — Paris S-G,Kim Min-jae — Bayern Munich,Daniel Vivian — Athletic Club
Aarón Martín — Genoa,Juan Miranda — Bologna,Tommaso Augello — Cagliari,Jonathan Clauss — Nice,David Raum — RB Leipzig,Pedro Porro — Tottenham
Gerard Martín — Barcelona,Abner — Lyon,Riccardo Calafiori — Arsenal,Sacha Boey — Bayern Munich,Pol Lirola — Marseille,Waren Kamanzi — Toulouse
Jon Martin — Real Sociedad,Juan Herzog — Las Palmas,Jon Pacheco — Real Sociedad,Saidou Sow — Strasbourg,Flavius Daniliuc — Hellas Verona,Luke Woolfenden — Ipswich Town
Arnau Martinez — Girona,Guela Doué — Strasbourg,Joakim Mæhle — Wolfsburg,Gabriele Zappa — Cagliari,Vitaliy Mykolenko — Everton,Pep Chavarría — Rayo Vallecano
Iñigo Martínez — Barcelona,Pau Cubarsí — Barcelona,Jan Paul van Hecke — Brighton,Edmond Tapsoba — Leverkusen,Sam Beukema — Bologna,Amir Rrahmani — Napoli
Lisandro Martínez — Manchester Utd,Cristian Romero — Tottenham,Tuta — Eint Frankfurt,Emmanuel Agbadou — Wolves,Guillermo Maripán — Torino,Alessandro Buongiorno — Napoli
Lucas Martínez Quarta — Fiorentina,Axel Disasi — Chelsea,Julián Malatini — Werder Bremen,Maxim Leitsch — Mainz 05,Mouctar Diakhaby — Valencia,Fernando Calero — Espanyol
Adam Marušić — Lazio,Lukas Kübler — Freiburg,Carlos Augusto — Inter,Thomas Meunier — Lille,Felix Agu — Werder Bremen,Gabriel Gudmundsson — Lille
Adam Masina — Torino,Santiago Mouriño — Alavés,Matt Doherty — Wolves,Guillermo Maripán — Torino,Lukas Klostermann — RB Leipzig,David Nemeth — St. Pauli
Erhan Mašović — Bochum,Lucas Mincarelli — Montpellier,Sebastiaan Bornauw — Wolfsburg,Mattia De Sciglio — Empoli,Giangiacomo Magnani — Hellas Verona,Juan Herzog — Las Palmas
Clinton Mata — Lyon,Danny da Costa — Mainz 05,Geoffrey Kondogbia — Marseille,Mamadou Sarr — Strasbourg,Kiko Femenía — Villarreal,Wilfried Singo — Monaco
Chrislain Matsima — Augsburg,Nico Elvedi — Gladbach,Jarrad Branthwaite — Everton,Diego Llorente — Betis,Matthijs de Ligt — Manchester Utd,Guillermo Maripán — Torino
Alan Matturro — Genoa,Tim Siersleben — Heidenheim,Lamare Bogarde — Aston Villa,Cedric Zesiger — Wolfsburg,Juma Bah — Valladolid,Flavius Daniliuc — Hellas Verona
Konstantinos Mavropanos — West Ham,Harry Maguire — Manchester Utd,Joseph Okumu — Reims,Niklas Stark — Werder Bremen,Edoardo Goldaniga — Como,Konstantinos Koulierakis — Wolfsburg
Christian Mawissa — Monaco,Odilon Kossounou — Atalanta,Castello Lukeba — RB Leipzig,Nathan Zeze — Nantes,David Nemeth — St. Pauli,Alessandro Buongiorno — Napoli
Noussair Mazraoui — Manchester Utd,Jon Aramburu — Real Sociedad,Gideon Mensah — Auxerre,Dennis Appiah — Saint-Étienne,Valentin Rosier — Leganés,Guela Doué — Strasbourg
Pasquale Mazzocchi — Napoli,Krépin Diatta — Monaco,Jordy Makengo — Freiburg,Henri Koudossou — Augsburg,Mateu Morey — Mallorca,Iñigo Lekue — Athletic Club
Scott McKenna — Las Palmas,Etienne Youte Kinkoue — Le Havre,Jean-Charles Castelletto — Nantes,Dylan Batubinsika — Saint-Étienne,Jarrad Branthwaite — Everton,Jacob Greaves — Ipswich Town
Mark McKenzie — Toulouse,Guillermo Maripán — Torino,Alessandro Buongiorno — Napoli,Robin Le Normand — Atlético Madrid,Diego Llorente — Betis,Mamadou Sarr — Strasbourg
Jakov Medić — Bochum,Jorge Herrando — Osasuna,David Zec — Holstein Kiel,Marko Ivezić — Holstein Kiel,Amos Pieper — Werder Bremen,Caleb Okoli — Leicester City
Facundo Medina — Lens,Nico Schlotterbeck — Dortmund,Arthur Theate — Eint Frankfurt,Jan Paul van Hecke — Brighton,Edmond Tapsoba — Leverkusen,Leonardo Balerdi — Marseille
Bamo Meïté — Montpellier,Tomás Palacios — Monza,Harry Amass — Manchester Utd,Fodé Ballo-Touré — Le Havre,Arvid Brorsson — Monza,Ricardo Pereira — Leicester City
Nuno Mendes — Paris S-G,Konrad Laimer — Bayern Munich,Alphonso Davies — Bayern Munich,Quentin Merlin — Marseille,Matheus Nunes — Manchester City,Andrea Cambiaso — Juventus
Antoine Mendy — Nice,Jaydee Canvot — Toulouse,Adama Boiro — Athletic Club,Ramon Hendriks — Stuttgart,Oliver Scarles — West Ham,Sael Kumbedi — Lyon
Ferland Mendy — Real Madrid,Mohamed Abdelmoneim — Nice,Nathan Aké — Manchester City,Lilian Brassier — Marseille,Axel Witsel — Atlético Madrid,Hamari Traoré — Real Sociedad
Gideon Mensah — Auxerre,Dennis Appiah — Saint-Étienne,Carlens Arcus — Angers,Pep Chavarría — Rayo Vallecano,Dimitri Foulquier — Valencia,Joe Scally — Gladbach
Quentin Merlin — Marseille,Ian Maatsen — Aston Villa,Josha Vagnoman — Stuttgart,Davide Zappacosta — Atalanta,Aitor Ruibal — Betis,Valentin Gendrey — Hoffenheim
Rafik Messali — Toulouse,Alberto costa — Juventus,Niels Nkounkou — Eint Frankfurt,Michael Kayode — Brentford,Tymoteusz Puchacz — Holstein Kiel,Brooke Norton-Cuffy — Genoa
Karol Mets — St. Pauli,Pablo Marí — Fiorentina,Lilian Brassier — Marseille,Rasmus Nicolaisen — Toulouse,Anrie Chase — Stuttgart,Ivan Smolčić — Como
Thomas Meunier — Lille,Matty Cash — Aston Villa,Adam Marušić — Lazio,Adrià Pedrosa — Sevilla,Gabriel Gudmundsson — Lille,Zeki Çelik — Roma
Nikola Milenković — Nott'ham Forest,Charlie Cresswell — Toulouse,Willi Orban — RB Leipzig,Kike Salas — Sevilla,Ko Itakura — Gladbach,Marash Kumbulla — Espanyol
Éder Militão — Real Madrid,Micky van de Ven — Tottenham,Niklas Süle — Dortmund,Trevoh Chalobah — Chelsea,Odilon Kossounou — Atalanta,Renato Veiga — Juventus
Kim Min-jae — Bayern Munich,Dayot Upamecano — Bayern Munich,Lucas Beraldo — Paris S-G,William Saliba — Arsenal,Marquinhos — Paris S-G,Jonathan Tah — Leverkusen
Yerry Mina — Cagliari,Patrick Mainka — Heidenheim,James Tarkowski — Everton,Jaka Bijol — Udinese,Edoardo Goldaniga — Como,Maxence Lacroix — Crystal Palace
Lucas Mincarelli — Montpellier,Erhan Mašović — Bochum,Antonio Candela — Valladolid,Thierry Correia — Valencia,Théo Sainte-Luce — Montpellier,Yvann Macon — Saint-Étienne
Tyrone Mings — Aston Villa,Niklas Süle — Dortmund,Diego Carlos — Aston Villa,Stefan Bell — Mainz 05,Lloyd Kelly — Juventus,Aridane Hernández — Rayo Vallecano
Juan Miranda — Bologna,Pedro Porro — Tottenham,David Raum — RB Leipzig,Aarón Martín — Genoa,Jonathan Clauss — Nice,Tommaso Augello — Cagliari
Tyrick Mitchell — Crystal Palace,Sergi Cardona — Villarreal,Dimitris Giannoulis — Augsburg,Pep Chavarría — Rayo Vallecano,Kingsley Ehizibue — Udinese,Adrien Truffert — Rennes
Maximilian Mittelstädt — Stuttgart,Sergi Cardona — Villarreal,Gabriel Suazo — Toulouse,Marcos Llorente — Atlético Madrid,Lucas Vázquez — Real Madrid,Dimitris Giannoulis — Augsburg
Rui Modesto — Udinese,Silvan Widmer — Mainz 05,Brooke Norton-Cuffy — Genoa,Rafik Messali — Toulouse,Luca Netz — Gladbach,Henri Koudossou — Augsburg
Johan Mojica — Mallorca,Dimitris Giannoulis — Augsburg,Pablo Maffeo — Mallorca,Miguel Gutiérrez — Girona,Omar Traoré — Heidenheim,Jesús Areso — Osasuna
Nahuel Molina — Atlético Madrid,Ruben Aguilar — Lens,Aitor Ruibal — Betis,Aurélio Buta — Reims,Matteo Ruggeri — Atalanta,Youssouf Sabaly — Betis
Morato — Nott'ham Forest,Krépin Diatta — Monaco,Willy Kambwala — Villarreal,Pasquale Mazzocchi — Napoli,Marvin Friedrich — Gladbach,Ramon Hendriks — Stuttgart
Diego Moreira — Strasbourg,Lorenz Assignon — Rennes,Andrei Ratiu — Rayo Vallecano,Keane Lewis-Potter — Brentford,Aron Dønnum — Toulouse,Nuno Tavares — Lazio
Alberto Moreno — Como,Marnon Busch — Heidenheim,Hans Hateboer — Rennes,Mërgim Vojvoda — Torino,Aurélio Buta — Reims,Kyle Walker — Manchester City
Álex Moreno — Nott'ham Forest,Alfonso Espino — Rayo Vallecano,Aihen Muñoz — Real Sociedad,Mads Roerslev — Brentford,Benjamin Henrichs — RB Leipzig,Jesus Vazquez — Valencia
Mateu Morey — Mallorca,Jesus Vazquez — Valencia,Flavius Daniliuc — Hellas Verona,Iñigo Lekue — Athletic Club,Timothee Pembele — Le Havre,Brooke Norton-Cuffy — Genoa
Cristhian Mosquera — Valencia,Calvin Bassey — Fulham,Mamadou Sarr — Strasbourg,Ismaël Doukouré — Strasbourg,Loïc Bade — Sevilla,Hauke Wahl — St. Pauli
Yerson Mosquera — Wolves,Alessandro Circati — Parma,Rasmus Nicolaisen — Toulouse,Juma Bah — Valladolid,Jean-Kevin Duverne — Nantes,Federico Barba — Como
Santiago Mouriño — Alavés,Daniele Ghilardi — Hellas Verona,Nathan Zeze — Nantes,Moussa Diarra — Alavés,Marko Ivezić — Holstein Kiel,David Nemeth — St. Pauli
Nordi Mukiele — Leverkusen,Abner — Lyon,Ismaily — Lille,Trevoh Chalobah — Chelsea,Kristoffer Ajer — Brentford,Odilon Kossounou — Atalanta
Abdul Mumin — Rayo Vallecano,Gabriel Osho — Auxerre,Emmanuel Agbadou — Wolves,Natan — Betis,David Zec — Holstein Kiel,Lukas Klostermann — RB Leipzig
Aihen Muñoz — Real Sociedad,Jesus Vazquez — Valencia,Iván Balliu — Rayo Vallecano,Alfonso Espino — Rayo Vallecano,Jean-Kevin Duverne — Nantes,Vladimír Coufal — West Ham
Álex Muñoz — Las Palmas,Jake O'Brien — Everton,Antoine Hainaut — Parma,Michael Keane — Everton,Arouna Sangante — Le Havre,Fabiano Parisi — Fiorentina
Daniel Muñoz — Crystal Palace,Anthony Caci — Mainz 05,Sergi Cardona — Villarreal,Adrien Truffert — Rennes,Mitchell Weiser — Werder Bremen,Ainsley Maitland-Niles — Lyon
Murillo — Nott'ham Forest,Jordan Lefort — Angers,James Tarkowski — Everton,Denis Vavro — Wolfsburg,Ko Itakura — Gladbach,Loïc Bade — Sevilla
Phillipp Mwene — Mainz 05,Lucas Vázquez — Real Madrid,Pervis Estupiñán — Brighton,Hassane Kamara — Udinese,Jurriën Timber — Arsenal,Adrià Pedrosa — Sevilla
Vitaliy Mykolenko — Everton,Mika Mármol — Las Palmas,Pep Chavarría — Rayo Vallecano,Florent Hanin — Angers,Carlens Arcus — Angers,Gideon Mensah — Auxerre
Joakim Mæhle — Wolfsburg,Sergio Akieme — Reims,Romain Perraud — Betis,Lukas Ullrich — Gladbach,Arnau Martinez — Girona,Josha Vagnoman — Stuttgart
Stanley N'Soki — Hoffenheim,Carlos Dominguez — Celta Vigo,Issa Diop — Fulham,Marin Pongračić — Fiorentina,El Chadaille Bitshiabu — RB Leipzig,Vladimír Coufal — West Ham
Mickael Nade — Saint-Étienne,Andrea Carboni — Monza,Adam Masina — Torino,Wout Faes — Leicester City,Modibo Sagnan — Montpellier,Enzo Boyomo — Osasuna
Mahamadou Nagida — Rennes,Nico O’Reilly — Manchester City,Nicola Zalewski — Inter,Rodrigo Gomes — Wolves,Mouctar Diakhaby — Valencia,Maxim Leitsch — Mainz 05
Matija Nastasić — Leganés,Lukas Klostermann — RB Leipzig,Conor Coady — Leicester City,Dylan Batubinsika — Saint-Étienne,Thomas Kristensen — Udinese,Jakov Medić — Bochum
Natan — Betis,Abdul Mumin — Rayo Vallecano,Loïc Bade — Sevilla,Lukas Klostermann — RB Leipzig,Guillermo Maripán — Torino,Alessandro Buongiorno — Napoli
Pau Navarro — Villarreal,Antoine Mendy — Nice,Oliver Scarles — West Ham,Arthur — Leverkusen,Héctor Fort — Barcelona,Adama Boiro — Athletic Club
Youssouf Ndayishimiye — Nice,Matteo Gabbia — Milan,Martin Valjent — Mallorca,Tuta — Eint Frankfurt,Abdul Mumin — Rayo Vallecano,Alessandro Buongiorno — Napoli
Kosta Nedeljković — RB Leipzig,Andrés García — Aston Villa,Oliver Scarles — West Ham,Fredrik Oppegard — Auxerre,Nikolas Veratschnig — Mainz 05,Nathan Patterson — Everton
Loïc Nego — Le Havre,Carlens Arcus — Angers,Dimitri Foulquier — Valencia,Kingsley Ehizibue — Udinese,Pep Chavarría — Rayo Vallecano,Dennis Appiah — Saint-Étienne
David Nemeth — St. Pauli,Nathan Zeze — Nantes,Jean-Clair Todibo — West Ham,Marko Ivezić — Holstein Kiel,Tim Oermann — Bochum,Andrea Carboni — Monza
Luca Netz — Gladbach,Henri Koudossou — Augsburg,Nhoa Sangui — Reims,Ramon Hendriks — Stuttgart,Mads Roerslev — Brentford,Stefan Posch — Bologna
Moussa Niakhate — Lyon,Geoffrey Kondogbia — Marseille,Hauke Wahl — St. Pauli,Carl Starfelt — Celta Vigo,Illia Zabarnyi — Bournemouth,Pau Torres — Aston Villa
Tanguy Nianzou — Sevilla,Andrew Omobamidele — Strasbourg,Juma Bah — Lens,Maxime Bernauer — Saint-Étienne,Enzo Boyomo — Valladolid,Alessandro Circati — Parma
Rasmus Nicolaisen — Toulouse,Yerson Mosquera — Wolves,Alessandro Circati — Parma,Abdukodir Khusanov — Manchester City,Axel Disasi — Aston Villa,Karol Mets — St. Pauli
Niels Nkounkou — Eint Frankfurt,Rafik Messali — Toulouse,Danilo Veiga — Lecce,Nicola Zalewski — Roma,Nathan Patterson — Everton,Kassoum Ouattara — Monaco
Brooke Norton-Cuffy — Genoa,Oliver Scarles — West Ham,Jacques Ekomie — Angers,Jesus Vazquez — Valencia,Mateu Morey — Mallorca,Lamare Bogarde — Aston Villa
Matheus Nunes — Manchester City,Lucas Vázquez — Real Madrid,Konrad Laimer — Bayern Munich,Joakim Mæhle — Wolfsburg,Andrea Cambiaso — Juventus,Alphonso Davies — Bayern Munich
Unai Núñez — Athletic Club,Nathan Aké — Manchester City,Jon Pacheco — Real Sociedad,Sergi Gómez — Espanyol,Diego Carlos — Aston Villa,Eric Bailly — Villarreal
Allan Nyom — Getafe,Ridgeciano Haps — Venezia,Lorenzo De Silvestri — Bologna,Hamari Traoré — Real Sociedad,Silvan Widmer — Mainz 05,Mattia De Sciglio — Empoli
Jake O'Brien — Everton,Emmanuel Biumla — Angers,Antoine Hainaut — Parma,Nicolò Savona — Juventus,Jakub Kiwior — Arsenal,Trevoh Chalobah — Crystal Palace
Dara O'Shea — Ipswich Town,Patrick Mainka — Heidenheim,Wout Faes — Leicester City,Jordan Lefort — Angers,Jacob Greaves — Ipswich Town,Sebastiano Luperto — Cagliari
Adam Obert — Cagliari,Timothee Pembele — Le Havre,Ridgeciano Haps — Venezia,Antoine Mendy — Nice,Max Geschwill — Holstein Kiel,Antoine Hainaut — Parma
Tim Oermann — Bochum,David Nemeth — St. Pauli,Andrea Carboni — Monza,Carlens Arcus — Angers,Jean-Clair Todibo — West Ham,Aurélio Buta — Reims
Caleb Okoli — Leicester City,Emmanuel Biumla — Angers,Jakov Medić — Bochum,Radu Drăgușin — Tottenham,Tim Siersleben — Heidenheim,Juan Herzog — Las Palmas
Joseph Okumu — Reims,Pablo Marí — Monza,Konstantinos Mavropanos — West Ham,Alberto Dossena — Como,Oumar Solet — Udinese,Niklas Stark — Werder Bremen
Lucas Oliveira Rosa — Valladolid,Kelvin Amian — Nantes,Carlens Arcus — Angers,Enzo Tchato — Montpellier,Jonas Föhrenbach — Heidenheim,Aurélio Buta — Reims
Mathías Olivera — Napoli,Fran Garcia — Real Madrid,Pep Chavarría — Rayo Vallecano,Yuri Berchiche — Athletic Club,Zeki Çelik — Roma,Dimitri Foulquier — Valencia
Becir Omeragic — Montpellier,Eray Cömert — Valladolid,Jannik Vestergaard — Leicester City,Nathan Zeze — Nantes,Julien Le Cardinal — Brest,Marco Komenda — Holstein Kiel
Andrew Omobamidele — Strasbourg,Tanguy Nianzou — Sevilla,Maxime Bernauer — Saint-Étienne,Marcão — Sevilla,Juan Berrocal — Getafe,Juma Bah — Lens
Christopher Operi — Le Havre,Cristiano Biraghi — Torino,Ryan Manning — Southampton,Yanis Zouaoui — Le Havre,Josip Juranović — Union Berlin,Domagoj Bradarić — Hellas Verona
Fredrik Oppegard — Auxerre,Nikolas Veratschnig — Mainz 05,Kosta Nedeljković — RB Leipzig,Andrés García — Aston Villa,Harry Amass — Manchester Utd,Oliver Scarles — West Ham
Willi Orban — RB Leipzig,Nikola Milenković — Nott'ham Forest,Alessio Romagnoli — Lazio,Ko Itakura — Gladbach,Antonio Raillo — Mallorca,Robin Koch — Eint Frankfurt
Ivan Ordets — Bochum,Jacob Greaves — Ipswich Town,Ben Davies — Tottenham,Moritz Jenz — Mainz 05,Jakov Medić — Bochum,Bernardo — Bochum
Ángel Ortíz — Betis,Martin Frese — Hellas Verona,Harry Amass — Manchester Utd,Axel Disasi — Aston Villa,Welington — Southampton,Nathan Patterson — Everton
Gabriel Osho — Auxerre,Emmanuel Biumla — Angers,Anthony Rouault — Stuttgart,Emmanuel Agbadou — Wolves,El Chadaille Bitshiabu — RB Leipzig,Issa Diop — Fulham
Kassoum Ouattara — Monaco,Niels Nkounkou — Eint Frankfurt,Nathan Patterson — Everton,Fredrik Oppegard — Auxerre,Nicola Zalewski — Roma,Rafik Messali — Toulouse
Cenk Özkacar — Valladolid,Luke Woolfenden — Ipswich Town,Federico Barba — Como,Juan Herzog — Las Palmas,Saidou Sow — Strasbourg,Facundo Garcés — Alavés
Nico O’Reilly — Manchester City,Mahamadou Nagida — Rennes,Mouctar Diakhaby — Valencia,Julián Malatini — Werder Bremen,Nicola Zalewski — Inter,Riccardo Calafiori — Arsenal
Jon Pacheco — Real Sociedad,Lilian Brassier — Marseille,Flavius Daniliuc — Hellas Verona,Mohamed Abdelmoneim — Nice,Jaydee Canvot — Toulouse,Yoel Lago — Celta Vigo
Willian Pacho — Paris S-G,Ibrahima Konaté — Liverpool,Lucas Beraldo — Paris S-G,Isak Hien — Atalanta,Alessandro Buongiorno — Napoli,Mamadou Sarr — Strasbourg
Tomás Palacios — Monza,Ümit Akdag — Toulouse,Stefan Lekovic — Monza,Joseph Aidoo — Valladolid,Bamo Meïté — Montpellier,Welington — Southampton
Nicolas Pallois — Nantes,David Nemeth — St. Pauli,Álex Suárez — Las Palmas,Paweł Dawidowicz — Hellas Verona,Andrea Carboni — Monza,Jonathan Gradit — Lens
Aitor Paredes — Athletic Club,Siebe Van Der Heyden — St. Pauli,Arouna Sangante — Le Havre,José Luis Palomino — Cagliari,Jake O'Brien — Everton,Duje Ćaleta-Car — Lyon
Fabiano Parisi — Fiorentina,Antoine Hainaut — Parma,Rodrigo Gomes — Wolves,Timothee Pembele — Le Havre,Kiliann Sildillia — Freiburg,Abner — Lyon
Felix Passlack — Bochum,Sergio Akieme — Reims,Adrià Pedrosa — Sevilla,Carlos Romero — Espanyol,Pedro Pereira — Monza,Lukas Ullrich — Gladbach
Patric — Lazio,Dani Carvajal — Real Madrid,Lucas Martínez Quarta — Fiorentina,Maxim Leitsch — Mainz 05,Alessandro Vogliacco — Genoa,Fernando Calero — Espanyol
Nathan Patterson — Everton,Dominik Javorček — Holstein Kiel,James Hill — Bournemouth,Niels Nkounkou — Eint Frankfurt,Kosta Nedeljković — RB Leipzig,Kassoum Ouattara — Monaco
Benjamin Pavard — Inter,Aïssa Mandi — Lille,Francesco Acerbi — Inter,Niklas Süle — Dortmund,Hans Hateboer — Rennes,Amos Pieper — Werder Bremen
Strahinja Pavlović — Milan,Alessandro Buongiorno — Napoli,Federico Gatti — Juventus,Lisandro Martínez — Manchester Utd,Guillermo Maripán — Torino,Cristian Romero — Tottenham
Marcus Pedersen — Torino,Jesus Vazquez — Valencia,Kristoffer Ajer — Brentford,Timothee Pembele — Le Havre,Yan Couto — Dortmund,Ridgeciano Haps — Venezia
Alfonso Pedraza — Villarreal,Michael Kayode — Brentford,Nicola Zalewski — Inter,Héctor Bellerín — Betis,Conor Bradley — Liverpool,Rafik Messali — Toulouse
Adrià Pedrosa — Sevilla,Carlos Romero — Espanyol,Dimitri Foulquier — Valencia,Pep Chavarría — Rayo Vallecano,Javi Hernández — Leganés,Romain Perraud — Betis
Luca Pellegrini — Lazio,Mats Wieffer — Brighton,Ian Maatsen — Aston Villa,Ulisses Garcia — Marseille,Aitor Ruibal — Betis,Conor Bradley — Liverpool
Timothee Pembele — Le Havre,Théo Sainte-Luce — Montpellier,Kristoffer Ajer — Brentford,Mateu Morey — Mallorca,Ridgeciano Haps — Venezia,Adam Obert — Cagliari
Pedro Pereira — Monza,Sergio Akieme — Reims,Lucas Oliveira Rosa — Valladolid,Zeki Çelik — Roma,Kingsley Ehizibue — Udinese,Carlens Arcus — Angers
Ricardo Pereira — Leicester City,Jean-Kevin Duverne — Nantes,Luca Caldirola — Monza,Giorgio Altare — Venezia,Welington — Southampton,Hamari Traoré — Real Sociedad
Luis Pérez — Valladolid,Enzo Tchato — Montpellier,Jonas Föhrenbach — Heidenheim,Carlens Arcus — Angers,Dennis Appiah — Saint-Étienne,Loïc Nego — Le Havre
Romain Perraud — Betis,Javi Hernández — Leganés,Gabriel Gudmundsson — Lille,Adrià Pedrosa — Sevilla,Matty Cash — Aston Villa,Aurélio Buta — Reims
Léo Pétrot — Saint-Étienne,Mika Mármol — Las Palmas,Dennis Appiah — Saint-Étienne,Timo Becker — Holstein Kiel,Kevin Akpoguma — Hoffenheim,Pedro Pereira — Monza
Giuseppe Pezzella — Empoli,Jesús Areso — Osasuna,Kingsley Ehizibue — Udinese,Pablo Maffeo — Mallorca,Omar Traoré — Heidenheim,Adrià Pedrosa — Sevilla
Amos Pieper — Werder Bremen,Ben Davies — Tottenham,Jean-Clair Todibo — West Ham,Aïssa Mandi — Lille,Aritz Elustondo — Real Sociedad,Nathan Zeze — Nantes
Ethan Pinnock — Brentford,David Zec — Holstein Kiel,Lukas Klostermann — RB Leipzig,Diego Llorente — Betis,Guillermo Maripán — Torino,Koni De Winter — Genoa
Marin Pongračić — Fiorentina,Issa Diop — Fulham,Carlos Dominguez — Celta Vigo,Stanley N'Soki — Hoffenheim,Maxime Bernauer — Saint-Étienne,Aritz Elustondo — Real Sociedad
Pedro Porro — Tottenham,Juan Miranda — Bologna,Giorgos Kyriakopoulos — Monza,Miguel Gutiérrez — Girona,Adrien Truffert — Rennes,Maximilian Mittelstädt — Stuttgart
Stefan Posch — Bologna,Iñigo Lekue — Athletic Club,Mërgim Vojvoda — Torino,Mateu Morey — Mallorca,Henri Koudossou — Augsburg,Hiroki Sekine — Reims
Stefan Posch — Atalanta,Ivan Smolčić — Como,Joe Gomez — Liverpool,Sven Botman — Newcastle Utd,Lamare Bogarde — Aston Villa,Kevin Danso — Tottenham
Alexander Prass — Hoffenheim,Carlens Arcus — Angers,Lukas Ullrich — Gladbach,Jonas Föhrenbach — Heidenheim,Josha Vagnoman — Stuttgart,Javi López — Real Sociedad
Tymoteusz Puchacz — Holstein Kiel,Rafik Messali — Toulouse,Brooke Norton-Cuffy — Genoa,Niels Nkounkou — Eint Frankfurt,David Jurásek — Hoffenheim,Welington — Southampton
Jarell Quansah — Liverpool,Noahkai Banks — Augsburg,Jon Pacheco — Real Sociedad,Filippo Terracciano — Milan,Jordy Makengo — Freiburg,Anrie Chase — Stuttgart
Leopold Querfeld — Union Berlin,David Zec — Holstein Kiel,Jakov Medić — Bochum,Kike Salas — Sevilla,Sinaly Diomande — Auxerre,Koni De Winter — Genoa
Antonio Raillo — Mallorca,Jaka Bijol — Udinese,Federico Baschirotto — Lecce,Alessio Romagnoli — Lazio,Ko Itakura — Gladbach,Johan Vásquez — Genoa
Benito Ramírez — Las Palmas,Niels Nkounkou — Eint Frankfurt,Nicola Zalewski — Roma,Nikolas Veratschnig — Mainz 05,Danilo Veiga — Lecce,Tymoteusz Puchacz — Holstein Kiel
Luca Ranieri — Fiorentina,Loïc Bade — Sevilla,Ibrahima Konaté — Liverpool,Sebastiano Luperto — Cagliari,Konstantinos Koulierakis — Wolfsburg,Jarrad Branthwaite — Everton
Lilian Raolisoa — Angers,Jordan Zemura — Udinese,Aitor Ruibal — Betis,Marcus Coco — Nantes,Nahuel Molina — Atlético Madrid,Ben Johnson — Ipswich Town
Andrei Ratiu — Rayo Vallecano,Diego Moreira — Strasbourg,Aaron Wan-Bissaka — West Ham,Rayan Aït-Nouri — Wolves,Aron Dønnum — Toulouse,Lorenz Assignon — Rennes
David Raum — RB Leipzig,Lucas Digne — Aston Villa,Marius Wolf — Augsburg,Valentino Lazaro — Torino,Christian Günter — Freiburg,Juan Miranda — Bologna
Devyne Rensch — Roma,Sven Botman — Newcastle Utd,Joe Gomez — Liverpool,Krépin Diatta — Monaco,Antoine Mendy — Nice,Michael Kayode — Brentford
Chris Richards — Crystal Palace,Santiago Mouriño — Alavés,Gabriel Osho — Auxerre,Nicolas Cozza — Nantes,Santiago Bueno — Wolves,Moritz Jenz — Mainz 05
Diego Rico — Getafe,Florent Hanin — Angers,Antonino Gallo — Lecce,Giuseppe Pezzella — Empoli,Adrià Pedrosa — Sevilla,Frederic Guilbert — Lecce
Mihailo Ristić — Celta Vigo,Andrés García — Aston Villa,Hamari Traoré — Real Sociedad,Nathan Patterson — Everton,Nathaniel Clyne — Crystal Palace,Emil Krafth — Newcastle Utd
Lars Ritzka — St. Pauli,Oliver Scarles — West Ham,Adam Obert — Cagliari,Alfonso Espino — Rayo Vallecano,Ridgeciano Haps — Venezia,Jacques Ekomie — Angers
Andrew Robertson — Liverpool,Lewis Hall — Newcastle Utd,Lucas Digne — Aston Villa,Fran Garcia — Real Madrid,Lucas Vázquez — Real Madrid,Angeliño — Roma
Antonee Robinson — Fulham,Maximilian Mittelstädt — Stuttgart,Sergi Cardona — Villarreal,Aaron Wan-Bissaka — West Ham,Diogo Dalot — Manchester Utd,Dimitris Giannoulis — Augsburg
Javi Rodríguez — Celta Vigo,Tuta — Eint Frankfurt,Enzo Boyomo — Osasuna,Dean Huijsen — Bournemouth,Daniel Vivian — Athletic Club,Kike Salas — Sevilla
Ricardo Rodríguez — Betis,Borna Sosa — Torino,César Azpilicueta — Atlético Madrid,Hamari Traoré — Real Sociedad,Aihen Muñoz — Real Sociedad,Abner — Lyon
Mads Roerslev — Brentford,Ben White — Arsenal,Benjamin Henrichs — RB Leipzig,Kristoffer Ajer — Brentford,Luca Netz — Gladbach,Álex Moreno — Nott'ham Forest
Mads Roerslev — Wolfsburg,Fodé Ballo-Touré — Le Havre,Jordy Makengo — Freiburg,Hamari Traoré — Real Sociedad,Ángel Ortíz — Betis,Toni Lato — Mallorca
Alessio Romagnoli — Lazio,Mark McKenzie — Toulouse,Guillermo Maripán — Torino,Diego Llorente — Betis,Jonathan Gradit — Lens,Ibrahima Konaté — Liverpool
Carlos Romero — Espanyol,Adrià Pedrosa — Sevilla,Dennis Appiah — Saint-Étienne,Neco Williams — Nott'ham Forest,Valentin Rosier — Leganés,Manu Sánchez — Alavés
Cristian Romero — Tottenham,Juan Foyth — Villarreal,Alessandro Buongiorno — Napoli,Lisandro Martínez — Manchester Utd,Harry Maguire — Manchester Utd,Guillermo Maripán — Torino
Lasse Rosenboom — Holstein Kiel,Adam Obert — Cagliari,Timothee Pembele — Le Havre,Valentin Gendrey — Hoffenheim,Lukas Ullrich — Gladbach,Ben Johnson — Ipswich Town
Max Rosenfelder — Freiburg,Anthony Rouault — Stuttgart,Timothee Pembele — Le Havre,Abakar Sylla — Strasbourg,Kiliann Sildillia — Freiburg,Emmanuel Biumla — Angers
Valentin Rosier — Leganés,Adrià Pedrosa — Sevilla,Dennis Appiah — Saint-Étienne,Mika Mármol — Las Palmas,Pedro Pereira — Monza,Kingsley Ehizibue — Udinese
Tom Rothe — Union Berlin,Lasse Rosenboom — Holstein Kiel,Ridle Baku — RB Leipzig,Mats Wieffer — Brighton,Valentin Gendrey — Hoffenheim,Derrick Köhn — Werder Bremen
Anthony Rouault — Rennes,Trevoh Chalobah — Chelsea,Kevin Danso — Lens,Lilian Brassier — Marseille,Issa Diop — Fulham,Anrie Chase — Stuttgart
Anthony Rouault — Stuttgart,Jakub Kiwior — Arsenal,Gabriel Osho — Auxerre,Abakar Sylla — Strasbourg,Emmanuel Biumla — Angers,Éder Militão — Real Madrid
Amir Rrahmani — Napoli,Sam Beukema — Bologna,Virgil van Dijk — Liverpool,Levi Colwill — Chelsea,Jan Paul van Hecke — Brighton,Ibrahima Konaté — Liverpool
Antonio Rüdiger — Real Madrid,Federico Gatti — Juventus,Matteo Gabbia — Milan,Matthias Ginter — Freiburg,Ibrahima Konaté — Liverpool,Manuel Akanji — Manchester City
Matteo Ruggeri — Atalanta,Zeki Çelik — Roma,Andoni Gorosabel — Athletic Club,Nahuel Molina — Atlético Madrid,Hans Hateboer — Rennes,Fran Garcia — Real Madrid
Aitor Ruibal — Betis,Ruben Aguilar — Lens,Ridgeciano Haps — Venezia,Derrick Köhn — Werder Bremen,Ridle Baku — RB Leipzig,Jordan Zemura — Udinese
Julian Ryerson — Dortmund,Ki-Jana Hoever — Auxerre,Melvin Bard — Nice,Andrea Cambiaso — Juventus,Lucas Vázquez — Real Madrid,Adrià Pedrosa — Sevilla
Youssouf Sabaly — Betis,Jonas Föhrenbach — Heidenheim,Aurélio Buta — Reims,Andoni Gorosabel — Athletic Club,Timothy Castagne — Fulham,Alejandro Francés — Girona
Stefano Sabelli — Genoa,Carlens Arcus — Angers,Jonas Föhrenbach — Heidenheim,Aurélio Buta — Reims,Dimitri Foulquier — Valencia,Joël Veltman — Brighton
Falaye Sacko — Montpellier,Pierre Cornud — Saint-Étienne,Joël Schingtienne — Venezia,Antonio Candela — Valladolid,Luke Thomas — Leicester City,James Bree — Southampton
Alexis Saelemaekers — Roma,Denzel Dumfries — Inter,Timothy Weah — Juventus,Stephan El Shaarawy — Roma,Ali Abdi — Nice,Raphaël Guerreiro — Bayern Munich
Modibo Sagnan — Montpellier,Arthur Chaves — Hoffenheim,Andrea Carboni — Monza,Sinaly Diomande — Auxerre,Thomas Kristensen — Udinese,David Zec — Holstein Kiel
Théo Sainte-Luce — Montpellier,Timothee Pembele — Le Havre,Issiaga Sylla — Montpellier,Thierry Correia — Valencia,Mateu Morey — Mallorca,Lucas Mincarelli — Montpellier
Kike Salas — Sevilla,Leopold Querfeld — Union Berlin,Sinaly Diomande — Auxerre,Guillermo Maripán — Torino,Martin Valjent — Mallorca,Matthijs de Ligt — Manchester Utd
William Saliba — Arsenal,Kim Min-jae — Bayern Munich,Levi Colwill — Chelsea,Bafodé Diakité — Lille,Calvin Bassey — Fulham,Mario Gila — Lazio
Mohammed Salisu — Monaco,Ronald Araújo — Barcelona,Éder Militão — Real Madrid,Anthony Rouault — Stuttgart,Lloyd Kelly — Juventus,Odilon Kossounou — Atalanta
Yoann Salmier — Le Havre,Luca Caldirola — Monza,Juma Bah — Valladolid,Ricardo Pereira — Leicester City,Giangiacomo Magnani — Hellas Verona,Kevin Danso — Tottenham
Junior Sambia — Empoli,Nikolas Veratschnig — Mainz 05,Valentín Barco — Sevilla,Adam Dźwigała — St. Pauli,Niels Nkounkou — Eint Frankfurt,Benito Ramírez — Las Palmas
Javi Sánchez — Valladolid,David Zec — Holstein Kiel,Jakov Medić — Bochum,Modibo Sagnan — Montpellier,Emmanuel Agbadou — Wolves,Martin Valjent — Mallorca
Manu Sánchez — Alavés,Adrià Pedrosa — Sevilla,Pep Chavarría — Rayo Vallecano,Kingsley Ehizibue — Udinese,Jon Aramburu — Real Sociedad,Carlos Romero — Espanyol
Arouna Sangante — Le Havre,Trevoh Chalobah — Crystal Palace,David Zec — Holstein Kiel,Emmanuel Biumla — Angers,Jake O'Brien — Everton,Keven Schlotterbeck — Augsburg
Nhoa Sangui — Reims,Luca Netz — Gladbach,Henri Koudossou — Augsburg,Ramon Hendriks — Stuttgart,Brooke Norton-Cuffy — Genoa,Jesus Vazquez — Valencia
Tiago Santos — Lille,Alfonso Pedraza — Villarreal,Nicola Zalewski — Inter,Stefan Posch — Atalanta,Michael Kayode — Brentford,Devyne Rensch — Roma
Malang Sarr — Lens,Alberto Dossena — Como,Niklas Süle — Dortmund,Amos Pieper — Werder Bremen,Jakov Medić — Bochum,Tim Siersleben — Heidenheim
Mamadou Sarr — Strasbourg,Jarrad Branthwaite — Everton,Mark McKenzie — Toulouse,David Nemeth — St. Pauli,Isak Hien — Atalanta,Alessandro Buongiorno — Napoli
Nicolò Savona — Juventus,Jake O'Brien — Everton,Abner — Lyon,Nnamdi Collins — Eint Frankfurt,Riccardo Calafiori — Arsenal,Lukas Klostermann — RB Leipzig
Joe Scally — Gladbach,Dimitri Foulquier — Valencia,Javi López — Real Sociedad,Pep Chavarría — Rayo Vallecano,Valentino Livramento — Newcastle Utd,Gideon Mensah — Auxerre
Giorgio Scalvini — Atalanta,Ümit Akdag — Toulouse,Jorge Cuenca — Fulham,Jean-Kevin Duverne — Nantes,Harry Amass — Manchester Utd,Oliver Scarles — West Ham
Oliver Scarles — West Ham,Jacques Ekomie — Angers,Jean-Kevin Duverne — Nantes,Kosta Nedeljković — RB Leipzig,Welington — Southampton,Brooke Norton-Cuffy — Genoa
Fabian Schär — Newcastle Utd,Denis Vavro — Wolfsburg,Gianluca Mancini — Roma,Johan Vásquez — Genoa,Willi Orban — RB Leipzig,Matthias Ginter — Freiburg
Joël Schingtienne — Venezia,Jon Pacheco — Real Sociedad,Yoel Lago — Celta Vigo,Flavius Daniliuc — Hellas Verona,Saidou Sow — Strasbourg,Mohamed Abdelmoneim — Nice
Keven Schlotterbeck — Augsburg,Andreas Hanche-Olsen — Mainz 05,Christian Kabasele — Udinese,Arouna Sangante — Le Havre,Trevoh Chalobah — Crystal Palace,Domingos Duarte — Getafe
Nico Schlotterbeck — Dortmund,Jan Paul van Hecke — Brighton,Facundo Medina — Lens,Arthur Theate — Eint Frankfurt,Edmond Tapsoba — Leverkusen,Leonardo Balerdi — Marseille
Aleksandar Sedlar — Alavés,Emil Krafth — Newcastle Utd,Benoît Badiashile — Chelsea,Axel Witsel — Atlético Madrid,Toni Lato — Mallorca,Filippo Terracciano — Milan
Alidu Seidu — Rennes,Álex Valle — Como,Jean-Kevin Duverne — Nantes,Jaydee Canvot — Toulouse,Mërgim Vojvoda — Torino,Finn Jeltsch — Stuttgart
Hiroki Sekine — Reims,Jaydee Canvot — Toulouse,Flavius Daniliuc — Hellas Verona,Harry Amass — Manchester Utd,Axel Disasi — Aston Villa,Antonio Candela — Valladolid
Nélson Semedo — Wolves,Diogo Dalot — Manchester Utd,Adrià Pedrosa — Sevilla,Omar Traoré — Heidenheim,Kingsley Ehizibue — Udinese,Pedro Pereira — Monza
Marcos Senesi — Bournemouth,Tim Siersleben — Heidenheim,Kristoffer Ajer — Brentford,Adam Smith — Bournemouth,Aritz Elustondo — Real Sociedad,Wesley Fofana — Chelsea
Stephan El Shaarawy — Roma,Timothy Weah — Juventus,Ali Abdi — Nice,Ridle Baku — RB Leipzig,Raphaël Guerreiro — Bayern Munich,Aitor Ruibal — Betis
Luke Shaw — Manchester Utd,Abdukodir Khusanov — Manchester City,Oliver Scarles — West Ham,Ameen Al-Dakhil — Stuttgart,Kyle Walker — Milan,Hamari Traoré — Real Sociedad
Djibril Sidibé — Toulouse,Stefano Sabelli — Genoa,Óscar de Marcos — Athletic Club,Hans Hateboer — Rennes,Zeki Çelik — Roma,Joël Veltman — Brighton
Tim Siersleben — Heidenheim,Gaby Jean — Lecce,Alan Matturro — Genoa,Luca Marianucci — Empoli,Luke Thomas — Leicester City,Juan Herzog — Las Palmas
Kiliann Sildillia — Freiburg,Rodrigo Gomes — Wolves,Antoine Hainaut — Parma,Fabiano Parisi — Fiorentina,Jhoanner Chávez — Lens,Abner — Lyon
Wilfried Singo — Monaco,Alessandro Buongiorno — Napoli,Ibrahima Konaté — Liverpool,Robin Le Normand — Atlético Madrid,Jonathan Gradit — Lens,Jarrad Branthwaite — Everton
Robert Skov — Union Berlin,Darko Lazović — Hellas Verona,Jakub Kamiński — Wolfsburg,Frans Krätzig — Heidenheim,Alfonso Pedraza — Villarreal,Valentin Gendrey — Hoffenheim
Milan Škriniar — Paris S-G,Benoît Badiashile — Chelsea,Anrie Chase — Stuttgart,Abdukodir Khusanov — Manchester City,Lloyd Kelly — Juventus,Emil Krafth — Newcastle Utd
Adam Smith — Bournemouth,Mërgim Vojvoda — Torino,Marcos Senesi — Bournemouth,Stefan Posch — Bologna,Kristoffer Ajer — Brentford,Joël Veltman — Brighton
Eric Smith — St. Pauli,Lucas Digne — Aston Villa,Maximilian Wittek — Bochum,Pervis Estupiñán — Brighton,Murillo — Nott'ham Forest,Giorgos Kyriakopoulos — Monza
Ivan Smolčić — Como,Anrie Chase — Stuttgart,Stefan Posch — Atalanta,Facundo Garcés — Alavés,Lilian Brassier — Marseille,Sven Botman — Newcastle Utd
Oumar Solet — Udinese,Joseph Okumu — Reims,Lisandro Martínez — Manchester Utd,Emmanuel Agbadou — Wolves,Emmanuel Agbadou — Reims,Fali Candé — Venezia
Borna Sosa — Torino,Mërgim Vojvoda — Torino,Ricardo Rodríguez — Betis,Aihen Muñoz — Real Sociedad,Luke Thomas — Leicester City,Jesus Vazquez — Valencia
Saidou Sow — Strasbourg,Kevin Danso — Tottenham,Radu Drăgușin — Tottenham,Micky van de Ven — Tottenham,Anrie Chase — Stuttgart,Juma Bah — Valladolid
Saidou Sow — Nantes,Emmanuel Biumla — Angers,Juma Bah — Valladolid,Saidou Sow — Strasbourg,Yoann Salmier — Le Havre,Lucas Mincarelli — Montpellier
Djed Spence — Tottenham,Ki-Jana Hoever — Auxerre,Oumar Solet — Udinese,Gabriel Gudmundsson — Lille,Rico Lewis — Manchester City,Melvin Bard — Nice
Leonardo Spinazzola — Napoli,Manuel Lazzari — Lazio,Josha Vagnoman — Stuttgart,Gabriel Gudmundsson — Lille,Alphonso Davies — Bayern Munich,Derrick Köhn — Werder Bremen
Josip Stanišić — Bayern Munich,Micky van de Ven — Tottenham,Ben White — Arsenal,Trevoh Chalobah — Chelsea,Danilo — Juventus,Éder Militão — Real Madrid
Carl Starfelt — Celta Vigo,Diego Llorente — Betis,Lukas Klostermann — RB Leipzig,Natan — Betis,Matteo Gabbia — Milan,José María Giménez — Atlético Madrid
Niklas Stark — Werder Bremen,Pablo Marí — Monza,Alberto Dossena — Como,Konstantinos Mavropanos — West Ham,Jarrad Branthwaite — Everton,Joseph Okumu — Reims
Pascal Stenzel — Stuttgart,Robert Gumny — Augsburg,Paulo Azzi — Cagliari,Benito Ramírez — Las Palmas,Oleksandr Zinchenko — Arsenal,Fredrik Oppegard — Auxerre
Jack Stephens — Southampton,Danilo D'Ambrosio — Monza,Gabriel Osho — Auxerre,Aritz Elustondo — Real Sociedad,Caleb Okoli — Leicester City,Conor Coady — Leicester City
Leonidas Stergiou — Stuttgart,Dani Carvajal — Real Madrid,Mërgim Vojvoda — Como,Lucas Martínez Quarta — Fiorentina,Ronald Araújo — Barcelona,Julián Malatini — Werder Bremen
John Stones — Manchester City,Axel Disasi — Chelsea,Lucas Martínez Quarta — Fiorentina,Fernando Calero — Espanyol,Julián Malatini — Werder Bremen,Patric — Lazio
Álex Suárez — Las Palmas,Nicolas Pallois — Nantes,Lewis Dunk — Brighton,Brendan Chardonnet — Brest,Guillermo Maripán — Torino,David Nemeth — St. Pauli
Gabriel Suazo — Toulouse,Lucas Vázquez — Real Madrid,Djibril Sidibé — Toulouse,Phillipp Mwene — Mainz 05,Matheus Nunes — Manchester City,Lewis Hall — Newcastle Utd
Yukinari Sugawara — Southampton,Marnon Busch — Heidenheim,Domagoj Bradarić — Hellas Verona,Ridgeciano Haps — Venezia,Jonas Föhrenbach — Heidenheim,Jordan Zemura — Udinese
Niklas Süle — Dortmund,Adam Webster — Brighton,Micky van de Ven — Tottenham,Odilon Kossounou — Atalanta,Issa Diop — Fulham,Anrie Chase — Stuttgart
Daniel Svensson — Dortmund,Mërgim Vojvoda — Como,Abner — Lyon,Nico O’Reilly — Manchester City,Gerard Martín — Barcelona,Sacha Boey — Bayern Munich
Abakar Sylla — Strasbourg,Anthony Rouault — Stuttgart,Issa Diop — Fulham,Max Rosenfelder — Freiburg,Giangiacomo Magnani — Hellas Verona,Willy Kambwala — Villarreal
Issiaga Sylla — Montpellier,Théo Sainte-Luce — Montpellier,Kristoffer Ajer — Brentford,Ridgeciano Haps — Venezia,Timothee Pembele — Le Havre,Mërgim Vojvoda — Torino
Nicolás Tagliafico — Lyon,Strahinja Pavlović — Milan,Mathías Olivera — Napoli,Thomas Meunier — Lille,Kenny Tete — Fulham,Nicolas Cozza — Nantes
Jonathan Tah — Leverkusen,Daniel Vivian — Athletic Club,Thilo Kehrer — Monaco,Robin Koch — Eint Frankfurt,Kim Min-jae — Bayern Munich,Dayot Upamecano — Bayern Munich
Edmond Tapsoba — Leverkusen,Aurélien Tchouaméni — Real Madrid,Mario Gila — Lazio,Manuel Akanji — Manchester City,Ibrahima Konaté — Liverpool,Sam Beukema — Bologna
James Tarkowski — Everton,Brendan Chardonnet — Brest,Yerry Mina — Cagliari,Jordan Lefort — Angers,Patrick Mainka — Heidenheim,Marash Kumbulla — Espanyol
César Tárrega — Valencia,Saúl Coco — Torino,Marash Kumbulla — Espanyol,Diego Llorente — Betis,Jaka Bijol — Udinese,Federico Baschirotto — Lecce
Nuno Tavares — Lazio,Raoul Bellanova — Atalanta,Deiver Machado — Lens,Matheus Nunes — Manchester City,Diego Moreira — Strasbourg,Julian Ryerson — Dortmund
Charlie Taylor — Southampton,Arvid Brorsson — Monza,Joseph Aidoo — Valladolid,Jorge Cuenca — Fulham,Tomás Palacios — Monza,Nathan Aké — Manchester City
Jackson Tchatchoua — Hellas Verona,Sergio Akieme — Reims,Pedro Pereira — Monza,Romain Perraud — Betis,Vitaliy Mykolenko — Everton,Kingsley Ehizibue — Udinese
Enzo Tchato — Montpellier,Jonas Föhrenbach — Heidenheim,Carlens Arcus — Angers,Aurélio Buta — Reims,Luis Pérez — Valladolid,Javi López — Real Sociedad
Aurélien Tchouaméni — Real Madrid,Edmond Tapsoba — Leverkusen,Sam Beukema — Bologna,Ibrahima Konaté — Liverpool,Lucas Beraldo — Paris S-G,Illia Zabarnyi — Bournemouth
Nahuel Tenaglia — Alavés,Nicolás Tagliafico — Lyon,Neco Williams — Nott'ham Forest,James Justin — Leicester City,Diego Rico — Getafe,Mathías Olivera — Napoli
Filippo Terracciano — Milan,Emil Krafth — Newcastle Utd,Noahkai Banks — Augsburg,Jarell Quansah — Liverpool,Ivan Smolčić — Como,Oliver Scarles — West Ham
Kenny Tete — Fulham,Zeki Çelik — Roma,Emerson — Milan,Aurélio Buta — Reims,Timothy Castagne — Fulham,Jonas Föhrenbach — Heidenheim
Jordan Teze — Monaco,Kassoum Ouattara — Monaco,Nordi Mukiele — Leverkusen,Nicola Zalewski — Inter,Krépin Diatta — Monaco,Pol Lirola — Marseille
Arthur Theate — Eint Frankfurt,Marc-Oliver Kempf — Como,Facundo Medina — Lens,Nico Schlotterbeck — Dortmund,Jan Paul van Hecke — Brighton,Edmond Tapsoba — Leverkusen
Malick Thiaw — Milan,Carlos Dominguez — Celta Vigo,José María Giménez — Atlético Madrid,Stanley N'Soki — Hoffenheim,Julien Le Cardinal — Brest,Issa Diop — Fulham
Luke Thomas — Leicester City,James Bree — Southampton,Tim Siersleben — Heidenheim,Alejandro Francés — Girona,Hiroki Sekine — Reims,Mateu Morey — Mallorca
Jurriën Timber — Arsenal,Alphonso Davies — Bayern Munich,Fran Garcia — Real Madrid,Konrad Laimer — Bayern Munich,Mathías Olivera — Napoli,Matty Cash — Aston Villa
Jean-Clair Todibo — West Ham,Amos Pieper — Werder Bremen,Marko Ivezić — Holstein Kiel,David Nemeth — St. Pauli,Nathan Zeze — Nantes,Andrea Carboni — Monza
John Tolkin — Holstein Kiel,Welington — Southampton,Ángel Ortíz — Betis,Tymoteusz Puchacz — Holstein Kiel,Martin Frese — Hellas Verona,Brooke Norton-Cuffy — Genoa
Rafael Tolói — Atalanta,Iñigo Lekue — Athletic Club,Jonny Evans — Manchester Utd,Kyle Walker — Milan,Axel Disasi — Aston Villa,Davide Calabria — Milan
Fikayo Tomori — Milan,Pablo Marí — Monza,Yeray Álvarez — Athletic Club,Jean-Clair Todibo — West Ham,Marco Komenda — Holstein Kiel,Ben Davies — Tottenham
Pau Torres — Aston Villa,Aïssa Mandi — Lille,Ben Davies — Tottenham,Amos Pieper — Werder Bremen,José María Giménez — Atlético Madrid,Jonathan Gradit — Lens
Conor Townsend — Ipswich Town,Martin Frese — Hellas Verona,Facundo Garcés — Alavés,Hamari Traoré — Real Sociedad,Sergi Gómez — Espanyol,Jean-Kevin Duverne — Nantes
Hamari Traoré — Real Sociedad,Jean-Kevin Duverne — Nantes,Fodé Ballo-Touré — Le Havre,Kyle Walker — Milan,Nathan Aké — Manchester City,Alidu Seidu — Rennes
Omar Traoré — Heidenheim,Pep Chavarría — Rayo Vallecano,Adrià Pedrosa — Sevilla,Dimitri Foulquier — Valencia,Joe Scally — Gladbach,Ola Aina — Nott'ham Forest
Christopher Trimmel — Union Berlin,Charalambos Lykogiannis — Bologna,Josip Juranović — Union Berlin,Yanis Zouaoui — Le Havre,Ryan Manning — Southampton,Valentino Lazaro — Torino
Kieran Trippier — Newcastle Utd,Josip Juranović — Union Berlin,Pervis Estupiñán — Brighton,Phillipp Mwene — Mainz 05,Christopher Trimmel — Union Berlin,Reece James — Chelsea
Adrien Truffert — Rennes,Miguel Gutiérrez — Girona,Giuseppe Pezzella — Empoli,Pervis Estupiñán — Brighton,Lucas Vázquez — Real Madrid,Dimitris Giannoulis — Augsburg
Axel Tuanzebe — Ipswich Town,Marin Pongračić — Fiorentina,Paweł Dawidowicz — Hellas Verona,Luke Thomas — Leicester City,Stanley N'Soki — Hoffenheim,Cedric Zesiger — Augsburg
Tuta — Eint Frankfurt,Diego Llorente — Betis,Enzo Boyomo — Osasuna,Lisandro Martínez — Manchester Utd,Guillermo Maripán — Torino,Saúl Coco — Torino
Destiny Udogie — Tottenham,Dimitri Foulquier — Valencia,Carlens Arcus — Angers,Aurélio Buta — Reims,Gideon Mensah — Auxerre,Fran Garcia — Real Madrid
Lukas Ullrich — Gladbach,Josha Vagnoman — Stuttgart,Aurélio Buta — Reims,Timothy Castagne — Fulham,Lasse Rosenboom — Holstein Kiel,Matty Cash — Aston Villa
Dayot Upamecano — Bayern Munich,Kim Min-jae — Bayern Munich,Lucas Beraldo — Paris S-G,Marquinhos — Paris S-G,Eric Dier — Bayern Munich,Thilo Kehrer — Monaco
Josha Vagnoman — Stuttgart,Valentin Gendrey — Hoffenheim,Lukas Ullrich — Gladbach,Kristoffer Ajer — Brentford,Emerson — Milan,Timothy Castagne — Fulham
Lautaro Valenti — Parma,Anthony Rouault — Stuttgart,Marin Pongračić — Fiorentina,Gabriel Osho — Auxerre,Maxime Bernauer — Saint-Étienne,Axel Tuanzebe — Ipswich Town
Nicolás Valentini — Hellas Verona,Maxime Bernauer — Saint-Étienne,Juan Berrocal — Getafe,Andreas Hanche-Olsen — Mainz 05,Jaydee Canvot — Toulouse,Paweł Dawidowicz — Hellas Verona
Emanuele Valeri — Parma,Hassane Kamara — Udinese,Nélson Semedo — Wolves,Sergio Akieme — Reims,Felix Passlack — Bochum,Florent Hanin — Angers
Martin Valjent — Mallorca,Ko Itakura — Gladbach,Abdul Mumin — Rayo Vallecano,Diego Llorente — Betis,Marash Kumbulla — Espanyol,Lukas Klostermann — RB Leipzig
Álex Valle — Como,Alidu Seidu — Rennes,Jaydee Canvot — Toulouse,Sael Kumbedi — Lyon,Antoine Mendy — Nice,Adama Boiro — Athletic Club
Ignace Van Der Brempt — Como,Timothee Pembele — Le Havre,Sael Kumbedi — Lyon,Antoine Mendy — Nice,Timothy Castagne — Fulham,Emerson — Milan
Siebe Van Der Heyden — St. Pauli,Patric — Lazio,Alessandro Vogliacco — Genoa,Aitor Paredes — Athletic Club,Dani Carvajal — Real Madrid,Miloš Veljković — Werder Bremen
Virgil van Dijk — Liverpool,Amir Rrahmani — Napoli,Jonathan Tah — Leverkusen,Kim Min-jae — Bayern Munich,Levi Colwill — Chelsea,Jan Paul van Hecke — Brighton
Vanderson — Monaco,Melvin Bard — Nice,Ainsley Maitland-Niles — Lyon,Ki-Jana Hoever — Auxerre,Diogo Dalot — Manchester Utd,Julian Ryerson — Dortmund
Johan Vásquez — Genoa,Marash Kumbulla — Espanyol,Patrick Mainka — Heidenheim,Ko Itakura — Gladbach,Saúl Coco — Torino,Antonio Raillo — Mallorca
Denis Vavro — Wolfsburg,Marc Bartra — Betis,Konstantinos Koulierakis — Wolfsburg,Robin Koch — Eint Frankfurt,Diego Llorente — Betis,Martin Valjent — Mallorca
Jesus Vazquez — Valencia,Mateu Morey — Mallorca,Aihen Muñoz — Real Sociedad,Jacques Ekomie — Angers,Oliver Scarles — West Ham,Henri Koudossou — Augsburg
Lucas Vázquez — Real Madrid,Matheus Nunes — Manchester City,Marcos Llorente — Atlético Madrid,Fran Garcia — Real Madrid,Konrad Laimer — Bayern Munich,Ainsley Maitland-Niles — Lyon
Danilo Veiga — Lecce,Niels Nkounkou — Eint Frankfurt,Nicola Zalewski — Roma,Nikolas Veratschnig — Mainz 05,Nathan Patterson — Everton,Fredrik Oppegard — Auxerre
Renato Veiga — Juventus,Jérémy Jacquet — Rennes,Abdukodir Khusanov — Lens,Kevin Danso — Tottenham,Odilon Kossounou — Atalanta,Éder Militão — Real Madrid
Miloš Veljković — Werder Bremen,Saidou Sow — Strasbourg,Maximilian Bauer — Augsburg,Tim Siersleben — Heidenheim,Danilo — Juventus,Diego Carlos — Aston Villa
Joël Veltman — Brighton,Emerson — Milan,Aurélio Buta — Reims,Timothy Castagne — Fulham,Youssouf Sabaly — Betis,Hans Hateboer — Rennes
Micky van de Ven — Tottenham,Trevoh Chalobah — Chelsea,Saidou Sow — Strasbourg,Niklas Süle — Dortmund,Éder Militão — Real Madrid,Odilon Kossounou — Atalanta
Nikolas Veratschnig — Mainz 05,Fredrik Oppegard — Auxerre,Valentín Barco — Sevilla,Kosta Nedeljković — RB Leipzig,Danilo Veiga — Lecce,Niels Nkounkou — Eint Frankfurt
Jannik Vestergaard — Leicester City,Ben Davies — Tottenham,Luca Caldirola — Monza,Julien Le Cardinal — Brest,Becir Omeragic — Montpellier,Abdoulaye Bamba — Angers
Mattia Viti — Empoli,Arthur Chaves — Hoffenheim,Saba Goglichidze — Empoli,Jacob Greaves — Ipswich Town,Enzo Boyomo — Osasuna,Benedikt Gimber — Heidenheim
Daniel Vivian — Athletic Club,Thilo Kehrer — Monaco,Dean Huijsen — Bournemouth,Jonathan Tah — Leverkusen,Javi Rodríguez — Celta Vigo,Diego Llorente — Betis
Alessandro Vogliacco — Genoa,Sebastiaan Bornauw — Wolfsburg,Maxim Leitsch — Mainz 05,José Luis Palomino — Cagliari,Giangiacomo Magnani — Hellas Verona,Mattia De Sciglio — Empoli
Alessandro Vogliacco — Parma,Juma Bah — Lens,Juma Bah — Valladolid,Maximilian Bauer — Augsburg,Gaby Jean — Lecce,Giorgio Altare — Venezia
Kevin Vogt — Union Berlin,Ben Davies — Tottenham,Abdoulaye Bamba — Angers,Aritz Elustondo — Real Sociedad,Nathan Aké — Manchester City,Mattia Bani — Genoa
Mërgim Vojvoda — Torino,Kyle Walker — Manchester City,Borna Sosa — Torino,Alidu Seidu — Rennes,Hiroki Sekine — Reims,Stefan Posch — Bologna
Mërgim Vojvoda — Como,Daniel Svensson — Dortmund,Kiliann Sildillia — Freiburg,Ferdi Kadioglu — Brighton,Nicola Zalewski — Inter,Pol Lirola — Marseille
Stefan de Vrij — Inter,Eric Dier — Bayern Munich,Tosin Adarabioyo — Chelsea,Matteo Gabbia — Milan,Robin Le Normand — Atlético Madrid,Alessandro Buongiorno — Napoli
Hauke Wahl — St. Pauli,Jonathan Gradit — Lens,Jarrad Branthwaite — Everton,Wout Faes — Leicester City,Jordan Lefort — Angers,Guillermo Maripán — Torino
Kyle Walker — Manchester City,Mërgim Vojvoda — Torino,Jordan Amavi — Brest,Vladimír Coufal — West Ham,Kyle Walker — Milan,Flavius Daniliuc — Hellas Verona
Kyle Walker — Milan,Hamari Traoré — Real Sociedad,Aaron Cresswell — West Ham,Rafael Tolói — Atalanta,Axel Disasi — Aston Villa,Nathan Aké — Manchester City
Kyle Walker-Peters — Southampton,Omar Traoré — Heidenheim,Diogo Dalot — Manchester Utd,Nélson Semedo — Wolves,Aaron Wan-Bissaka — West Ham,Arnau Martinez — Girona
Sebastian Walukiewicz — Torino,Alejandro Francés — Girona,Amos Pieper — Werder Bremen,Kristoffer Ajer — Brentford,Jean-Clair Todibo — West Ham,Aurélio Buta — Reims
Aaron Wan-Bissaka — West Ham,Andrei Ratiu — Rayo Vallecano,Diogo Dalot — Manchester Utd,Dimitris Giannoulis — Augsburg,Nélson Semedo — Wolves,Lorenz Assignon — Rennes
Timothy Weah — Juventus,Ali Abdi — Nice,Carlos Augusto — Inter,Derrick Köhn — Werder Bremen,Samuele Birindelli — Monza,Lukas Kübler — Freiburg
Adam Webster — Brighton,Niklas Süle — Dortmund,Kevin Danso — Lens,Micky van de Ven — Tottenham,Wesley Fofana — Chelsea,Pablo Marí — Fiorentina
Mitchell Weiser — Werder Bremen,Rayan Aït-Nouri — Wolves,Lorenz Assignon — Rennes,Jeremie Frimpong — Leverkusen,Anthony Caci — Mainz 05,Diego Moreira — Strasbourg
Welington — Southampton,Oliver Scarles — West Ham,Martin Frese — Hellas Verona,Jean-Kevin Duverne — Nantes,Ricardo Pereira — Leicester City,Tomás Palacios — Monza
Ben White — Arsenal,Mads Roerslev — Brentford,Stefan Posch — Bologna,Abner — Lyon,Benjamin Henrichs — RB Leipzig,Kristoffer Ajer — Brentford
Silvan Widmer — Mainz 05,Rui Modesto — Udinese,Henri Koudossou — Augsburg,Krépin Diatta — Monaco,Emil Krafth — Newcastle Utd,Luca Netz — Gladbach
Mats Wieffer — Brighton,Aitor Ruibal — Betis,Emil Holm — Bologna,Adam Obert — Cagliari,Ruben Aguilar — Lens,Ignace Van Der Brempt — Como
Caleb Wiley — Strasbourg,Dominik Javorček — Holstein Kiel,Kassoum Ouattara — Monaco,Kosta Nedeljković — RB Leipzig,Ángel Ortíz — Betis,Andrés García — Aston Villa
Neco Williams — Nott'ham Forest,Carlos Romero — Espanyol,Adrià Pedrosa — Sevilla,Kingsley Ehizibue — Udinese,Ainsley Maitland-Niles — Lyon,Valentin Rosier — Leganés
Axel Witsel — Atlético Madrid,Juan Jesus — Napoli,Mats Hummels — Roma,Ferland Mendy — Real Madrid,Aleksandar Sedlar — Alavés,Mohamed Abdelmoneim — Nice
Maximilian Wittek — Bochum,Leif Davis — Ipswich Town,Lucas Digne — Aston Villa,Eric Smith — St. Pauli,Adrien Truffert — Rennes,Giorgos Kyriakopoulos — Monza
Marius Wolf — Augsburg,Adrià Pedrosa — Sevilla,Domagoj Bradarić — Hellas Verona,Valentino Lazaro — Torino,Christian Günter — Freiburg,David Raum — RB Leipzig
Christopher Wooh — Rennes,Moritz Jenz — Mainz 05,Alberto Dossena — Como,Nathan Zeze — Nantes,Issa Diop — Fulham,Tim Siersleben — Heidenheim
Luke Woolfenden — Ipswich Town,Cenk Özkacar — Valladolid,Radu Drăgușin — Tottenham,Juan Herzog — Las Palmas,Saidou Sow — Strasbourg,Juma Bah — Valladolid
Leny Yoro — Manchester Utd,Jaydee Canvot — Toulouse,Ramon Hendriks — Stuttgart,Issa Diop — Fulham,Jon Pacheco — Real Sociedad,Finn Jeltsch — Stuttgart
Ashley Young — Everton,Stefano Sabelli — Genoa,Djibril Sidibé — Toulouse,Carlens Arcus — Angers,Dimitri Foulquier — Valencia,Hassane Kamara — Udinese
Etienne Youte Kinkoue — Le Havre,Scott McKenna — Las Palmas,Jean-Charles Castelletto — Nantes,Dylan Batubinsika — Saint-Étienne,Eray Cömert — Valladolid,Alberto Dossena — Como
Illia Zabarnyi — Bournemouth,Moussa Niakhate — Lyon,Sam Beukema — Bologna,Mario Gila — Lazio,Ibrahima Konaté — Liverpool,Aurélien Tchouaméni — Real Madrid
Nicola Zalewski — Roma,Niels Nkounkou — Eint Frankfurt,Danilo Veiga — Lecce,David Jurásek — Hoffenheim,Kassoum Ouattara — Monaco,Fredrik Oppegard — Auxerre
Nicola Zalewski — Inter,Alfonso Pedraza — Villarreal,Mahamadou Nagida — Rennes,Kassoum Ouattara — Monaco,Mërgim Vojvoda — Como,Nico O’Reilly — Manchester City
Gabriele Zappa — Cagliari,Pep Chavarría — Rayo Vallecano,Arnau Martinez — Girona,Mika Mármol — Las Palmas,Adrià Pedrosa — Sevilla,Sergio Akieme — Reims
Davide Zappacosta — Atalanta,Timothy Weah — Juventus,Thomas Meunier — Lille,Adam Marušić — Lazio,Christian Günter — Freiburg,Quentin Merlin — Marseille
David Zec — Holstein Kiel,Jakov Medić — Bochum,Fali Candé — Venezia,Emmanuel Agbadou — Wolves,Gabriel Osho — Auxerre,Arouna Sangante — Le Havre
Jordan Zemura — Udinese,Timothee Pembele — Le Havre,Derrick Köhn — Werder Bremen,Ridgeciano Haps — Venezia,Aitor Ruibal — Betis,Adam Obert — Cagliari
Alessio Zerbin — Venezia,Domagoj Bradarić — Hellas Verona,Kingsley Ehizibue — Udinese,Adrià Pedrosa — Sevilla,Valentin Gendrey — Hoffenheim,Josha Vagnoman — Stuttgart
Cedric Zesiger — Augsburg,Micky van de Ven — Tottenham,Trevoh Chalobah — Chelsea,Kevin Danso — Lens,Axel Tuanzebe — Ipswich Town,Maxime Bernauer — Saint-Étienne
Cedric Zesiger — Wolfsburg,Alan Matturro — Genoa,Giorgio Altare — Venezia,Axel Disasi — Aston Villa,Facundo Garcés — Alavés,Lamare Bogarde — Aston Villa
Nathan Zeze — Nantes,David Nemeth — St. Pauli,Amos Pieper — Werder Bremen,Jean-Clair Todibo — West Ham,Marko Ivezić — Holstein Kiel,Jaydee Canvot — Toulouse
Oleksandr Zinchenko — Arsenal,Alberto costa — Juventus,Antoine Mendy — Nice,James Hill — Bournemouth,Rafik Messali — Toulouse,Héctor Fort — Barcelona
Luck Zogbé — Brest,Antoine Mendy — Nice,Mateu Morey — Mallorca,Jesus Vazquez — Valencia,Ignace Van Der Brempt — Como,Jacques Ekomie — Angers
Nadir Zortea — Cagliari,Joakim Mæhle — Wolfsburg,Lorenz Assignon — Rennes,Timothy Weah — Juventus,Davide Zappacosta — Atalanta,Sergio Akieme — Reims
Yanis Zouaoui — Le Havre,Josip Juranović — Union Berlin,Ryan Manning — Southampton,Charalambos Lykogiannis — Bologna,Cristiano Biraghi — Torino,Christopher Operi — Le Havre
Igor Zubeldia — Real Sociedad,Jonathan Gradit — Lens,Guillermo Maripán — Torino,Loïc Bade — Sevilla,Pau Torres — Aston Villa,Andrea Carboni — Monza
Julen Agirrezabala — Athletic Club,Radosław Majecki — Monaco,Razvan Sava — Udinese,Philipp Köhn — Monaco,Stefan Ortega — Manchester City,Thomas Dähne — Holstein Kiel
Alisson — Liverpool,Lukáš Hrádecký — Leverkusen,Marco Carnesecchi — Atalanta,Yann Sommer — Inter,Lucas Chevalier — Lille,Jan Oblak — Atlético Madrid
Alphonse Areola — West Ham,Nicola Leali — Genoa,Maduka Okoye — Udinese,Brice Samba — Rennes,Péter Gulácsi — RB Leipzig,Mads Hermansen — Leicester City
Kepa Arrizabalaga — Bournemouth,Frederik Rønnow — Union Berlin,Yehvann Diouf — Reims,Joan García — Espanyol,Mile Svilar — Roma,Nick Pope — Newcastle Utd
Noah Atubolu — Freiburg,Dominik Greif — Mallorca,Álex Remiro — Real Sociedad,Péter Gulácsi — RB Leipzig,Kevin Trapp — Eint Frankfurt,Guglielmo Vicario — Tottenham
Emil Audero — Como,Alexander Schwolow — Union Berlin,André Ferreira — Valladolid,Nediljko Labrović — Augsburg,Thomas Dähne — Holstein Kiel,Sam Johnstone — Wolves
Augusto Batalla — Rayo Vallecano,André Onana — Manchester Utd,José Sá — Wolves,Sergio Herrera — Osasuna,Álex Remiro — Real Sociedad,Dominik Greif — Mallorca
Oliver Baumann — Hoffenheim,Lucas Chevalier — Lille,André Onana — Manchester Utd,Kamil Grabara — Wolfsburg,Ørjan Nyland — Sevilla,Alisson — Liverpool
Altay Bayındır — Manchester Utd,Iván Villar — Celta Vigo,Joe Lumley — Southampton,Kjetil Haug — Toulouse,Luca Philipp — Hoffenheim,Florian Müller — Freiburg
Dimitry Bertaud — Montpellier,André Ferreira — Valladolid,Luca Philipp — Hoffenheim,Emil Audero — Como,Alex McCarthy — Southampton,Florian Müller — Freiburg
Marco Bizot — Brest,Álex Remiro — Real Sociedad,Péter Gulácsi — RB Leipzig,Kevin Müller — Heidenheim,Jasper Cillessen — Las Palmas,Wladimiro Falcone — Lecce
Jean Butez — Como,Rui Silva — Betis,Elia Caprile — Cagliari,Philipp Köhn — Monaco,Stefan Ortega — Manchester City,Radosław Majecki — Monaco
Marcin Bułka — Nice,Thibaut Courtois — Real Madrid,Marco Carnesecchi — Atalanta,Mile Svilar — Roma,Noah Atubolu — Freiburg,Guillaume Restes — Toulouse
Elia Caprile — Cagliari,Finn Dahmen — Augsburg,Brice Samba — Rennes,Radosław Majecki — Monaco,Nediljko Labrović — Augsburg,Arthur Desmas — Le Havre
Elia Caprile — Napoli,Josep Martinez — Inter,Mattia Perin — Juventus,Marius Müller — Wolfsburg,Matej Kovar — Leverkusen,Matvei Safonov — Paris S-G
Dani Cárdenas — Rayo Vallecano,Leo Román — Mallorca,Luca Philipp — Hoffenheim,Alen Sherri — Cagliari,Pietro Terracciano — Fiorentina,Patrik Carlgren — Nantes
Patrik Carlgren — Nantes,Marius Müller — Wolfsburg,Kjetil Haug — Toulouse,Florian Müller — Freiburg,Pietro Terracciano — Fiorentina,Dani Cárdenas — Rayo Vallecano
Marco Carnesecchi — Atalanta,Jan Oblak — Atlético Madrid,Michele Di Gregorio — Juventus,Lukáš Hrádecký — Leverkusen,Yann Sommer — Inter,Alex Meret — Napoli
Lucas Chevalier — Lille,André Onana — Manchester Utd,Alisson — Liverpool,Michele Di Gregorio — Juventus,Marco Carnesecchi — Atalanta,Álex Remiro — Real Sociedad
Jasper Cillessen — Las Palmas,Anthony Lopes — Nantes,Kevin Trapp — Eint Frankfurt,Péter Gulácsi — RB Leipzig,Marco Bizot — Brest,Mads Hermansen — Leicester City
Diego Conde — Villarreal,Brice Samba — Rennes,Gianluigi Donnarumma — Paris S-G,Philipp Köhn — Monaco,Radosław Majecki — Monaco,Anthony Lopes — Nantes
Thibaut Courtois — Real Madrid,Marcin Bułka — Nice,Yann Sommer — Inter,Michele Di Gregorio — Juventus,Marco Carnesecchi — Atalanta,Jan Oblak — Atlético Madrid
Finn Dahmen — Augsburg,Elia Caprile — Cagliari,Brice Samba — Rennes,Philipp Köhn — Monaco,Nicola Leali — Genoa,Moritz Nicolas — Gladbach
Thomas Dähne — Holstein Kiel,Alex McCarthy — Southampton,Karl-Johan Johnsson — Strasbourg,Fraser Forster — Tottenham,Stefan Ortega — Manchester City,Nediljko Labrović — Augsburg
Arthur Desmas — Le Havre,Thomas Dähne — Holstein Kiel,Nediljko Labrović — Augsburg,Brice Samba — Rennes,Elia Caprile — Cagliari,Stefan Ortega — Manchester City
Michele Di Gregorio — Juventus,Marco Carnesecchi — Atalanta,Jan Oblak — Atlético Madrid,Péter Gulácsi — RB Leipzig,Lukáš Hrádecký — Leverkusen,Noah Atubolu — Freiburg
Stole Dimitrievski — Valencia,Joe Lumley — Southampton,Pietro Terracciano — Fiorentina,Florian Müller — Freiburg,Luca Philipp — Hoffenheim,Dani Cárdenas — Rayo Vallecano
Yehvann Diouf — Reims,Joan García — Espanyol,Frederik Rønnow — Union Berlin,Kepa Arrizabalaga — Bournemouth,Robin Zentner — Mainz 05,Dean Henderson — Crystal Palace
Marko Dmitrović — Leganés,Wladimiro Falcone — Lecce,Marco Bizot — Brest,Sergio Herrera — Osasuna,Lorenzo Montipò — Hellas Verona,Devis Vásquez — Empoli
Gianluigi Donnarumma — Paris S-G,Philipp Köhn — Monaco,Radosław Majecki — Monaco,Brice Samba — Rennes,Lukáš Hrádecký — Leverkusen,Marc-André ter Stegen — Barcelona
Patrick Drewes — Bochum,Arthur Desmas — Le Havre,Timon Weiner — Holstein Kiel,Nediljko Labrović — Augsburg,Stefano Turati — Monza,Elia Caprile — Cagliari
Martin Dúbravka — Newcastle Utd,Mattia Perin — Juventus,Radosław Majecki — Monaco,Matej Kovar — Leverkusen,Pietro Terracciano — Fiorentina,Josep Martinez — Inter
Ederson — Manchester City,Alexander Nübel — Stuttgart,David de Gea — Fiorentina,Andriy Lunin — Real Madrid,Diego Conde — Villarreal,Donovan Léon — Auxerre
Łukasz Fabiański — West Ham,Stefan Ortega — Manchester City,Pepe Reina — Como,Thomas Dähne — Holstein Kiel,Fraser Forster — Tottenham,Patrik Carlgren — Nantes
Wladimiro Falcone — Lecce,Stefano Turati — Monza,Marko Dmitrović — Leganés,Benjamin Lecomte — Montpellier,Marco Bizot — Brest,Timon Weiner — Holstein Kiel
André Ferreira — Valladolid,Dimitry Bertaud — Montpellier,Emil Audero — Como,Alexander Schwolow — Union Berlin,Luca Philipp — Hoffenheim,Sam Johnstone — Wolves
Mark Flekken — Brentford,Bernd Leno — Fulham,Donovan Léon — Auxerre,Emiliano Martínez — Aston Villa,Sergio Herrera — Osasuna,André Onana — Manchester Utd
Yahia Fofana — Angers,Dominik Greif — Mallorca,Devis Vásquez — Empoli,Stefano Turati — Monza,Kamil Grabara — Wolfsburg,Noah Atubolu — Freiburg
Fraser Forster — Tottenham,Karl-Johan Johnsson — Strasbourg,Thomas Dähne — Holstein Kiel,Alex McCarthy — Southampton,Alexander Schwolow — Union Berlin,Joe Lumley — Southampton
Joan García — Espanyol,Yehvann Diouf — Reims,Frederik Rønnow — Union Berlin,Kepa Arrizabalaga — Bournemouth,Mile Svilar — Roma,Robin Zentner — Mainz 05
Paulo Gazzaniga — Girona,Álex Remiro — Real Sociedad,Dominik Greif — Mallorca,André Onana — Manchester Utd,Péter Gulácsi — RB Leipzig,Kevin Trapp — Eint Frankfurt
David de Gea — Fiorentina,Alexander Nübel — Stuttgart,Bernd Leno — Fulham,Marco Carnesecchi — Atalanta,Álex Remiro — Real Sociedad,Lukáš Hrádecký — Leverkusen
Pierluigi Gollini — Genoa,André Ferreira — Valladolid,Emil Audero — Como,Alen Sherri — Cagliari,Sam Johnstone — Wolves,Alexander Schwolow — Union Berlin
Mathieu Gorgelin — Le Havre,Brice Samba — Rennes,Arthur Desmas — Le Havre,Anthony Lopes — Nantes,Elia Caprile — Cagliari,Thomas Dähne — Holstein Kiel
Kamil Grabara — Wolfsburg,Dominik Greif — Mallorca,André Onana — Manchester Utd,Noah Atubolu — Freiburg,Mads Hermansen — Leicester City,Devis Vásquez — Empoli
Dominik Greif — Mallorca,Noah Atubolu — Freiburg,Kamil Grabara — Wolfsburg,Álex Remiro — Real Sociedad,Nicola Leali — Genoa,Kevin Trapp — Eint Frankfurt
Vicente Guaita — Celta Vigo,Álex Remiro — Real Sociedad,Péter Gulácsi — RB Leipzig,Kevin Trapp — Eint Frankfurt,Lukáš Hrádecký — Leverkusen,Jan Oblak — Atlético Madrid
Péter Gulácsi — RB Leipzig,Kevin Trapp — Eint Frankfurt,Lukáš Hrádecký — Leverkusen,Brice Samba — Rennes,Noah Atubolu — Freiburg,Álex Remiro — Real Sociedad
Kjetil Haug — Toulouse,Florian Müller — Freiburg,Patrik Carlgren — Nantes,Marius Müller — Wolfsburg,Dani Cárdenas — Rayo Vallecano,Luca Philipp — Hoffenheim
Dean Henderson — Crystal Palace,Robin Zentner — Mainz 05,André Onana — Manchester Utd,Mile Svilar — Roma,Álex Remiro — Real Sociedad,Péter Gulácsi — RB Leipzig
Mads Hermansen — Leicester City,Kamil Grabara — Wolfsburg,Stefano Turati — Monza,Benjamin Lecomte — Montpellier,Timon Weiner — Holstein Kiel,Patrick Drewes — Bochum
Sergio Herrera — Osasuna,Marco Bizot — Brest,Marko Dmitrović — Leganés,Álex Remiro — Real Sociedad,André Onana — Manchester Utd,Kamil Grabara — Wolfsburg
Timo Horn — Bochum,Nediljko Labrović — Augsburg,Sam Johnstone — Wolves,Elia Caprile — Cagliari,Arthur Desmas — Le Havre,Florian Müller — Freiburg
Lukáš Hrádecký — Leverkusen,Kevin Trapp — Eint Frankfurt,Yann Sommer — Inter,Péter Gulácsi — RB Leipzig,Jan Oblak — Atlético Madrid,Marco Carnesecchi — Atalanta
Karl-Johan Johnsson — Strasbourg,Pietro Terracciano — Fiorentina,Fraser Forster — Tottenham,Thomas Dähne — Holstein Kiel,Mattia Perin — Juventus,Filip Jørgensen — Chelsea
Sam Johnstone — Wolves,Marco Silvestri — Empoli,Alexander Schwolow — Union Berlin,Emil Audero — Como,Nediljko Labrović — Augsburg,Thomas Dähne — Holstein Kiel
Jesse Joronen — Venezia,Stefan Ortega — Manchester City,Patrik Carlgren — Nantes,Thomas Dähne — Holstein Kiel,Florian Müller — Freiburg,Karl-Johan Johnsson — Strasbourg
Filip Jørgensen — Chelsea,Matej Kovar — Leverkusen,Karl-Johan Johnsson — Strasbourg,Pietro Terracciano — Fiorentina,Iván Villar — Celta Vigo,Mattia Perin — Juventus
Caoimhín Kelleher — Liverpool,Philipp Köhn — Monaco,Martin Dúbravka — Newcastle Utd,Radosław Majecki — Monaco,Filip Jørgensen — Chelsea,Mattia Perin — Juventus
Antonín Kinský — Tottenham,Hervé Koffi — Lens,Alen Sherri — Cagliari,Luca Philipp — Hoffenheim,Alban Lafont — Nantes,Thomas Dähne — Holstein Kiel
Gregor Kobel — Dortmund,Ivan Provedel — Lazio,Guglielmo Vicario — Tottenham,Marco Carnesecchi — Atalanta,Yann Sommer — Inter,Lukáš Hrádecký — Leverkusen
Hervé Koffi — Lens,Mark Travers — Bournemouth,Alen Sherri — Cagliari,Karl-Johan Johnsson — Strasbourg,Fraser Forster — Tottenham,Thomas Dähne — Holstein Kiel
Philipp Köhn — Monaco,Radosław Majecki — Monaco,Caoimhín Kelleher — Liverpool,Martin Dúbravka — Newcastle Utd,Gianluigi Donnarumma — Paris S-G,Unai Simón — Athletic Club
Matej Kovar — Leverkusen,Mattia Perin — Juventus,Josep Martinez — Inter,Pietro Terracciano — Fiorentina,Filip Jørgensen — Chelsea,Martin Dúbravka — Newcastle Utd
Nediljko Labrović — Augsburg,Emil Audero — Como,Thomas Dähne — Holstein Kiel,Sam Johnstone — Wolves,Simone Scuffet — Cagliari,Alexander Schwolow — Union Berlin
Alban Lafont — Nantes,Rui Silva — Betis,Thomas Dähne — Holstein Kiel,Hervé Koffi — Lens,Luca Philipp — Hoffenheim,Nediljko Labrović — Augsburg
Gautier Larsonneur — Saint-Étienne,Stefano Turati — Monza,Yahia Fofana — Angers,Marco Bizot — Brest,Mads Hermansen — Leicester City,Wladimiro Falcone — Lecce
Nicola Leali — Genoa,Finn Dahmen — Augsburg,Maduka Okoye — Udinese,Dominik Greif — Mallorca,Lukáš Hrádecký — Leverkusen,Kevin Trapp — Eint Frankfurt
Benjamin Lecomte — Montpellier,Timon Weiner — Holstein Kiel,Stefano Turati — Monza,Mads Hermansen — Leicester City,Patrick Drewes — Bochum,Álex Remiro — Real Sociedad
Bernd Leno — Fulham,Alexander Nübel — Stuttgart,David de Gea — Fiorentina,Michael Zetterer — Werder Bremen,Álex Remiro — Real Sociedad,André Onana — Manchester Utd
Donovan Léon — Auxerre,Sergio Herrera — Osasuna,Alexander Nübel — Stuttgart,Kamil Grabara — Wolfsburg,David de Gea — Fiorentina,Bernd Leno — Fulham
Anthony Lopes — Nantes,Mathieu Gorgelin — Le Havre,Arthur Desmas — Le Havre,Brice Samba — Rennes,Filip Stankovic — Venezia,Elia Caprile — Cagliari
Joe Lumley — Southampton,Alexander Schwolow — Union Berlin,Fraser Forster — Tottenham,Iván Villar — Celta Vigo,Marco Silvestri — Empoli,Dimitry Bertaud — Montpellier
Andriy Lunin — Real Madrid,Josep Martinez — Inter,Caoimhín Kelleher — Liverpool,Matej Kovar — Leverkusen,Mattia Perin — Juventus,Martin Dúbravka — Newcastle Utd
Mike Maignan — Milan,Alisson — Liverpool,Marco Carnesecchi — Atalanta,Lucas Chevalier — Lille,Michael Zetterer — Werder Bremen,André Onana — Manchester Utd
Radosław Majecki — Monaco,Philipp Köhn — Monaco,Martin Dúbravka — Newcastle Utd,Stefan Ortega — Manchester City,Nediljko Labrović — Augsburg,Elia Caprile — Cagliari
Giorgi Mamardashvili — Valencia,Álex Remiro — Real Sociedad,Stefano Turati — Monza,André Onana — Manchester Utd,Bernd Leno — Fulham,Dominik Greif — Mallorca
Steve Mandanda — Rennes,Łukasz Fabiański — West Ham,Stefan Ortega — Manchester City,Rui Silva — Betis,Pepe Reina — Como,Mathew Ryan — Lens
Christos Mandas — Lazio,Caoimhín Kelleher — Liverpool,Philipp Köhn — Monaco,Radosław Majecki — Monaco,Matej Kovar — Leverkusen,Mathew Ryan — Lens
Emiliano Martínez — Aston Villa,André Onana — Manchester Utd,Bernd Leno — Fulham,Lucas Chevalier — Lille,Álex Remiro — Real Sociedad,Michael Zetterer — Werder Bremen
Josep Martinez — Inter,Matej Kovar — Leverkusen,Mattia Perin — Juventus,Mark Travers — Bournemouth,Martin Dúbravka — Newcastle Utd,Pietro Terracciano — Fiorentina
Alex McCarthy — Southampton,Thomas Dähne — Holstein Kiel,Fraser Forster — Tottenham,Dimitry Bertaud — Montpellier,Alexander Schwolow — Union Berlin,Sam Johnstone — Wolves
Alex Meret — Napoli,Marco Carnesecchi — Atalanta,Yann Sommer — Inter,Lukáš Hrádecký — Leverkusen,Jan Oblak — Atlético Madrid,Péter Gulácsi — RB Leipzig
Vanja Milinković-Savić — Torino,Jordan Pickford — Everton,André Onana — Manchester Utd,Kamil Grabara — Wolfsburg,Álex Remiro — Real Sociedad,Robin Zentner — Mainz 05
Lorenzo Montipò — Hellas Verona,Devis Vásquez — Empoli,Álex Remiro — Real Sociedad,Marco Bizot — Brest,Timon Weiner — Holstein Kiel,Aaron Ramsdale — Southampton
Florian Müller — Freiburg,Kjetil Haug — Toulouse,Luca Philipp — Hoffenheim,Emil Audero — Como,Patrik Carlgren — Nantes,Dimitry Bertaud — Montpellier
Kevin Müller — Heidenheim,Álex Remiro — Real Sociedad,André Onana — Manchester Utd,Marco Bizot — Brest,Mads Hermansen — Leicester City,Péter Gulácsi — RB Leipzig
Marius Müller — Wolfsburg,Patrik Carlgren — Nantes,Mark Travers — Bournemouth,Kjetil Haug — Toulouse,Mattia Perin — Juventus,Stefan Ortega — Manchester City
Arijanet Muric — Ipswich Town,Elia Caprile — Cagliari,Arthur Desmas — Le Havre,Nediljko Labrović — Augsburg,Mathieu Gorgelin — Le Havre,Thomas Dähne — Holstein Kiel
Manuel Neuer — Bayern Munich,Alisson — Liverpool,Wojciech Szczęsny — Barcelona,Yann Sommer — Inter,Gianluigi Donnarumma — Paris S-G,Lukáš Hrádecký — Leverkusen
Moritz Nicolas — Gladbach,Filip Stankovic — Venezia,Finn Dahmen — Augsburg,Elia Caprile — Cagliari,Guglielmo Vicario — Tottenham,Anthony Lopes — Nantes
Alexander Nübel — Stuttgart,David de Gea — Fiorentina,Bernd Leno — Fulham,Álex Remiro — Real Sociedad,Michael Zetterer — Werder Bremen,Dominik Greif — Mallorca
Ørjan Nyland — Sevilla,André Onana — Manchester Utd,David de Gea — Fiorentina,Lucas Chevalier — Lille,Péter Gulácsi — RB Leipzig,Marko Dmitrović — Leganés
Jan Oblak — Atlético Madrid,Marco Carnesecchi — Atalanta,Lukáš Hrádecký — Leverkusen,Yann Sommer — Inter,Michele Di Gregorio — Juventus,Dominik Greif — Mallorca
Maduka Okoye — Udinese,Nicola Leali — Genoa,Timon Weiner — Holstein Kiel,Nediljko Labrović — Augsburg,Patrick Drewes — Bochum,Noah Atubolu — Freiburg
Jonas Omlin — Gladbach,Pepe Reina — Como,Łukasz Fabiański — West Ham,Filip Stankovic — Venezia,Simone Scuffet — Cagliari,Semuel Pizzignacco — Monza
André Onana — Manchester Utd,Álex Remiro — Real Sociedad,Kamil Grabara — Wolfsburg,Péter Gulácsi — RB Leipzig,Lucas Chevalier — Lille,Dominik Greif — Mallorca
Stefan Ortega — Manchester City,Thomas Dähne — Holstein Kiel,Radosław Majecki — Monaco,Martin Dúbravka — Newcastle Utd,Florian Müller — Freiburg,Razvan Sava — Udinese
Jesús Owono — Alavés,Florian Müller — Freiburg,Luca Philipp — Hoffenheim,Kjetil Haug — Toulouse,Alen Sherri — Cagliari,Patrik Carlgren — Nantes
Alex Padilla — Athletic Club,Maarten Vandevoordt — RB Leipzig,Marius Müller — Wolfsburg,Florian Müller — Freiburg,Patrik Carlgren — Nantes,Semuel Pizzignacco — Monza
Rui Patrício — Atalanta,Mattia Perin — Juventus,Josep Martinez — Inter,Pietro Terracciano — Fiorentina,Martin Dúbravka — Newcastle Utd,Matej Kovar — Leverkusen
Iñaki Peña — Barcelona,Jean Butez — Como,Philipp Köhn — Monaco,Wojciech Szczęsny — Barcelona,Radosław Majecki — Monaco,Jonas Urbig — Bayern Munich
Daniel Peretz — Bayern Munich,Iván Villar — Celta Vigo,Altay Bayındır — Manchester Utd,Kjetil Haug — Toulouse,Jonas Urbig — Bayern Munich,Florian Müller — Freiburg
Mattia Perin — Juventus,Matej Kovar — Leverkusen,Martin Dúbravka — Newcastle Utd,Pietro Terracciano — Fiorentina,Josep Martinez — Inter,Karl-Johan Johnsson — Strasbourg
Lucas Perri — Lyon,Vicente Guaita — Celta Vigo,Álex Remiro — Real Sociedad,Péter Gulácsi — RB Leipzig,Marco Carnesecchi — Atalanta,André Onana — Manchester Utd
Luca Philipp — Hoffenheim,Alen Sherri — Cagliari,Florian Müller — Freiburg,André Ferreira — Valladolid,Dani Cárdenas — Rayo Vallecano,Dimitry Bertaud — Montpellier
Jordan Pickford — Everton,Vanja Milinković-Savić — Torino,Robin Zentner — Mainz 05,Alexander Nübel — Stuttgart,David de Gea — Fiorentina,Bernd Leno — Fulham
Semuel Pizzignacco — Monza,Florian Müller — Freiburg,Simone Scuffet — Cagliari,Emil Audero — Como,Jesse Joronen — Venezia,Alexander Schwolow — Union Berlin
Nick Pope — Newcastle Utd,Unai Simón — Athletic Club,Marco Carnesecchi — Atalanta,Guglielmo Vicario — Tottenham,Vicente Guaita — Celta Vigo,Péter Gulácsi — RB Leipzig
Ivan Provedel — Lazio,Gregor Kobel — Dortmund,Noah Atubolu — Freiburg,Álex Remiro — Real Sociedad,Michael Zetterer — Werder Bremen,Kamil Grabara — Wolfsburg
Ionuț Radu — Venezia,Caoimhín Kelleher — Liverpool,Philipp Köhn — Monaco,Filip Stankovic — Venezia,Rui Silva — Betis,Finn Dahmen — Augsburg
Aaron Ramsdale — Southampton,Stefano Turati — Monza,Mads Hermansen — Leicester City,Benjamin Lecomte — Montpellier,Lorenzo Montipò — Hellas Verona,Álex Remiro — Real Sociedad
Federico Ravaglia — Bologna,Florian Müller — Freiburg,Kjetil Haug — Toulouse,Stefan Ortega — Manchester City,Caoimhín Kelleher — Liverpool,Kauã Santos — Eint Frankfurt
David Raya — Arsenal,Robert Sánchez — Chelsea,Michael Zetterer — Werder Bremen,Noah Atubolu — Freiburg,Álex Remiro — Real Sociedad,André Onana — Manchester Utd
Pepe Reina — Como,Fraser Forster — Tottenham,Stefan Ortega — Manchester City,Karl-Johan Johnsson — Strasbourg,Alexander Schwolow — Union Berlin,Thomas Dähne — Holstein Kiel
Álex Remiro — Real Sociedad,Noah Atubolu — Freiburg,André Onana — Manchester Utd,Dominik Greif — Mallorca,Marco Bizot — Brest,Péter Gulácsi — RB Leipzig
Guillaume Restes — Toulouse,Marcin Bułka — Nice,Thibaut Courtois — Real Madrid,Diego Conde — Villarreal,Paulo Gazzaniga — Girona,Brice Samba — Rennes
Leo Román — Mallorca,Dani Cárdenas — Rayo Vallecano,Mark Travers — Bournemouth,Patrik Carlgren — Nantes,Hervé Koffi — Lens,Luca Philipp — Hoffenheim
Gerónimo Rulli — Marseille,Bernd Leno — Fulham,Lucas Chevalier — Lille,Emiliano Martínez — Aston Villa,André Onana — Manchester Utd,Giorgi Mamardashvili — Valencia
Mathew Ryan — Lens,Unai Simón — Athletic Club,Radosław Majecki — Monaco,Philipp Köhn — Monaco,Brice Samba — Rennes,Martin Dúbravka — Newcastle Utd
Frederik Rønnow — Union Berlin,Kepa Arrizabalaga — Bournemouth,Joan García — Espanyol,Yehvann Diouf — Reims,Noah Atubolu — Freiburg,Dominik Greif — Mallorca
José Sá — Wolves,Augusto Batalla — Rayo Vallecano,Paulo Gazzaniga — Girona,André Onana — Manchester Utd,Kamil Grabara — Wolfsburg,Devis Vásquez — Empoli
Matvei Safonov — Paris S-G,Matej Kovar — Leverkusen,Stefan Ortega — Manchester City,Florian Müller — Freiburg,Kjetil Haug — Toulouse,Elia Caprile — Napoli
Brice Samba — Rennes,Elia Caprile — Cagliari,Radosław Majecki — Monaco,Mathieu Gorgelin — Le Havre,Arthur Desmas — Le Havre,Finn Dahmen — Augsburg
Brice Samba — Lens,Mathew Ryan — Lens,Philipp Köhn — Monaco,Unai Simón — Athletic Club,Radosław Majecki — Monaco,Rui Silva — Betis
Robert Sánchez — Chelsea,Michael Zetterer — Werder Bremen,Nick Pope — Newcastle Utd,Noah Atubolu — Freiburg,Álex Remiro — Real Sociedad,Marco Carnesecchi — Atalanta
Kauã Santos — Eint Frankfurt,Marius Müller — Wolfsburg,Radosław Majecki — Monaco,Stefan Ortega — Manchester City,Jesse Joronen — Venezia,Philipp Köhn — Monaco
Razvan Sava — Udinese,Filip Jørgensen — Chelsea,Matej Kovar — Leverkusen,Stefan Ortega — Manchester City,Thomas Dähne — Holstein Kiel,Nediljko Labrović — Augsburg
Alexander Schwolow — Union Berlin,Emil Audero — Como,Marco Silvestri — Empoli,Sam Johnstone — Wolves,André Ferreira — Valladolid,Alex McCarthy — Southampton
Simone Scuffet — Cagliari,Nediljko Labrović — Augsburg,Emil Audero — Como,Sam Johnstone — Wolves,Thomas Dähne — Holstein Kiel,Filip Stankovic — Venezia
Matz Sels — Nott'ham Forest,Giorgi Mamardashvili — Valencia,Bart Verbruggen — Brighton,Dominik Greif — Mallorca,Marko Dmitrović — Leganés,Kamil Grabara — Wolfsburg
Alen Sherri — Cagliari,Luca Philipp — Hoffenheim,Dani Cárdenas — Rayo Vallecano,Filip Jørgensen — Chelsea,Hervé Koffi — Lens,Pietro Terracciano — Fiorentina
Rui Silva — Betis,Radosław Majecki — Monaco,Philipp Köhn — Monaco,Jean Butez — Como,Stefan Ortega — Manchester City,Unai Simón — Athletic Club
Marco Silvestri — Empoli,Alexander Schwolow — Union Berlin,Sam Johnstone — Wolves,Emil Audero — Como,André Ferreira — Valladolid,Luca Philipp — Hoffenheim
Unai Simón — Athletic Club,Mathew Ryan — Lens,Philipp Köhn — Monaco,Rui Silva — Betis,Nick Pope — Newcastle Utd,Elia Caprile — Cagliari
Antonio Sivera — Alavés,Wladimiro Falcone — Lecce,Marko Dmitrović — Leganés,David Soria — Getafe,Sergio Herrera — Osasuna,Marco Bizot — Brest
Yann Sommer — Inter,Lukáš Hrádecký — Leverkusen,Jan Oblak — Atlético Madrid,Marco Carnesecchi — Atalanta,Péter Gulácsi — RB Leipzig,Michele Di Gregorio — Juventus
David Soria — Getafe,Kevin Müller — Heidenheim,Marco Bizot — Brest,Álex Remiro — Real Sociedad,Marko Dmitrović — Leganés,Sergio Herrera — Osasuna
Juan Soriano — Leganés,Dani Cárdenas — Rayo Vallecano,Leo Román — Mallorca,Hervé Koffi — Lens,Luca Philipp — Hoffenheim,Alen Sherri — Cagliari
Filip Stankovic — Venezia,Thomas Dähne — Holstein Kiel,Moritz Nicolas — Gladbach,Nediljko Labrović — Augsburg,Razvan Sava — Udinese,Radosław Majecki — Monaco
Zion Suzuki — Parma,Nikola Vasilj — St. Pauli,Wladimiro Falcone — Lecce,Álex Remiro — Real Sociedad,Michael Zetterer — Werder Bremen,Devis Vásquez — Empoli
Mile Svilar — Roma,Marco Carnesecchi — Atalanta,Yann Sommer — Inter,Álex Remiro — Real Sociedad,Michele Di Gregorio — Juventus,Noah Atubolu — Freiburg
Wojciech Szczęsny — Barcelona,Martin Dúbravka — Newcastle Utd,Philipp Köhn — Monaco,Rui Patrício — Atalanta,Gianluigi Donnarumma — Paris S-G,Stefan Ortega — Manchester City
Marc-André ter Stegen — Barcelona,Matej Kovar — Leverkusen,Martin Dúbravka — Newcastle Utd,Josep Martinez — Inter,Jonas Urbig — Bayern Munich,Stefan Ortega — Manchester City
Pietro Terracciano — Fiorentina,Mattia Perin — Juventus,Matej Kovar — Leverkusen,Karl-Johan Johnsson — Strasbourg,Filip Jørgensen — Chelsea,Patrik Carlgren — Nantes
Kevin Trapp — Eint Frankfurt,Lukáš Hrádecký — Leverkusen,Péter Gulácsi — RB Leipzig,Noah Atubolu — Freiburg,Dominik Greif — Mallorca,Nicola Leali — Genoa
Mark Travers — Bournemouth,Marius Müller — Wolfsburg,Hervé Koffi — Lens,Josep Martinez — Inter,Leo Román — Mallorca,Mattia Perin — Juventus
Stefano Turati — Monza,Timon Weiner — Holstein Kiel,Álex Remiro — Real Sociedad,Dominik Greif — Mallorca,Patrick Drewes — Bochum,Noah Atubolu — Freiburg
Jonas Urbig — Bayern Munich,Radosław Majecki — Monaco,Matej Kovar — Leverkusen,Caoimhín Kelleher — Liverpool,Filip Jørgensen — Chelsea,Martin Dúbravka — Newcastle Utd
Maarten Vandevoordt — RB Leipzig,Florian Müller — Freiburg,Kjetil Haug — Toulouse,Marius Müller — Wolfsburg,Alex Padilla — Athletic Club,Jesús Owono — Alavés
Nikola Vasilj — St. Pauli,Zion Suzuki — Parma,Kamil Grabara — Wolfsburg,Noah Atubolu — Freiburg,André Onana — Manchester Utd,Dominik Greif — Mallorca
Devis Vásquez — Empoli,Dominik Greif — Mallorca,Noah Atubolu — Freiburg,Kamil Grabara — Wolfsburg,Álex Remiro — Real Sociedad,Timon Weiner — Holstein Kiel
Bart Verbruggen — Brighton,Michael Zetterer — Werder Bremen,Bernd Leno — Fulham,Alexander Nübel — Stuttgart,Kamil Grabara — Wolfsburg,Marco Carnesecchi — Atalanta
Guglielmo Vicario — Tottenham,Noah Atubolu — Freiburg,Brice Samba — Rennes,Kevin Trapp — Eint Frankfurt,Moritz Nicolas — Gladbach,Péter Gulácsi — RB Leipzig
Fran Vieites — Betis,Kjetil Haug — Toulouse,Dani Cárdenas — Rayo Vallecano,Iván Villar — Celta Vigo,Luca Philipp — Hoffenheim,Altay Bayındır — Manchester Utd
Iván Villar — Celta Vigo,Filip Jørgensen — Chelsea,Karl-Johan Johnsson — Strasbourg,Joe Lumley — Southampton,Altay Bayındır — Manchester Utd,Emil Audero — Como
Timon Weiner — Holstein Kiel,Patrick Drewes — Bochum,Stefano Turati — Monza,Benjamin Lecomte — Montpellier,Maduka Okoye — Udinese,Nediljko Labrović — Augsburg
Robin Zentner — Mainz 05,Dean Henderson — Crystal Palace,André Onana — Manchester Utd,Álex Remiro — Real Sociedad,Mile Svilar — Roma,Noah Atubolu — Freiburg
Michael Zetterer — Werder Bremen,Noah Atubolu — Freiburg,Álex Remiro — Real Sociedad,Guglielmo Vicario — Tottenham,Dominik Greif — Mallorca,André Onana — Manchester Utd
