Player,position,league,confederation,league_shap_log,confed_shap_log,league_counterfactual_eur,confed_counterfactual_eur
Matthis Abline,FWD,fr_Ligue_1,UEFA,-0.23771405220031738,0.0,-4025537.0,0.0
Tammy Abraham,FWD,it_Serie_A,UEFA,-0.028952937573194504,0.0,-407534.0,0.0
Akor Adams,FWD,fr_Ligue_1,CAF,-0.26865971088409424,0.0,-1116005.75,0.0
Che Adams,FWD,it_Serie_A,UEFA,-0.10272497683763504,0.0,-1041576.0,0.0
Junior Adamu,FWD,de_Bundesliga,UEFA,-0.11694460362195969,0.0,-659062.5,0.0
Karim Adeyemi,FWD,de_Bundesliga,UEFA,-0.04421420395374298,0.0,-2060472.0,0.0
Simon Adingra,FWD,eng_Premier_League,CAF,0.5446602702140808,0.0,9006109.0,0.0
Jeremy Agbonifo,FWD,fr_Ligue_1,UEFA,-0.3668924570083618,0.0,-1892404.5,0.0
Ludovic Ajorque,FWD,fr_Ligue_1,UEFA,-0.21320819854736328,0.0,-1082205.0,0.0
Maghnes Akliouche,FWD,fr_Ligue_1,UEFA,-0.1427507996559143,0.0,-5891000.0,0.0
Chuba Akpom,FWD,fr_Ligue_1,UEFA,-0.23313263058662415,0.0,-1785341.0,0.0
Carlos Alcaraz,FWD,eng_Premier_League,CONMEBOL,0.7179278135299683,0.0,7868144.0,0.0
Mohamed Ali Cho,FWD,fr_Ligue_1,UEFA,-0.22460728883743286,0.0,-5329496.0,0.0
Jim Allevinah,FWD,fr_Ligue_1,CAF,-0.2371712028980255,0.0,-378989.0,0.0
Pontus Almqvist,FWD,it_Serie_A,UEFA,-0.15328632295131683,0.0,-434526.5,0.0
Julián Álvarez,FWD,es_La_Liga,CONMEBOL,-0.047630004584789276,0.0,-4268136.0,0.0
Mohamed Amoura,FWD,de_Bundesliga,CAF,-0.06543710082769394,0.0,-1679598.0,0.0
Marcos André,FWD,es_La_Liga,CONMEBOL,-0.1541065126657486,0.0,-244159.0,0.0
Michail Antonio,FWD,eng_Premier_League,CONCACAF,0.4484114646911621,0.0,388317.9375,0.0
Antoniu,FWD,es_La_Liga,UEFA,-0.1731155514717102,0.0,-113902.25,0.0
Antony,FWD,es_La_Liga,CONMEBOL,-0.067444808781147,0.0,-2871456.0,0.0
Cameron Archer,FWD,eng_Premier_League,UEFA,0.7541057467460632,0.0,5671503.5,0.0
Adam Armstrong,FWD,eng_Premier_League,UEFA,0.7481779456138611,0.0,5207944.5,0.0
Marko Arnautović,FWD,it_Serie_A,UEFA,-0.06680597364902496,0.0,-230487.5,0.0
Takuma Asano,FWD,es_La_Liga,AFC,-0.12634290754795074,0.0,-315258.75,0.0
Marco Asensio,FWD,fr_Ligue_1,UEFA,-0.11843006312847137,0.0,-2753716.0,0.0
Iago Aspas,FWD,es_La_Liga,UEFA,-0.039206989109516144,0.0,-91441.5,0.0
Yaser Asprilla,FWD,es_La_Liga,CONMEBOL,-0.1189122423529625,0.0,-1106530.0,0.0
Taiwo Awoniyi,FWD,eng_Premier_League,CAF,0.7231506109237671,0.0,7286300.5,0.0
Florian Ayé,FWD,fr_Ligue_1,UEFA,-0.29236292839050293,0.0,-446845.75,0.0
André Ayew,FWD,fr_Ligue_1,CAF,-0.1786321997642517,0.0,-190492.9375,0.0
Jordan Ayew,FWD,eng_Premier_League,CAF,0.42866966128349304,0.0,934729.0,0.0
Leon Bailey,FWD,eng_Premier_League,CONCACAF,0.5151854157447815,0.0,7650823.0,0.0
Theo Bair,FWD,fr_Ligue_1,CONCACAF,-0.26072072982788086,0.0,-656095.5,0.0
Cédric Bakambu,FWD,es_La_Liga,CAF,-0.09263644367456436,0.0,-167617.0,0.0
Mitchel Bakker,FWD,fr_Ligue_1,UEFA,-0.23171836137771606,0.0,-1737617.5,0.0
Ridle Baku,FWD,de_Bundesliga,UEFA,-0.11151403188705444,0.0,-887483.5,0.0
Keita Baldé,FWD,it_Serie_A,CAF,-0.1097368448972702,0.0,-150365.375,0.0
Folarin Balogun,FWD,fr_Ligue_1,CONCACAF,-0.2770310938358307,0.0,-6242624.0,0.0
Jonathan Bamba,FWD,es_La_Liga,CAF,-0.13817991316318512,0.0,-519411.5,0.0
Lameck Banda,FWD,it_Serie_A,CAF,-0.1520313322544098,0.0,-499722.5,0.0
Bradley Barcola,FWD,fr_Ligue_1,UEFA,-0.15897244215011597,0.0,-11739216.0,0.0
Kike Barja,FWD,es_La_Liga,UEFA,-0.16289371252059937,0.0,-360261.875,0.0
Harvey Barnes,FWD,eng_Premier_League,UEFA,0.34015899896621704,0.0,12908470.0,0.0
Thierno Barry,FWD,es_La_Liga,UEFA,-0.05532223731279373,0.0,-1724120.0,0.0
Michy Batshuayi,FWD,de_Bundesliga,UEFA,-0.0920625627040863,0.0,-353808.0,0.0
Sheraldo Becker,FWD,es_La_Liga,CONMEBOL,-0.11398059129714966,0.0,-287394.0,0.0
Maximilian Beier,FWD,de_Bundesliga,UEFA,-0.062091171741485596,0.0,-1707446.0,0.0
Andrea Belotti,FWD,it_Serie_A,UEFA,-0.1387196034193039,0.0,-317063.75,0.0
Lucas Beltrán,FWD,it_Serie_A,CONMEBOL,-0.07174115628004074,0.0,-1163183.0,0.0
Saïd Benrahma,FWD,fr_Ligue_1,CAF,-0.1943366378545761,0.0,-1682084.5,0.0
Álex Berenguer,FWD,es_La_Liga,UEFA,-0.05706910043954849,0.0,-557920.0,0.0
Mergim Berisha,FWD,de_Bundesliga,UEFA,-0.1290002316236496,0.0,-369348.75,0.0
Alexander Bernhardsson,FWD,de_Bundesliga,UEFA,-0.11977154016494751,0.0,-679957.5,0.0
Beto,FWD,eng_Premier_League,CAF,0.6479573845863342,0.0,7187625.0,0.0
Mika Biereth,FWD,fr_Ligue_1,UEFA,-0.21516786515712738,0.0,-7284816.0,0.0
El Bilal Touré,FWD,de_Bundesliga,CAF,-0.12135337293148041,0.0,-1064325.0,0.0
Myron Boadu,FWD,de_Bundesliga,UEFA,-0.09978730231523514,0.0,-629738.0,0.0
Augustine Boakye,FWD,fr_Ligue_1,CAF,-0.25957655906677246,0.0,-707257.75,0.0
Victor Boniface,FWD,de_Bundesliga,CAF,-0.056986287236213684,0.0,-2141612.0,0.0
Ange-Yoan Bonny,FWD,it_Serie_A,UEFA,-0.0861581489443779,0.0,-1727042.0,0.0
Jarrod Bowen,FWD,eng_Premier_League,UEFA,0.41488733887672424,0.0,11944946.0,0.0
Iker Bravo,FWD,it_Serie_A,UEFA,-0.14503413438796997,0.0,-439438.75,0.0
Maximilian Breunig,FWD,de_Bundesliga,UEFA,-0.14302103221416473,0.0,-273368.75,0.0
Armando Broja,FWD,eng_Premier_League,UEFA,0.8414388298988342,0.0,6467423.0,0.0
David Brooks,FWD,eng_Premier_League,UEFA,0.5668594241142273,0.0,6519397.0,0.0
Moritz Broschinski,FWD,de_Bundesliga,UEFA,-0.1446719765663147,0.0,-375614.0,0.0
Jacob Bruun Larsen,FWD,de_Bundesliga,UEFA,-0.134293794631958,0.0,-681567.0,0.0
Ante Budimir,FWD,es_La_Liga,UEFA,-0.04930691048502922,0.0,-283474.5,0.0
Marius Bülter,FWD,de_Bundesliga,UEFA,-0.07024988532066345,0.0,-237902.5,0.0
Facundo Buonanotte,FWD,eng_Premier_League,CONMEBOL,0.70655757188797,0.0,7623720.0,0.0
Jonathan Burkardt,FWD,de_Bundesliga,UEFA,-0.053024012595415115,0.0,-2485360.0,0.0
Oliver Burke,FWD,de_Bundesliga,UEFA,-0.11409073323011398,0.0,-556781.5,0.0
Rémy Cabella,FWD,fr_Ligue_1,UEFA,-0.14142277836799622,0.0,-374034.25,0.0
Dominic Calvert-Lewin,FWD,eng_Premier_League,UEFA,0.6389412879943848,0.0,6904849.0,0.0
Nicolò Cambiaghi,FWD,it_Serie_A,UEFA,-0.1086324080824852,0.0,-1205419.0,0.0
Sergio Camello,FWD,es_La_Liga,UEFA,-0.14769497513771057,0.0,-611135.5,0.0
Matteo Cancellieri,FWD,it_Serie_A,UEFA,-0.125057652592659,0.0,-623784.0,0.0
Irvin Cardona,FWD,es_La_Liga,UEFA,-0.1631324291229248,0.0,-454719.75,0.0
Irvin Cardona,FWD,fr_Ligue_1,UEFA,-0.2566760182380676,0.0,-935754.75,0.0
Fabio Carvalho,FWD,eng_Premier_League,UEFA,0.7323980331420898,0.0,6855068.5,0.0
Josué Casimir,FWD,fr_Ligue_1,UEFA,-0.26220691204071045,0.0,-1311899.5,0.0
Santiago Castro,FWD,it_Serie_A,CONMEBOL,-0.0394720621407032,0.0,-1270208.0,0.0
Franco Cervi,FWD,es_La_Liga,CONMEBOL,-0.1212887167930603,0.0,-132090.6875,0.0
Gabriel Charpentier,FWD,it_Serie_A,CAF,-0.14966656267642975,0.0,-313083.75,0.0
Walid Cheddira,FWD,es_La_Liga,CAF,-0.171869158744812,0.0,-413837.25,0.0
Sidiki Cherif,FWD,fr_Ligue_1,UEFA,-0.4688411056995392,0.0,-714694.5,0.0
Rayan Cherki,FWD,fr_Ligue_1,UEFA,-0.19448953866958618,0.0,-10706924.0,0.0
Samuel Chukwueze,FWD,it_Serie_A,CAF,-0.10230101644992828,0.0,-1016700.0,0.0
Jack Clarke,FWD,eng_Premier_League,UEFA,0.7673399448394775,0.0,5422775.5,0.0
Lorenzo Colombo,FWD,it_Serie_A,UEFA,-0.12312746047973633,0.0,-733411.0,0.0
Andrea Colpani,FWD,it_Serie_A,UEFA,-0.08879934251308441,0.0,-929206.0,0.0
Kingsley Coman,FWD,de_Bundesliga,UEFA,-0.06631429493427277,0.0,-1947788.0,0.0
Francisco Conceição,FWD,it_Serie_A,UEFA,-0.07446335256099701,0.0,-2255494.0,0.0
Tomás Conechny,FWD,es_La_Liga,CONMEBOL,-0.1670093536376953,0.0,-360164.875,0.0
Sirlord Conteh,FWD,de_Bundesliga,UEFA,-0.1465732455253601,0.0,-276223.0,0.0
Ángel Correa,FWD,es_La_Liga,CONMEBOL,-0.08656195551156998,0.0,-710739.5,0.0
Joaquín Correa,FWD,it_Serie_A,CONMEBOL,-0.10461492836475372,0.0,-386002.0,0.0
Tanguy Coulibaly,FWD,fr_Ligue_1,UEFA,-0.3027789890766144,0.0,-638144.875,0.0
Juan Cruz,FWD,es_La_Liga,UEFA,-0.12299549579620361,0.0,-783262.5,0.0
Patrick Cutrone,FWD,it_Serie_A,UEFA,-0.10702284425497055,0.0,-819569.0,0.0
Tomáš Čvančara,FWD,de_Bundesliga,UEFA,-0.1484609842300415,0.0,-366358.25,0.0
Thijs Dallinga,FWD,it_Serie_A,UEFA,-0.10453063249588013,0.0,-971206.0,0.0
Arnaut Danjuma,FWD,es_La_Liga,UEFA,-0.1406610757112503,0.0,-611600.75,0.0
Jonathan David,FWD,fr_Ligue_1,CONCACAF,-0.18292084336280823,0.0,-8996468.0,0.0
Keinan Davis,FWD,it_Serie_A,UEFA,-0.1472242772579193,0.0,-664153.25,0.0
Zuriko Davitashvili,FWD,fr_Ligue_1,UEFA,-0.20259279012680054,0.0,-2317865.0,0.0
Bobby De Cordova-Reid,FWD,eng_Premier_League,CONCACAF,0.6558335423469543,0.0,1245035.75,0.0
Romain Del Castillo,FWD,fr_Ligue_1,UEFA,-0.22337999939918518,0.0,-1415480.5,0.0
Liam Delap,FWD,eng_Premier_League,UEFA,0.5366156101226807,0.0,13857232.0,0.0
Andy Delort,FWD,fr_Ligue_1,CAF,-0.2587454319000244,0.0,-375934.375,0.0
Ousmane Dembélé,FWD,fr_Ligue_1,UEFA,-0.125965416431427,0.0,-12141840.0,0.0
Ermedin Demirović,FWD,de_Bundesliga,UEFA,-0.0657181665301323,0.0,-1428276.0,0.0
Mamadou Diakhon,FWD,fr_Ligue_1,UEFA,-0.3908786177635193,0.0,-1592176.5,0.0
Oumar Diakité,FWD,fr_Ligue_1,CAF,-0.29158514738082886,0.0,-1431052.0,0.0
Assane Diao,FWD,it_Serie_A,CAF,-0.057027507573366165,0.0,-1538976.0,0.0
Assane Diao,FWD,es_La_Liga,CAF,-0.09079374372959137,0.0,-2342596.0,0.0
Brahim Díaz,FWD,es_La_Liga,CAF,-0.0779382735490799,0.0,-2626084.0,0.0
Luis Díaz,FWD,eng_Premier_League,CONMEBOL,0.3059125542640686,0.0,17920908.0,0.0
Tyler Dibling,FWD,eng_Premier_League,UEFA,0.6806056499481201,0.0,10717467.0,0.0
Bamba Dieng,FWD,fr_Ligue_1,CAF,-0.27750688791275024,0.0,-910245.75,0.0
Álvaro djaló,FWD,es_La_Liga,UEFA,-0.138088658452034,0.0,-652701.0,0.0
Ritsu Doan,FWD,de_Bundesliga,AFC,-0.06334111094474792,0.0,-1700546.0,0.0
Jeremy Doku,FWD,eng_Premier_League,UEFA,0.4043586850166321,0.0,16105030.0,0.0
Marc Domenech,FWD,es_La_Liga,UEFA,-0.13319657742977142,0.0,-159281.875,0.0
Benjamín Domínguez,FWD,it_Serie_A,CONMEBOL,-0.06399348378181458,0.0,-1054886.0,0.0
Désiré Doué,FWD,fr_Ligue_1,UEFA,-0.24532020092010498,0.0,-18958048.0,0.0
Anastasios Douvikas,FWD,it_Serie_A,UEFA,-0.10350768268108368,0.0,-1072020.0,0.0
Anastasios Douvikas,FWD,es_La_Liga,UEFA,-0.16493187844753265,0.0,-854392.5,0.0
Artem Dovbyk,FWD,it_Serie_A,UEFA,-0.05773800238966942,0.0,-2113208.0,0.0
Marvin Ducksch,FWD,de_Bundesliga,UEFA,-0.046861082315444946,0.0,-328779.0,0.0
Pablo Durán,FWD,es_La_Liga,UEFA,-0.11107609421014786,0.0,-880730.5,0.0
Julien Duranville,FWD,de_Bundesliga,UEFA,-0.10395738482475281,0.0,-822334.0,0.0
Hugo Duro,FWD,es_La_Liga,UEFA,-0.10308393836021423,0.0,-940525.0,0.0
Paulo Dybala,FWD,it_Serie_A,CONMEBOL,-0.05633607506752014,0.0,-360139.5,0.0
Johannes Eggestein,FWD,de_Bundesliga,UEFA,-0.12391237169504166,0.0,-545853.5,0.0
Chidera Ejuke,FWD,es_La_Liga,CAF,-0.14534899592399597,0.0,-640444.0,0.0
Jeff Ekhator,FWD,it_Serie_A,UEFA,-0.12736766040325165,0.0,-496639.5,0.0
Hugo Ekitike,FWD,de_Bundesliga,UEFA,0.019177988171577454,0.0,1538096.0,0.0
Caleb Ekuban,FWD,it_Serie_A,CAF,-0.1196906715631485,0.0,-236186.75,0.0
Anthony Elanga,FWD,eng_Premier_League,UEFA,0.41477543115615845,0.0,15629244.0,0.0
Elif Elmas,FWD,it_Serie_A,UEFA,-0.1258198618888855,0.0,-1070231.5,0.0
Adri Embarba,FWD,es_La_Liga,UEFA,-0.11016083508729935,0.0,-196446.875,0.0
Breel Embolo,FWD,fr_Ligue_1,UEFA,-0.11591987311840057,0.0,-1962095.0,0.0
Endrick,FWD,es_La_Liga,CONMEBOL,-0.08479100465774536,0.0,-1962590.0,0.0
Sebastiano Esposito,FWD,it_Serie_A,UEFA,-0.0947069376707077,0.0,-901783.0,0.0
Samuel Essende,FWD,de_Bundesliga,CAF,-0.12371336668729782,0.0,-759646.5,0.0
Evanilson,FWD,eng_Premier_League,CONMEBOL,0.3801201581954956,0.0,11834262.0,0.0
Abde Ezzalzouli,FWD,es_La_Liga,CAF,-0.041790276765823364,0.0,-446524.0,0.0
Alieu Fadera,FWD,it_Serie_A,CAF,-0.11351960897445679,0.0,-629295.0,0.0
João Félix,FWD,eng_Premier_League,UEFA,0.5340172648429871,0.0,9216853.0,0.0
Roberto Férnandez,FWD,es_La_Liga,UEFA,-0.12462672591209412,0.0,-1079321.5,0.0
Matias Fernandez-Pardo,FWD,fr_Ligue_1,UEFA,-0.289328932762146,0.0,-5503346.0,0.0
Daniel Fila,FWD,it_Serie_A,UEFA,-0.14624759554862976,0.0,-511478.75,0.0
Malick Fofana,FWD,fr_Ligue_1,UEFA,-0.28353163599967957,0.0,-8377108.0,0.0
Michael Folorunsho,FWD,it_Serie_A,UEFA,-0.13570325076580048,0.0,-614395.0,0.0
Ryan Fraser,FWD,eng_Premier_League,UEFA,0.6563881635665894,0.0,998698.25,0.0
Jorge de Frutos,FWD,es_La_Liga,UEFA,-0.09092989563941956,0.0,-605028.5,0.0
Niclas Füllkrug,FWD,eng_Premier_League,UEFA,0.6272158026695251,0.0,3251990.25,0.0
Manuel Fuster,FWD,es_La_Liga,UEFA,-0.16055287420749664,0.0,-347875.375,0.0
Cody Gakpo,FWD,eng_Premier_League,UEFA,0.34902989864349365,0.0,18246012.0,0.0
Álvaro García,FWD,es_La_Liga,UEFA,-0.09262528270483017,0.0,-228320.5,0.0
Rubén García,FWD,es_La_Liga,UEFA,-0.09069021791219711,0.0,-236305.75,0.0
Bryan Gil,FWD,es_La_Liga,UEFA,-0.10914503037929535,0.0,-1552636.0,0.0
Santiago Giménez,FWD,it_Serie_A,CONCACAF,-0.07829556614160538,0.0,-1527844.0,0.0
Jamie Gittens,FWD,de_Bundesliga,UEFA,-0.03268444538116455,0.0,-1524992.0,0.0
Serge Gnabry,FWD,de_Bundesliga,UEFA,-0.054451748728752136,0.0,-1602144.0,0.0
Nicolás González,FWD,it_Serie_A,CONMEBOL,-0.08298498392105103,0.0,-1495672.0,0.0
Anthony Gordon,FWD,eng_Premier_League,UEFA,0.3705410361289978,0.0,18405336.0,0.0
Amine Gouiri,FWD,fr_Ligue_1,CAF,-0.1997404396533966,0.0,-7989696.0,0.0
Jack Grealish,FWD,eng_Premier_League,UEFA,0.5100947618484497,0.0,8423945.0,0.0
Mason Greenwood,FWD,fr_Ligue_1,UEFA,-0.18064498901367188,0.0,-11497660.0,0.0
Michael Gregoritsch,FWD,de_Bundesliga,UEFA,-0.11484474688768387,0.0,-271587.75,0.0
Antoine Griezmann,FWD,es_La_Liga,UEFA,-0.037656016647815704,0.0,-641534.0,0.0
Vincenzo Grifo,FWD,de_Bundesliga,UEFA,-0.046730928122997284,0.0,-333835.0,0.0
Marco Grüll,FWD,de_Bundesliga,UEFA,-0.11330166459083557,0.0,-746041.0,0.0
Sergi Guardiola,FWD,es_La_Liga,UEFA,-0.1300218254327774,0.0,-135527.0,0.0
Evann Guessand,FWD,fr_Ligue_1,CAF,-0.2135552316904068,0.0,-8200388.0,0.0
Morgan Guilavogui,FWD,de_Bundesliga,CAF,-0.1098114475607872,0.0,-617042.0,0.0
Serhou Guirassy,FWD,de_Bundesliga,CAF,-0.0493210107088089,0.0,-1991764.0,0.0
Gorka Guruzeta,FWD,es_La_Liga,UEFA,-0.09780670702457428,0.0,-1098242.0,0.0
Albert Guðmundsson,FWD,it_Serie_A,UEFA,-0.09506979584693909,0.0,-1617633.0,0.0
Erling Haaland,FWD,eng_Premier_League,UEFA,0.33922305703163147,0.0,31552088.0,0.0
Robin Hack,FWD,de_Bundesliga,UEFA,-0.08682477474212646,0.0,-1306032.0,0.0
Munir El Haddadi,FWD,es_La_Liga,CAF,-0.1475142538547516,0.0,-471474.0,0.0
Sébastien Haller,FWD,es_La_Liga,CAF,-0.09251473844051361,0.0,-181356.375,0.0
Jack Harrison,FWD,eng_Premier_League,UEFA,0.6523383855819702,0.0,5983687.5,0.0
Kai Havertz,FWD,eng_Premier_League,UEFA,0.3353157043457031,0.0,17996288.0,0.0
Son Heung-min,FWD,eng_Premier_League,AFC,0.34648433327674866,0.0,5539794.0,0.0
George Hirst,FWD,eng_Premier_League,UEFA,0.8118699193000793,0.0,2797118.25,0.0
Adam Hložek,FWD,de_Bundesliga,UEFA,-0.0934130921959877,0.0,-1333696.0,0.0
Philipp Hofmann,FWD,de_Bundesliga,UEFA,-0.09651876240968704,0.0,-145012.0,0.0
Lucas Höler,FWD,de_Bundesliga,UEFA,-0.0894048735499382,0.0,-279463.25,0.0
Benedict Hollerbach,FWD,de_Bundesliga,UEFA,-0.07996732741594315,0.0,-1181213.0,0.0
Franck Honorat,FWD,de_Bundesliga,UEFA,-0.09343899041414261,0.0,-1189440.0,0.0
Mathias Honsak,FWD,de_Bundesliga,UEFA,-0.14574362337589264,0.0,-333432.25,0.0
Callum Hudson-Odoi,FWD,eng_Premier_League,UEFA,0.4296437203884125,0.0,10202496.0,0.0
Rasmus Højlund,FWD,eng_Premier_League,UEFA,0.655478298664093,0.0,14337875.0,0.0
Stanis Idumbo,FWD,es_La_Liga,UEFA,-0.1478620171546936,0.0,-433869.0,0.0
Borja Iglesias,FWD,es_La_Liga,UEFA,-0.08462107181549072,0.0,-307570.0,0.0
Kelechi Iheanacho,FWD,es_La_Liga,CAF,-0.13470280170440674,0.0,-415210.25,0.0
Jonathan Ikone,FWD,it_Serie_A,UEFA,-0.11753594875335693,0.0,-955610.5,0.0
Jonathan Ikone,FWD,it_Serie_A,UEFA,-0.12946829199790955,0.0,-775197.0,0.0
George Ilenikhena,FWD,fr_Ligue_1,CAF,-0.2986942231655121,0.0,-4819548.0,0.0
Andrej Ilic,FWD,de_Bundesliga,UEFA,-0.11674153804779053,0.0,-596628.0,0.0
Danny Ings,FWD,eng_Premier_League,UEFA,0.6520251035690308,0.0,2583485.25,0.0
Alexander Isak,FWD,eng_Premier_League,UEFA,0.29231739044189453,0.0,26619800.0,0.0
Gustav Isaksen,FWD,it_Serie_A,UEFA,-0.06565362960100174,0.0,-1286724.0,0.0
Junya Ito,FWD,fr_Ligue_1,AFC,-0.18960979580879211,0.0,-850267.25,0.0
Alex Iwobi,FWD,eng_Premier_League,CAF,0.41733014583587646,0.0,7893266.0,0.0
Nicolas Jackson,FWD,eng_Premier_League,CAF,0.32400986552238464,0.0,16451272.0,0.0
Gabriel Jesus,FWD,eng_Premier_League,CONMEBOL,0.4891500771045685,0.0,10848716.0,0.0
Raúl Jiménez,FWD,eng_Premier_League,CONCACAF,0.3713483512401581,0.0,1461212.75,0.0
João Pedro,FWD,eng_Premier_League,CONMEBOL,0.36127424240112305,0.0,14013714.0,0.0
Brennan Johnson,FWD,eng_Premier_League,UEFA,0.46274369955062866,0.0,12507216.0,0.0
Jota,FWD,fr_Ligue_1,UEFA,-0.2687641680240631,0.0,-1998160.0,0.0
Diogo Jota,FWD,eng_Premier_League,UEFA,0.4202084243297577,0.0,12648058.0,0.0
Luka Jović,FWD,it_Serie_A,UEFA,-0.13969072699546814,0.0,-620636.75,0.0
Juanmi,FWD,es_La_Liga,UEFA,-0.1181020587682724,0.0,-232806.375,0.0
Vinicius Júnior,FWD,es_La_Liga,CONMEBOL,-0.03900919109582901,0.0,-5348368.0,0.0
Arnaud Kalimuendo,FWD,fr_Ligue_1,UEFA,-0.2066999077796936,0.0,-4121376.0,0.0
Harry Kane,FWD,de_Bundesliga,UEFA,-0.035747114568948746,0.0,-1669836.0,0.0
Lee Kang-in,FWD,fr_Ligue_1,AFC,-0.19275885820388794,0.0,-6525664.0,0.0
Jesper Karlsson,FWD,it_Serie_A,UEFA,-0.15025028586387634,0.0,-654842.5,0.0
Jesper Karlsson,FWD,it_Serie_A,UEFA,-0.13525943458080292,0.0,-486993.5,0.0
Mikkel Kaufmann,FWD,de_Bundesliga,UEFA,-0.14175204932689667,0.0,-196955.25,0.0
Moise Kean,FWD,it_Serie_A,UEFA,-0.05265343561768532,0.0,-2692396.0,0.0
Wahbi Khazri,FWD,fr_Ligue_1,CAF,-0.19160698354244232,0.0,-199905.9375,0.0
Joshua King,FWD,fr_Ligue_1,UEFA,-0.202206552028656,0.0,-443803.625,0.0
Tim Kleindienst,FWD,de_Bundesliga,UEFA,-0.05028720200061798,0.0,-781490.0,0.0
Randal Kolo Muani,FWD,it_Serie_A,UEFA,-0.07354383915662766,0.0,-2087526.0,0.0
Randal Kolo Muani,FWD,fr_Ligue_1,UEFA,-0.16876520216464996,0.0,-4283826.0,0.0
Christian Kouamé,FWD,it_Serie_A,CAF,-0.11589211970567703,0.0,-728378.5,0.0
Christian Kouamé,FWD,it_Serie_A,CAF,-0.14501023292541504,0.0,-583292.5,0.0
Goduine Koyalipou,FWD,fr_Ligue_1,CAF,-0.3645014464855194,0.0,-1599933.75,0.0
Nikola Krstović,FWD,it_Serie_A,UEFA,-0.08778171241283417,0.0,-1331422.0,0.0
Mohammed Kudus,FWD,eng_Premier_League,CAF,0.5116617679595947,0.0,14975982.0,0.0
Khvicha Kvaratskhelia,FWD,it_Serie_A,UEFA,-0.058596543967723846,0.0,-3863864.0,0.0
Khvicha Kvaratskhelia,FWD,fr_Ligue_1,UEFA,-0.17025065422058105,0.0,-11381252.0,0.0
Rémy Labeau Lascary,FWD,fr_Ligue_1,CONCACAF,-0.31573015451431274,0.0,-1725655.0,0.0
Gaëtan Laborde,FWD,fr_Ligue_1,UEFA,-0.15490546822547913,0.0,-1828351.0,0.0
Alexandre Lacazette,FWD,fr_Ligue_1,UEFA,-0.1639031171798706,0.0,-1255476.0,0.0
Gianluca Lapadula,FWD,it_Serie_A,CONMEBOL,-0.08479852229356766,0.0,-78682.4375,0.0
Cyle Larin,FWD,es_La_Liga,CONCACAF,-0.1326170116662979,0.0,-391423.75,0.0
Juanmi Latasa,FWD,es_La_Liga,UEFA,-0.15406055748462677,0.0,-300171.125,0.0
Rafael Leão,FWD,it_Serie_A,UEFA,-0.045408882200717926,0.0,-2437716.0,0.0
Esteban Lepaul,FWD,fr_Ligue_1,UEFA,-0.23868605494499207,0.0,-1728515.5,0.0
Robert Lewandowski,FWD,es_La_Liga,UEFA,-0.01576191745698452,0.0,-199177.0,0.0
Jesper Lindstrøm,FWD,eng_Premier_League,UEFA,0.7189157605171204,0.0,6601494.0,0.0
Dailon Livramento,FWD,it_Serie_A,CAF,-0.15990276634693146,0.0,-219206.375,0.0
Marin Ljubicic,FWD,de_Bundesliga,UEFA,-0.10780023038387299,0.0,-427455.5,0.0
Fer López,FWD,es_La_Liga,UEFA,-0.12021195888519287,0.0,-777746.5,0.0
Iker Losada,FWD,es_La_Liga,UEFA,-0.12024027854204178,0.0,-290368.75,0.0
Lorenzo Lucca,FWD,it_Serie_A,UEFA,-0.08594179153442383,0.0,-1299745.0,0.0
Romelu Lukaku,FWD,it_Serie_A,UEFA,-0.039344847202301025,0.0,-846364.0,0.0
Dodi Lukebakio,FWD,es_La_Liga,UEFA,-0.07004012167453766,0.0,-1625908.0,0.0
Zito Luvumbo,FWD,it_Serie_A,CAF,-0.11494038999080658,0.0,-767083.0,0.0
Othmane Maamma,FWD,fr_Ligue_1,CAF,-0.5511393547058105,0.0,-333519.9375,0.0
Shuto Machino,FWD,de_Bundesliga,AFC,-0.10377360880374908,0.0,-622187.0,0.0
Noni Madueke,FWD,eng_Premier_League,UEFA,0.37656670808792114,0.0,16839196.0,0.0
Frank Magri,FWD,fr_Ligue_1,CAF,-0.27538007497787476,0.0,-1270803.25,0.0
Donyell Malen,FWD,eng_Premier_League,UEFA,0.6083942651748657,0.0,11592013.0,0.0
Donyell Malen,FWD,de_Bundesliga,UEFA,-0.09336188435554504,0.0,-1738716.0,0.0
Dennis Man,FWD,it_Serie_A,UEFA,-0.11495139449834824,0.0,-983202.0,0.0
Johan Manzambi,FWD,de_Bundesliga,UEFA,-0.09510871767997742,0.0,-842216.0,0.0
Sekou Mara,FWD,fr_Ligue_1,UEFA,-0.2543434202671051,0.0,-950220.5,0.0
Mirko Marić,FWD,it_Serie_A,UEFA,-0.13914255797863007,0.0,-150905.875,0.0
Omar Marmoush,FWD,eng_Premier_League,CAF,0.41471418738365173,0.0,22402968.0,0.0
Omar Marmoush,FWD,de_Bundesliga,CAF,-0.037136260420084,0.0,-3041048.0,0.0
Carlos Martín,FWD,es_La_Liga,UEFA,-0.16368231177330017,0.0,-410764.25,0.0
Gabriel Martinelli,FWD,eng_Premier_League,CONMEBOL,0.3461359441280365,0.0,17867288.0,0.0
Lautaro Martínez,FWD,it_Serie_A,CONMEBOL,-0.04614505544304848,0.0,-3508312.0,0.0
Toni Martínez,FWD,es_La_Liga,UEFA,-0.15972985327243805,0.0,-397098.25,0.0
Giorgos Masouras,FWD,de_Bundesliga,UEFA,-0.10544450581073761,0.0,-283374.25,0.0
Jaime Mata,FWD,es_La_Liga,UEFA,-0.10919110476970673,0.0,-98005.1875,0.0
Igor Matanovic,FWD,de_Bundesliga,UEFA,-0.11761275678873062,0.0,-674312.0,0.0
Jean-Philippe Mateta,FWD,eng_Premier_League,UEFA,0.4224437177181244,0.0,10866160.0,0.0
Neal Maupay,FWD,fr_Ligue_1,UEFA,-0.18579407036304474,0.0,-1520377.5,0.0
Stephy Mavididi,FWD,eng_Premier_League,UEFA,0.658865749835968,0.0,5381716.0,0.0
Borja Mayoral,FWD,es_La_Liga,UEFA,-0.1460372507572174,0.0,-805609.0,0.0
Samuel Mbangula,FWD,it_Serie_A,UEFA,-0.09443551301956177,0.0,-1084482.0,0.0
Kylian Mbappé,FWD,es_La_Liga,UEFA,-0.032421521842479706,0.0,-5023328.0,0.0
Ibrahim Mbaye,FWD,fr_Ligue_1,UEFA,-0.37120118737220764,0.0,-2160784.0,0.0
Bryan Mbeumo,FWD,eng_Premier_League,CAF,0.38654643297195435,0.0,17424644.0,0.0
Kasey McAteer,FWD,eng_Premier_League,UEFA,0.7718800902366638,0.0,2005413.5,0.0
Oliver McBurnie,FWD,es_La_Liga,UEFA,-0.1313953995704651,0.0,-353172.5,0.0
Mohamed Meité,FWD,fr_Ligue_1,UEFA,-0.40609312057495117,0.0,-933541.375,0.0
Valentin Mihaila,FWD,it_Serie_A,UEFA,-0.122041717171669,0.0,-635137.0,0.0
Georges Mikautadze,FWD,fr_Ligue_1,UEFA,-0.17581981420516968,0.0,-4760342.0,0.0
Yankuba Minteh,FWD,eng_Premier_League,CAF,0.4229520559310913,0.0,9973680.0,0.0
Bojan Miovski,FWD,es_La_Liga,UEFA,-0.15966607630252838,0.0,-561685.75,0.0
Rafa Mir,FWD,es_La_Liga,UEFA,-0.16819989681243896,0.0,-317113.125,0.0
Kaoru Mitoma,FWD,eng_Premier_League,AFC,0.3598116636276245,0.0,10955400.0,0.0
Koji Miyoshi,FWD,de_Bundesliga,AFC,-0.15282778441905975,0.0,-260329.25,0.0
Max Moerstedt,FWD,de_Bundesliga,UEFA,-0.13743740320205688,0.0,-615375.25,0.0
Mostafa Mohamed,FWD,fr_Ligue_1,CAF,-0.2628343105316162,0.0,-902425.5,0.0
Alberto Moleiro,FWD,es_La_Liga,UEFA,-0.08975319564342499,0.0,-2156020.0,0.0
Mikey Moore,FWD,eng_Premier_League,UEFA,0.8668707013130188,0.0,8915530.0,0.0
Álvaro Morata,FWD,it_Serie_A,UEFA,-0.068379245698452,0.0,-522801.0,0.0
Gerard Moreno,FWD,es_La_Liga,UEFA,-0.07373550534248352,0.0,-329039.5,0.0
Tete Morente,FWD,it_Serie_A,UEFA,-0.1406203806400299,0.0,-332255.75,0.0
Daniel Mosquera,FWD,it_Serie_A,CONMEBOL,-0.1416422575712204,0.0,-310432.5,0.0
Dany Mota,FWD,it_Serie_A,UEFA,-0.1096937358379364,0.0,-699899.5,0.0
Steve Mounié,FWD,de_Bundesliga,CAF,-0.14058680832386017,0.0,-275062.375,0.0
Rodrigo Muniz,FWD,eng_Premier_League,CONMEBOL,0.5782197713851929,0.0,8446458.0,0.0
Vedat Muriqi,FWD,es_La_Liga,UEFA,-0.10091114044189453,0.0,-402141.25,0.0
Jacob Murphy,FWD,eng_Premier_League,UEFA,0.3139396607875824,0.0,4116481.0,0.0
Konan N'dri,FWD,it_Serie_A,CAF,-0.1261066198348999,0.0,-220183.75,0.0
Keito Nakamura,FWD,fr_Ligue_1,AFC,-0.23269332945346832,0.0,-2062562.0,0.0
Jesús Navas,FWD,es_La_Liga,UEFA,-0.08624830842018127,0.0,-213703.0,0.0
Iliman Ndiaye,FWD,eng_Premier_League,CAF,0.5444923639297485,0.0,9766580.0,0.0
Junior Ndiaye,FWD,fr_Ligue_1,UEFA,-0.5831851363182068,0.0,-92794.1953125,0.0
Dan Ndoye,FWD,it_Serie_A,UEFA,-0.04605482146143913,0.0,-2161048.0,0.0
Reiss Nelson,FWD,eng_Premier_League,UEFA,0.5888857245445251,0.0,8776251.0,0.0
David Neres,FWD,it_Serie_A,CONMEBOL,-0.0811232328414917,0.0,-2232952.0,0.0
Pedro Neto,FWD,eng_Premier_League,UEFA,0.4047931134700775,0.0,15172978.0,0.0
Steve Ngoura,FWD,fr_Ligue_1,UEFA,-0.4161847233772278,0.0,-450969.9375,0.0
Justin Njinmah,FWD,de_Bundesliga,UEFA,-0.11873847246170044,0.0,-806683.5,0.0
Eddie Nketiah,FWD,eng_Premier_League,UEFA,0.5553240180015564,0.0,8444856.0,0.0
Christopher Nkunku,FWD,eng_Premier_League,UEFA,0.5069257020950317,0.0,12588646.0,0.0
Lukas Nmecha,FWD,de_Bundesliga,UEFA,-0.1404857635498047,0.0,-486564.0,0.0
Arnaud Nordin,FWD,fr_Ligue_1,UEFA,-0.257629930973053,0.0,-1322332.5,0.0
Tijjani Noslin,FWD,it_Serie_A,UEFA,-0.11532793939113617,0.0,-989164.5,0.0
Randy Nteka,FWD,es_La_Liga,CAF,-0.16642047464847565,0.0,-378910.25,0.0
Ernest Nuamah,FWD,fr_Ligue_1,CAF,-0.2260226607322693,0.0,-3283214.0,0.0
Darwin Núñez,FWD,eng_Premier_League,CONMEBOL,0.4414037764072418,0.0,13765736.0,0.0
Ethan Nwaneri,FWD,eng_Premier_League,UEFA,0.45859435200691223,0.0,19265836.0,0.0
M'Bala Nzola,FWD,fr_Ligue_1,CAF,-0.25264671444892883,0.0,-1885097.5,0.0
Wilson Odobert,FWD,eng_Premier_League,UEFA,0.7595660090446472,0.0,11446481.0,0.0
Noah Okafor,FWD,it_Serie_A,UEFA,-0.12425750494003296,0.0,-1255501.0,0.0
Ben Old,FWD,fr_Ligue_1,OFC,-0.3517917990684509,0.0,-468300.25,0.0
Michael Olise,FWD,de_Bundesliga,UEFA,-0.04157772660255432,0.0,-4227816.0,0.0
Paul Onuachu,FWD,eng_Premier_League,CAF,0.689338743686676,0.0,2302999.25,0.0
Loïs Openda,FWD,de_Bundesliga,UEFA,-0.06157369166612625,0.0,-2407844.0,0.0
Gift Orban,FWD,de_Bundesliga,CAF,-0.12005846947431564,0.0,-874324.5,0.0
Gaetano Oristanio,FWD,it_Serie_A,UEFA,-0.11431244015693665,0.0,-693818.5,0.0
Riccardo Orsolini,FWD,it_Serie_A,UEFA,-0.0555635541677475,0.0,-1561082.0,0.0
Dango Ouattara,FWD,eng_Premier_League,CAF,0.475350946187973,0.0,12182202.0,0.0
Mikel Oyarzabal,FWD,es_La_Liga,UEFA,-0.09292833507061005,0.0,-1298929.0,0.0
Leonardo Pavoletti,FWD,it_Serie_A,UEFA,-0.07934144884347916,0.0,-65968.0,0.0
Nicolas Pays,FWD,fr_Ligue_1,UEFA,-0.40705859661102295,0.0,-433249.25,0.0
Pietro Pellegri,FWD,it_Serie_A,UEFA,-0.13618716597557068,0.0,-454296.5,0.0
Mateo Pellegrino,FWD,it_Serie_A,CONMEBOL,-0.12690122425556183,0.0,-685630.0,0.0
Rubén Peña,FWD,es_La_Liga,UEFA,-0.12925811111927032,0.0,-165025.75,0.0
Nicolas Pépé,FWD,es_La_Liga,CAF,-0.08484059572219849,0.0,-473376.0,0.0
Mathias Pereira Lage,FWD,fr_Ligue_1,UEFA,-0.22681951522827148,0.0,-805830.25,0.0
Ayoze Pérez,FWD,es_La_Liga,UEFA,-0.053739748895168304,0.0,-749711.0,0.0
Francisco Perez,FWD,es_La_Liga,UEFA,-0.1849042922258377,0.0,-151601.75,0.0
Andrea Petagna,FWD,it_Serie_A,UEFA,-0.11650772392749786,0.0,-119614.125,0.0
Roberto Piccoli,FWD,it_Serie_A,UEFA,-0.07240308821201324,0.0,-1117778.0,0.0
Benedikt Pichler,FWD,de_Bundesliga,UEFA,-0.15801793336868286,0.0,-267843.125,0.0
Marvin Pieringer,FWD,de_Bundesliga,UEFA,-0.10842916369438171,0.0,-631487.5,0.0
Santiago Pierotti,FWD,it_Serie_A,CONMEBOL,-0.1180412620306015,0.0,-549027.0,0.0
Andrea Pinamonti,FWD,it_Serie_A,UEFA,-0.09796996414661407,0.0,-1245653.0,0.0
Matteo Politano,FWD,it_Serie_A,UEFA,-0.05369538813829422,0.0,-692311.0,0.0
Portu,FWD,es_La_Liga,UEFA,-0.13801267743110657,0.0,-228929.5,0.0
Yussuf Poulsen,FWD,de_Bundesliga,UEFA,-0.1213691234588623,0.0,-452578.5,0.0
Abdón Prats,FWD,es_La_Liga,UEFA,-0.11221513897180557,0.0,-171072.625,0.0
Javi Puado,FWD,es_La_Liga,UEFA,-0.09346231818199158,0.0,-1181908.0,0.0
Christian Pulisic,FWD,it_Serie_A,CONCACAF,-0.04001688212156296,0.0,-1936640.0,0.0
Dani Raba,FWD,es_La_Liga,UEFA,-0.11175206303596497,0.0,-360474.0,0.0
Sandro Ramírez,FWD,es_La_Liga,UEFA,-0.08602938801050186,0.0,-183222.375,0.0
Gonçalo Ramos,FWD,fr_Ligue_1,UEFA,-0.1807238906621933,0.0,-6755696.0,0.0
Jacob Ramsey,FWD,eng_Premier_League,UEFA,0.5120993852615356,0.0,11085733.0,0.0
Raphinha,FWD,es_La_Liga,CONMEBOL,-0.03876439854502678,0.0,-3542760.0,0.0
Marcus Rashford,FWD,eng_Premier_League,UEFA,0.6640598773956299,0.0,12248949.0,0.0
Marcus Rashford,FWD,eng_Premier_League,UEFA,0.5433815121650696,0.0,19650596.0,0.0
Giacomo Raspadori,FWD,it_Serie_A,UEFA,-0.08694297075271606,0.0,-1588568.0,0.0
Raúl,FWD,es_La_Liga,UEFA,-0.1931757777929306,0.0,-55982.28125,0.0
Ante Rebić,FWD,it_Serie_A,UEFA,-0.13595210015773773,0.0,-202186.0,0.0
Mateo Retegui,FWD,it_Serie_A,UEFA,-0.04944472014904022,0.0,-2621040.0,0.0
Richarlison,FWD,eng_Premier_League,CONMEBOL,0.8033355474472046,0.0,8160094.0,0.0
Álvaro Rodríguez,FWD,es_La_Liga,CONMEBOL,-0.16237595677375793,0.0,-414301.25,0.0
Jesus Rodríguez,FWD,es_La_Liga,UEFA,-0.06773653626441956,0.0,-1876504.0,0.0
Rodrygo,FWD,es_La_Liga,CONMEBOL,-0.06398040056228638,0.0,-3988284.0,0.0
Morgan Rogers,FWD,eng_Premier_League,UEFA,0.3538501262664795,0.0,16163152.0,0.0
Isaac Romero,FWD,es_La_Liga,UEFA,-0.10920301079750061,0.0,-841647.0,0.0
Vitor Roque,FWD,es_La_Liga,CONMEBOL,-0.09541414678096771,0.0,-1912650.0,0.0
Abel Ruiz,FWD,es_La_Liga,UEFA,-0.13201949000358582,0.0,-714559.5,0.0
Emmanuel Sabbi,FWD,fr_Ligue_1,CONCACAF,-0.2922571301460266,0.0,-468125.625,0.0
Umar Sadiq,FWD,es_La_Liga,CAF,-0.13051296770572662,0.0,-757278.5,0.0
Osame Sahraoui,FWD,fr_Ligue_1,CAF,-0.22364002466201782,0.0,-4161675.0,0.0
Wesley Saïd,FWD,fr_Ligue_1,UEFA,-0.21692579984664917,0.0,-706578.25,0.0
Bukayo Saka,FWD,eng_Premier_League,UEFA,0.3171261250972748,0.0,30332936.0,0.0
Ibrahim Salah,FWD,fr_Ligue_1,CAF,-0.2404802143573761,0.0,-594943.75,0.0
Mohamed Salah,FWD,eng_Premier_League,CAF,0.237330362200737,0.0,9740680.0,0.0
Amine Salama,FWD,fr_Ligue_1,UEFA,-0.3114933967590332,0.0,-585223.375,0.0
Antonio Sanabria,FWD,it_Serie_A,CONMEBOL,-0.1344924420118332,0.0,-357070.75,0.0
Alexis Sánchez,FWD,it_Serie_A,CONMEBOL,-0.0727250874042511,0.0,-104860.125,0.0
Jadon Sancho,FWD,eng_Premier_League,UEFA,0.40182608366012573,0.0,12412670.0,0.0
Leroy Sané,FWD,de_Bundesliga,UEFA,-0.04551413655281067,0.0,-1948280.0,0.0
Maroan Sannadi,FWD,es_La_Liga,CAF,-0.11353349685668945,0.0,-969047.0,0.0
Amin Sarr,FWD,it_Serie_A,UEFA,-0.13354873657226562,0.0,-638115.5,0.0
Sávio,FWD,eng_Premier_League,CONMEBOL,0.07146322727203369,0.0,27023.21875,0.0
Kevin Schade,FWD,eng_Premier_League,UEFA,0.39918601512908936,0.0,10233532.0,0.0
Patrik Schick,FWD,de_Bundesliga,UEFA,-0.06340032815933228,0.0,-1794272.0,0.0
Léo Scienza,FWD,de_Bundesliga,CONMEBOL,-0.15312494337558746,0.0,-622089.5,0.0
Antoine Semenyo,FWD,eng_Premier_League,CAF,0.37553268671035767,0.0,14879110.0,0.0
Benjamin Šeško,FWD,de_Bundesliga,UEFA,-0.05907426401972771,0.0,-2925240.0,0.0
Ryan Sessegnon,FWD,eng_Premier_League,UEFA,0.6558367609977722,0.0,8298520.0,0.0
Eldor Shomurodov,FWD,it_Serie_A,AFC,-0.07906367629766464,0.0,-509476.5,0.0
Armindo Sieb,FWD,de_Bundesliga,UEFA,-0.1421138346195221,0.0,-550514.5,0.0
André Silva,FWD,de_Bundesliga,UEFA,-0.13155719637870789,0.0,-487842.5,0.0
Fábio Silva,FWD,es_La_Liga,UEFA,-0.08930673450231552,0.0,-1656600.0,0.0
Jota Silva,FWD,eng_Premier_League,UEFA,0.6048302054405212,0.0,5588627.5,0.0
Abdallah Sima,FWD,fr_Ligue_1,CAF,-0.22204381227493286,0.0,-2326176.0,0.0
Giovanni Simeone,FWD,it_Serie_A,CONMEBOL,-0.09195484220981598,0.0,-425182.5,0.0
Moses Simon,FWD,fr_Ligue_1,CAF,-0.18440215289592743,0.0,-2026337.0,0.0
Danel Sinani,FWD,de_Bundesliga,UEFA,-0.1696348637342453,0.0,-372249.125,0.0
Lassine Sinayoko,FWD,fr_Ligue_1,CAF,-0.24271434545516968,0.0,-1797968.0,0.0
Tim Skarke,FWD,de_Bundesliga,UEFA,-0.16059927642345428,0.0,-312750.75,0.0
Andreas Skov Olsen,FWD,de_Bundesliga,UEFA,-0.1296689212322235,0.0,-1239507.0,0.0
Dominic Solanke,FWD,eng_Premier_League,UEFA,0.46312645077705383,0.0,13557212.0,0.0
Ramón Sosa,FWD,eng_Premier_League,CONMEBOL,0.7244181036949158,0.0,6830377.0,0.0
Florian Sotoca,FWD,fr_Ligue_1,UEFA,-0.18947330117225647,0.0,-413161.125,0.0
Riccardo Sottil,FWD,it_Serie_A,UEFA,-0.11926247179508209,0.0,-878920.5,0.0
Issa Soumaré,FWD,fr_Ligue_1,CAF,-0.2876724898815155,0.0,-1160446.75,0.0
Lucas Stassin,FWD,fr_Ligue_1,UEFA,-0.293381929397583,0.0,-3686568.0,0.0
Raheem Sterling,FWD,eng_Premier_League,UEFA,0.4513304829597473,0.0,3339114.5,0.0
Ross Stewart,FWD,eng_Premier_League,UEFA,0.7511045336723328,0.0,2215493.0,0.0
Jørgen Strand Larsen,FWD,eng_Premier_League,UEFA,0.5030909776687622,0.0,11312288.0,0.0
Gabriel Strefezza,FWD,it_Serie_A,CONMEBOL,-0.09342028200626373,0.0,-667709.5,0.0
Cristhian Stuani,FWD,es_La_Liga,CONMEBOL,-0.0680277869105339,0.0,-77199.125,0.0
Kamaldeen Sulemana,FWD,eng_Premier_League,CAF,0.7444478273391724,0.0,6372880.5,0.0
Crysencio Summerville,FWD,eng_Premier_League,UEFA,0.7709004878997803,0.0,9117688.0,0.0
Suso,FWD,es_La_Liga,UEFA,-0.12282130122184753,0.0,-396026.75,0.0
Williot Swedberg,FWD,es_La_Liga,UEFA,-0.11161945015192032,0.0,-1149197.0,0.0
Mamadou Sylla,FWD,es_La_Liga,CAF,-0.12655985355377197,0.0,-168898.875,0.0
Sammie Szmodics,FWD,eng_Premier_League,UEFA,0.7300445437431335,0.0,3725532.25,0.0
Alexander Sørloth,FWD,es_La_Liga,UEFA,-0.0673263818025589,0.0,-1868132.0,0.0
Haris Tabakovic,FWD,de_Bundesliga,UEFA,-0.11112600564956665,0.0,-266630.25,0.0
Mehdi Taremi,FWD,it_Serie_A,AFC,-0.07020055502653122,0.0,-265043.5,0.0
Marcus Tavernier,FWD,eng_Premier_League,UEFA,0.5483531951904297,0.0,9032485.0,0.0
Loum Tchaouna,FWD,it_Serie_A,UEFA,-0.12240302562713623,0.0,-988811.5,0.0
Mathys Tel,FWD,eng_Premier_League,UEFA,0.7278639674186707,0.0,16421828.0,0.0
Casper Tengstedt,FWD,it_Serie_A,UEFA,-0.11581383645534515,0.0,-775329.5,0.0
Florian Thauvin,FWD,it_Serie_A,UEFA,-0.057591307908296585,0.0,-301027.5,0.0
Sorba Thomas,FWD,fr_Ligue_1,UEFA,-0.2592034339904785,0.0,-974852.5,0.0
Marcus Thuram,FWD,it_Serie_A,UEFA,-0.04784870892763138,0.0,-3282808.0,0.0
Phillip Tietz,FWD,de_Bundesliga,UEFA,-0.13270926475524902,0.0,-649709.5,0.0
Tiago Tomás,FWD,de_Bundesliga,UEFA,-0.10942580550909042,0.0,-966721.5,0.0
Ferrán Torres,FWD,es_La_Liga,UEFA,-0.06144830584526062,0.0,-2838336.0,0.0
Bazoumana Touré,FWD,de_Bundesliga,CAF,-0.10666130483150482,0.0,-719115.0,0.0
Adama Traoré,FWD,eng_Premier_League,UEFA,0.5808349847793579,0.0,4942861.5,0.0
Leandro Trossard,FWD,eng_Premier_League,UEFA,0.30750054121017456,0.0,5372337.0,0.0
Viktor Tsyhankov,FWD,es_La_Liga,UEFA,-0.11713193356990814,0.0,-1057977.0,0.0
Christantus Uche,FWD,es_La_Liga,CAF,-0.09177431464195251,0.0,-1069896.0,0.0
Enes Ünal,FWD,eng_Premier_League,UEFA,0.6958821415901184,0.0,6966719.0,0.0
Deniz Undav,FWD,de_Bundesliga,UEFA,-0.05636940896511078,0.0,-1220450.0,0.0
Jamie Vardy,FWD,eng_Premier_League,UEFA,0.23329168558120728,0.0,244658.6875,0.0
Ruben Vargas,FWD,es_La_Liga,UEFA,-0.13719111680984497,0.0,-907731.5,0.0
Alejo Véliz,FWD,es_La_Liga,CONMEBOL,-0.12818396091461182,0.0,-358970.25,0.0
Carlos Vicente,FWD,es_La_Liga,UEFA,-0.09531528502702713,0.0,-470904.0,0.0
Pau Victor,FWD,es_La_Liga,UEFA,-0.11741714924573898,0.0,-813633.5,0.0
Asier Villalibre,FWD,es_La_Liga,UEFA,-0.1338195651769638,0.0,-290638.5,0.0
Nicolas Viola,FWD,it_Serie_A,UEFA,-0.08774737268686295,0.0,-108616.875,0.0
Vitinha,FWD,it_Serie_A,UEFA,-0.11821490526199341,0.0,-719894.0,0.0
Dušan Vlahović,FWD,it_Serie_A,UEFA,-0.05207373946905136,0.0,-1900224.0,0.0
Ibrahima Wadji,FWD,fr_Ligue_1,CAF,-0.3075884282588959,0.0,-275821.75,0.0
Elye Wahi,FWD,fr_Ligue_1,UEFA,-0.22351694107055664,0.0,-5569004.0,0.0
Ollie Watkins,FWD,eng_Premier_League,UEFA,0.3306451737880707,0.0,11585146.0,0.0
Nelson Weiper,FWD,de_Bundesliga,UEFA,-0.1183987632393837,0.0,-982895.0,0.0
Noah Weißhaupt,FWD,de_Bundesliga,UEFA,-0.1359187811613083,0.0,-716936.5,0.0
Danny Welbeck,FWD,eng_Premier_League,UEFA,0.2703075408935547,0.0,1365614.5,0.0
Timo Werner,FWD,eng_Premier_League,UEFA,0.6604005694389343,0.0,3691566.25,0.0
Iñaki Williams,FWD,es_La_Liga,CAF,-0.04940810799598694,0.0,-753839.0,0.0
Nico Williams,FWD,es_La_Liga,UEFA,-0.07569731771945953,0.0,-3964496.0,0.0
Callum Wilson,FWD,eng_Premier_League,UEFA,0.6805527806282043,0.0,3435800.25,0.0
Harry Wilson,FWD,eng_Premier_League,UEFA,0.6594086289405823,0.0,7958060.0,0.0
Jonas Wind,FWD,de_Bundesliga,UEFA,-0.10279136896133423,0.0,-1051409.0,0.0
Yoane Wissa,FWD,eng_Premier_League,CAF,0.3440781831741333,0.0,10235788.0,0.0
Nick Woltemade,FWD,de_Bundesliga,UEFA,-0.05470340698957443,0.0,-2029548.0,0.0
Chris Wood,FWD,eng_Premier_League,OFC,0.371095210313797,0.0,3356942.5,0.0
Lamine Yamal,FWD,es_La_Liga,UEFA,-0.020840220153331757,0.0,-3724432.0,0.0
Erencan Yardimci,FWD,de_Bundesliga,UEFA,-0.1328376829624176,0.0,-317654.25,0.0
Bertuğ Yıldırım,FWD,es_La_Liga,UEFA,-0.16250360012054443,0.0,-380406.5,0.0
Kenan Yıldız,FWD,it_Serie_A,UEFA,-0.04297192022204399,0.0,-2389096.0,0.0
Mattia Zaccagni,FWD,it_Serie_A,UEFA,-0.046410202980041504,0.0,-662173.0,0.0
Nicolò Zaniolo,FWD,it_Serie_A,UEFA,-0.10063492506742477,0.0,-1021866.0,0.0
Nicolò Zaniolo,FWD,it_Serie_A,UEFA,-0.11325050890445709,0.0,-1236068.0,0.0
Alessandro Zanoli,FWD,it_Serie_A,UEFA,-0.12385787814855576,0.0,-582353.0,0.0
Duván Zapata,FWD,it_Serie_A,CONMEBOL,-0.0670630931854248,0.0,-255234.25,0.0
Bryan Zaragoza,FWD,es_La_Liga,UEFA,-0.10361436009407043,0.0,-946980.0,0.0
Anass Zaroury,FWD,fr_Ligue_1,CAF,-0.2441534548997879,0.0,-2133374.5,0.0
Edon Zhegrova,FWD,fr_Ligue_1,UEFA,-0.18256288766860962,0.0,-4622226.0,0.0
Joshua Zirkzee,FWD,eng_Premier_League,UEFA,0.7508733868598938,0.0,9873627.0,0.0
Budu Zivzivadze,FWD,de_Bundesliga,UEFA,-0.1146635040640831,0.0,-289715.5,0.0
Himad Abdelli,MID,fr_Ligue_1,CAF,-0.1975578400879912,-0.07205174340602655,-1540146.377029989,-526801.2941618236
Zakaria Aboukhlal,MID,fr_Ligue_1,CAF,-0.1896782207685497,-0.0726050046591238,-2441146.891970601,-880167.6835286934
Tyler Adams,MID,eng_Premier_League,CONCACAF,0.6507387492862675,0.003514707726891788,9180356.238866076,67336.30789370462
Amine Adli,MID,de_Bundesliga,CAF,-0.09472382781511661,-0.05259460254384263,-1826794.9755904973,-992913.0151071809
Yacine Adli,MID,it_Serie_A,UEFA,-0.09302485873742809,0.012307496207137695,-1081162.0238279942,135654.74941292964
Michel Aebischer,MID,it_Serie_A,UEFA,-0.1369949945762284,0.013152178519007605,-1068886.8074098947,95122.7155065136
Lucien Agoume,MID,es_La_Liga,UEFA,-0.20572477760809782,0.01494843224485712,-1739805.1463414598,113013.29497524258
Jean-Eudes Aholou,MID,fr_Ligue_1,CAF,-0.22077001448257694,-0.08377535743334097,-224422.70147943136,-79385.34922402247
Ilias Akhomach,MID,es_La_Liga,CAF,-0.200368343252499,-0.06556271757654603,-3090308.2287302557,-943861.9940723833
Jean-Daniel Akpa-Akpro,MID,it_Serie_A,CAF,-0.18568000145763788,-0.08557132168814906,-112183.18857067882,-49120.339202913456
Carles Aleñá,MID,es_La_Liga,UEFA,-0.2375580371365607,0.009608953671918321,-663550.9235312259,23664.09748528432
Carles Aleñá,MID,es_La_Liga,UEFA,-0.2750341979817434,0.011365230379314762,-846356.0444084522,30212.60544067854
Thiago Almada,MID,fr_Ligue_1,CONMEBOL,-0.1577551647534589,0.013169806520078164,-4281358.299391001,327804.10602212325
Sergi Altimira,MID,es_La_Liga,UEFA,-0.17607342324616013,0.015124337004799466,-2951243.093033703,230097.94629745558
Edson Álvarez,MID,eng_Premier_League,CONCACAF,0.7412408190476013,0.0059996036540583865,12270741.737209972,140214.53000149876
Hugo Álvarez,MID,es_La_Liga,UEFA,-0.22068921755682372,0.013072532770509081,-2024799.524070629,106493.24520581774
Selim Amallah,MID,es_La_Liga,CAF,-0.26004802489266743,-0.06164499328408419,-474643.17445318773,-101618.9156158031
Nadiem Amiri,MID,de_Bundesliga,UEFA,-0.10261211915825183,0.011354777089873657,-2190607.399525985,228880.4643968679
Mathis Amougou,MID,fr_Ligue_1,UEFA,-0.17091966187316324,0.01729183819971648,-1605373.8381601404,147649.71545959637
Elliot Anderson,MID,eng_Premier_League,UEFA,0.43446114473857955,0.0073037864630166455,10905924.273187708,225219.66304338723
André,MID,eng_Premier_League,CONMEBOL,0.7082623923524723,0.0063659691485438066,14255469.677768825,178249.25811974332
Benjamin André,MID,fr_Ligue_1,UEFA,-0.12629862689602173,0.011071437392150375,-641006.1633015536,52426.59615304135
Robert Andrich,MID,de_Bundesliga,UEFA,-0.07293988787735728,0.012131774315198,-679566.9966666475,108299.09524843283
Faustino Anjorin,MID,it_Serie_A,UEFA,-0.1499143664223764,0.014302673188865585,-941861.5199475167,82698.72808793932
Anuar,MID,es_La_Liga,CAF,-0.2701130167492834,-0.08501982645747554,-283260.8251374882,-81055.04714274628
Mauro Arambarri,MID,es_La_Liga,CONMEBOL,-0.18797784946855123,0.008631063769134114,-2042659.947941795,84883.39763760753
Joe Aribo,MID,eng_Premier_League,CAF,0.8083831943450066,-0.05005660198004265,3496383.448203601,-323709.07752950303
Hákon Arnar Haraldsson,MID,fr_Ligue_1,UEFA,-0.18315991773267376,0.011763009856182494,-3592631.1813534237,209011.0708578974
Maximilian Arnold,MID,de_Bundesliga,UEFA,-0.09330035039962244,0.009434601167498122,-498055.40321361553,47824.82795817219
Marco Asensio,MID,eng_Premier_League,UEFA,0.6134711833329969,0.00728798199088253,8942252.878783273,141612.9758029729
Kristjan Asllani,MID,it_Serie_A,UEFA,-0.09971102689495089,0.010065762080022404,-1317487.3658399694,125844.47143046372
Valentin Atangana Edoa,MID,fr_Ligue_1,UEFA,-0.18812948902068302,0.01787773927437591,-2086957.0890324842,178649.1119113788
Arthur Atta,MID,it_Serie_A,UEFA,-0.150487081748476,0.012608817057930509,-1282663.881621806,98961.2834188398
Yasin Ayari,MID,eng_Premier_League,UEFA,0.5681691634262739,0.009926684080433257,10129432.504416877,230838.54812117293
Neil El Aynaoui,MID,fr_Ligue_1,UEFA,-0.18014556077897986,0.012069313938865515,-3018793.6591296997,183471.69254005514
Shavy Babicka,MID,fr_Ligue_1,CAF,-0.23514393664951616,-0.07632034360663192,-755646.3109396324,-226069.66887868755
Milan Badelj,MID,it_Serie_A,UEFA,-0.16371673454953384,0.01093356631176229,-138813.1755443149,8485.78218423808
Alex Baena,MID,es_La_Liga,UEFA,-0.11356098800729535,0.007984357257416575,-7184211.503389329,475077.52781880647
Stefan Bajcetic,MID,es_La_Liga,UEFA,-0.19740629521610775,0.019636985049086137,-1901844.1389187202,169457.35334325582
Dilane Bakwa,MID,fr_Ligue_1,UEFA,-0.16573484538896302,0.011086518880056193,-4846911.483511437,296452.74612627923
Tommaso Baldanzi,MID,it_Serie_A,UEFA,-0.10912905801725999,0.013272760176170621,-1349053.9357907902,154261.8882001154
Carlos Baleba,MID,eng_Premier_League,CAF,0.5224151283995494,-0.05633593285318722,15669981.99672737,-2231734.0695877746
Valentín Barco,MID,fr_Ligue_1,CONMEBOL,-0.19007810167052464,0.006005665276103439,-2741851.5725992825,78422.55550163053
Nicolò Barella,MID,it_Serie_A,UEFA,-0.06829614099372805,0.00988967958223778,-5451860.654630363,759049.9160332829
Ross Barkley,MID,eng_Premier_League,UEFA,0.6258837456276573,0.005580000676202236,2918018.742842168,34902.84785608109
Enzo Barrenechea,MID,es_La_Liga,CONMEBOL,-0.20831031273833436,0.0024859979380867266,-2464809.3331552204,26424.979276543483
Ander Barrenetxea,MID,es_La_Liga,UEFA,-0.20621774005428536,0.01318471250188019,-2921359.6821092647,167078.63717020862
Pablo Barrios,MID,es_La_Liga,UEFA,-0.10686320993126999,0.016533249909166665,-6364783.851995721,925372.934023872
Christoph Baumgartner,MID,de_Bundesliga,UEFA,-0.12385186062187975,0.01098168618392865,-1548700.498085998,128286.17111085355
Adrian Beck,MID,de_Bundesliga,UEFA,-0.16345244796449065,0.00830180073243887,-395732.187301273,18424.859710443765
Donny van de Beek,MID,es_La_Liga,UEFA,-0.2298829006808725,0.011847469034835332,-1267392.0720190117,57754.455652987584
Reda Belahyane,MID,it_Serie_A,CAF,-0.14103433156747902,-0.11064961025822169,-1526333.416759232,-1179066.097154146
Haris Belkebla,MID,fr_Ligue_1,CAF,-0.1965959124221363,-0.07559823547628611,-439045.17751577124,-158699.77774790907
Yassin Belkhdim,MID,fr_Ligue_1,UEFA,-0.27916420772325795,0.009446501818381674,-348505.358584346,10175.177848189138
Jean-Ricner Bellegarde,MID,eng_Premier_League,UEFA,0.7174666615299374,0.008204261057081632,9565473.500565331,152645.70179049298
Jude Bellingham,MID,es_La_Liga,UEFA,-0.08674236717874569,0.01447679750975463,-14989770.114457548,2377521.1310835183
Fran Beltrán,MID,es_La_Liga,UEFA,-0.18363477284891244,0.012740365572010956,-1771711.181323044,111268.04764353111
Eliesse Ben Seghir,MID,fr_Ligue_1,CAF,-0.1909379613546755,-0.08454835122311183,-6176670.405469507,-2590209.6047131084
László Bénes,MID,de_Bundesliga,UEFA,-0.15805083979459378,0.0061496044613762,-499044.2491861484,17868.269996138755
Ismaël Bennacer,MID,it_Serie_A,CAF,-0.1193095955164177,-0.050747449794107245,-1899162.5539749786,-780192.8238612954
Ismaël Bennacer,MID,fr_Ligue_1,CAF,-0.1385867920080545,-0.06320800131054481,-2292241.811448725,-1006160.2355555799
Nabil Bentaleb,MID,fr_Ligue_1,CAF,-0.1821453983809683,-0.035016898182823386,-1087942.8426571256,-194061.32767730765
Rodrigo Bentancur,MID,eng_Premier_League,CONMEBOL,0.7302793305866885,0.01179140138372627,14794563.191941142,334649.93921104074
Sander Berge,MID,eng_Premier_League,UEFA,0.685189856144246,0.010288362102441388,12809116.29891448,264330.19316902384
Lucas Bergvall,MID,eng_Premier_League,UEFA,0.6607671677590478,0.013375094758771043,17222051.619027354,473198.8787751645
Medon Berisha,MID,it_Serie_A,UEFA,-0.166093683241765,0.009015240124613716,-312053.20041626296,15499.967384706251
Adrian Bernabe,MID,it_Serie_A,UEFA,-0.11361083613886297,0.016223409824184513,-1810657.1877066735,242179.11510386877
Juan Bernat,MID,es_La_Liga,UEFA,-0.24693679782471412,0.007508808475529507,-568228.2375757487,15175.884621504927
Antoine Bernede,MID,it_Serie_A,UEFA,-0.17429790060294797,0.00961058397700655,-487177.8969541108,24471.582151567098
Matúš Bero,MID,de_Bundesliga,UEFA,-0.12591742439302106,0.008515458517066667,-405908.1778672985,25649.13468972873
Alessandro Bianco,MID,it_Serie_A,UEFA,-0.1377037920055187,0.01799294310088754,-757212.2886891132,91459.24701485876
Tom Bischof,MID,de_Bundesliga,UEFA,-0.11406237872699047,0.016359543728176835,-3483091.163522687,467780.6833773777
Yves Bissouma,MID,eng_Premier_League,CAF,0.9150468918847612,-0.05701157600880314,14433135.973536106,-1412445.5767639168
Leonardo Bittencourt,MID,de_Bundesliga,UEFA,-0.14167307030540843,0.011063004023110185,-248933.6489449672,17994.601207155734
Antonio Blanco,MID,es_La_Liga,UEFA,-0.1930426067842313,0.014851534616894181,-1911012.4703332167,132302.4540832881
Ludovic Blas,MID,fr_Ligue_1,UEFA,-0.1793579512037465,0.014398860006217672,-3305884.3334226236,240570.9357947316
Jeremie Boga,MID,fr_Ligue_1,CAF,-0.1507996072248971,-0.06273584228830843,-1681266.9033562392,-668789.0834392458
Warren Bondo,MID,it_Serie_A,UEFA,-0.11763790739233317,0.02210130722773903,-1256437.801286852,220001.74686412327
Ayyoub Bouaddi,MID,fr_Ligue_1,UEFA,-0.17130045832957685,0.016312759688292797,-4750958.757322412,411419.08281246945
Badredine Bouanani,MID,fr_Ligue_1,CAF,-0.1965577688717539,-0.08197322227029351,-1591592.5720330998,-625971.6567969937
Benjamin Bouchouari,MID,fr_Ligue_1,CAF,-0.21304486456430705,-0.09340901378891996,-1103062.0157133257,-454858.08003811445
Hicham Boudaoui,MID,fr_Ligue_1,CAF,-0.17589178592152332,-0.07966462194401734,-2795478.46103207,-1205412.7169774193
Carlo Boukhalfa,MID,de_Bundesliga,CAF,-0.1828242253437866,-0.09302179810348445,-439366.74294628017,-213515.65294650663
Edoardo Bove,MID,it_Serie_A,UEFA,-0.11677900519823846,0.014438877044504939,-779831.9248351818,90247.06379045546
Julian Brandt,MID,de_Bundesliga,UEFA,-0.08284480787315145,0.008627948212234107,-2130892.028591063,211942.36783760786
Darko Brašanac,MID,es_La_Liga,UEFA,-0.29743340581720756,0.008886573623104414,-192035.1175438373,4904.6776197960135
Matthias Braunöder,MID,it_Serie_A,UEFA,-0.1889536359910275,0.014228121117082932,-311959.5917501254,21189.85890317592
Brenner,MID,it_Serie_A,CONMEBOL,-0.18056561958879813,0.0015575881459110276,-767927.7671733825,6039.494724118616
Marco Brescianini,MID,it_Serie_A,UEFA,-0.1159637656468995,0.006686909132472919,-1110120.6802354176,60172.42906630412
Nathan Broadhead,MID,eng_Premier_League,UEFA,0.7909187560159808,0.002235052126843057,2608175.6606546957,10653.489463132806
Jacob Bruun Larsen,MID,de_Bundesliga,UEFA,-0.1462202871677553,0.010532705223630295,-788711.7278125361,52484.0453228401
Tajon Buchanan,MID,es_La_Liga,CONCACAF,-0.23754774024891678,0.0048325420032349405,-1651008.1194619965,29683.938315241598
Gianluca Busio,MID,it_Serie_A,CONCACAF,-0.14777744863276787,-0.00020578337146486166,-989799.6432509366,-1279.1148022022098
Liberato Cacace,MID,it_Serie_A,OFC,-0.16161535839616004,-0.001297927594567613,-536664.7488657115,-3973.6160624995828
Mathieu Cafaro,MID,fr_Ligue_1,UEFA,-0.19327517449533396,0.009370916584222634,-606346.476775724,26524.588167732116
Moisés Caicedo,MID,eng_Premier_League,CONMEBOL,0.38684979286347515,0.008194840857775262,29071351.59421196,739577.6605632603
Tom Cairney,MID,eng_Premier_League,UEFA,0.6519427204451755,0.007919973206174656,822727.496262485,13550.492462816183
Jens Cajuste,MID,eng_Premier_League,UEFA,0.8239415020037031,0.014871386228394777,5932349.143788916,156011.6916330345
Hakan Çalhanoğlu,MID,it_Serie_A,UEFA,-0.061785244953286626,0.007452012651517138,-1784165.6766984202,207836.22242091596
Drissa Camara,MID,it_Serie_A,CAF,-0.16072792026397362,-0.04869280837354898,-283729.4785289294,-81194.26872182242
Lamine Camara,MID,fr_Ligue_1,CAF,-0.16248882958656466,-0.08827345842293181,-3807917.956446003,-1991782.353359893
Mahdi Camara,MID,fr_Ligue_1,UEFA,-0.21655654349441084,0.014083551091840896,-2368183.954193026,136971.03345018998
Eduardo Camavinga,MID,es_La_Liga,UEFA,-0.10433489194137616,0.020227962500478463,-5794348.91405575,1055089.181092739
José Campaña,MID,es_La_Liga,UEFA,-0.2798682573580245,0.007755365259238764,-303685.64630102715,7264.418477704865
Sergi Canós,MID,es_La_Liga,UEFA,-0.27412322103863596,0.010826961640256733,-729496.1383484919,24908.686523545068
Pierrick Capelle,MID,fr_Ligue_1,UEFA,-0.23292436388218282,0.0035356130389038558,-59508.07029424593,800.7518665899406
Gianluca Caprari,MID,it_Serie_A,UEFA,-0.13365588858734043,0.010080317165133168,-547544.5845284341,38403.63166022627
Maxence Caqueret,MID,it_Serie_A,UEFA,-0.11100149465127286,0.01486056012550809,-1773160.0256472137,222794.64271820895
Maxence Caqueret,MID,fr_Ligue_1,UEFA,-0.14743853577563495,0.009422940938004224,-2460368.3946147133,145251.9180619251
Johnny Cardoso,MID,es_La_Liga,CONCACAF,-0.14553988517188338,0.002670386380165103,-3824890.9943656772,65109.53379686177
Sergio Carreira,MID,es_La_Liga,UEFA,-0.2344084386662467,0.0077346223567730235,-1148921.1185067454,33510.6320554493
William Carvalho,MID,es_La_Liga,UEFA,-0.2669609375969032,0.008451519328029794,-458828.46902957116,12619.576750571374
Cesare Casadei,MID,it_Serie_A,UEFA,-0.13820647688693172,0.017668849094435096,-1911201.8527418803,225838.81463820487
Marc Casado,MID,es_La_Liga,UEFA,-0.15831595258514422,0.01581418864408356,-5113065.089020882,467673.4885097854
Casemiro,MID,eng_Premier_League,CONMEBOL,0.8761603696210809,0.007908894568234247,5211689.045202508,70347.19751066156
Cristian Cásseres Jr.,MID,fr_Ligue_1,CONMEBOL,-0.20570081650137942,0.0033136894498366643,-1531915.129136067,22190.05424316693
Gaetano Castrovilli,MID,it_Serie_A,UEFA,-0.1721674356192439,0.008444881786896525,-288110.2058399273,12895.755188310286
Danilo Cataldi,MID,it_Serie_A,UEFA,-0.11237650558105991,0.01422995339182033,-451090.96590206213,53588.9205203522
Dani Ceballos,MID,es_La_Liga,UEFA,-0.19514601613755325,0.012514344895116204,-2276352.100973364,131373.85100772046
Fares Chaïbi,MID,de_Bundesliga,CAF,-0.10094410039211697,-0.05496466870068593,-976157.4976682123,-519288.3200382013
Conor Chaplin,MID,eng_Premier_League,UEFA,0.898326239534034,0.00393570105281584,3505311.7022840464,23228.617969247513
Julián Chicco,MID,es_La_Liga,CONMEBOL,-0.3411518114126388,-0.00040982284119907546,-235806.20693707222,-237.74342835333664
Pedro Chirivella,MID,fr_Ligue_1,UEFA,-0.19215626885992243,0.014104284986158568,-1074575.8015274182,71036.29564912617
Joris Chotard,MID,fr_Ligue_1,UEFA,-0.18813593397803477,0.01583328539412363,-1103485.9616108835,83741.16038103867
Ryan Christie,MID,eng_Premier_League,UEFA,0.45592253462255,0.007165912492899678,3863169.4243750805,75338.40716006793
Pathé Ciss,MID,es_La_Liga,CAF,-0.25852741296263937,-0.09370008481679595,-617980.2684106899,-205762.52598867263
Djaoui Cissé,MID,fr_Ligue_1,UEFA,-0.2073291125596286,0.014068060266875841,-1872307.9829769991,113527.59790753014
Patrick Ciurria,MID,it_Serie_A,UEFA,-0.16935486719471984,0.0070063768924492256,-274841.14544733777,10398.320905867033
Alexis Claude-Maurice,MID,de_Bundesliga,UEFA,-0.11509967247362335,0.012946489981539102,-1473869.7734909952,155415.9270558618
Santi Comesaña,MID,es_La_Liga,UEFA,-0.19452223003673075,0.009656631773086682,-1886549.4280974288,84431.5823913496
Lewis Cook,MID,eng_Premier_League,UEFA,0.6177844748085752,0.004509585807151961,7022851.092625613,68564.60063369572
Coba da Costa,MID,es_La_Liga,UEFA,-0.2771247181617837,0.010246087604761481,-904955.6224221531,28888.260073364712
Samu Costa,MID,es_La_Liga,UEFA,-0.18776241243442404,0.01261006766850633,-2986875.108968422,181209.3498869799
Lassana Coulibaly,MID,it_Serie_A,CAF,-0.18009896308478002,-0.08581625655261611,-485458.13999459846,-220436.43730830215
Marius Courcoul,MID,fr_Ligue_1,UEFA,-0.26899003472635075,0.006214054099068743,-151113.62191855744,3033.0167840919457
Bryan Cristante,MID,it_Serie_A,UEFA,-0.09506595024066135,0.010414134766389983,-751283.1830011578,78043.294298728
Matheus Cunha,MID,eng_Premier_League,CONMEBOL,0.7112438424772454,0.0076620327730662526,28684531.07841479,430169.3374371603
Lucas Da Cunha,MID,it_Serie_A,UEFA,-0.13414513471021342,0.015373499000855249,-1534335.0075757056,163053.12625060044
Mahmoud Dahoud,MID,de_Bundesliga,UEFA,-0.10878133714758273,0.005327793461689608,-404385.2876389874,18698.04730060557
Mikkel Damsgaard,MID,eng_Premier_League,UEFA,0.5485214041156216,0.006892812169609051,12554842.311357878,204266.52456026897
Danilo,MID,eng_Premier_League,CONMEBOL,0.7258601832179911,0.004458354976569708,12760287.637496628,109986.7424858585
Kévin Danois,MID,fr_Ligue_1,UEFA,-0.22167501614921284,0.015321517929050742,-2098570.891922429,128576.30572265759
Bence Dárdai,MID,de_Bundesliga,UEFA,-0.12061900966283472,0.018799267022859587,-1511021.2848329153,219515.20180699602
Sergi Darder,MID,es_La_Liga,UEFA,-0.1869223787973272,0.007859838340995226,-838970.9223538446,31957.42985333223
Lukas Daschner,MID,de_Bundesliga,UEFA,-0.17628593674799214,0.0045067519906051194,-192122.77517947962,4481.303626869805
Kevin De Bruyne,MID,eng_Premier_League,UEFA,0.4549096290504051,0.007967189109511632,6554858.698875831,142317.55666370317
Charles De Ketelaere,MID,it_Serie_A,UEFA,-0.08730247559423596,0.009502181011317654,-3307059.2143649682,342832.1721715331
Rodrigo De Paul,MID,es_La_Liga,CONMEBOL,-0.12620876499460928,0.01306855675277626,-3356543.407076694,323967.6033810079
Alessandro Deiola,MID,it_Serie_A,UEFA,-0.17245353594635623,0.009282562593514085,-317036.04150621523,15563.399035503622
Fisayo Dele-Bashiru,MID,it_Serie_A,CAF,-0.12760094141136571,-0.06746345281712203,-1049846.4208867708,-538355.9677734766
Justin Devenny,MID,eng_Premier_League,UEFA,0.821844167411036,0.0033389122529944547,3414105.3006072114,20308.347743564285
Boulaye Dia,MID,it_Serie_A,CAF,-0.1081326610617548,-0.07702489912359362,-1672538.7515840884,-1172711.7030259222
Amad Diallo,MID,eng_Premier_League,CAF,0.7205380605405701,-0.059938523696639545,23505976.365670335,-2827589.0055524483
Habib Diarra,MID,fr_Ligue_1,CAF,-0.18066617280681255,-0.09715172093182964,-3893146.3085352145,-2005948.330684524
Mahamadou Diawara,MID,fr_Ligue_1,UEFA,-0.23192962254665478,0.01112778015071561,-531529.4777387949,22533.55511773168
Pedro Díaz,MID,es_La_Liga,UEFA,-0.3748306982634025,0.004056356215389249,-235674.5459805166,2097.974502113473
Junior Dina Ebimbe,MID,de_Bundesliga,UEFA,-0.13017180142555876,0.008398477665069874,-840907.5843202509,50586.71375160571
Eren Dinkçi,MID,de_Bundesliga,UEFA,-0.10782842234951502,0.01243063493044754,-850833.218768225,92317.2790373452
Yan Diomandé,MID,es_La_Liga,CAF,-0.2945245223123969,-0.133469609988709,-623009.079250816,-259738.55632750364
Sofiane Diop,MID,fr_Ligue_1,UEFA,-0.1933132260455785,0.010699109784334398,-2140087.4695541747,106793.03592209332
Andy Diouf,MID,fr_Ligue_1,UEFA,-0.18520294934290987,0.015259669090744638,-2837973.349990675,211231.81720414385
Assane Dioussé,MID,fr_Ligue_1,CAF,-0.27729196295659136,-0.04069648979630759,-216054.86503080314,-28083.235328570474
Nicolás Domínguez,MID,eng_Premier_League,CONMEBOL,0.6149162159625974,0.004813942034380369,8225050.291765872,85997.33727654442
Niklas Dorsch,MID,de_Bundesliga,UEFA,-0.1457335962623657,0.018141974329842714,-532259.0734457588,60993.634913301095
Abdoulaye Doucouré,MID,eng_Premier_League,CAF,0.7387366473695037,-0.03291056912392258,3560440.5728471335,-228086.36925929133
Cheick Doucouré,MID,eng_Premier_League,CAF,0.9725185391700554,-0.050237503693026146,13898808.190213758,-1151490.2474671192
Kamory Doumbia,MID,fr_Ligue_1,CAF,-0.22050097430839746,-0.08744195161568469,-968210.2667557648,-358628.2530608424
Flynn Downes,MID,eng_Premier_League,UEFA,0.7784999357736168,0.012102948958864084,6265342.612151025,139344.19773419015
Tommy Doyle,MID,eng_Premier_League,UEFA,0.938749615781721,0.006401544864035387,5836047.588446531,61161.78200316429
Ondrej Duda,MID,it_Serie_A,UEFA,-0.15272590944292286,0.01148266820961446,-501566.0474486947,34704.13075902918
Alfred Duncan,MID,it_Serie_A,CAF,-0.12850073760555675,-0.037225099879662195,-520299.2621222846,-143909.51903003827
Éderson,MID,it_Serie_A,CONMEBOL,-0.08658276252750106,0.009617627971646702,-4760488.619754188,503807.28665809333
Maximilian Eggestein,MID,de_Bundesliga,UEFA,-0.09347218807934762,0.01455709264735763,-952813.610461602,140536.0273354873
Jurgen Ekkelenkamp,MID,it_Serie_A,UEFA,-0.1520712180085392,0.012312058726976745,-1107583.3611365343,82518.068287367
Harvey Elliott,MID,eng_Premier_League,UEFA,0.6617539137218866,0.007333269647873375,14304992.93603963,215923.4041780308
Julio Enciso,MID,eng_Premier_League,CONMEBOL,0.7548661627066021,0.0025033246018820463,11705250.745049212,55225.39032127708
Julio Enciso,MID,eng_Premier_League,CONMEBOL,0.772477888239587,0.0032856013439913506,11993893.457436185,73109.24880710617
Wataru Endo,MID,eng_Premier_League,AFC,0.8597407335518624,0.005510229693470382,4071332.8731424524,38791.73029964045
Yannik Engelhardt,MID,it_Serie_A,UEFA,-0.13862449710568853,0.015874579475508105,-911436.893772915,96537.6402892666
Christian Eriksen,MID,eng_Premier_League,UEFA,0.9714392201658905,0.002884972251270479,2525778.566211902,11708.355895139743
Dario Essugo,MID,es_La_Liga,UEFA,-0.1760608851451546,0.022316892053695275,-3639772.9808604866,417269.0580836311
Nahuel Estévez,MID,it_Serie_A,CONMEBOL,-0.17740165385909426,0.0017907853708378106,-418370.6635270654,3856.263200263027
Edu Expósito,MID,es_La_Liga,UEFA,-0.27609917745446927,0.009884248997125046,-954630.0002821009,29528.156403023284
Eberechi Eze,MID,eng_Premier_League,UEFA,0.5925175175794755,0.009966242062272541,23794201.381554786,527798.4400103837
Giovanni Fabbian,MID,it_Serie_A,UEFA,-0.13263680094156927,0.01666634838041487,-1519662.241014747,177088.1286467854
Nicolò Fagioli,MID,it_Serie_A,UEFA,-0.09897660030520695,0.016650564867370123,-1795009.3402946703,284893.66490228847
Nicolò Fagioli,MID,it_Serie_A,UEFA,-0.10885002403401549,0.01135672412329113,-2082354.0551377907,204486.43732022494
Romain Faivre,MID,fr_Ligue_1,UEFA,-0.19100475494097358,0.014832901314775417,-1266165.2247672128,88576.64652963262
Khalil Fayad,MID,fr_Ligue_1,UEFA,-0.19325243132169367,0.016726601597147915,-976266.0485795271,75959.8380754767
Jacopo Fazzini,MID,it_Serie_A,UEFA,-0.12709812692036074,0.01446722025231064,-1393998.093774842,147733.54183319956
Mattia Felici,MID,it_Serie_A,UEFA,-0.161387880088406,0.01048697141532452,-466603.19297439745,27793.004468059167
João Félix,MID,it_Serie_A,UEFA,-0.09499363536303349,0.01173805988543148,-1941945.020017121,227405.76174950227
Lewis Ferguson,MID,it_Serie_A,UEFA,-0.0802875066315791,0.015056118442691693,-2230083.545108117,398630.0575331673
Bruno Fernandes,MID,eng_Premier_League,UEFA,0.7489145643552717,0.007386770807341237,23034990.7955824,321610.1719172597
Edimilson Fernandes,MID,fr_Ligue_1,UEFA,-0.21595763310103025,0.013621293362213205,-712024.0883102561,39962.421052672435
Mateus Fernandes,MID,eng_Premier_League,UEFA,0.6861510148808724,0.008043251359560596,7561702.566981079,122010.0573989749
Enzo Fernández,MID,eng_Premier_League,CONMEBOL,0.4404453646143022,0.009098566022003134,26130302.429156117,664336.1137685627
Valery Fernández,MID,es_La_Liga,UEFA,-0.30238767339974626,0.006832583790227106,-755867.9113693447,14576.992767449468
Jordan Ferri,MID,fr_Ligue_1,UEFA,-0.19125877031570238,0.015404749650826888,-372387.0685480747,27008.099440477323
Phil Foden,MID,eng_Premier_League,UEFA,0.6046401303724752,0.009808295530326815,41618897.23021205,895281.1665823162
Seko Fofana,MID,fr_Ligue_1,CAF,-0.13904674676878193,-0.04649714878599092,-1374649.2797110435,-438581.0138036683
Youssouf Fofana,MID,it_Serie_A,UEFA,-0.0954987968897855,0.016480354991280984,-2780690.9718491584,453571.04256605357
Pablo Fornals,MID,es_La_Liga,UEFA,-0.23983013716408666,0.007388319414705083,-1682498.3967090165,45695.60320163146
Davide Frattesi,MID,it_Serie_A,UEFA,-0.07596038435115506,0.014521969328208293,-2471514.931837108,451495.0743210949
Morten Frendrup,MID,it_Serie_A,UEFA,-0.1156853326658899,0.018867818871855346,-2241787.4773120508,341652.2503398992
Remo Freuler,MID,it_Serie_A,UEFA,-0.09608436474845719,0.013423847680304222,-525654.349664717,69499.44876621105
Chris Führich,MID,de_Bundesliga,UEFA,-0.10020231044208705,0.009930132594636716,-1594840.7790516075,149520.17554963194
Angelo Fulgini,MID,fr_Ligue_1,UEFA,-0.22618835082247402,0.010954088687368708,-1397080.5907407124,59966.59987042006
Gianluca Gaetano,MID,it_Serie_A,UEFA,-0.15137123615141976,0.0061768792585220845,-718810.5860839467,27084.150655262172
Iñigo Ruiz de Galarreta,MID,es_La_Liga,UEFA,-0.18594870211853554,0.008158867570767694,-655662.9576810631,26070.12733332254
Conor Gallagher,MID,es_La_Liga,UEFA,-0.11389873761766289,0.017454311329640468,-4554647.847979285,653260.5691248402
Aleix García,MID,de_Bundesliga,UEFA,-0.07103930870044368,0.01131974862980859,-1436363.9914676845,219598.57872594893
Alejandro Garnacho,MID,eng_Premier_League,CONMEBOL,0.758552308986138,0.001154463401457034,22546869.82976228,48931.10297293216
James Garner,MID,eng_Premier_League,UEFA,0.7842768093824345,0.0072479996647717565,10461198.009717062,138991.07083410397
Gavi,MID,es_La_Liga,UEFA,-0.1152545812134835,0.014501442797233777,-7120032.990138099,839116.608201243
Yann Gboho,MID,fr_Ligue_1,UEFA,-0.19235639611567318,0.014577414794027077,-1891313.6976675577,129043.70931419544
Dennis Geiger,MID,de_Bundesliga,UEFA,-0.15700129355500975,0.012927486113478286,-350710.621400594,26498.254829691257
Yannick Gerhardt,MID,de_Bundesliga,UEFA,-0.13785812179745152,0.014526051160325262,-359360.8561760215,35060.341903303284
Morgan Gibbs-White,MID,eng_Premier_League,UEFA,0.5598386265127033,0.007057371970239405,21201559.522367384,347797.94389962405
Armin Gigovic,MID,de_Bundesliga,UEFA,-0.14864054887499561,0.011429605549675016,-527984.1268482283,37441.966392478906
Billy Gilmour,MID,it_Serie_A,UEFA,-0.08809965293422205,0.0134828436050335,-1901240.1095121615,276470.4739785008
Gvidas Gineitis,MID,it_Serie_A,UEFA,-0.15100475937986266,0.017140538434121447,-967549.4863491617,100875.91679969244
Aleksandr Golovin,MID,fr_Ligue_1,UEFA,-0.14709791595900223,0.012284231652101909,-2992438.703201577,230551.84370684624
André Gomes,MID,fr_Ligue_1,UEFA,-0.1433365205254242,0.012279672717006045,-905067.2841344588,71672.1092025768
Angel Gomes,MID,fr_Ligue_1,UEFA,-0.1279738061869753,0.01576789833810006,-2519457.368014585,288705.3329523988
João Gomes,MID,eng_Premier_League,CONMEBOL,0.6553192524071563,0.0071509354420096665,19359466.586639617,286951.69221411645
Diego Gómez,MID,eng_Premier_League,CONMEBOL,0.622170832169268,0.0037970332729363176,6807256.18010065,55693.30465734005
Moi Gómez,MID,es_La_Liga,UEFA,-0.293020689258601,0.009149864373031254,-629388.2694498685,16837.144130279077
Sergio Gómez,MID,es_La_Liga,UEFA,-0.16807470772978628,0.011426683840703392,-3572912.4709877856,221795.78572603688
Unai Gómez,MID,es_La_Liga,UEFA,-0.22817773504943695,0.012783321558673759,-1641740.428753538,81360.2228659261
Nicolás González,MID,eng_Premier_League,UEFA,0.562509518892446,0.014028856847162355,16718041.771997973,541341.976151675
Leon Goretzka,MID,de_Bundesliga,UEFA,-0.05014389205089777,0.00953645142750548,-1102762.7897100262,203538.97802372277
Mario Götze,MID,de_Bundesliga,UEFA,-0.08007263325224953,0.01168610154437537,-350669.9707566332,48870.346814864315
Amine Gouiri,MID,fr_Ligue_1,CAF,-0.1493803137889676,-0.038069245280092444,-3918892.113227874,-943834.4432604387
José Gragera,MID,es_La_Liga,UEFA,-0.29363073806060297,0.01642504646708428,-722367.596833366,34481.12325257668
Alberto Grassi,MID,it_Serie_A,UEFA,-0.14990686656468546,0.013221732445456148,-301854.94027072843,24515.389340487076
Ryan Gravenberch,MID,eng_Premier_League,UEFA,0.380708798444511,0.01026573436671925,23856750.85849402,769540.3535961956
Florian Grillitsch,MID,es_La_Liga,UEFA,-0.2201367530702981,0.011355865565317558,-461510.74764963705,21162.515681217657
Florian Grillitsch,MID,de_Bundesliga,UEFA,-0.1420544867148492,0.010665285977336523,-328671.9539109189,22843.0704458165
Pascal Groß,MID,de_Bundesliga,UEFA,-0.06855628234018496,0.008658298439617679,-345711.60447300784,41999.93597068824
Brajan Gruda,MID,eng_Premier_League,UEFA,0.8496904165202912,0.010088323812347177,13510111.96208596,236891.52473904565
Albert Grønbaek,MID,fr_Ligue_1,UEFA,-0.1729170685299008,0.014574101241464056,-1940769.007229412,148753.60169919208
Nemanja Gudelj,MID,es_La_Liga,UEFA,-0.21774058557642836,0.01263934999636648,-699618.5583017957,36121.4858716717
Gonçalo Guedes,MID,eng_Premier_League,UEFA,0.9255329540896078,0.007178187699333248,6228705.332824165,73798.59937201254
Mattéo Guendouzi,MID,it_Serie_A,UEFA,-0.08125017283518343,0.013001006754635464,-2863830.2258749083,437035.96792570874
Javier Guerra,MID,es_La_Liga,UEFA,-0.16393142001784675,0.017982615480622154,-4046253.444788404,404819.36230948195
Ander Guevara,MID,es_La_Liga,UEFA,-0.25447075197883845,0.011242245570710713,-927002.5940021565,35762.54612139566
Pape Gueye,MID,es_La_Liga,CAF,-0.1555545192745774,-0.07292628855433997,-2693224.617606472,-1210570.3129064627
Hugo Guillamón,MID,es_La_Liga,UEFA,-0.31792419591020776,0.009769714136475934,-853723.4064516141,22176.44219473377
Bruno Guimarães,MID,eng_Premier_League,CONMEBOL,0.48607918926106153,0.0075521933699225895,30308997.10343814,592355.4292423576
Arda Güler,MID,es_La_Liga,UEFA,-0.12050334701425613,0.014377015731923267,-5671182.068675734,632113.8915274441
Gerard Gumbau,MID,es_La_Liga,UEFA,-0.3035446345252169,0.003989610661014633,-546579.7367247054,6136.426244448172
İlkay Gündoğan,MID,eng_Premier_League,UEFA,0.446648160668389,0.006800971904138754,1763838.19223386,33187.35348444525
Jon Guridi,MID,es_La_Liga,UEFA,-0.24728994209941454,0.009643306077808484,-840931.6381866368,28766.266718204133
Nicolas Haas,MID,it_Serie_A,UEFA,-0.19270416294788473,0.005847332788421723,-159891.51225910464,4386.378090126556
Janik Haberer,MID,de_Bundesliga,UEFA,-0.13543983782361457,0.013151656248346313,-348406.2671976285,31385.206128548365
Amadou Haidara,MID,de_Bundesliga,CAF,-0.09417572332876252,-0.047608821696494386,-1476815.7335942183,-729194.5939035714
Mohamed Haj,MID,it_Serie_A,CAF,-0.17576319093764214,-0.04775279105506719,-276922.5237012482,-70487.87084359117
Amine Harit,MID,fr_Ligue_1,CAF,-0.16736285903277137,-0.08920456156626076,-1516561.405696258,-776700.0938848387
Abdou Harroui,MID,it_Serie_A,UEFA,-0.18227131675654454,0.005827825832977909,-383541.42602417385,11146.92029504967
Hwang Hee-chan,MID,eng_Premier_League,AFC,0.968439922575294,0.0032319263868929417,6605420.091176739,34359.033058434725
Liam Henderson,MID,it_Serie_A,UEFA,-0.22949885822791974,0.0053673578148961225,-65842.27413878194,1366.2561815559457
Hernani,MID,it_Serie_A,CONMEBOL,-0.16540587257626296,0.005805190209165594,-281704.8273767622,9065.410027117468
Ander Herrera,MID,es_La_Liga,UEFA,-0.23297435057982321,0.005766741814879933,-206232.06857474323,4520.177572729415
Yangel Herrera,MID,es_La_Liga,CONMEBOL,-0.16911524103352654,0.003071623265740505,-2681585.736265175,44634.40443729423
Jack Hinshelwood,MID,eng_Premier_League,UEFA,0.5658280995170223,0.01185215505481702,10906837.228967443,297392.765685156
Nicolas Höfler,MID,de_Bundesliga,UEFA,-0.17930553023390608,0.008434415938307191,-100571.15069707541,4301.175847501436
Jonas Hofmann,MID,de_Bundesliga,UEFA,-0.1348964633609116,0.01092941430620836,-294261.32285977947,22148.113801152445
Lewis Holtby,MID,de_Bundesliga,UEFA,-0.16498373580168538,0.010452693382674396,-91006.79412734823,5275.636814065336
Will Hughes,MID,eng_Premier_League,UEFA,0.6796723669803166,0.006905015272627913,3587136.482395686,50046.76019667555
Omari Hutchinson,MID,eng_Premier_League,UEFA,0.6979495266466859,0.008550656880247547,11316738.774650762,191787.22416460142
Hong Hyunseok,MID,de_Bundesliga,AFC,-0.14259130226360564,-0.0005263118988038584,-539567.175491299,-1853.441131148953
Oscar Højlund,MID,de_Bundesliga,UEFA,-0.11086276669535816,0.013313798565571824,-963429.4689761577,108680.69881789852
Pablo Ibáñez,MID,es_La_Liga,UEFA,-0.30034003922901786,0.0072468800519835935,-810012.3166300841,16695.81750080036
Ivan Ilić,MID,it_Serie_A,UEFA,-0.09942176887169989,0.01565924915492764,-1590591.1024212986,236419.9136350695
Tim Iroegbunam,MID,eng_Premier_League,UEFA,0.9630851589917473,0.010809324464716845,5646982.72133662,98192.90122819878
Jackson Irvine,MID,de_Bundesliga,AFC,-0.15171991179868133,-0.000981840633967914,-360245.74977746094,-2159.973810168449
Isco,MID,es_La_Liga,UEFA,-0.16697062671858873,0.009477891465348914,-1169021.1689228201,60684.247706353664
Lee Jae-sung,MID,de_Bundesliga,AFC,-0.14265049140618738,-0.0038303095275515958,-422908.8150952491,-10585.101197504904
Kristijan Jakić,MID,de_Bundesliga,UEFA,-0.1344605879859023,0.016530514152708772,-997558.4501186069,113637.12513084337
Jordan James,MID,fr_Ligue_1,UEFA,-0.20240514257789852,0.01576290253558672,-1794993.1242502378,125131.38722969312
Vitaly Janelt,MID,eng_Premier_League,UEFA,0.7086070312862215,0.012092858462023473,10932476.639098093,258846.52090342343
Adnan Januzaj,MID,es_La_Liga,UEFA,-0.2554994073513486,0.00974424709008329,-366499.29199420987,12208.313787665684
Mikel Jauregizar,MID,es_La_Liga,UEFA,-0.13682567895393785,0.013956164116084881,-4040951.5783762783,381948.70861063525
Fredrik Jensen,MID,de_Bundesliga,UEFA,-0.14625301114037434,0.010326157659147558,-495045.8204072118,32291.89513248671
Mathias Jensen,MID,eng_Premier_League,UEFA,0.6811087725202182,0.004584177939891681,7039892.8132383125,65186.00555405207
Joelinton,MID,eng_Premier_League,CONMEBOL,0.5723372196134826,0.006824887995990735,15807091.96924574,246708.62167611718
Þórir Jóhann Helgason,MID,it_Serie_A,UEFA,-0.17135879406158278,0.008744114040562504,-568007.0046709352,26456.014198471792
Curtis Jones,MID,eng_Premier_League,UEFA,0.4896474505415368,0.0093706019253256,18225042.885855813,439051.09278440475
Frenkie de Jong,MID,es_La_Liga,UEFA,-0.12647939007341982,0.012167786850615692,-6012550.783620551,539332.980039373
Joan Jordán,MID,es_La_Liga,UEFA,-0.25231966188919663,0.01036230521510531,-720759.3026783466,25888.40959773399
Jorginho,MID,eng_Premier_League,UEFA,0.6025057310091447,0.010803296420874107,2663954.3236903,63250.12138654012
Antoine Joujou,MID,fr_Ligue_1,UEFA,-0.20350880348644845,0.009468655475735723,-448386.52824512124,18722.448227894958
Stanko Jurić,MID,es_La_Liga,UEFA,-0.26366986962859945,0.00796851022441769,-378999.1593106687,9970.413953433745
Mohamed Kaba,MID,it_Serie_A,UEFA,-0.19505524640580657,0.01093991395696859,-438122.1649667495,22132.686025511008
Tino Kadewere,MID,fr_Ligue_1,CAF,-0.20070015371598418,-0.03118905201571187,-523957.60666906973,-74684.53774926253
Daichi Kamada,MID,eng_Premier_League,AFC,0.8518825415199421,-0.0024616208742326536,6710301.649254548,-28843.538859294727
Boubacar Kamara,MID,eng_Premier_League,UEFA,0.5732138737672219,0.013474550593818429,17036252.426144093,522626.28219076246
Glen Kamara,MID,fr_Ligue_1,UEFA,-0.17327521184743885,0.014701183823264566,-986379.758838783,76085.55352819245
Kevin Kampl,MID,de_Bundesliga,UEFA,-0.11103921676605294,0.01000126057107393,-322960.7679526927,27366.75067295553
Yann Karamoh,MID,it_Serie_A,UEFA,-0.19099902058124543,0.0065544197762891585,-405083.9683403135,12574.502811475657
Atakan Karazor,MID,de_Bundesliga,UEFA,-0.11049822949241515,0.01192376992507232,-1371912.805652354,139181.92187130265
Jesper Karlström,MID,it_Serie_A,UEFA,-0.13665690750720655,0.017286648373450612,-589987.5439480622,69049.59832034167
Grigoris Kastanos,MID,it_Serie_A,UEFA,-0.18060515684558098,0.008698365697901339,-297187.6787438812,13002.978996246355
Yassine Kechta,MID,fr_Ligue_1,CAF,-0.227693536305442,-0.06334596616481111,-1249544.829680155,-319570.9862626726
Mandela Keita,MID,it_Serie_A,UEFA,-0.15300828027671184,0.022002375811793876,-1845953.6715549622,242972.74346376956
Yannik Keitel,MID,de_Bundesliga,UEFA,-0.1533366874929917,0.007804618754303333,-589810.6625422477,27669.57985705696
Aljoscha Kemlein,MID,de_Bundesliga,UEFA,-0.12621568742127118,0.0128127568200338,-976894.2270253953,92448.92922147643
Luca Kerber,MID,de_Bundesliga,UEFA,-0.18347010389928647,0.012740547640365335,-332589.3667733958,20908.290944354143
Bilal El Khannouss,MID,eng_Premier_League,CAF,0.7723335852668209,-0.047304335910828686,13575255.283854315,-1222153.5675370507
Rani Khedira,MID,de_Bundesliga,UEFA,-0.14191592092602895,0.011489761465174216,-399838.13555203285,29956.459805183113
Joshua Kimmich,MID,de_Bundesliga,UEFA,-0.0346548482195968,0.0103675600948697,-1675266.4266237095,490004.6109987721
Justin Kluivert,MID,eng_Premier_League,UEFA,0.5945412559811654,0.008956048577425314,15967594.093229651,317655.1547452882
Ansgar Knauff,MID,de_Bundesliga,UEFA,-0.09241599268408549,0.013395495424860737,-1536236.0360357966,211125.95729778334
Magnus Knudsen,MID,de_Bundesliga,UEFA,-0.15598512402615103,0.012980614203108847,-457540.23183211125,34955.35777271632
Magnus Kofod Andersen,MID,it_Serie_A,UEFA,-0.20746508786670795,0.008461484908646793,-251927.22896409826,9206.859552563634
Koke,MID,es_La_Liga,UEFA,-0.1347775629057311,0.011157905881846893,-1146006.35345144,88132.52885014098
Mert Kömür,MID,de_Bundesliga,UEFA,-0.15544934426747442,0.01600236774815889,-806282.8344813511,76106.18467374519
Amadou Koné,MID,fr_Ligue_1,CAF,-0.22201189814593672,-0.12384388510487507,-1074829.9968383014,-570042.3636731962
Ismaël Koné,MID,fr_Ligue_1,CONCACAF,-0.1786489885538558,0.0030615743175831534,-1791479.4068785012,27997.606858938932
Ismaël Koné,MID,fr_Ligue_1,CONCACAF,-0.20011046895638823,-0.001991835650325317,-1825626.793626001,-16430.48818173632
Manu Koné,MID,it_Serie_A,UEFA,-0.0773608820405833,0.014908628618728745,-3082961.9508192614,567210.3009396195
Teun Koopmeiners,MID,it_Serie_A,UEFA,-0.08093268596217575,0.011143533460229857,-2623650.327554211,344901.07597192377
Mateo Kovačić,MID,eng_Premier_League,UEFA,0.4181124135365661,0.007869121106781889,6483391.252799366,148717.0892325975
Alex Král,MID,es_La_Liga,UEFA,-0.2116448769333329,0.014857017521716549,-1393706.677824568,87197.63877247926
Andrej Kramarić,MID,de_Bundesliga,UEFA,-0.1321512602081063,0.008145856844129256,-570276.7523776237,32746.977865628898
Tom Krauß,MID,de_Bundesliga,UEFA,-0.13616915628274906,0.015661372545960485,-629767.9274027869,67085.86033290345
Takefusa Kubo,MID,es_La_Liga,AFC,-0.1710833762521182,0.0015752939727381628,-4838840.873872407,40820.02910930663
Dejan Kulusevski,MID,eng_Premier_League,UEFA,0.6663940085002218,0.00781915795048268,23075779.438560978,369477.26233674586
Daler Kuzyaev,MID,fr_Ligue_1,UEFA,-0.18488840500222214,0.008535233955298935,-608593.074559188,25469.13936024811
Adam Lallana,MID,eng_Premier_League,UEFA,0.804676743586956,0.005003022601075461,497057.96666326,4487.568004117929
Hugo Larsson,MID,de_Bundesliga,UEFA,-0.05840683873506585,0.016946424642838763,-2201597.8594097346,615082.1063496545
Roméo Lavia,MID,eng_Premier_League,UEFA,0.7288289911703588,0.011632587058578607,20650867.891202077,461486.08378076553
Enzo Le Fée,MID,it_Serie_A,UEFA,-0.1225430914810358,0.016178483605388688,-2107012.359892765,259373.79049034603
Pierre Lees-Melou,MID,fr_Ligue_1,UEFA,-0.1730425663650334,0.012533624161067054,-1052604.4513266655,69398.91691662278
Félix Lemaréchal,MID,fr_Ligue_1,UEFA,-0.1787846776174908,0.009371861461424979,-2200263.827506529,104842.1663545724
Mario Lemina,MID,eng_Premier_League,CAF,0.7812148671928101,-0.026619303479027197,3878641.620139817,-192996.5592196444
Johann Lepenant,MID,fr_Ligue_1,UEFA,-0.23973115521023725,0.015553879286696479,-1660687.032238732,94609.01084709447
Jefferson Lerma,MID,eng_Premier_League,CONMEBOL,0.7869343002706404,0.0037758898596481315,5810436.034007134,40197.754670931026
Louis Leroux,MID,fr_Ligue_1,UEFA,-0.22826370744635627,0.013829149001966369,-984993.4132708143,52757.369132924825
Jamie Leweling,MID,de_Bundesliga,UEFA,-0.09478549702339002,0.014130673064420342,-2004979.3728774264,282957.4083856344
Karol Linetty,MID,it_Serie_A,UEFA,-0.1740244930233503,0.011569752758439671,-354755.0589406064,21468.19660216919
Samuel Lino,MID,es_La_Liga,CONMEBOL,-0.1305952803938543,0.002924520883295245,-3201799.6457523294,67022.32915032282
Giovani Lo Celso,MID,es_La_Liga,CONMEBOL,-0.2307228311482738,0.010748825520249014,-3710495.2472781613,152864.50371346995
Stanislav Lobotka,MID,it_Serie_A,UEFA,-0.058062141008695264,0.011733604352442863,-1403350.1589131877,273835.6438590735
Manuel Locatelli,MID,it_Serie_A,UEFA,-0.08329539389057851,0.014343666087353463,-2551305.4508807734,418290.2729387842
Ruben Loftus-Cheek,MID,it_Serie_A,UEFA,-0.08851649645307519,0.011940285115917847,-984459.8688572142,126251.1644278355
Enzo Loiodice,MID,es_La_Liga,UEFA,-0.2802775090319362,0.009341016109352757,-433732.9453374236,12465.778885158477
Sean Longstaff,MID,eng_Premier_League,UEFA,0.8141833545357477,0.006959325480177509,10751536.155202622,133866.80407908186
Ademola Lookman,MID,it_Serie_A,CAF,-0.07916890401537721,-0.06116353984658382,-5216904.12987788,-3993882.6603263468
Diego López,MID,es_La_Liga,UEFA,-0.17697145505066136,0.01439300819897435,-2633039.7240069155,194351.84122434817
Fermin López,MID,es_La_Liga,UEFA,-0.11591463852079083,0.015534691439941586,-6052906.346019611,759181.6445047036
Roberto López,MID,es_La_Liga,UEFA,-0.3336698817197528,0.0059400298171929985,-393685.96046923846,5886.592996767955
Unai López,MID,es_La_Liga,UEFA,-0.21450574612836062,0.010660577928036992,-569264.6764849033,25230.83111377759
Iker Losada,MID,es_La_Liga,UEFA,-0.3189991960010838,0.005414938713350028,-624617.4823074676,8977.039383671246
Anthony Losilla,MID,de_Bundesliga,UEFA,-0.1892051558270706,0.009338757532933558,-108544.14165357256,4843.989944001718
Sandi Lovrić,MID,it_Serie_A,UEFA,-0.152539904689746,0.015221304329318352,-1298975.7379042534,119075.87246310525
Pol Lozano,MID,es_La_Liga,UEFA,-0.23933505867975088,0.01554800048281154,-1170847.489781633,66802.0408755187
Douglas Luiz,MID,it_Serie_A,CONMEBOL,-0.092430808554098,0.00986564715598192,-2320625.627096586,235259.7823505439
Saša Lukić,MID,eng_Premier_League,UEFA,0.8120971555807377,0.010242681766733007,7151954.40094322,131064.06665638648
Senne Lynen,MID,de_Bundesliga,UEFA,-0.12056411201274575,0.011140721450855548,-1127678.7596018966,97503.58152165264
Alexis Mac Allister,MID,eng_Premier_League,CONMEBOL,0.5071967153788374,0.00957310759231458,36625056.69889671,877140.041081816
Darwin Machís,MID,es_La_Liga,CONMEBOL,-0.26046758971942113,0.0048994128028232355,-179015.14783962944,2940.558824144304
James Maddison,MID,eng_Premier_League,UEFA,0.6609016477623009,0.010406009223516748,20657258.856930863,442180.8516457379
Soungoutou Magassa,MID,fr_Ligue_1,UEFA,-0.20285820281350908,0.016605752464636397,-2811202.009079933,205855.57498322614
Hugo Magnetti,MID,fr_Ligue_1,UEFA,-0.21616735286630426,0.016911687308788902,-1495035.3118029628,103895.26210142951
Arne Maier,MID,de_Bundesliga,UEFA,-0.14255792853456375,0.008241947316474976,-547650.0792905451,29337.923698273487
Kobbie Mainoo,MID,eng_Premier_League,UEFA,0.6943112510136666,0.016590588578975617,25177349.813440442,827559.4874699339
Lovro Majer,MID,de_Bundesliga,UEFA,-0.09582762329841946,0.011705411579394852,-1551993.3271514457,179585.65415841527
Antoine Makoumbou,MID,it_Serie_A,CAF,-0.17830042811622515,-0.1082871181386349,-768038.4962580465,-450029.7721241703
Daniel Maldini,MID,it_Serie_A,UEFA,-0.13229246010181595,0.01109070287492639,-1393835.4995391872,108689.05592359789
Youssef Maleh,MID,it_Serie_A,CAF,-0.1574090892007811,-0.07705406273966031,-523843.2977631204,-246137.29099753452
Ruslan Malinovskyi,MID,it_Serie_A,UEFA,-0.152851222041577,0.010292651447065454,-408612.63154678605,25335.12896902347
Lennard Maloney,MID,de_Bundesliga,CONCACAF,-0.18755396000886604,0.003779441088208874,-687847.1612117728,12577.944562382996
Rolando Mandragora,MID,it_Serie_A,UEFA,-0.1138118723754722,0.011017315230736735,-1465943.464579232,133249.91553566232
Orel Mangala,MID,eng_Premier_League,UEFA,0.7242867661718891,0.011671972132411616,9682377.720953545,218026.29490383342
Pablo Marín,MID,es_La_Liga,UEFA,-0.256975543457197,0.014128505629235306,-2140504.9327037875,102485.03942492418
Răzvan Marin,MID,it_Serie_A,UEFA,-0.16402448210861204,0.01138348113448919,-577955.1634774385,36701.75392846251
Iván Martín,MID,es_La_Liga,UEFA,-0.2236124424561527,0.01592522610809602,-1556573.6746017747,98139.65330413729
Jonas Martin,MID,fr_Ligue_1,UEFA,-0.2134325682928209,0.007109324126843824,-134289.12679518538,3998.4836166910827
Mario Martín,MID,es_La_Liga,UEFA,-0.2301381326992397,0.010027454064871717,-398636.68738621403,15369.930421837838
Omar Mascarell,MID,es_La_Liga,CAF,-0.25202860855020404,-0.07979223202065484,-262639.36032822856,-76109.05659228389
Patrizio Masini,MID,it_Serie_A,UEFA,-0.1331922481942283,0.017355884288228263,-848549.6430853885,102479.8353824038
Han-Noah Massengo,MID,fr_Ligue_1,UEFA,-0.2130417771282945,0.01778877121104387,-1174913.7366180103,87246.43157164846
Pape Matar Sarr,MID,eng_Premier_League,CAF,0.7329228629253923,-0.05233495056507049,16687359.722766079,-1725877.3534381576
Nemanja Matić,MID,fr_Ligue_1,UEFA,-0.14338223894665075,0.007501491876537187,-307783.5224483269,14919.790658244863
Jean Mattéo Bahoya,MID,de_Bundesliga,UEFA,-0.07719335875385706,0.015859267178558317,-1226642.1219561975,240498.1052023992
Azor Matusiwa,MID,fr_Ligue_1,UEFA,-0.1971437206078531,0.017762292773342646,-1819220.493251089,146973.08386556152
Senny Mayulu,MID,fr_Ligue_1,UEFA,-0.18961593827082368,0.012191480204993773,-3245576.614980165,188366.56199378893
Luca Mazzitelli,MID,it_Serie_A,UEFA,-0.18707436004005276,0.008234513496045377,-325587.46390309813,12979.222945484333
James Mcatee,MID,eng_Premier_League,UEFA,0.6471450688235393,0.005144321354731059,9650859.277091786,103932.0494000949
John McGinn,MID,eng_Premier_League,UEFA,0.5962096211314606,0.009192363855600308,6975144.58600018,142114.60908446833
Weston McKennie,MID,it_Serie_A,CONCACAF,-0.10466968080014125,0.0026579283209675775,-2309182.2359226756,55549.042043581605
Dwight McNeil,MID,eng_Premier_League,UEFA,0.7428159553689844,0.008316851437207815,13876233.7736291,219232.95373431593
Scott McTominay,MID,it_Serie_A,UEFA,-0.08839854131925608,0.011476497987118849,-4416617.160124324,545289.8834873661
Arthur Melo,MID,es_La_Liga,CONMEBOL,-0.2652666222056407,0.01467294699988956,-1373364.5449243933,65851.2142422162
Brais Méndez,MID,es_La_Liga,UEFA,-0.17353704283456164,0.013885050793397148,-3683304.193114966,268011.4519600421
Nampalys Mendy,MID,fr_Ligue_1,CAF,-0.18123805905931947,-0.05338198631011537,-356391.9018732768,-98348.30911810137
Mikel Merino,MID,eng_Premier_League,UEFA,0.5405062262725979,0.007506110630713525,14480871.639455926,259343.7123271525
Víctor Meseguer,MID,es_La_Liga,UEFA,-0.2925268157575182,0.007094396942211223,-502384.9712902375,10451.486347112339
Junior Messias,MID,it_Serie_A,CONMEBOL,-0.1735946987424691,0.006459240423857512,-279004.9730419086,9475.765365585685
Connor Metcalfe,MID,de_Bundesliga,AFC,-0.1634004799239192,0.0009953825081227552,-437945.2140710037,2454.569488706533
Lewis Miley,MID,eng_Premier_League,UEFA,0.8059259169655738,0.007041348786898811,11608985.647755027,147211.2704939507
Luis Milla,MID,es_La_Liga,UEFA,-0.22638595090175723,0.007258026475339272,-895723.6902650143,25496.58002223214
Pere Milla,MID,es_La_Liga,UEFA,-0.28432457149901047,0.006530780821921489,-370781.5961700089,7339.210547832074
Enzo Millot,MID,de_Bundesliga,UEFA,-0.07715721109670885,0.014602442242455839,-2536778.059096262,458460.8227901943
Takumi Minamino,MID,fr_Ligue_1,AFC,-0.1406726625959766,0.0017538133465782209,-2230817.1202304456,25879.27705430612
Óscar Mingueza,MID,es_La_Liga,UEFA,-0.16968972026243165,0.009559742323591844,-3736292.363619633,192215.63100340962
Fabio Miretti,MID,it_Serie_A,UEFA,-0.1103156252064856,0.0170946687506473,-1756746.5386486575,255300.14826258086
Henrikh Mkhitaryan,MID,it_Serie_A,UEFA,-0.07769946859826807,0.009749280967408252,-294134.41220302926,35318.609710566234
Luka Modrić,MID,es_La_Liga,UEFA,-0.13437841188916994,0.006050216298862439,-613361.6904629227,25723.988347987644
Jon Moncayola,MID,es_La_Liga,UEFA,-0.21892390972767783,0.007837972802892201,-1710686.0912726587,54572.561808018945
Ilaix Moriba,MID,es_La_Liga,CAF,-0.18598361552915227,-0.11090575969418454,-1443926.1174276164,-828549.0951172048
Manu Morlanes,MID,es_La_Liga,UEFA,-0.2851318474754904,0.013193678779555695,-935045.0011224011,37145.404827159364
Nikola Moro,MID,it_Serie_A,UEFA,-0.14037324792791422,0.008306559276444792,-674593.8274284899,37028.7040519882
Raúl Moro,MID,es_La_Liga,UEFA,-0.1817059408009918,0.012260527074616065,-1518209.1036900794,92844.83377985284
Sam Morsy,MID,eng_Premier_League,CAF,0.6968489807100847,-0.07189314331697985,346505.903882899,-51467.28839561192
Mason Mount,MID,eng_Premier_League,UEFA,0.9002434835205286,0.009630777208648902,15356219.407189671,247978.396864634
Louis Mouton,MID,fr_Ligue_1,UEFA,-0.26046288254686845,0.004769636679031571,-239654.86355616362,3832.69866819412
Ngal'Ayel Mukau,MID,fr_Ligue_1,CAF,-0.17715556442142133,-0.07201220260265785,-2757795.241979534,-1062448.2693822496
Thomas Müller,MID,de_Bundesliga,UEFA,-0.06719740802054132,0.0072670963003631395,-388273.4196296865,40447.85924876761
Marshall Munetsi,MID,eng_Premier_League,CAF,0.6342409634644002,-0.024772228775051464,7232998.194794963,-386267.5559734423
Marshall Munetsi,MID,fr_Ligue_1,CAF,-0.1590919793697624,-0.05808517937057164,-2011427.3755621836,-697575.4714033529
Iker Muñoz,MID,es_La_Liga,UEFA,-0.28190014641749983,0.009836273961372075,-941003.242754878,28284.03474887507
Javier Muñoz,MID,es_La_Liga,UEFA,-0.2555396391374753,0.011571097954044717,-573918.2467453864,22676.988459179876
Yunus Musah,MID,it_Serie_A,CONCACAF,-0.09433519383187092,0.006847498408637395,-2044573.614654664,141035.75527429208
Jamal Musiala,MID,de_Bundesliga,UEFA,-0.047185464243583615,0.01638580270274951,-6751831.68155998,2271126.584529996
Almoatasem Al Musrati,MID,fr_Ligue_1,CAF,-0.17226919347954853,-0.040776164549408925,-1576659.0280952398,-349040.95534911565
Junior Mwanga,MID,fr_Ligue_1,UEFA,-0.18910494455331514,0.015705019270647203,-1135960.472626945,85032.0080445353
Junior Mwanga,MID,fr_Ligue_1,UEFA,-0.19320115014239925,0.013179613280924611,-1045715.9579771822,64242.078883200884
Bilal Nadir,MID,fr_Ligue_1,CAF,-0.18332128075249818,-0.07822422572309813,-1092254.391013017,-441706.11622740515
Sebastian Nanasi,MID,fr_Ligue_1,UEFA,-0.17156752042312082,0.012287422102909692,-3259206.375903975,212659.20293909684
Roberto Navarro,MID,es_La_Liga,UEFA,-0.2225542410489933,0.011969559052011407,-1565413.236185722,74722.56342993397
Rassoul Ndiaye,MID,fr_Ligue_1,CAF,-0.2470628401873788,-0.063215629031496,-530788.7108876789,-123590.50683789724
Wilfred Ndidi,MID,eng_Premier_League,CAF,0.8397808843908976,-0.019101724968089408,8229993.142828229,-279337.4993021153
Tanguy Ndombele,MID,fr_Ligue_1,UEFA,-0.178233300307711,0.011973017558219522,-1469727.1025010832,89655.42990013305
Cher Ndour,MID,it_Serie_A,UEFA,-0.17240663764421219,0.019247612641019336,-972767.3530669343,98556.13083530404
Paul Nebel,MID,de_Bundesliga,UEFA,-0.08862078600251028,0.013016758362541932,-2413423.1410189606,336814.9534708187
Florian Neuhaus,MID,de_Bundesliga,UEFA,-0.1564692925729227,0.01069907731356194,-526109.7444869531,33056.170195654035
João Neves,MID,fr_Ligue_1,UEFA,-0.14889322128226645,0.015086551761267379,-12624663.51917246,1177416.5759047419
Yvan Neyou,MID,es_La_Liga,CAF,-0.22933946624547122,-0.11416886267140912,-847752.4522739868,-397752.98269635765
Hans Nicolussi Caviglia,MID,it_Serie_A,UEFA,-0.13450103645950182,0.01180406637181156,-1208743.433211293,98524.8090223549
Saúl Ñíguez,MID,es_La_Liga,UEFA,-0.23426166923676683,0.007604382111492589,-781825.6404023548,22436.77855443256
Tamás Nikitscher,MID,es_La_Liga,UEFA,-0.27878673591678294,0.009889742816157007,-380880.6394282284,11657.69637267245
Felix Nmecha,MID,de_Bundesliga,UEFA,-0.07001157456442172,0.014983169421822018,-2057889.3308592737,422002.33587487787
Antonio Nusa,MID,de_Bundesliga,UEFA,-0.07924759186708695,0.016862467169326614,-2038310.796743486,413263.378226839
Rabby Nzingoula,MID,fr_Ligue_1,CAF,-0.21213862249044674,-0.08233314681060688,-586987.2122513978,-213159.80801308295
Christian Nørgaard,MID,eng_Premier_League,UEFA,0.47052417645074307,0.008552540263259866,4101813.1348301824,93069.49789372645
Matt O'Riley,MID,eng_Premier_League,UEFA,0.7420100475736442,0.007432768044929764,11912110.711341359,168393.06554570422
Jens Odgaard,MID,it_Serie_A,UEFA,-0.11200762843172404,0.011424551564411845,-1561262.124239128,149637.27484547533
Hamzat Ojediran,MID,fr_Ligue_1,CAF,-0.22004774211635578,-0.06380833433349016,-470653.44691118435,-125988.9911158171
Kazeem Olaigbe,MID,fr_Ligue_1,UEFA,-0.17574604908632535,0.010492966332531961,-914383.3699470945,49675.58183328435
Finn Ole Becker,MID,de_Bundesliga,UEFA,-0.1700388025888415,0.010746916057394902,-374912.66372036096,21621.599725406384
Dani Olmo,MID,es_La_Liga,UEFA,-0.10909712905549952,0.012002000921937862,-6806741.157714643,704482.9365442693
Ado Onaiwu,MID,fr_Ligue_1,AFC,-0.23765774140046916,-0.003583512753401557,-429355.58696039533,-5745.451806808123
Amadou Onana,MID,eng_Premier_League,UEFA,0.6288493075233008,0.011597962399276879,20495238.784753934,506281.9625079036
Jean Onana,MID,it_Serie_A,CAF,-0.20171034728880738,-0.04432419201364447,-396399.4432193127,-80383.93459932809
Jacob Ondrejka,MID,it_Serie_A,UEFA,-0.11788027213834239,0.011089453222590044,-922667.0661996678,81331.61664062645
Frank Onyeka,MID,de_Bundesliga,CAF,-0.1377814518775792,-0.07861245992820119,-1032436.6398858307,-571589.1953370646
Aimar Oroz,MID,es_La_Liga,UEFA,-0.16021686994968592,0.013006005967776957,-2608179.361480877,193953.19878553785
Patrick Osterhage,MID,de_Bundesliga,UEFA,-0.11267546350928226,0.016660698338472994,-1161114.1539001446,160852.9706732724
Remi Oudin,MID,it_Serie_A,UEFA,-0.16302488380161706,0.0073547998189559625,-585077.1910133846,24213.23422941612
Elisha Owusu,MID,fr_Ligue_1,CAF,-0.22394672940121413,-0.08151374544334584,-754647.2679209728,-255337.3074480598
Salih Özcan,MID,de_Bundesliga,UEFA,-0.13449075627035975,0.004962399730827382,-600416.8850511815,20646.361339214258
Salih Özcan,MID,de_Bundesliga,UEFA,-0.1357492005532045,0.006090611984527725,-615206.0840722462,25692.7984105926
Exequiel Palacios,MID,de_Bundesliga,CONMEBOL,-0.04104509348755008,0.01481437097365024,-1426830.56110055,500769.7966666892
João Palhinha,MID,de_Bundesliga,UEFA,-0.07581827852959554,0.01266867891114196,-2028999.334470909,324282.4935047962
Cole Palmer,MID,eng_Premier_League,UEFA,0.4178873077421232,0.009969643668814969,39933217.95584409,1159789.8726640493
Mats Pannewig,MID,de_Bundesliga,UEFA,-0.19122897946429043,0.005418203603496229,-212490.15766070574,5448.513637222466
Lucas Paquetá,MID,eng_Premier_League,CONMEBOL,0.7221962453572809,0.006745371224126444,14431255.04991676,188632.4243557863
Leandro Paredes,MID,it_Serie_A,CONMEBOL,-0.09950291593706327,0.007796641622380895,-526516.9506298369,39084.65401697066
Daniel Parejo,MID,es_La_Liga,UEFA,-0.14948493553246772,0.00918797391017744,-247626.33546002628,14046.270062577445
Thomas Partey,MID,eng_Premier_League,CAF,0.5412547560900121,-0.057598230330162134,5798862.7582233725,-822547.9112899844
Mario Pašalić,MID,it_Serie_A,UEFA,-0.09057318112763671,0.01029042109004272,-1038150.6231338531,112110.19821187295
Aleksandar Pavlovic,MID,de_Bundesliga,UEFA,-0.04314332187680264,0.013976186784856121,-2561202.5938526317,806279.3876594976
Martín Payero,MID,it_Serie_A,CONMEBOL,-0.1525995683715249,0.004800286345892701,-833315.7598315105,24206.032034749165
Nicolás Paz,MID,it_Serie_A,CONMEBOL,-0.18111513442008467,-0.012963219626525262,-377501.945077762,-24806.941606663633
Pedri,MID,es_La_Liga,UEFA,-0.08320067758174124,0.011701020195928257,-11318654.314017966,1517613.7081909478
Lorenzo Pellegrini,MID,it_Serie_A,UEFA,-0.12286600418492018,0.009263404475743019,-1153975.8997737002,81390.27393828332
Andreas Pereira,MID,eng_Premier_League,CONMEBOL,0.7051693033016244,0.007744231792597613,9050695.640282515,137990.95775432512
Carles Pérez,MID,es_La_Liga,UEFA,-0.27013069023760355,0.008059759508440349,-631169.3951335421,16336.812670822954
Kike Pérez,MID,it_Serie_A,UEFA,-0.14974918447140811,0.008871301169562603,-480786.57820817316,26286.145112502854
Kike Pérez,MID,es_La_Liga,UEFA,-0.23486186882942817,0.011546116627288027,-701728.1494292249,30429.178470637184
Gaëtan Perrin,MID,fr_Ligue_1,UEFA,-0.21333864183711534,0.010176741282456098,-1922873.591887353,81871.50773677882
Máximo Perrone,MID,it_Serie_A,CONMEBOL,-0.13249318187237327,0.002375111342376904,-1671957.814749239,27997.0305857379
Matteo Pessina,MID,it_Serie_A,UEFA,-0.14568000651267188,0.010973899024893695,-878298.4318984812,61122.95776002947
Kalvin Phillips,MID,eng_Premier_League,UEFA,0.91962398734679,0.010096209473227109,6785148.33703003,113347.91266126
Yeremi Pino,MID,es_La_Liga,UEFA,-0.11250929323679099,0.011321948732019915,-3416656.9342889898,323011.3864941932
Niccolò Pisilli,MID,it_Serie_A,UEFA,-0.10693029353504734,0.014327623324383185,-1486534.9089227896,187376.23757050373
Alassane Pléa,MID,de_Bundesliga,UEFA,-0.09226618155608582,0.011063541425899524,-505215.3656066423,57509.36631949898
Tommaso Pobega,MID,it_Serie_A,UEFA,-0.12333941733455589,0.0106706914160428,-1268004.0976992752,102526.99151725136
Beñat Prados,MID,es_La_Liga,UEFA,-0.16171417916227815,0.013989534758870277,-3027871.0302210264,239645.55878112093
Matteo Prati,MID,it_Serie_A,UEFA,-0.14036659655264427,0.01363795832381352,-761451.4658150151,68443.63120349776
Adrien Rabiot,MID,fr_Ligue_1,UEFA,-0.13541052649784782,0.010030024698011869,-3432034.050125189,236205.07215798646
Hamza Rafia,MID,it_Serie_A,CAF,-0.17410892790934537,-0.08776652834905971,-345295.2974614382,-166548.41318821837
Ylber Ramadani,MID,it_Serie_A,UEFA,-0.1850306963687167,0.012050741895480686,-364980.6170672688,21509.35507540754
Rayan Raveloson,MID,fr_Ligue_1,CAF,-0.20697608018352556,-0.07897669039799986,-527380.4219990899,-188471.63619802846
Tijjani Reijnders,MID,it_Serie_A,UEFA,-0.0772030386332793,0.012500679943384224,-4980210.956663191,770837.8725020736
Rocco Reitz,MID,de_Bundesliga,UEFA,-0.11166153151143489,0.015185075096557544,-1597000.7343669906,203728.91097895987
Nicolai Remberg,MID,de_Bundesliga,UEFA,-0.16412155133126174,0.012475286683343502,-553229.8108419874,38455.501875594724
Elvis Rexhbeçaj,MID,de_Bundesliga,UEFA,-0.1448781180674403,0.014964452264621564,-583972.7962367563,55637.23906474747
Samuele Ricci,MID,it_Serie_A,UEFA,-0.11556319619437401,0.02273195553840694,-3304677.2691468485,606294.4729053564
Declan Rice,MID,eng_Premier_League,UEFA,0.48468585581335055,0.008730356919953977,42819670.30832961,969005.0487911105
Amir Richardson,MID,it_Serie_A,CAF,-0.11847779527475703,-0.08881539013136326,-1084170.4648235422,-800564.7807603441
Fabian Rieder,MID,de_Bundesliga,UEFA,-0.12880278698313533,0.01251867440056655,-867884.5791237475,78543.4834414823
Luis Rioja,MID,es_La_Liga,UEFA,-0.2345763120798324,0.008419319743290334,-561288.732447139,17799.973324193154
Rodrigo Riquelme,MID,es_La_Liga,UEFA,-0.19235395398144794,0.0071454836467251155,-2524431.8610673454,84743.22823324613
Sergi Roberto,MID,it_Serie_A,UEFA,-0.16601873435366282,0.004968013115600536,-263705.94208088797,7236.32487931964
Marc Roca,MID,es_La_Liga,UEFA,-0.2578804292098741,0.014338681844561732,-1602611.0453235013,77554.73779630288
Damián Rodríguez,MID,es_La_Liga,UEFA,-0.37322556694675085,0.008375323720577026,-281121.755546115,5182.563252336462
Dani Rodríguez,MID,es_La_Liga,UEFA,-0.2148890286759875,0.007010840271176298,-212476.40141311008,6192.231618233607
Guido Rodríguez,MID,eng_Premier_League,CONMEBOL,0.9775540515994504,0.004892117759143439,6000373.507010806,46944.96027554758
Kirian Rodríguez,MID,es_La_Liga,UEFA,-0.30687864711169205,0.008785884930026973,-422338.0181349183,10285.654290627223
Merlin Röhl,MID,de_Bundesliga,UEFA,-0.1132596502686679,0.012771935283107876,-1391820.0309208743,147288.22051484883
Oriol Romeu,MID,es_La_Liga,UEFA,-0.27646927218562395,0.013041339109662403,-386044.3331588791,15706.046732612886
Valentin Rongier,MID,fr_Ligue_1,UEFA,-0.18650606452102078,0.012474500730058284,-1926118.8380069267,116460.53054605238
Marten de Roon,MID,it_Serie_A,UEFA,-0.06866165574228209,0.013178174929095551,-332756.95112975314,61293.53576875664
Pablo Rosario,MID,fr_Ligue_1,CONCACAF,-0.18372781574055183,-0.005702116452641973,-1800840.32452875,-51058.55439134501
Nicolò Rovella,MID,it_Serie_A,UEFA,-0.08733023989870957,0.014371637846946637,-2553110.229056105,399201.9315894954
Georginio Rutter,MID,eng_Premier_League,UEFA,0.6459273950390539,0.00831436374883729,15890761.04873129,276517.9732465856
Marcel Sabitzer,MID,de_Bundesliga,UEFA,-0.08441859158825255,0.012497647239487493,-675686.4256501654,95271.74850474857
Manolis Saliakas,MID,de_Bundesliga,UEFA,-0.16540151580552728,0.009864542795631426,-531796.9912351235,29022.286905184854
Lazar Samardzic,MID,it_Serie_A,UEFA,-0.09547089820573053,0.010461312151167523,-1690035.0947296508,175567.8721075505
Diadie Samassékou,MID,de_Bundesliga,CAF,-0.19413131271536002,-0.09427577780256563,-256038.74055522284,-118142.43760351697
Albert Sambi Lokonga,MID,es_La_Liga,UEFA,-0.2471590812106765,0.01383221558067749,-2347118.6761370506,114994.02974200249
Oihan Sancet,MID,es_La_Liga,UEFA,-0.10579883127572999,0.012369370796277661,-6211634.448037475,684247.0999201909
Antonio Sánchez,MID,es_La_Liga,UEFA,-0.26719416663592443,0.012788529798148955,-770619.2913312796,31970.386515114922
Iván Sánchez,MID,es_La_Liga,UEFA,-0.2455309458868307,0.008389216108483886,-167034.75842006097,5014.1215236580465
Juanlu Sánchez,MID,es_La_Liga,UEFA,-0.20298981680153366,0.01378497266823282,-2433626.1152566243,148037.42934923805
Philipp Sander,MID,de_Bundesliga,UEFA,-0.12437403326797,0.011341837305183969,-539046.7442053854,45902.06676209951
James Sands,MID,de_Bundesliga,CONCACAF,-0.16439209084979348,0.00487797957948524,-589961.8055297085,16067.116304219235
Ibrahim Sangaré,MID,eng_Premier_League,CAF,0.8580085566611741,-0.03511134708954251,12749243.233365597,-790970.5194852091
Kaishu Sano,MID,de_Bundesliga,AFC,-0.10139078654956557,0.0034556128558450626,-2137060.7363419086,69086.08065650612
Baptiste Santamaria,MID,fr_Ligue_1,UEFA,-0.17775271514813748,0.01053135415006381,-1354916.5345993098,72966.84345157072
Baptiste Santamaria,MID,fr_Ligue_1,UEFA,-0.17665812082122648,0.015741502680251984,-1211934.8022531718,97960.88328665588
Andrey Santos,MID,fr_Ligue_1,CONMEBOL,-0.14893513709123063,0.006237083514235261,-5858993.435671389,226835.78509566188
Pablo Sarabia,MID,eng_Premier_League,UEFA,0.858997821114596,0.00540307397547974,2943808.7718256656,27519.690130985342
Ismaila Sarr,MID,eng_Premier_League,CAF,0.5827063398151634,-0.060406667291701126,11259336.226384796,-1587585.6133691035
Téji Savanier,MID,fr_Ligue_1,UEFA,-0.1626553057579624,0.010499119701532245,-1412897.359142474,83544.64343820233
András Schäfer,MID,de_Bundesliga,UEFA,-0.1441248338446105,0.016126256525247233,-751211.6340582948,77515.3758394355
Romano Schmid,MID,de_Bundesliga,UEFA,-0.1141727241107278,0.006883365114557587,-2038762.0938305855,115633.32054046914
Jan Schöppner,MID,de_Bundesliga,UEFA,-0.16175981542621543,0.010901436477305267,-758866.1412083376,46861.27570727095
Alex Scott,MID,eng_Premier_League,UEFA,0.8432804527270983,0.011107129448046692,10707768.710949501,207607.18634570763
Nicolas Seiwald,MID,de_Bundesliga,UEFA,-0.08950725061783775,0.014297156598564533,-1647761.7004039958,249806.51186889037
Stefano Sensi,MID,it_Serie_A,UEFA,-0.15890927405869734,0.009855369877481972,-187265.19293607096,10662.986780979205
Suat Serdar,MID,it_Serie_A,UEFA,-0.16807813274069208,0.0113848209617709,-767657.8248160244,47479.27150052646
Vincent Sierro,MID,fr_Ligue_1,UEFA,-0.2095654283562379,0.009574467609017596,-945450.0256438078,38641.60722305905
Bernardo Silva,MID,eng_Premier_League,UEFA,0.5770604252951494,0.007815261970007347,16521877.928934705,293348.31668525934
Giuliano Simeone,MID,es_La_Liga,CONMEBOL,-0.118529671674832,0.003932673926778594,-4372465.0394115895,136376.93386420608
Xavi Simons,MID,de_Bundesliga,UEFA,-0.06163345120815228,0.014697745537395904,-4243726.070028737,973961.1702522039
Ibrahima Sissoko,MID,de_Bundesliga,CAF,-0.1399144103851842,-0.05717008238528232,-853524.6988113998,-334394.9589326186
Ellyes Skhiri,MID,de_Bundesliga,CAF,-0.10298755269951891,-0.08812439545436782,-871025.6552747088,-739713.3773455648
Oliver Skipp,MID,eng_Premier_League,UEFA,0.8809600974841509,0.00958907728053385,5894394.798120277,96055.70719013177
William Smallbone,MID,eng_Premier_League,UEFA,0.864089833534059,0.005735568928948262,3672922.3167283153,36307.068665686995
Emile Smith Rowe,MID,eng_Premier_League,UEFA,0.6579978323606861,0.011078156461882021,14320343.830687482,327241.89763356745
Simon Sohm,MID,it_Serie_A,UEFA,-0.1543883396725057,0.014168978326179513,-873285.8883137237,73595.47642469872
Alex Sola,MID,es_La_Liga,UEFA,-0.28268772387072616,0.013852657746857394,-850917.3142046579,35832.65287070302
Ola Solbakken,MID,it_Serie_A,UEFA,-0.18936450302583746,0.009311666231544752,-511071.49635861954,22720.68289271975
Carlos Soler,MID,eng_Premier_League,UEFA,0.8569155032645668,0.009843574600276694,10250029.118497748,174451.10290641338
Jhon Solis,MID,es_La_Liga,CONMEBOL,-0.293015863830716,0.007334104396439358,-855874.6674700365,18369.375204615295
Hugo Sotelo,MID,es_La_Liga,UEFA,-0.26307094766447514,0.012146615159838753,-1170303.7578904172,46953.6446622177
Tomáš Souček,MID,eng_Premier_League,UEFA,0.7941955943055746,0.009502660689739203,9464523.699683404,163326.89649899676
Matìas Soulé,MID,it_Serie_A,CONMEBOL,-0.09738047759231946,0.0023200141352321332,-3229324.592092119,73165.99028487876
Boubakary Soumaré,MID,eng_Premier_League,UEFA,0.8061768369468465,0.014445159291129262,7294894.979739717,189033.82462645136
Djibril Sow,MID,es_La_Liga,UEFA,-0.1745249352097039,0.015264204893552983,-1441552.1955845635,114521.77435879502
Anton Stach,MID,de_Bundesliga,UEFA,-0.13082443754925885,0.01337718359174324,-1993962.5082318448,189571.65024832822
Jens Stage,MID,de_Bundesliga,UEFA,-0.10948412609132724,0.011216191891237789,-1621702.4022372458,156329.55219510943
Angelo Stiller,MID,de_Bundesliga,UEFA,-0.08269897252031155,0.017463721895971486,-3340190.8720278293,670717.5851164162
Kevin Stöger,MID,de_Bundesliga,UEFA,-0.1336273990954537,0.011920484117952903,-527307.2142825588,43705.51771692466
Denis Suárez,MID,es_La_Liga,UEFA,-0.31466666072255284,0.004370796335843593,-454574.5147986559,5361.0135252892505
Luka Sučić,MID,es_La_Liga,UEFA,-0.1907587527753587,0.016944681182199467,-3125801.224967515,249893.50766870007
Ibrahim Sulemana,MID,it_Serie_A,CAF,-0.14862272019254694,-0.03200710645042818,-1042418.0383719029,-211592.01313593332
Tomáš Suslov,MID,it_Serie_A,UEFA,-0.1678419834982101,0.012645008396287733,-1013807.8301794725,69706.80072367564
Mattias Svanberg,MID,de_Bundesliga,UEFA,-0.11696666822824871,0.014576466542063857,-1420301.9452139381,165639.11343835667
Dominik Szoboszlai,MID,eng_Premier_League,UEFA,0.4801929442857136,0.009245427689045398,31294813.54771685,755240.9152583331
Adrien Tameze,MID,it_Serie_A,CAF,-0.15986042357112024,-0.033362294626431845,-336358.1739686115,-65827.29666863382
Renato Tapia,MID,es_La_Liga,CONMEBOL,-0.2322897659163127,0.0015074775950893599,-514892.0714509487,2966.146760009229
Florian Tardieu,MID,fr_Ligue_1,UEFA,-0.2604741052440364,0.008626649628683144,-189921.95554257382,5482.676273666555
Oussama Targhalline,MID,fr_Ligue_1,CAF,-0.18040540684623704,-0.06390704556708615,-848641.0679246159,-283276.8327098349
Jack Taylor,MID,eng_Premier_League,UEFA,0.8463673207556163,0.003268389770398995,1813271.3472008165,10361.640133273788
Álvaro Tejero,MID,es_La_Liga,UEFA,-0.27588143272926624,0.011043423417871628,-536783.148894883,18556.710681027034
Nathan Tella,MID,de_Bundesliga,CAF,-0.09632281728596495,-0.06156254116558185,-1472833.785846386,-924897.7040414475
Ramón Terrats,MID,es_La_Liga,UEFA,-0.26180875867537035,0.011421749545983044,-1165048.535565951,44210.35020004725
Martin Terrier,MID,de_Bundesliga,UEFA,-0.08701964170117008,0.01123255925900016,-1559024.5945343003,191533.37619230896
Tanner Tessmann,MID,fr_Ligue_1,CONCACAF,-0.21874960600319646,-0.0037058035971240123,-1559756.4572724747,-23682.657634093426
Teddy Teuma,MID,fr_Ligue_1,UEFA,-0.20476965013731166,0.011357766477888968,-682742.5309122754,33931.000996218994
Adrien Thomasson,MID,fr_Ligue_1,UEFA,-0.17284878223666242,0.009269246685392318,-999718.3411481343,48884.41258385498
Morten Thorsby,MID,it_Serie_A,UEFA,-0.17586617877603455,0.011467338352306232,-546404.7519183923,32401.01813227916
Khéphren Thuram,MID,it_Serie_A,UEFA,-0.06843771520447718,0.014853684723121043,-2632363.0469197854,547920.09469565
Youri Tielemans,MID,eng_Premier_League,UEFA,0.5207210660393555,0.006544938963095688,16352541.479381647,262810.56742263585
Umut Tohumcu,MID,de_Bundesliga,UEFA,-0.13358662440942923,0.017692068314137832,-720578.0829172684,88415.76697210316
Corentin Tolisso,MID,fr_Ligue_1,UEFA,-0.1471865139147242,0.011352663772785019,-1908236.2648814283,135845.71336369403
Sandro Tonali,MID,eng_Premier_League,UEFA,0.49190872349384873,0.010809946149391715,22666409.926109448,627224.852678664
Pablo Torre,MID,es_La_Liga,UEFA,-0.24872938835767236,0.010015641275319996,-1757523.245854117,62022.583379413
Lucas Torró,MID,es_La_Liga,UEFA,-0.19532605096854422,0.01029688553723899,-684953.6176754148,32528.80997361848
Abdoulaye Touré,MID,fr_Ligue_1,CAF,-0.1844136287489041,-0.06025677723808712,-613415.7843475263,-188129.97113384353
Birama Touré,MID,fr_Ligue_1,CAF,-0.22735287115088454,-0.06025634280869703,-198175.10333920026,-48216.71540270327
Lucas Tousart,MID,de_Bundesliga,UEFA,-0.16133698216410222,0.010316330028674643,-446111.3069883133,26151.192165327724
Óscar Trejo,MID,es_La_Liga,CONMEBOL,-0.26673087682245544,0.005436688639276604,-155000.6269307891,2749.2109614241053
Philipp Treu,MID,de_Bundesliga,UEFA,-0.14769596121950446,0.011909356550243298,-841203.1536553008,62570.64255334716
Beñat Turrientes,MID,es_La_Liga,UEFA,-0.25256730849145576,0.018066968867274127,-2706069.3420617133,168628.8161667548
Lesley Ugochukwu,MID,eng_Premier_League,UEFA,0.7590391354017634,0.015260186444784442,9862554.147127252,280816.6321420595
Kacper Urbanski,MID,it_Serie_A,UEFA,-0.14325234684362503,0.01750037614249348,-894620.6556854807,100765.48743308615
Can Uzun,MID,de_Bundesliga,UEFA,-0.08301286465877933,0.01364984576024958,-1458191.896682553,228394.51085031405
Óscar Valentín,MID,es_La_Liga,UEFA,-0.25511769035888127,0.014045192185978397,-729151.8388840146,34993.19239903614
Federico Valverde,MID,es_La_Liga,CONMEBOL,-0.09849300823272077,0.007867959111394164,-13050804.993018284,988151.6342299134
Ruben Vargas,MID,de_Bundesliga,UEFA,-0.1454163199171183,0.013732539923642971,-948992.9819867034,82691.87082398962
Matías Vecino,MID,it_Serie_A,CONMEBOL,-0.09978945772880828,0.007337368307430786,-209050.27327313158,14563.471025853418
Jordan Veretout,MID,fr_Ligue_1,UEFA,-0.15840979097040472,0.009569155774581456,-688324.1525239991,38190.56772005744
Arthur Vermeeren,MID,de_Bundesliga,UEFA,-0.10047593961410681,0.019433210631153712,-2066679.1172783338,376306.5330885276
Yorbe Vertessen,MID,de_Bundesliga,UEFA,-0.14963399256186552,0.01308310745346983,-982402.2117947638,79110.5516549265
Mikel Vesga,MID,es_La_Liga,UEFA,-0.2118100293716714,0.004346293972601745,-606228.3038254473,11144.481052020099
Samuele Vignato,MID,it_Serie_A,UEFA,-0.170410063406307,0.009384866008292287,-411162.5449176333,20671.911783039104
Vitinha,MID,fr_Ligue_1,UEFA,-0.2038807313937301,0.007058495043141665,-2375021.9148287307,73866.52307022363
Nikola Vlašić,MID,it_Serie_A,UEFA,-0.1561499750965339,0.011278815084053154,-1313854.977286771,87191.36120763235
Aster Vranckx,MID,de_Bundesliga,UEFA,-0.14968784388458073,0.02058101146572232,-1099208.574626387,138672.1214175094
Paul Wanner,MID,de_Bundesliga,UEFA,-0.11257940268999163,0.016870009127450222,-2090501.7506023087,293476.383533407
James Ward-Prowse,MID,eng_Premier_League,UEFA,0.7752409412592834,0.00530365188920957,4150886.0742150275,40705.01458830293
James Ward-Prowse,MID,eng_Premier_League,UEFA,0.8223703095057521,0.005553079947816366,4523515.470558045,44683.07573927473
Julian Weigl,MID,de_Bundesliga,UEFA,-0.12049366414880926,0.014598151395512881,-761529.4152072174,86184.00724537019
Adam Wharton,MID,eng_Premier_League,UEFA,0.8126069270501537,0.011847926228328752,22501809.686973248,476409.5055660084
Joe Willock,MID,eng_Premier_League,UEFA,0.6268948016281494,0.00987853529604958,9924232.996606587,209455.42402617633
Patrick Wimmer,MID,de_Bundesliga,UEFA,-0.10807479810902025,0.015191708921742932,-1710849.4540086742,226005.9373374395
Harry Winks,MID,eng_Premier_League,UEFA,0.8024886570063489,0.010516204532163648,4698926.81688907,89084.87843282893
Florian Wirtz,MID,de_Bundesliga,UEFA,-0.05354629138116923,0.013369320567048308,-7029482.86036998,1697165.2370015383
Dani de Wit,MID,de_Bundesliga,UEFA,-0.17179075078777653,0.009499479892664215,-435225.2979822713,21954.079556708224
Jeong Woo-yeong,MID,de_Bundesliga,AFC,-0.13952496427917854,-0.001422128425370879,-622748.4762218944,-5919.141793278512
Granit Xhaka,MID,de_Bundesliga,UEFA,-0.05731399365660321,0.011489461613810504,-669088.9684265014,129576.23132784851
Yehor Yarmoliuk,MID,eng_Premier_League,UEFA,0.7244241649607805,0.010945314478585226,8849879.374974493,186917.3380212076
Ryan Yates,MID,eng_Premier_League,UEFA,0.6320849205510992,0.009807119375239159,5798730.006771885,120787.14799867012
Warren Zaïre-Emery,MID,fr_Ligue_1,UEFA,-0.1621336768750153,0.013748061805298771,-9732809.416160896,754991.5108034462
Denis Zakaria,MID,fr_Ligue_1,UEFA,-0.14320940429095216,0.012326402433581272,-4676370.4046278,372075.63161446154
Oier Zarraga,MID,it_Serie_A,UEFA,-0.19345446334067487,0.008787887722248287,-436403.9778480907,17889.67557227728
Kevin Zeroli,MID,it_Serie_A,UEFA,-0.1779657582506098,0.006527222746560357,-404332.3897813901,13505.04938866268
Piotr Zieliński,MID,it_Serie_A,UEFA,-0.0726032588091416,0.00821002710434097,-744046.3456873335,80787.82575429603
Martín Zubimendi,MID,es_La_Liga,UEFA,-0.14360201424137253,0.017872913720399838,-7101321.734194003,814597.1135990173
Martin Ødegaard,MID,eng_Premier_League,UEFA,0.48223093000925255,0.008266226280723744,34161136.52438587,735031.5061387867
Yunis Abdelhamid,DEF,fr_Ligue_1,CAF,-0.24643442034721375,-0.003875388763844967,-125824.71875,-1748.4375
Mohamed Abdelmoneim,DEF,fr_Ligue_1,CAF,-0.25109925866127014,-0.00011175470717716962,-1601243.5,-626.0
Ali Abdi,DEF,fr_Ligue_1,CAF,-0.21962401270866394,-0.00017713640409056097,-908778.25,-656.5
Abner,DEF,fr_Ligue_1,CONMEBOL,-0.23949716985225677,-0.00017713640409056097,-2045037.0,-1341.0
Abdel Abqar,DEF,es_La_Liga,CAF,-0.1742013692855835,-0.00017713640409056097,-1107866.5,-1033.0
Francesco Acerbi,DEF,it_Serie_A,UEFA,-0.10637497901916504,0.0016317424597218633,-324220.75,4709.75
Tosin Adarabioyo,DEF,eng_Premier_League,UEFA,0.6482442021369934,7.458373147528619e-05,10674903.0,1666.0
Emmanuel Agbadou,DEF,eng_Premier_League,CAF,0.674129068851471,-0.00017713640409056097,12867077.0,-4654.0
Emmanuel Agbadou,DEF,fr_Ligue_1,CAF,-0.22963374853134155,-0.00017713640409056097,-3054068.0,-2099.0
Felix Agu,DEF,de_Bundesliga,CAF,-0.16118362545967102,-0.00017713640409056097,-1232043.0,-1249.5
Nayef Aguerd,DEF,es_La_Liga,CAF,-0.1585732400417328,-0.00017713640409056097,-2295217.0,-2369.0
Ruben Aguilar,DEF,fr_Ligue_1,UEFA,-0.20883995294570923,7.458373147528619e-05,-694715.5,222.5
Honest Ahanor,DEF,it_Serie_A,UEFA,-0.1374015212059021,7.458373147528619e-05,-584360.0,295.0
Joseph Aidoo,DEF,es_La_Liga,CAF,-0.15338008105754852,-0.00017713640409056097,-228571.5,-244.625
Ola Aina,DEF,eng_Premier_League,CAF,0.5890414714813232,-0.00017713640409056097,9338262.0,-3722.0
Rayan Aït-Nouri,DEF,eng_Premier_League,CAF,0.6787265539169312,-0.00017713640409056097,14768806.0,-5316.0
Kristoffer Ajer,DEF,eng_Premier_League,UEFA,0.7525761127471924,7.458373147528619e-05,11829899.0,1662.0
Manuel Akanji,DEF,eng_Premier_League,UEFA,0.48568758368492126,7.458373147528619e-05,11472410.0,2218.0
Ümit Akdag,DEF,fr_Ligue_1,UEFA,-0.29862067103385925,7.458373147528619e-05,-368208.125,78.75
Nathan Aké,DEF,eng_Premier_League,UEFA,0.7834335565567017,7.458373147528619e-05,9608055.0,1316.0
Sergio Akieme,DEF,fr_Ligue_1,UEFA,-0.25280824303627014,7.458373147528619e-05,-1351629.0,349.5
Clément Akpa,DEF,fr_Ligue_1,CAF,-0.24469362199306488,-0.00017713640409056097,-1653295.5,-1058.0
Kevin Akpoguma,DEF,de_Bundesliga,CAF,-0.15114745497703552,-0.00011175470717716962,-348580.75,-238.25
David Alaba,DEF,es_La_Liga,UEFA,-0.08840212970972061,4.7054607421159744e-05,-430245.5,217.5
Raúl Albiol,DEF,es_La_Liga,UEFA,-0.08407168090343475,0.0016317424597218633,-92153.5,1713.0
Omar Alderete,DEF,es_La_Liga,CONMEBOL,-0.15145519375801086,-0.00017713640409056097,-1464097.0,-1588.0
Trent Alexander-Arnold,DEF,eng_Premier_League,UEFA,0.4612736403942108,7.458373147528619e-05,24449720.0,4920.0
Marcos Alonso,DEF,es_La_Liga,UEFA,-0.1212463527917862,0.0016317424597218633,-246993.625,3124.0
Giorgio Altare,DEF,it_Serie_A,UEFA,-0.1896829456090927,7.458373147528619e-05,-366671.125,130.5
Adrià Altimira,DEF,es_La_Liga,UEFA,-0.16830448806285858,7.458373147528619e-05,-484627.0,196.75
Yeray Álvarez,DEF,es_La_Liga,UEFA,-0.13814777135849,7.458373147528619e-05,-1010840.0,507.5
Harry Amass,DEF,eng_Premier_League,UEFA,0.7094891667366028,4.7054607421159744e-05,2769196.75,255.0
Jordan Amavi,DEF,fr_Ligue_1,UEFA,-0.2479456663131714,4.7054607421159744e-05,-413668.875,68.75
Kelvin Amian,DEF,fr_Ligue_1,UEFA,-0.2699896991252899,7.458373147528619e-05,-783221.25,188.0
Samuel Amo-Ameyaw,DEF,fr_Ligue_1,UEFA,-0.21919040381908417,7.458373147528619e-05,-1153262.0,350.5
Joachim Andersen,DEF,eng_Premier_League,UEFA,0.6364723443984985,7.458373147528619e-05,13526610.0,2136.0
Angeliño,DEF,it_Serie_A,UEFA,-0.1168980598449707,7.458373147528619e-05,-2451300.0,1470.0
Waldemar Anton,DEF,de_Bundesliga,UEFA,-0.12477941811084747,7.458373147528619e-05,-2617436.0,1466.0
Dennis Appiah,DEF,fr_Ligue_1,UEFA,-0.23454585671424866,7.458373147528619e-05,-228222.375,64.1875
Jon Aramburu,DEF,es_La_Liga,CONMEBOL,-0.15451742708683014,-0.00017713640409056097,-1899857.0,-2017.0
Julian Araujo,DEF,eng_Premier_League,CONCACAF,0.7913512587547302,-0.00011175470717716962,3657753.25,-746.5
Ronald Araújo,DEF,es_La_Liga,CONMEBOL,-0.13019827008247375,-0.00017713640409056097,-3942048.0,-5030.0
Carlens Arcus,DEF,fr_Ligue_1,CONCACAF,-0.27499762177467346,-0.00011175470717716962,-591097.25,-208.375
Jesús Areso,DEF,es_La_Liga,UEFA,-0.14071024954319,4.7054607421159744e-05,-1956935.0,618.0
Arthur,DEF,de_Bundesliga,CONMEBOL,-0.15619972348213196,-0.00017713640409056097,-849766.5,-891.5
Raúl Asencio,DEF,es_La_Liga,UEFA,-0.11014564335346222,7.458373147528619e-05,-3927368.0,2512.0
Lorenz Assignon,DEF,fr_Ligue_1,CAF,-0.2577212154865265,-0.00017713640409056097,-3058651.0,-1846.0
Tommaso Augello,DEF,it_Serie_A,UEFA,-0.1489025503396988,4.7054607421159744e-05,-359987.25,104.75
Carlos Augusto,DEF,it_Serie_A,CONMEBOL,-0.11599215865135193,-0.00017713640409056097,-2853026.0,-4116.0
Adam Aznou,DEF,es_La_Liga,CAF,-0.14697088301181793,-0.00017713640409056097,-799767.0,-896.0
César Azpilicueta,DEF,es_La_Liga,UEFA,-0.08026545494794846,0.0016317424597218633,-104805.5,2044.625
Paulo Azzi,DEF,it_Serie_A,CONMEBOL,-0.17037028074264526,-0.00017713640409056097,-184652.5625,-176.375
Loïc Bade,DEF,es_La_Liga,UEFA,-0.16072040796279907,7.458373147528619e-05,-2194352.0,936.0
Benoît Badiashile,DEF,eng_Premier_League,UEFA,0.6967344880104065,4.7054607421159744e-05,9456307.0,898.0
Juma Bah,DEF,es_La_Liga,CAF,-0.15975646674633026,-0.00017713640409056097,-674750.0,-691.0
Juma Bah,DEF,fr_Ligue_1,CAF,-0.21482641994953156,-0.00017713640409056097,-1516306.0,-1122.5
Eric Bailly,DEF,es_La_Liga,CAF,-0.1750677525997162,-0.00017713640409056097,-420677.25,-390.0
Ridle Baku,DEF,de_Bundesliga,UEFA,-0.1688190996646881,7.458373147528619e-05,-964843.0,390.0
Alejandro Balde,DEF,es_La_Liga,UEFA,-0.09886347502470016,7.458373147528619e-05,-4777560.0,3420.0
Leonardo Balerdi,DEF,fr_Ligue_1,CONMEBOL,-0.192452073097229,-0.00017713640409056097,-5399450.0,-4514.0
Iván Balliu,DEF,es_La_Liga,UEFA,-0.07311632484197617,4.7054607421159744e-05,-89010.375,54.75
Fodé Ballo-Touré,DEF,fr_Ligue_1,CAF,-0.21641750633716583,-0.00011175470717716962,-359315.125,-166.0
Botond Balogh,DEF,it_Serie_A,UEFA,-0.1734539270401001,7.458373147528619e-05,-715492.25,281.0
Abdoulaye Bamba,DEF,fr_Ligue_1,CAF,-0.1966497302055359,-0.003875388763844967,-97645.65625,-1744.84375
Mattia Bani,DEF,it_Serie_A,UEFA,-0.1555207520723343,7.458373147528619e-05,-417045.25,184.5
Noahkai Banks,DEF,de_Bundesliga,CONCACAF,-0.13078387081623077,-0.00017713640409056097,-711614.0,-903.5
Federico Barba,DEF,it_Serie_A,UEFA,-0.16097280383110046,7.458373147528619e-05,-182616.3125,77.8125
Valentín Barco,DEF,es_La_Liga,CONMEBOL,-0.13248556852340698,-0.00017713640409056097,-1483895.0,-1859.0
Melvin Bard,DEF,fr_Ligue_1,UEFA,-0.19051919877529144,7.458373147528619e-05,-3879070.0,1374.0
Marc Bartra,DEF,es_La_Liga,UEFA,-0.129300057888031,0.0016317424597218633,-159832.625,1888.0
Federico Baschirotto,DEF,it_Serie_A,UEFA,-0.1687772274017334,7.458373147528619e-05,-741671.25,300.0
Calvin Bassey,DEF,eng_Premier_League,CAF,0.6407272219657898,-0.00017713640409056097,15491660.0,-5810.0
Alessandro Bastoni,DEF,it_Serie_A,UEFA,-0.10496199131011963,7.458373147528619e-05,-4985020.0,3352.0
Dylan Batubinsika,DEF,fr_Ligue_1,CAF,-0.24945476651191711,-0.00017713640409056097,-524764.875,-328.5
Maximilian Bauer,DEF,de_Bundesliga,UEFA,-0.18286339938640594,7.458373147528619e-05,-498760.75,185.0
Timo Becker,DEF,de_Bundesliga,UEFA,-0.16617146134376526,7.458373147528619e-05,-486605.25,200.25
Jan Bednarek,DEF,eng_Premier_League,UEFA,0.6325287222862244,7.458373147528619e-05,4156625.5,659.0
Stefan Bell,DEF,de_Bundesliga,UEFA,-0.09710418432950974,7.458373147528619e-05,-126604.125,92.375
Armel Bella Kotchap,DEF,eng_Premier_League,UEFA,0.6626261472702026,7.458373147528619e-05,3962051.5,608.0
Raoul Bellanova,DEF,it_Serie_A,UEFA,-0.1111215353012085,7.458373147528619e-05,-3273342.0,2072.0
Héctor Bellerín,DEF,es_La_Liga,UEFA,-0.1710875928401947,7.458373147528619e-05,-488369.0,194.75
Ramy Bensebaini,DEF,de_Bundesliga,CAF,-0.12306229025125504,-0.00017713640409056097,-1069659.5,-1449.5
Lucas Beraldo,DEF,fr_Ligue_1,CONMEBOL,-0.18436965346336365,-0.00017713640409056097,-6895808.0,-6040.0
Yuri Berchiche,DEF,es_La_Liga,UEFA,-0.08000669628381729,0.0016317424597218633,-126828.875,2482.5
Bernardo,DEF,de_Bundesliga,CONMEBOL,-0.15508636832237244,-0.00017713640409056097,-705244.0,-746.0
Maxime Bernauer,DEF,fr_Ligue_1,UEFA,-0.25955629348754883,4.7054607421159744e-05,-841574.75,132.5
Juan Berrocal,DEF,es_La_Liga,UEFA,-0.1926940381526947,7.458373147528619e-05,-367021.625,128.375
Sam Beukema,DEF,it_Serie_A,UEFA,-0.11907251179218292,7.458373147528619e-05,-3254364.0,1914.0
Jaka Bijol,DEF,it_Serie_A,UEFA,-0.1543094664812088,7.458373147528619e-05,-2361986.0,1053.0
Cristiano Biraghi,DEF,it_Serie_A,UEFA,-0.12972392141819,7.458373147528619e-05,-241928.625,130.0
Cristiano Biraghi,DEF,it_Serie_A,UEFA,-0.13451454043388367,4.7054607421159744e-05,-292721.875,95.0
Samuele Birindelli,DEF,it_Serie_A,UEFA,-0.17248490452766418,7.458373147528619e-05,-571958.5,226.0
Emmanuel Biumla,DEF,fr_Ligue_1,UEFA,-0.23972879350185394,7.458373147528619e-05,-1109933.75,304.75
Daley Blind,DEF,es_La_Liga,UEFA,-0.09560218453407288,0.0016317424597218633,-114168.125,1855.375
Sacha Boey,DEF,de_Bundesliga,UEFA,-0.14340274035930634,7.458373147528619e-05,-1914388.0,924.0
Lamare Bogarde,DEF,eng_Premier_League,UEFA,0.7331334352493286,7.458373147528619e-05,4817228.5,689.0
Adama Boiro,DEF,es_La_Liga,UEFA,-0.1430116444826126,7.458373147528619e-05,-781291.0,378.0
Moïse Bombito,DEF,fr_Ligue_1,CONCACAF,-0.20620542764663696,-0.00017713640409056097,-3964778.0,-3070.0
Sebastiaan Bornauw,DEF,de_Bundesliga,UEFA,-0.1818074733018875,7.458373147528619e-05,-1278243.0,477.0
Sven Botman,DEF,eng_Premier_League,UEFA,0.6781903505325317,7.458373147528619e-05,13567194.0,2050.0
Enzo Boyomo,DEF,es_La_Liga,CAF,-0.14389090240001678,-0.00017713640409056097,-2291188.0,-2626.0
Enzo Boyomo,DEF,es_La_Liga,CAF,-0.14808672666549683,-0.00011175470717716962,-2120307.0,-1495.0
Domagoj Bradarić,DEF,it_Serie_A,UEFA,-0.18042288720607758,7.458373147528619e-05,-589568.5,222.0
Conor Bradley,DEF,eng_Premier_League,UEFA,0.6863508224487305,7.458373147528619e-05,16406528.0,2456.0
Jarrad Branthwaite,DEF,eng_Premier_League,UEFA,0.6355605721473694,7.458373147528619e-05,19046576.0,3012.0
Lilian Brassier,DEF,fr_Ligue_1,UEFA,-0.2211688607931137,7.458373147528619e-05,-1883377.0,566.0
Lilian Brassier,DEF,fr_Ligue_1,UEFA,-0.21773689985275269,7.458373147528619e-05,-3513901.0,1075.0
James Bree,DEF,eng_Premier_League,UEFA,0.6940708160400391,4.7054607421159744e-05,1831124.5,171.0
Arvid Brorsson,DEF,it_Serie_A,UEFA,-0.19341547787189484,4.7054607421159744e-05,-209314.875,45.875
Nathaniel Brown,DEF,de_Bundesliga,UEFA,-0.11719947308301926,7.458373147528619e-05,-2715788.0,1626.0
Santiago Bueno,DEF,eng_Premier_League,CONMEBOL,0.7289305329322815,-0.00017713640409056097,6293434.5,-2157.0
Alessandro Buongiorno,DEF,it_Serie_A,UEFA,-0.11731110513210297,7.458373147528619e-05,-3243358.0,1938.0
Cameron Burgess,DEF,eng_Premier_League,AFC,0.6509808301925659,-0.00017713640409056097,1362156.625,-505.0
Dan Burn,DEF,eng_Premier_League,UEFA,0.4905071258544922,7.458373147528619e-05,3093161.0,593.5
Marnon Busch,DEF,de_Bundesliga,UEFA,-0.14828702807426453,4.7054607421159744e-05,-201711.0,58.875
Aurélio Buta,DEF,fr_Ligue_1,UEFA,-0.2500881254673004,4.7054607421159744e-05,-820293.5,134.75
Leandro Cabrera,DEF,es_La_Liga,CONMEBOL,-0.12987230718135834,-0.00017713640409056097,-149705.0,-191.5
Anthony Caci,DEF,de_Bundesliga,UEFA,-0.14095783233642578,7.458373147528619e-05,-2130916.0,1047.0
Davide Calabria,DEF,it_Serie_A,UEFA,-0.16139604151248932,4.7054607421159744e-05,-869449.5,232.0
Davide Calabria,DEF,it_Serie_A,UEFA,-0.17651808261871338,7.458373147528619e-05,-964744.0,372.0
Riccardo Calafiori,DEF,eng_Premier_League,UEFA,0.5724653005599976,7.458373147528619e-05,12854443.0,2192.0
Luca Caldirola,DEF,it_Serie_A,UEFA,-0.10667391121387482,0.0016317424597218633,-68829.25,996.875
Fernando Calero,DEF,es_La_Liga,UEFA,-0.17504853010177612,7.458373147528619e-05,-346940.75,134.875
Duje Ćaleta-Car,DEF,fr_Ligue_1,UEFA,-0.2528713345527649,7.458373147528619e-05,-2121957.5,549.0
Andrea Cambiaso,DEF,it_Serie_A,UEFA,-0.12202492356300354,7.458373147528619e-05,-3484588.0,1996.0
Emre Can,DEF,de_Bundesliga,UEFA,-0.10709325224161148,7.458373147528619e-05,-783956.0,515.5
Fali Candé,DEF,it_Serie_A,CAF,-0.17543385922908783,-0.00017713640409056097,-696923.5,-644.75
Antonio Candela,DEF,it_Serie_A,UEFA,-0.1773660033941269,7.458373147528619e-05,-411480.0,157.75
Antonio Candela,DEF,es_La_Liga,UEFA,-0.14382003247737885,7.458373147528619e-05,-325670.25,156.75
Jaydee Canvot,DEF,fr_Ligue_1,UEFA,-0.26810798048973083,7.458373147528619e-05,-1729320.5,418.5
Andrea Carboni,DEF,it_Serie_A,UEFA,-0.16402778029441833,7.458373147528619e-05,-768513.5,320.5
Sergi Cardona,DEF,es_La_Liga,UEFA,-0.11832021176815033,7.458373147528619e-05,-2015571.0,1194.0
Diego Carlos,DEF,eng_Premier_League,CONMEBOL,0.7642946839332581,-0.00017713640409056097,4346007.0,-1443.0
Dani Carvajal,DEF,es_La_Liga,UEFA,-0.1127491444349289,7.458373147528619e-05,-590024.5,367.5
Nicolò Casale,DEF,it_Serie_A,UEFA,-0.17983803153038025,7.458373147528619e-05,-1022879.5,386.0
Matty Cash,DEF,eng_Premier_League,UEFA,0.6374207735061646,7.458373147528619e-05,12167292.0,1920.0
Timothy Castagne,DEF,eng_Premier_League,UEFA,0.7498368620872498,7.458373147528619e-05,4875200.5,688.0
Jean-Charles Castelletto,DEF,fr_Ligue_1,CAF,-0.23575301468372345,-0.00017713640409056097,-803983.75,-536.5
Zeki Çelik,DEF,it_Serie_A,UEFA,-0.1700526475906372,7.458373147528619e-05,-1424911.0,571.5
El Chadaille Bitshiabu,DEF,de_Bundesliga,UEFA,-0.15944626927375793,7.458373147528619e-05,-1990852.0,857.0
Trevoh Chalobah,DEF,eng_Premier_League,UEFA,0.759515106678009,7.458373147528619e-05,9823329.0,1372.0
Trevoh Chalobah,DEF,eng_Premier_League,UEFA,0.7287498116493225,7.458373147528619e-05,12591435.0,1810.0
Brendan Chardonnet,DEF,fr_Ligue_1,UEFA,-0.20334920287132263,7.458373147528619e-05,-923232.25,304.5
Anrie Chase,DEF,de_Bundesliga,AFC,-0.17077815532684326,-0.00011175470717716962,-972744.0,-583.0
Pep Chavarría,DEF,es_La_Liga,UEFA,-0.15910451114177704,7.458373147528619e-05,-1663595.0,717.0
Arthur Chaves,DEF,de_Bundesliga,CONMEBOL,-0.16199365258216858,-0.00017713640409056097,-854502.0,-862.0
Jhoanner Chávez,DEF,fr_Ligue_1,CONMEBOL,-0.23839551210403442,-0.00017713640409056097,-883372.75,-582.0
Fabio Chiarodia,DEF,de_Bundesliga,UEFA,-0.16481223702430725,7.458373147528619e-05,-454044.5,188.5
Alessandro Circati,DEF,it_Serie_A,AFC,-0.17546936869621277,-0.00017713640409056097,-1129856.0,-1045.0
Harry Clarke,DEF,eng_Premier_League,UEFA,0.6914143562316895,7.458373147528619e-05,2312926.0,344.5
Jonathan Clauss,DEF,fr_Ligue_1,UEFA,-0.20369407534599304,7.458373147528619e-05,-1048199.0,345.0
Nathaniel Clyne,DEF,eng_Premier_League,UEFA,0.5086591839790344,0.0005132437217980623,347783.875,447.4375
Conor Coady,DEF,eng_Premier_League,UEFA,0.5226647257804871,7.458373147528619e-05,912515.125,166.75
Marcus Coco,DEF,fr_Ligue_1,UEFA,-0.29070204496383667,4.7054607421159744e-05,-633864.75,87.75
Saúl Coco,DEF,it_Serie_A,CAF,-0.15641358494758606,-0.00017713640409056097,-1666227.0,-1746.0
Nathan Collins,DEF,eng_Premier_League,UEFA,0.5702242851257324,7.458373147528619e-05,17846910.0,3056.0
Nnamdi Collins,DEF,de_Bundesliga,UEFA,-0.12878872454166412,7.458373147528619e-05,-1791561.0,969.0
Levi Colwill,DEF,eng_Premier_League,UEFA,0.5186413526535034,7.458373147528619e-05,22290144.0,4096.0
Eray Cömert,DEF,es_La_Liga,UEFA,-0.17946812510490417,7.458373147528619e-05,-492858.25,186.5
Pietro Comuzzo,DEF,it_Serie_A,UEFA,-0.12319768220186234,7.458373147528619e-05,-3079856.0,1746.0
Diego Coppola,DEF,it_Serie_A,UEFA,-0.15789483487606049,7.458373147528619e-05,-1268542.0,551.5
Derek Cornelius,DEF,fr_Ligue_1,CONCACAF,-0.21212098002433777,-0.00017713640409056097,-2404256.0,-1805.0
Pierre Cornud,DEF,fr_Ligue_1,UEFA,-0.25698238611221313,4.7054607421159744e-05,-286344.8125,45.6875
Thierry Correia,DEF,es_La_Liga,UEFA,-0.17821939289569855,7.458373147528619e-05,-545176.75,208.0
Alberto costa,DEF,it_Serie_A,UEFA,-0.1697043478488922,7.458373147528619e-05,-1322299.0,532.0
Danny da Costa,DEF,de_Bundesliga,UEFA,-0.09756933897733688,4.7054607421159744e-05,-213242.5,97.125
Logan Costa,DEF,es_La_Liga,CAF,-0.11261945217847824,-0.00017713640409056097,-3271544.0,-4868.0
Vladimír Coufal,DEF,eng_Premier_League,UEFA,0.7106174230575562,7.458373147528619e-05,1793707.0,262.25
Soumaïla Coulibaly,DEF,fr_Ligue_1,UEFA,-0.22645454108715057,7.458373147528619e-05,-1460915.0,427.5
Woyo Coulibaly,DEF,it_Serie_A,CAF,-0.17808394134044647,-0.00017713640409056097,-579283.25,-527.25
Yan Couto,DEF,de_Bundesliga,CONMEBOL,-0.15978865325450897,-0.00017713640409056097,-2072262.0,-2122.0
Nicolas Cozza,DEF,fr_Ligue_1,UEFA,-0.26649874448776245,7.458373147528619e-05,-820820.5,199.75
Aaron Cresswell,DEF,eng_Premier_League,UEFA,0.3972170352935791,0.0016317424597218633,226059.5625,1124.375
Charlie Cresswell,DEF,fr_Ligue_1,UEFA,-0.2258722484111786,7.458373147528619e-05,-3239227.0,951.0
Juan Cuadrado,DEF,it_Serie_A,CONMEBOL,-0.07505527138710022,-0.003875388763844967,-101335.75,-5048.625
Pau Cubarsí,DEF,es_La_Liga,UEFA,-0.09084909409284592,7.458373147528619e-05,-6446400.0,5048.0
Marc Cucurella,DEF,eng_Premier_League,UEFA,0.541535496711731,7.458373147528619e-05,16340842.0,2904.0
Jorge Cuenca,DEF,eng_Premier_League,UEFA,0.605593204498291,4.7054607421159744e-05,2038035.75,209.5
Danilo D'Ambrosio,DEF,it_Serie_A,UEFA,-0.10525105893611908,0.0016317424597218633,-70389.125,1034.0
Ameen Al-Dakhil,DEF,de_Bundesliga,UEFA,-0.1857115775346756,7.458373147528619e-05,-843196.25,307.25
Diogo Dalot,DEF,eng_Premier_League,UEFA,0.7178685665130615,7.458373147528619e-05,12837307.0,1864.0
Flavius Daniliuc,DEF,it_Serie_A,UEFA,-0.1723875254392624,7.458373147528619e-05,-411034.0,162.5
Danilo,DEF,it_Serie_A,CONMEBOL,-0.13612498342990875,-0.00017713640409056097,-357421.0,-434.75
Kevin Danso,DEF,eng_Premier_League,UEFA,0.8050194382667542,7.458373147528619e-05,11137754.0,1498.0
Kevin Danso,DEF,fr_Ligue_1,UEFA,-0.19991417229175568,7.458373147528619e-05,-3566577.0,1198.0
Dante,DEF,fr_Ligue_1,CONMEBOL,-0.17330482602119446,-0.003875388763844967,-209026.375,-4289.5
Matteo Darmian,DEF,it_Serie_A,UEFA,-0.06276209652423859,0.0016317424597218633,-152366.5,3835.0
Alphonso Davies,DEF,de_Bundesliga,CONCACAF,-0.11502710729837418,-0.00017713640409056097,-5682980.0,-8272.0
Ben Davies,DEF,eng_Premier_League,UEFA,0.7042824625968933,7.458373147528619e-05,2806960.75,413.0
Leif Davis,DEF,eng_Premier_League,UEFA,0.7052206993103027,7.458373147528619e-05,8198910.0,1205.0
Paweł Dawidowicz,DEF,it_Serie_A,UEFA,-0.16291628777980804,7.458373147528619e-05,-393443.25,165.25
Craig Dawson,DEF,eng_Premier_League,UEFA,0.6634983420372009,0.0016317424597218633,835151.4375,2807.75
Mattia De Sciglio,DEF,it_Serie_A,UEFA,-0.10774341225624084,7.458373147528619e-05,-100769.8125,65.875
Lorenzo De Silvestri,DEF,it_Serie_A,UEFA,-0.09424503147602081,0.0016317424597218633,-86381.625,1425.0625
Koni De Winter,DEF,it_Serie_A,UEFA,-0.15279629826545715,7.458373147528619e-05,-2405913.0,1084.0
Amar Dedić,DEF,fr_Ligue_1,UEFA,-0.22393958270549774,7.458373147528619e-05,-2236938.0,663.0
Ali Dembélé,DEF,it_Serie_A,UEFA,-0.17376847565174103,7.458373147528619e-05,-113591.875,44.5625
Sepp van den Berg,DEF,eng_Premier_League,UEFA,0.5956512689590454,7.458373147528619e-05,16147244.0,2676.0
Giovanni Di Lorenzo,DEF,it_Serie_A,UEFA,-0.098492830991745,7.458373147528619e-05,-1220077.0,877.0
Mouctar Diakhaby,DEF,es_La_Liga,CAF,-0.17517167329788208,-0.00017713640409056097,-557548.25,-516.5
Bafodé Diakité,DEF,fr_Ligue_1,UEFA,-0.19617940485477448,7.458373147528619e-05,-6554698.0,2250.0
Moussa Diarra,DEF,es_La_Liga,CAF,-0.1808517724275589,-0.00011175470717716962,-542378.75,-305.25
Rúben Dias,DEF,eng_Premier_League,UEFA,0.5000483393669128,7.458373147528619e-05,25552148.0,4828.0
Krépin Diatta,DEF,fr_Ligue_1,CAF,-0.2524139881134033,-0.00017713640409056097,-1691569.5,-1045.0
Eric Dier,DEF,de_Bundesliga,UEFA,-0.12717634439468384,7.458373147528619e-05,-1313635.0,720.0
Lucas Digne,DEF,eng_Premier_League,UEFA,0.6605445146560669,7.458373147528619e-05,3319581.0,510.5
Federico Dimarco,DEF,it_Serie_A,UEFA,-0.11622126400470734,7.458373147528619e-05,-4097548.0,2472.0
Sinaly Diomande,DEF,fr_Ligue_1,CAF,-0.2589375078678131,-0.00017713640409056097,-1228283.25,-737.25
Issa Diop,DEF,eng_Premier_League,UEFA,0.7605205774307251,7.458373147528619e-05,6823428.0,953.0
Axel Disasi,DEF,eng_Premier_League,UEFA,0.7588099241256714,7.458373147528619e-05,8809975.0,1232.0
Axel Disasi,DEF,eng_Premier_League,UEFA,0.7319474220275879,7.458373147528619e-05,10098356.0,1448.0
Berat Djimsiti,DEF,it_Serie_A,UEFA,-0.1052718386054039,7.458373147528619e-05,-835648.0,560.0
Dodô,DEF,it_Serie_A,CONMEBOL,-0.12850601971149445,-0.00017713640409056097,-2496808.0,-3230.0
Danilho Doekhi,DEF,de_Bundesliga,UEFA,-0.1597038060426712,7.458373147528619e-05,-1509457.0,649.0
Matt Doherty,DEF,eng_Premier_League,UEFA,0.6226785778999329,7.458373147528619e-05,1402172.75,225.0
Carlos Dominguez,DEF,es_La_Liga,UEFA,-0.15732109546661377,7.458373147528619e-05,-1047164.0,457.0
Patrick Dorgu,DEF,eng_Premier_League,UEFA,0.7309488654136658,7.458373147528619e-05,13138319.0,1884.0
Patrick Dorgu,DEF,it_Serie_A,UEFA,-0.12640538811683655,7.458373147528619e-05,-1941234.0,1072.0
Alberto Dossena,DEF,it_Serie_A,UEFA,-0.18087512254714966,7.458373147528619e-05,-1187041.5,445.5
Guela Doué,DEF,fr_Ligue_1,CAF,-0.20537085831165314,-0.00017713640409056097,-4117836.0,-3204.0
Ismaël Doukouré,DEF,fr_Ligue_1,UEFA,-0.21800553798675537,7.458373147528619e-05,-4574986.0,1396.0
Radu Drăgușin,DEF,eng_Premier_League,UEFA,0.7414710521697998,4.7054607421159744e-05,11006409.0,1004.0
Tim Drexler,DEF,de_Bundesliga,UEFA,-0.13749906420707703,4.7054607421159744e-05,-504460.75,159.75
Domingos Duarte,DEF,es_La_Liga,UEFA,-0.16480222344398499,7.458373147528619e-05,-279622.875,116.0
Denzel Dumfries,DEF,it_Serie_A,UEFA,-0.10785654187202454,7.458373147528619e-05,-2436010.0,1592.0
Lewis Dunk,DEF,eng_Premier_League,UEFA,0.6538370847702026,7.458373147528619e-05,2389266.25,370.5
Jean-Kevin Duverne,DEF,fr_Ligue_1,CONCACAF,-0.2738073468208313,-0.00017713640409056097,-558126.875,-314.375
Adam Dźwigała,DEF,de_Bundesliga,UEFA,-0.1623813658952713,7.458373147528619e-05,-130331.875,55.0
Aron Dønnum,DEF,fr_Ligue_1,UEFA,-0.26638275384902954,7.458373147528619e-05,-2116431.5,515.5
Kingsley Ehizibue,DEF,it_Serie_A,UEFA,-0.15777736902236938,7.458373147528619e-05,-454069.0,197.5
Jacques Ekomie,DEF,fr_Ligue_1,CAF,-0.2729807496070862,-0.00011175470717716962,-312225.5,-111.0
Mikael Ellertsson,DEF,it_Serie_A,UEFA,-0.16837908327579498,7.458373147528619e-05,-709850.75,287.75
Aritz Elustondo,DEF,es_La_Liga,UEFA,-0.15366901457309723,7.458373147528619e-05,-439331.0,196.75
Nico Elvedi,DEF,de_Bundesliga,UEFA,-0.17040464282035828,7.458373147528619e-05,-1203477.0,481.5
Emerson,DEF,it_Serie_A,CONMEBOL,-0.1667516678571701,-0.00017713640409056097,-880692.0,-860.5
Martin Erlic,DEF,it_Serie_A,UEFA,-0.19264458119869232,7.458373147528619e-05,-852949.0,298.5
Patrick Erras,DEF,de_Bundesliga,UEFA,-0.1768127977848053,7.458373147528619e-05,-230399.5,88.625
Alfonso Espino,DEF,es_La_Liga,CONMEBOL,-0.15229377150535583,-0.00017713640409056097,-187685.75,-202.375
Pervis Estupiñán,DEF,eng_Premier_League,CONMEBOL,0.6445954442024231,-0.00017713640409056097,16419434.0,-6128.0
Jonny Evans,DEF,eng_Premier_League,UEFA,0.4403570294380188,0.0016317424597218633,661389.875,3027.5
Wout Faes,DEF,eng_Premier_League,UEFA,0.7455878853797913,7.458373147528619e-05,6932707.5,982.0
Kiko Femenía,DEF,es_La_Liga,UEFA,-0.06737382709980011,0.0016317424597218633,-102552.5,2399.0
Kilian Fischer,DEF,de_Bundesliga,UEFA,-0.16163136065006256,7.458373147528619e-05,-1121679.0,475.5
Wesley Fofana,DEF,eng_Premier_League,UEFA,0.5580119490623474,7.458373147528619e-05,14219550.0,2472.0
Jonas Föhrenbach,DEF,de_Bundesliga,UEFA,-0.16759410500526428,4.7054607421159744e-05,-281861.375,72.25
Héctor Fort,DEF,es_La_Liga,UEFA,-0.14087478816509247,7.458373147528619e-05,-1329233.0,653.0
Dimitri Foulquier,DEF,es_La_Liga,UEFA,-0.1405983716249466,4.7054607421159744e-05,-308128.375,95.375
Juan Foyth,DEF,es_La_Liga,CONMEBOL,-0.12750035524368286,-0.00017713640409056097,-2957250.0,-3858.0
Alejandro Francés,DEF,es_La_Liga,UEFA,-0.1637515276670456,4.7054607421159744e-05,-551483.5,145.0
Przemysław Frankowski,DEF,fr_Ligue_1,UEFA,-0.204385906457901,7.458373147528619e-05,-1360690.5,446.5
Martin Frese,DEF,it_Serie_A,UEFA,-0.17805588245391846,4.7054607421159744e-05,-385132.125,92.375
Marco Friedl,DEF,de_Bundesliga,UEFA,-0.1406116634607315,7.458373147528619e-05,-1622845.0,800.0
Marvin Friedrich,DEF,de_Bundesliga,UEFA,-0.16800203919410706,7.458373147528619e-05,-697649.75,283.75
Jeremie Frimpong,DEF,de_Bundesliga,UEFA,-0.10425583273172379,7.458373147528619e-05,-3996280.0,2708.0
Matteo Gabbia,DEF,it_Serie_A,UEFA,-0.12798918783664703,7.458373147528619e-05,-2397182.0,1306.0
Javi Galán,DEF,es_La_Liga,UEFA,-0.12671513855457306,4.7054607421159744e-05,-701368.0,242.5
Antonino Gallo,DEF,it_Serie_A,UEFA,-0.15765345096588135,4.7054607421159744e-05,-718603.5,197.0
Facundo Garcés,DEF,es_La_Liga,AFC,-0.17647790908813477,-0.00011175470717716962,-465346.0,-269.25
Andrés García,DEF,eng_Premier_League,UEFA,0.7263689041137695,4.7054607421159744e-05,4153317.0,376.0
Eric García,DEF,es_La_Liga,UEFA,-0.11006205528974533,7.458373147528619e-05,-3611718.0,2308.0
Fran Garcia,DEF,es_La_Liga,UEFA,-0.12406240403652191,7.458373147528619e-05,-2794310.0,1574.0
Ulisses Garcia,DEF,fr_Ligue_1,UEFA,-0.22764012217521667,7.458373147528619e-05,-1200207.5,349.0
Yarek Gasiorowski,DEF,es_La_Liga,UEFA,-0.1495380401611328,7.458373147528619e-05,-1046147.0,482.5
Federico Gatti,DEF,it_Serie_A,UEFA,-0.1261107176542282,7.458373147528619e-05,-3232848.0,1788.0
Mory Gbane,DEF,fr_Ligue_1,CAF,-0.24652057886123657,-0.00017713640409056097,-1059738.5,-672.25
Lutsharel Geertruida,DEF,de_Bundesliga,UEFA,-0.17376883327960968,7.458373147528619e-05,-1619039.0,635.0
Valentin Gendrey,DEF,de_Bundesliga,UEFA,-0.1693199723958969,7.458373147528619e-05,-738348.25,297.75
Max Geschwill,DEF,de_Bundesliga,UEFA,-0.1765608787536621,7.458373147528619e-05,-374378.5,144.25
Daniele Ghilardi,DEF,it_Serie_A,UEFA,-0.17434878647327423,7.458373147528619e-05,-817735.0,319.0
Lautaro Gianetti,DEF,it_Serie_A,CONMEBOL,-0.16218583285808563,-0.00011175470717716962,-231760.25,-146.875
Dimitris Giannoulis,DEF,de_Bundesliga,UEFA,-0.15751031041145325,7.458373147528619e-05,-502847.5,219.25
Samuel Gigot,DEF,it_Serie_A,UEFA,-0.14702661335468292,7.458373147528619e-05,-469014.25,220.25
Mario Gila,DEF,it_Serie_A,UEFA,-0.11606636643409729,7.458373147528619e-05,-3106082.0,1876.0
Benedikt Gimber,DEF,de_Bundesliga,UEFA,-0.16944053769111633,7.458373147528619e-05,-671704.5,270.5
Matthias Ginter,DEF,de_Bundesliga,UEFA,-0.12141738086938858,7.458373147528619e-05,-583284.0,336.0
Saba Goglichidze,DEF,it_Serie_A,UEFA,-0.14161494374275208,7.458373147528619e-05,-866758.0,424.0
Edoardo Goldaniga,DEF,it_Serie_A,UEFA,-0.15159262716770172,7.458373147528619e-05,-600833.0,273.0
Rodrigo Gomes,DEF,eng_Premier_League,UEFA,0.723821222782135,7.458373147528619e-05,5785345.5,836.0
Joe Gomez,DEF,eng_Premier_League,UEFA,0.6501991748809814,7.458373147528619e-05,8254738.0,1284.0
Sergi Gómez,DEF,es_La_Liga,UEFA,-0.11920691281557083,7.458373147528619e-05,-81909.125,48.125
Andoni Gorosabel,DEF,es_La_Liga,UEFA,-0.17856085300445557,7.458373147528619e-05,-897239.5,341.5
Robin Gosens,DEF,it_Serie_A,UEFA,-0.1269233375787735,7.458373147528619e-05,-914435.0,503.0
Jeffrey Gouweleeuw,DEF,de_Bundesliga,UEFA,-0.12730970978736877,7.458373147528619e-05,-213863.375,117.25
Jonathan Gradit,DEF,fr_Ligue_1,UEFA,-0.20880436897277832,7.458373147528619e-05,-729927.5,233.75
Archie Gray,DEF,eng_Premier_League,UEFA,0.6885597109794617,4.7054607421159744e-05,13984493.0,1340.0
Jacob Greaves,DEF,eng_Premier_League,UEFA,0.7067312598228455,7.458373147528619e-05,7303280.0,1072.0
Gabriel Gudmundsson,DEF,fr_Ligue_1,UEFA,-0.2492792308330536,7.458373147528619e-05,-3003741.0,789.0
Marc Guéhi,DEF,eng_Premier_League,UEFA,0.5800684094429016,7.458373147528619e-05,17708400.0,2992.0
Raphaël Guerreiro,DEF,de_Bundesliga,UEFA,-0.12019138038158417,7.458373147528619e-05,-1047964.0,610.5
Frederic Guilbert,DEF,it_Serie_A,UEFA,-0.1490810364484787,4.7054607421159744e-05,-331047.0,96.25
Robert Gumny,DEF,de_Bundesliga,UEFA,-0.1806911677122116,7.458373147528619e-05,-331044.375,124.375
Christian Günter,DEF,de_Bundesliga,UEFA,-0.09741944819688797,4.7054607421159744e-05,-276241.25,126.0
Malo Gusto,DEF,eng_Premier_League,UEFA,0.5473117232322693,7.458373147528619e-05,16300052.0,2876.0
Miguel Gutiérrez,DEF,es_La_Liga,UEFA,-0.15568268299102783,7.458373147528619e-05,-2469632.0,1090.0
Joško Gvardiol,DEF,eng_Premier_League,UEFA,0.5158429741859436,7.458373147528619e-05,26690960.0,4924.0
Emmanuel Gyasi,DEF,it_Serie_A,CAF,-0.1630105823278427,-0.00017713640409056097,-290788.125,-291.375
Massadio Haïdara,DEF,fr_Ligue_1,CAF,-0.21721023321151733,-0.00011175470717716962,-465243.125,-214.0
Antoine Hainaut,DEF,it_Serie_A,UEFA,-0.17916329205036163,7.458373147528619e-05,-376107.25,142.5
Achraf Hakimi,DEF,fr_Ligue_1,CAF,-0.15051764249801636,-0.00017713640409056097,-9732080.0,-10628.0
Lewis Hall,DEF,eng_Premier_League,UEFA,0.5025973916053772,7.458373147528619e-05,16467780.0,3100.0
Andreas Hanche-Olsen,DEF,de_Bundesliga,UEFA,-0.1924072802066803,7.458373147528619e-05,-1126515.5,394.5
Florent Hanin,DEF,fr_Ligue_1,CAF,-0.24365675449371338,-0.003875388763844967,-146110.5,-2056.4375
Ridgeciano Haps,DEF,it_Serie_A,CONMEBOL,-0.1681867241859436,-0.00017713640409056097,-228760.125,-221.625
Taylor Harwood-Bellis,DEF,eng_Premier_League,UEFA,0.6333253383636475,7.458373147528619e-05,8168211.0,1296.0
Hans Hateboer,DEF,fr_Ligue_1,UEFA,-0.23996707797050476,7.458373147528619e-05,-661398.5,181.5
Jan Paul van Hecke,DEF,eng_Premier_League,UEFA,0.5892441272735596,7.458373147528619e-05,17295068.0,2892.0
Ramon Hendriks,DEF,de_Bundesliga,UEFA,-0.16856831312179565,7.458373147528619e-05,-1016184.0,411.5
Benjamin Henrichs,DEF,de_Bundesliga,UEFA,-0.15694110095500946,7.458373147528619e-05,-1132071.5,495.5
Luis Henrique,DEF,fr_Ligue_1,CONMEBOL,-0.2031584531068802,-0.00017713640409056097,-6171212.0,-4858.0
Mario Hermoso,DEF,de_Bundesliga,UEFA,-0.1589856892824173,7.458373147528619e-05,-1051297.0,454.0
Javi Hernández,DEF,es_La_Liga,UEFA,-0.17789693176746368,7.458373147528619e-05,-654694.5,250.0
Aridane Hernández,DEF,es_La_Liga,UEFA,-0.11567297577857971,0.0016317424597218633,-106372.625,1414.3125
Lucas Hernández,DEF,fr_Ligue_1,UEFA,-0.1547708660364151,4.7054607421159744e-05,-2898546.0,824.0
Theo Hernández,DEF,it_Serie_A,UEFA,-0.1189003512263298,7.458373147528619e-05,-3450430.0,2032.0
Jorge Herrando,DEF,es_La_Liga,UEFA,-0.17864100635051727,7.458373147528619e-05,-1097939.0,417.5
Juan Herzog,DEF,es_La_Liga,UEFA,-0.18918964266777039,7.458373147528619e-05,-259786.0,92.75
Isak Hien,DEF,it_Serie_A,UEFA,-0.11208447068929672,7.458373147528619e-05,-3074746.0,1928.0
Omar El Hilali,DEF,es_La_Liga,CAF,-0.1527540236711502,-0.00011175470717716962,-1495383.0,-1019.0
James Hill,DEF,eng_Premier_League,UEFA,0.6721571087837219,7.458373147528619e-05,2951551.75,449.0
Piero Hincapié,DEF,de_Bundesliga,CONMEBOL,-0.09671683609485626,-0.00017713640409056097,-3681728.0,-6432.0
Ki-Jana Hoever,DEF,fr_Ligue_1,UEFA,-0.24068313837051392,7.458373147528619e-05,-1556740.5,425.5
Emil Holm,DEF,it_Serie_A,UEFA,-0.17943207919597626,7.458373147528619e-05,-1082282.5,409.5
Gerrit Holtmann,DEF,de_Bundesliga,AFC,-0.1704127937555313,-0.00017713640409056097,-306082.125,-292.25
Dean Huijsen,DEF,eng_Premier_League,UEFA,0.5570557713508606,7.458373147528619e-05,23884992.0,4160.0
Mats Hummels,DEF,it_Serie_A,UEFA,-0.08366753160953522,0.0016317424597218633,-122950.0,2297.125
Elseid Hysaj,DEF,it_Serie_A,UEFA,-0.16733047366142273,7.458373147528619e-05,-349895.375,142.875
Jay Idzes,DEF,it_Serie_A,AFC,-0.15840213000774384,-0.00017713640409056097,-1188054.5,-1228.0
Alessio Iovine,DEF,it_Serie_A,UEFA,-0.15507227182388306,0.0005132437217980623,-85964.90625,262.875
Ismaily,DEF,fr_Ligue_1,CONMEBOL,-0.19878482818603516,-0.003875388763844967,-295347.5,-5215.125
Ardian Ismajli,DEF,it_Serie_A,UEFA,-0.17267195880413055,7.458373147528619e-05,-627986.75,248.0
Ko Itakura,DEF,de_Bundesliga,AFC,-0.1439872831106186,-0.00017713640409056097,-1802823.0,-2065.0
Marko Ivezić,DEF,de_Bundesliga,UEFA,-0.1758447289466858,7.458373147528619e-05,-501884.0,194.25
Armando Izzo,DEF,it_Serie_A,UEFA,-0.08660179376602173,7.458373147528619e-05,-126626.875,104.0
Jérémy Jacquet,DEF,fr_Ligue_1,UEFA,-0.23496191203594208,7.458373147528619e-05,-2825382.0,793.0
Reece James,DEF,eng_Premier_League,UEFA,0.6984580159187317,7.458373147528619e-05,14825815.0,2194.0
Dominik Javorček,DEF,de_Bundesliga,UEFA,-0.16262082755565643,4.7054607421159744e-05,-141450.625,37.375
Gaby Jean,DEF,it_Serie_A,UEFA,-0.17989210784435272,7.458373147528619e-05,-417294.0,157.5
Finn Jeltsch,DEF,de_Bundesliga,UEFA,-0.15794996917247772,4.7054607421159744e-05,-3149120.0,878.0
Moritz Jenz,DEF,de_Bundesliga,UEFA,-0.1614862084388733,7.458373147528619e-05,-1244860.5,528.5
Juan Jesus,DEF,it_Serie_A,CONMEBOL,-0.12146496027708054,-0.00017713640409056097,-209989.625,-288.5
Carl Johansson,DEF,de_Bundesliga,UEFA,-0.1735917180776596,7.458373147528619e-05,-137975.625,54.1875
Ben Johnson,DEF,eng_Premier_League,UEFA,0.7201295495033264,7.458373147528619e-05,2920270.0,423.0
Juanpe,DEF,es_La_Liga,UEFA,-0.13712255656719208,7.458373147528619e-05,-99462.75,50.3125
Jubal,DEF,fr_Ligue_1,CONMEBOL,-0.2108381986618042,-0.00017713640409056097,-657095.75,-496.5
Anthony Jung,DEF,de_Bundesliga,UEFA,-0.10454051941633224,7.458373147528619e-05,-154151.875,104.0
Josip Juranović,DEF,de_Bundesliga,UEFA,-0.15363186597824097,7.458373147528619e-05,-429584.25,192.25
David Jurásek,DEF,de_Bundesliga,UEFA,-0.15429435670375824,4.7054607421159744e-05,-562312.25,157.5
James Justin,DEF,eng_Premier_League,UEFA,0.6606859564781189,7.458373147528619e-05,4988222.0,767.0
Christian Kabasele,DEF,it_Serie_A,UEFA,-0.10065429657697678,0.0016317424597218633,-90046.1875,1386.375
Issa Kaboré,DEF,de_Bundesliga,CAF,-0.17016854882240295,-0.00017713640409056097,-624170.75,-596.75
Pavel Kadeřábek,DEF,de_Bundesliga,UEFA,-0.13423649966716766,7.458373147528619e-05,-221081.625,114.5
Ferdi Kadioglu,DEF,eng_Premier_League,UEFA,0.7783093452453613,7.458373147528619e-05,8319192.5,1144.0
Pierre Kalulu,DEF,it_Serie_A,UEFA,-0.13009242713451385,7.458373147528619e-05,-3370496.0,1806.0
Waren Kamanzi,DEF,fr_Ligue_1,UEFA,-0.2798091769218445,7.458373147528619e-05,-1109731.0,255.5
Hassane Kamara,DEF,it_Serie_A,CAF,-0.14555557072162628,-0.00017713640409056097,-421355.0,-477.25
Willy Kambwala,DEF,es_La_Liga,UEFA,-0.1543310284614563,7.458373147528619e-05,-1327063.0,591.5
Jakub Kamiński,DEF,de_Bundesliga,UEFA,-0.17371834814548492,7.458373147528619e-05,-708010.75,277.5
Michael Kayode,DEF,eng_Premier_League,UEFA,0.5893419981002808,7.458373147528619e-05,8066883.0,1348.0
Michael Keane,DEF,eng_Premier_League,UEFA,0.6947923898696899,7.458373147528619e-05,2089503.5,310.5
Thilo Kehrer,DEF,fr_Ligue_1,UEFA,-0.19272065162658691,7.458373147528619e-05,-4404406.0,1540.0
Lloyd Kelly,DEF,eng_Premier_League,UEFA,0.7386875152587891,7.458373147528619e-05,6398867.0,911.0
Lloyd Kelly,DEF,it_Serie_A,UEFA,-0.14980773627758026,7.458373147528619e-05,-2127843.0,980.0
Marc-Oliver Kempf,DEF,it_Serie_A,UEFA,-0.14022399485111237,7.458373147528619e-05,-843594.0,417.0
Milos Kerkez,DEF,eng_Premier_League,UEFA,0.5559288859367371,4.7054607421159744e-05,19515166.0,2184.0
Abdukodir Khusanov,DEF,eng_Premier_League,AFC,0.7386512756347656,-0.00011175470717716962,13415873.0,-2892.0
Abdukodir Khusanov,DEF,fr_Ligue_1,AFC,-0.20295335352420807,-0.00017713640409056097,-2986722.0,-2355.0
Jakub Kiwior,DEF,eng_Premier_League,UEFA,0.7408387660980225,7.458373147528619e-05,10782879.0,1532.0
Lukas Klostermann,DEF,de_Bundesliga,UEFA,-0.1562507003545761,7.458373147528619e-05,-1092964.0,480.5
Robin Koch,DEF,de_Bundesliga,UEFA,-0.12234139442443848,7.458373147528619e-05,-2891720.0,1652.0
Derrick Köhn,DEF,de_Bundesliga,UEFA,-0.1653081476688385,7.458373147528619e-05,-1265851.0,523.5
Dominik Kohr,DEF,de_Bundesliga,UEFA,-0.13557839393615723,7.458373147528619e-05,-454454.75,232.75
Sead Kolašinac,DEF,it_Serie_A,UEFA,-0.09749817848205566,7.458373147528619e-05,-650490.0,472.5
Marco Komenda,DEF,de_Bundesliga,UEFA,-0.18547073006629944,4.7054607421159744e-05,-337097.125,77.25
Ibrahima Konaté,DEF,eng_Premier_League,UEFA,0.4886448383331299,7.458373147528619e-05,22821876.0,4392.0
Geoffrey Kondogbia,DEF,fr_Ligue_1,CAF,-0.2057037055492401,-0.00017713640409056097,-1114839.0,-866.0
Ezri Konsa,DEF,eng_Premier_League,UEFA,0.6272900700569153,7.458373147528619e-05,18324506.0,2928.0
Odilon Kossounou,DEF,it_Serie_A,CAF,-0.13108445703983307,-0.00017713640409056097,-2815220.0,-3566.0
Henri Koudossou,DEF,de_Bundesliga,UEFA,-0.1875116378068924,7.458373147528619e-05,-474060.0,171.0
Konstantinos Koulierakis,DEF,de_Bundesliga,UEFA,-0.13618537783622742,7.458373147528619e-05,-2517042.0,1284.0
Jules Koundé,DEF,es_La_Liga,UEFA,-0.10308390855789185,7.458373147528619e-05,-5045760.0,3456.0
Emil Krafth,DEF,eng_Premier_League,UEFA,0.6075276732444763,4.7054607421159744e-05,1000532.875,102.75
Frans Krätzig,DEF,de_Bundesliga,UEFA,-0.16726016998291016,7.458373147528619e-05,-758136.5,309.75
Ladislav Krejčí,DEF,es_La_Liga,UEFA,-0.17684274911880493,7.458373147528619e-05,-1649119.0,634.0
Rasmus Kristensen,DEF,de_Bundesliga,UEFA,-0.12845182418823242,7.458373147528619e-05,-2893842.0,1570.0
Thomas Kristensen,DEF,it_Serie_A,UEFA,-0.15942415595054626,7.458373147528619e-05,-1149441.5,494.5
Lukas Kübler,DEF,de_Bundesliga,UEFA,-0.10276958346366882,7.458373147528619e-05,-257664.5,177.0
Sael Kumbedi,DEF,fr_Ligue_1,UEFA,-0.23967327177524567,7.458373147528619e-05,-1712856.0,470.5
Marash Kumbulla,DEF,es_La_Liga,UEFA,-0.15469837188720703,7.458373147528619e-05,-1410223.0,627.0
Giorgos Kyriakopoulos,DEF,it_Serie_A,UEFA,-0.1512679010629654,4.7054607421159744e-05,-391568.25,112.0
Maxence Lacroix,DEF,eng_Premier_League,UEFA,0.5490179061889648,7.458373147528619e-05,13104418.0,2306.0
Yoel Lago,DEF,es_La_Liga,UEFA,-0.17290280759334564,4.7054607421159744e-05,-567804.5,140.5
Konrad Laimer,DEF,de_Bundesliga,UEFA,-0.12257052212953568,7.458373147528619e-05,-3906888.0,2230.0
Stefan Lainer,DEF,de_Bundesliga,UEFA,-0.09974218159914017,7.458373147528619e-05,-131968.25,93.625
Kenny Lala,DEF,fr_Ligue_1,CAF,-0.22839942574501038,-0.00017713640409056097,-452349.375,-312.75
Tariq Lamptey,DEF,eng_Premier_League,CAF,0.7700822353363037,-0.00017713640409056097,7122231.5,-2353.0
Toni Lato,DEF,es_La_Liga,UEFA,-0.17546264827251434,4.7054607421159744e-05,-338857.0,82.5
Valentino Lazaro,DEF,it_Serie_A,UEFA,-0.1658731997013092,7.458373147528619e-05,-672153.5,277.25
Darko Lazović,DEF,it_Serie_A,UEFA,-0.08714405447244644,0.0016317424597218633,-75772.75,1356.75
Manuel Lazzari,DEF,it_Serie_A,UEFA,-0.1423308402299881,4.7054607421159744e-05,-521269.75,159.25
Julien Le Cardinal,DEF,fr_Ligue_1,UEFA,-0.2932552397251129,7.458373147528619e-05,-1021001.75,222.75
Robin Le Normand,DEF,es_La_Liga,UEFA,-0.12008203566074371,7.458373147528619e-05,-3618652.0,2110.0
Jordan Lefort,DEF,fr_Ligue_1,UEFA,-0.23003441095352173,7.458373147528619e-05,-525063.375,151.0
Diogo Leite,DEF,de_Bundesliga,UEFA,-0.16161863505840302,7.458373147528619e-05,-1591860.0,675.0
Maxim Leitsch,DEF,de_Bundesliga,UEFA,-0.19758933782577515,7.458373147528619e-05,-380887.0,129.75
Florian Lejeune,DEF,es_La_Liga,UEFA,-0.12750211358070374,7.458373147528619e-05,-335394.75,183.5
Stefan Lekovic,DEF,it_Serie_A,UEFA,-0.1526576429605484,7.458373147528619e-05,-386877.75,174.25
Iñigo Lekue,DEF,es_La_Liga,UEFA,-0.15910372138023376,7.458373147528619e-05,-343813.0,148.25
Clément Lenglet,DEF,es_La_Liga,UEFA,-0.12251128256320953,7.458373147528619e-05,-1267422.0,724.0
Giovanni Leoni,DEF,it_Serie_A,UEFA,-0.16226576268672943,7.458373147528619e-05,-1703806.0,720.0
Rico Lewis,DEF,eng_Premier_League,UEFA,0.5807559490203857,7.458373147528619e-05,18372690.0,3104.0
Keane Lewis-Potter,DEF,eng_Premier_League,UEFA,0.5836902260780334,7.458373147528619e-05,14505110.0,2440.0
Myles Lewis-Skelly,DEF,eng_Premier_League,UEFA,0.6263387203216553,7.458373147528619e-05,18858414.0,3012.0
Philipp Lienhart,DEF,de_Bundesliga,UEFA,-0.14379289746284485,7.458373147528619e-05,-1780356.0,856.0
Matthijs de Ligt,DEF,eng_Premier_League,UEFA,0.6905504465103149,7.458373147528619e-05,14270965.0,2128.0
Victor Lindelöf,DEF,eng_Premier_League,UEFA,0.7408284544944763,4.7054607421159744e-05,4090276.5,365.0
Pol Lirola,DEF,fr_Ligue_1,UEFA,-0.2501727044582367,7.458373147528619e-05,-1000733.25,261.75
Valentino Livramento,DEF,eng_Premier_League,UEFA,0.5216584205627441,7.458373147528619e-05,14734116.0,2696.0
Diego Llorente,DEF,es_La_Liga,UEFA,-0.13092154264450073,7.458373147528619e-05,-662789.0,352.5
Marcos Llorente,DEF,es_La_Liga,UEFA,-0.11107012629508972,7.458373147528619e-05,-1783315.0,1129.0
Gautier Lloris,DEF,fr_Ligue_1,UEFA,-0.212147057056427,7.458373147528619e-05,-516153.75,162.5
David López,DEF,es_La_Liga,UEFA,-0.13732296228408813,0.0016317424597218633,-186333.5,2063.875
Javi López,DEF,es_La_Liga,UEFA,-0.1729949712753296,4.7054607421159744e-05,-1096154.0,271.0
Tom Louchet,DEF,fr_Ligue_1,UEFA,-0.28383874893188477,7.458373147528619e-05,-1247236.25,282.75
Jhon Lucumí,DEF,it_Serie_A,CONMEBOL,-0.12967261672019958,-0.00017713640409056097,-2960950.0,-3794.0
José Luis Palomino,DEF,it_Serie_A,CONMEBOL,-0.13421550393104553,-0.003875388763844967,-92066.8125,-2489.0
Castello Lukeba,DEF,de_Bundesliga,UEFA,-0.13963072001934052,7.458373147528619e-05,-2779602.0,1380.0
Sebastiano Luperto,DEF,it_Serie_A,UEFA,-0.16715694963932037,7.458373147528619e-05,-909443.0,371.5
Charalambos Lykogiannis,DEF,it_Serie_A,UEFA,-0.15316767990589142,7.458373147528619e-05,-362537.25,162.75
Ian Maatsen,DEF,eng_Premier_League,UEFA,0.6737683415412903,7.458373147528619e-05,12089542.0,1834.0
Deiver Machado,DEF,fr_Ligue_1,CONMEBOL,-0.22912658751010895,-0.00017713640409056097,-809627.5,-557.75
Yvann Macon,DEF,fr_Ligue_1,UEFA,-0.22691085934638977,4.7054607421159744e-05,-438126.5,80.375
Pablo Maffeo,DEF,es_La_Liga,UEFA,-0.1572941243648529,7.458373147528619e-05,-951329.5,415.5
Giangiacomo Magnani,DEF,it_Serie_A,UEFA,-0.17522162199020386,7.458373147528619e-05,-347870.0,135.125
Harry Maguire,DEF,eng_Premier_League,UEFA,0.7085162401199341,7.458373147528619e-05,4297104.0,630.0
Patrick Mainka,DEF,de_Bundesliga,UEFA,-0.12579910457134247,7.458373147528619e-05,-401339.5,222.75
Ainsley Maitland-Niles,DEF,fr_Ligue_1,UEFA,-0.21201229095458984,7.458373147528619e-05,-2981968.0,939.0
Jordy Makengo,DEF,de_Bundesliga,UEFA,-0.1646178662776947,4.7054607421159744e-05,-728028.5,190.0
Nikola Maksimović,DEF,fr_Ligue_1,UEFA,-0.18979625403881073,4.7054607421159744e-05,-153525.5,34.375
Julián Malatini,DEF,de_Bundesliga,CONMEBOL,-0.19042479991912842,-0.00017713640409056097,-645596.75,-546.0
Gianluca Mancini,DEF,it_Serie_A,UEFA,-0.12456798553466797,7.458373147528619e-05,-2308446.0,1294.0
Reinildo Mandava,DEF,es_La_Liga,CAF,-0.15259018540382385,-0.00017713640409056097,-525770.25,-565.75
Aïssa Mandi,DEF,fr_Ligue_1,CAF,-0.19460439682006836,-0.00017713640409056097,-283651.25,-234.25
Ryan Manning,DEF,eng_Premier_League,UEFA,0.7124775052070618,7.458373147528619e-05,2072280.875,302.5
Javier Manquillo,DEF,es_La_Liga,UEFA,-0.1683475524187088,4.7054607421159744e-05,-326409.875,83.25
Alessandro Marcandalli,DEF,it_Serie_A,UEFA,-0.1831405609846115,7.458373147528619e-05,-431602.0,159.75
Marcão,DEF,es_La_Liga,CONMEBOL,-0.18609191477298737,-0.00011175470717716962,-321466.125,-175.375
Óscar de Marcos,DEF,es_La_Liga,UEFA,-0.11753281950950623,0.0016317424597218633,-190540.5,2490.875
Pablo Marí,DEF,it_Serie_A,UEFA,-0.14801427721977234,7.458373147528619e-05,-389427.5,181.5
Pablo Marí,DEF,it_Serie_A,UEFA,-0.15269750356674194,4.7054607421159744e-05,-578868.5,164.0
José María Giménez,DEF,es_La_Liga,CONMEBOL,-0.139771968126297,-0.00017713640409056097,-1498227.0,-1772.0
Luca Marianucci,DEF,it_Serie_A,UEFA,-0.15853339433670044,7.458373147528619e-05,-705878.25,305.75
Guillermo Maripán,DEF,it_Serie_A,CONMEBOL,-0.14736711978912354,-0.00017713640409056097,-448284.75,-500.75
Mika Mármol,DEF,es_La_Liga,UEFA,-0.1619919240474701,7.458373147528619e-05,-972656.0,411.5
Marquinhos,DEF,fr_Ligue_1,CONMEBOL,-0.12278582900762558,-0.00017713640409056097,-3139788.0,-4264.0
Aarón Martín,DEF,it_Serie_A,UEFA,-0.16446372866630554,7.458373147528619e-05,-1079132.5,449.0
Gerard Martín,DEF,es_La_Liga,UEFA,-0.13381417095661163,7.458373147528619e-05,-1155767.5,600.5
Jon Martin,DEF,es_La_Liga,UEFA,-0.15723393857479095,7.458373147528619e-05,-1185805.5,518.0
Arnau Martinez,DEF,es_La_Liga,UEFA,-0.16015148162841797,7.458373147528619e-05,-1588817.0,680.0
Iñigo Martínez,DEF,es_La_Liga,UEFA,-0.09976065158843994,7.458373147528619e-05,-609086.0,432.0
Lisandro Martínez,DEF,eng_Premier_League,CONMEBOL,0.7237825989723206,-0.00017713640409056097,16082567.0,-5538.0
Lucas Martínez Quarta,DEF,it_Serie_A,CONMEBOL,-0.17290067672729492,-0.00017713640409056097,-1347077.5,-1266.0
Adam Marušić,DEF,it_Serie_A,UEFA,-0.14901681244373322,7.458373147528619e-05,-567845.25,263.0
Adam Masina,DEF,it_Serie_A,CAF,-0.15397632122039795,-0.00017713640409056097,-356670.0,-380.0
Erhan Mašović,DEF,de_Bundesliga,UEFA,-0.1715710312128067,7.458373147528619e-05,-306504.0,121.75
Clinton Mata,DEF,fr_Ligue_1,CAF,-0.19639460742473602,-0.00017713640409056097,-793176.5,-648.5
Chrislain Matsima,DEF,de_Bundesliga,UEFA,-0.1535661220550537,7.458373147528619e-05,-2275643.0,1020.0
Alan Matturro,DEF,it_Serie_A,CONMEBOL,-0.16039015352725983,-0.00017713640409056097,-667564.75,-680.75
Konstantinos Mavropanos,DEF,eng_Premier_League,UEFA,0.7379686832427979,7.458373147528619e-05,10220562.0,1456.0
Christian Mawissa,DEF,fr_Ligue_1,UEFA,-0.2188897430896759,7.458373147528619e-05,-3671292.0,1116.0
Noussair Mazraoui,DEF,eng_Premier_League,CAF,0.7057545781135559,-0.00017713640409056097,13010210.0,-4560.0
Pasquale Mazzocchi,DEF,it_Serie_A,UEFA,-0.1565113663673401,7.458373147528619e-05,-547074.0,240.0
Scott McKenna,DEF,es_La_Liga,UEFA,-0.17122487723827362,7.458373147528619e-05,-850734.5,338.5
Mark McKenzie,DEF,fr_Ligue_1,CONCACAF,-0.2264334261417389,-0.00017713640409056097,-2247056.0,-1569.0
Jakov Medić,DEF,de_Bundesliga,UEFA,-0.19619858264923096,7.458373147528619e-05,-433601.875,148.875
Facundo Medina,DEF,fr_Ligue_1,CONMEBOL,-0.2116667628288269,-0.00017713640409056097,-4237186.0,-3188.0
Bamo Meïté,DEF,fr_Ligue_1,CAF,-0.22076299786567688,-0.00011175470717716962,-621707.0,-280.75
Nuno Mendes,DEF,fr_Ligue_1,UEFA,-0.14841841161251068,7.458373147528619e-05,-9078440.0,4220.0
Antoine Mendy,DEF,fr_Ligue_1,CAF,-0.2702958881855011,-0.00017713640409056097,-1203125.0,-687.75
Ferland Mendy,DEF,es_La_Liga,UEFA,-0.15432755649089813,4.7054607421159744e-05,-1369135.5,383.5
Gideon Mensah,DEF,fr_Ligue_1,CAF,-0.24951784312725067,-0.00017713640409056097,-1445876.0,-905.5
Quentin Merlin,DEF,fr_Ligue_1,UEFA,-0.19387896358966827,7.458373147528619e-05,-3923166.0,1364.0
Rafik Messali,DEF,fr_Ligue_1,UEFA,-0.3051190972328186,7.458373147528619e-05,-536271.125,111.75
Karol Mets,DEF,de_Bundesliga,UEFA,-0.14776676893234253,7.458373147528619e-05,-257765.5,120.375
Thomas Meunier,DEF,fr_Ligue_1,UEFA,-0.2044084370136261,7.458373147528619e-05,-406473.25,133.375
Nikola Milenković,DEF,eng_Premier_League,UEFA,0.6140204668045044,7.458373147528619e-05,13267385.0,2152.0
Éder Militão,DEF,es_La_Liga,CONMEBOL,-0.13352134823799133,-0.00017713640409056097,-2698682.0,-3352.0
Kim Min-jae,DEF,de_Bundesliga,AFC,-0.12052354216575623,-0.00017713640409056097,-5655396.0,-7832.0
Yerry Mina,DEF,it_Serie_A,CONMEBOL,-0.14856816828250885,-0.00017713640409056097,-465091.0,-515.0
Lucas Mincarelli,DEF,fr_Ligue_1,UEFA,-0.2452034056186676,7.458373147528619e-05,-378821.375,101.375
Tyrone Mings,DEF,eng_Premier_League,UEFA,0.5760572552680969,7.458373147528619e-05,3280296.5,557.0
Juan Miranda,DEF,it_Serie_A,UEFA,-0.1341424584388733,4.7054607421159744e-05,-1892854.0,628.0
Tyrick Mitchell,DEF,eng_Premier_League,UEFA,0.6541993021965027,7.458373147528619e-05,11490994.0,1780.0
Maximilian Mittelstädt,DEF,de_Bundesliga,UEFA,-0.13318122923374176,7.458373147528619e-05,-2689248.0,1404.0
Rui Modesto,DEF,it_Serie_A,CAF,-0.1894652247428894,-0.00017713640409056097,-360986.625,-307.0
Johan Mojica,DEF,es_La_Liga,CONMEBOL,-0.1402745544910431,-0.00017713640409056097,-289747.75,-341.25
Nahuel Molina,DEF,es_La_Liga,CONMEBOL,-0.14829494059085846,-0.00017713640409056097,-1791428.0,-1988.0
Morato,DEF,eng_Premier_League,CONMEBOL,0.6453210711479187,-0.00017713640409056097,6597739.5,-2462.0
Diego Moreira,DEF,fr_Ligue_1,UEFA,-0.2190340757369995,7.458373147528619e-05,-5090766.0,1546.0
Alberto Moreno,DEF,it_Serie_A,UEFA,-0.16067786514759064,4.7054607421159744e-05,-307187.125,82.375
Álex Moreno,DEF,eng_Premier_League,UEFA,0.7109743356704712,4.7054607421159744e-05,2722061.0,250.0
Mateu Morey,DEF,es_La_Liga,UEFA,-0.15049806237220764,7.458373147528619e-05,-237780.25,108.875
Cristhian Mosquera,DEF,es_La_Liga,UEFA,-0.13532742857933044,7.458373147528619e-05,-3109876.0,1596.0
Yerson Mosquera,DEF,eng_Premier_League,CONMEBOL,0.6980658173561096,-0.00017713640409056097,5714788.5,-2017.0
Santiago Mouriño,DEF,es_La_Liga,CONMEBOL,-0.16860972344875336,-0.00017713640409056097,-866597.0,-837.0
Nordi Mukiele,DEF,de_Bundesliga,UEFA,-0.14066289365291595,7.458373147528619e-05,-1491166.0,735.0
Abdul Mumin,DEF,es_La_Liga,CAF,-0.16401341557502747,-0.00017713640409056097,-1247457.0,-1242.0
Aihen Muñoz,DEF,es_La_Liga,UEFA,-0.17517246305942535,4.7054607421159744e-05,-499347.5,122.0
Álex Muñoz,DEF,es_La_Liga,UEFA,-0.1500934511423111,7.458373147528619e-05,-187355.0,86.0
Daniel Muñoz,DEF,eng_Premier_League,CONMEBOL,0.616068959236145,-0.00017713640409056097,11248827.0,-4338.0
Murillo,DEF,eng_Premier_League,CONMEBOL,0.5982365012168884,-0.00017713640409056097,19172526.0,-7552.0
Phillipp Mwene,DEF,de_Bundesliga,UEFA,-0.12623171508312225,7.458373147528619e-05,-387729.5,214.5
Vitaliy Mykolenko,DEF,eng_Premier_League,UEFA,0.6806350350379944,7.458373147528619e-05,12147248.0,1830.0
Joakim Mæhle,DEF,de_Bundesliga,UEFA,-0.1564481556415558,7.458373147528619e-05,-1481422.0,651.0
Stanley N'Soki,DEF,de_Bundesliga,UEFA,-0.1819256693124771,4.7054607421159744e-05,-591314.5,138.5
Mickael Nade,DEF,fr_Ligue_1,UEFA,-0.25678491592407227,7.458373147528619e-05,-876756.75,222.75
Mahamadou Nagida,DEF,fr_Ligue_1,CAF,-0.2951239347457886,-0.00017713640409056097,-502140.125,-259.5
Matija Nastasić,DEF,es_La_Liga,UEFA,-0.14698709547519684,4.7054607421159744e-05,-254780.5,75.25
Natan,DEF,es_La_Liga,CONMEBOL,-0.166417196393013,-0.00017713640409056097,-2471860.0,-2422.0
Pau Navarro,DEF,es_La_Liga,UEFA,-0.15213438868522644,4.7054607421159744e-05,-640707.25,182.0
Youssouf Ndayishimiye,DEF,fr_Ligue_1,CAF,-0.21225395798683167,-0.00017713640409056097,-4337798.0,-3254.0
Kosta Nedeljković,DEF,de_Bundesliga,UEFA,-0.16028164327144623,7.458373147528619e-05,-908523.5,388.5
Loïc Nego,DEF,fr_Ligue_1,UEFA,-0.24698299169540405,0.0016317424597218633,-167431.5,974.375
David Nemeth,DEF,de_Bundesliga,UEFA,-0.16438964009284973,7.458373147528619e-05,-767593.0,319.5
Luca Netz,DEF,de_Bundesliga,UEFA,-0.15719062089920044,7.458373147528619e-05,-888073.0,388.0
Moussa Niakhate,DEF,fr_Ligue_1,CAF,-0.20387107133865356,-0.00017713640409056097,-3696301.0,-2900.0
Tanguy Nianzou,DEF,es_La_Liga,UEFA,-0.17169056832790375,7.458373147528619e-05,-708966.25,281.5
Rasmus Nicolaisen,DEF,fr_Ligue_1,UEFA,-0.2707520127296448,7.458373147528619e-05,-1170536.0,280.0
Niels Nkounkou,DEF,de_Bundesliga,UEFA,-0.1639656275510788,7.458373147528619e-05,-573066.75,239.25
Brooke Norton-Cuffy,DEF,it_Serie_A,UEFA,-0.182631716132164,7.458373147528619e-05,-528477.75,196.0
Matheus Nunes,DEF,eng_Premier_League,UEFA,0.6157508492469788,7.458373147528619e-05,14059245.0,2274.0
Unai Núñez,DEF,es_La_Liga,UEFA,-0.18627141416072845,7.458373147528619e-05,-653768.75,237.5
Allan Nyom,DEF,es_La_Liga,CAF,-0.1477840691804886,-0.003875388763844967,-73334.125,-1788.09375
Jake O'Brien,DEF,eng_Premier_League,UEFA,0.7279887795448303,7.458373147528619e-05,6340104.0,912.0
Dara O'Shea,DEF,eng_Premier_League,UEFA,0.6780484318733215,7.458373147528619e-05,6492105.5,981.0
Adam Obert,DEF,it_Serie_A,UEFA,-0.17579099535942078,7.458373147528619e-05,-637981.5,247.0
Tim Oermann,DEF,de_Bundesliga,UEFA,-0.1591525822877884,4.7054607421159744e-05,-718971.0,194.75
Caleb Okoli,DEF,eng_Premier_League,UEFA,0.6644645929336548,7.458373147528619e-05,2928958.5,448.5
Joseph Okumu,DEF,fr_Ligue_1,CAF,-0.2579159140586853,-0.00017713640409056097,-1400934.0,-844.5
Lucas Oliveira Rosa,DEF,es_La_Liga,CONMEBOL,-0.13697141408920288,-0.00017713640409056097,-227751.875,-275.25
Mathías Olivera,DEF,it_Serie_A,CONMEBOL,-0.11241418123245239,-0.00017713640409056097,-2667842.0,-3978.0
Becir Omeragic,DEF,fr_Ligue_1,UEFA,-0.23448407649993896,7.458373147528619e-05,-1179511.0,332.0
Andrew Omobamidele,DEF,fr_Ligue_1,UEFA,-0.20098330080509186,4.7054607421159744e-05,-1817329.5,381.5
Christopher Operi,DEF,fr_Ligue_1,CAF,-0.26765477657318115,-0.00017713640409056097,-788677.0,-455.75
Fredrik Oppegard,DEF,fr_Ligue_1,UEFA,-0.2777556777000427,7.458373147528619e-05,-340159.5,79.125
Willi Orban,DEF,de_Bundesliga,UEFA,-0.07910992950201035,7.458373147528619e-05,-408141.0,368.5
Ivan Ordets,DEF,de_Bundesliga,UEFA,-0.1425025314092636,7.458373147528619e-05,-195864.375,95.125
Ángel Ortíz,DEF,es_La_Liga,UEFA,-0.15667153894901276,4.7054607421159744e-05,-703014.5,193.75
Gabriel Osho,DEF,fr_Ligue_1,CAF,-0.26698169112205505,-0.00017713640409056097,-1540008.0,-892.5
Kassoum Ouattara,DEF,fr_Ligue_1,UEFA,-0.24529917538166046,7.458373147528619e-05,-1177642.0,315.0
Cenk Özkacar,DEF,es_La_Liga,UEFA,-0.17669203877449036,7.458373147528619e-05,-293340.5,113.0
Nico O’Reilly,DEF,eng_Premier_League,UEFA,0.6555076241493225,7.458373147528619e-05,9434991.0,1460.0
Jon Pacheco,DEF,es_La_Liga,UEFA,-0.17254777252674103,7.458373147528619e-05,-517912.0,204.5
Willian Pacho,DEF,fr_Ligue_1,CONMEBOL,-0.12190055102109909,-0.00017713640409056097,-6750236.0,-9240.0
Tomás Palacios,DEF,it_Serie_A,CONMEBOL,-0.15298141539096832,-0.00017713640409056097,-446637.5,-479.5
Nicolas Pallois,DEF,fr_Ligue_1,UEFA,-0.2409708946943283,0.0016317424597218633,-142187.15625,850.78125
Aitor Paredes,DEF,es_La_Liga,UEFA,-0.1568472534418106,7.458373147528619e-05,-2330615.0,1021.0
Fabiano Parisi,DEF,it_Serie_A,UEFA,-0.17577412724494934,7.458373147528619e-05,-1073601.0,415.5
Felix Passlack,DEF,de_Bundesliga,UEFA,-0.164142444729805,7.458373147528619e-05,-521411.5,217.25
Patric,DEF,it_Serie_A,UEFA,-0.15402346849441528,7.458373147528619e-05,-481472.25,215.0
Nathan Patterson,DEF,eng_Premier_League,UEFA,0.7983763217926025,7.458373147528619e-05,5953890.5,805.0
Benjamin Pavard,DEF,it_Serie_A,UEFA,-0.14146269857883453,7.458373147528619e-05,-2487341.0,1217.0
Strahinja Pavlović,DEF,it_Serie_A,UEFA,-0.1386839598417282,7.458373147528619e-05,-2252392.0,1126.0
Marcus Pedersen,DEF,it_Serie_A,UEFA,-0.1838088482618332,7.458373147528619e-05,-593042.5,218.75
Alfonso Pedraza,DEF,es_La_Liga,UEFA,-0.16418759524822235,7.458373147528619e-05,-604624.75,252.25
Adrià Pedrosa,DEF,es_La_Liga,UEFA,-0.17896270751953125,7.458373147528619e-05,-935965.5,355.5
Luca Pellegrini,DEF,it_Serie_A,UEFA,-0.15302997827529907,7.458373147528619e-05,-952260.5,428.5
Timothee Pembele,DEF,fr_Ligue_1,UEFA,-0.273928165435791,7.458373147528619e-05,-672800.5,159.0
Pedro Pereira,DEF,it_Serie_A,UEFA,-0.16629140079021454,7.458373147528619e-05,-481054.5,197.75
Ricardo Pereira,DEF,eng_Premier_League,UEFA,0.7376090288162231,7.458373147528619e-05,1564352.25,223.0
Luis Pérez,DEF,es_La_Liga,UEFA,-0.1523468792438507,4.7054607421159744e-05,-245242.5,69.625
Romain Perraud,DEF,es_La_Liga,UEFA,-0.17259767651557922,4.7054607421159744e-05,-1106014.5,274.5
Léo Pétrot,DEF,fr_Ligue_1,UEFA,-0.23842164874076843,7.458373147528619e-05,-477354.5,131.875
Giuseppe Pezzella,DEF,it_Serie_A,UEFA,-0.1627000868320465,7.458373147528619e-05,-641621.25,270.0
Amos Pieper,DEF,de_Bundesliga,UEFA,-0.18445980548858643,7.458373147528619e-05,-987253.0,362.5
Ethan Pinnock,DEF,eng_Premier_League,CONCACAF,0.6648560762405396,-0.00017713640409056097,3485591.0,-1273.0
Marin Pongračić,DEF,it_Serie_A,UEFA,-0.1544751673936844,7.458373147528619e-05,-1683472.0,750.0
Pedro Porro,DEF,eng_Premier_League,UEFA,0.6455795764923096,7.458373147528619e-05,16347448.0,2556.0
Stefan Posch,DEF,it_Serie_A,UEFA,-0.16618278622627258,7.458373147528619e-05,-1033103.0,425.0
Stefan Posch,DEF,it_Serie_A,UEFA,-0.16966184973716736,7.458373147528619e-05,-1246117.0,501.5
Alexander Prass,DEF,de_Bundesliga,UEFA,-0.1673206090927124,7.458373147528619e-05,-762531.5,311.25
Tymoteusz Puchacz,DEF,de_Bundesliga,UEFA,-0.16851550340652466,4.7054607421159744e-05,-307062.75,78.25
Jarell Quansah,DEF,eng_Premier_League,UEFA,0.6863991618156433,7.458373147528619e-05,10241661.0,1534.0
Leopold Querfeld,DEF,de_Bundesliga,UEFA,-0.17297661304473877,7.458373147528619e-05,-1149213.5,453.0
Antonio Raillo,DEF,es_La_Liga,UEFA,-0.14312277734279633,7.458373147528619e-05,-309740.25,149.75
Benito Ramírez,DEF,es_La_Liga,UEFA,-0.18060488998889923,4.7054607421159744e-05,-156175.8125,36.875
Luca Ranieri,DEF,it_Serie_A,UEFA,-0.13092057406902313,7.458373147528619e-05,-2319660.0,1233.0
Lilian Raolisoa,DEF,fr_Ligue_1,UEFA,-0.29312533140182495,7.458373147528619e-05,-548606.5,119.875
Andrei Ratiu,DEF,es_La_Liga,UEFA,-0.1524128019809723,7.458373147528619e-05,-2427392.0,1097.0
David Raum,DEF,de_Bundesliga,UEFA,-0.15245458483695984,7.458373147528619e-05,-1473309.0,665.0
Devyne Rensch,DEF,it_Serie_A,UEFA,-0.13992908596992493,7.458373147528619e-05,-1376418.0,682.0
Chris Richards,DEF,eng_Premier_League,CONCACAF,0.7119553685188293,-0.00017713640409056097,8536142.0,-2973.0
Diego Rico,DEF,es_La_Liga,UEFA,-0.14077243208885193,4.7054607421159744e-05,-299125.5,92.375
Mihailo Ristić,DEF,es_La_Liga,UEFA,-0.17092904448509216,4.7054607421159744e-05,-269722.25,67.625
Lars Ritzka,DEF,de_Bundesliga,UEFA,-0.19010969996452332,7.458373147528619e-05,-338861.625,120.5
Andrew Robertson,DEF,eng_Premier_League,UEFA,0.48887816071510315,7.458373147528619e-05,6860264.0,1320.0
Antonee Robinson,DEF,eng_Premier_League,CONCACAF,0.6324737668037415,-0.00017713640409056097,13977949.0,-5290.0
Javi Rodríguez,DEF,es_La_Liga,UEFA,-0.13593897223472595,7.458373147528619e-05,-2363158.0,1207.0
Ricardo Rodríguez,DEF,es_La_Liga,UEFA,-0.08436739444732666,7.458373147528619e-05,-160170.75,135.375
Mads Roerslev,DEF,eng_Premier_League,UEFA,0.7332353591918945,7.458373147528619e-05,7029825.0,1007.0
Mads Roerslev,DEF,de_Bundesliga,UEFA,-0.17383165657520294,4.7054607421159744e-05,-1079681.5,265.5
Alessio Romagnoli,DEF,it_Serie_A,UEFA,-0.13349801301956177,7.458373147528619e-05,-1159347.0,603.5
Carlos Romero,DEF,es_La_Liga,UEFA,-0.16671445965766907,7.458373147528619e-05,-964754.0,395.5
Cristian Romero,DEF,eng_Premier_League,CONMEBOL,0.6752360463142395,-0.00017713640409056097,18525976.0,-6696.0
Lasse Rosenboom,DEF,de_Bundesliga,UEFA,-0.16551227867603302,7.458373147528619e-05,-387089.25,160.0
Max Rosenfelder,DEF,de_Bundesliga,UEFA,-0.163490891456604,7.458373147528619e-05,-1419703.5,594.5
Valentin Rosier,DEF,es_La_Liga,UEFA,-0.1803227663040161,7.458373147528619e-05,-688292.75,259.25
Tom Rothe,DEF,de_Bundesliga,UEFA,-0.14677616953849792,7.458373147528619e-05,-1138373.5,536.0
Anthony Rouault,DEF,fr_Ligue_1,UEFA,-0.22697165608406067,7.458373147528619e-05,-2708732.0,790.0
Anthony Rouault,DEF,de_Bundesliga,UEFA,-0.16255807876586914,7.458373147528619e-05,-2054664.0,866.0
Amir Rrahmani,DEF,it_Serie_A,UEFA,-0.10434380173683167,7.458373147528619e-05,-1578908.0,1068.0
Antonio Rüdiger,DEF,es_La_Liga,UEFA,-0.049023937433958054,7.458373147528619e-05,-721366.0,1068.0
Matteo Ruggeri,DEF,it_Serie_A,UEFA,-0.1308838576078415,7.458373147528619e-05,-2849044.0,1516.0
Aitor Ruibal,DEF,es_La_Liga,UEFA,-0.16254188120365143,7.458373147528619e-05,-807760.5,340.5
Julian Ryerson,DEF,de_Bundesliga,UEFA,-0.12818825244903564,7.458373147528619e-05,-2657154.0,1446.0
Youssouf Sabaly,DEF,es_La_Liga,CAF,-0.14486050605773926,-0.00017713640409056097,-418327.0,-476.25
Stefano Sabelli,DEF,it_Serie_A,UEFA,-0.11821954697370529,4.7054607421159744e-05,-214163.0,79.75
Falaye Sacko,DEF,fr_Ligue_1,CAF,-0.19135154783725739,-0.00011175470717716962,-361419.125,-191.25
Alexis Saelemaekers,DEF,it_Serie_A,UEFA,-0.12242864817380905,7.458373147528619e-05,-2812478.0,1606.0
Modibo Sagnan,DEF,fr_Ligue_1,CAF,-0.23274961113929749,-0.00017713640409056097,-833018.25,-563.75
Théo Sainte-Luce,DEF,fr_Ligue_1,UEFA,-0.248257577419281,7.458373147528619e-05,-445840.5,117.625
Kike Salas,DEF,es_La_Liga,UEFA,-0.1659030318260193,7.458373147528619e-05,-1584595.0,654.0
William Saliba,DEF,eng_Premier_League,UEFA,0.493469774723053,7.458373147528619e-05,25238048.0,4820.0
Mohammed Salisu,DEF,fr_Ligue_1,CAF,-0.1887267678976059,-0.00017713640409056097,-2253064.0,-1925.0
Yoann Salmier,DEF,fr_Ligue_1,CONMEBOL,-0.2367253303527832,-0.00017713640409056097,-317549.75,-211.0
Junior Sambia,DEF,it_Serie_A,UEFA,-0.17772553861141205,7.458373147528619e-05,-289242.0,110.625
Javi Sánchez,DEF,es_La_Liga,UEFA,-0.17302969098091125,7.458373147528619e-05,-485859.0,191.5
Manu Sánchez,DEF,es_La_Liga,UEFA,-0.16861993074417114,7.458373147528619e-05,-1149711.0,465.5
Arouna Sangante,DEF,fr_Ligue_1,CAF,-0.2347928285598755,-0.00017713640409056097,-1670625.5,-1120.0
Nhoa Sangui,DEF,fr_Ligue_1,UEFA,-0.2658311426639557,4.7054607421159744e-05,-798554.25,122.5
Tiago Santos,DEF,fr_Ligue_1,UEFA,-0.20870329439640045,7.458373147528619e-05,-2533441.0,812.0
Malang Sarr,DEF,fr_Ligue_1,UEFA,-0.26790300011634827,7.458373147528619e-05,-1608983.5,389.5
Mamadou Sarr,DEF,fr_Ligue_1,UEFA,-0.20673198997974396,7.458373147528619e-05,-5003558.0,1620.0
Nicolò Savona,DEF,it_Serie_A,UEFA,-0.15044838190078735,7.458373147528619e-05,-2397338.0,1098.0
Joe Scally,DEF,de_Bundesliga,CONCACAF,-0.1379595845937729,-0.00017713640409056097,-1802676.0,-2162.0
Giorgio Scalvini,DEF,it_Serie_A,UEFA,-0.13278575241565704,7.458373147528619e-05,-2466536.0,1292.0
Oliver Scarles,DEF,eng_Premier_League,UEFA,0.7415134906768799,7.458373147528619e-05,4735933.0,673.0
Fabian Schär,DEF,eng_Premier_League,UEFA,0.5278401374816895,7.458373147528619e-05,3185765.0,578.0
Joël Schingtienne,DEF,it_Serie_A,UEFA,-0.16055922210216522,4.7054607421159744e-05,-463418.75,124.5
Keven Schlotterbeck,DEF,de_Bundesliga,UEFA,-0.17987483739852905,7.458373147528619e-05,-788319.25,297.5
Nico Schlotterbeck,DEF,de_Bundesliga,UEFA,-0.1328197866678238,7.458373147528619e-05,-4370440.0,2290.0
Aleksandar Sedlar,DEF,es_La_Liga,UEFA,-0.16047127544879913,4.7054607421159744e-05,-83999.9375,22.5625
Alidu Seidu,DEF,fr_Ligue_1,CAF,-0.2541968822479248,-0.00017713640409056097,-1436117.5,-880.0
Hiroki Sekine,DEF,fr_Ligue_1,AFC,-0.24526390433311462,-0.00011175470717716962,-489237.625,-196.375
Nélson Semedo,DEF,eng_Premier_League,UEFA,0.6209949851036072,7.458373147528619e-05,2986672.5,480.0
Marcos Senesi,DEF,eng_Premier_League,CONMEBOL,0.7028940320014954,-0.00017713640409056097,10369795.0,-3644.0
Stephan El Shaarawy,DEF,it_Serie_A,UEFA,-0.11973466724157333,7.458373147528619e-05,-398221.75,232.75
Luke Shaw,DEF,eng_Premier_League,UEFA,0.7853893041610718,4.7054607421159744e-05,5782047.5,507.0
Djibril Sidibé,DEF,fr_Ligue_1,UEFA,-0.22754336893558502,7.458373147528619e-05,-415884.75,121.0
Tim Siersleben,DEF,de_Bundesliga,UEFA,-0.175339013338089,7.458373147528619e-05,-486237.5,188.75
Kiliann Sildillia,DEF,de_Bundesliga,UEFA,-0.1561541110277176,7.458373147528619e-05,-1166544.0,513.5
Wilfried Singo,DEF,fr_Ligue_1,CAF,-0.20705945789813995,-0.00017713640409056097,-6174072.0,-4760.0
Robert Skov,DEF,de_Bundesliga,UEFA,-0.18687336146831512,7.458373147528619e-05,-575278.0,208.25
Milan Škriniar,DEF,fr_Ligue_1,UEFA,-0.16628536581993103,7.458373147528619e-05,-2182642.0,897.0
Adam Smith,DEF,eng_Premier_League,UEFA,0.38642507791519165,0.0016317424597218633,336528.875,1711.9375
Eric Smith,DEF,de_Bundesliga,UEFA,-0.177767813205719,7.458373147528619e-05,-944577.0,361.0
Ivan Smolčić,DEF,it_Serie_A,UEFA,-0.18593071401119232,7.458373147528619e-05,-934031.0,340.0
Oumar Solet,DEF,it_Serie_A,UEFA,-0.16975004971027374,7.458373147528619e-05,-1706017.0,686.0
Borna Sosa,DEF,it_Serie_A,UEFA,-0.1770898401737213,7.458373147528619e-05,-637222.25,244.75
Saidou Sow,DEF,fr_Ligue_1,CAF,-0.24601055681705475,-0.00017713640409056097,-1325164.5,-843.0
Saidou Sow,DEF,fr_Ligue_1,CAF,-0.21625760197639465,-0.00017713640409056097,-1375500.5,-1011.0
Djed Spence,DEF,eng_Premier_League,UEFA,0.7447434067726135,7.458373147528619e-05,12291740.0,1740.0
Leonardo Spinazzola,DEF,it_Serie_A,UEFA,-0.10270123183727264,7.458373147528619e-05,-504710.0,347.5
Josip Stanišić,DEF,de_Bundesliga,UEFA,-0.12463754415512085,7.458373147528619e-05,-4841524.0,2712.0
Carl Starfelt,DEF,es_La_Liga,UEFA,-0.15591630339622498,7.458373147528619e-05,-1043140.5,459.5
Niklas Stark,DEF,de_Bundesliga,UEFA,-0.1407882273197174,7.458373147528619e-05,-739360.5,363.5
Pascal Stenzel,DEF,de_Bundesliga,UEFA,-0.19570788741111755,7.458373147528619e-05,-415487.75,143.0
Jack Stephens,DEF,eng_Premier_League,UEFA,0.5030873417854309,7.458373147528619e-05,792641.25,149.125
Leonidas Stergiou,DEF,de_Bundesliga,UEFA,-0.17449471354484558,7.458373147528619e-05,-1153862.5,450.5
John Stones,DEF,eng_Premier_League,UEFA,0.6181235313415527,7.458373147528619e-05,9235502.0,1490.0
Álex Suárez,DEF,es_La_Liga,UEFA,-0.1628541797399521,7.458373147528619e-05,-274427.0,115.375
Gabriel Suazo,DEF,fr_Ligue_1,CONMEBOL,-0.2709653973579407,-0.00017713640409056097,-1536983.5,-876.0
Yukinari Sugawara,DEF,eng_Premier_League,AFC,0.7169246077537537,-0.00011175470717716962,4157542.0,-906.5
Niklas Süle,DEF,de_Bundesliga,UEFA,-0.136452317237854,7.458373147528619e-05,-979358.0,498.5
Daniel Svensson,DEF,de_Bundesliga,UEFA,-0.1441795378923416,7.458373147528619e-05,-1669301.0,801.0
Abakar Sylla,DEF,fr_Ligue_1,CAF,-0.23505231738090515,-0.00017713640409056097,-1619653.5,-1084.0
Issiaga Sylla,DEF,fr_Ligue_1,CAF,-0.2328720986843109,-0.00017713640409056097,-375599.125,-254.125
Nicolás Tagliafico,DEF,fr_Ligue_1,CONMEBOL,-0.16756561398506165,-0.00017713640409056097,-783270.0,-761.5
Jonathan Tah,DEF,de_Bundesliga,UEFA,-0.11223569512367249,7.458373147528619e-05,-3930000.0,2462.0
Edmond Tapsoba,DEF,de_Bundesliga,CAF,-0.11269687861204147,-0.00017713640409056097,-4323184.0,-6428.0
James Tarkowski,DEF,eng_Premier_League,UEFA,0.653205394744873,7.458373147528619e-05,3865578.75,599.5
César Tárrega,DEF,es_La_Liga,UEFA,-0.1516253501176834,7.458373147528619e-05,-2271262.0,1032.0
Nuno Tavares,DEF,it_Serie_A,UEFA,-0.1363670825958252,7.458373147528619e-05,-2884266.0,1468.0
Charlie Taylor,DEF,eng_Premier_League,UEFA,0.6409192681312561,4.7054607421159744e-05,950243.25,93.75
Jackson Tchatchoua,DEF,it_Serie_A,CAF,-0.1546027660369873,-0.00017713640409056097,-1132604.0,-1202.0
Enzo Tchato,DEF,fr_Ligue_1,CAF,-0.25409096479415894,-0.00011175470717716962,-833787.0,-321.5
Aurélien Tchouaméni,DEF,es_La_Liga,UEFA,-0.10271432250738144,7.458373147528619e-05,-5114800.0,3520.0
Nahuel Tenaglia,DEF,es_La_Liga,CONMEBOL,-0.17804867029190063,-0.00017713640409056097,-905013.5,-823.5
Filippo Terracciano,DEF,it_Serie_A,UEFA,-0.16869178414344788,7.458373147528619e-05,-681280.0,275.75
Kenny Tete,DEF,eng_Premier_League,UEFA,0.6943119764328003,7.458373147528619e-05,5243954.0,780.0
Jordan Teze,DEF,fr_Ligue_1,UEFA,-0.20224089920520782,7.458373147528619e-05,-1909464.0,633.0
Arthur Theate,DEF,de_Bundesliga,UEFA,-0.11432788521051407,7.458373147528619e-05,-3500534.0,2150.0
Malick Thiaw,DEF,it_Serie_A,UEFA,-0.14304666221141815,7.458373147528619e-05,-2927636.0,1416.0
Luke Thomas,DEF,eng_Premier_League,UEFA,0.6572975516319275,7.458373147528619e-05,2471599.5,381.5
Jurriën Timber,DEF,eng_Premier_League,UEFA,0.5127570629119873,7.458373147528619e-05,15867258.0,2944.0
Jean-Clair Todibo,DEF,eng_Premier_League,UEFA,0.7021957635879517,7.458373147528619e-05,12388570.0,1826.0
John Tolkin,DEF,de_Bundesliga,CONCACAF,-0.16752560436725616,-0.00011175470717716962,-374905.375,-229.375
Rafael Tolói,DEF,it_Serie_A,UEFA,-0.08205150812864304,0.0005132437217980623,-133356.0,800.0
Fikayo Tomori,DEF,it_Serie_A,UEFA,-0.1439123898744583,7.458373147528619e-05,-1731750.0,832.0
Pau Torres,DEF,eng_Premier_League,UEFA,0.7308306097984314,7.458373147528619e-05,14813890.0,2126.0
Conor Townsend,DEF,eng_Premier_League,UEFA,0.48502078652381897,4.7054607421159744e-05,348557.4375,42.375
Hamari Traoré,DEF,es_La_Liga,CAF,-0.15394183993339539,-0.00017713640409056097,-209059.25,-222.875
Omar Traoré,DEF,de_Bundesliga,UEFA,-0.16187521815299988,4.7054607421159744e-05,-701745.0,186.5
Christopher Trimmel,DEF,de_Bundesliga,UEFA,-0.08868525177240372,0.0005132437217980623,-69858.6875,386.4375
Kieran Trippier,DEF,eng_Premier_League,UEFA,0.5975743532180786,0.0005132437217980623,1184317.875,1350.5
Adrien Truffert,DEF,fr_Ligue_1,UEFA,-0.24898697435855865,7.458373147528619e-05,-4049516.0,1065.0
Axel Tuanzebe,DEF,eng_Premier_League,CAF,0.7391767501831055,-0.00017713640409056097,3030739.0,-1029.0
Tuta,DEF,de_Bundesliga,CONMEBOL,-0.12485382705926895,-0.00017713640409056097,-2526354.0,-3370.0
Destiny Udogie,DEF,eng_Premier_League,UEFA,0.7184740304946899,7.458373147528619e-05,14939010.0,2168.0
Lukas Ullrich,DEF,de_Bundesliga,UEFA,-0.14600256085395813,7.458373147528619e-05,-1186444.5,561.5
Dayot Upamecano,DEF,de_Bundesliga,UEFA,-0.11608914285898209,7.458373147528619e-05,-5986584.0,3620.0
Josha Vagnoman,DEF,de_Bundesliga,UEFA,-0.13449208438396454,7.458373147528619e-05,-1409603.0,729.0
Lautaro Valenti,DEF,it_Serie_A,CONMEBOL,-0.19244253635406494,-0.00017713640409056097,-505749.5,-422.75
Nicolás Valentini,DEF,it_Serie_A,CONMEBOL,-0.1684904843568802,-0.00017713640409056097,-730765.75,-706.5
Emanuele Valeri,DEF,it_Serie_A,UEFA,-0.1679634153842926,7.458373147528619e-05,-736500.0,299.5
Martin Valjent,DEF,es_La_Liga,UEFA,-0.15590298175811768,7.458373147528619e-05,-891619.0,393.5
Álex Valle,DEF,it_Serie_A,UEFA,-0.15635189414024353,4.7054607421159744e-05,-1322075.0,365.0
Ignace Van Der Brempt,DEF,it_Serie_A,UEFA,-0.175484761595726,7.458373147528619e-05,-821198.0,318.5
Siebe Van Der Heyden,DEF,de_Bundesliga,UEFA,-0.18900415301322937,7.458373147528619e-05,-594638.0,212.75
Virgil van Dijk,DEF,eng_Premier_League,UEFA,0.47281235456466675,7.458373147528619e-05,6160319.0,1216.0
Vanderson,DEF,fr_Ligue_1,CONMEBOL,-0.21172593533992767,-0.00017713640409056097,-4219096.0,-3174.0
Johan Vásquez,DEF,it_Serie_A,CONCACAF,-0.16504348814487457,-0.00017713640409056097,-1750737.0,-1731.0
Denis Vavro,DEF,de_Bundesliga,UEFA,-0.1523207277059555,7.458373147528619e-05,-1540651.0,696.0
Jesus Vazquez,DEF,es_La_Liga,UEFA,-0.173456072807312,4.7054607421159744e-05,-444675.25,109.75
Lucas Vázquez,DEF,es_La_Liga,UEFA,-0.10476075857877731,7.458373147528619e-05,-417408.5,281.0
Danilo Veiga,DEF,it_Serie_A,UEFA,-0.1630120575428009,7.458373147528619e-05,-234971.625,98.75
Renato Veiga,DEF,it_Serie_A,UEFA,-0.1343550682067871,7.458373147528619e-05,-2901478.0,1500.0
Miloš Veljković,DEF,de_Bundesliga,UEFA,-0.17543597519397736,7.458373147528619e-05,-538518.5,208.75
Joël Veltman,DEF,eng_Premier_League,UEFA,0.547435462474823,7.458373147528619e-05,1473585.625,260.0
Micky van de Ven,DEF,eng_Premier_League,UEFA,0.6906948089599609,7.458373147528619e-05,13801228.0,2058.0
Nikolas Veratschnig,DEF,de_Bundesliga,UEFA,-0.18718859553337097,4.7054607421159744e-05,-342707.875,77.75
Jannik Vestergaard,DEF,eng_Premier_League,UEFA,0.6118335723876953,4.7054607421159744e-05,1133781.375,115.75
Mattia Viti,DEF,it_Serie_A,UEFA,-0.15944789350032806,7.458373147528619e-05,-906459.5,390.0
Daniel Vivian,DEF,es_La_Liga,UEFA,-0.11838735640048981,7.458373147528619e-05,-3739542.0,2214.0
Alessandro Vogliacco,DEF,it_Serie_A,UEFA,-0.18054066598415375,7.458373147528619e-05,-532208.5,200.0
Alessandro Vogliacco,DEF,it_Serie_A,UEFA,-0.19756434857845306,7.458373147528619e-05,-769283.5,262.0
Kevin Vogt,DEF,de_Bundesliga,UEFA,-0.1026635468006134,4.7054607421159744e-05,-106842.875,46.125
Mërgim Vojvoda,DEF,it_Serie_A,UEFA,-0.1696862131357193,7.458373147528619e-05,-448694.25,180.5
Mërgim Vojvoda,DEF,it_Serie_A,UEFA,-0.15068814158439636,7.458373147528619e-05,-681004.5,311.5
Stefan de Vrij,DEF,it_Serie_A,UEFA,-0.11215847730636597,7.458373147528619e-05,-602472.5,377.5
Hauke Wahl,DEF,de_Bundesliga,UEFA,-0.13804614543914795,7.458373147528619e-05,-359323.75,180.5
Kyle Walker,DEF,eng_Premier_League,UEFA,0.6329110860824585,0.0005132437217980623,1532128.5,1675.75
Kyle Walker,DEF,it_Serie_A,UEFA,-0.09789769351482391,0.0005132437217980623,-309712.25,1544.75
Kyle Walker-Peters,DEF,eng_Premier_League,UEFA,0.6744898557662964,7.458373147528619e-05,5233034.5,793.0
Sebastian Walukiewicz,DEF,it_Serie_A,UEFA,-0.16709518432617188,7.458373147528619e-05,-737602.5,301.5
Aaron Wan-Bissaka,DEF,eng_Premier_League,UEFA,0.655159592628479,7.458373147528619e-05,12050892.0,1866.0
Timothy Weah,DEF,it_Serie_A,CONCACAF,-0.14142072200775146,-0.00017713640409056097,-2584158.0,-3016.0
Adam Webster,DEF,eng_Premier_League,UEFA,0.6173465847969055,7.458373147528619e-05,5600528.0,904.0
Mitchell Weiser,DEF,de_Bundesliga,UEFA,-0.12752941250801086,7.458373147528619e-05,-549832.0,300.5
Welington,DEF,eng_Premier_League,CONMEBOL,0.6132239699363708,-0.00011175470717716962,1675732.5,-408.0
Ben White,DEF,eng_Premier_League,UEFA,0.7434131503105164,7.458373147528619e-05,10929996.0,1550.0
Silvan Widmer,DEF,de_Bundesliga,UEFA,-0.16795502603054047,7.458373147528619e-05,-290946.5,118.375
Mats Wieffer,DEF,eng_Premier_League,UEFA,0.6906070113182068,7.458373147528619e-05,11709840.0,1746.0
Caleb Wiley,DEF,fr_Ligue_1,CONCACAF,-0.20347385108470917,-0.00011175470717716962,-1591846.0,-787.5
Neco Williams,DEF,eng_Premier_League,UEFA,0.5921024084091187,7.458373147528619e-05,12665568.0,2108.0
Axel Witsel,DEF,es_La_Liga,UEFA,-0.07535668462514877,0.0005132437217980623,-146867.875,962.5
Maximilian Wittek,DEF,de_Bundesliga,UEFA,-0.15484684705734253,4.7054607421159744e-05,-293045.625,81.75
Marius Wolf,DEF,de_Bundesliga,UEFA,-0.14696356654167175,7.458373147528619e-05,-484588.75,227.75
Christopher Wooh,DEF,fr_Ligue_1,CAF,-0.26151329278945923,-0.00017713640409056097,-2562339.0,-1520.0
Luke Woolfenden,DEF,eng_Premier_League,UEFA,0.6593407392501831,4.7054607421159744e-05,1513952.875,146.5
Leny Yoro,DEF,eng_Premier_League,UEFA,0.7080310583114624,7.458373147528619e-05,19144878.0,2804.0
Ashley Young,DEF,eng_Premier_League,UEFA,0.36964908242225647,0.0016317424597218633,209946.75,1107.6875
Etienne Youte Kinkoue,DEF,fr_Ligue_1,UEFA,-0.22530604898929596,7.458373147528619e-05,-1573621.0,463.0
Illia Zabarnyi,DEF,eng_Premier_League,UEFA,0.5407187938690186,7.458373147528619e-05,18848758.0,3360.0
Nicola Zalewski,DEF,it_Serie_A,UEFA,-0.17036759853363037,7.458373147528619e-05,-1148331.0,459.5
Nicola Zalewski,DEF,it_Serie_A,UEFA,-0.14114029705524445,7.458373147528619e-05,-1746233.0,857.0
Gabriele Zappa,DEF,it_Serie_A,UEFA,-0.16407662630081177,7.458373147528619e-05,-1228678.5,512.5
Davide Zappacosta,DEF,it_Serie_A,UEFA,-0.1072482168674469,7.458373147528619e-05,-616234.5,405.0
David Zec,DEF,de_Bundesliga,UEFA,-0.17851801216602325,7.458373147528619e-05,-792731.5,301.75
Jordan Zemura,DEF,it_Serie_A,CAF,-0.18552882969379425,-0.00017713640409056097,-545516.25,-474.75
Alessio Zerbin,DEF,it_Serie_A,UEFA,-0.16568078100681305,7.458373147528619e-05,-565214.75,233.25
Cedric Zesiger,DEF,de_Bundesliga,UEFA,-0.16188287734985352,7.458373147528619e-05,-1082422.0,458.0
Cedric Zesiger,DEF,de_Bundesliga,UEFA,-0.1796347200870514,4.7054607421159744e-05,-766072.25,182.0
Nathan Zeze,DEF,fr_Ligue_1,UEFA,-0.2232315093278885,7.458373147528619e-05,-2901292.0,863.0
Oleksandr Zinchenko,DEF,eng_Premier_League,UEFA,0.7014856934547424,7.458373147528619e-05,7520340.5,1110.0
Luck Zogbé,DEF,fr_Ligue_1,CAF,-0.25623762607574463,-0.00011175470717716962,-671821.0,-256.75
Nadir Zortea,DEF,it_Serie_A,UEFA,-0.15921013057231903,7.458373147528619e-05,-972391.0,419.0
Yanis Zouaoui,DEF,fr_Ligue_1,CAF,-0.3075731098651886,-0.00011175470717716962,-527345.75,-163.5
Igor Zubeldia,DEF,es_La_Liga,UEFA,-0.16135866940021515,7.458373147528619e-05,-1974249.0,839.0
Julen Agirrezabala,GK,es_La_Liga,UEFA,-0.06088556298416134,0.0,-630751.532226719,0.0
Alisson,GK,eng_Premier_League,CONMEBOL,0.24700742241001758,0.0,4218596.215658031,0.0
Alphonse Areola,GK,eng_Premier_League,UEFA,0.37179321935533166,0.0,1926308.409675439,0.0
Kepa Arrizabalaga,GK,eng_Premier_League,UEFA,0.32174044410281943,0.0,3125889.883537203,0.0
Noah Atubolu,GK,de_Bundesliga,UEFA,-0.07852470118799443,0.0,-1124934.9248019066,0.0
Emil Audero,GK,it_Serie_A,AFC,-0.09770369986359519,0.0,-191910.32970761042,0.0
Augusto Batalla,GK,es_La_Liga,CONMEBOL,-0.08676637387333558,0.0,-763571.7747329716,0.0
Oliver Baumann,GK,de_Bundesliga,UEFA,-0.08039571082421368,0.0,-127686.37371397088,0.0
Altay Bayındır,GK,eng_Premier_League,UEFA,0.4383893828815803,0.0,1368861.0165323736,0.0
Dimitry Bertaud,GK,fr_Ligue_1,CAF,-0.096574664823499,0.0,-101377.91804048605,0.0
Marco Bizot,GK,fr_Ligue_1,UEFA,-0.08687847948454394,0.0,-231487.27541826945,0.0
Jean Butez,GK,it_Serie_A,UEFA,-0.07306481989407689,0.0,-401990.2858364675,0.0
Marcin Bułka,GK,fr_Ligue_1,UEFA,-0.06618756481492927,0.0,-1503719.961592026,0.0
Elia Caprile,GK,it_Serie_A,UEFA,-0.07095238482848282,0.0,-653364.989743378,0.0
Elia Caprile,GK,it_Serie_A,UEFA,-0.05724296914622228,0.0,-443836.67322131153,0.0
Dani Cárdenas,GK,es_La_Liga,UEFA,-0.08042263706554452,0.0,-122508.17987105995,0.0
Patrik Carlgren,GK,fr_Ligue_1,UEFA,-0.10074043200127594,0.0,-57182.47676259279,0.0
Marco Carnesecchi,GK,it_Serie_A,UEFA,-0.05512562644337357,0.0,-1318925.2505129054,0.0
Lucas Chevalier,GK,fr_Ligue_1,UEFA,-0.05437966443833799,0.0,-1587847.6140068583,0.0
Jasper Cillessen,GK,es_La_Liga,UEFA,-0.07714364689789571,0.0,-65157.77821695653,0.0
Diego Conde,GK,es_La_Liga,UEFA,-0.0797859113113895,0.0,-822486.8774580993,0.0
Thibaut Courtois,GK,es_La_Liga,UEFA,-0.06561887993792685,0.0,-1085210.6780744828,0.0
Finn Dahmen,GK,de_Bundesliga,UEFA,-0.07207181107252818,0.0,-434923.085487769,0.0
Thomas Dähne,GK,de_Bundesliga,UEFA,-0.11665944017220066,0.0,-73969.82667423342,0.0
Arthur Desmas,GK,fr_Ligue_1,UEFA,-0.09269558052727359,0.0,-151712.10078702518,0.0
Michele Di Gregorio,GK,it_Serie_A,UEFA,-0.057128060156830446,0.0,-966843.1342462786,0.0
Stole Dimitrievski,GK,es_La_Liga,UEFA,-0.09952142766024442,0.0,-139486.26675471175,0.0
Yehvann Diouf,GK,fr_Ligue_1,CAF,-0.07004933463724687,0.0,-835839.4332811348,0.0
Marko Dmitrović,GK,es_La_Liga,UEFA,-0.10550856449224157,0.0,-98968.31574226054,0.0
Gianluigi Donnarumma,GK,fr_Ligue_1,UEFA,-0.052757254143470426,0.0,-1225826.2843189128,0.0
Patrick Drewes,GK,de_Bundesliga,UEFA,-0.12152453819953957,0.0,-123907.87894252839,0.0
Martin Dúbravka,GK,eng_Premier_League,UEFA,0.2879508684816931,0.0,351043.0781362639,0.0
Ederson,GK,eng_Premier_League,CONMEBOL,0.22776831716200727,0.0,4188998.1045016907,0.0
Łukasz Fabiański,GK,eng_Premier_League,UEFA,0.33486779523133003,0.0,238615.9147991424,0.0
Wladimiro Falcone,GK,it_Serie_A,UEFA,-0.10191022149300186,0.0,-323941.8801595601,0.0
André Ferreira,GK,es_La_Liga,UEFA,-0.098228730139365,0.0,-75650.6985818547,0.0
Mark Flekken,GK,eng_Premier_League,UEFA,0.34056564669876244,0.0,3106280.712219228,0.0
Yahia Fofana,GK,fr_Ligue_1,CAF,-0.0815789341111949,0.0,-667527.2829949381,0.0
Fraser Forster,GK,eng_Premier_League,UEFA,0.33527704536246816,0.0,226207.23506336485,0.0
Joan García,GK,es_La_Liga,UEFA,-0.07007429277744641,0.0,-999397.5975824799,0.0
Paulo Gazzaniga,GK,es_La_Liga,CONMEBOL,-0.08472655599139736,0.0,-238358.03122825874,0.0
David de Gea,GK,it_Serie_A,UEFA,-0.06176745965724891,0.0,-289750.4869729364,0.0
Pierluigi Gollini,GK,it_Serie_A,UEFA,-0.0955517435808781,0.0,-102241.14214186987,0.0
Mathieu Gorgelin,GK,fr_Ligue_1,UEFA,-0.09368942307017304,0.0,-45052.38114881795,0.0
Kamil Grabara,GK,de_Bundesliga,UEFA,-0.0866429377499113,0.0,-1069016.1307872403,0.0
Dominik Greif,GK,es_La_Liga,UEFA,-0.0723552237692592,0.0,-516706.56479484495,0.0
Vicente Guaita,GK,es_La_Liga,UEFA,-0.08425044315708696,0.0,-112464.06755828229,0.0
Péter Gulácsi,GK,de_Bundesliga,UEFA,-0.08345906278104274,0.0,-154008.55063627963,0.0
Kjetil Haug,GK,fr_Ligue_1,UEFA,-0.09940042109413379,0.0,-93157.10486944253,0.0
Dean Henderson,GK,eng_Premier_League,UEFA,0.3792224751031319,0.0,6017769.356946938,0.0
Mads Hermansen,GK,eng_Premier_League,UEFA,0.3496042656186455,0.0,3310157.283239085,0.0
Sergio Herrera,GK,es_La_Liga,UEFA,-0.08734814810197886,0.0,-405582.80000028666,0.0
Timo Horn,GK,de_Bundesliga,UEFA,-0.12246639500338906,0.0,-136745.22381596314,0.0
Lukáš Hrádecký,GK,de_Bundesliga,UEFA,-0.06506586905673847,0.0,-137107.05371694057,0.0
Karl-Johan Johnsson,GK,fr_Ligue_1,UEFA,-0.08057154280645994,0.0,-39306.810298709956,0.0
Sam Johnstone,GK,eng_Premier_League,UEFA,0.45946144831607844,0.0,1237869.8184946934,0.0
Jesse Joronen,GK,it_Serie_A,UEFA,-0.11334162118053757,0.0,-79336.11137026455,0.0
Filip Jørgensen,GK,eng_Premier_League,UEFA,0.3299415550538041,0.0,3227661.8112228615,0.0
Caoimhín Kelleher,GK,eng_Premier_League,UEFA,0.3179729293133068,0.0,4433095.73041266,0.0
Antonín Kinský,GK,eng_Premier_League,UEFA,0.3194556706471132,0.0,3033660.6057691444,0.0
Gregor Kobel,GK,de_Bundesliga,UEFA,-0.06838998451176947,0.0,-1874498.4538619444,0.0
Hervé Koffi,GK,fr_Ligue_1,CAF,-0.09698273204654978,0.0,-118134.764881721,0.0
Philipp Köhn,GK,fr_Ligue_1,UEFA,-0.06310542500841314,0.0,-538507.3963627815,0.0
Matej Kovar,GK,de_Bundesliga,UEFA,-0.06373717764541303,0.0,-362418.0067236675,0.0
Nediljko Labrović,GK,de_Bundesliga,UEFA,-0.10881030950006391,0.0,-307792.0830190871,0.0
Alban Lafont,GK,fr_Ligue_1,UEFA,-0.08281218819609026,0.0,-269398.7428679117,0.0
Gautier Larsonneur,GK,fr_Ligue_1,UEFA,-0.10237973159159361,0.0,-442197.0660055601,0.0
Nicola Leali,GK,it_Serie_A,UEFA,-0.08938531473244762,0.0,-175757.87291172962,0.0
Benjamin Lecomte,GK,fr_Ligue_1,UEFA,-0.09070017313091444,0.0,-102604.04285688233,0.0
Bernd Leno,GK,eng_Premier_League,UEFA,0.37958004210774043,0.0,3263180.8824718026,0.0
Donovan Léon,GK,fr_Ligue_1,CONMEBOL,-0.10974676595136691,0.0,-239144.00855763536,0.0
Anthony Lopes,GK,fr_Ligue_1,UEFA,-0.0806762777090533,0.0,-83010.50409164955,0.0
Joe Lumley,GK,eng_Premier_League,UEFA,0.33860718295387454,0.0,407188.1089477383,0.0
Andriy Lunin,GK,es_La_Liga,UEFA,-0.062124812865603264,0.0,-880772.2838569712,0.0
Mike Maignan,GK,it_Serie_A,UEFA,-0.05634625926675005,0.0,-1254944.207649283,0.0
Radosław Majecki,GK,fr_Ligue_1,UEFA,-0.08118068308265258,0.0,-513315.1642994005,0.0
Giorgi Mamardashvili,GK,es_La_Liga,UEFA,-0.0649833507316161,0.0,-1236086.1473417692,0.0
Steve Mandanda,GK,fr_Ligue_1,UEFA,-0.08545007450970585,0.0,-61815.9553514272,0.0
Christos Mandas,GK,it_Serie_A,UEFA,-0.0649913469951297,0.0,-534838.2259504087,0.0
Emiliano Martínez,GK,eng_Premier_League,CONMEBOL,0.32271681372068933,0.0,4606288.146292977,0.0
Josep Martinez,GK,it_Serie_A,UEFA,-0.0645159805940485,0.0,-597620.7346410807,0.0
Alex McCarthy,GK,eng_Premier_League,UEFA,0.3257074520699515,0.0,183575.17436761013,0.0
Alex Meret,GK,it_Serie_A,UEFA,-0.05584472024476745,0.0,-1228050.4483766519,0.0
Vanja Milinković-Savić,GK,it_Serie_A,UEFA,-0.06613649765180786,0.0,-765763.4286973011,0.0
Lorenzo Montipò,GK,it_Serie_A,UEFA,-0.10484536431335559,0.0,-307431.92983843293,0.0
Florian Müller,GK,de_Bundesliga,UEFA,-0.12037131750414241,0.0,-158593.08828737447,0.0
Kevin Müller,GK,de_Bundesliga,UEFA,-0.10955455961216487,0.0,-140018.7661981252,0.0
Marius Müller,GK,de_Bundesliga,UEFA,-0.08745103740113679,0.0,-113293.82144484669,0.0
Arijanet Muric,GK,eng_Premier_League,UEFA,0.3497606450235461,0.0,1530861.9521671254,0.0
Manuel Neuer,GK,de_Bundesliga,UEFA,-0.05415653052574964,0.0,-207765.11579083698,0.0
Moritz Nicolas,GK,de_Bundesliga,UEFA,-0.08624846738563127,0.0,-508400.1050144993,0.0
Alexander Nübel,GK,de_Bundesliga,UEFA,-0.07884441028681785,0.0,-1027493.1879017632,0.0
Ørjan Nyland,GK,es_La_Liga,UEFA,-0.08884195109745117,0.0,-102401.2458670896,0.0
Jan Oblak,GK,es_La_Liga,UEFA,-0.06053287206612836,0.0,-1066142.1990930885,0.0
Maduka Okoye,GK,it_Serie_A,CAF,-0.07560244406344344,0.0,-540862.7996442141,0.0
Jonas Omlin,GK,de_Bundesliga,UEFA,-0.0998994638595138,0.0,-206845.18935670494,0.0
André Onana,GK,eng_Premier_League,CAF,0.35479183604043235,0.0,5437308.14593222,0.0
Stefan Ortega,GK,eng_Premier_League,UEFA,0.39757588404171573,0.0,1696912.2466001473,0.0
Jesús Owono,GK,es_La_Liga,CAF,-0.09809971720436157,0.0,-110191.36786506209,0.0
Alex Padilla,GK,es_La_Liga,UEFA,-0.08770115558926989,0.0,-285341.7644101004,0.0
Rui Patrício,GK,it_Serie_A,UEFA,-0.06154282347672177,0.0,-63399.99658144254,0.0
Iñaki Peña,GK,es_La_Liga,UEFA,-0.07524111241739553,0.0,-772471.8437501173,0.0
Daniel Peretz,GK,de_Bundesliga,UEFA,-0.07610981693191447,0.0,-241420.85849426547,0.0
Mattia Perin,GK,it_Serie_A,UEFA,-0.08000151047335795,0.0,-234448.65736768115,0.0
Lucas Perri,GK,fr_Ligue_1,CONMEBOL,-0.07318934749041578,0.0,-1159252.1995025463,0.0
Luca Philipp,GK,de_Bundesliga,UEFA,-0.10594725756438522,0.0,-109631.03200393915,0.0
Jordan Pickford,GK,eng_Premier_League,UEFA,0.3691342778481333,0.0,4596174.82198913,0.0
Semuel Pizzignacco,GK,it_Serie_A,UEFA,-0.10081269576999001,0.0,-131248.86707587028,0.0
Nick Pope,GK,eng_Premier_League,UEFA,0.32085869610204165,0.0,2543652.3290570276,0.0
Ivan Provedel,GK,it_Serie_A,UEFA,-0.08798818674878073,0.0,-365779.022912459,0.0
Ionuț Radu,GK,it_Serie_A,UEFA,-0.09007709942881652,0.0,-291620.43020302337,0.0
Aaron Ramsdale,GK,eng_Premier_League,UEFA,0.40105269958577383,0.0,3845283.3827324007,0.0
Federico Ravaglia,GK,it_Serie_A,UEFA,-0.09718667578505681,0.0,-213983.55648551486,0.0
David Raya,GK,eng_Premier_League,UEFA,0.2473691753125076,0.0,6059403.402053032,0.0
Pepe Reina,GK,it_Serie_A,UEFA,-0.08815739689766972,0.0,-57122.0052469963,0.0
Álex Remiro,GK,es_La_Liga,UEFA,-0.07767794863825686,0.0,-984242.3075237237,0.0
Guillaume Restes,GK,fr_Ligue_1,UEFA,-0.06654229750154139,0.0,-1190565.6859899983,0.0
Leo Román,GK,es_La_Liga,UEFA,-0.09638423088874432,0.0,-375447.4032244929,0.0
Gerónimo Rulli,GK,fr_Ligue_1,CONMEBOL,-0.07763847223297492,0.0,-870295.165474236,0.0
Mathew Ryan,GK,fr_Ligue_1,AFC,-0.09384094974464313,0.0,-286387.1095227762,0.0
Frederik Rønnow,GK,de_Bundesliga,UEFA,-0.10199520930343037,0.0,-283466.45117306383,0.0
José Sá,GK,eng_Premier_League,UEFA,0.4305705483593939,0.0,2333650.385300666,0.0
Matvei Safonov,GK,fr_Ligue_1,UEFA,-0.058180183559407066,0.0,-1001380.0338009354,0.0
Brice Samba,GK,fr_Ligue_1,UEFA,-0.07801538709680028,0.0,-644552.6205341294,0.0
Brice Samba,GK,fr_Ligue_1,UEFA,-0.06219739611069374,0.0,-712641.9290659763,0.0
Robert Sánchez,GK,eng_Premier_League,UEFA,0.22760741666179934,0.0,4357757.896072343,0.0
Kauã Santos,GK,de_Bundesliga,CONMEBOL,-0.0964513148178124,0.0,-603929.024472964,0.0
Razvan Sava,GK,it_Serie_A,UEFA,-0.08386952750911315,0.0,-357925.1505510262,0.0
Alexander Schwolow,GK,de_Bundesliga,UEFA,-0.1170113781418513,0.0,-77511.18535843212,0.0
Simone Scuffet,GK,it_Serie_A,UEFA,-0.0872089058446335,0.0,-147089.95501644374,0.0
Matz Sels,GK,eng_Premier_League,UEFA,0.38390149093199893,0.0,1539919.3298904588,0.0
Alen Sherri,GK,it_Serie_A,UEFA,-0.10233614534847328,0.0,-129485.41493112454,0.0
Rui Silva,GK,es_La_Liga,UEFA,-0.07596051528031632,0.0,-485223.093461439,0.0
Marco Silvestri,GK,it_Serie_A,UEFA,-0.09932289037141566,0.0,-55427.43712073937,0.0
Unai Simón,GK,es_La_Liga,UEFA,-0.05500920335522827,0.0,-1034344.0596417971,0.0
Antonio Sivera,GK,es_La_Liga,UEFA,-0.09114690699315399,0.0,-534954.3522231346,0.0
Yann Sommer,GK,it_Serie_A,UEFA,-0.05137810926473421,0.0,-182117.07033262122,0.0
David Soria,GK,es_La_Liga,UEFA,-0.08695087606946969,0.0,-373190.70482143573,0.0
Juan Soriano,GK,es_La_Liga,UEFA,-0.0981741353698977,0.0,-115753.42457592813,0.0
Filip Stankovic,GK,it_Serie_A,UEFA,-0.0757252518345101,0.0,-388329.5396814812,0.0
Zion Suzuki,GK,it_Serie_A,AFC,-0.07206305747550051,0.0,-1041992.3274863772,0.0
Mile Svilar,GK,it_Serie_A,UEFA,-0.05300208614042055,0.0,-1346628.7509937845,0.0
Wojciech Szczęsny,GK,es_La_Liga,UEFA,-0.057316854508608024,0.0,-94727.2371155317,0.0
Marc-André ter Stegen,GK,es_La_Liga,UEFA,-0.07312382437442158,0.0,-553711.4944697963,0.0
Pietro Terracciano,GK,it_Serie_A,UEFA,-0.06615202201090124,0.0,-50246.28931798076,0.0
Kevin Trapp,GK,de_Bundesliga,UEFA,-0.06558696075162682,0.0,-153009.0807546759,0.0
Mark Travers,GK,eng_Premier_League,UEFA,0.25448435030206373,0.0,1100701.9607473817,0.0
Stefano Turati,GK,it_Serie_A,UEFA,-0.07439628773631496,0.0,-550020.3638263848,0.0
Jonas Urbig,GK,de_Bundesliga,UEFA,-0.0737608879115612,0.0,-773216.41667247,0.0
Maarten Vandevoordt,GK,de_Bundesliga,UEFA,-0.08089183259503706,0.0,-452306.3511497155,0.0
Nikola Vasilj,GK,de_Bundesliga,UEFA,-0.09540210976673497,0.0,-454698.0551367877,0.0
Devis Vásquez,GK,it_Serie_A,CONMEBOL,-0.09937204431239481,0.0,-231074.96177612012,0.0
Bart Verbruggen,GK,eng_Premier_League,UEFA,0.31805468039442614,0.0,6399979.7112954,0.0
Guglielmo Vicario,GK,eng_Premier_League,UEFA,0.31573616116895314,0.0,6114411.804517621,0.0
Fran Vieites,GK,es_La_Liga,UEFA,-0.10163556673934053,0.0,-92175.3573760346,0.0
Iván Villar,GK,es_La_Liga,UEFA,-0.09144595561296175,0.0,-118455.98310610605,0.0
Timon Weiner,GK,de_Bundesliga,UEFA,-0.10905455970625139,0.0,-157285.07175580063,0.0
Robin Zentner,GK,de_Bundesliga,UEFA,-0.11213319581076964,0.0,-575475.4893782297,0.0
Michael Zetterer,GK,de_Bundesliga,UEFA,-0.09947037520757665,0.0,-751466.9844355257,0.0
